2521.31 223.531 21.0856 0.0500000 20.7941 0.0310000 20.6934 0.0350000     10.5382   0.0562060
1738.13 310.017 17.8876 0.0380000 17.6211 0.0320000 17.4154 0.0370000     7.16208    0.291543
2302.04 355.920 22.5656 0.0370000 22.1921 0.0300000 22.0514 0.0280000     14.1103   0.0321600
3219.76 384.640 16.6946 0.0640000 16.6531 0.0520000 16.4444 0.0170000   -0.373657    0.274078
2687.84 434.846 23.3576 0.0350000 23.1521 0.0370000 23.0054 0.0370000     11.5981   0.0146638
2225.26 457.513 22.2096 0.0310000 22.2281 0.0240000 22.0944 0.0310000     4.22214   0.0139527
1463.87 483.158 20.2946 0.0420000 20.1781 0.0340000 20.1124 0.0320000     4.68253   0.0497250
3354.37 487.954 19.0036 0.0280000 18.7161 0.0230000 18.6284 0.0280000     9.34310    0.171107
2815.92 565.064 20.1126 0.0370000 19.8061 0.0220000 19.6664 0.0310000     10.6929    0.101640
2024.34 629.125 22.0826 0.0410000 21.3251 0.0240000 20.9664 0.0320000     25.7977    0.146333
1714.56 648.880 24.4246 0.0490000 23.4201 0.0360000 22.9094 0.0390000     34.7439   0.0844900
3936.45 806.532 18.0396 0.0400000 17.7311 0.0340000 17.6744 0.0170000     8.44308    0.307826
1997.31 870.754 25.1516 0.0860000 23.9121 0.0350000 23.2344 0.0360000     42.6108    0.127090
2589.50 879.386 16.9696 0.0420000 16.7701 0.0290000 16.5834 0.0350000     3.99631    0.398539
1666.76 900.476 24.4536 0.0400000 24.1241 0.0390000 23.9504 0.0440000     16.7526   0.0128694
1433.46 901.812 22.8566 0.0470000 22.7971 0.0340000 22.6644 0.0430000     7.36582   0.0130256
2198.97 915.202 17.7996 0.0380000 17.6711 0.0310000 17.5254 0.0210000     3.66366    0.190781
1350.43 941.836 23.6776 0.0470000 23.2041 0.0280000 22.9054 0.0360000     18.1800   0.0246041
3610.22 951.491 22.5646 0.0240000 22.4131 0.0200000 22.3554 0.0270000     8.51681   0.0175920
1829.26 1002.18 17.6246 0.0140000 17.4811 0.0230000 17.4124 0.0240000     3.82772    0.220449
1648.69 1080.62 16.4556 0.0760000 16.3111 0.0640000 16.2024 0.0290000     1.94461    0.459678
3649.65 1089.94 21.8216 0.0330000 21.8651 0.0200000 21.7234 0.0350000     2.78868   0.0151442
2515.79 1098.97 25.0266 0.0680000 24.3371 0.0370000 24.1314 0.0390000     25.7492   0.0233950
5120.24 1110.62 21.5446 0.0390000 21.2071 0.0330000 21.0564 0.0240000     12.2809   0.0505327
5438.15 1119.67 20.0146 0.0320000 19.7931 0.0230000 19.6924 0.0220000     7.75263   0.0787238
1373.02 1152.56 20.5436 0.0160000 20.4501 0.0110000 20.3814 0.0230000     4.12726   0.0411032
2221.01 1164.15 16.4166 0.0700000 15.8561 0.0470000 15.4444 0.0350000     0.00000     0.00000
4702.42 1168.48 22.4566 0.0250000 22.1761 0.0300000 22.0624 0.0270000     11.3974   0.0258779
1780.91 1191.26 20.2226 0.0270000 19.7451 0.0220000 19.5504 0.0320000     15.9771    0.162880
3651.23 1214.40 17.4366 0.0420000 17.2681 0.0180000 17.0854 0.0230000     4.01829    0.273084
1711.59 1229.03 22.7476 0.0200000 22.3031 0.0150000 22.0644 0.0230000     16.3642   0.0372816
1607.87 1235.95 17.8816 0.0300000 17.5031 0.0210000 17.3754 0.0190000     10.0674    0.437363
2578.61 1263.49 20.3506 0.0180000 20.1731 0.0240000 20.0864 0.0280000     6.54651   0.0584039
2770.90 1304.84 19.2066 0.0330000 19.0211 0.0260000 18.9794 0.0190000     6.37790    0.115898
5247.89 1329.55 19.4876 0.0320000 19.3351 0.0280000 19.2844 0.0170000     5.36452   0.0845509
2047.40 1334.87 17.3366 0.0380000 17.2221 0.0230000 17.1394 0.0160000     2.58566    0.239428
3130.55 1339.91 23.3896 0.0340000 23.0961 0.0240000 22.9244 0.0150000     13.4195   0.0175769
4184.00 1340.27 19.8796 0.0270000 19.8931 0.0170000 19.6944 0.0300000    0.410124   0.0420988
1412.57 1341.38 23.7596 0.0410000 23.4671 0.0390000 23.3294 0.0250000     14.3530   0.0151978
4492.37 1343.46 22.4626 0.0360000 22.1581 0.0260000 21.9644 0.0310000     12.0604   0.0275244
3821.19 1367.49 20.3216 0.0330000 20.1391 0.0170000 19.9714 0.0140000     6.67193   0.0601215
4225.14 1385.98 24.5996 0.0420000 24.5681 0.0280000 24.3664 0.0430000     0.00000     0.00000
3545.83 1398.02 19.5466 0.0360000 19.3401 0.0220000 19.1914 0.0160000     7.25393    0.100715
2523.29 1411.36 24.9726 0.0610000 24.4651 0.0320000 24.2304 0.0430000     21.6830   0.0154037
2124.11 1445.48 15.4896 0.0830000 15.3831 0.0620000 15.1744 0.0250000    0.873258    0.825078
1965.41 1516.71 21.8926 0.0260000 21.3671 0.0290000 21.1564 0.0180000     18.2707   0.0741625
4956.33 1540.84 20.0576 0.0300000 19.8481 0.0220000 19.7064 0.0170000     7.37222   0.0743313
3512.26 1548.30 24.9326 0.0330000 24.5621 0.0320000 24.4084 0.0430000     18.7283   0.0117220
4929.96 1562.69 24.5196 0.0400000 24.5701 0.0350000 24.2674 0.0450000     0.00000     0.00000
4177.22 1565.46 25.1966 0.0580000 24.9431 0.0310000 24.6584 0.0630000     0.00000     0.00000
1637.63 1567.00 21.8086 0.0340000 21.3751 0.0230000 21.2074 0.0140000     15.3537   0.0591414
1671.11 1588.32 16.3606 0.0680000 15.9481 0.0350000 16.0644 0.0600000     0.00000     0.00000
5419.71 1611.40 19.4416 0.0170000 19.3201 0.0180000 19.2264 0.0190000     4.30605   0.0784769
1194.22 1653.12 20.1496 0.0330000 20.0341 0.0260000 19.9404 0.0180000     4.53716   0.0537428
1428.41 1660.55 18.6136 0.0160000 18.5001 0.0170000 18.3624 0.0270000     3.77286    0.128131
1548.66 1710.73 17.9736 0.0220000 17.7701 0.0170000 17.6924 0.0260000     5.89957    0.220227
1732.09 1721.48 20.9226 0.0230000 20.8561 0.0180000 20.7904 0.0230000     3.65388   0.0295199
1760.55 1773.98 19.1086 0.0160000 18.8871 0.0170000 18.7734 0.0240000     7.40619    0.137217
1024.78 1838.75 17.5336 0.0270000 17.1851 0.0290000 17.0324 0.0190000     8.89971    0.492572
2261.04 1844.49 17.3126 0.0260000 17.1641 0.0130000 16.9584 0.0250000     3.31225    0.274373
5240.19 1881.35 21.8476 0.0280000 21.5611 0.0250000 21.4494 0.0190000     10.9289   0.0369395
1450.51 1896.51 16.2826 0.0670000 16.1291 0.0480000 16.2124 0.0380000     2.12959    0.540695
3295.83 1958.49 22.6116 0.0410000 22.5641 0.0300000 22.4544 0.0300000     6.54373   0.0138593
761.334 2044.40 20.0576 0.0260000 19.7871 0.0410000 19.6474 0.0350000     9.43362   0.0900196
4903.55 2047.28 17.4556 0.0290000 17.2941 0.0180000 17.2424 0.0210000     3.89706    0.263667
3458.83 2051.40 20.9896 0.0190000 20.5591 0.0130000 20.3744 0.0190000     14.9508   0.0897669
1036.19 2068.69 20.3456 0.0370000 19.9971 0.0350000 19.8664 0.0200000     12.1341    0.102358
1375.56 2103.23 21.9316 0.0280000 21.5871 0.0290000 21.4034 0.0260000     12.7413   0.0425934
4240.00 2132.60 24.2846 0.0400000 24.0181 0.0220000 23.7764 0.0440000     15.0361   0.0119383
2522.19 2141.81 24.3256 0.0390000 23.8431 0.0320000 23.5724 0.0290000     19.5274   0.0185828
5424.69 2201.49 19.3906 0.0270000 19.1691 0.0210000 19.1034 0.0240000     7.60230    0.117607
1913.20 2214.25 17.0066 0.0490000 16.8741 0.0380000 16.5894 0.0290000     2.35311    0.310601
936.250 2218.06 17.7016 0.0230000 17.4351 0.0330000 17.3684 0.0290000     6.84628    0.327414
2192.62 2237.95 20.8226 0.0200000 20.7131 0.0220000 20.6104 0.0260000     4.82584   0.0369312
1582.60 2244.99 19.1976 0.0390000 19.0381 0.0310000 18.8794 0.0280000     5.57992    0.106051
4247.53 2246.91 18.3176 0.0190000 18.0191 0.0160000 17.8344 0.0120000     8.75912    0.252860
4330.28 2257.14 19.3086 0.0310000 19.0961 0.0230000 18.9344 0.0210000     7.27116    0.119683
4360.43 2285.91 23.7296 0.0290000 23.3271 0.0180000 23.1494 0.0200000     16.4273   0.0194219
2096.51 2312.82 23.2706 0.0340000 22.8791 0.0290000 22.7144 0.0270000     15.4366   0.0237620
5052.40 2357.77 19.6836 0.0210000 19.3271 0.0210000 19.2444 0.0170000     11.9173    0.151616
4432.50 2368.96 22.0846 0.0270000 21.6921 0.0190000 21.4944 0.0200000     14.3187   0.0454144
4440.72 2456.50 19.3926 0.0140000 19.0051 0.0240000 18.8344 0.0250000     12.6591    0.184342
3902.54 2493.36 18.1016 0.0350000 17.9911 0.0250000 17.9504 0.0130000     3.32550    0.162528
5102.40 2589.45 19.1736 0.0230000 18.8931 0.0200000 18.7574 0.0190000     9.24820    0.156466
4023.53 2608.01 19.1816 0.0290000 19.0141 0.0400000 18.8614 0.0280000     5.81235    0.110385
1954.66 2621.14 17.0026 0.0260000 16.9981 0.0360000 16.7564 0.0230000   -0.666921    0.196250
4029.95 2626.93 15.7556 0.0700000 15.1601 0.0270000 15.1334 0.0300000     0.00000     0.00000
3292.30 2628.43 23.7806 0.0480000 23.1771 0.0200000 22.8864 0.0220000     21.9418   0.0347824
4587.55 2656.38 21.5296 0.0210000 21.1321 0.0290000 21.0134 0.0210000     14.0568   0.0613219
1966.25 2685.48 21.3186 0.0220000 21.2251 0.0180000 21.1364 0.0180000     4.88145   0.0265548
5004.66 2687.56 20.0636 0.0170000 19.9081 0.0210000 19.7674 0.0230000     5.66244   0.0633717
947.532 2698.14 17.4286 0.0350000 17.2591 0.0240000 17.1334 0.0170000     4.02493    0.275265
4884.40 2701.31 21.6146 0.0260000 21.5551 0.0130000 21.4674 0.0190000     4.31918   0.0204538
4266.08 2712.86 17.2846 0.0320000 17.0311 0.0370000 16.7594 0.0140000     5.86181    0.398091
4957.57 2718.21 20.8726 0.0210000 20.4451 0.0220000 20.3024 0.0200000     14.8723   0.0972775
4000.78 2720.39 17.4546 0.0340000 17.1751 0.0180000 16.9904 0.0200000     6.78875    0.394081
4253.72 2722.74 16.7606 0.0920000 16.6021 0.0930000 16.3104 0.0490000     2.62726    0.392640
4664.30 2742.87 18.7236 0.0190000 18.6251 0.0160000 18.5604 0.0160000     3.39250    0.114438
4421.48 2767.40 19.4856 0.0270000 19.2511 0.0160000 19.1164 0.0120000     8.06416    0.116236
648.445 2781.49 17.4006 0.0350000 17.2681 0.0290000 17.1464 0.0270000     3.12508    0.245797
4189.91 2786.54 17.7166 0.0280000 17.4871 0.0230000 17.4094 0.0220000     5.97366    0.284688
3522.64 2793.07 18.4166 0.0230000 17.8451 0.0170000 17.5134 0.0230000     16.6568    0.674569
4954.05 2821.91 19.0176 0.0230000 18.7221 0.0220000 18.5914 0.0180000     9.59651    0.173357
839.158 2853.25 16.4246 0.0630000 16.2631 0.0610000 16.0494 0.0210000     2.43285    0.500934
4044.29 2861.57 21.6916 0.0180000 21.1911 0.0140000 20.8724 0.0210000     17.3897   0.0763482
4444.36 2868.26 15.5166 0.0750000 15.1521 0.0310000 15.2254 0.0330000     0.00000     0.00000
3951.79 2874.76 16.0206 0.0700000 15.7241 0.0610000 15.3494 0.0620000     0.00000     0.00000
3377.41 2877.93 16.9276 0.0620000 16.2661 0.0700000 15.9734 0.0610000     0.00000     0.00000
3755.65 2879.79 19.8576 0.0240000 19.4781 0.0200000 19.2794 0.0170000     12.7388    0.148782
3553.60 2880.38 20.0886 0.0210000 19.7701 0.0180000 19.5354 0.0210000     11.0417    0.108144
3561.77 2883.82 19.2936 0.0220000 18.9401 0.0180000 18.7284 0.0210000     11.5548    0.177529
2880.37 2891.78 20.0876 0.0240000 19.6551 0.0210000 19.4614 0.0250000     14.5128    0.154139
3451.46 2893.34 20.5506 0.0180000 19.6721 0.0170000 19.2314 0.0240000     27.1491    0.512431
3880.52 2914.19 21.4536 0.0290000 21.2151 0.0310000 20.9884 0.0370000     9.17557   0.0395290
3790.30 2919.31 16.1926 0.0640000 15.8561 0.0200000 16.1414 0.0690000     0.00000     0.00000
2780.58 2926.81 20.0856 0.0260000 19.8071 0.0240000 19.6394 0.0270000     9.71431   0.0914282
3293.07 2927.34 22.5246 0.0240000 22.1371 0.0340000 21.8354 0.0290000     14.4896   0.0348872
3998.85 2930.64 17.7696 0.0160000 17.4691 0.0140000 17.2864 0.0220000     7.81628    0.354089
3689.36 2954.55 18.6716 0.0220000 18.2411 0.0160000 18.0254 0.0180000     12.5327    0.323291
3740.65 2956.94 18.7406 0.0220000 18.5041 0.0190000 18.3574 0.0140000     7.60708    0.168851
3924.58 2994.80 16.7616 0.0620000 16.5301 0.0630000 16.2694 0.0270000     4.82700    0.529413
3885.45 3001.23 16.9766 0.0710000 16.6521 0.0590000 16.3574 0.0300000     8.14920    0.679251
3622.88 3016.77 19.9446 0.0210000 19.6331 0.0200000 19.4034 0.0200000     10.7284    0.115338
4091.01 3032.34 21.1016 0.0260000 20.9651 0.0210000 20.8994 0.0250000     5.86068   0.0341931
4279.39 3040.88 20.8606 0.0230000 20.4861 0.0200000 20.2154 0.0160000     13.0197   0.0803717
3667.71 3051.81 16.5056 0.0710000 15.9581 0.0720000 15.6354 0.0640000     0.00000     0.00000
1637.49 3054.90 21.4676 0.0280000 21.2181 0.0190000 21.0614 0.0170000     9.51919   0.0406459
4190.51 3074.73 18.3146 0.0190000 17.9441 0.0140000 17.7454 0.0170000     10.4490    0.325239
4781.67 3079.44 17.3436 0.0330000 17.1091 0.0190000 16.9534 0.0220000     5.47197    0.363121
3466.26 3087.29 21.3956 0.0230000 20.6131 0.0190000 20.1514 0.0230000     26.0018    0.209504
3555.31 3097.90 19.7706 0.0250000 19.4021 0.0230000 19.1414 0.0220000     12.3432    0.150400
3647.07 3103.49 16.9916 0.0590000 16.6801 0.0650000 16.3654 0.0350000     7.60471    0.632756
4729.66 3104.22 21.9586 0.0150000 21.6041 0.0190000 21.3474 0.0200000     13.0669   0.0432911
4831.96 3120.48 23.1606 0.0190000 22.7481 0.0290000 22.5374 0.0180000     15.8741   0.0266292
1563.78 3121.63 20.2976 0.0200000 20.2371 0.0210000 20.1774 0.0180000     2.95512   0.0423396
3099.73 3124.04 23.3506 0.0310000 22.8481 0.0270000 22.5654 0.0180000     18.5904   0.0313179
3683.41 3138.83 17.0996 0.0440000 16.6101 0.0410000 16.3374 0.0330000     0.00000     0.00000
5034.76 3147.05 20.9046 0.0190000 20.8161 0.0150000 20.7204 0.0240000     4.27424   0.0323825
3637.74 3148.81 16.2356 0.0610000 16.1121 0.0540000 16.2934 0.0520000     1.14525    0.490844
4147.82 3151.88 17.6096 0.0170000 17.3111 0.0150000 17.1224 0.0160000     7.51441    0.384787
3154.33 3168.01 19.9436 0.0370000 19.4201 0.0220000 19.1734 0.0210000     17.1685    0.201849
1779.91 3178.92 17.6206 0.0300000 17.4851 0.0230000 17.4214 0.0250000     3.63735    0.213754
3892.71 3179.00 17.3486 0.0230000 17.1831 0.0130000 16.9614 0.0270000     3.77234    0.284252
3780.50 3181.41 20.5176 0.0290000 19.6171 0.0280000 19.1364 0.0210000     27.8617    0.579121
2543.38 3188.76 15.7326 0.0850000 15.3011 0.0490000 15.0644 0.0200000     0.00000     0.00000
823.680 3193.04 19.6436 0.0250000 19.5571 0.0240000 19.4884 0.0220000     3.26746   0.0640204
3582.23 3208.40 20.0096 0.0340000 19.3881 0.0370000 19.0544 0.0430000     19.5355    0.281194
4565.39 3210.58 21.5896 0.0210000 21.4521 0.0130000 21.2764 0.0180000     6.41858   0.0263554
4043.28 3239.10 20.1556 0.0200000 19.8531 0.0230000 19.6034 0.0180000     10.5602   0.0967301
4677.68 3247.02 19.5416 0.0260000 19.0321 0.0250000 18.8624 0.0150000     16.0383    0.252598
3774.17 3258.84 19.2436 0.0140000 18.9151 0.0150000 18.7044 0.0210000     10.7586    0.170935
4457.58 3259.48 17.1116 0.0410000 16.5701 0.0380000 16.2834 0.0360000     0.00000     0.00000
3946.54 3279.65 19.8936 0.0190000 19.2561 0.0180000 18.9254 0.0190000     19.7064    0.318568
4554.58 3297.19 17.8936 0.0180000 17.6561 0.0240000 17.5454 0.0240000     6.51317    0.264027
3870.76 3307.82 19.0796 0.0180000 18.8431 0.0230000 18.6854 0.0190000     7.84282    0.145277
1686.33 3317.34 24.6976 0.0580000 24.4541 0.0340000 24.2844 0.0440000     0.00000     0.00000
3505.84 3326.31 21.4666 0.0170000 20.8311 0.0140000 20.3964 0.0170000     21.6540    0.140023
3965.52 3334.26 18.8956 0.0240000 18.2931 0.0200000 17.9974 0.0160000     17.6157    0.535745
1437.45 3338.40 21.1756 0.0230000 21.0471 0.0210000 20.9494 0.0180000     5.68679   0.0315052
4000.43 3356.47 21.1736 0.0270000 20.5641 0.0210000 20.1394 0.0190000     20.6584    0.149924
1443.80 3378.84 22.6096 0.0350000 22.3191 0.0290000 22.1764 0.0270000     11.8599   0.0247013
3522.62 3379.35 20.6286 0.0250000 19.8991 0.0170000 19.5524 0.0180000     23.2463    0.282247
5056.49 3379.49 19.8486 0.0270000 19.7501 0.0270000 19.6864 0.0220000     3.78625   0.0597103
4055.78 3381.74 16.7716 0.0580000 16.2061 0.0450000 16.1064 0.0690000     0.00000     0.00000
3709.35 3382.52 19.7526 0.0180000 19.3891 0.0170000 19.1864 0.0180000     12.1785    0.149638
1893.08 3386.70 23.3086 0.0220000 23.0051 0.0160000 22.8734 0.0210000     13.4064   0.0184565
2103.90 3390.63 21.0506 0.0170000 21.0301 0.0210000 20.8704 0.0150000     2.55597   0.0246378
4871.63 3404.15 16.6946 0.0800000 16.5131 0.0610000 16.3674 0.0320000     3.23936    0.451866
630.423 3408.78 23.9426 0.0440000 23.8991 0.0380000 23.7994 0.0420000     0.00000     0.00000
3019.45 3416.58 19.4746 0.0210000 19.0031 0.0320000 18.7864 0.0260000     15.0370    0.228380
968.875 3419.94 20.6646 0.0280000 20.3931 0.0310000 20.2954 0.0180000     9.60764   0.0656436
3782.17 3420.12 19.7846 0.0130000 19.4111 0.0170000 19.1554 0.0180000     12.5053    0.151441
4333.09 3429.35 18.1866 0.0160000 17.9731 0.0270000 17.9514 0.0210000     6.52130    0.198110
4046.35 3431.12 16.9516 0.0550000 16.7501 0.0870000 16.3694 0.0320000     4.03699    0.407140
3384.53 3435.32 20.8686 0.0360000 20.2481 0.0290000 19.8714 0.0170000     20.7813    0.175566
3674.47 3435.85 18.1746 0.0190000 17.7631 0.0230000 17.5414 0.0170000     11.2833    0.405095
2590.61 3449.58 20.7806 0.0410000 20.6821 0.0200000 20.5874 0.0170000     4.46489   0.0364458
3570.48 3462.99 17.5176 0.0300000 17.1891 0.0190000 16.9324 0.0160000     8.28644    0.460924
1016.06 3465.50 20.9696 0.0230000 20.9451 0.0180000 20.8394 0.0220000     2.56491   0.0259270
2598.72 3486.63 22.5406 0.0320000 22.4331 0.0230000 22.3384 0.0320000     7.59430   0.0161301
2951.04 3511.08 16.2956 0.0550000 16.0801 0.0580000 16.0894 0.0720000     4.44438    0.706293
1946.41 3536.66 17.2126 0.0230000 17.0721 0.0180000 16.9664 0.0130000     2.92810    0.282857
4677.15 3560.61 17.0246 0.0830000 16.6281 0.0770000 16.2664 0.0340000     10.9687    0.925956
4142.77 3567.84 16.9646 0.0520000 16.3791 0.0460000 16.0984 0.0470000     0.00000     0.00000
3854.16 3575.43 21.2896 0.0290000 20.7571 0.0170000 20.3884 0.0170000     18.3940    0.110836
4333.48 3580.91 17.0856 0.0460000 16.9331 0.0550000 16.5554 0.0160000     2.98493    0.318227
2510.38 3586.41 17.7876 0.0190000 17.4221 0.0220000 17.2634 0.0150000     9.60489    0.443287
4005.00 3591.17 19.9966 0.0170000 19.7401 0.0410000 19.6754 0.0510000     8.95079   0.0890459
4382.07 3600.17 25.2626 0.0530000 25.1201 0.0670000 24.7794 0.0560000     0.00000     0.00000
3765.90 3620.05 17.2646 0.0360000 16.8261 0.0400000 16.4314 0.0170000     12.4186    0.928400
4191.31 3635.43 23.0846 0.0240000 23.0321 0.0180000 22.9054 0.0280000     7.74925   0.0117496
4287.24 3642.16 20.8506 0.0150000 20.5111 0.0180000 20.2484 0.0190000     11.8727   0.0727930
4769.56 3657.84 17.3256 0.0180000 17.1041 0.0230000 16.9144 0.0180000     5.11355    0.351264
4038.61 3662.64 18.1336 0.0380000 18.0391 0.0290000 17.9794 0.0140000     2.86052    0.153857
4042.92 3672.98 19.1266 0.0220000 18.6501 0.0260000 18.3924 0.0210000     14.4488    0.287995
4517.52 3687.01 18.8606 0.0210000 18.7001 0.0180000 18.5774 0.0210000     5.37594    0.129888
3933.94 3694.97 17.2116 0.0270000 16.8661 0.0380000 16.4644 0.0140000     8.75260    0.620898
3638.57 3695.23 15.9846 0.0690000 15.7361 0.0810000 15.3674 0.0570000     6.10097     1.08928
4943.65 3696.42 18.8256 0.0390000 18.5801 0.0240000 18.5414 0.0160000     7.94024    0.166565
3644.68 3718.09 20.2646 0.0220000 20.0401 0.0240000 19.8384 0.0240000     7.88829   0.0697299
3034.57 3747.28 19.2236 0.0260000 18.7941 0.0260000 18.6514 0.0190000     13.5731    0.229595
4270.92 3747.29 16.9226 0.0610000 16.8371 0.0590000 16.5334 0.0220000     1.08928    0.278330
3849.01 3747.75 19.0356 0.0150000 18.8791 0.0210000 18.8174 0.0140000     5.37589    0.116108
5087.13 3749.65 18.3486 0.0350000 18.1071 0.0190000 17.9654 0.0130000     7.48673    0.198125
1767.59 3763.68 18.5916 0.0300000 18.3721 0.0270000 18.2744 0.0170000     6.98574    0.172364
4252.66 3768.23 18.3696 0.0150000 18.1381 0.0240000 18.0084 0.0200000     7.19678    0.192636
3963.08 3783.79 23.2646 0.0380000 22.6661 0.0270000 22.2954 0.0270000     21.4138   0.0457162
4114.93 3786.78 18.6606 0.0140000 18.3301 0.0200000 18.1564 0.0180000     10.1806    0.227933
3537.93 3789.54 19.8746 0.0210000 19.6401 0.0170000 19.4684 0.0210000     8.19206   0.0887831
4471.28 3790.09 17.7296 0.0200000 17.6401 0.0140000 17.5694 0.0180000     2.42722    0.179936
3851.00 3814.50 15.1016 0.0160000 15.2631 0.0640000 15.1084 0.0500000    -8.10155    0.352348
2404.34 3838.50 19.6206 0.0220000 19.1861 0.0170000 18.9874 0.0130000     14.2490    0.187421
3985.45 3839.12 19.7616 0.0230000 19.3641 0.0250000 19.1324 0.0160000     13.2202    0.162710
1612.05 3840.67 17.0646 0.0460000 16.9681 0.0360000 16.7544 0.0160000     1.62657    0.265953
1735.15 3866.20 21.3196 0.0160000 21.2411 0.0250000 21.1614 0.0200000     4.47306   0.0254671
3664.60 3870.20 19.8926 0.0430000 19.6641 0.0300000 19.4514 0.0240000     7.98528   0.0862475
3669.63 3875.31 16.8676 0.0600000 16.4461 0.0690000 16.2294 0.0480000     12.3416     1.24447
3786.27 3886.84 19.7776 0.0170000 19.5411 0.0250000 19.3834 0.0140000     8.28310   0.0963957
3441.98 3900.90 19.9186 0.0230000 19.6031 0.0230000 19.4544 0.0140000     10.8322    0.118758
2288.71 3914.88 19.6566 0.0260000 19.2051 0.0250000 18.9794 0.0130000     14.7917    0.191766
2433.44 3917.65 17.8166 0.0260000 17.6771 0.0170000 17.6274 0.0120000     4.01046    0.194030
1442.83 3928.76 16.8976 0.0630000 16.7081 0.0620000 16.4514 0.0170000     3.63504    0.402220
3396.78 3936.35 23.1486 0.0320000 22.5751 0.0170000 22.3944 0.0200000     20.5696   0.0450660
3730.58 3962.50 19.6926 0.0200000 19.4371 0.0150000 19.2564 0.0150000     8.84771    0.110302
3057.22 3966.57 16.7636 0.0460000 16.4061 0.0190000 16.4624 0.0170000     9.64171    0.951855
3220.22 3971.70 15.3106 0.0660000 15.2111 0.0550000 15.0384 0.0520000    0.723914    0.921114
3025.37 3979.62 24.9746 0.0510000 24.4941 0.0330000 24.3614 0.0330000     21.1365   0.0145503
4295.54 3986.18 18.8746 0.0210000 18.5771 0.0170000 18.3994 0.0130000     9.55788    0.184106
4631.75 3996.81 17.1046 0.0450000 16.8871 0.0430000 16.5634 0.0140000     4.66521    0.392184
1245.47 3999.39 19.1976 0.0190000 19.0451 0.0150000 18.9904 0.0190000     5.36674    0.103231
4486.70 4026.88 18.6626 0.0240000 18.4781 0.0210000 18.3644 0.0160000     5.96922    0.153327
3796.16 4027.06 22.0126 0.0190000 21.8041 0.0190000 21.5364 0.0180000     8.88136   0.0262108
3815.82 4035.68 18.4426 0.0150000 18.2291 0.0180000 18.0174 0.0110000     6.69938    0.180308
3428.24 4040.58 21.9776 0.0130000 21.4751 0.0170000 21.2154 0.0160000     17.5537   0.0664498
2101.64 4061.05 23.4716 0.0260000 23.0411 0.0280000 22.8524 0.0310000     16.7506   0.0240705
3445.63 4066.73 24.4336 0.0430000 24.2831 0.0340000 24.2514 0.0420000     0.00000     0.00000
4000.24 4069.20 19.5386 0.0190000 19.2411 0.0280000 19.0154 0.0340000     10.0197    0.137932
4477.51 4076.94 21.8726 0.0190000 21.5921 0.0170000 21.4484 0.0190000     10.7726   0.0356047
4805.45 4077.38 25.0416 0.0700000 24.7561 0.0490000 24.6094 0.0560000     0.00000     0.00000
4472.45 4081.34 19.0716 0.0130000 18.8671 0.0130000 18.6944 0.0180000     6.86274    0.132942
2933.74 4085.55 16.7186 0.0770000 16.4441 0.0820000 16.0764 0.0400000     6.39137    0.662956
3321.33 4105.46 18.6886 0.0310000 18.4041 0.0240000 18.2524 0.0170000     9.03267    0.191804
1894.49 4108.50 19.3356 0.0240000 19.1481 0.0180000 19.0964 0.0120000     6.52860    0.107734
3583.56 4125.39 20.4406 0.0190000 19.8701 0.0220000 19.6444 0.0160000     18.9610    0.185186
1918.45 4140.91 17.1486 0.0460000 17.0161 0.0320000 16.7854 0.0180000     2.61663    0.285649
1080.71 4175.39 16.9546 0.0510000 16.7921 0.0350000 16.5854 0.0240000     3.03329    0.357307
1291.98 4199.94 16.6026 0.0450000 16.4471 0.0280000 16.3664 0.0160000     2.38762    0.433287
934.157 4206.82 16.8656 0.0580000 16.7541 0.0580000 16.4494 0.0240000     1.59861    0.314603
4038.50 4207.35 14.7026 0.0230000 14.5991 0.0140000 14.5724 0.0190000     0.00000     0.00000
2152.27 4233.85 23.8326 0.0290000 23.5361 0.0230000 23.3274 0.0190000     14.6146   0.0149117
321.619 4237.79 20.5256 0.0330000 20.2361 0.0350000 20.1224 0.0360000     10.1329   0.0741558
1160.66 4240.91 21.6906 0.0270000 21.4641 0.0170000 21.3384 0.0200000     9.02142   0.0326828
1376.42 4262.26 21.0946 0.0320000 20.9631 0.0260000 20.8694 0.0270000     5.70690   0.0337026
1953.24 4280.97 21.8696 0.0350000 21.6211 0.0180000 21.4404 0.0200000     9.82369   0.0315313
2295.46 4291.56 19.0546 0.0270000 18.7891 0.0160000 18.6334 0.0110000     8.70859    0.158698
2541.95 4294.49 22.0656 0.0270000 21.7861 0.0240000 21.6204 0.0200000     10.9066   0.0311647
3217.52 4297.61 20.1866 0.0210000 19.8891 0.0140000 19.7614 0.0140000     10.3718   0.0921237
4676.50 4307.48 22.2826 0.0250000 22.0381 0.0200000 21.8834 0.0180000     10.1988   0.0254503
4839.63 4313.27 21.0176 0.0230000 20.8291 0.0260000 20.7224 0.0130000     7.35559   0.0428251
2130.50 4316.15 19.5276 0.0150000 19.2081 0.0220000 19.0984 0.0170000     10.6820    0.147559
4522.93 4338.84 17.4506 0.0130000 17.3771 0.0150000 17.3084 0.0150000     1.74591    0.192892
5036.22 4339.10 16.8616 0.0520000 16.8481 0.0800000 16.4494 0.0180000   -0.674989    0.222015
596.242 4340.89 20.7156 0.0330000 20.6351 0.0240000 20.5774 0.0190000     3.87748   0.0355686
3785.78 4342.06 23.3796 0.0310000 23.0091 0.0150000 22.8544 0.0240000     14.9979   0.0209074
773.722 4342.72 21.9526 0.0200000 21.7601 0.0160000 21.6584 0.0200000     8.37012   0.0258063
3220.06 4354.78 19.9886 0.0180000 19.7661 0.0160000 19.5744 0.0160000     7.77858   0.0799681
1391.09 4360.25 21.3996 0.0270000 21.1281 0.0150000 21.0454 0.0140000     10.1562   0.0450543
2747.88 4373.64 24.0466 0.0520000 23.6961 0.0310000 23.5184 0.0290000     16.2268   0.0155080
4532.02 4379.58 23.5886 0.0360000 23.3121 0.0300000 23.1734 0.0250000     13.5995   0.0156936
1334.08 4392.65 16.9046 0.0480000 16.7501 0.0300000 16.5584 0.0270000     2.75166    0.358062
5090.75 4430.90 17.9376 0.0350000 17.8371 0.0200000 17.7164 0.0190000     2.90691    0.169904
1269.37 4435.68 18.6946 0.0180000 18.4781 0.0150000 18.3954 0.0180000     6.96599    0.163993
1591.18 4437.84 16.7186 0.0480000 16.4261 0.0410000 16.2944 0.0230000     7.12659    0.721981
3533.42 4444.51 17.8076 0.0280000 17.4341 0.0200000 17.2984 0.0130000     9.86064    0.451638
3397.61 4454.77 17.8636 0.0190000 17.7611 0.0150000 17.7034 0.0200000     2.91638    0.175856
4138.56 4500.17 21.6826 0.0180000 21.3661 0.0160000 21.1354 0.0150000     11.7218   0.0445513
2998.90 4511.22 23.3006 0.0390000 22.9941 0.0140000 22.8114 0.0230000     13.4445   0.0186171
3649.38 4516.22 20.6076 0.0220000 20.0731 0.0220000 19.8364 0.0160000     17.9808    0.159070
3894.63 4526.44 19.9796 0.0300000 19.5631 0.0250000 19.2964 0.0260000     13.9504    0.155204
4460.56 4541.58 23.2826 0.0240000 23.0191 0.0190000 22.9144 0.0270000     12.5571   0.0171541
4127.46 4563.94 22.7236 0.0200000 22.4831 0.0200000 22.2784 0.0160000     10.6672   0.0198494
2452.30 4588.21 20.4726 0.0350000 20.3421 0.00800000 20.2164 0.0250000     5.22552   0.0475392
4485.55 4598.08 16.7246 0.0720000 16.4591 0.0600000 16.2704 0.0260000     6.01907    0.633023
3985.08 4622.56 25.1386 0.0600000 24.7281 0.0310000 24.5314 0.0400000     20.0477   0.0118442
1702.10 4626.58 21.0806 0.0190000 21.0271 0.0160000 20.9184 0.0130000     3.49440   0.0266325
2494.22 4639.24 17.8846 0.0320000 17.6421 0.0130000 17.5424 0.0180000     6.60901    0.270032
4621.21 4652.30 21.6566 0.0240000 21.3671 0.0250000 21.2104 0.0180000     10.8719   0.0416094
418.651 4669.02 21.4606 0.0320000 21.3431 0.0330000 21.3124 0.0260000     5.71276   0.0265182
2522.38 4671.53 19.0316 0.0250000 18.7241 0.0150000 18.6324 0.0170000     9.97166    0.177217
3439.37 4674.04 22.4796 0.0290000 22.1311 0.0270000 21.9364 0.0260000     13.2980   0.0308458
4464.33 4683.67 16.9416 0.0280000 16.8931 0.0190000 16.6784 0.0250000    0.284263    0.241430
263.225 4697.15 18.9316 0.0350000 18.7621 0.0280000 18.6994 0.0280000     5.69949    0.128577
4352.76 4701.93 22.7816 0.0170000 22.7091 0.0230000 22.5994 0.0210000     7.46436   0.0137397
2089.95 4747.06 17.9476 0.0310000 17.8421 0.0270000 17.7904 0.0250000     3.06611    0.171222
831.962 4760.45 21.9926 0.0160000 21.7931 0.0210000 21.6784 0.0200000     8.61076   0.0258130
3795.37 4798.69 21.9186 0.0190000 21.5461 0.0160000 21.3074 0.0190000     13.5978   0.0465455
2014.54 4808.29 18.9176 0.0230000 18.8041 0.0160000 18.7384 0.0110000     3.98427    0.106990
4107.04 4847.71 17.7506 0.0200000 17.5181 0.0170000 17.4484 0.0120000     6.11069    0.282061
2423.38 4870.46 19.2406 0.0310000 18.9021 0.0210000 18.7684 0.0170000     11.0611    0.175172
2513.35 4933.84 16.5756 0.0740000 16.5201 0.0790000 16.2654 0.0330000   -0.278464    0.307483
3414.36 4949.44 20.3976 0.0190000 20.0571 0.0250000 19.9164 0.0140000     11.8647   0.0950511
585.563 4966.89 18.2026 0.0420000 18.0051 0.0320000 17.9534 0.0180000     6.04525    0.190553
2558.18 4975.71 19.6136 0.0360000 19.2861 0.0320000 19.1734 0.0180000     10.9855    0.144802
3336.30 4984.29 21.6776 0.0200000 21.5631 0.0140000 21.4304 0.0200000     5.89933   0.0236173
3521.17 5008.88 14.1986 0.0250000 14.0971 0.0200000 14.1574 0.0160000     0.00000     0.00000
710.132 5038.53 22.3256 0.0220000 22.2661 0.0280000 22.1374 0.0190000     6.10158   0.0157309
4015.05 5041.41 17.2886 0.0210000 17.0521 0.0120000 16.8814 0.0150000     5.43642    0.376892
898.554 5068.30 22.5106 0.0230000 22.2921 0.0250000 22.1264 0.0350000     9.77083   0.0207644
3801.32 5137.63 23.6776 0.0290000 23.3681 0.0270000 23.2244 0.0310000     14.4743   0.0163404
767.461 5142.02 18.8266 0.0350000 18.6811 0.0340000 18.6564 0.0250000     4.89551    0.126210
3847.28 5181.10 20.9946 0.0270000 20.6541 0.0230000 20.4874 0.0160000     11.9331   0.0678741
1891.73 5182.98 21.6076 0.0170000 21.3711 0.0220000 21.2324 0.0200000     9.24686   0.0358305
3283.17 5295.38 24.3586 0.0520000 24.0531 0.0760000 23.9874 0.0420000     16.0275   0.0126602
1423.59 5316.11 22.6636 0.0360000 22.4161 0.0230000 22.2414 0.0270000     10.7523   0.0209501
3917.87 5350.87 16.7656 0.0500000 16.6441 0.0770000 16.2954 0.0200000     1.69557    0.347269
1663.61 5354.54 20.2386 0.0390000 20.1211 0.0270000 20.0434 0.0200000     4.66909   0.0514616
447.963 5403.83 16.5706 0.0600000 16.5911 0.0590000 16.3524 0.0220000    -2.03714    0.236885
4312.89 5423.38 18.6876 0.0220000 18.4651 0.0210000 18.3264 0.0140000     7.14387    0.166897
122.346 5436.74 22.1586 0.0200000 22.1131 0.0280000 21.9114 0.0330000     5.39755   0.0162747
1191.76 5481.09 23.6356 0.0600000 23.3851 0.0400000 23.2124 0.0270000     13.1901   0.0145816
871.700 5521.20 20.0296 0.0250000 19.9021 0.0260000 19.8454 0.0240000     4.79692   0.0593277
3471.28 5577.53 18.1116 0.0230000 17.9091 0.0260000 17.8154 0.0160000     6.13421    0.198895
111.907 5579.73 18.3296 0.0410000 18.2071 0.0430000 18.1814 0.0310000     3.84948    0.151506
4373.79 5583.37 22.5636 0.0270000 22.3081 0.0230000 22.1484 0.0200000     10.8470   0.0227612
4225.71 5635.25 22.6526 0.0230000 22.4641 0.0310000 22.2834 0.0250000     9.46714   0.0183917
3208.60 5643.78 18.3546 0.0240000 18.0581 0.0270000 17.9504 0.0150000     8.78817    0.245175
4001.90 5649.16 20.9716 0.0230000 20.7731 0.0280000 20.5864 0.0180000     7.63569   0.0451692
929.916 5696.35 15.9456 0.0820000 15.7811 0.0580000 15.7044 0.0450000     2.74970    0.743392
3785.36 5772.10 18.0226 0.0160000 17.7651 0.0280000 17.7024 0.0200000     7.22935    0.261949
1325.61 5809.75 23.6496 0.0570000 23.2961 0.0360000 23.2254 0.0280000     15.2628   0.0181314
1261.60 5820.63 16.2536 0.0800000 15.7971 0.0190000 15.9264 0.0320000     0.00000     0.00000
1606.81 5822.39 20.2166 0.0330000 19.9141 0.0380000 19.8194 0.0190000     10.5440   0.0920455
2894.79 5829.36 22.1056 0.0440000 21.7991 0.0340000 21.6604 0.0140000     11.7389   0.0337646
2777.65 5876.00 16.6246 0.0600000 16.5351 0.0580000 16.3024 0.0180000    0.661824    0.338092
3940.10 5931.60 23.3746 0.0480000 23.0701 0.0410000 22.9664 0.0340000     13.5959   0.0180752
3188.60 5940.17 22.2756 0.0360000 21.9851 0.0360000 21.8274 0.0240000     11.4465   0.0288350
1650.07 6041.70 20.3826 0.0390000 20.1931 0.0380000 20.0874 0.0270000     6.92978   0.0595094
2587.00 6062.39 21.6886 0.0300000 21.4741 0.0290000 21.2924 0.0250000     8.66479   0.0311746
2625.09 6098.13 15.9206 0.0810000 15.7721 0.0650000 15.9824 0.0610000     2.11903    0.697999
3462.80 6155.34 17.2946 0.0250000 17.0621 0.0220000 16.9794 0.0150000     5.34427    0.370859
2321.77 6270.96 19.2076 0.0320000 19.1201 0.0410000 19.0394 0.0190000     3.12363   0.0799259
3652.61 6312.60 21.0056 0.0310000 20.7651 0.0360000 20.6174 0.0220000     8.95372   0.0498903
4058.94 6556.43 21.8936 0.0210000 21.6311 0.0270000 21.4924 0.0260000     10.2581   0.0328067
1789.28 109.696 22.8186 0.0440000 22.3731 0.0450000 22.2964 0.0220000     16.4540   0.0358251
1690.17 128.984 19.1726 0.0290000 19.0301 0.0320000 18.9584 0.0290000     5.04475    0.100940
2109.52 212.011 21.2086 0.0420000 21.0511 0.0390000 20.9644 0.0260000     6.57240   0.0345204
1796.91 215.333 17.5586 0.0330000 17.3731 0.0310000 17.2374 0.0350000     4.65200    0.269367
2243.03 261.249 18.1406 0.0440000 17.9621 0.0330000 17.9364 0.0280000     5.42353    0.187210
2774.14 269.600 19.2426 0.0400000 19.0821 0.0400000 19.0634 0.0360000     5.64159    0.103323
2710.09 369.817 25.3426 0.0940000 25.0971 0.0730000 24.6714 0.0700000     0.00000     0.00000
1761.28 421.246 19.3826 0.0650000 19.2961 0.0450000 19.2544 0.0560000     3.14751   0.0728834
3223.08 430.026 21.9976 0.0330000 21.9841 0.0260000 21.7844 0.0340000     4.35695   0.0161204
3223.04 472.448 19.2876 0.0330000 19.0851 0.0290000 18.9814 0.0210000     6.95201    0.117115
3702.26 487.089 21.2596 0.0370000 21.1381 0.0320000 21.0494 0.0230000     5.57325   0.0292926
2184.45 559.906 17.6076 0.0260000 16.6361 0.0290000 16.2854 0.0370000     0.00000     0.00000
1794.20 566.530 24.7966 0.0820000 23.4241 0.0380000 22.6234 0.0330000     46.3125    0.212182
3263.09 661.617 19.3506 0.0300000 19.0311 0.0310000 18.9494 0.0220000     10.5590    0.159868
1485.93 698.768 24.3576 0.0760000 24.5741 0.0530000 24.4964 0.0430000     0.00000     0.00000
4775.13 711.345 22.9656 0.0290000 22.6271 0.0300000 22.5314 0.0300000     13.6115   0.0237369
1742.54 731.224 22.8386 0.0410000 21.1851 0.0360000 20.4054 0.0430000     0.00000     0.00000
3255.34 735.460 20.5436 0.0350000 20.3011 0.0220000 20.2234 0.0260000     8.64396   0.0641398
3401.89 783.041 24.6466 0.0480000 24.2411 0.0390000 24.1824 0.0580000     18.7980   0.0140444
4690.51 835.424 22.7256 0.0280000 22.3971 0.0250000 22.2534 0.0350000     13.0414   0.0259902
2961.16 840.421 21.1526 0.0390000 20.9721 0.0340000 20.8954 0.0280000     7.20515   0.0387470
1170.53 845.167 23.5196 0.0560000 22.5581 0.0400000 22.2324 0.0290000     33.0097    0.128586
5565.58 853.825 22.2126 0.0350000 21.9031 0.0220000 21.8124 0.0340000     11.9183   0.0317630
1514.89 860.112 24.2586 0.0330000 23.6231 0.0260000 23.3504 0.0200000     23.3239   0.0290285
5069.49 890.100 23.3896 0.0620000 23.0201 0.0370000 22.9154 0.0320000     14.9830   0.0207119
4192.11 916.105 22.5496 0.0440000 22.2271 0.0210000 22.0524 0.0270000     12.6597   0.0277383
3206.55 929.366 19.8666 0.0220000 19.7391 0.0230000 19.5974 0.0270000     4.67005   0.0644849
2833.85 934.763 16.1636 0.0670000 15.8421 0.0320000 16.2514 0.0770000     0.00000     0.00000
3753.15 962.066 21.7836 0.0330000 21.4701 0.0280000 21.2654 0.0200000     11.6920   0.0418810
5265.82 968.731 20.4176 0.0390000 20.1031 0.0220000 19.9984 0.0260000     10.9507   0.0849589
5688.35 974.770 22.0166 0.0230000 21.7591 0.0230000 21.6134 0.0240000     10.2247   0.0296745
5251.13 981.928 22.0226 0.0390000 21.7231 0.0180000 21.6214 0.0260000     11.4617   0.0347129
1666.20 987.876 24.4676 0.0870000 23.5951 0.0830000 23.1724 0.0680000     30.5859   0.0557286
1447.06 995.546 19.2886 0.0240000 19.1471 0.0270000 18.9774 0.0300000     4.99102   0.0916847
1506.04 1042.64 19.3066 0.0400000 19.0021 0.0280000 18.8534 0.0220000     10.0715    0.156885
3232.75 1059.07 23.1066 0.0370000 23.1641 0.0230000 23.1714 0.0330000     0.00000     0.00000
3580.43 1100.79 19.6696 0.0410000 19.5751 0.0330000 19.5684 0.0240000     3.52765   0.0646715
3580.92 1107.28 17.3746 0.0300000 17.2631 0.0240000 17.1024 0.0240000     2.59389    0.230669
2889.44 1114.67 17.7356 0.0290000 17.6011 0.0170000 17.5674 0.0210000     3.80183    0.197648
3789.76 1139.01 19.3986 0.0390000 19.0921 0.0230000 18.9874 0.0230000     10.1964    0.151293
2353.05 1185.88 23.8586 0.0410000 23.2161 0.0280000 22.9834 0.0240000     23.1612   0.0380861
4204.13 1204.51 18.7566 0.0320000 18.4841 0.0250000 18.3984 0.0240000     8.71453    0.182241
4886.74 1219.03 22.8676 0.0340000 22.5921 0.0170000 22.4484 0.0280000     11.7695   0.0204327
2708.27 1239.17 14.2316 0.0270000 14.1541 0.0220000 14.2844 0.0190000     0.00000     0.00000
3397.44 1246.24 23.2626 0.0440000 22.8891 0.0400000 22.6574 0.0320000     14.9350   0.0225704
4276.36 1268.61 22.9506 0.0310000 22.6141 0.0270000 22.4824 0.0220000     13.5383   0.0237791
2685.30 1278.27 18.8536 0.0290000 18.7381 0.0160000 18.6824 0.0210000     4.00063    0.112246
5385.73 1327.36 19.6626 0.0260000 19.5501 0.0230000 19.4804 0.0270000     4.06240   0.0682317
5260.18 1354.56 20.6376 0.0280000 20.4881 0.0270000 20.4364 0.0170000     5.91485   0.0463001
3094.21 1360.60 24.5226 0.0530000 24.2011 0.0230000 24.0264 0.0370000     16.7451   0.0123214
2311.09 1377.35 19.5306 0.0230000 19.3761 0.0310000 19.3374 0.0180000     5.43351   0.0830408
2258.40 1386.79 25.0416 0.0300000 24.5401 0.0470000 24.4084 0.0580000     21.7334   0.0148100
3079.74 1402.32 17.8486 0.0190000 17.5261 0.0180000 17.3904 0.0220000     8.49886    0.364109
5615.92 1403.32 21.5076 0.0320000 21.1561 0.0280000 21.0774 0.0240000     12.6676   0.0540131
5397.09 1409.81 23.6276 0.0350000 23.4161 0.0330000 23.2424 0.0380000     12.3523   0.0135461
3130.30 1415.83 20.4326 0.0240000 20.0101 0.0290000 19.8884 0.0180000     14.4482    0.126120
3720.82 1419.22 24.7566 0.0490000 24.3311 0.0300000 24.2364 0.0320000     19.4740   0.0140722
3110.94 1424.15 17.5436 0.0230000 17.2041 0.0210000 17.0564 0.0220000     8.63694    0.472881
3722.67 1430.10 23.3376 0.0310000 22.9871 0.0260000 22.8204 0.0260000     14.4004   0.0199965
2564.42 1438.56 18.1316 0.0190000 18.0471 0.0150000 17.9744 0.0200000     2.55447    0.149966
4454.82 1490.34 18.1196 0.0190000 17.9371 0.0150000 17.8484 0.0200000     5.53068    0.190281
3022.00 1509.99 21.4846 0.0310000 21.1951 0.0260000 20.9994 0.0210000     10.7648   0.0454888
1525.18 1510.80 17.2066 0.0330000 16.8631 0.0340000 16.5694 0.0170000     8.67659    0.617506
3342.80 1518.12 17.8826 0.0490000 17.7241 0.0320000 17.7024 0.0340000     4.63496    0.197094
3895.68 1527.53 18.0496 0.0230000 17.7541 0.0200000 17.6174 0.0220000     8.15000    0.292493
3397.11 1528.89 18.1646 0.0440000 17.9771 0.0240000 17.9344 0.0230000     5.71428    0.189167
4348.95 1562.61 20.4056 0.0280000 20.2441 0.0130000 20.1894 0.0250000     6.11483   0.0540516
878.490 1567.44 18.5786 0.0320000 18.3241 0.0290000 18.1834 0.0320000     8.04265    0.187369
2763.10 1567.66 23.5306 0.0360000 23.1521 0.0200000 22.9454 0.0190000     15.4453   0.0198016
5314.51 1567.76 22.1146 0.0360000 21.9241 0.0270000 21.8124 0.0240000     8.51597   0.0236578
4082.97 1571.96 24.0266 0.0310000 23.8771 0.0260000 23.6014 0.0260000     0.00000     0.00000
3681.05 1580.30 24.0846 0.0550000 23.6321 0.0300000 23.4744 0.0320000     18.3197   0.0190082
4349.73 1588.18 20.1496 0.0420000 19.8241 0.0260000 19.6984 0.0190000     11.2974    0.106722
3561.80 1593.56 23.3666 0.0220000 23.0351 0.0130000 22.8284 0.0260000     14.1034   0.0191161
3585.90 1604.76 22.3126 0.0420000 22.2151 0.0240000 22.0964 0.0130000     6.81141   0.0172069
1555.37 1642.73 17.5046 0.0420000 17.3571 0.0310000 17.3294 0.0240000     3.67681    0.243092
4203.38 1689.09 22.8546 0.0370000 22.4771 0.0280000 22.2964 0.0210000     14.5394   0.0279069
3266.34 1717.37 19.6956 0.0220000 19.4411 0.0200000 19.3454 0.0240000     8.81936    0.109691
4555.57 1745.43 22.2126 0.0160000 21.9091 0.0190000 21.7224 0.0280000     11.7409   0.0309868
3184.33 1751.39 16.3646 0.0580000 16.2461 0.0590000 16.1174 0.0320000     1.09370    0.440786
2683.70 1753.59 21.4816 0.0300000 21.1091 0.0270000 20.9624 0.0190000     13.2718   0.0583646
5532.35 1753.69 20.0206 0.0340000 19.7011 0.0150000 19.5794 0.0220000     11.0248    0.113275
3375.36 1758.07 17.6696 0.0370000 17.5351 0.0140000 17.5064 0.0190000     3.71339    0.205088
4197.49 1764.67 18.3256 0.0220000 18.0301 0.0150000 17.8914 0.0220000     8.70683    0.248844
4729.11 1769.07 21.8616 0.0270000 21.5511 0.0150000 21.3794 0.0310000     11.6506   0.0397322
3033.33 1769.32 21.3156 0.0330000 21.2231 0.0290000 21.1644 0.0210000     4.85044   0.0265202
5447.49 1794.86 19.9996 0.0320000 19.7331 0.0230000 19.6324 0.0220000     9.30485   0.0926938
1213.34 1796.13 17.4396 0.0280000 17.3031 0.0190000 17.2354 0.0180000     3.29498    0.243295
5498.49 1825.93 23.4676 0.0320000 23.2651 0.0280000 23.0344 0.0280000     11.7910   0.0140586
4923.96 1841.05 20.2996 0.0320000 20.0741 0.0240000 19.9814 0.0210000     7.94537   0.0687957
3070.98 1841.06 17.7586 0.0220000 17.7131 0.0110000 17.6394 0.0200000     1.10750    0.160195
1695.74 1841.07 19.0696 0.0270000 18.6341 0.0170000 18.4684 0.0190000     13.3992    0.259446
3733.50 1873.74 19.5646 0.0280000 19.4891 0.0180000 19.4124 0.0110000     2.87642   0.0645095
4012.94 1878.90 22.9536 0.0210000 22.6451 0.0180000 22.4644 0.0240000     12.7773   0.0217345
5184.37 1882.07 18.6456 0.0410000 18.3791 0.0380000 18.3164 0.0340000     8.45460    0.187543
957.874 1886.93 22.6716 0.0260000 22.2821 0.0370000 22.1154 0.0270000     14.6732   0.0318626
5128.78 1890.37 20.5566 0.0240000 20.2701 0.0160000 20.1634 0.0210000     10.0508   0.0722901
830.211 1911.39 21.3856 0.0400000 20.9281 0.0420000 20.7594 0.0370000     15.8917   0.0785746
3700.54 1912.61 22.8206 0.0270000 22.4881 0.0150000 22.2254 0.0210000     13.2682   0.0251012
976.621 1920.32 23.2226 0.0300000 22.9911 0.0180000 22.7854 0.0290000     11.7766   0.0163603
1465.34 1977.03 19.0276 0.0240000 18.8311 0.0190000 18.6854 0.0240000     6.58846    0.132778
3893.44 2003.07 19.4006 0.0280000 19.1191 0.0310000 18.9694 0.0120000     9.43643    0.141082
1170.22 2021.95 25.8436 0.0640000 25.4421 0.0480000 25.1664 0.0980000     0.00000     0.00000
1104.85 2038.45 17.2836 0.0280000 17.1091 0.0250000 16.7934 0.0230000     3.85424    0.303633
4419.87 2040.00 22.1586 0.0270000 21.8711 0.0220000 21.6894 0.0200000     11.2219   0.0301226
3810.23 2051.28 22.8946 0.0180000 22.4411 0.0200000 22.2554 0.0170000     16.7549   0.0351627
1404.31 2072.31 25.1456 0.0440000 25.2591 0.0460000 24.8674 0.0580000     0.00000     0.00000
1366.45 2081.66 17.1346 0.0250000 17.0661 0.0200000 16.8264 0.0220000     1.12957    0.229231
2417.08 2091.18 18.1766 0.0210000 17.9281 0.0220000 17.7964 0.0260000     7.33494    0.229351
4964.07 2107.97 21.4776 0.0300000 21.3311 0.0190000 21.2434 0.0170000     6.52586   0.0283870
3110.54 2112.73 21.1506 0.0270000 20.8241 0.0200000 20.6424 0.0220000     11.6335   0.0602883
4512.40 2116.02 18.5656 0.0280000 18.2311 0.0170000 18.1014 0.0170000     10.0801    0.246620
5351.52 2122.99 18.3356 0.0310000 18.1081 0.0170000 18.0084 0.0180000     7.05139    0.193390
4798.80 2129.05 21.3156 0.0250000 21.2131 0.0180000 21.1274 0.0240000     5.12363   0.0272373
2097.48 2138.45 24.3196 0.0270000 23.6771 0.0350000 23.3804 0.0310000     23.5905   0.0287753
2228.63 2146.26 21.8866 0.0200000 21.9091 0.0180000 21.7794 0.0260000     3.36684   0.0155028
3029.65 2148.46 22.7106 0.0510000 22.4331 0.0360000 22.2974 0.0380000     11.6299   0.0225194
800.911 2154.77 24.8136 0.0650000 24.6731 0.0370000 24.4304 0.0650000     0.00000     0.00000
1551.17 2155.12 18.5676 0.0230000 18.5001 0.0240000 18.4614 0.0250000     2.33994    0.112798
1130.14 2163.06 24.5316 0.0480000 24.4701 0.0310000 24.4714 0.0450000     0.00000     0.00000
3355.32 2176.80 22.4996 0.0250000 22.0361 0.0160000 21.8174 0.0260000     16.7691   0.0453309
747.351 2185.74 20.6706 0.0340000 20.4811 0.0290000 20.3504 0.0220000     7.16391   0.0510225
5420.32 2199.53 18.9896 0.0210000 18.7311 0.0240000 18.6464 0.0180000     8.45021    0.160398
2041.84 2229.46 24.3416 0.0400000 23.8321 0.0190000 23.6334 0.0230000     20.0967   0.0194717
1633.16 2240.46 17.8536 0.0410000 17.5531 0.0260000 17.4334 0.0200000     7.94809    0.336714
3380.43 2242.98 21.7006 0.0330000 21.2111 0.0200000 21.0414 0.0190000     17.0366   0.0735240
4481.37 2248.50 18.7666 0.0190000 18.4511 0.0100000 18.2874 0.0230000     10.0311    0.198869
1649.63 2264.55 16.9696 0.0360000 16.7261 0.0280000 16.5584 0.00900000     5.31291    0.478541
3368.13 2281.07 21.1466 0.0310000 21.0171 0.0300000 20.9334 0.0150000     5.69178   0.0322823
4084.99 2285.09 24.9706 0.0410000 24.5771 0.0300000 24.3414 0.0400000     19.2997   0.0121745
4209.95 2285.24 21.2016 0.0180000 21.0031 0.0230000 20.8134 0.0190000     7.77906   0.0399818
2415.68 2292.24 22.7916 0.0290000 22.3691 0.0280000 22.1524 0.0240000     15.7508   0.0334520
931.649 2303.69 20.8176 0.0260000 20.5481 0.0200000 20.4114 0.0280000     9.66575   0.0603775
1198.15 2321.28 24.5966 0.0370000 24.5701 0.0300000 24.3324 0.0350000     0.00000     0.00000
3403.15 2325.28 17.6936 0.0300000 17.5351 0.0150000 17.4654 0.0220000     4.30884    0.223279
2352.61 2332.42 17.8906 0.0220000 17.6141 0.0260000 17.5384 0.0240000     7.39678    0.300303
2473.19 2332.93 20.9446 0.0280000 20.8091 0.0190000 20.7094 0.0210000     5.69812   0.0375704
1110.90 2338.54 23.1806 0.0220000 22.9011 0.0260000 22.7944 0.0290000     12.6072   0.0183866
3369.75 2352.28 17.3306 0.0220000 17.0891 0.0290000 16.8934 0.0300000     5.62926    0.374195
4133.70 2352.33 19.7006 0.0230000 19.7241 0.0180000 19.6164 0.0180000  -0.0101060   0.0448293
1428.85 2354.60 20.1656 0.0250000 20.0901 0.0250000 20.0634 0.0170000     3.33619   0.0472771
4416.80 2368.89 19.9286 0.0170000 19.4801 0.0120000 19.3184 0.0140000     14.8895    0.171642
2731.88 2404.78 22.5896 0.0170000 22.2311 0.0220000 22.0244 0.0230000     13.6924   0.0298242
2058.74 2407.91 23.9016 0.0300000 23.5501 0.0230000 23.3174 0.0290000     15.8728   0.0164626
5019.06 2415.51 19.9256 0.0160000 19.7821 0.0130000 19.6574 0.0190000     5.19584   0.0655633
1619.00 2422.31 21.6476 0.0370000 21.1321 0.0390000 20.8924 0.0360000     17.8818   0.0818057
1604.59 2438.13 23.3516 0.0250000 23.0171 0.0220000 22.8424 0.0240000     14.1235   0.0193211
1263.06 2472.70 19.4946 0.0170000 19.2031 0.0220000 19.1204 0.0210000     9.80635    0.138574
3492.78 2478.32 18.2576 0.0260000 17.9491 0.0180000 17.8204 0.0200000     8.86601    0.271510
4012.54 2481.63 22.4946 0.0270000 21.9361 0.0130000 21.5424 0.0160000     19.6334   0.0602880
1593.62 2492.58 18.5096 0.0180000 18.1961 0.0200000 18.0674 0.0220000     9.48841    0.236238
3973.62 2505.24 21.2456 0.0200000 21.1341 0.0180000 20.9264 0.0220000     5.28278   0.0287488
4175.45 2516.63 19.2496 0.0250000 18.8921 0.0190000 18.7434 0.0120000     11.6460    0.182200
3582.41 2525.36 20.8416 0.0220000 20.6431 0.0170000 20.4794 0.0190000     7.55486   0.0481017
4763.67 2533.34 18.1706 0.0210000 18.0691 0.0130000 18.0014 0.0160000     3.09937    0.154103
4982.61 2533.80 18.9816 0.0280000 18.7161 0.0200000 18.5814 0.0160000     8.65782    0.163774
4980.36 2537.21 18.4936 0.0220000 18.2761 0.0160000 18.1134 0.0210000     6.85665    0.178373
3844.79 2539.22 19.6216 0.0200000 19.3581 0.0200000 19.2194 0.0140000     9.04201    0.118463
3139.05 2541.16 15.1306 0.0250000 14.5481 0.0200000 14.4644 0.0220000     0.00000     0.00000
3476.69 2560.71 18.0846 0.0290000 17.8251 0.0240000 17.6044 0.0210000     7.40000    0.253976
3735.59 2570.19 18.2996 0.0170000 17.9521 0.0190000 17.8014 0.0210000     9.84136    0.300778
2361.08 2596.62 20.3766 0.0220000 20.1931 0.0210000 20.1134 0.0240000     6.74631   0.0586621
2713.19 2599.75 19.6196 0.0170000 19.4461 0.0170000 19.2634 0.0220000     6.08865   0.0840536
4603.85 2612.27 24.3046 0.0300000 23.9281 0.0290000 23.6684 0.0240000     17.3932   0.0148711
4821.49 2617.66 18.4846 0.0210000 18.2881 0.0120000 18.1824 0.0190000     6.21086    0.170539
5207.87 2620.19 23.3466 0.0220000 23.1661 0.0220000 23.0114 0.0270000     11.0474   0.0140279
3736.56 2622.77 17.4326 0.0260000 17.2801 0.0170000 17.0684 0.0160000     3.64554    0.259060
2786.65 2636.08 20.8236 0.0200000 20.6931 0.0210000 20.6004 0.0140000     5.44770   0.0396258
4944.27 2654.00 21.6736 0.0220000 21.2811 0.0210000 21.1224 0.0160000     14.0233   0.0561206
1238.27 2656.47 25.0376 0.0560000 24.7271 0.0390000 24.7044 0.0430000     0.00000     0.00000
4001.09 2661.39 18.7126 0.0160000 18.3051 0.0260000 18.1194 0.0190000     12.0407    0.290251
2484.21 2662.45 21.2426 0.0210000 20.9461 0.0190000 20.7544 0.0160000     10.8146   0.0524326
4134.77 2677.97 20.3916 0.0250000 19.8591 0.0220000 19.6584 0.0180000     17.7697    0.173285
3489.72 2681.05 20.2756 0.0180000 19.7521 0.0140000 19.5214 0.0160000     17.4148    0.177725
2972.00 2685.84 20.8986 0.0440000 20.5921 0.0300000 20.3554 0.0370000     10.8387   0.0646439
2975.85 2686.97 21.5176 0.0400000 21.2651 0.0270000 21.0584 0.0350000     9.64378   0.0399108
1026.66 2696.96 20.5276 0.0310000 20.2861 0.0230000 20.1564 0.0290000     8.60149   0.0644659
4098.02 2697.79 18.8836 0.0220000 18.6771 0.0180000 18.5344 0.0180000     6.79293    0.146821
4464.66 2698.24 19.1686 0.0230000 18.9891 0.0220000 18.8394 0.0170000     6.16885    0.116125
3011.41 2703.02 25.4416 0.0690000 24.9281 0.0440000 24.8454 0.0530000     22.9161   0.0132397
3811.56 2712.16 20.5226 0.0210000 20.0621 0.0310000 19.7714 0.0180000     15.6681    0.135170
2295.01 2715.82 24.6256 0.0260000 24.2851 0.0230000 24.1104 0.0270000     17.3838   0.0123549
4844.85 2741.65 20.9926 0.0210000 20.8711 0.0220000 20.8074 0.0140000     5.32467   0.0346866
4762.38 2744.16 21.7446 0.0250000 21.2891 0.0190000 21.0894 0.0170000     15.9633   0.0651934
2771.31 2750.94 18.6136 0.0220000 18.2651 0.0260000 18.1344 0.0210000     10.4960    0.251855
3570.19 2755.91 18.2606 0.0440000 17.8421 0.0370000 17.6164 0.0350000     11.5830    0.393924
3819.53 2759.04 18.3956 0.0270000 18.0951 0.0160000 17.9584 0.0140000     8.96206    0.242356
3358.81 2784.23 23.4736 0.0210000 22.4441 0.0180000 21.9784 0.0210000     35.0486    0.159180
2229.46 2791.28 18.3716 0.0180000 18.3391 0.0180000 18.2724 0.0240000     1.13780    0.112328
5160.50 2793.53 22.4376 0.0300000 22.3301 0.0140000 22.2094 0.0210000     7.32901   0.0167823
2617.91 2801.86 17.0696 0.0380000 16.8341 0.0320000 16.5254 0.0130000     5.14895    0.432161
2442.51 2832.79 14.8366 0.0170000 14.5601 0.0160000 14.4444 0.0310000     0.00000     0.00000
3756.48 2833.75 21.0576 0.0160000 20.9301 0.0180000 20.8484 0.0170000     5.55726   0.0340114
769.177 2834.60 21.3616 0.0210000 21.1111 0.0200000 20.9694 0.0260000     9.48409   0.0431674
5182.56 2835.77 22.0666 0.0970000 21.8851 0.0840000 21.8064 0.0690000     8.21078   0.0236067
4023.47 2839.62 21.3916 0.0230000 21.0771 0.0200000 20.8114 0.0200000     11.4717   0.0511149
4689.17 2842.23 24.5146 0.0410000 24.1231 0.0220000 23.7124 0.0320000     18.1968   0.0142862
2188.19 2844.78 22.2166 0.0210000 22.1091 0.0190000 22.0454 0.0200000     6.75972   0.0181814
4196.14 2845.52 21.0016 0.0230000 20.9231 0.0140000 20.8144 0.0190000     4.07950   0.0294027
2208.11 2852.07 22.3026 0.0250000 21.9831 0.0280000 21.8204 0.0180000     12.2904   0.0310470
3631.99 2859.07 18.8326 0.0220000 18.5671 0.00800000 18.3484 0.0190000     8.55421    0.174136
3862.45 2866.81 19.7706 0.0350000 19.2161 0.0300000 18.9964 0.0180000     17.5260    0.257606
2996.80 2869.35 21.6446 0.0300000 21.1041 0.0270000 20.8994 0.0230000     18.7438   0.0889128
835.978 2869.64 20.7066 0.0510000 20.4071 0.0550000 20.3334 0.0560000     10.4803   0.0694895
1690.36 2873.79 17.9786 0.0410000 17.6561 0.0390000 17.4774 0.0430000     8.70285    0.337219
4538.92 2882.62 17.9286 0.0240000 17.7021 0.0190000 17.6104 0.0180000     6.33301    0.248413
1212.38 2901.75 18.2486 0.0190000 18.1011 0.0150000 17.9794 0.0180000     4.55449    0.167211
2978.35 2906.48 16.7626 0.0800000 16.5461 0.0570000 16.4924 0.0410000     4.34316    0.494572
5086.70 2911.90 23.7986 0.0630000 23.7271 0.0380000 23.8104 0.0430000     0.00000     0.00000
5046.27 2921.24 22.5806 0.0330000 22.3081 0.0190000 22.1714 0.0230000     11.3324   0.0237697
2720.29 2929.18 23.3456 0.0230000 23.0411 0.0410000 22.8354 0.0230000     13.5213   0.0182588
947.157 2944.35 17.8046 0.0310000 17.6641 0.0210000 17.6194 0.0220000     4.03255    0.195267
3022.08 2961.08 25.0506 0.0510000 24.7621 0.0420000 24.4584 0.0460000     0.00000     0.00000
4119.76 2972.59 18.0256 0.0180000 17.7441 0.0190000 17.5674 0.0170000     7.78242    0.283461
3733.90 2989.01 18.9286 0.0120000 18.6491 0.0140000 18.4724 0.0230000     9.04732    0.173100
2830.27 2990.29 18.3536 0.0370000 18.1001 0.0270000 17.9394 0.0200000     7.80597    0.205939
3099.43 2994.53 18.9206 0.0250000 18.7451 0.0220000 18.5854 0.0150000     5.87452    0.131759
2025.82 2997.75 19.2986 0.0230000 18.9571 0.0220000 18.8384 0.0170000     11.1928    0.172347
3991.87 2999.29 19.0416 0.0190000 18.6891 0.0170000 18.4984 0.0210000     11.3491    0.194650
3801.64 3007.97 17.2956 0.0350000 17.0671 0.0410000 16.6934 0.0200000     5.24428    0.365859
2618.54 3015.78 23.5976 0.0300000 23.2601 0.0220000 23.0274 0.0250000     14.8159   0.0178738
3551.35 3019.84 20.1646 0.0280000 19.7511 0.0270000 19.5354 0.0150000     13.9877    0.141130
1303.40 3021.43 18.6126 0.0300000 18.3351 0.0340000 18.3214 0.0300000     8.76664    0.194269
3574.76 3024.75 18.1416 0.0320000 17.5931 0.0320000 17.3224 0.0210000     16.0246    0.762813
5055.29 3025.40 15.4366 0.0670000 14.9971 0.0170000 15.0254 0.0390000     0.00000     0.00000
4051.14 3050.57 19.4996 0.0180000 19.3371 0.0250000 19.2064 0.0210000     5.70935   0.0867593
3657.61 3053.18 18.8316 0.0350000 18.2121 0.0380000 17.8644 0.0250000     18.1661    0.604070
3416.92 3054.85 17.7786 0.0420000 17.1271 0.0350000 16.7914 0.0230000     0.00000     0.00000
3418.97 3054.87 18.1436 0.0460000 17.6531 0.0320000 17.1564 0.0390000     13.7241    0.578629
3422.67 3057.58 21.4976 0.0250000 20.6721 0.0600000 20.1284 0.0190000     27.1878    0.232769
3418.89 3059.69 20.3786 0.0220000 19.4461 0.0340000 19.0814 0.0240000     29.2513    0.754343
4402.88 3056.06 18.6856 0.0180000 18.4421 0.0190000 18.3224 0.0190000     7.78201    0.175496
3960.57 3058.40 14.9546 0.0170000 14.7951 0.0170000 14.7114 0.0140000     0.00000     0.00000
4664.02 3064.88 23.6946 0.0230000 23.1591 0.0200000 22.8244 0.0220000     19.8945   0.0288389
1925.44 3077.67 22.2836 0.0230000 21.9911 0.0220000 21.8934 0.0240000     11.5111   0.0288795
3774.23 3079.24 16.7396 0.0610000 16.0951 0.0350000 16.0394 0.0680000     0.00000     0.00000
3595.28 3100.79 21.0316 0.0280000 20.1681 0.0290000 19.7204 0.0220000     27.2308    0.353988
1552.35 3102.36 22.2446 0.0260000 22.2151 0.0220000 22.0914 0.0240000     5.30615   0.0151434
4877.59 3106.57 25.7816 0.0810000 25.6111 0.0720000 25.5124 0.0930000     0.00000     0.00000
3629.84 3108.73 17.4966 0.0230000 16.9241 0.0390000 16.4494 0.0120000     0.00000     0.00000
3290.23 3116.38 21.8446 0.0470000 21.8091 0.0400000 21.7374 0.0400000     4.39314   0.0178958
4524.57 3130.74 25.6016 0.0870000 25.4001 0.0660000 25.1544 0.0450000     0.00000     0.00000
3859.78 3133.34 21.1396 0.0220000 20.4401 0.0190000 20.1264 0.0150000     23.3756    0.188545
3457.79 3136.26 23.1616 0.0200000 22.5741 0.0190000 22.1044 0.0210000     21.0101   0.0466023
2974.89 3148.86 22.8006 0.0420000 22.1221 0.0320000 21.8664 0.0290000     23.5562   0.0733277
2139.37 3157.50 23.3806 0.0250000 23.0261 0.0300000 22.8744 0.0280000     14.5894   0.0198710
2585.29 3161.50 25.3536 0.0630000 25.3761 0.0680000 24.9414 0.0540000     0.00000     0.00000
3610.61 3165.53 22.7576 0.0270000 21.5751 0.0400000 20.8274 0.0260000     38.0394    0.379224
3422.14 3167.04 19.1036 0.0210000 18.5241 0.0160000 18.2134 0.0200000     17.0425    0.419114
804.231 3177.41 24.2676 0.0420000 24.1311 0.0330000 23.9074 0.0360000     0.00000     0.00000
3662.21 3181.52 21.1926 0.0340000 20.3461 0.0200000 19.8484 0.0240000     27.0518    0.300315
3573.01 3187.60 20.0516 0.0190000 18.7241 0.0240000 18.0774 0.0250000     0.00000     0.00000
3550.31 3204.52 18.5476 0.0200000 17.3911 0.0260000 16.6544 0.0250000     0.00000     0.00000
3850.89 3210.28 24.0156 0.0550000 23.8051 0.0430000 23.4234 0.0420000     13.2340   0.0116750
1611.16 3211.97 22.5096 0.0340000 22.2491 0.0270000 22.0754 0.0310000     10.9168   0.0237881
3757.47 3212.01 18.3826 0.0290000 17.3861 0.0250000 16.8054 0.0240000     0.00000     0.00000
1176.92 3221.05 21.9246 0.0210000 21.7001 0.0250000 21.5634 0.0180000     9.20948   0.0284471
1621.41 3227.63 18.9726 0.0170000 18.4191 0.0150000 18.0734 0.0200000     16.1610    0.412897
3842.61 3233.00 21.7266 0.0220000 21.4841 0.0270000 21.2464 0.0280000     9.52514   0.0339490
1947.03 3239.72 14.7456 0.0280000 14.6061 0.0340000 14.6194 0.0220000     0.00000     0.00000
5224.88 3244.96 21.1376 0.0340000 21.0351 0.0220000 20.9484 0.0190000     4.90323   0.0294400
3778.43 3256.70 19.8896 0.0180000 19.5731 0.0150000 19.3944 0.0150000     10.8424    0.121177
2766.06 3258.63 18.9446 0.0240000 18.8031 0.0260000 18.7364 0.0230000     4.85581    0.116393
4201.92 3265.66 24.3236 0.0280000 23.2761 0.0290000 22.7334 0.0590000     36.1879    0.107321
4197.93 3278.75 20.8226 0.0160000 19.7641 0.0130000 19.2214 0.0170000     33.8151    0.953300
3716.99 3285.44 23.7426 0.0550000 21.6391 0.0610000 20.5534 0.0610000     0.00000     0.00000
4461.02 3285.52 18.6986 0.0150000 18.3921 0.0150000 18.1824 0.0200000     9.70966    0.199972
3107.45 3285.64 21.0286 0.0200000 20.7651 0.0190000 20.5174 0.0200000     9.65815   0.0531055
2341.38 3289.49 14.6836 0.0340000 14.4081 0.0190000 14.3044 0.0260000     0.00000     0.00000
1601.35 3290.63 22.3146 0.0170000 22.0971 0.0100000 21.9524 0.0220000     9.50101   0.0231186
2336.65 3291.12 15.8546 0.0860000 15.3081 0.0250000 15.2024 0.0300000     0.00000     0.00000
4142.37 3313.38 19.0336 0.0200000 18.8651 0.0190000 18.7054 0.0220000     5.73992    0.121081
3708.50 3323.32 21.3666 0.0210000 20.9421 0.0200000 20.6514 0.0130000     14.8108   0.0718818
3886.03 3337.91 21.6806 0.0280000 20.8791 0.0310000 20.4104 0.0230000     26.8582    0.192016
4201.09 3349.14 21.4536 0.0190000 20.3121 0.0240000 19.7104 0.0210000     36.5854    0.846811
3701.89 3356.45 23.2136 0.0180000 22.1491 0.0200000 21.4684 0.0300000     35.9337    0.191360
3338.41 3360.82 22.0166 0.0260000 21.6091 0.0250000 21.3094 0.0170000     14.7396   0.0489084
5068.14 3363.26 18.3316 0.0350000 18.0551 0.0160000 17.9534 0.0240000     8.28587    0.230489
4092.39 3364.64 17.6836 0.0190000 17.2431 0.0270000 16.9804 0.0200000     12.1119    0.661230
3519.39 3370.26 18.1986 0.0310000 17.6431 0.0300000 17.3414 0.0300000     16.2467    0.751626
4241.62 3393.38 20.1886 0.0140000 20.0731 0.0190000 19.9924 0.0170000     4.56887   0.0525935
3058.12 3397.47 23.7646 0.0350000 23.6381 0.0490000 23.3004 0.0440000     10.8856   0.0105554
4129.49 3404.06 18.9726 0.0180000 18.6141 0.0250000 18.3934 0.0210000     11.4483    0.204244
4713.01 3407.36 18.1056 0.0160000 17.8041 0.0140000 17.6814 0.0210000     8.39972    0.289133
2583.91 3410.21 19.8596 0.0220000 19.7161 0.0240000 19.6414 0.0160000     5.14476   0.0676743
3030.80 3413.31 19.1296 0.0200000 18.7381 0.0210000 18.5524 0.0180000     12.5173    0.209647
4533.44 3425.10 18.8936 0.0320000 18.6801 0.0240000 18.5724 0.0180000     7.01301    0.148945
3610.43 3433.54 18.7926 0.0220000 18.4161 0.0230000 18.1814 0.0160000     11.4954    0.249200
4793.24 3440.90 25.9686 0.0980000 24.4601 0.0960000 24.7084 0.0610000     51.3712    0.178644
3726.48 3442.13 21.0306 0.0220000 20.2881 0.0290000 19.8454 0.0260000     24.3537    0.230583
755.961 3446.99 25.1396 0.0630000 24.9801 0.0510000 24.5304 0.0410000     0.00000     0.00000
3294.82 3447.95 20.7296 0.0220000 20.1901 0.0210000 19.9324 0.0320000     18.2178    0.152600
1386.52 3451.17 24.1176 0.0250000 24.0931 0.0230000 24.1374 0.0310000     0.00000     0.00000
4161.36 3464.26 17.7156 0.0140000 17.0921 0.0210000 16.6284 0.0240000     0.00000     0.00000
3574.43 3468.10 18.6676 0.0190000 18.3821 0.0260000 18.1494 0.0260000     9.04851    0.193667
1918.15 3499.55 17.9906 0.0280000 17.8461 0.0140000 17.7884 0.0190000     4.28371    0.183944
3764.51 3505.10 24.8766 0.0770000 24.2531 0.0340000 23.9674 0.0320000     23.7609   0.0205196
2845.34 3507.46 17.8376 0.0370000 17.4901 0.0210000 17.2844 0.0230000     9.11644    0.396344
4801.96 3509.64 22.5106 0.0290000 22.0021 0.0320000 21.7624 0.0330000     18.1574   0.0512582
3649.13 3512.25 17.9476 0.0240000 17.6341 0.0210000 17.4834 0.0160000     8.42571    0.332848
4748.81 3527.41 20.3506 0.0160000 20.0101 0.0150000 19.8854 0.0200000     11.8772   0.0986607
3427.38 3533.49 18.4546 0.0150000 18.1371 0.0110000 17.8924 0.0200000     9.46866    0.248601
3706.16 3562.70 20.3306 0.0160000 20.0841 0.0160000 19.8314 0.0250000     8.67404   0.0720691
5082.20 3563.66 24.0366 0.0530000 23.8521 0.0480000 23.6294 0.0480000     12.7368   0.0108596
4362.71 3569.27 19.8636 0.0210000 19.5811 0.0220000 19.4004 0.0190000     9.78896    0.109288
4170.10 3574.55 17.4156 0.0170000 17.0711 0.0250000 16.7204 0.0160000     8.72334    0.529669
3303.72 3576.44 21.2276 0.0160000 20.8861 0.0170000 20.5944 0.0180000     12.1430   0.0606049
3992.56 3596.74 16.0226 0.0510000 15.9691 0.0640000 15.8984 0.0490000    -1.12127    0.429835
3652.87 3603.41 23.1786 0.0240000 22.4501 0.0220000 22.0504 0.0260000     25.2632   0.0699130
3813.20 3629.94 20.4206 0.0230000 19.6091 0.0250000 19.1194 0.0180000     25.0219    0.427674
4220.96 3637.55 22.3296 0.0220000 21.8841 0.0230000 21.6464 0.0200000     16.1076   0.0468136
4048.79 3663.36 18.7796 0.0170000 18.3951 0.0130000 18.2004 0.0230000     11.6516    0.258586
817.809 3664.15 15.6936 0.0820000 15.4771 0.0740000 15.1924 0.0350000     5.25617     1.22860
2554.05 3668.89 23.4036 0.0250000 22.8041 0.0290000 22.5264 0.0260000     21.5311   0.0427115
1041.54 3675.98 23.8306 0.0540000 23.7181 0.0390000 23.6364 0.0550000     0.00000     0.00000
1530.24 3677.70 22.0206 0.0170000 21.8071 0.0210000 21.6474 0.0220000     9.02780   0.0264702
4192.89 3682.98 17.6796 0.0220000 17.3021 0.0210000 17.1424 0.0180000     9.88286    0.499542
4528.13 3687.34 20.7506 0.0200000 20.6471 0.0320000 20.3714 0.0250000     4.58732   0.0377627
4473.25 3704.06 21.5966 0.0230000 21.4391 0.0160000 21.2314 0.0210000     6.97352   0.0277027
4769.78 3707.07 23.8456 0.0290000 23.7491 0.0380000 23.5364 0.0290000     0.00000     0.00000
2625.25 3711.22 22.0956 0.0250000 21.5211 0.0210000 21.2894 0.0180000     19.9347   0.0773137
3191.33 3721.21 21.6806 0.0180000 21.2951 0.0150000 21.0004 0.0180000     13.8206   0.0547194
2142.14 3725.88 19.3366 0.0210000 19.2431 0.0180000 19.1414 0.0190000     3.35596   0.0762385
4445.24 3731.42 24.0316 0.0270000 23.6931 0.0150000 23.5944 0.0200000     15.9534   0.0151629
3305.64 3738.44 23.6056 0.0350000 22.8981 0.0230000 22.5354 0.0180000     24.9725   0.0529622
4523.58 3787.36 22.3686 0.0180000 22.1331 0.0210000 21.9574 0.0200000     10.0594   0.0237407
3350.70 3792.51 21.0856 0.0290000 20.9371 0.0220000 20.8664 0.0140000     6.20206   0.0361032
3424.32 3801.64 22.1186 0.0330000 21.3311 0.0250000 20.9044 0.0120000     26.7364    0.155917
2157.46 3811.75 17.4436 0.0180000 17.3001 0.0280000 17.2694 0.0210000     3.46252    0.249073
4950.44 3823.64 18.6436 0.0300000 18.3661 0.0180000 18.2904 0.0150000     8.78826    0.192114
2775.35 3833.39 22.8636 0.0500000 22.4741 0.0280000 22.1924 0.0300000     14.8783   0.0286558
4572.12 3836.10 23.3406 0.0240000 23.0471 0.0170000 22.8514 0.0250000     13.2932   0.0178871
2730.74 3841.41 19.4876 0.0270000 19.0211 0.0220000 18.8314 0.0190000     14.9492    0.221741
4075.83 3843.36 17.2566 0.0240000 17.0101 0.0240000 16.7894 0.0230000     5.64008    0.395493
2876.68 3847.28 25.7576 0.0790000 25.1991 0.0790000 24.8934 0.0650000     24.5965   0.0129769
4203.85 3860.76 18.7866 0.0130000 18.4601 0.0180000 18.2824 0.0180000     10.3436    0.204342
3937.77 3867.81 18.5066 0.0260000 17.9431 0.0250000 17.7064 0.0150000     16.2356    0.604367
3960.32 3884.80 21.4836 0.0210000 21.1251 0.0140000 20.8254 0.0190000     12.8565   0.0559150
2280.19 3902.64 18.9006 0.0240000 18.7441 0.0190000 18.6584 0.0130000     5.28195    0.125495
2561.28 3906.24 23.5606 0.0410000 23.1591 0.0260000 22.9444 0.0230000     16.0686   0.0208899
3764.00 3910.90 21.9076 0.0160000 21.4281 0.0250000 21.1974 0.0180000     16.8094   0.0644267
2317.60 3919.68 21.9816 0.0290000 21.5231 0.0280000 21.2564 0.0200000     16.2387   0.0583114
1820.38 3929.39 19.6546 0.0220000 19.5541 0.0190000 19.4734 0.0180000     3.69614   0.0662637
3525.90 3941.29 18.2816 0.0220000 17.9671 0.0170000 17.8574 0.0140000     9.05117    0.273210
4777.34 3947.78 19.9806 0.0210000 19.6971 0.0200000 19.5604 0.0200000     9.90070    0.101554
3970.92 3948.75 19.3126 0.0200000 19.0031 0.0200000 18.7994 0.0170000     10.2280    0.158482
4681.67 3954.08 18.9406 0.0160000 18.7591 0.0210000 18.6554 0.0160000     6.07117    0.132785
4983.34 3961.04 22.4406 0.0260000 22.2691 0.0240000 22.0314 0.0300000     8.58859   0.0191105
3721.75 3969.05 21.1676 0.0210000 20.8851 0.0210000 20.6894 0.0160000     10.3369   0.0522531
2681.27 3989.57 21.4856 0.0460000 21.2071 0.0810000 21.0564 0.0490000     10.4258   0.0440290
2827.43 3989.98 23.7276 0.0460000 23.2921 0.0240000 23.0384 0.0320000     17.2039   0.0212606
2688.81 3995.58 19.5016 0.0440000 19.2511 0.0270000 19.0694 0.0150000     8.56264    0.121570
4019.49 4004.65 23.8356 0.0230000 23.6631 0.0250000 23.3344 0.0200000     12.0171   0.0114843
2414.33 4034.29 23.3056 0.0310000 22.8471 0.0210000 22.5854 0.0220000     17.3099   0.0281326
4274.61 4035.16 21.1106 0.0170000 21.0441 0.0220000 20.9314 0.0150000     3.88656   0.0271932
4659.00 4038.68 17.0816 0.0360000 16.8991 0.0390000 16.7134 0.0510000     3.74039    0.355002
3055.84 4073.03 20.8006 0.0270000 20.5861 0.0170000 20.3534 0.0170000     8.01397   0.0514596
2042.82 4080.44 17.3756 0.0280000 17.3011 0.0190000 17.2484 0.0160000     1.72425    0.198511
3987.99 4084.93 22.1426 0.0480000 21.9671 0.0490000 21.9124 0.0410000     8.14094   0.0222359
3004.58 4087.74 17.3526 0.0290000 17.1841 0.0270000 17.1634 0.0220000     3.84881    0.286368
4236.96 4094.94 17.7286 0.0190000 17.4381 0.0240000 17.3104 0.0160000     7.49796    0.350584
4833.38 4096.89 23.0276 0.0380000 22.7751 0.0250000 22.6514 0.0210000     11.6850   0.0183649
3126.51 4110.25 26.0106 0.0650000 25.9131 0.0880000 25.3874 0.0660000     0.00000     0.00000
1678.86 4115.37 19.6516 0.0180000 19.5321 0.0220000 19.4584 0.0190000     4.26397   0.0698812
1533.90 4122.64 23.1026 0.0200000 22.9071 0.0150000 22.7144 0.0240000     10.7633   0.0157997
4920.23 4125.94 25.5136 0.0710000 25.1661 0.0570000 24.9284 0.0740000     0.00000     0.00000
4240.50 4152.29 20.2136 0.0180000 19.9731 0.0140000 19.7414 0.0180000     8.43176   0.0752441
676.230 4200.54 18.6196 0.0240000 18.4671 0.0250000 18.3734 0.0210000     4.96474    0.143425
3098.08 4217.29 23.3236 0.0290000 22.9041 0.0290000 22.7704 0.0260000     16.2670   0.0251136
3680.32 4222.95 21.8386 0.0300000 21.3801 0.0190000 21.1674 0.0190000     16.1260   0.0627420
3153.80 4240.75 19.5496 0.0220000 19.1951 0.0210000 19.0264 0.0260000     11.7632    0.160129
2217.00 4244.48 19.2636 0.0250000 19.0951 0.0170000 19.0204 0.0200000     5.89987    0.105086
3210.89 4245.60 22.5316 0.0260000 22.2351 0.0170000 21.9954 0.0290000     11.9273   0.0260969
969.259 4250.89 23.3346 0.0260000 23.1031 0.0250000 22.9984 0.0240000     12.0651   0.0156512
1203.89 4270.04 16.9726 0.0500000 16.8021 0.0450000 16.4864 0.0150000     3.26466    0.363169
4659.73 4275.80 21.0776 0.0190000 20.7651 0.0180000 20.6224 0.0220000     11.1569   0.0600287
2746.20 4276.10 23.0676 0.0340000 22.8041 0.0280000 22.5764 0.0300000     12.0032   0.0185151
2119.39 4292.36 23.9156 0.0240000 23.6561 0.0280000 23.5144 0.0330000     14.0306   0.0134989
4384.66 4294.84 22.5326 0.0180000 22.3531 0.0200000 22.1804 0.0180000     8.98201   0.0188214
3460.57 4303.94 22.0186 0.0270000 21.7151 0.0240000 21.4534 0.0170000     11.5766   0.0353198
3720.70 4312.46 22.2646 0.0180000 21.8541 0.0170000 21.5914 0.0270000     14.9865   0.0437064
4333.23 4314.17 21.2756 0.0220000 21.1581 0.0160000 21.0684 0.0180000     5.48375   0.0288077
2346.04 4326.56 17.5006 0.0180000 17.2501 0.0160000 17.1184 0.0150000     6.12453    0.349815
3169.32 4327.66 21.9916 0.0270000 21.8831 0.0210000 21.7884 0.0170000     6.19964   0.0196424
3243.38 4331.04 18.6316 0.0220000 18.4521 0.0190000 18.3834 0.0230000     5.79530    0.153467
4609.59 4343.82 23.3116 0.0270000 23.0781 0.0240000 22.8904 0.0180000     12.0449   0.0158701
929.948 4369.64 23.0916 0.0250000 22.8501 0.0210000 22.7084 0.0200000     11.6347   0.0175563
3110.56 4378.42 22.8656 0.0350000 22.6041 0.0180000 22.4024 0.0200000     11.4437   0.0197206
855.905 4387.84 23.3166 0.0290000 23.1491 0.0240000 22.9764 0.0320000     10.7045   0.0138127
2103.97 4390.90 19.8036 0.0230000 19.6231 0.0220000 19.4664 0.0200000     6.34604   0.0776867
4277.93 4394.65 24.1426 0.0370000 23.7241 0.0240000 23.4694 0.0330000     17.8041   0.0173941
2020.33 4434.94 21.0156 0.0230000 20.9161 0.0130000 20.8164 0.0180000     4.69359   0.0313266
4284.84 4471.33 19.4896 0.0150000 19.1261 0.0130000 18.9714 0.0170000     11.9956    0.167927
3693.52 4494.54 18.5586 0.0240000 18.0541 0.0250000 17.8134 0.0180000     14.3718    0.454139
3078.07 4498.64 23.0536 0.0180000 22.7641 0.0160000 22.6044 0.0180000     12.4757   0.0195573
4169.02 4503.23 21.5956 0.0170000 21.2451 0.0230000 21.0604 0.0150000     12.7094   0.0512489
1043.12 4533.80 18.1336 0.0250000 18.0231 0.0180000 17.9994 0.0170000     3.34776    0.160302
2172.80 4538.43 23.4946 0.0310000 23.4661 0.0180000 23.4454 0.0280000     0.00000     0.00000
3732.77 4541.97 19.5776 0.0140000 19.1201 0.0130000 18.8734 0.0190000     14.9195    0.199676
2476.88 4565.72 23.5986 0.0410000 23.3661 0.0230000 23.1684 0.0290000     12.7260   0.0142619
3542.01 4580.25 25.1486 0.0520000 24.8561 0.0390000 24.4724 0.0340000     0.00000     0.00000
3201.18 4583.40 20.5496 0.0180000 20.4531 0.0180000 20.3414 0.0160000     4.22357   0.0413597
5023.65 4594.30 19.4746 0.0290000 19.1641 0.0230000 19.0854 0.0140000     10.3712    0.147620
257.725 4629.06 17.4806 0.0360000 17.3751 0.0330000 17.3604 0.0260000     2.67099    0.208408
4433.28 4633.73 18.7146 0.0290000 18.4651 0.0170000 18.3774 0.0200000     7.98486    0.175896
1874.32 4655.11 24.6226 0.0460000 24.3191 0.0310000 24.1444 0.0370000     16.5997   0.0113508
3026.87 4676.04 17.9556 0.0140000 17.8851 0.0170000 17.8184 0.0160000     2.00578    0.156566
1345.10 4683.69 22.0886 0.0190000 22.0071 0.0270000 21.9234 0.0110000     5.92138   0.0180381
4663.18 4695.28 24.7456 0.0520000 24.4321 0.0320000 24.3234 0.0480000     17.0959   0.0110416
3012.48 4706.89 19.0246 0.0130000 18.5921 0.0170000 18.3264 0.0240000     13.2400    0.263814
5034.17 4711.41 22.1356 0.0390000 21.9021 0.0210000 21.6674 0.0250000     9.71645   0.0264810
1275.26 4735.31 22.5816 0.0320000 22.3521 0.0310000 22.2414 0.0200000     10.1592   0.0206744
1782.21 4759.49 21.5146 0.0410000 21.3981 0.0250000 21.3064 0.0210000     5.75224   0.0257781
1210.06 4780.04 22.1506 0.0340000 21.9901 0.0240000 21.8734 0.0190000     7.74116   0.0210615
4404.70 4787.38 17.9266 0.0160000 17.7571 0.0180000 17.6624 0.0140000     5.00055    0.198465
1738.42 4796.43 20.7916 0.0230000 20.5631 0.0170000 20.3844 0.0210000     8.42342   0.0541145
3185.52 4818.85 23.1096 0.0290000 22.8021 0.0270000 22.6674 0.0210000     12.9720   0.0198629
3000.98 4844.25 19.8316 0.0180000 19.4931 0.0260000 19.3684 0.0230000     11.4720    0.134072
1257.99 4869.42 19.5196 0.0250000 19.2161 0.0170000 19.0754 0.0180000     10.1892    0.141669
2465.68 4870.19 19.5246 0.0230000 19.2271 0.0150000 19.0944 0.0190000     10.0100    0.138906
1684.26 4901.56 22.7356 0.0270000 22.4521 0.0310000 22.2524 0.0310000     11.8246   0.0226399
1014.16 4946.92 21.0976 0.0220000 21.0121 0.0160000 20.9414 0.0180000     4.38950   0.0287165
1670.42 4955.02 24.8116 0.0470000 24.5691 0.0330000 24.3474 0.0580000     0.00000     0.00000
319.381 4974.34 22.2506 0.0350000 22.0981 0.0330000 21.9744 0.0310000     7.72747   0.0196164
4518.00 4983.79 18.7106 0.0200000 18.2791 0.0200000 18.0484 0.0220000     12.6193    0.316421
3026.75 4996.88 16.9976 0.0590000 16.7321 0.0550000 16.4394 0.0130000     6.01061    0.513189
1721.14 5073.07 19.6296 0.0260000 19.3571 0.0310000 19.2574 0.0240000     9.32162    0.121532
263.529 5079.27 21.4306 0.0320000 21.2291 0.0300000 21.1364 0.0230000     8.06179   0.0352552
1968.93 5113.17 15.3656 0.0910000 14.9451 0.0300000 14.9694 0.0240000     0.00000     0.00000
4625.97 5156.27 17.3226 0.0190000 17.1191 0.0180000 17.0264 0.0180000     4.65180    0.330315
2471.37 5156.57 19.1826 0.0300000 18.9181 0.0190000 18.7694 0.0210000     8.76716    0.149394
2259.71 5158.02 16.9476 0.0770000 16.8011 0.0690000 16.4634 0.0180000     2.61601    0.339581
977.326 5167.64 20.8666 0.0220000 20.8051 0.0140000 20.6884 0.0220000     3.44804   0.0298545
2822.91 5192.79 20.8356 0.0210000 20.5321 0.0210000 20.4114 0.0140000     10.7000   0.0661038
913.650 5201.64 25.6256 0.0900000 25.3011 0.0630000 25.2404 0.0800000     0.00000     0.00000
2400.13 5208.38 22.0446 0.0340000 21.7521 0.0310000 21.6244 0.0180000     11.2733   0.0333159
2198.51 5213.13 22.9456 0.0350000 22.7041 0.0240000 22.5564 0.0240000     11.2586   0.0184806
2448.68 5228.06 23.8076 0.0520000 23.7471 0.0300000 23.4964 0.0260000     0.00000     0.00000
884.377 5237.83 20.4396 0.0330000 20.2101 0.0350000 20.1434 0.0220000     8.17351   0.0650577
1284.41 5241.85 22.1046 0.0270000 21.9281 0.0160000 21.7874 0.0170000     8.12126   0.0227780
3551.61 5251.95 21.3596 0.0200000 21.0361 0.0220000 20.8694 0.0260000     11.7136   0.0535941
1511.48 5259.89 20.7796 0.0290000 20.6681 0.0210000 20.5844 0.0160000     4.84853   0.0381503
3841.41 5265.20 17.1426 0.0150000 17.0191 0.0120000 16.9154 0.0150000     2.39935    0.278352
3610.36 5266.04 18.7776 0.0240000 18.5481 0.0140000 18.3984 0.0200000     7.41957    0.163457
3936.40 5274.60 20.3926 0.0160000 20.3061 0.0140000 20.1884 0.0210000     3.81709   0.0435942
640.704 5303.48 21.0846 0.0320000 20.8471 0.0370000 20.7574 0.0190000     8.91030   0.0477166
497.567 5304.20 21.7706 0.0290000 21.5971 0.0260000 21.4584 0.0310000     7.62590   0.0266964
3774.17 5323.16 20.2706 0.0310000 20.1851 0.0190000 20.1074 0.0180000     3.71031   0.0462155
3651.87 5363.54 14.6426 0.0220000 14.5361 0.0160000 14.5084 0.0190000     0.00000     0.00000
3750.45 5379.82 19.9536 0.0210000 19.6531 0.0190000 19.5374 0.0180000     10.3997    0.110280
2898.85 5417.98 23.5966 0.0320000 23.3241 0.0220000 23.1914 0.0210000     13.5419   0.0154962
3979.27 5420.02 17.3516 0.0290000 17.1291 0.0170000 16.8764 0.0190000     5.17978    0.347085
3971.86 5459.72 19.6146 0.0180000 19.3121 0.0190000 19.1914 0.0160000     10.2248    0.134661
2664.17 5469.94 20.0196 0.0210000 19.9091 0.0210000 19.8294 0.0150000     4.28258   0.0567200
1344.42 5479.60 23.8476 0.0460000 23.7051 0.0500000 23.5254 0.0350000     11.4148   0.0106015
4248.76 5511.31 23.6966 0.0260000 23.4341 0.0390000 23.1744 0.0240000     13.5841   0.0146221
955.322 5529.68 20.8846 0.0410000 20.6351 0.0450000 20.5034 0.0240000     9.12432   0.0549592
94.6610 5533.16 21.1626 0.0300000 21.0001 0.0350000 20.8754 0.0330000     6.68128   0.0361946
2812.85 5533.17 24.4106 0.0500000 24.1141 0.0290000 23.8704 0.0410000     15.9594   0.0121654
4410.84 5558.88 17.5326 0.0240000 17.4791 0.0270000 17.4304 0.0160000     1.19389    0.179133
1448.23 5560.01 23.1256 0.0420000 22.9891 0.0350000 22.8314 0.0320000     9.60902   0.0138669
2737.48 5562.00 19.0916 0.0280000 18.9831 0.0290000 18.9064 0.0160000     3.85467   0.0921328
3104.18 5578.65 17.3466 0.0200000 17.1061 0.0190000 16.9444 0.0170000     5.62894    0.369686
2974.11 5587.48 18.5226 0.0280000 18.2551 0.0290000 18.1054 0.0240000     8.39963    0.196500
856.358 5589.54 19.9736 0.0170000 19.7941 0.0190000 19.6514 0.0210000     6.34476   0.0708540
3469.90 5697.03 19.5936 0.0260000 19.3741 0.0270000 19.2334 0.0200000     7.68253    0.102684
1408.24 5703.36 24.1826 0.0520000 24.0521 0.0340000 23.8334 0.0490000     0.00000     0.00000
3804.14 5719.43 22.9676 0.0260000 22.7191 0.0280000 22.5394 0.0220000     11.4522   0.0185981
3420.91 5737.18 19.3116 0.0170000 19.0361 0.0170000 18.9524 0.0200000     9.19180    0.144854
1714.19 5739.59 23.5706 0.0410000 23.2941 0.0430000 23.1694 0.0410000     13.5532   0.0158075
2187.42 5753.29 18.0926 0.0250000 17.9291 0.0220000 17.7684 0.0430000     4.93330    0.184505
2064.03 5757.45 15.6376 0.0310000 15.7881 0.0680000 15.8194 0.0610000    -6.88283    0.265336
3386.46 5770.93 22.2946 0.0260000 22.0351 0.0250000 21.8204 0.0280000     10.6234   0.0263772
4373.99 5813.63 21.4186 0.0280000 21.2821 0.0170000 21.0894 0.0230000     6.17976   0.0284003
3089.18 5829.12 18.1996 0.0240000 18.0081 0.0260000 17.9614 0.0200000     5.86036    0.188343
3063.33 5832.70 16.5296 0.0990000 16.3211 0.0840000 16.1294 0.0300000     4.00556    0.570460
2423.73 5844.46 21.2146 0.0230000 20.9701 0.0220000 20.7944 0.0230000     9.20733   0.0456990
4273.95 5890.46 22.3026 0.0270000 22.0111 0.0310000 21.8794 0.0210000     11.5073   0.0285726
1436.81 5900.94 20.3026 0.0430000 20.1801 0.0340000 20.1014 0.0190000     4.86996   0.0504291
1671.89 5902.12 19.9296 0.0310000 19.6661 0.0300000 19.5794 0.0300000     9.21532   0.0967349
2880.51 5945.49 20.1886 0.0190000 20.0651 0.0320000 19.9994 0.0220000     4.80703   0.0539591
699.483 5959.22 21.9946 0.0280000 21.7371 0.0350000 21.6364 0.0220000     10.1974   0.0299467
3136.04 5960.30 23.6306 0.0360000 23.4431 0.0270000 23.2674 0.0400000     11.8551   0.0128712
962.391 5998.58 20.2886 0.0340000 20.1991 0.0360000 20.1604 0.0250000     3.84508   0.0463323
3661.55 6033.06 22.9976 0.0290000 22.8101 0.0290000 22.6164 0.0360000     10.3363   0.0161710
3762.76 6097.61 16.9486 0.0420000 16.7311 0.0400000 16.4804 0.0210000     4.51548    0.437462
1910.75 6119.96 16.3286 0.0900000 16.1961 0.0750000 16.1014 0.0530000     1.48688    0.477896
3010.00 6130.29 18.9096 0.0260000 18.8021 0.0240000 18.7364 0.0130000     3.79602    0.105130
3599.30 6150.56 23.0916 0.0520000 22.7781 0.0440000 22.5484 0.0430000     13.0846   0.0203849
3468.44 6195.35 24.6156 0.0590000 24.6061 0.0650000 24.4734 0.0670000     0.00000     0.00000
2324.38 6206.50 20.4876 0.0340000 20.4551 0.0310000 20.2724 0.0210000     2.26471   0.0344503
4140.15 6228.19 24.5186 0.0820000 24.3261 0.0530000 24.0004 0.0550000     0.00000     0.00000
3601.01 6258.58 22.6306 0.0440000 22.3611 0.0320000 22.2244 0.0320000     11.3123   0.0229358
2739.49 6269.17 20.4886 0.0280000 20.3991 0.0260000 20.3174 0.0220000     3.96953   0.0418212
2802.52 6310.88 20.8666 0.0220000 20.6221 0.0220000 20.5084 0.0200000     8.96079   0.0546359
3319.05 6311.53 21.3086 0.0260000 21.2331 0.0310000 21.1154 0.0140000     4.37750   0.0253881
3481.57 6326.93 20.5806 0.0280000 20.4691 0.0350000 20.3724 0.0200000     4.70607   0.0426206
3459.71 6397.74 23.1906 0.0230000 22.9621 0.0310000 22.7974 0.0420000     11.6355   0.0164529
4040.11 6413.47 22.6066 0.0310000 22.5051 0.0380000 22.4034 0.0240000     7.64702   0.0154924
3609.22 6446.57 20.0806 0.0240000 19.8151 0.0180000 19.6564 0.0210000     9.26110   0.0875138
3885.97 6484.45 18.7726 0.0260000 18.7591 0.0270000 18.6514 0.0180000    0.571481   0.0802129
2501.86 419.626 23.3436 0.0380000 22.9981 0.0280000 22.7304 0.0430000     14.3181   0.0197752
1649.22 434.133 17.5596 0.0360000 17.4551 0.0260000 17.3974 0.0290000     2.76585    0.197802
1840.67 456.155 20.3586 0.0370000 19.6021 0.0440000 19.3724 0.0250000     23.4578    0.364982
2700.71 551.210 23.7296 0.0370000 23.3571 0.0440000 23.2484 0.0320000     15.8405   0.0183217
3028.87 744.145 24.2956 0.0570000 24.9471 0.0490000 24.7084 0.0530000     0.00000     0.00000
1191.23 801.628 17.2806 0.0430000 17.1301 0.0200000 17.0274 0.0280000     3.29329    0.281266
1463.61 865.270 17.9806 0.0380000 17.3831 0.0310000 17.1554 0.0310000     18.2038     1.12232
2608.01 866.170 23.6616 0.0730000 23.4331 0.0530000 23.2434 0.0540000     12.7885   0.0138525
4006.86 891.963 20.9946 0.0290000 20.6301 0.0280000 20.5314 0.0220000     12.7344   0.0728249
2402.85 961.385 17.2926 0.0300000 16.9621 0.0380000 16.4844 0.0250000     8.22863    0.547088
5498.88 1013.95 21.5126 0.0240000 21.3981 0.0270000 21.2804 0.0250000     5.69512   0.0256594
1610.80 1073.00 17.5966 0.0260000 17.4571 0.0270000 17.4694 0.0200000     3.68005    0.221213
5211.28 1198.34 25.1736 0.0800000 24.9421 0.0770000 24.6184 0.0790000     0.00000     0.00000
1230.69 1234.66 22.3006 0.0550000 21.8261 0.0450000 21.6044 0.0380000     16.9745   0.0516426
3908.82 1275.93 21.6766 0.0300000 21.5421 0.0230000 21.4994 0.0230000     6.44436   0.0250636
4878.49 1284.64 19.2736 0.0260000 19.0961 0.0220000 18.9954 0.0230000     6.18093    0.108017
3237.75 1292.61 20.6996 0.0340000 20.3881 0.0210000 20.1674 0.0280000     10.9121   0.0723605
4466.42 1311.32 25.6266 0.0880000 24.7561 0.0520000 24.6284 0.0600000     31.4355   0.0289465
2055.23 1322.08 23.5686 0.0450000 22.6561 0.0690000 22.4984 0.0510000     31.5515    0.105439
4121.84 1371.30 21.3726 0.0220000 21.2431 0.0150000 21.1514 0.0260000     5.93153   0.0284675
3129.07 1450.08 21.7406 0.0300000 21.6611 0.0300000 21.5884 0.0190000     5.02134   0.0203282
3376.43 1509.42 17.0546 0.0870000 16.7521 0.0700000 16.4694 0.0230000     7.24133    0.578587
929.682 1562.22 22.4606 0.0430000 22.1721 0.0360000 22.0064 0.0480000     11.6209   0.0264021
2251.81 1644.53 22.0586 0.0190000 21.5011 0.0170000 21.1494 0.0240000     19.3656   0.0749097
4340.47 1828.96 24.5956 0.0410000 24.5421 0.0420000 24.6044 0.0510000     0.00000     0.00000
2928.75 1909.42 17.2096 0.0330000 17.0941 0.0120000 16.9304 0.0240000     2.35219    0.260428
4407.46 1940.23 20.1996 0.0180000 19.8561 0.0190000 19.7284 0.0190000     11.8802    0.110496
1471.63 2064.79 22.2496 0.0260000 22.2011 0.0240000 22.1034 0.0210000     5.69065   0.0158086
4542.14 2099.56 23.2616 0.0320000 22.8821 0.0180000 22.6844 0.0250000     15.0977   0.0230130
3414.70 2133.47 23.4606 0.0300000 23.0651 0.0180000 22.8404 0.0230000     15.7810   0.0216974
3861.54 2194.26 21.3636 0.0230000 20.8681 0.0280000 20.6374 0.0210000     17.1921   0.0898892
5075.21 2222.19 22.1436 0.0230000 21.8921 0.0180000 21.7454 0.0220000     10.2180   0.0276725
4812.70 2292.14 20.1116 0.0240000 20.0291 0.0140000 19.9494 0.0170000     3.51873   0.0494097
3332.50 2303.08 21.0806 0.0240000 20.9311 0.0320000 20.8394 0.0200000     6.22732   0.0363440
1326.58 2309.53 19.1186 0.0260000 18.9251 0.0330000 18.8364 0.0290000     6.56038    0.125241
5385.73 2382.78 17.8106 0.0220000 17.5941 0.0220000 17.5374 0.0250000     5.86702    0.257914
3266.02 2443.61 20.7616 0.0210000 20.5271 0.0200000 20.3394 0.0220000     8.57769   0.0560229
2779.32 2452.60 22.0626 0.0360000 21.6351 0.0320000 21.4304 0.0280000     15.3816   0.0506324
820.760 2467.76 17.6976 0.0190000 17.5751 0.0190000 17.5344 0.0190000     3.40998    0.195456
2580.46 2499.87 20.1586 0.0490000 20.0111 0.0360000 19.8444 0.0240000     5.49721   0.0589403
2566.02 2516.00 20.1166 0.0210000 19.8841 0.0230000 19.7174 0.0260000     8.14225   0.0772262
5006.84 2638.92 24.6166 0.0820000 23.8831 0.0800000 23.7324 0.0770000     26.4947   0.0329305
3036.44 2653.93 18.2476 0.0220000 17.8951 0.0210000 17.7294 0.0260000     9.88675    0.317527
5054.98 2654.00 18.4746 0.0450000 18.3081 0.0470000 18.2034 0.0370000     5.29032    0.159149
1235.33 2662.86 23.3816 0.0330000 23.1171 0.0230000 22.9564 0.0320000     12.8316   0.0165639
3506.41 2666.07 19.1316 0.0250000 18.8361 0.0190000 18.7074 0.0190000     9.67572    0.165428
3211.41 2775.86 24.2456 0.0350000 23.7811 0.0270000 23.5054 0.0290000     18.9693   0.0184292
3026.40 2778.27 20.5966 0.0420000 20.0761 0.0230000 19.8044 0.0190000     17.5467    0.154194
2855.23 2790.93 20.4656 0.0240000 20.3341 0.0220000 20.2654 0.0240000     5.25203   0.0478277
1085.00 2820.21 22.1236 0.0210000 21.8491 0.0260000 21.7124 0.0230000     10.8214   0.0295690
3554.84 2828.55 18.6916 0.0210000 17.4511 0.0200000 16.8084 0.0180000     0.00000     0.00000
1433.77 2831.82 18.8226 0.0240000 18.5891 0.0360000 18.5394 0.0170000     7.57273    0.161940
2883.26 2894.33 21.8756 0.0330000 21.4741 0.0220000 21.3094 0.0300000     14.4554   0.0517042
5041.08 2896.84 21.1836 0.0290000 21.0501 0.0140000 20.9464 0.0210000     5.84142   0.0319734
4175.48 2903.98 19.7016 0.0220000 19.5091 0.0140000 19.3334 0.0180000     6.74386   0.0854033
547.969 2905.40 18.8036 0.0340000 18.6081 0.0400000 18.5704 0.0320000     6.40226    0.147953
3629.67 2915.45 19.9456 0.0340000 19.4161 0.0280000 19.1264 0.0280000     17.3093    0.207030
3856.06 2978.46 20.7256 0.0210000 19.9151 0.0210000 19.5524 0.0180000     25.4049    0.353775
3623.70 2980.15 18.7506 0.0290000 17.7211 0.0230000 17.1514 0.0220000     0.00000     0.00000
3206.65 3020.82 21.8026 0.0220000 21.4051 0.0180000 21.1014 0.0210000     14.2770   0.0531726
3954.80 3053.13 14.2826 0.0190000 14.1161 0.0130000 14.4014 0.0560000     0.00000     0.00000
4395.07 3074.99 17.6586 0.0180000 17.4041 0.0170000 17.2694 0.0210000     6.47402    0.321926
3605.25 3109.97 22.2926 0.0400000 21.7151 0.0240000 21.3044 0.0250000     20.0599   0.0703330
2979.95 3129.73 24.1496 0.0400000 23.6921 0.0290000 23.3514 0.0240000     18.5850   0.0187802
1260.94 3132.71 18.8066 0.0270000 18.5591 0.0310000 18.4674 0.0330000     7.98796    0.168693
3900.57 3133.69 18.9516 0.0200000 18.6381 0.0150000 18.4994 0.0180000     10.0988    0.185198
3775.67 3138.48 18.1286 0.0240000 17.7561 0.0260000 17.6414 0.0160000     10.2079    0.366108
3577.35 3144.43 19.8666 0.0230000 19.2931 0.0230000 18.9734 0.0220000     18.1528    0.259832
3543.39 3169.78 23.1416 0.0390000 21.0621 0.0590000 19.9504 0.0540000     0.00000     0.00000
3659.88 3173.72 18.5836 0.0180000 17.8561 0.0180000 17.4904 0.0190000     22.9691     1.31329
3924.21 3175.47 17.7406 0.0210000 17.4111 0.0120000 17.2574 0.0190000     8.50713    0.394837
2361.29 3185.18 22.6796 0.0250000 22.5781 0.0270000 22.4414 0.0230000     7.83498   0.0150301
3714.05 3216.25 18.2256 0.0190000 17.5751 0.0250000 17.2334 0.0220000     20.2002     1.20782
3213.61 3246.16 18.4316 0.0260000 18.0431 0.0280000 17.8284 0.0200000     11.0896    0.322605
4200.50 3253.42 20.0986 0.0170000 19.6531 0.0190000 19.3264 0.0180000     14.9163    0.158611
3210.77 3266.82 19.7586 0.0180000 19.5021 0.0160000 19.2874 0.0120000     8.92410    0.106116
1799.29 3267.37 23.9606 0.0300000 23.8151 0.0270000 23.5934 0.0290000     11.7408   0.0101472
4144.81 3271.72 20.3516 0.0230000 19.6151 0.0240000 19.2474 0.0190000     22.9390    0.342464
5161.07 3289.62 17.5086 0.0440000 17.3051 0.0630000 17.1344 0.0490000     4.96140    0.293764
3477.80 3316.69 18.9546 0.0190000 17.9721 0.0120000 17.4414 0.0190000     0.00000     0.00000
3660.24 3326.43 23.7166 0.0360000 23.3041 0.0260000 22.9964 0.0310000     16.5894   0.0198710
3504.72 3340.72 22.9456 0.0640000 22.7251 0.0690000 22.4974 0.0610000     10.8478   0.0177105
2189.98 3341.18 23.0186 0.0220000 22.9731 0.0180000 22.8214 0.0260000     7.44862   0.0118704
3607.72 3348.14 20.2756 0.0200000 19.9211 0.0130000 19.7084 0.0110000     12.2681    0.109643
3810.10 3359.95 21.3186 0.0230000 20.6401 0.0260000 20.2654 0.0150000     22.8605    0.167637
3882.41 3389.76 18.5446 0.0340000 17.3281 0.0240000 16.6194 0.0280000     0.00000     0.00000
3849.46 3404.43 25.6706 0.0720000 25.3811 0.0640000 25.1364 0.0710000     0.00000     0.00000
1838.83 3410.87 22.6776 0.0320000 22.3941 0.0160000 22.2544 0.0310000     11.7529   0.0233580
518.864 3452.47 19.8966 0.0470000 19.6551 0.0420000 19.5844 0.0310000     8.43351   0.0896755
2764.86 3470.07 19.1176 0.0430000 18.8981 0.0290000 18.8364 0.0210000     7.35146    0.135785
1025.56 3477.83 22.8096 0.0300000 22.5901 0.0320000 22.5004 0.0150000     10.4780   0.0185348
4138.80 3481.28 21.0526 0.0240000 20.6181 0.0150000 20.3074 0.0160000     15.0886   0.0878516
4089.38 3509.55 18.8306 0.0180000 18.6631 0.0190000 18.4974 0.0220000     5.56832    0.134795
458.333 3509.81 22.1616 0.0200000 21.9581 0.0270000 21.7934 0.0310000     8.92927   0.0240084
2296.66 3526.17 19.0386 0.0390000 18.6851 0.0270000 18.5834 0.0130000     11.3775    0.195263
1822.94 3528.57 21.7856 0.0230000 21.4831 0.0170000 21.3264 0.0170000     11.3536   0.0403985
4242.38 3540.15 18.8036 0.0260000 18.5951 0.0300000 18.4704 0.0140000     6.79817    0.153190
5063.19 3597.22 17.4656 0.0470000 17.2091 0.0400000 17.1184 0.0320000     6.22197    0.364245
472.324 3601.76 19.4526 0.0180000 19.3131 0.0370000 19.2464 0.0310000     4.91622   0.0826128
2634.44 3615.04 19.6546 0.0210000 19.5381 0.0160000 19.4594 0.0160000     4.17631   0.0692294
4097.00 3640.21 18.0326 0.0150000 17.5931 0.0210000 17.3424 0.0190000     12.0183    0.501966
1051.06 3644.48 21.8726 0.0230000 21.4671 0.0280000 21.3364 0.0220000     14.5721   0.0524755
575.576 3666.82 20.0936 0.0380000 20.0821 0.0430000 20.0094 0.0300000     1.31523   0.0405385
3034.06 3752.17 17.5456 0.0350000 17.1341 0.0220000 16.7314 0.0210000     11.0800    0.645787
3696.99 3754.32 18.8656 0.0300000 18.5891 0.0390000 18.4134 0.0340000     8.91214    0.176272
3853.11 3757.82 21.0766 0.0210000 19.8681 0.0320000 19.2364 0.0220000     0.00000     0.00000
4862.77 3767.70 17.2216 0.0270000 16.9101 0.0370000 16.5344 0.0160000     7.58463    0.530846
1562.43 3773.30 21.8156 0.0220000 21.7051 0.0200000 21.5784 0.0300000     5.96092   0.0216227
4201.50 3781.93 18.1056 0.0250000 17.8061 0.0140000 17.6404 0.0140000     8.35411    0.287300
3241.99 3783.35 19.5186 0.0240000 19.2861 0.0230000 19.1044 0.0180000     8.02624    0.113136
1709.69 3798.45 24.1176 0.0280000 23.8951 0.0230000 23.6944 0.0360000     13.7233   0.0115206
2672.72 3835.76 24.4226 0.0380000 24.0021 0.0260000 23.6964 0.0310000     18.5645   0.0156948
3862.22 3856.19 18.2216 0.0330000 17.3611 0.0320000 16.9174 0.0380000     0.00000     0.00000
3531.82 3872.85 25.4686 0.0560000 24.9611 0.0520000 24.7864 0.0510000     22.8529   0.0129463
1955.72 3906.53 19.1266 0.0200000 18.8281 0.0160000 18.6874 0.0230000     9.76368    0.166985
4019.17 3923.38 19.3146 0.0180000 19.1381 0.0230000 19.0264 0.0160000     6.17901    0.104763
2429.95 3936.60 23.8636 0.0810000 23.5811 0.0870000 23.6304 0.0710000     14.3928   0.0143791
4903.76 3946.09 21.0556 0.0290000 20.7211 0.0260000 20.5574 0.0190000     11.8002   0.0648105
487.962 3964.98 18.5776 0.0260000 18.5061 0.0270000 18.4064 0.0280000     2.46876    0.113714
4565.61 3984.15 24.5766 0.0450000 24.4231 0.0280000 24.1804 0.0390000     0.00000     0.00000
3677.01 4013.94 21.2476 0.0200000 21.1421 0.0150000 21.0094 0.0180000     5.12136   0.0282939
624.444 4064.88 20.3936 0.0220000 20.1811 0.0330000 20.0944 0.0160000     7.62777   0.0633782
2692.19 4206.08 18.6286 0.0320000 18.3971 0.0200000 18.1754 0.0230000     7.37689    0.174625
649.174 4236.32 23.1026 0.0300000 22.8181 0.0340000 22.7704 0.0270000     12.5041   0.0190637
4195.88 4276.65 17.7676 0.0210000 17.5661 0.0130000 17.4174 0.0140000     5.43837    0.250973
2881.47 4370.73 23.6846 0.0260000 23.2801 0.0220000 23.0474 0.0300000     16.3505   0.0197802
3957.08 4443.38 20.4746 0.0230000 20.1261 0.0160000 19.8544 0.0180000     12.1325   0.0926966
3532.69 4450.66 21.6686 0.0640000 21.3201 0.0420000 21.2044 0.0430000     12.7011   0.0490481
5041.99 4571.53 23.8366 0.0450000 23.7691 0.0320000 23.4974 0.0410000     0.00000     0.00000
2359.94 4593.18 23.0656 0.0190000 22.9671 0.0260000 22.8854 0.0260000     8.67125   0.0131060
2613.26 4608.05 19.2886 0.0330000 19.0711 0.0230000 18.9254 0.0180000     7.40950    0.123088
2693.17 4672.40 25.0916 0.0580000 24.8141 0.0450000 24.6134 0.0470000     0.00000     0.00000
3477.85 4792.57 23.7846 0.0540000 23.4311 0.0600000 23.1174 0.0430000     15.6105   0.0172767
4535.47 4796.47 17.4296 0.0730000 17.0621 0.0530000 16.9464 0.0460000     9.48228    0.579234
3145.25 4883.84 17.9056 0.0200000 17.7661 0.0150000 17.6994 0.0200000     4.07236    0.187840
4918.54 4894.34 20.2906 0.0180000 20.0241 0.0170000 19.8834 0.0220000     9.30849   0.0781249
685.978 4907.91 20.0636 0.0320000 19.8041 0.0380000 19.6574 0.0240000     9.05418   0.0866598
3582.22 4936.40 17.6296 0.0200000 17.3251 0.0140000 17.1774 0.0230000     7.69816    0.387840
3098.52 5159.43 17.5846 0.0230000 17.3111 0.0200000 17.2094 0.0150000     6.84038    0.360001
2668.58 5239.58 17.4816 0.0270000 17.2321 0.0240000 17.1494 0.0150000     6.06938    0.352549
4332.65 5275.86 18.5836 0.0440000 18.5071 0.0370000 18.4534 0.0310000     2.62518    0.115311
4390.68 5361.21 22.8436 0.0220000 22.5311 0.0220000 22.3794 0.0220000     12.7504   0.0233827
1500.15 5412.71 20.5276 0.0270000 20.4711 0.0290000 20.4024 0.0160000     3.00835   0.0366621
430.136 5424.53 19.5016 0.0320000 19.4591 0.0310000 19.3934 0.0270000     1.83744   0.0604084
3330.85 5434.30 24.4496 0.0350000 24.2131 0.0250000 24.1264 0.0470000     14.7899   0.0103285
3100.85 5538.71 18.6526 0.0250000 18.4391 0.0240000 18.2704 0.0140000     6.84536    0.165704
2103.12 5576.90 21.8366 0.0330000 21.5461 0.0380000 21.4004 0.0270000     11.0379   0.0377029
3017.74 5625.40 16.5756 0.0780000 16.3401 0.0600000 16.3244 0.0410000     4.95815    0.620258
3291.62 5785.13 19.9936 0.0230000 19.6591 0.0290000 19.5754 0.0140000     11.4629    0.121196
3596.16 5786.31 18.3506 0.0190000 18.2511 0.0310000 18.2264 0.0160000     3.16361    0.140780
298.823 5890.61 19.3326 0.0260000 19.2921 0.0450000 19.1404 0.0200000     1.64683   0.0654444
1758.84 5955.38 22.2166 0.0220000 21.9821 0.0350000 21.8334 0.0330000     9.84400   0.0255502
643.756 6012.45 20.6966 0.0440000 20.4131 0.0680000 20.2794 0.0330000     9.99249   0.0668441
3769.16 6133.41 22.9726 0.0360000 23.0121 0.0370000 22.7884 0.0270000     0.00000     0.00000
3354.47 6290.39 18.1346 0.0570000 18.1431 0.0490000 18.0874 0.0270000   -0.275583    0.112293
2822.44 6327.22 24.5946 0.0680000 24.3551 0.0450000 24.3144 0.0640000     0.00000     0.00000
3214.97 6350.32 17.0556 0.0710000 16.7001 0.0400000 16.4424 0.0260000     9.33179    0.741000
2133.91 285.914 18.3016 0.0710000 18.0631 0.0570000 18.0434 0.0600000     7.35916    0.200420
5558.21 890.162 19.5096 0.0280000 19.2571 0.0140000 19.1574 0.0210000     8.62908    0.121819
3319.02 1002.58 19.9786 0.0350000 19.8521 0.0270000 19.8074 0.0230000     4.72655   0.0607163
4896.86 1121.41 23.0396 0.0360000 22.7071 0.0320000 22.6104 0.0210000     13.5392   0.0223908
5387.84 1148.06 18.2876 0.0340000 17.9931 0.0360000 17.9354 0.0400000     8.60738    0.253938
3969.43 1239.37 22.6626 0.0360000 22.3131 0.0190000 22.1644 0.0300000     13.5370   0.0282755
5497.43 1332.06 22.3526 0.0300000 22.1631 0.0230000 21.9844 0.0400000     8.78322   0.0206407
3461.37 1533.19 20.1136 0.0290000 19.9761 0.0300000 19.9044 0.0210000     5.16294   0.0585595
4774.57 1584.36 18.8736 0.0920000 18.6301 0.0920000 18.5194 0.0790000     7.91275    0.162422
4609.42 1620.11 17.6386 0.0340000 17.5161 0.0210000 17.4204 0.0170000     3.36890    0.199559
3829.18 1775.71 19.9026 0.0300000 19.7721 0.0250000 19.7184 0.0190000     4.78783   0.0638889
947.591 1793.53 24.3496 0.0400000 23.9491 0.0230000 23.7104 0.0420000     17.9853   0.0154236
3175.09 1798.18 18.2296 0.0310000 18.0281 0.0170000 17.8754 0.0210000     6.18578    0.190286
1552.03 1802.73 17.9596 0.0220000 17.7021 0.0300000 17.5154 0.0290000     7.10218    0.271911
1134.83 1914.20 22.6196 0.0500000 22.2521 0.0380000 22.0534 0.0470000     13.9785   0.0301772
2925.11 2053.63 19.7456 0.0310000 19.4761 0.0190000 19.2894 0.0180000     9.31098    0.112257
3372.87 2248.86 24.7936 0.0430000 24.4341 0.0390000 24.1084 0.0380000     18.1738   0.0120797
1875.68 2254.26 22.0096 0.0690000 21.3241 0.0670000 20.9754 0.0680000     23.5543    0.122405
2640.21 2301.09 19.3096 0.0300000 18.9141 0.0280000 18.7384 0.0260000     12.8450    0.193337
939.787 2375.77 22.5566 0.0370000 22.2611 0.0350000 22.1954 0.0250000     11.9309   0.0257158
4487.42 2460.25 21.1516 0.0190000 21.0141 0.0150000 20.9334 0.0220000     5.93254   0.0332054
818.512 2492.03 21.6396 0.0230000 21.3901 0.0260000 21.2814 0.0200000     9.65840   0.0367977
1929.56 2724.40 21.8816 0.0170000 21.5101 0.0240000 21.2784 0.0310000     13.5438   0.0472490
4280.02 2757.70 18.7456 0.0240000 18.4921 0.0180000 18.3804 0.0210000     8.12828    0.175352
3007.17 2762.62 21.0866 0.0320000 20.8291 0.0170000 20.5534 0.0300000     9.52671   0.0503722
629.374 2834.31 21.4126 0.0330000 21.3021 0.0250000 21.1824 0.0260000     5.46216   0.0266104
2609.07 2889.89 22.5886 0.0590000 22.2801 0.0460000 22.1294 0.0460000     12.3255   0.0262517
855.262 2944.35 18.6636 0.0390000 18.3931 0.0340000 18.3314 0.0230000     8.58899    0.187903
853.239 2963.92 21.6106 0.0290000 21.5051 0.0300000 21.3874 0.0220000     5.57062   0.0238013
3699.89 2992.19 22.4126 0.0270000 22.1311 0.0320000 21.9514 0.0270000     11.3703   0.0264942
3308.06 3055.80 19.2446 0.0230000 18.0871 0.0200000 17.4364 0.0220000     0.00000     0.00000
2863.40 3067.43 24.3636 0.0360000 24.0101 0.0250000 23.7184 0.0350000     17.0474   0.0139577
3938.56 3087.46 21.5106 0.0480000 21.2151 0.0600000 21.1644 0.0360000     10.9663   0.0456866
3552.56 3101.74 23.0396 0.0370000 22.2481 0.0380000 21.7484 0.0250000     27.4087   0.0928004
2659.83 3139.87 19.1386 0.0220000 18.7121 0.0260000 18.5724 0.0140000     13.3332    0.240288
4034.21 3193.12 19.1866 0.0300000 18.5561 0.0260000 18.2364 0.0290000     18.6386    0.486437
2748.75 3236.85 19.3586 0.0250000 19.2661 0.0280000 19.1334 0.0220000     3.32899   0.0751512
2822.19 3242.07 20.9526 0.0340000 20.4771 0.0290000 20.3284 0.0170000     16.4239    0.111310
4741.52 3283.54 22.0806 0.0150000 21.7531 0.0170000 21.4864 0.0210000     12.3389   0.0370404
4040.65 3322.18 22.2496 0.0400000 21.6631 0.0360000 21.2314 0.0450000     20.3757   0.0740227
3356.74 3356.32 18.8416 0.0460000 18.6111 0.0390000 18.4134 0.0200000     7.49457    0.159410
3860.16 3367.10 24.2686 0.0410000 23.6451 0.0290000 23.4224 0.0280000     23.0084   0.0280442
4853.21 3415.78 19.7886 0.0140000 19.5741 0.0150000 19.3834 0.0220000     7.50252   0.0873483
2957.14 3455.40 23.3276 0.0400000 22.7281 0.0280000 22.3884 0.0250000     21.4838   0.0444258
2956.86 3553.28 20.2036 0.0260000 19.9341 0.0180000 19.7574 0.0180000     9.39909   0.0827147
4520.04 3682.46 18.1786 0.0250000 17.8931 0.0210000 17.7094 0.0180000     8.18233    0.262931
4991.50 3684.40 16.8976 0.0780000 16.7111 0.0740000 16.4704 0.0600000     3.55322    0.397854
4056.92 3765.14 20.0236 0.0170000 19.6491 0.0220000 19.3864 0.0210000     12.7020    0.135225
2819.44 3989.62 21.8646 0.0320000 21.2371 0.0280000 20.9424 0.0340000     21.6871    0.109122
2644.40 4281.25 18.2476 0.0380000 17.9901 0.0210000 17.8894 0.0190000     7.68332    0.226368
4286.22 4349.42 19.0016 0.0220000 18.7171 0.0150000 18.5304 0.0150000     9.25039    0.170038
1905.28 4428.67 19.0646 0.0750000 18.7951 0.0720000 18.6874 0.0660000     8.83741    0.159614
1191.68 4707.52 19.4406 0.0910000 19.3921 0.0590000 19.3244 0.0640000     1.97041   0.0634723
1037.20 4928.51 18.3946 0.0180000 18.3011 0.0310000 18.2394 0.0280000     3.01147    0.135303
3018.64 5000.16 21.7196 0.0360000 21.5941 0.0420000 21.6394 0.0480000     6.25179   0.0238863
4592.44 5185.21 22.8456 0.0280000 22.5171 0.0230000 22.3884 0.0320000     13.1899   0.0245050
787.510 5234.02 18.4696 0.0400000 18.2541 0.0440000 18.1574 0.0310000     6.77909    0.179237
2251.87 5303.97 21.5906 0.0310000 21.4661 0.0160000 21.3634 0.0270000     6.06479   0.0254110
2471.01 5327.86 20.5876 0.0310000 20.2601 0.0200000 20.1014 0.0280000     11.3990   0.0804067
4248.15 5454.04 17.4326 0.0260000 17.1831 0.0160000 17.0694 0.0150000     5.99249    0.362685
3305.43 5486.67 22.4116 0.0270000 22.0971 0.0150000 21.9544 0.0190000     12.2704   0.0288727
2090.81 5685.85 16.2176 0.0570000 16.0721 0.0500000 16.0284 0.0520000     1.84840    0.548450
3060.25 5740.37 21.1406 0.0220000 21.1011 0.0260000 20.9734 0.0210000     3.18633   0.0248863
1256.82 6102.16 22.7246 0.0410000 22.5451 0.0150000 22.4564 0.0310000     9.47664   0.0176060
2826.81 290.431 21.8896 0.0390000 21.6191 0.0310000 21.4354 0.0230000     10.4913   0.0339311
1644.46 2259.56 21.1646 0.0460000 20.7791 0.0400000 20.6784 0.0260000     13.4498   0.0709468
3853.28 2537.62 23.4096 0.0270000 23.0181 0.0240000 22.8024 0.0190000     15.6087   0.0220418
1906.11 3298.67 23.0566 0.0190000 22.7681 0.0330000 22.5704 0.0290000     12.4639   0.0195017
2909.96 3305.96 20.5596 0.0330000 20.4311 0.0230000 20.3334 0.0230000     5.21788   0.0453155
4531.54 3428.35 19.1216 0.0330000 18.9201 0.0230000 18.8314 0.0130000     6.80614    0.128256
4543.51 3525.86 19.7986 0.0480000 19.6181 0.0400000 19.4784 0.0380000     6.34463   0.0778819
3748.96 3645.65 23.7636 0.0520000 23.2761 0.0650000 22.9794 0.0600000     18.6688   0.0245433
1895.99 4135.59 18.4326 0.0620000 18.1421 0.0430000 18.0214 0.0420000     8.80882    0.227345
435.540 4285.56 18.8316 0.0640000 18.5761 0.0610000 18.4834 0.0570000     8.24896    0.170177
1455.04 4892.01 22.8976 0.0240000 22.6721 0.0260000 22.5054 0.0180000     10.8220   0.0181978
1462.77 868.214 16.9036 0.0390000 16.7271 0.0470000 16.5064 0.0180000     3.30871    0.384630
2161.34 1265.49 24.5456 0.0880000 23.5811 0.0820000 23.2144 0.0850000     33.4010   0.0699189
1871.45 3062.89 20.4516 0.0200000 20.3741 0.0150000 20.2234 0.0260000     3.57594   0.0410876
3607.21 3102.76 21.0956 0.0210000 20.0081 0.0230000 19.4924 0.0300000     34.7551    0.877611
4445.77 4992.41 17.1286 0.0430000 16.9711 0.0370000 16.9384 0.0330000     3.17934    0.315323
1971.93 5911.27 19.3476 0.0610000 19.2241 0.0580000 19.1614 0.0400000     4.36454   0.0832050
3304.33 2891.69 18.7366 0.0740000 18.2971 0.0640000 18.0424 0.0600000     12.8632    0.320629
3769.95 3066.07 17.2446 0.0840000 16.9151 0.0520000 16.5884 0.0540000     8.18201    0.564628
3882.92 3365.47 21.4426 0.0360000 21.1081 0.0230000 20.9364 0.0250000     12.1086   0.0530264
2799.15 3831.38 20.6826 0.0420000 20.4921 0.0180000 20.3694 0.0210000     7.20348   0.0508397
1486.95 5281.83 19.2356 0.0510000 18.9371 0.0390000 18.8124 0.0370000     9.83942    0.159405
2783.91 6175.12 20.4156 0.0760000 20.1611 0.0460000 20.1184 0.0700000     8.92587   0.0705602
3124.95 2351.61 19.5986 0.0440000 19.2441 0.0260000 19.1124 0.0140000     11.7973    0.156721
2276.85 6265.64 22.7176 0.0730000 22.5641 0.0600000 22.3984 0.0660000     8.95003   0.0166967
4588.22 3056.78 22.1536 0.0400000 21.6461 0.0270000 21.3074 0.0320000     17.8396   0.0617453
2781.98 4611.18 20.9546 0.0300000 20.6641 0.0160000 20.5054 0.0190000     10.4019   0.0598958
