index,file_lineno,best_mass,best_AV,mass_min,mass_max,AV_min,AV_max,intersects,min_chi2,chi2_threshold,dof_gof,passes_gof,p_value,true_AV,true_mass
0,2,0.07363636363636364,12.169573545849644,0.04727272727272727,0.11181818181818183,7.369573545849661,16.66957354584963,True,0.003263504481268856,5.994728051589247,0,,,10.5382,0.056206
1,3,0.19181818181818186,10.429739496397682,0.1590909090909091,0.24545454545454545,8.629739496397686,11.929739496397676,True,0.012532108318330506,6.003996655426309,0,,,9.3431,0.171107
2,4,0.02363636363636364,4.800000000000002,0.02,0.028181818181818183,3.3000000000000003,6.7,True,0.053426554412992634,6.044891101520972,0,,,4.31918,0.020454
3,5,0.11727272727272728,9.276951665043493,0.09909090909090908,0.13181818181818186,7.276951665043497,10.876951665043485,False,0.0176399249071786,6.0091044720151565,0,,,6.74386,0.085403
4,6,0.16454545454545455,8.368442212762497,0.13,0.2363636363636364,5.368442212762494,10.668442212762498,True,0.0003195740369291458,5.991784121144907,0,,,6.40226,0.147953
5,7,0.2545454545454545,16.839708623805738,0.18363636363636365,0.3181818181818182,14.939708623805744,18.63970862380573,True,0.1235069844828826,6.114971531590863,0,,,17.3093,0.20703
6,8,0.3636363636363637,23.24440583135172,0.3090909090909091,0.4181818181818182,22.0444058313517,24.34440583135173,False,0.03995129710392882,6.031415844211908,0,,,25.4049,0.353775
8,10,0.06818181818181819,15.191192616101713,0.05545454545454545,0.08454545454545455,12.99119261610172,17.591192616101697,False,0.05101794835990985,6.042482495467888,0,,,14.277,0.053173
9,11,0.4090909090909091,5.696323653523376,0.3181818181818182,0.6181818181818182,3.6963236535233737,8.596323653523378,True,0.00836065168047378,5.999825198788452,0,,,5.86181,0.398091
11,13,0.34545454545454546,6.565928577403327,0.3090909090909091,0.3909090909090909,5.665928577403326,7.565928577403327,True,0.06383185282530959,6.0552963999332885,0,,,6.47402,0.321926
12,14,0.09636363636363636,21.082900444656254,0.06818181818181819,0.12636363636363634,17.482900444656206,24.482900444656305,True,0.0003067206775249041,5.991771267785504,0,,,20.0599,0.070333
13,15,0.02181818181818182,17.81371099640605,0.015454545454545453,0.028181818181818183,14.713710996406064,20.413710996406046,True,0.07003887711762014,6.061503424225599,0,,,18.585,0.01878
14,16,0.1890909090909091,9.28358591784106,0.15363636363636365,0.2545454545454545,7.283585917841068,11.083585917841056,True,0.021881870769994573,6.0133464178779725,0,,,7.98796,0.168693
15,17,0.2181818181818182,10.796132910191796,0.1863636363636364,0.2545454545454545,9.796132910191801,11.796132910191794,False,0.0016736425587196304,5.993138189666697,0,,,10.0988,0.185198
16,18,0.3909090909090909,9.931571143945234,0.3181818181818182,0.4727272727272727,8.33157114394524,11.331571143945231,True,0.21444904053127506,6.205913587639254,0,,,10.2079,0.366108
17,19,0.2909090909090909,17.26133025805553,0.24545454545454545,0.34545454545454546,16.061330258055534,18.561330258055527,True,0.051745041602539205,6.0432095887105195,0,,,18.1528,0.259832
18,20,0.12636363636363634,16.335051990866,0.10636363636363637,0.14636363636363636,14.235051990866008,18.135051990866,False,0.00686556041958062,5.99833010752756,0,,,14.8723,0.097278
20,22,1.2181818181818185,19.63714656244411,0.9181818181818182,1.4,17.637146562444112,20.837146562444104,False,0.0912374809833574,6.0827020280913375,0,,,22.9691,1.31329
21,23,0.4,7.969143730842488,0.3636363636363637,0.4727272727272727,7.069143730842487,9.269143730842488,True,0.009663352341305264,6.001127899449284,0,,,8.50713,0.394837
22,24,0.015454545454545453,7.190376819851892,0.012727272727272728,0.019545454545454543,5.29037681985189,9.190376819851894,True,0.11221037298225353,6.103674920090232,0,,,7.83498,0.01503
23,25,1.1454545454545455,17.403765236697893,0.7909090909090909,1.4,14.703765236697901,19.003765236697888,False,0.007558109769682957,5.999022656877662,0,,,20.2002,1.20782
24,26,0.34545454545454546,10.650752368512196,0.2818181818181818,0.4272727272727273,9.1507523685122,12.25075236851219,True,0.046419962896264017,6.037884510004242,0,,,11.0896,0.322605
25,27,0.4,6.457441852354168,0.3363636363636364,0.5363636363636364,4.957441852354166,8.657441852354168,True,0.04954016291599339,6.041004710023973,0,,,6.78875,0.394081
26,28,0.17545454545454547,15.811155488237565,0.1572727272727273,0.2,14.61115548823757,16.711155488237562,True,0.030117759585945637,6.021582306693925,0,,,14.9163,0.158611
27,29,0.13363636363636364,11.043319700229919,0.1190909090909091,0.14636363636363636,9.543319700229924,12.243319700229915,False,0.003956792848499669,5.9954213399564775,0,,,8.9241,0.106116
28,30,0.01,10.470607597001075,0.01,0.012272727272727272,10.270607597001078,12.37060759700107,True,0.17033380980818882,6.161798356916168,0,,,11.7408,0.010147
29,31,0.3545454545454545,20.993376413249475,0.3,0.4181818181818182,19.79337641324945,22.493376413249496,False,0.14537477131290258,6.136839318420882,0,,,22.939,0.342464
30,32,0.3272727272727273,5.401398316448745,0.19454545454545452,0.5545454545454546,2.201398316448746,9.101398316448744,True,0.01622304177514939,6.00768758888313,0,,,4.9614,0.293764
32,34,0.02363636363636364,16.089642761211213,0.017727272727272727,0.030909090909090907,13.389642761211213,18.7896427612112,True,0.011381226523172071,6.002845773631152,0,,,16.5894,0.019871
33,35,0.4090909090909091,2.9000000000000004,0.2545454545454545,0.9272727272727272,0.0,8.0,True,0.0013091318239089368,5.992773678931887,0,,,2.62726,0.39264
34,36,0.019545454545454543,10.48881013810968,0.011363636363636364,0.03363636363636364,5.388810138109699,14.988810138109665,True,0.004532271361302774,5.9959968184692825,0,,,10.8478,0.017711
35,37,0.011818181818181818,6.699969310391138,0.01,0.013181818181818182,5.199969310391137,7.899969310391139,True,0.20120971525985004,6.192674262367829,0,,,7.44862,0.01187
36,38,0.13727272727272727,14.044857115448,0.12090909090909092,0.15181818181818182,12.444857115448006,15.344857115447994,False,0.0724192513224359,6.063883798430416,0,,,12.2681,0.109643
37,39,0.1890909090909091,22.829446567964588,0.1572727272727273,0.2363636363636364,21.02944656796456,24.0294465679646,True,0.05403978726303275,6.045504334371013,0,,,22.8605,0.167637
40,42,0.027272727272727268,11.781705978706508,0.02181818181818182,0.034545454545454546,9.481705978706517,14.0817059787065,True,0.0038450972503887757,5.995309644358366,0,,,11.7529,0.023358
41,43,0.12090909090909092,10.68499361645911,0.07772727272727273,0.16272727272727272,5.9849936164591275,14.584993616459096,True,0.021144649289822827,6.0126091963978014,0,,,8.43351,0.089676
42,44,0.1390909090909091,5.906278088782336,0.12272727272727273,0.15545454545454546,4.406278088782335,7.406278088782336,False,0.06037327164615312,6.051837818754133,0,,,3.3925,0.114438
43,45,0.1572727272727273,9.449683115474091,0.12272727272727273,0.2090909090909091,6.149683115474103,11.84968311547408,True,0.011535606147414787,6.003000153255393,0,,,7.35146,0.135785
44,46,0.02090909090909091,10.28993684368441,0.015454545454545453,0.027272727272727268,7.589936843684419,12.789936843684401,True,0.0250820331536544,6.016546580261633,0,,,10.478,0.018535
45,47,0.1190909090909091,16.687249042759724,0.10090909090909092,0.13727272727272727,14.687249042759733,18.487249042759718,False,0.023025508222766854,6.0144900553307465,0,,,15.0886,0.087852
46,48,0.15545454545454546,7.830550466089798,0.1390909090909091,0.17272727272727273,6.330550466089795,9.130550466089797,False,0.002804940927622989,5.994269488035602,0,,,5.56832,0.134795
47,49,0.027272727272727268,8.975821768243051,0.022727272727272728,0.03636363636363636,7.275821768243058,11.475821768243044,True,0.1097893489798708,6.101253896087849,0,,,8.92927,0.024008
48,50,0.2363636363636364,11.730313426777563,0.17,0.3090909090909091,9.630313426777567,13.630313426777553,True,0.06661756088206347,6.058082107990043,0,,,11.3775,0.195263
49,51,0.04818181818181819,11.892267993063092,0.04,0.06181818181818183,9.7922679930631,14.392267993063085,True,0.03361173636290565,6.0250762834708835,0,,,11.3536,0.040398
50,52,0.16818181818181818,8.629572956750856,0.14272727272727273,0.2181818181818182,6.429572956750856,10.229572956750856,True,0.0014593528663433414,5.992923899974322,0,,,6.79817,0.15319
51,53,0.3818181818181817,6.227091594702612,0.2727272727272727,0.6,3.5270915947026107,9.527091594702616,True,0.005281865828388438,5.996746412936367,0,,,6.22197,0.364245
52,54,0.14272727272727273,10.27423479399053,0.12090909090909092,0.16090909090909092,8.174234793990538,11.974234793990526,False,0.04123312603619947,6.0326976731441775,0,,,8.06416,0.116236
53,55,0.11545454545454545,7.7954793470589125,0.08272727272727272,0.14272727272727273,4.495479347058911,10.195479347058916,False,0.031176934670123405,6.022641481778103,0,,,4.91622,0.082613
54,56,0.09363636363636364,6.878446458935786,0.07681818181818181,0.11181818181818183,4.778446458935783,8.678446458935786,False,0.04224727591783127,6.0337118230258096,0,,,4.17631,0.069229
55,57,0.4909090909090909,10.840277102057021,0.4090909090909091,0.6272727272727272,9.540277102057026,12.440277102057015,True,0.059586131994650876,6.051050679102629,0,,,12.0183,0.501966
56,58,0.06818181818181819,15.619656683224404,0.05,0.08909090909090908,12.519656683224413,18.4196566832244,True,0.0015024550083456453,5.992967002116325,0,,,14.5721,0.052476
57,59,0.05,3.3000000000000003,0.03545454545454545,0.07863636363636364,0.0,7.9,True,0.059170228876498136,6.050634775984478,0,,,1.31523,0.040538
58,60,0.6272727272727272,9.770294249812874,0.44545454545454544,0.990909090909091,7.270294249812883,13.070294249812862,True,0.003454525477266441,5.994919072585247,0,,,11.08,0.645787
59,61,0.2,9.922298790546863,0.15363636363636365,0.2818181818181818,7.5222987905468734,11.922298790546858,True,0.045238097935451776,6.036702645043431,0,,,8.91214,0.176272
61,63,0.5363636363636364,7.065016072318864,0.3818181818181817,0.8727272727272728,4.565016072318862,10.365016072318868,True,0.0416309270045374,6.033095474112518,0,,,7.58463,0.530846
62,64,0.024545454545454544,6.180763702331159,0.02090909090909091,0.03,4.680763702331158,8.380763702331162,True,0.19619814548435144,6.1876626925923315,0,,,5.96092,0.021623
63,65,0.2818181818181818,3.9,0.2181818181818182,0.3636363636363637,2.1,5.800000000000002,True,0.028251245996422168,6.019715793104401,0,,,3.12508,0.245797
64,66,0.3181818181818182,8.349601627900707,0.2818181818181818,0.3727272727272728,7.3496016279007055,9.649601627900706,True,0.18408595869115693,6.175550505799136,0,,,8.35411,0.2873
65,67,0.1390909090909091,10.166178818080054,0.11727272727272728,0.16090909090909092,8.06617881808006,12.066178818080044,False,0.003090860622310526,5.99455540773029,0,,,8.02624,0.113136
66,68,0.011363636363636364,12.282716584119468,0.01,0.013636363636363636,10.982716584119473,14.082716584119463,True,0.035936922506697146,6.027401469614676,0,,,13.7233,0.011521
67,69,0.01681818181818182,17.119948703064274,0.013181818181818182,0.02181818181818182,14.619948703064285,19.619948703064264,True,0.07387616433407025,6.065340711442048,0,,,18.5645,0.015695
69,71,0.012727272727272728,20.318197841041698,0.01,0.02,18.01819784104171,24.718197841041693,True,0.07780634148296559,6.069270888590943,0,,,22.8529,0.012946
70,72,0.1863636363636364,10.970663975305095,0.16272727272727272,0.2181818181818182,9.770663975305098,11.87066397530509,False,0.07620780463377255,6.067672351741751,0,,,9.76368,0.166985
71,73,0.13363636363636364,8.656562105701976,0.11181818181818183,0.15181818181818182,6.5565621057019765,10.15656210570198,False,0.015316730252924463,6.0067812773609015,0,,,6.17901,0.104763
72,74,0.3181818181818182,6.391727499170221,0.2636363636363636,0.3818181818181817,4.891727499170218,7.791727499170222,True,0.014747295953444482,6.006211843061423,0,,,5.97366,0.284688
73,75,0.015,13.413445119999896,0.01,0.026363636363636363,9.013445119999911,17.713445119999882,True,0.014715436876368225,6.006179983984348,0,,,14.3928,0.014379
74,76,0.08818181818181818,13.81227990942974,0.06454545454545453,0.11363636363636365,10.312279909429751,16.412279909429728,True,0.028299659919963305,6.019764207027942,0,,,11.8002,0.06481
75,77,0.13727272727272727,5.033275894544959,0.11363636363636365,0.16454545454545455,2.733275894544959,7.333275894544959,False,0.043079682340834966,6.034544229448813,0,,,2.46876,0.113714
77,79,0.03363636363636364,5.823233767277037,0.029090909090909087,0.040909090909090916,4.6232337672770365,7.62323376727704,False,0.031646135160461886,6.023110682268442,0,,,5.12136,0.028294
78,80,0.08454545454545455,9.840664040255856,0.06181818181818183,0.11181818181818183,6.540664040255868,12.740664040255844,True,0.007897895924216206,5.999362443032196,0,,,7.62777,0.063378
79,81,0.1972727272727273,8.548938972753097,0.16090909090909092,0.2545454545454545,6.748938972753093,10.148938972753095,True,0.020812792137683604,6.012277339245663,0,,,7.37689,0.174625
80,82,0.6363636363636364,14.529436020279322,0.4909090909090909,0.8818181818181818,12.729436020279328,16.829436020279314,True,0.13946302641324604,6.130927573521224,0,,,16.6568,0.674569
81,83,0.02181818181818182,12.088421768338947,0.01590909090909091,0.029090909090909087,9.488421768338958,14.988421768338936,True,0.0017158511436391394,5.993180398251617,0,,,12.5041,0.019064
82,84,0.2818181818181818,5.861441176533751,0.2545454545454545,0.3272727272727273,4.96144117653375,6.961441176533753,False,0.2750395508520357,6.266504097960015,0,,,5.43837,0.250973
83,85,0.022727272727272728,15.605824692681164,0.018636363636363642,0.028181818181818183,13.705824692681173,17.805824692681156,True,0.10578883063358363,6.097253377741562,0,,,16.3505,0.01978
84,86,0.12454545454545456,14.045331304933839,0.10545454545454544,0.1409090909090909,11.945331304933848,15.645331304933837,False,0.059866784221656325,6.051331331329634,0,,,12.1325,0.092697
85,87,0.06272727272727273,13.627851853168442,0.039090909090909086,0.10363636363636364,8.827851853168461,18.827851853168426,True,0.010706762848202378,6.002171309956181,0,,,12.7011,0.049048
87,89,0.013636363636363636,8.126471212623713,0.01090909090909091,0.015454545454545453,6.226471212623711,9.526471212623713,True,0.2983251690020626,6.289789716110041,0,,,8.67125,0.013106
88,90,0.13,12.666185451309,0.10181818181818182,0.1572727272727273,9.566185451309007,15.166185451308987,False,0.026911870471450116,6.018376417579429,0,,,10.6929,0.10164
89,91,0.19454545454545452,10.584022708185163,0.16272727272727272,0.24545454545454545,9.184022708185168,11.984022708185158,True,0.025100329429825124,6.016564876537803,0,,,9.59651,0.173357
90,92,0.14636363636363636,9.523923855824435,0.12090909090909092,0.17272727272727273,7.023923855824447,11.823923855824427,True,0.00966589842119973,6.001130445529179,0,,,7.4095,0.123088
92,94,0.01909090909090909,14.707368039494224,0.011818181818181818,0.030909090909090907,10.307368039494241,19.207368039494213,True,0.01565660794067255,6.007121155048653,0,,,15.6105,0.017277
93,95,0.5636363636363636,8.477629002962612,0.3181818181818182,1.2454545454545454,3.9776290029626074,13.877629002962616,True,0.00163576144600321,5.993100308553983,0,,,9.48228,0.579234
94,96,0.2272727272727273,5.410153966782503,0.1890909090909091,0.2636363636363636,4.3101539667825035,6.410153966782503,False,0.08574726398112681,6.077211811089107,0,,,4.07236,0.18784
95,97,0.10818181818181817,11.579246742363804,0.08909090909090908,0.12454545454545456,9.679246742363807,13.279246742363794,False,0.08384202353376392,6.075306570641742,0,,,9.30849,0.078125
96,98,0.1190909090909091,11.329362848787714,0.08181818181818183,0.15181818181818182,7.529362848787725,14.3293628487877,True,0.008382457570902339,5.999847004678881,0,,,9.05418,0.08666
97,99,0.3909090909090909,7.194211382131862,0.3545454545454545,0.4636363636363636,6.394211382131862,8.594211382131864,True,0.2564612949084939,6.247925842016473,0,,,7.69816,0.38784
98,100,0.3727272727272728,6.569433819382416,0.3272727272727273,0.4545454545454546,5.469433819382415,8.169433819382418,True,0.03638870038914427,6.027853247497124,0,,,6.84038,0.360001
99,101,0.3727272727272728,6.119753007098002,0.3090909090909091,0.4636363636363636,4.6197530070980015,7.8197530070980035,True,0.0654189019929517,6.056883449100932,0,,,6.06938,0.352549
100,102,0.1409090909090909,5.3062897494071,0.10090909090909092,0.1863636363636364,1.3062897494071004,8.506289749407099,True,0.006324158599615319,5.9977887057075945,0,,,2.62518,0.115311
101,103,0.027272727272727268,12.659108947182453,0.022727272727272728,0.03363636363636364,10.85910894718246,14.559108947182446,True,0.06979133000137164,6.061255877109351,0,,,12.7504,0.023383
102,104,0.045454545454545456,4.6000000000000005,0.03272727272727273,0.0609090909090909,1.6,7.5,True,0.0771479967885605,6.068612543896539,0,,,3.00835,0.036662
103,105,0.07954545454545454,4.5,0.056363636363636366,0.11,0.8,7.9,True,0.011561234918880328,6.003025782026858,0,,,1.83744,0.060408
104,106,0.4909090909090909,2.3000000000000003,0.34545454545454546,1.1,0.0,7.5,True,0.006221667644637868,5.997686214752617,0,,,2.43285,0.500934
105,107,0.010454545454545454,13.460134142482653,0.01,0.012727272727272728,12.860134142482655,15.360134142482648,True,0.05997624168436736,6.0514407887923465,0,,,14.7899,0.010328
106,108,0.18363636363636365,8.38797160029104,0.15545454545454546,0.2363636363636364,6.587971600291038,9.787971600291039,True,0.054732272027585724,6.046196819135566,0,,,6.84536,0.165704
107,109,0.04636363636363637,11.779190128784089,0.03,0.06909090909090909,7.979190128784103,15.779190128784075,True,0.019069505214996115,6.010534052322974,0,,,11.0379,0.037703
108,110,0.6181818181818182,4.5,0.3272727272727273,1.3,0.0,9.4,True,0.013205539905199263,6.004670087013178,0,,,4.95815,0.620258
109,111,0.14636363636363636,13.307003976986852,0.1190909090909091,0.16818181818181818,10.80700397698686,15.207003976986844,True,0.02916950636412185,6.020634053472102,0,,,11.4629,0.121196
110,112,0.1572727272727273,5.358205322055439,0.13363636363636364,0.2,3.358205322055438,7.258205322055438,False,0.08447174270309864,6.075936289811077,0,,,3.16361,0.14078
111,113,0.10454545454545457,18.64636695622936,0.08909090909090908,0.12090909090909092,17.146366956229368,20.44636695622936,False,0.08686612118600805,6.078330668293988,0,,,17.3897,0.076348
112,114,0.08636363636363636,4.4,0.057272727272727274,0.12636363636363634,0.2,8.3,True,0.0066146726693570345,5.9980792197773365,0,,,1.64683,0.065444
113,115,0.03,10.272643236736435,0.022727272727272728,0.04181818181818182,7.572643236736446,12.872643236736426,True,0.044609951638159215,6.036074498746138,0,,,9.844,0.02555
114,116,0.09,12.092046991727454,0.053636363636363635,0.14454545454545453,6.992046991727473,16.992046991727435,True,0.00653452926223322,5.9979990763702125,0,,,9.99249,0.066844
119,121,0.7363636363636363,8.224687800103977,0.3909090909090909,1.4,3.5246878001039725,13.424687800103982,True,0.005998995932265905,5.9974635430402445,0,,,9.33179,0.741
120,122,0.24545454545454545,7.864446543369074,0.14454545454545453,0.4090909090909091,3.3644465433690707,11.864446543369073,True,0.018092508830698132,6.009557055938678,0,,,7.35916,0.20042
121,123,0.14636363636363636,10.651033319353743,0.12636363636363634,0.16454545454545455,8.751033319353754,12.45103331935374,False,0.012110979210599636,6.003575526318579,0,,,8.62908,0.121819
122,124,0.08,7.134379182878514,0.057272727272727274,0.11,3.434379182878512,10.534379182878515,True,0.009721809967522782,6.001186357075503,0,,,4.72655,0.060716
123,125,0.026363636363636363,13.3700208356125,0.01909090909090909,0.03636363636363636,10.370020835612511,16.37002083561249,True,0.026379178170458917,6.017843725278437,0,,,13.5392,0.022391
124,126,0.2909090909090909,8.829351617805518,0.2090909090909091,0.3818181818181817,6.729351617805525,10.829351617805509,True,0.016805773721443287,6.008270320829422,0,,,8.60738,0.253938
126,128,0.03363636363636364,13.399495446698024,0.026363636363636363,0.045454545454545456,10.899495446698033,16.299495446698014,True,0.049384570436523625,6.040849117544504,0,,,13.537,0.028275
127,129,0.024545454545454544,9.093549590232481,0.01909090909090909,0.03,6.693549590232478,11.293549590232484,True,0.030924012194388468,6.022388559302367,0,,,8.78322,0.020641
128,130,0.07727272727272727,7.4361427262507425,0.056363636363636366,0.10636363636363637,4.0361427262507386,10.636142726250744,True,0.003763750833384856,5.995228297941363,0,,,5.16294,0.05856
129,131,0.1809090909090909,9.497702480699484,0.11181818181818183,0.3909090909090909,4.297702480699503,14.297702480699467,True,2.8849554436846438e-06,5.991467432063423,0,,,7.91275,0.162422
130,132,0.24545454545454545,4.4,0.1863636363636364,0.3090909090909091,2.7,6.1000000000000005,True,0.06338161671164183,6.0548461638196205,0,,,3.3689,0.199559
132,134,0.08636363636363636,7.448579902127805,0.06363636363636364,0.11181818181818183,4.048579902127802,10.148579902127807,True,0.019811414853215425,6.0112759619611955,0,,,4.78783,0.063889
133,135,0.01636363636363636,16.62774619264549,0.013181818181818182,0.02090909090909091,14.227746192645496,18.92774619264548,True,0.0179740971507147,6.009438644258694,0,,,17.9853,0.015424
134,136,0.2272727272727273,7.1274098684759934,0.1781818181818182,0.2818181818181818,5.627409868475993,8.627409868475993,True,0.038091705396349936,6.02955625250433,0,,,6.18578,0.190286
135,137,0.3090909090909091,7.496810728789335,0.24545454545454545,0.3727272727272728,5.896810728789334,8.896810728789339,True,0.004894618601158173,5.996359165709138,0,,,7.10218,0.271911
136,138,0.03818181818181818,14.144165417566832,0.024545454545454544,0.0609090909090909,9.944165417566845,18.94416541756681,True,0.014188494685495897,6.005653041793475,0,,,13.9785,0.030177
137,139,0.1390909090909091,11.363670714948375,0.11545454545454545,0.16090909090909092,8.963670714948382,13.463670714948368,False,0.03400323254165249,6.025467779649633,0,,,9.31098,0.112257
138,140,0.011818181818181818,16.172336304619137,0.01,0.01636363636363636,14.472336304619141,19.272336304619124,True,0.03801791794004897,6.029482465048027,0,,,18.1738,0.01208
139,141,0.14636363636363636,24.100025181676717,0.08909090909090908,0.2545454545454545,18.90002518167664,28.600025181676774,True,0.005428882683398278,5.996893429791378,0,,,23.5543,0.122405
140,142,0.2272727272727273,12.840485761023249,0.17272727272727273,0.3,11.340485761023256,14.740485761023244,True,0.05240126939831129,6.04386581650629,0,,,12.845,0.193337
141,143,0.16636363636363638,14.189034176426716,0.14636363636363636,0.2,12.289034176426725,15.489034176426713,True,0.025884218529354,6.017348765637332,0,,,12.7388,0.148782
142,144,0.03,12.071139192500661,0.02181818181818182,0.04454545454545455,8.771139192500671,15.571139192500649,True,0.02033827674624124,6.011802823854221,0,,,11.9309,0.025716
143,145,0.04181818181818182,7.092405446210963,0.03363636363636364,0.04727272727272727,5.192405446210961,8.492405446210963,False,0.20723738975228326,6.198701936860262,0,,,5.93254,0.033205
144,146,0.04454545454545455,10.255806987719696,0.034545454545454546,0.05909090909090909,7.955806987719704,13.055806987719686,True,0.03700960465142671,6.028474151759406,0,,,9.6584,0.036798
145,147,0.06,14.42081448054787,0.04727272727272727,0.07545454545454545,12.020814480547877,16.82081448054786,False,0.01617227652054119,6.00763682362852,0,,,13.5438,0.047249
146,148,0.2,9.268718049278334,0.16636363636363638,0.24545454545454545,7.968718049278339,10.56871804927833,True,0.0041679559743611995,5.99563250308234,0,,,8.12828,0.175352
147,149,0.06545454545454546,10.92121749273418,0.049090909090909095,0.08454545454545455,8.021217492734191,13.92121749273417,True,0.014601135805632978,6.006065682913612,0,,,9.52671,0.050372
148,150,0.13363636363636364,12.829203754247,0.1190909090909091,0.15181818181818182,11.229203754247004,14.429203754246993,False,0.06513823939536975,6.0566027865033485,0,,,11.0417,0.108144
149,151,0.030909090909090907,6.124881636748286,0.024545454545454544,0.04272727272727273,3.624881636748284,9.024881636748288,True,0.029896582072801187,6.0213611291807805,0,,,5.46216,0.02661
150,152,0.030909090909090907,12.434169258797612,0.018636363636363642,0.05181818181818182,7.534169258797629,17.23416925879759,True,0.015859595935604147,6.007324143043583,0,,,12.3255,0.026252
151,153,0.2272727272727273,9.497833916198706,0.16272727272727272,0.3090909090909091,6.997833916198715,11.597833916198699,True,0.0235011587877152,6.014965705895693,0,,,8.58899,0.187903
152,154,0.028181818181818183,6.461951110152322,0.02090909090909091,0.03818181818181818,3.5619511101523207,8.961951110152324,True,0.10021788753713164,6.0916824346451115,0,,,5.57062,0.023801
153,155,0.03,11.294590175265125,0.02363636363636364,0.04272727272727273,8.794590175265133,14.194590175265114,True,0.038529378441792585,6.029993925549772,0,,,11.3703,0.026494
154,156,0.2,12.186473564616511,0.16818181818181818,0.24545454545454545,11.086473564616515,13.486473564616508,True,0.04908989003050188,6.040554437138481,0,,,11.5548,0.177529
156,158,0.014090909090909091,15.337762249773565,0.011363636363636364,0.01818181818181818,13.137762249773571,17.837762249773554,True,0.05002937784266365,6.041493924950642,0,,,17.0474,0.013958
157,159,0.057272727272727274,11.959761784828133,0.03363636363636364,0.09727272727272727,7.059761784828148,17.059761784828112,True,0.001450825576530461,5.99291537268451,0,,,10.9663,0.045687
158,160,0.12272727272727273,27.638244472047006,0.08545454545454545,0.1572727272727273,23.83824447204695,30.83824447204705,True,0.02110182417024859,6.012566371278227,0,,,27.4087,0.0928
159,161,0.2727272727272727,12.995214901217198,0.2272727272727273,0.3363636363636364,11.795214901217205,14.495214901217196,True,0.06634582567866669,6.057810372786646,0,,,13.3332,0.240288
160,162,0.4727272727272727,16.762148304496353,0.3727272727272728,0.6636363636363636,14.86214830449636,19.162148304496345,True,0.035768810747267794,6.0272333578552475,0,,,18.6386,0.486437
161,163,0.10454545454545457,6.2147801946001655,0.07681818181818181,0.13,3.2147801946001637,8.91478019460017,False,0.006078285956594857,5.997542833064574,0,,,3.32899,0.075151
162,164,0.1390909090909091,17.839077525555343,0.10727272727272727,0.16636363636363638,14.639077525555356,20.33907752555533,True,0.024614176202036115,6.016078723310015,0,,,16.4239,0.11131
163,165,0.16090909090909092,25.589743576804157,0.13363636363636364,0.2090909090909091,23.08974357680412,27.889743576804186,True,0.035757249420431306,6.027221796528409,0,,,25.7977,0.146333
164,166,0.17,15.692470005425612,0.15,0.2090909090909091,13.69247000542562,16.892470005425608,True,0.07548317990467171,6.066947727012651,0,,,14.5128,0.154139
165,167,0.045454545454545456,12.879696596892055,0.03818181818181818,0.053636363636363635,11.179696596892061,14.579696596892047,False,0.06887218194876203,6.060336729056741,0,,,12.3389,0.03704
166,168,0.10454545454545457,21.721379443207283,0.06727272727272728,0.13727272727272727,17.021379443207213,25.121379443207324,True,0.029136096082432075,6.020600643190411,0,,,20.3757,0.074023
167,169,0.17545454545454547,9.171238180003256,0.13363636363636364,0.2636363636363636,5.671238180003267,11.671238180003247,True,0.005768010272752545,5.997232557380731,0,,,7.49457,0.15941
168,170,0.034545454545454546,22.18234535163166,0.024545454545454544,0.04818181818181819,18.782345351631612,25.682345351631714,True,0.04498997417762952,6.0364545212856076,0,,,23.0084,0.028044
169,171,0.4727272727272727,24.048535281739703,0.4,0.5727272727272728,22.848535281739693,25.44853528173973,False,0.02216304744058184,6.013627594548562,0,,,27.1491,0.512431
170,172,0.1190909090909091,9.87850224412207,0.10454545454545457,0.13181818181818186,8.378502244122075,11.178502244122065,False,0.18339310638048967,6.174857653488469,0,,,7.50252,0.087348
171,173,0.05545454545454545,21.421747219217163,0.03818181818181818,0.07954545454545454,17.521747219217108,25.32174721921722,True,0.033926090288817996,6.025390637396798,0,,,21.4838,0.044426
172,174,0.11545454545454545,11.799624675979636,0.09090909090909093,0.13363636363636364,9.199624675979646,13.599624675979632,False,0.17566477029505784,6.167129317403037,0,,,9.39909,0.082715
173,175,0.3,8.462033965169834,0.2545454545454545,0.3545454545454545,7.162033965169831,9.762033965169836,True,0.004023838977543857,5.995488386085523,0,,,8.18233,0.262931
174,176,0.4090909090909091,3.6,0.2363636363636364,0.9181818181818182,0.0,8.8,True,0.00812260032674823,5.999587147434728,0,,,3.55322,0.397854
175,177,0.15363636363636365,13.98525395456358,0.13727272727272727,0.17545454545454547,12.585253954563587,15.585253954563575,False,0.057245561818701086,6.04871010892668,0,,,12.702,0.135225
176,178,0.04727272727272727,9.796107582112018,0.03545454545454545,0.06818181818181819,6.996107582112027,13.596107582112005,True,0.04146823226215515,6.0329327793701335,0,,,9.17557,0.039529
177,179,0.13545454545454547,22.453082973704177,0.10636363636363637,0.16090909090909092,19.453082973704134,24.75308297370421,True,0.0011065027541341836,5.992571049862112,0,,,21.6871,0.109122
178,180,0.2727272727272727,8.339021781817351,0.2,0.3363636363636364,6.239021781817349,10.039021781817352,True,0.034649320732057336,6.026113867840038,0,,,7.68332,0.226368
180,182,0.19181818181818186,10.416843425552317,0.16454545454545455,0.2272727272727273,9.116843425552322,11.416843425552313,True,0.006683922539876853,5.998148469647857,0,,,9.25039,0.170038
181,183,0.1781818181818182,10.425368601711796,0.11363636363636365,0.34545454545454546,5.225368601711813,14.725368601711779,True,0.0007487911419845687,5.992213338249964,0,,,8.83741,0.159614
182,184,0.08545454545454545,4.9,0.05181818181818182,0.13545454545454547,0.0,9.7,True,0.002084924432127202,5.993549471540106,0,,,1.97041,0.063472
183,185,0.1572727272727273,5.57822059886938,0.13,0.19181818181818186,3.3782205988693796,7.278220598869378,False,0.1643035097255432,6.155768056833522,0,,,3.01147,0.135303
184,186,0.027272727272727268,6.638917308409475,0.01909090909090909,0.04181818181818182,3.4389173084094726,10.53891730840948,True,0.011027005698185946,6.002491552806165,0,,,6.25179,0.023886
185,187,0.028181818181818183,12.995933805790465,0.022727272727272728,0.037272727272727284,10.795933805790472,15.495933805790456,True,0.0036728343762145953,5.995137381484192,0,,,13.1899,0.024505
186,188,0.2090909090909091,7.936392653757693,0.1481818181818182,0.3090909090909091,4.93639265375769,10.536392653757694,True,0.03636460062576423,6.027829147733742,0,,,6.77909,0.179237
187,189,0.12090909090909092,11.687457176203383,0.09909090909090908,0.14636363636363636,9.287457176203386,13.987457176203373,False,0.11603868742081813,6.107503234528798,0,,,9.71431,0.091428
188,190,0.03,6.988536841923577,0.024545454545454544,0.03818181818181818,4.588536841923576,8.98853684192358,True,0.17124016899010108,6.162704716098079,0,,,6.06479,0.025411
189,191,0.1090909090909091,13.185570252923606,0.08545454545454545,0.13545454545454547,10.685570252923617,15.885570252923596,False,0.09790139472901133,6.089365941836991,0,,,11.399,0.080407
190,192,0.3818181818181817,6.051584897330347,0.3272727272727273,0.4545454545454546,4.651584897330347,7.351584897330349,True,0.027402401952337004,6.018866949060316,0,,,5.99249,0.362685
191,193,0.03545454545454545,12.467974889516904,0.028181818181818183,0.04363636363636364,10.367974889516914,14.4679748895169,True,0.029272865280144927,6.020737412388124,0,,,12.2704,0.028873
192,194,0.5363636363636364,1.7000000000000002,0.4,1.1454545454545455,0.0,6.9,True,0.02136780507416436,6.0128323521821425,0,,,1.8484,0.54845
193,195,0.04363636363636364,14.826842228890664,0.03,0.05909090909090909,11.726842228890677,17.82684222889066,True,0.14396766233693573,6.1354322094449145,0,,,14.4896,0.034887
194,196,0.029090909090909087,4.2,0.02363636363636364,0.037272727272727284,2.1,6.300000000000002,True,0.028192159281004894,6.019656706388984,0,,,3.18633,0.024886
195,197,0.019545454545454543,9.318603627177495,0.015,0.024545454545454544,6.718603627177494,11.618603627177501,True,0.07726384881221396,6.068728395920192,0,,,9.47664,0.017606
196,198,0.04181818181818182,10.980955681671446,0.028181818181818183,0.0609090909090909,7.480955681671459,14.98095568167143,True,0.0028632085684727067,5.9943277556764505,0,,,10.4913,0.033931
197,199,0.3727272727272728,7.642596675404969,0.3363636363636364,0.4181818181818182,6.7425966754049655,8.542596675404969,True,0.0056732319854518425,5.997137779093431,0,,,7.81628,0.354089
198,200,0.09636363636363636,15.125227249388736,0.0609090909090909,0.1390909090909091,10.225227249388752,19.42522724938872,True,0.011148301250735787,6.002612848358715,0,,,13.4498,0.070947
199,201,0.3545454545454545,12.119350188514161,0.3,0.3909090909090909,10.819350188514166,12.91935018851416,True,0.11216046194750796,6.103625009055487,0,,,12.5327,0.323291
200,202,0.026363636363636363,15.320732250196139,0.02,0.03272727272727273,12.92073225019615,17.42073225019613,True,0.08763384897149101,6.07909839607947,0,,,15.6087,0.022042
201,203,0.1863636363636364,8.935203944619811,0.16272727272727272,0.2363636363636364,7.63520394461981,10.235203944619814,False,0.08116492243355937,6.072629469541536,0,,,7.60708,0.168851
202,204,0.02181818181818182,11.880976506579074,0.017272727272727273,0.029090909090909087,9.88097650657908,14.580976506579065,True,0.07994279811720928,6.071407345225189,0,,,12.4639,0.019502
203,205,0.056363636363636366,6.736148557764093,0.04181818181818182,0.07590909090909091,3.536148557764089,10.036148557764097,True,0.004915453234886263,5.9963800003428664,0,,,5.21788,0.045316
204,206,0.15,8.90360763713377,0.12454545454545456,0.1809090909090909,6.503607637133768,11.203607637133773,True,0.01067805332829583,6.002142600436275,0,,,6.80614,0.128256
205,207,0.509090909090909,4.3,0.3,1.1545454545454543,0.30000000000000004,9.7,True,0.007210526030846648,5.998675073138826,0,,,4.827,0.529413
206,208,0.10727272727272727,8.814450167800402,0.06727272727272728,0.15,3.9144501678003967,12.914450167800405,True,0.002351939556538732,5.993816486664518,0,,,6.34463,0.077882
207,209,0.029090909090909087,18.259480334920408,0.01636363636363636,0.049090909090909095,12.959480334920425,22.85948033492039,True,0.01941168222493047,6.01087622933291,0,,,18.6688,0.024543
208,210,0.2636363636363636,9.017447480886156,0.16454545454545455,0.4,5.717447480886168,12.317447480886145,True,0.020390369064765344,6.011854916172744,0,,,8.80882,0.227345
209,211,0.1972727272727273,9.6943247009012,0.12272727272727273,0.3363636363636364,4.494324700901219,13.294324700901187,True,0.010082308256281064,6.00154685536426,0,,,8.24896,0.170177
210,212,0.019545454545454543,10.14684425691265,0.01636363636363636,0.025454545454545452,8.546844256912657,12.546844256912642,True,0.058701571790526874,6.050166118898506,0,,,10.822,0.018198
211,213,0.11363636363636365,34.26490037434534,0.07309090909090908,0.15181818181818182,29.56490037434527,37.96490037434539,True,0.0035349433440940883,5.994999490452073,0,,,34.7439,0.08449
212,214,0.6636363636363636,7.1222348028062905,0.3545454545454545,1.4,2.522234802806285,12.522234802806294,True,0.009191323481888369,6.000655870589867,0,,,8.1492,0.679251
213,215,0.4090909090909091,3.7,0.2818181818181818,0.6818181818181818,1.0,7.2,True,0.04017857214008598,6.0316431192480655,0,,,3.30871,0.38463
214,216,0.09272727272727273,33.00497140496636,0.053636363636363635,0.1481818181818182,27.904971404966286,37.90497140496643,True,0.0016716154034045105,5.993136162511384,0,,,33.401,0.069919
215,217,0.13727272727272727,12.297511632556095,0.12090909090909092,0.1572727272727273,10.797511632556102,14.09751163255609,False,0.1759640859946538,6.167428633102633,0,,,10.7284,0.115338
216,218,0.05,5.184481911795419,0.04181818181818182,0.06,3.184481911795418,6.984481911795418,False,0.20587655038647149,6.1973410974944505,0,,,3.57594,0.041088
217,219,0.7545454545454545,29.883826320189165,0.5545454545454546,1.0909090909090908,27.683826320189127,32.583826320189196,False,0.000975830849205966,5.992440377957184,0,,,34.7551,0.877611
218,220,0.04181818181818182,6.811264494645145,0.03272727272727273,0.053636363636363635,4.611264494645144,9.511264494645149,True,0.03392599352454047,6.02539054063252,0,,,5.86068,0.034193
219,221,0.34545454545454546,3.7,0.2545454545454545,0.4909090909090909,1.4,6.4,True,0.01324083578057604,6.004705382888554,0,,,3.17934,0.315323
220,222,0.11181818181818183,6.842551009291857,0.06818181818181819,0.16818181818181818,1.9425510092918532,11.942551009291858,True,0.016258070990692885,6.007722618098673,0,,,4.36454,0.083205
221,223,0.34545454545454546,12.277529757429663,0.18363636363636365,0.7,8.077529757429676,17.377529757429645,True,0.0014825607471404235,5.99294710785512,0,,,12.8632,0.320629
222,224,0.5454545454545454,7.29750457956129,0.3,1.1727272727272726,2.597504579561285,12.497504579561296,True,0.003929285198898244,5.995393832306878,0,,,8.18201,0.564628
223,225,0.11,14.756438004505995,0.08909090909090908,0.13181818181818186,12.656438004506006,16.95643800450599,False,0.015940629956750774,6.0074051770647285,0,,,13.0197,0.080372
224,226,0.06818181818181819,13.31938799448874,0.049090909090909095,0.09454545454545454,9.819387994488752,16.819387994488732,True,0.011804980500638359,6.003269527608618,0,,,12.1086,0.053026
225,227,0.06545454545454546,8.742953448056403,0.04636363636363637,0.09090909090909093,5.0429534480564175,12.64295344805639,True,0.0351473506041732,6.0266118977121526,0,,,7.20348,0.05084
227,229,0.17545454545454547,11.253019651024005,0.13181818181818186,0.2727272727272727,7.5530196510240195,14.053019651023993,True,0.002937737090970379,5.994402284198951,0,,,9.83942,0.159405
228,230,0.09727272727272727,11.185700793906195,0.05909090909090909,0.1481818181818182,6.085700793906213,16.085700793906177,True,0.0012230042148624512,5.992687551322843,0,,,8.92587,0.07056
229,231,0.17545454545454547,13.18975982898705,0.1390909090909091,0.24545454545454545,10.18975982898706,15.289759828987044,True,0.016632347747727923,6.008096894855707,0,,,11.7973,0.156721
230,232,0.049090909090909095,10.313700303905984,0.039090909090909086,0.06454545454545453,7.913700303905992,13.113700303905974,True,0.009049611730203098,6.000514158838183,0,,,9.51919,0.040646
231,233,0.01818181818181818,8.65162734764261,0.010454545454545454,0.03,3.3516273476426046,13.351627347642616,True,0.013691356411717587,6.0051559035196975,0,,,8.95003,0.016697
232,234,0.08090909090909093,18.831750270069033,0.056363636363636366,0.11363636363636365,14.831750270069046,22.431750270069017,True,0.004347706279800945,5.99581225338778,0,,,17.8396,0.061745
233,235,0.3545454545454545,10.1511660553887,0.3090909090909091,0.3909090909090909,9.151166055388703,11.051166055388697,True,0.5644901821453165,6.555954729253296,0,,,10.449,0.325239
234,236,0.07863636363636364,12.087004679698756,0.06181818181818183,0.10181818181818182,9.287004679698764,14.787004679698743,False,0.015187349025541756,6.006651896133522,0,,,10.4019,0.059896
235,237,0.3818181818181817,5.481650894871604,0.3181818181818182,0.4818181818181818,3.981650894871604,7.381650894871602,True,0.02285214492549857,6.014316692033478,0,,,5.47197,0.363121
236,238,0.24545454545454545,24.438551031440948,0.2090909090909091,0.2909090909090909,23.438551031440934,25.73855103144097,False,0.01960628726376305,6.011070834371743,0,,,26.0018,0.209504
237,239,0.16636363636363638,13.63397255287541,0.14454545454545453,0.2090909090909091,11.733972552875414,15.133972552875402,True,0.023763921169956195,6.015228468277935,0,,,12.3432,0.1504
238,240,0.6272727272727272,6.877863954737254,0.3363636363636364,1.3727272727272726,2.2778639547372515,11.977863954737261,True,0.0005287936971618238,5.9919933408051405,0,,,7.60471,0.632756
239,241,0.053636363636363635,13.742321251561911,0.04454545454545455,0.06363636363636364,11.842321251561913,15.542321251561903,False,0.06899289161022762,6.060457438718207,0,,,13.0669,0.043291
240,242,0.030909090909090907,15.548467345172837,0.025454545454545452,0.04181818181818182,13.548467345172842,17.948467345172826,True,0.05760649124758934,6.049071038355567,0,,,15.8741,0.026629
241,243,0.05090909090909091,4.5,0.04181818181818182,0.06545454545454546,2.4000000000000004,6.9,True,0.09213540122708823,6.083599948335067,0,,,2.95512,0.04234
242,244,0.039090909090909086,18.19854366141336,0.028181818181818183,0.05181818181818182,15.298543661413367,21.298543661413348,True,0.04262804485008968,6.034092591958069,0,,,18.5904,0.031318
244,246,0.040909090909090916,5.581741370026924,0.03272727272727273,0.04727272727272727,3.5817413700269234,7.1817413700269235,False,0.4083259001081351,6.399790447216114,0,,,4.27424,0.032383
245,247,0.4909090909090909,1.3,0.3909090909090909,1.0727272727272728,0.0,6.5,True,0.00017027771530753335,5.991634824823287,0,,,1.14525,0.490844
246,248,0.3909090909090909,7.069617844491678,0.3545454545454545,0.4636363636363636,6.369617844491678,8.369617844491682,True,0.30197246891516544,6.2934370160231445,0,,,7.51441,0.384787
247,249,0.3363636363636364,8.38539406209204,0.2545454545454545,0.4636363636363636,6.385394062092037,10.885394062092042,True,0.024055828217792497,6.015520375325773,0,,,8.44308,0.307826
248,250,0.2545454545454545,16.941708681689164,0.18363636363636365,0.3090909090909091,14.84170868168917,18.54170868168916,True,0.21697258654708815,6.208437133655067,0,,,17.1685,0.201849
249,251,0.2636363636363636,4.7,0.1972727272727273,0.3181818181818182,2.9000000000000004,6.2,True,0.033683145796559684,6.025147692904539,0,,,3.63735,0.213754
250,252,0.3272727272727273,4.6000000000000005,0.2818181818181818,0.3636363636363637,3.4000000000000004,5.4,True,0.12263943989157612,6.114103986999555,0,,,3.77234,0.284252
251,253,0.5181818181818182,24.393763447230533,0.4,0.7818181818181819,22.49376344723051,27.393763447230576,False,0.004948414728035474,5.996412961836015,0,,,27.8617,0.579121
253,255,0.08363636363636362,5.780900840415317,0.06545454545454546,0.11,2.9809008404153188,8.480900840415316,False,0.03220893419434275,6.023673481302322,0,,,3.26746,0.06402
254,256,0.3090909090909091,18.403987026229693,0.2363636363636364,0.4,16.4039870262297,20.303987026229684,True,0.013643341680703814,6.005107888788682,0,,,19.5355,0.281194
255,257,0.030909090909090907,7.069593044941926,0.027272727272727268,0.037272727272727284,5.669593044941925,8.669593044941927,False,0.3592001054561671,6.350664652564147,0,,,6.41858,0.026355
256,258,0.12454545454545456,12.369864236638069,0.10545454545454544,0.14636363636363636,10.369864236638074,14.26986423663806,False,0.07475195833286978,6.066216505440849,0,,,10.5602,0.09673
257,259,0.2909090909090909,15.553871952056289,0.2363636363636364,0.34545454545454546,14.053871952056296,16.853871952056288,True,0.04496844848622393,6.036432995594202,0,,,16.0383,0.252598
258,260,0.14454545454545453,40.81226927353982,0.09545454545454546,0.2272727272727273,35.81226927353975,45.412269273539884,True,0.006523222671462714,5.997987769779442,0,,,42.6108,0.12709
259,261,0.1972727272727273,11.872873718361426,0.17,0.2181818181818182,11.072873718361429,12.472873718361424,False,0.11053628094562118,6.102000828053599,0,,,10.7586,0.170935
261,263,0.3363636363636364,18.189303210917,0.3,0.3818181818181817,17.489303210916994,19.289303210916987,False,0.30353703399406506,6.295001581102043,0,,,19.7064,0.318568
262,264,0.3,6.957218692369477,0.2545454545454545,0.3545454545454545,5.857218692369478,8.057218692369478,True,0.08380481293038829,6.075269360038368,0,,,6.51317,0.264027
263,265,0.16454545454545455,9.820382414827238,0.14454545454545453,0.19454545454545452,8.020382414827244,11.120382414827233,False,0.07723260655091557,6.068697153658895,0,,,7.84282,0.145277
265,267,0.16090909090909092,22.37094836097432,0.14454545454545453,0.17272727272727273,20.870948360974296,23.270948360974327,False,0.2297715921552141,6.221236139263192,0,,,21.654,0.140023
266,268,0.5,15.610431953739313,0.4181818181818182,0.6818181818181818,14.11043195373932,17.71043195373931,True,0.011025352578620723,6.0024898996866,0,,,17.6157,0.535745
267,269,0.039090909090909086,6.61556949950942,0.03,0.04818181818181819,4.515569499509418,8.915569499509422,True,0.008973903041801769,6.0004384501497805,0,,,5.68679,0.031505
268,270,0.16636363636363638,21.270601372369946,0.14454545454545453,0.2,19.170601372369916,22.57060137236996,True,0.11519616397653006,6.106660711084509,0,,,20.6584,0.149924
269,271,0.4090909090909091,4.0,0.3181818181818182,0.6272727272727272,1.9,7.2,True,0.004131080381723105,5.995595627489703,0,,,3.99631,0.398539
270,272,0.029090909090909087,12.063980995924272,0.02181818181818182,0.04,9.063980995924283,14.86398099592426,True,0.041956305627529326,6.0334208527355075,0,,,11.8599,0.024701
271,273,0.3090909090909091,21.792311367690605,0.2636363636363636,0.3545454545454545,20.39231136769059,22.89231136769062,False,0.0562401440968712,6.047704691204849,0,,,23.2463,0.282247
272,274,0.07863636363636364,6.242055419109897,0.058181818181818175,0.10545454545454544,2.9420554191098924,9.142055419109898,True,0.010846779043023613,6.002311326151003,0,,,3.78625,0.05971
274,276,0.16636363636363638,13.535561673650895,0.15,0.19454545454545452,12.035561673650902,14.635561673650892,False,0.11990095973073865,6.111365506838718,0,,,12.1785,0.149638
275,277,0.02,12.549779762872856,0.017272727272727273,0.024545454545454544,11.14977976287286,14.34977976287285,True,0.06474575080007554,6.056210297908055,0,,,13.4064,0.018457
276,278,0.028181818181818183,3.4000000000000004,0.024545454545454544,0.03545454545454545,2.0,5.300000000000002,True,0.03539964353079618,6.026864190638776,0,,,2.55597,0.024638
277,279,0.4545454545454546,3.2,0.2909090909090909,0.990909090909091,0.0,8.4,True,0.0007171068905440621,5.992181653998522,0,,,3.23936,0.451866
279,281,0.2727272727272727,14.724092209709143,0.2090909090909091,0.3363636363636364,13.124092209709149,16.224092209709138,True,0.05577825027097734,6.047242797378956,0,,,15.037,0.22838
280,282,0.012727272727272728,15.03982590084333,0.01,0.017727272727272727,12.739825900843337,18.13982590084332,True,0.033414967680000636,6.024879514787981,0,,,16.7526,0.012869
281,283,0.09,11.917032565317465,0.06363636363636364,0.11727272727272728,8.117032565317476,14.617032565317452,True,0.044750313210481577,6.03621486031846,0,,,9.60764,0.065644
282,284,0.16636363636363638,13.734797258200713,0.15363636363636365,0.19181818181818186,12.634797258200715,14.634797258200708,False,0.0780971423762877,6.069561689484266,0,,,12.5053,0.151441
283,285,0.2363636363636364,7.052300694643037,0.19181818181818186,0.2909090909090909,6.052300694643035,8.452300694643037,True,0.1611178210626194,6.152582368170599,0,,,6.5213,0.19811
284,286,0.4272727272727273,4.2,0.2272727272727273,0.9636363636363636,0.0,9.2,True,0.005123864557474211,5.996588411665453,0,,,4.03699,0.40714
285,287,0.1972727272727273,20.486553871248027,0.15545454545454546,0.2636363636363636,18.28655387124803,22.48655387124802,True,0.0018789231151072926,5.993343470223087,0,,,20.7813,0.175566
286,288,0.4090909090909091,10.436863448928186,0.3545454545454545,0.509090909090909,9.236863448928188,11.936863448928179,True,0.010381603881786177,6.001846150989765,0,,,11.2833,0.405095
287,289,0.04454545454545455,5.706809361120008,0.031818181818181815,0.06272727272727273,2.506809361120009,9.406809361120008,True,0.02015263860302126,6.0116171857110015,0,,,4.46489,0.036446
288,290,0.013181818181818182,6.719606878640822,0.01,0.01818181818181818,4.01960687864082,9.819606878640826,True,0.023721327555562943,6.015185874663542,0,,,7.36582,0.013026
289,291,0.4545454545454546,7.563036718183332,0.3727272727272728,0.6181818181818182,5.96303671818333,9.863036718183334,True,0.009707218677716038,6.0011717657856956,0,,,8.28644,0.460924
290,292,0.03,3.6,0.025454545454545452,0.03818181818181818,1.8,5.5,True,0.019420090128937355,6.0108846372369165,0,,,2.56491,0.025927
291,293,0.01681818181818182,6.994613065556537,0.013636363636363636,0.02181818181818182,4.994613065556536,9.494613065556539,True,0.019216271574392013,6.010680818682372,0,,,7.5943,0.01613
292,294,0.7272727272727273,4.1000000000000005,0.3909090909090909,1.4,0.0,9.0,True,0.0023295337890785572,5.993794080897057,0,,,4.44438,0.706293
293,295,0.3181818181818182,3.7,0.2727272727272727,0.3727272727272728,2.5,4.9,True,0.21959238106068565,6.211056928168666,0,,,2.9281,0.282857
294,296,0.9454545454545454,9.68549021090071,0.4636363636363636,1.4,5.185490210900726,13.285490210900695,True,3.9486344610912514e-05,5.991504033452589,0,,,10.9687,0.925956
296,298,0.13727272727272727,19.518667945305324,0.11545454545454545,0.1572727272727273,17.21866794530533,21.318667945305318,False,0.027463286677429213,6.0189278337854075,0,,,18.394,0.110836
297,299,0.34545454545454546,3.5,0.2272727272727273,0.5818181818181818,0.6000000000000001,7.300000000000002,True,0.008856328580668385,6.000320875688647,0,,,2.98493,0.318227
298,300,0.44545454545454544,8.912853281970904,0.3727272727272728,0.5545454545454546,7.5128532819709095,10.5128532819709,True,0.07781660054360601,6.069281147651585,0,,,9.60489,0.443287
299,301,0.3363636363636364,7.601809215013653,0.24545454545454545,0.4272727272727273,5.301809215013653,9.601809215013656,True,0.07144089829877262,6.06290544540675,0,,,7.16208,0.291543
300,302,0.12090909090909092,11.147124432578797,0.08636363636363636,0.15181818181818182,7.847124432578808,13.747124432578785,True,0.02689626895616681,6.0183608160641455,0,,,8.95079,0.089046
302,304,0.9363636363636364,10.854088030905526,0.5181818181818182,1.4,6.7540880309055416,13.954088030905517,True,0.002947031806421512,5.9944115789144,0,,,12.4186,0.9284
303,305,0.011818181818181818,7.0319113228317365,0.01,0.013181818181818182,5.531911322831733,8.231911322831737,True,0.06643556738653736,6.057900114494517,0,,,7.74925,0.01175
304,306,0.1,13.653838720194766,0.08272727272727272,0.11545454545454545,11.953838720194769,15.353838720194759,False,0.06585260405676505,6.057317151164744,0,,,11.8727,0.072793
305,307,0.3636363636363637,5.094550425741418,0.3181818181818182,0.44545454545454544,4.094550425741419,6.4945504257414175,True,0.15235227334576326,6.1438168204537424,0,,,5.11355,0.351264
306,308,0.16818181818181818,5.1000000000000005,0.1390909090909091,0.2363636363636364,2.4000000000000004,7.2,True,0.010255627579253579,6.001720174687233,0,,,2.86052,0.153857
307,309,0.2272727272727273,4.800000000000002,0.16454545454545455,0.3090909090909091,2.7,7.0,True,0.03414651699801944,6.0256110641059974,0,,,3.66366,0.190781
308,310,0.3181818181818182,13.844958976808515,0.2636363636363636,0.3818181818181817,12.54495897680852,15.14495897680851,True,0.0862114749785964,6.077676022086576,0,,,14.4488,0.287995
309,311,0.15181818181818182,7.628108139755191,0.13363636363636364,0.16818181818181818,6.028108139755191,9.128108139755193,False,0.0032808870448020693,5.99474543415278,0,,,5.37594,0.129888
310,312,0.5909090909090908,7.623934284795284,0.4090909090909091,1.0636363636363635,5.123934284795283,11.723934284795286,True,0.030329689135686663,6.021794236243665,0,,,8.7526,0.620898
311,313,1.1636363636363636,5.543605169953983,0.5454545454545454,1.4,0.7436051699539847,7.543605169953983,True,0.0001240892905692708,5.991588636398548,0,,,6.10097,1.08928
312,314,0.1863636363636364,9.303932262918217,0.15,0.2545454545454545,6.903932262918223,11.303932262918208,True,0.017529598001779657,6.008994145109758,0,,,7.94024,0.166565
313,315,0.09363636363636364,10.094150615957613,0.07363636363636364,0.1190909090909091,7.594150615957623,12.594150615957606,False,0.028666012904237443,6.020130560012215,0,,,7.88829,0.06973
314,316,0.2727272727272727,13.499038818434489,0.2090909090909091,0.3272727272727273,11.799038818434491,14.699038818434484,True,0.05581104155566141,6.0472755886636405,0,,,13.5731,0.229595
315,317,0.3181818181818182,2.1,0.2181818181818182,0.5545454545454546,0.0,6.300000000000002,True,0.01932579137466095,6.01079033848264,0,,,1.08928,0.27833
316,318,0.14272727272727273,7.8962717368676945,0.12272727272727273,0.1590909090909091,6.096271736867694,9.196271736867695,False,0.039425448148061065,6.03088999525604,0,,,5.37589,0.116108
317,319,0.2363636363636364,7.890769673714509,0.18363636363636365,0.3090909090909091,6.390769673714508,9.99076967371451,True,0.2982979460570619,6.289762493165041,0,,,7.48673,0.198125
318,320,0.029090909090909087,17.805820446952808,0.02,0.04181818181818182,14.105820446952825,21.2058204469528,True,0.03975950128396776,6.031224048391946,0,,,18.18,0.024604
319,321,0.1972727272727273,8.430989723945531,0.1572727272727273,0.2545454545454545,6.330989723945531,10.030989723945533,True,0.017176019819358217,6.008640566927338,0,,,6.98574,0.172364
320,322,0.2363636363636364,8.08977708652171,0.1890909090909091,0.2818181818181818,6.989777086521709,9.189777086521712,True,0.03638342732708516,6.027847974435066,0,,,7.19678,0.192636
321,323,0.05545454545454545,21.027632814337693,0.04,0.08090909090909093,17.627632814337645,25.12763281433775,True,0.019059579087310975,6.01052412619529,0,,,21.4138,0.045716
322,324,0.2727272727272727,10.440230674190909,0.2272727272727273,0.3090909090909091,9.340230674190913,11.240230674190904,True,0.05733313912706192,6.048797686235041,0,,,10.1806,0.227933
323,325,0.1190909090909091,10.337424975135947,0.10181818181818182,0.13727272727272727,8.437424975135954,12.237424975135939,False,0.11405752033716797,6.105522067445147,0,,,8.19206,0.088783
324,326,0.2181818181818182,4.3,0.1781818181818182,0.24545454545454545,3.1,5.1000000000000005,False,0.23483530861150576,6.2262998557194855,0,,,2.42722,0.179936
326,328,0.2181818181818182,14.353319660192135,0.18363636363636365,0.2636363636363636,13.353319660192142,15.553319660192132,True,0.042360612419412816,6.033825159527392,0,,,14.249,0.187421
327,329,0.18363636363636365,14.265699960465396,0.15363636363636365,0.2272727272727273,12.3656999604654,15.565699960465391,True,0.07542287078603213,6.066887417894011,0,,,13.2202,0.16271
328,330,0.3,2.5,0.2090909090909091,0.4181818181818182,0.0,5.1000000000000005,True,0.04117486708751378,6.032639414195493,0,,,1.62657,0.265953
329,331,0.01909090909090909,8.185438302487482,0.01590909090909091,0.02363636363636364,6.4854383024874815,10.085438302487487,True,0.03204511179702685,6.023509658905006,0,,,8.51681,0.017592
330,332,0.028181818181818183,4.819506947013777,0.024545454545454544,0.03818181818181818,3.4195069470137778,7.319506947013777,True,0.2923426727972984,6.2838072199052775,0,,,4.47306,0.025467
331,333,0.11727272727272728,10.224543975990537,0.08090909090909093,0.15181818181818182,6.324543975990551,13.524543975990523,True,0.010491899596326515,6.0019564467043045,0,,,7.98528,0.086248
332,334,1.2454545454545454,10.70544459271792,0.6636363636363636,1.4,6.7054445927179325,12.105444592717914,False,0.0005108910361512533,5.99197543814413,0,,,12.3416,1.24447
333,335,0.12454545454545456,10.334120036854527,0.10545454545454544,0.14636363636363636,8.434120036854535,12.234120036854524,False,0.14880403146070073,6.140268578568679,0,,,8.2831,0.096396
334,336,0.14272727272727273,12.543248162110126,0.12272727272727273,0.16272727272727272,10.643248162110133,14.44324816211012,False,0.0034290899412150696,5.994893637049193,0,,,10.8322,0.118758
335,337,0.2363636363636364,14.970522286877113,0.1781818181818182,0.2818181818181818,13.370522286877119,16.27052228687711,True,0.07368026579445999,6.065144812902439,0,,,14.7917,0.191766
336,338,0.2363636363636364,5.070904622191606,0.19181818181818186,0.2818181818181818,3.8709046221916066,6.470904622191608,True,0.1001046670839076,6.091569214191886,0,,,4.01046,0.19403
337,339,0.4090909090909091,3.6,0.2545454545454545,0.9,0.0,8.9,True,0.008723002563767521,6.000187549671747,0,,,3.63504,0.40222
338,340,0.056363636363636366,20.580255451669164,0.04363636363636364,0.07336363636363635,17.780255451669177,23.580255451669153,True,0.048806413375515854,6.040270960483495,0,,,20.5696,0.045066
339,341,0.2636363636363636,4.7,0.2181818181818182,0.3090909090909091,3.6,5.800000000000002,True,0.04032801197212205,6.031792559080102,0,,,3.82772,0.220449
340,342,0.13727272727272727,10.941543336442379,0.12090909090909092,0.15181818181818182,9.341543336442383,12.241543336442374,False,0.019241209233552853,6.010705756341532,0,,,8.84771,0.110302
341,343,0.9727272727272728,8.492622000812396,0.5818181818181818,1.4,4.592622000812412,11.392622000812388,True,0.010051536951309805,6.001516084059289,0,,,9.64171,0.951855
342,344,0.990909090909091,0.9,0.8090909090909091,1.4,0.0,3.9,True,0.0006172637666639595,5.992081810874642,0,,,0.723914,0.921114
343,345,0.014545454545454544,18.997375992780228,0.01090909090909091,0.02181818181818182,15.997375992780235,22.69737599278021,True,0.028560182588895925,6.020024729696875,0,,,21.1365,0.01455
344,346,0.2181818181818182,10.304437213411383,0.1809090909090909,0.2545454545454545,9.204437213411387,11.304437213411381,True,0.006439616223171668,5.997904163331151,0,,,9.55788,0.184106
345,347,0.4,4.6000000000000005,0.2909090909090909,0.6909090909090909,2.1,8.5,True,0.0017130478500055053,5.9931775949579835,0,,,4.66521,0.392184
346,348,0.13,7.835028748161366,0.11545454545454545,0.14636363636363636,6.235028748161364,9.135028748161368,False,0.11712903582857212,6.1085935829365505,0,,,5.36674,0.103231
347,349,0.17,8.084863807338563,0.1481818181818182,0.2090909090909091,5.984863807338562,9.184863807338568,False,0.047686490590540864,6.039151037698519,0,,,5.96922,0.153327
348,350,0.030909090909090907,9.402843352659561,0.026363636363636363,0.03818181818181818,7.702843352659568,11.102843352659557,False,0.0451788098647805,6.03664335697276,0,,,8.88136,0.026211
349,351,0.2090909090909091,7.89606560689098,0.1809090909090909,0.24545454545454545,6.996065606890979,8.79606560689098,False,0.07531345167277513,6.066777998780753,0,,,6.69938,0.180308
350,352,0.4727272727272727,2.2,0.3363636363636364,1.009090909090909,0.0,7.1000000000000005,True,0.008829115319478954,6.000293662427458,0,,,1.94461,0.459678
351,353,0.08818181818181818,18.758648653859588,0.07545454545454545,0.10454545454545457,17.058648653859592,20.35864865385958,False,0.07015811821265762,6.0616226653206375,0,,,17.5537,0.06645
352,354,0.027272727272727268,15.898237375462186,0.02181818181818182,0.037272727272727284,13.798237375462197,18.698237375462178,True,0.08723267089765288,6.078697218005633,0,,,16.7506,0.024071
354,356,0.15545454545454546,11.529080840038645,0.13545454545454547,0.1890909090909091,9.829080840038653,13.42908084003864,True,0.04735088303251997,6.038815430140499,0,,,10.0197,0.137932
355,357,0.04454545454545455,11.578829989508696,0.03636363636363636,0.05181818181818182,9.5788299895087,13.178829989508689,False,0.1412178598497606,6.13268240695774,0,,,10.7726,0.035605
357,359,0.15545454545454546,9.099894908214328,0.14272727272727273,0.16454545454545455,7.999894908214326,9.899894908214328,False,0.10993206818262304,6.101396615290603,0,,,6.86274,0.132942
358,360,0.6636363636363636,5.792829632819152,0.3272727272727273,1.4,0.8928296328191534,10.892829632819149,True,0.0030491658656909017,5.99451371297367,0,,,6.39137,0.662956
359,361,0.2272727272727273,9.573477100340002,0.17545454545454547,0.2909090909090909,8.073477100340007,11.273477100339994,True,0.049890178672968,6.041354725780948,0,,,9.03267,0.191804
360,362,0.13363636363636364,8.711823673527775,0.11545454545454545,0.15363636363636365,6.911823673527772,10.611823673527775,False,0.030482859113834193,6.0219474062218135,0,,,6.5286,0.107734
361,363,0.015454545454545453,2.6,0.012727272727272728,0.019545454545454543,0.6000000000000001,4.800000000000002,True,0.0493008544620404,6.0407654015700185,0,,,2.78868,0.015144
362,364,0.2090909090909091,18.58111699139092,0.17545454545454547,0.2636363636363636,17.58111699139092,19.88111699139091,True,0.3028172115795434,6.294281758687522,0,,,18.961,0.185186
363,365,0.3181818181818182,3.3000000000000003,0.2272727272727273,0.4363636363636364,0.9,5.800000000000002,True,0.014170871962333706,6.0056354190703125,0,,,2.61663,0.285649
364,366,0.3818181818181817,3.5,0.2727272727272727,0.5909090909090908,0.8,6.9,True,0.01428977190504656,6.005754319013025,0,,,3.03329,0.357307
365,367,0.44545454545454544,2.6,0.3272727272727273,0.7,0.1,5.9,True,0.0016621610203765415,5.993126708128356,0,,,2.38762,0.433287
366,368,0.34545454545454546,2.3000000000000003,0.2363636363636364,0.6363636363636364,0.0,6.800000000000002,True,0.009040621638936413,6.000505168746916,0,,,1.59861,0.314603
368,370,0.015454545454545453,13.378989553171387,0.012727272727272728,0.01909090909090909,11.378989553171394,15.278989553171382,True,0.015244082069466609,6.006708629177447,0,,,14.6146,0.014912
369,371,0.10181818181818182,12.12248605769724,0.07,0.13545454545454547,8.422486057697249,15.622486057697225,True,0.004093613860354714,5.995558160968334,0,,,10.1329,0.074156
370,372,0.040909090909090916,9.721028891761565,0.031818181818181815,0.05,7.521028891761572,12.021028891761556,True,0.06309149398334389,6.054556041091321,0,,,9.02142,0.032683
371,373,0.04181818181818182,6.794600097478657,0.03,0.056363636363636366,3.894600097478653,9.89460009747866,True,0.01502050239922109,6.006485049507201,0,,,5.7069,0.033703
372,374,0.027272727272727268,24.293655653898917,0.01681818181818182,0.04363636363636364,19.593655653898846,28.89365565389898,True,0.02117612477246415,6.012640671880442,0,,,25.7492,0.023395
373,375,0.04,10.582659675278798,0.029090909090909087,0.05090909090909091,7.682659675278806,13.282659675278785,True,0.08724250254954896,6.0787070496575275,0,,,9.82369,0.031531
374,376,0.1809090909090909,10.495123250599935,0.15363636363636365,0.2181818181818182,8.595123250599942,11.595123250599933,True,0.12004941243541077,6.111513959543389,0,,,8.70859,0.158698
375,377,0.03818181818181818,11.21578666460495,0.029090909090909087,0.049090909090909095,8.815786664604959,13.91578666460494,True,0.004961270461718896,5.996425817569697,0,,,10.9066,0.031165
376,378,0.12272727272727273,12.386746394238786,0.10636363636363637,0.1390909090909091,10.586746394238792,13.986746394238784,False,0.027018206563614026,6.018482753671592,0,,,10.3718,0.092124
377,379,0.029090909090909087,10.22014806944992,0.024545454545454544,0.03818181818181818,8.520148069449926,12.520148069449911,True,0.014944315663901812,6.006408862771881,0,,,10.1988,0.02545
378,380,0.053636363636363635,8.731106790178728,0.040909090909090916,0.07018181818181819,5.931106790178727,11.431106790178733,True,0.03928581359333355,6.030750360701313,0,,,7.35559,0.042825
379,381,0.16272727272727272,12.042738607781704,0.14636363636363636,0.19181818181818186,10.642738607781707,13.342738607781696,True,0.06273219586531212,6.054196742973291,0,,,10.682,0.147559
380,382,0.2363636363636364,3.2,0.2090909090909091,0.2636363636363636,2.5,3.9,False,0.06620698014211131,6.057671527250091,0,,,1.74591,0.192892
382,384,0.04363636363636364,5.173184781006,0.031818181818181815,0.05909090909090909,2.273184781006,8.373184781006,True,0.0773961403082484,6.068860687416228,0,,,3.87748,0.035569
383,385,0.06454545454545453,13.268975194385133,0.04363636363636364,0.09727272727272727,9.268975194385149,17.568975194385118,True,0.01860564839650132,6.010070195504481,0,,,12.2809,0.050533
384,386,0.024545454545454544,14.535776004388163,0.019545454545454543,0.029090909090909087,12.43577600438817,16.535776004388154,True,0.006146218851450499,5.997610765959428,0,,,14.9979,0.020907
385,387,0.03,8.893517368476108,0.025454545454545452,0.03636363636363636,6.993517368476106,10.39351736847611,True,0.07709321708346413,6.068557764191443,0,,,8.37012,0.025806
386,388,0.10818181818181817,9.890690512356247,0.09272727272727273,0.12636363636363634,8.390690512356253,11.79069051235624,False,0.18121672006857004,6.172681267176548,0,,,7.77858,0.079968
387,389,0.05545454545454545,11.108823996692925,0.045454545454545456,0.0710909090909091,8.908823996692929,13.708823996692916,False,0.009726022317721142,6.001190569425701,0,,,10.1562,0.045054
388,390,0.01636363636363636,14.928794794928885,0.011818181818181818,0.02363636363636364,11.728794794928895,18.428794794928876,True,0.005215535871280849,5.99668008297926,0,,,16.2268,0.015508
389,391,0.01681818181818182,12.713281702547608,0.012727272727272728,0.02181818181818182,10.013281702547618,15.1132817025476,True,0.06798314651439442,6.0594476936223725,0,,,13.5995,0.015694
390,392,0.3727272727272728,3.0,0.2818181818181818,0.5636363636363636,0.7000000000000001,6.300000000000002,True,0.019480041602041573,6.010944588710022,0,,,2.75166,0.358062
391,393,0.1972727272727273,4.9,0.15545454545454546,0.2545454545454545,2.6,6.5,True,0.1086606631546568,6.100125210262637,0,,,2.90691,0.169904
392,394,0.1863636363636364,8.606160657582848,0.16454545454545455,0.2181818181818182,7.506160657582847,9.606160657582848,False,0.0519637081229818,6.043428255230961,0,,,6.96599,0.163993
393,395,0.1090909090909091,10.151771328262344,0.08181818181818183,0.13545454545454547,7.251771328262357,12.851771328262336,False,0.0009187596396767996,5.992383306747656,0,,,7.75263,0.078724
394,396,0.7272727272727273,6.392325547998638,0.4181818181818182,1.4,2.2923255479986357,11.292325547998646,True,0.00867061652605572,6.0001351636340345,0,,,7.12659,0.721981
395,397,0.44545454545454544,8.988334252500486,0.3727272727272728,0.5909090909090908,7.588334252500491,11.088334252500482,True,0.031385568633133576,6.022850115741112,0,,,9.86064,0.451638
396,398,0.2090909090909091,4.800000000000002,0.17,0.2363636363636364,3.6,5.5,False,0.16682422775626285,6.158288774864242,0,,,2.91638,0.175856
397,399,0.056363636363636366,12.800743198647867,0.04636363636363637,0.06727272727272728,10.800743198647869,14.600743198647855,False,0.12574859842647207,6.117213145534451,0,,,11.7218,0.044551
398,400,0.02181818181818182,13.323919142418008,0.01636363636363636,0.027272727272727268,10.423919142418017,15.623919142418,True,0.1603372810477408,6.15180182815572,0,,,13.4445,0.018617
399,401,0.17272727272727273,18.576987788423022,0.15363636363636365,0.2090909090909091,16.87698778842303,19.67698778842302,True,0.03869678347156901,6.030161330579548,0,,,17.9808,0.15907
400,402,0.16818181818181818,14.899558236366602,0.14454545454545453,0.2181818181818182,12.799558236366611,16.599558236366597,True,0.02626192853930956,6.0177264756472875,0,,,13.9504,0.155204
401,403,0.018636363636363642,11.851998413898608,0.015454545454545453,0.022727272727272728,10.151998413898617,13.651998413898607,True,0.0312775950162429,6.022742142124223,0,,,12.5571,0.017154
402,404,0.022727272727272728,10.317243094731836,0.01909090909090909,0.027272727272727268,8.917243094731843,12.21724309473183,True,0.21891319743274426,6.210377744540724,0,,,10.6672,0.019849
403,405,0.06181818181818183,7.177978170617138,0.04818181818181819,0.07681818181818181,4.477978170617135,9.777978170617141,False,0.056455039055058664,6.0479195861630375,0,,,5.22552,0.047539
404,406,0.04,14.24863515090873,0.028181818181818183,0.056363636363636366,11.048635150908739,17.848635150908716,True,0.03268734560789107,6.02415189271587,0,,,14.1103,0.03216
405,407,0.05090909090909091,5.87069002874534,0.04363636363636364,0.058181818181818175,4.07069002874534,7.0706900287453385,False,0.2124869641315859,6.203951511239565,0,,,4.12726,0.041103
406,408,0.6363636363636364,5.467184806853192,0.3272727272727273,1.3636363636363635,0.5671848068531924,10.567184806853193,True,0.005167890161944915,5.996632437269923,0,,,6.01907,0.633023
407,409,0.011818181818181818,18.087722478612122,0.01,0.01681818181818182,16.18772247861213,21.68772247861211,True,0.0025689389581633987,5.994033486066142,0,,,20.0477,0.011844
408,410,0.030909090909090907,4.4,0.027272727272727268,0.03818181818181818,3.0,6.1000000000000005,False,0.07512353378331117,6.0665880808912895,0,,,3.4944,0.026632
409,411,0.3090909090909091,6.998729271586815,0.2545454545454545,0.3636363636363637,5.498729271586814,8.498729271586818,True,0.08542657580620319,6.0768911229141835,0,,,6.60901,0.270032
410,412,0.05,11.627070178032069,0.04,0.06727272727272728,9.12707017803208,14.52707017803206,True,0.02780058811505784,6.019265135223037,0,,,10.8719,0.041609
411,413,0.03,6.189980353498222,0.022727272727272728,0.04454545454545455,3.3899803534982182,9.689980353498225,True,0.01855815643801055,6.01002270354599,0,,,5.71276,0.026518
412,414,0.2,10.783928489786065,0.16818181818181818,0.24545454545454545,9.683928489786071,11.98392848978606,True,0.041449513070442916,6.032914060178423,0,,,9.97166,0.177217
413,415,0.03818181818181818,13.401091769356697,0.028181818181818183,0.05,10.801091769356706,16.301091769356688,True,0.03313025656875804,6.024594803676737,0,,,13.298,0.030846
414,416,0.2818181818181818,1.5,0.2272727272727273,0.3363636363636364,0.0,2.9000000000000004,True,0.05164590980067713,6.043110456908656,0,,,0.284263,0.24143
415,417,0.15,7.900397455266844,0.12090909090909092,0.1863636363636364,5.200397455266841,10.200397455266843,True,0.04310231971271607,6.034566866820695,0,,,5.69949,0.128577
417,419,0.013636363636363636,6.646085355654184,0.011818181818181818,0.01636363636363636,5.346085355654182,8.346085355654186,True,0.05685910803960725,6.048323655147586,0,,,7.46436,0.01374
418,420,0.19181818181818186,4.800000000000002,0.15545454545454546,0.2545454545454545,2.8000000000000003,6.5,True,0.017280304050146446,6.008744851158125,0,,,3.06611,0.171222
419,421,0.03,9.07969544540656,0.025454545454545452,0.037272727272727284,7.379695445406566,10.679695445406553,True,0.039294393296403926,6.030758940404383,0,,,8.61076,0.025813
420,422,0.058181818181818175,14.251389254956315,0.04818181818181819,0.07090909090909091,12.351389254956322,16.35138925495631,False,0.03100369350098,6.022468240608959,0,,,13.5978,0.046545
421,423,0.13363636363636364,6.539437771949495,0.11545454545454545,0.15181818181818182,4.639437771949494,8.139437771949495,False,0.019989237485381485,6.01145378459336,0,,,3.98427,0.10699
422,424,0.3090909090909091,6.368857959172753,0.2818181818181818,0.3636363636363637,5.468857959172752,7.568857959172754,True,0.19656922807959987,6.18803377518758,0,,,6.11069,0.282061
423,425,0.2,11.866248149455016,0.16090909090909092,0.2545454545454545,10.066248149455024,13.46624814945501,True,0.14927342815376118,6.14073797526174,0,,,11.0611,0.175172
425,427,0.12454545454545456,13.683052348288108,0.10363636363636364,0.14636363636363636,11.483052348288114,15.5830523482881,False,0.01936287910396716,6.0108274262119465,0,,,11.8647,0.095051
426,428,0.2272727272727273,6.985328540593867,0.16272727272727272,0.3181818181818182,4.585328540593865,9.38532854059387,True,0.07583388628600847,6.0672984333939874,0,,,6.04525,0.190553
427,429,0.03,11.544749618773587,0.02363636363636364,0.040909090909090916,9.044749618773595,14.044749618773578,True,0.013973524001339142,6.005438071109317,0,,,11.3974,0.025878
428,430,0.16090909090909092,12.340863570087668,0.13181818181818186,0.2181818181818182,9.740863570087676,14.64086357008766,True,0.01863124543334216,6.010095792541321,0,,,10.9855,0.144802
429,431,0.028181818181818183,6.788578016433465,0.02363636363636364,0.031818181818181815,4.888578016433463,7.988578016433464,False,0.3401134391723441,6.331577986280322,0,,,5.89933,0.023617
431,433,0.01636363636363636,5.744938342184127,0.013636363636363636,0.02,3.9449383421841264,7.5449383421841265,True,0.013661754800182656,6.005126301908161,0,,,6.10158,0.015731
432,434,0.3909090909090909,5.384443118152472,0.3545454545454545,0.4545454545454546,4.484443118152472,6.584443118152472,True,0.061779422968785865,6.053243970076765,0,,,5.43642,0.376892
433,435,0.024545454545454544,9.942460516669225,0.019545454545454543,0.03,7.842460516669233,11.942460516669216,True,0.012034946486742434,6.003499493594721,0,,,9.77083,0.020764
434,436,0.017272727272727273,13.407248587851514,0.014090909090909091,0.02181818181818182,11.407248587851525,15.607248587851508,True,0.03745050674083317,6.028915053848813,0,,,14.4743,0.01634
435,437,0.1481818181818182,7.0901799110447445,0.11545454545454545,0.1890909090909091,4.090179911044742,9.690179911044748,True,0.02124473410857853,6.012709281216557,0,,,4.89551,0.12621
436,438,0.09090909090909093,13.704979650464573,0.07018181818181819,0.11727272727272728,10.90497965046458,16.40497965046456,False,0.0062441118804412365,5.9977086589884205,0,,,11.9331,0.067874
437,439,0.1809090909090909,16.701872869876322,0.15545454545454546,0.2272727272727273,14.801872869876327,18.001872869876316,True,0.009584233787265242,6.0010487808952435,0,,,15.9771,0.16288
438,440,0.04363636363636364,9.880169771962422,0.03545454545454545,0.053636363636363635,7.980169771962428,11.980169771962414,True,0.01909888653201456,6.010563433639994,0,,,9.24686,0.035831
439,441,0.012727272727272728,14.531203685848215,0.01,0.02181818181818182,11.931203685848224,19.1312036858482,True,0.00025085506567504046,5.991715402173655,0,,,16.0275,0.01266
440,442,0.024545454545454544,10.740576709238837,0.018636363636363642,0.03272727272727273,8.140576709238848,13.540576709238827,True,0.11032871853251357,6.1017932656404925,0,,,10.7523,0.02095
441,443,0.3727272727272728,2.3000000000000003,0.2545454545454545,0.8272727272727273,0.0,7.5,True,0.0008405287515735895,5.992305075859552,0,,,1.69557,0.347269
442,444,0.06727272727272728,6.7271518076625645,0.04636363636363637,0.09545454545454546,2.8271518076625606,10.527151807662566,True,0.020075598409272102,6.011540145517252,0,,,4.66909,0.051462
444,446,0.19181818181818186,8.750910770470439,0.1590909090909091,0.2272727272727273,7.050910770470438,9.750910770470439,True,0.055814462330225315,6.0472790094382045,0,,,7.14387,0.166897
445,447,0.01681818181818182,5.0,0.014090909090909091,0.02181818181818182,3.4000000000000004,7.2,True,0.08986100753635846,6.081325554644338,0,,,5.39755,0.016275
446,448,0.015,12.115206601008987,0.010454545454545454,0.02363636363636364,8.415206601009,16.215206601008973,True,0.010466528222304462,6.001931075330282,0,,,13.1901,0.014582
447,449,0.3090909090909091,4.7,0.24545454545454545,0.3818181818181817,2.8000000000000003,6.5,True,0.026512120010655855,6.017976667118635,0,,,4.01829,0.273084
448,450,0.07772727272727273,6.996443257503199,0.05909090909090909,0.10363636363636364,4.096443257503196,9.7964432575032,True,0.011404558343252312,6.002869105451231,0,,,4.79692,0.059328
449,451,0.24545454545454545,6.940200249219184,0.1890909090909091,0.3,5.440200249219184,8.340200249219185,True,0.08194201906638186,6.073406566174362,0,,,6.13421,0.198895
450,452,0.17,6.347102608779289,0.12818181818181815,0.2545454545454545,2.5471026087792854,8.64710260877929,True,0.031350510117502686,6.022815057225483,0,,,3.84948,0.151506
451,453,0.027272727272727268,11.184627588429787,0.02090909090909091,0.03363636363636364,8.684627588429796,13.08462758842978,True,0.12071902784214215,6.112183574950121,0,,,10.847,0.022761
452,454,0.02,9.082103626766028,0.01590909090909091,0.026363636363636363,7.0821036267660356,11.482103626766019,True,0.02346810315145632,6.0149326502594365,0,,,9.46714,0.018392
453,455,0.2818181818181818,8.9574441008664,0.2272727272727273,0.34545454545454546,7.557444100866404,10.457444100866397,True,0.08407732359268386,6.075541870700662,0,,,8.78817,0.245175
454,456,0.05545454545454545,8.748157784654111,0.04272727272727273,0.07545454545454545,6.148157784654119,11.948157784654098,True,0.03798401574963658,6.029448562857616,0,,,7.63569,0.045169
455,457,0.04636363636363637,16.689817533286938,0.03818181818181818,0.05454545454545455,14.589817533286949,18.289817533286932,False,0.226075738411266,6.217540285519244,0,,,16.3642,0.037282
456,458,0.7363636363636363,2.3000000000000003,0.4909090909090909,1.4,0.0,7.5,True,0.004340467790422695,5.9958050148984015,0,,,2.7497,0.743392
457,459,0.3,7.636831383813188,0.24545454545454545,0.3545454545454545,6.336831383813187,8.736831383813188,True,0.03408559468132293,6.025550141789303,0,,,7.22935,0.261949
458,460,0.019545454545454543,14.143759497713509,0.013636363636363636,0.030909090909090907,10.64375949771352,18.743759497713487,True,0.025251647343174755,6.016716194451154,0,,,15.2628,0.018131
460,462,0.12636363636363634,12.845101836612091,0.08636363636363636,0.15545454545454546,8.845101836612105,15.545101836612082,True,0.06132775798346509,6.052792305091443,0,,,10.544,0.092046
461,463,0.04181818181818182,12.205349814759202,0.027272727272727268,0.06363636363636364,8.205349814759218,16.605349814759187,True,0.022683535307254685,6.0141480824152325,0,,,11.7389,0.033765
462,464,0.3636363636363637,1.4,0.2818181818181818,0.7181818181818181,0.0,6.300000000000002,True,0.00740376567162745,5.998868312779607,0,,,0.661824,0.338092
463,465,0.02,12.989390331017061,0.013636363636363636,0.03,9.289390331017074,16.889390331017047,True,0.007598289353241731,5.999062836461222,0,,,13.5959,0.018075
464,466,0.4363636363636364,9.272511979964762,0.3636363636363637,0.5818181818181818,7.772511979964768,11.372511979964758,True,0.022686235088809112,6.014150782196787,0,,,10.0674,0.437363
465,467,0.034545454545454546,11.536320213953893,0.025454545454545452,0.05181818181818182,8.536320213953903,15.536320213953875,True,0.015300189384528226,6.006764736492507,0,,,11.4465,0.028835
466,468,0.07772727272727273,8.962723782237212,0.05,0.11545454545454545,4.4627237822372265,13.062723782237196,True,0.005021011092901992,5.99648555820088,0,,,6.92978,0.059509
467,469,0.039090909090909086,9.416003608345656,0.028181818181818183,0.052727272727272734,6.516003608345665,12.416003608345644,True,0.013042809553422458,6.004507356661401,0,,,8.66479,0.031175
468,470,0.7363636363636363,2.2,0.4909090909090909,1.4,0.0,6.9,True,0.004096944219155768,5.995561491327134,0,,,2.11903,0.697999
469,471,0.3818181818181817,5.228412705459396,0.3272727272727273,0.4818181818181818,4.028412705459396,7.028412705459394,True,0.12216720048044614,6.113631747588425,0,,,5.34427,0.370859
470,472,0.11181818181818183,6.063930983450363,0.07336363636363635,0.14636363636363636,1.8639309834503623,9.36393098345036,True,0.010890092165895609,6.002354639273873,0,,,3.12363,0.079926
471,473,0.06636363636363636,10.690587806549221,0.04454545454545455,0.09272727272727273,6.5905878065492365,14.190587806549209,True,0.03637979492053503,6.027844342028514,0,,,8.95372,0.04989
472,474,0.039090909090909086,10.3944678562544,0.03,0.05181818181818182,8.394467856254407,13.294467856254391,True,0.06875686408276913,6.060221411190747,0,,,10.2581,0.032807
473,475,0.04272727272727273,16.170854776742228,0.027272727272727268,0.07145454545454545,12.070854776742244,21.470854776742208,True,0.011244584194865476,6.0027091313028444,0,,,16.454,0.035825
474,476,0.13,7.5979492265552855,0.09909090909090908,0.1572727272727273,4.397949226555282,9.997949226555287,True,0.002828452016998023,5.994292999124977,0,,,5.04475,0.10094
475,477,0.07545454545454545,8.487776499120688,0.0609090909090909,0.09636363636363636,6.187776499120686,10.887776499120688,False,0.042285304263807735,6.033749851371787,0,,,6.54651,0.058404
476,478,0.04181818181818182,7.378843184051042,0.027272727272727268,0.06636363636363636,3.478843184051038,12.178843184051043,True,0.006833624411289857,5.998298171519269,0,,,6.5724,0.03452
477,479,0.3090909090909091,5.358910221738696,0.2363636363636364,0.3909090909090909,3.3589102217386952,7.158910221738695,True,0.02436120387430651,6.015825750982286,0,,,4.652,0.269367
478,480,0.2181818181818182,6.415403641451161,0.1590909090909091,0.3090909090909091,3.9154036414511584,9.015403641451165,True,0.022242784616338503,6.0137073317243175,0,,,5.42353,0.18721
479,481,0.13181818181818186,8.173000481975185,0.09,0.16818181818181818,3.973000481975181,11.373000481975188,True,0.021532997829546027,6.012997544937525,0,,,5.64159,0.103323
481,483,0.1,5.807414630280737,0.0609090909090909,0.15181818181818182,0.9074146302807318,10.90741463028074,True,0.0046993935462920616,5.996163940654272,0,,,3.14751,0.072883
482,484,0.017272727272727273,4.4,0.013636363636363636,0.02181818181818182,2.1,6.6000000000000005,True,0.031407356469956266,6.022871903577936,0,,,4.35695,0.01612
483,485,0.1409090909090909,9.02996601483436,0.11181818181818183,0.17,6.22996601483437,11.729966014834352,True,0.01926381594844799,6.010728363056427,0,,,6.95201,0.117115
484,486,0.03636363636363636,6.486248761873942,0.025454545454545452,0.05181818181818182,3.1862487618739403,10.086248761873945,True,0.053470348070130035,6.044934895178108,0,,,5.57325,0.029293
486,488,0.24545454545454545,42.82862765384316,0.1481818181818182,0.3727272727272728,38.22862765384309,46.32862765384321,True,0.02670499611817514,6.018169543226154,0,,,46.3125,0.212182
487,489,0.17545454545454547,11.837070480188734,0.14636363636363636,0.2363636363636364,9.537070480188746,13.537070480188731,True,0.004299415060791252,5.995763962168771,0,,,10.559,0.159868
489,491,0.027272727272727268,13.320624764355573,0.02090909090909091,0.037272727272727284,10.720624764355586,16.120624764355572,True,0.04547640940288412,6.036940956510862,0,,,13.6115,0.023737
491,493,0.08545454545454545,10.803578405047519,0.06363636363636364,0.11363636363636365,7.403578405047532,13.80357840504751,True,0.0011487406543430946,5.992613287762323,0,,,8.64396,0.06414
492,494,0.014545454545454544,17.235821435282425,0.010454545454545454,0.02090909090909091,14.035821435282436,20.535821435282415,True,0.040199388712125306,6.031663935820104,0,,,18.798,0.014044
493,495,0.1390909090909091,8.437170533006075,0.11363636363636365,0.16636363636363638,5.937170533006072,11.13717053300608,True,0.03290764124311851,6.024372188351097,0,,,6.3779,0.115898
494,496,0.03,12.967447696990945,0.024545454545454544,0.04,10.767447696990953,15.367447696990936,True,0.00518951776384171,5.996654064871821,0,,,13.0414,0.02599
495,497,0.04636363636363637,8.064312078703159,0.031818181818181815,0.07090909090909091,4.564312078703155,12.464312078703164,True,0.012680735287970523,6.0041452823959505,0,,,7.20515,0.038747
496,498,0.14636363636363636,32.092470365385275,0.10363636363636364,0.2090909090909091,27.792470365385213,35.692470365385326,True,0.01534387540055731,6.006808422508537,0,,,33.0097,0.128586
497,499,0.039090909090909086,12.188670079026544,0.029090909090909087,0.05181818181818182,9.488670079026553,15.288670079026529,True,0.017960274365584596,6.009424821473564,0,,,11.9183,0.031763
498,500,0.034545454545454546,22.116333492191877,0.026363636363636363,0.04727272727272727,19.61633349219185,25.216333492191925,True,0.02042149092653349,6.011886038034513,0,,,23.3239,0.029028
499,501,0.02363636363636364,14.273655555180767,0.015,0.04,10.17365555518078,19.273655555180746,True,0.02615917210632668,6.0176237192143045,0,,,14.983,0.020712
500,502,0.031818181818181815,12.408467115739244,0.024545454545454544,0.04727272727272727,9.608467115739252,16.308467115739223,True,0.048251905270063636,6.039716452378043,0,,,12.6597,0.027738
501,503,0.08636363636363636,7.294874901442893,0.06818181818181819,0.1090909090909091,4.694874901442889,9.594874901442893,False,0.011188775118896191,6.002653322226875,0,,,4.67005,0.064485
504,506,0.11545454545454545,7.9507722944115695,0.08545454545454545,0.14454545454545453,4.850772294411566,10.650772294411572,False,0.013560378539734576,6.005024925647714,0,,,5.36452,0.084551
505,507,0.05,12.29992678218593,0.037272727272727284,0.07227272727272728,9.199926782185939,15.999926782185915,True,0.0130249181999807,6.004489465307961,0,,,11.692,0.041881
506,508,0.11727272727272728,13.030189749150221,0.08545454545454545,0.14454545454545453,9.630189749150231,15.830189749150211,False,0.12225633310156235,6.1137208802095415,0,,,10.9507,0.084959
507,509,0.037272727272727284,10.752888191038606,0.029090909090909087,0.04636363636363637,8.652888191038612,12.952888191038596,True,0.16631820212615284,6.157782749234133,0,,,10.2247,0.029674
508,510,0.04272727272727273,11.981109410328944,0.030909090909090907,0.058181818181818175,8.981109410328953,15.281109410328929,True,0.05003773480729476,6.041502281915274,0,,,11.4617,0.034713
509,511,0.07163636363636364,29.968629363669077,0.04272727272727273,0.12272727272727273,25.168629363669005,35.16862936366915,True,0.0004931697174366269,5.991957716825416,0,,,30.5859,0.055729
510,512,0.12272727272727273,7.541084929315428,0.09727272727272727,0.1481818181818182,5.041084929315424,9.74108492931543,False,0.0009312941883028623,5.992395841296282,0,,,4.99102,0.091685
511,513,0.17272727272727273,11.647264002543182,0.1409090909090909,0.2363636363636364,8.747264002543192,13.547264002543175,True,0.0033336170098524397,5.9947981641178325,0,,,10.0715,0.156885
512,514,0.2818181818181818,3.6,0.2090909090909091,0.3545454545454545,1.6,5.4,True,0.007218814450549984,5.998683361558528,0,,,2.58566,0.239428
514,516,0.08636363636363636,6.221612756826725,0.058181818181818175,0.12272727272727273,1.9216127568267212,10.121612756826726,True,0.0035904236252835803,5.995054970733262,0,,,3.52765,0.064672
515,517,0.2727272727272727,3.6,0.2181818181818182,0.3363636363636364,2.0,5.2,True,0.030123454265954606,6.0215880013739325,0,,,2.59389,0.230669
516,518,0.24545454545454545,4.9,0.19181818181818186,0.2909090909090909,3.4000000000000004,6.300000000000002,True,0.019750311274301626,6.011214858382281,0,,,3.80183,0.197648
517,519,0.16818181818181818,11.894951524976813,0.1390909090909091,0.2272727272727273,9.094951524976826,13.694951524976812,True,0.011074096364735641,6.002538643472715,0,,,10.1964,0.151293
518,520,0.045454545454545456,22.365504052361054,0.031818181818181815,0.06727272727272728,18.865504052361008,26.56550405236112,True,0.02567696130536734,6.017141508413348,0,,,23.1612,0.038086
519,521,0.2181818181818182,9.759366840449712,0.16454545454545455,0.2727272727272727,7.759366840449718,11.259366840449704,True,0.04960493850401746,6.041069485611997,0,,,8.71453,0.182241
520,522,0.02363636363636364,11.41213087433111,0.018636363636363642,0.029090909090909087,9.212130874331116,13.812130874331102,True,0.04212829239643519,6.033592839504413,0,,,11.7695,0.020433
522,524,0.01909090909090909,12.631593544727046,0.015,0.024545454545454544,10.331593544727058,15.03159354472704,True,0.003097093134137537,5.994561640242116,0,,,13.4195,0.017577
523,525,0.026363636363636363,14.563058551178298,0.017727272727272727,0.040909090909090916,10.86305855117831,18.563058551178287,True,0.0015972195800759664,5.993061766688055,0,,,14.935,0.02257
524,526,0.027272727272727268,13.229319058111505,0.02090909090909091,0.037272727272727284,10.729319058111514,16.129319058111495,True,0.03979651815273857,6.0312610652607175,0,,,13.5383,0.023779
525,527,0.1390909090909091,6.650557479007418,0.11727272727272728,0.1590909090909091,4.450557479007415,8.450557479007418,False,0.00935349315156483,6.000818040259544,0,,,4.00063,0.112246
526,528,0.09272727272727273,6.768735166043072,0.07054545454545455,0.11727272727272728,3.868735166043068,9.268735166043072,False,0.0012662268616256689,5.992730773969605,0,,,4.0624,0.068232
527,529,0.057272727272727274,7.251179841509719,0.04272727272727273,0.07909090909090909,4.351179841509716,10.751179841509723,True,0.03953268309076932,6.030997230198747,0,,,5.91485,0.0463
528,530,0.012272727272727272,15.074007779651652,0.01,0.01636363636363636,12.97400777965166,18.17400777965164,True,0.11816137994604847,6.109625927054028,0,,,16.7451,0.012321
529,531,0.11545454545454545,8.10895777824496,0.08454545454545455,0.1409090909090909,5.108957778244958,10.608957778244962,False,0.07642528834782948,6.067889835455809,0,,,5.43351,0.083041
530,532,0.015,19.6596616957398,0.011363636363636364,0.02181818181818182,16.959661695739804,22.75966169573979,True,0.0047379275384872,5.9962024746464655,0,,,21.7334,0.01481
531,533,0.3818181818181817,8.250663213435272,0.3363636363636364,0.44545454545454544,7.2506632134352715,9.350663213435276,True,0.01923507186255332,6.010699618970532,0,,,8.49886,0.364109
532,534,0.05,2.1,0.04181818181818182,0.06636363636363636,0.0,4.9,True,0.024865314597318017,6.016329861705298,0,,,0.410124,0.042099
533,535,0.0710909090909091,14.040170215120268,0.05,0.09727272727272727,10.440170215120279,17.340170215120256,True,0.017779329585890024,6.009243876693868,0,,,12.6676,0.054013
534,536,0.013636363636363636,11.222885948316009,0.010454545454545454,0.01818181818181818,8.62288594831602,13.822885948316,True,0.010710894535016523,6.002175441642995,0,,,12.3523,0.013546
535,537,0.15,15.875661237501497,0.12272727272727273,0.17545454545454547,13.475661237501507,17.875661237501486,True,0.02379094533182009,6.015255492439799,0,,,14.4482,0.12612
536,538,0.014545454545454544,17.917919958164074,0.01090909090909091,0.02,14.717919958164089,20.81791995816407,True,0.0352660477871172,6.026730594895097,0,,,19.474,0.014072
537,539,0.4727272727272727,7.971943058203001,0.3818181818181817,0.6181818181818182,6.471943058203,9.871943058203003,True,0.07720807310595107,6.068672620213929,0,,,8.63694,0.472881
538,540,0.022727272727272728,13.602675558465286,0.01818181818181818,0.03,11.602675558465293,16.602675558465272,True,0.1040147640999162,6.095479311207894,0,,,14.4004,0.019997
539,541,0.16818181818181818,5.1000000000000005,0.15181818181818182,0.19454545454545452,3.6,6.0,False,0.12253275354995195,6.113997300657932,0,,,2.55447,0.149966
540,542,0.2272727272727273,6.546188486102028,0.19181818181818186,0.2636363636363636,5.546188486102028,7.546188486102028,False,0.016533459310233076,6.007998006418212,0,,,5.53068,0.190281
541,543,0.056363636363636366,11.72105850059235,0.04181818181818182,0.07727272727272727,8.521058500592362,15.121058500592339,True,0.0026052259406921913,5.994069773048672,0,,,10.7648,0.045489
542,544,0.5909090909090908,7.5100539976843965,0.4090909090909091,1.054545454545455,5.010053997684395,11.7100539976844,True,0.030337956323529418,6.021802503431507,0,,,8.67659,0.617506
543,545,0.015454545454545453,13.000821290875953,0.011818181818181818,0.022727272727272728,10.30082129087596,16.300821290875938,True,0.013986929650756787,6.005451476758736,0,,,14.353,0.015198
544,546,0.2363636363636364,5.426303719475152,0.16454545454545455,0.3363636363636364,2.926303719475153,8.126303719475153,True,0.0379723655200101,6.029436912627988,0,,,4.63496,0.197094
545,547,0.3181818181818182,8.058682884844997,0.2818181818181818,0.3818181818181817,7.158682884844994,9.458682884844995,True,0.18358377371398127,6.1750483208219595,0,,,8.15,0.292493
546,548,0.2272727272727273,6.781528798392728,0.16454545454545455,0.3,4.481528798392724,8.881528798392731,True,0.025014131700032586,6.016478678808014,0,,,5.71428,0.189167
547,549,0.07036363636363636,8.048783850447991,0.057272727272727274,0.08636363636363636,5.648783850447992,10.548783850447995,False,0.002176207765263652,5.993640754873242,0,,,6.11483,0.054052
548,550,0.2181818181818182,8.747552071876877,0.16636363636363638,0.2909090909090909,7.047552071876877,10.747552071876884,True,0.03392174026568762,6.025386287373665,0,,,8.04265,0.187369
549,551,0.02363636363636364,15.092641041662262,0.017727272727272727,0.029090909090909087,12.392641041662273,17.392641041662248,True,0.03594803199281521,6.027412579100794,0,,,15.4453,0.019802
550,552,0.027272727272727268,8.735766237879632,0.02090909090909091,0.037272727272727284,6.1357662378796425,11.735766237879622,True,0.03820840419145807,6.029672951299437,0,,,8.51597,0.023658
552,554,0.02181818181818182,17.475724190892187,0.015,0.031818181818181815,13.775724190892204,21.275724190892177,True,0.05929286857129951,6.050757415679279,0,,,18.3197,0.019008
553,555,0.13181818181818186,12.948415542131665,0.10090909090909092,0.16454545454545455,9.548415542131675,16.048415542131654,True,0.04049088677970865,6.031955433887688,0,,,11.2974,0.106722
554,556,0.03272727272727273,12.146166341079626,0.024545454545454544,0.045454545454545456,9.246166341079633,15.246166341079615,True,0.013683805847072295,6.00514835295505,0,,,12.0604,0.027524
555,557,0.02181818181818182,13.597147638141164,0.018636363636363642,0.025454545454545452,11.997147638141172,15.097147638141161,True,0.16977621414729055,6.161240761255269,0,,,14.1034,0.019116
556,558,0.01818181818181818,6.432160345147832,0.014090909090909091,0.025454545454545452,3.9321603451478295,9.632160345147836,True,0.02276434120578898,6.0142288883137685,0,,,6.81141,0.017207
557,559,0.2909090909090909,4.7,0.2,0.3727272727272728,2.2,6.7,True,0.04468206108174656,6.0361466081897275,0,,,3.67681,0.243092
558,560,0.03363636363636364,14.522068865316735,0.024545454545454544,0.04727272727272727,11.322068865316744,17.822068865316727,True,0.052320409603753684,6.0437849567117325,0,,,14.5394,0.027907
559,561,0.13727272727272727,10.956063169917954,0.11727272727272728,0.15545454545454546,9.05606316991796,12.656063169917948,False,0.02660216021528293,6.018066707323262,0,,,8.81936,0.109691
560,562,0.03818181818181818,11.99128976198056,0.030909090909090907,0.04636363636363637,10.291289761980565,13.891289761980552,True,0.019491300946602383,6.01095584805458,0,,,11.7409,0.030987
561,563,0.44545454545454544,1.3,0.3545454545454545,0.9727272727272728,0.0,6.5,True,0.009431341295253779,6.000895888403232,0,,,1.0937,0.440786
562,564,0.07636363636363636,14.66329088202782,0.05545454545454545,0.10454545454545457,11.263290882027832,17.863290882027805,True,0.01743742539454872,6.008901972502527,0,,,13.2718,0.058365
563,565,0.1390909090909091,12.856751226509207,0.11545454545454545,0.16090909090909092,10.356751226509218,14.9567512265092,False,0.08055174678012399,6.072016293888103,0,,,11.0248,0.113275
564,566,0.24545454545454545,4.5,0.19181818181818186,0.3090909090909091,2.9000000000000004,6.300000000000002,True,0.07524223499028969,6.066706782098268,0,,,3.71339,0.205088
565,567,0.07909090909090909,8.843324786485566,0.0609090909090909,0.10363636363636364,5.843324786485561,11.643324786485564,False,0.005758441018743732,5.9972229881267225,0,,,6.67193,0.060122
566,568,0.2909090909090909,9.107729545185087,0.24545454545454545,0.3272727272727273,7.907729545185092,10.007729545185086,True,0.03680475570666957,6.028269302814648,0,,,8.70683,0.248844
567,569,0.04818181818181819,12.253250160426981,0.039090909090909086,0.0609090909090909,10.05325016042699,14.653250160426971,True,0.04935841794098824,6.040822965048967,0,,,11.6506,0.039732
568,570,0.030909090909090907,5.598650466016721,0.02363636363636364,0.04363636363636364,2.8986504660167216,8.598650466016721,True,0.004009348483760669,5.995473895591741,0,,,4.85044,0.02652
569,571,0.12272727272727273,11.33555156925125,0.09636363636363636,0.15,8.535551569251258,13.93555156925124,False,0.022687611104919937,6.014152158212899,0,,,9.30485,0.092694
570,572,0.2818181818181818,4.1000000000000005,0.2363636363636364,0.3363636363636364,2.8000000000000003,5.5,True,0.06826086023994703,6.059725407347926,0,,,3.29498,0.243295
571,573,0.014090909090909091,10.606751136711026,0.011363636363636364,0.01818181818181818,8.506751136711033,13.006751136711015,True,0.04713865823643799,6.038603205344418,0,,,11.791,0.014059
572,574,0.09545454545454546,10.403894302959042,0.07,0.12090909090909092,7.003894302959057,13.103894302959034,False,0.02772783432135429,6.019192381429334,0,,,7.94537,0.068796
573,575,0.17545454545454547,3.4000000000000004,0.1590909090909091,0.2090909090909091,2.1,4.5,False,0.20796287331857247,6.199427420426551,0,,,1.1075,0.160195
574,576,0.3,13.266506314418828,0.24545454545454545,0.34545454545454546,11.76650631441883,14.366506314418825,True,0.10784723007133344,6.099311777179313,0,,,13.3992,0.259446
575,577,0.08545454545454545,5.49930154737201,0.06727272727272728,0.10818181818181817,2.79930154737201,7.99930154737201,False,0.006590306834937245,5.998054853942916,0,,,2.87642,0.064509
577,579,0.025454545454545452,12.60758954256781,0.02090909090909091,0.03,10.807589542567817,14.407589542567804,True,0.10902065110724583,6.100485198215225,0,,,12.7773,0.021735
578,580,0.2272727272727273,9.40194351027032,0.1572727272727273,0.3181818181818182,6.50194351027033,11.701943510270311,True,0.015965599236559897,6.0074301463445385,0,,,8.4546,0.187543
579,581,0.039090909090909086,14.614578339120806,0.027272727272727268,0.056363636363636366,11.514578339120815,18.214578339120788,True,0.10522372873975916,6.096688275847738,0,,,14.6732,0.031863
580,582,0.1,12.108191884023144,0.08,0.1190909090909091,9.908191884023154,14.208191884023137,False,0.01830624274741643,6.009770789855397,0,,,10.0508,0.07229
581,583,0.10727272727272727,17.26667608330694,0.07,0.1481818181818182,12.866676083306956,21.16667608330693,True,0.00899533011603631,6.000459877224015,0,,,15.8917,0.078575
582,584,0.028181818181818183,12.783741400752465,0.024545454545454544,0.03636363636363636,11.28374140075247,15.183741400752456,True,0.26917133912691216,6.260635886234891,0,,,13.2682,0.025101
583,585,0.017727272727272727,11.207746084276016,0.014090909090909091,0.02090909090909091,9.007746084276024,12.807746084276012,True,0.09470815901042652,6.086172706118406,0,,,11.7766,0.01636
584,586,0.15363636363636365,8.617327581677026,0.13363636363636364,0.17545454545454547,6.917327581677027,10.417327581677029,False,0.00561019702385221,5.997074744131831,0,,,6.58846,0.132778
585,587,0.16090909090909092,11.307329953906148,0.13181818181818186,0.2,8.707329953906157,13.007329953906142,True,0.011240035920468506,6.002704583028447,0,,,9.43643,0.141082
586,588,0.12818181818181815,9.497907233608851,0.10181818181818182,0.15545454545454546,6.497907233608864,11.897907233608846,False,0.07474317385290451,6.066207720960883,0,,,7.25393,0.100715
588,590,0.3363636363636364,4.4,0.2727272727272727,0.4090909090909091,2.8000000000000003,5.9,True,0.06390339620866603,6.055367943316645,0,,,3.85424,0.303633
589,591,0.037272727272727284,11.40799250815445,0.029090909090909087,0.04727272727272727,9.307992508154456,14.00799250815444,True,0.007007492186909278,5.998472039294889,0,,,11.2219,0.030123
590,592,0.04181818181818182,16.383693627025494,0.034545454545454546,0.05181818181818182,14.683693627025507,18.683693627025487,True,0.0987825313461786,6.090247078454157,0,,,16.7549,0.035163
592,594,0.2727272727272727,2.3000000000000003,0.2272727272727273,0.3272727272727273,1.0,3.7,True,0.012786329959043871,6.004250877067022,0,,,1.12957,0.229231
593,595,0.2727272727272727,7.866732466305701,0.2272727272727273,0.3181818181818182,6.666732466305702,8.966732466305704,True,0.019197215368708703,6.010661762476688,0,,,7.33494,0.229351
594,596,0.034545454545454546,7.2522383496200575,0.027272727272727268,0.04454545454545455,5.052238349620055,9.752238349620061,True,0.007306733358189469,5.998771280466168,0,,,6.52586,0.028387
595,597,0.07863636363636364,13.124704579430402,0.06181818181818183,0.10272727272727274,10.52470457943041,15.824704579430392,False,0.025955188757039,6.017419735865017,0,,,11.6335,0.060288
596,598,0.01636363636363636,19.923160667725547,0.011363636363636364,0.024545454545454544,16.223160667725562,23.92316066772553,True,0.02782664569493766,6.019291192802918,0,,,21.683,0.015404
597,599,0.2909090909090909,10.373695943663877,0.2363636363636364,0.3363636363636364,8.773695943663883,11.473695943663873,True,0.07483501802236328,6.066299565130342,0,,,10.0801,0.24662
598,600,0.2363636363636364,7.894241935759293,0.18363636363636365,0.2909090909090909,6.394241935759292,9.494241935759296,True,0.12041095681757595,6.111875503925555,0,,,7.05139,0.19339
599,601,0.03272727272727273,5.994814721633444,0.026363636363636363,0.040909090909090916,3.894814721633444,7.9948147216334435,True,0.031182920370184324,6.022647467478162,0,,,5.12363,0.027237
600,602,0.03363636363636364,22.32293813061614,0.025454545454545452,0.04818181818181819,19.722938130616104,25.62293813061619,True,0.046481456608528274,6.037946003716508,0,,,23.5905,0.028775
601,603,0.01636363636363636,3.4000000000000004,0.014090909090909091,0.01909090909090909,2.0,4.800000000000002,True,0.0715687740559056,6.063033321163885,0,,,3.36684,0.015503
602,604,0.025454545454545452,11.25837640478975,0.017272727272727273,0.040909090909090916,7.658376404789762,15.758376404789734,True,0.038051257103218696,6.029515804211197,0,,,11.6299,0.022519
604,606,0.1390909090909091,5.1000000000000005,0.11545454545454545,0.1590909090909091,2.9000000000000004,6.9,False,0.005026338898963943,5.996490886006942,0,,,2.33994,0.112798
606,608,0.8727272727272728,1.0,0.6909090909090909,1.4,0.0,5.1000000000000005,True,0.0003246892445847745,5.991789236352563,0,,,0.873258,0.825078
607,609,0.05545454545454545,16.913089669287277,0.045454545454545456,0.07072727272727274,14.813089669287278,19.613089669287266,False,0.09437345818871612,6.085838005296695,0,,,16.7691,0.045331
608,610,0.06454545454545453,8.553506645391339,0.04636363636363637,0.09272727272727273,5.153506645391335,12.453506645391345,True,0.02672494447698549,6.018189491584963,0,,,7.16391,0.051022
609,611,0.17545454545454547,9.930795706540092,0.15363636363636365,0.2181818181818182,8.330795706540098,11.13079570654009,True,0.03998845777183137,6.031453004879809,0,,,8.45021,0.160398
610,612,0.02181818181818182,18.76986174837205,0.017272727272727273,0.029090909090909087,16.46986174837206,21.769861748372044,True,0.09125146312115497,6.0827160102291336,0,,,20.0967,0.019472
611,613,0.3636363636363637,7.990396148313128,0.2818181818181818,0.4818181818181818,5.890396148313126,10.19039614831313,True,0.09661840433944574,6.088082951447425,0,,,7.94809,0.336714
612,614,0.10181818181818182,18.438140697218557,0.07590909090909091,0.12636363636363634,15.438140697218572,21.138140697218553,False,0.003259621459147792,5.994724168567128,0,,,17.0366,0.073524
613,615,0.24545454545454545,10.300989779649392,0.2181818181818182,0.2727272727272727,9.600989779649396,11.200989779649392,False,0.26710812081980817,6.258572667927787,0,,,10.0311,0.198869
614,616,0.4818181818181818,5.0759658607126505,0.3636363636363637,0.7363636363636363,2.7759658607126507,8.07596586071265,True,0.03763884341457197,6.02910339052255,0,,,5.31291,0.478541
615,617,0.10181818181818182,19.445379029320897,0.075,0.12818181818181815,16.445379029320907,22.245379029320887,False,0.02244055863384813,6.013905105741827,0,,,18.2707,0.074163
616,618,0.039090909090909086,6.459726698843474,0.028181818181818183,0.05545454545454545,3.5597266988434697,9.959726698843477,True,0.0427121774537954,6.034176724561776,0,,,5.69178,0.032282
617,619,0.012272727272727272,17.423511945656212,0.01,0.015454545454545453,15.423511945656225,19.923511945656212,True,0.00588762238949446,5.997352169497473,0,,,19.2997,0.012174
618,620,0.04818181818181819,8.767676147191626,0.04,0.06181818181818183,6.767676147191625,11.167676147191626,False,0.036217512902997316,6.027682060010977,0,,,7.77906,0.039982
619,621,0.04,15.443637883208616,0.03,0.05545454545454545,13.043637883208625,18.74363788320861,True,0.0331495654359754,6.024614112543953,0,,,15.7508,0.033452
620,622,0.07954545454545454,11.565643458325017,0.06272727272727273,0.10272727272727274,8.865643458325028,14.06564345832501,False,0.002698306876316121,5.994162853984295,0,,,9.66575,0.060378
622,624,0.2727272727272727,5.308877009272078,0.2181818181818182,0.3181818181818182,3.7088770092720784,6.508877009272077,True,0.08151385485070414,6.072978401958682,0,,,4.30884,0.223279
623,625,0.3363636363636364,7.625977594074232,0.2727272727272727,0.3909090909090909,6.22597759407423,8.925977594074233,True,0.035732421611171336,6.02719696871915,0,,,7.39678,0.300303
624,626,0.045454545454545456,6.780964804335349,0.03545454545454545,0.05909090909090909,4.280964804335348,9.48096480433535,True,0.0498231938048522,6.041287740912831,0,,,5.69812,0.03757
625,627,0.10454545454545457,9.969876997893534,0.07681818181818181,0.12818181818181815,6.769876997893546,12.469876997893527,False,0.08370898749432905,6.075173534602307,0,,,7.37222,0.074331
626,628,0.02,11.871790834059489,0.01636363636363636,0.025454545454545452,10.071790834059492,14.071790834059481,True,0.12558358379157922,6.117048130899558,0,,,12.6072,0.018387
627,629,0.3909090909090909,5.60438645646358,0.3272727272727273,0.5,4.304386456463578,7.40438645646358,True,0.01961886065466166,6.011083407762642,0,,,5.62926,0.374195
629,631,0.06,5.2240125824361305,0.045454545454545456,0.07863636363636364,2.424012582436132,8.12401258243613,True,0.017594799425125526,6.009059346533103,0,,,3.33619,0.047277
630,632,0.19181818181818186,15.318359429710672,0.17272727272727273,0.2181818181818182,14.718359429710677,16.21835942971067,False,0.036606323104544175,6.028070870212523,0,,,14.8895,0.171642
631,633,0.03636363636363636,13.582301413161304,0.03,0.045454545454545456,12.08230141316131,15.682301413161296,False,0.06371799583891427,6.055182542946893,0,,,13.6924,0.029824
632,634,0.017272727272727273,14.597851390128039,0.014090909090909091,0.02181818181818182,12.597851390128048,16.797851390128027,True,0.12702098266294726,6.118485529770926,0,,,15.8728,0.016463
633,635,0.08727272727272728,7.745219205347683,0.075,0.10272727272727274,6.045219205347682,9.145219205347683,False,0.008693989764761486,6.000158536872741,0,,,5.19584,0.065563
634,636,0.11363636363636365,19.29073680920147,0.075,0.1481818181818182,15.090736809201484,22.490736809201454,True,0.009914909936696713,6.001379457044675,0,,,17.8818,0.081806
635,637,0.022727272727272728,13.722794189664304,0.017727272727272727,0.027272727272727268,11.622794189664312,15.622794189664301,True,0.1377100792015047,6.1291746263094815,0,,,14.1235,0.019321
636,638,0.011818181818181818,16.90830937685483,0.01,0.014545454545454544,15.308309376854837,19.108309376854827,True,0.03912321465264649,6.030587761760626,0,,,18.7283,0.011722
637,639,0.16090909090909092,11.797995711901036,0.1390909090909091,0.18363636363636365,9.89799571190104,12.997995711901028,False,0.16672414115431666,6.158188688262296,0,,,9.80635,0.138574
638,640,0.3090909090909091,9.070977643707872,0.2636363636363636,0.3545454545454545,7.7709776437078775,10.170977643707866,True,0.008169187800070863,5.99963373490805,0,,,8.86601,0.27151
639,641,0.07909090909090909,20.42641993755043,0.06454545454545453,0.09909090909090908,18.026419937550443,22.726419937550425,False,0.023455830734740637,6.01492037784272,0,,,19.6334,0.060288
640,642,0.2818181818181818,9.867865811977095,0.2363636363636364,0.3181818181818182,8.6678658119771,10.76786581197709,False,0.16061770636771594,6.152082253475696,0,,,9.48841,0.236238
641,643,0.03545454545454545,6.3056248115406275,0.029090909090909087,0.04272727272727273,4.505624811540627,8.00562481154063,False,0.025385593994127056,6.016850141102107,0,,,5.28278,0.028749
642,644,0.2181818181818182,12.36415984155638,0.17,0.2545454545454545,10.964159841556382,13.464159841556375,True,0.10230614018506708,6.093770687293046,0,,,11.646,0.1822
643,645,0.0609090909090909,8.99164990366819,0.049090909090909095,0.07590909090909091,6.791649903668198,11.39164990366818,False,0.05625131491756316,6.047715862025544,0,,,7.55486,0.048102
644,646,0.17272727272727273,5.537229494523821,0.15363636363636365,0.2,3.937229494523821,6.437229494523821,False,0.15555413714900385,6.147018684256983,0,,,3.09937,0.154103
645,647,0.1781818181818182,9.946704177743714,0.15545454545454546,0.2272727272727273,8.24670417774372,11.446704177743706,True,0.10455777772262448,6.096022324830604,0,,,8.65782,0.163774
647,649,0.2090909090909091,8.143795176388759,0.17,0.24545454545454545,6.9437951763887575,9.14379517638876,False,0.17266437866363674,6.1641289257716165,0,,,6.85665,0.178373
648,650,0.14272727272727273,10.89766802263173,0.12454545454545456,0.16090909090909092,9.297668022631736,12.597668022631725,False,0.03469752850308075,6.02616207561106,0,,,9.04201,0.118463
650,652,0.3,7.939262243568263,0.2363636363636364,0.3545454545454545,6.239262243568262,9.339262243568264,True,0.19797449518372776,6.189439042291707,0,,,7.4,0.253976
651,653,0.3363636363636364,9.770691155164773,0.2909090909090909,0.3818181818181817,8.770691155164776,10.77069115516477,True,0.13159172634406707,6.123056273452046,0,,,9.84136,0.300778
652,654,0.07727272727272727,8.926292575490159,0.0609090909090909,0.09727272727272727,6.3262925754901564,11.22629257549016,False,0.006841349269113305,5.998305896377093,0,,,6.74631,0.058662
653,655,0.11545454545454545,8.610917857958269,0.09909090909090908,0.13,6.910917857958268,10.21091785795827,False,0.008358806874533227,5.999823353982513,0,,,6.08865,0.084054
654,656,0.015,15.667495857002006,0.012727272727272728,0.019545454545454543,13.86749585700201,18.067495857001997,True,0.027706781470082417,6.019171328578062,0,,,17.3932,0.014871
655,657,0.1890909090909091,7.561656753524213,0.16818181818181818,0.2272727272727273,6.661656753524213,8.661656753524213,False,0.11543928863748235,6.106903835745461,0,,,6.21086,0.170539
656,658,0.014090909090909091,9.953511362791382,0.012272727272727272,0.01681818181818182,8.553511362791385,11.553511362791376,True,0.0647507225610768,6.056215269669057,0,,,11.0474,0.014028
658,660,0.3,4.5,0.2545454545454545,0.34545454545454546,3.2,5.6000000000000005,True,0.04346233811688987,6.034926885224869,0,,,3.64554,0.25906
659,661,0.04727272727272727,6.531920239796406,0.04,0.0609090909090909,4.631920239796405,9.03192023979641,False,0.026723060828839056,6.0181876079368175,0,,,5.4477,0.039626
660,662,0.07254545454545454,15.149908021990269,0.058181818181818175,0.09272727272727273,12.849908021990275,17.749908021990258,False,0.007393118549875332,5.998857665657854,0,,,14.0233,0.056121
662,664,0.3181818181818182,11.659653872056811,0.2727272727272727,0.3727272727272728,10.559653872056812,12.759653872056804,True,0.1394992931753389,6.130963840283318,0,,,12.0407,0.290251
663,665,0.06727272727272728,12.052868048133865,0.053636363636363635,0.08363636363636362,9.752868048133873,14.452868048133855,False,0.05030702844119462,6.041771575549173,0,,,10.8146,0.052433
664,666,0.19181818181818186,17.861246643196786,0.16272727272727272,0.24545454545454545,16.46124664319679,19.361246643196782,True,0.04748391187230466,6.038948458980284,0,,,17.7697,0.173285
665,667,0.2,17.458002717932988,0.17545454545454547,0.2363636363636364,16.65800271793299,18.458002717932985,True,0.07293801455871157,6.06440256166669,0,,,17.4148,0.177725
666,668,0.07818181818181819,16.695628240797856,0.057272727272727274,0.10454545454545457,13.095628240797868,19.695628240797845,True,0.009318530566883131,6.000783077674862,0,,,15.3537,0.059141
667,669,0.08636363636363636,12.814939201865787,0.058181818181818175,0.12272727272727273,8.414939201865804,16.714939201865775,True,3.571273624364339e-05,5.991500259844222,0,,,10.8387,0.064644
668,670,0.049090909090909095,10.672947958487027,0.034545454545454546,0.07090909090909091,7.072947958487044,14.472947958487016,True,0.01991140615055375,6.011375953258533,0,,,9.64378,0.039911
669,671,0.08545454545454545,10.687335520347805,0.06545454545454546,0.11181818181818183,7.587335520347813,13.487335520347793,False,0.004567423223505784,5.996031970331485,0,,,8.60149,0.064466
670,672,0.16454545454545455,8.837860483393483,0.14636363636363636,0.19181818181818186,7.037860483393481,10.037860483393484,False,0.0971013387132224,6.0885658858212,0,,,6.79293,0.146821
671,673,0.14272727272727273,8.561210944122525,0.12090909090909092,0.16090909090909092,6.5612109441225215,10.261210944122526,False,0.045091434691107685,6.036555981799086,0,,,6.16885,0.116125
672,674,0.013181818181818182,20.48488791823669,0.01,0.02090909090909091,17.584887918236706,25.18488791823668,True,0.013519494924657928,6.004984042032637,0,,,22.9161,0.01324
673,675,0.1572727272727273,16.921718044144892,0.13,0.1890909090909091,14.6217180441449,18.621718044144885,True,0.04172827238034526,6.033192819488324,0,,,15.6681,0.13517
674,676,0.012272727272727272,15.61930288939761,0.010454545454545454,0.014545454545454544,14.119302889397616,17.319302889397605,False,0.03153195926529622,6.022996506373276,0,,,17.3838,0.012355
675,677,0.04181818181818182,6.2386839989631735,0.03363636363636364,0.052727272727272734,4.338683998963174,8.638683998963177,True,0.017450706152596033,6.008915253260575,0,,,5.32467,0.034687
676,678,0.08636363636363636,17.321337052787612,0.06909090909090909,0.1090909090909091,14.721337052787623,19.621337052787602,False,0.008442501015496895,5.999907048123476,0,,,15.9633,0.065193
678,680,0.2909090909090909,10.632327494507429,0.2363636363636364,0.34545454545454546,9.132327494507436,11.832327494507425,True,0.05995928014302405,6.051423827251004,0,,,10.496,0.251855
679,681,0.4,10.750200706586494,0.3,0.6363636363636364,8.450200706586502,14.050200706586482,True,0.010055666080176991,6.001520213188156,0,,,11.583,0.393924
680,682,0.2909090909090909,9.471377974004756,0.2363636363636364,0.3363636363636364,7.871377974004762,10.57137797400475,True,0.19145475944195806,6.1829193065499375,0,,,8.96206,0.242356
681,683,0.17,33.895828361090274,0.15363636363636365,0.2,32.29582836109025,34.79582836109029,False,0.00042111385187757063,5.9918856609598565,0,,,35.0486,0.15918
682,684,0.13727272727272727,3.9,0.12090909090909092,0.15363636363636365,2.4000000000000004,5.300000000000002,False,0.017728680407195684,6.009193227515175,0,,,1.1378,0.112328
683,685,0.01818181818181818,7.174227979163469,0.015,0.02181818181818182,5.374227979163468,8.874227979163473,True,0.07250019549619154,6.0639647426041705,0,,,7.32901,0.016782
684,686,0.44545454545454544,5.0454506157458985,0.3363636363636364,0.6818181818181818,2.845450615745899,8.145450615745899,True,0.02080360296668904,6.012268150074668,0,,,5.14895,0.432161
686,688,0.04272727272727273,6.7775479449847555,0.034545454545454546,0.049090909090909095,4.877547944984753,8.277547944984757,False,0.1232714674564743,6.1147360145644525,0,,,5.55726,0.034011
687,689,0.1090909090909091,7.1304589738118205,0.09,0.12454545454545456,5.2304589738118175,8.630458973811821,False,0.05672268267073618,6.048187229778716,0,,,4.30605,0.078477
688,690,0.052727272727272734,10.414917554137476,0.04272727272727273,0.06727272727272728,8.214917554137482,12.914917554137466,True,0.023947696144746025,6.015412243252724,0,,,9.48409,0.043167
689,691,0.027272727272727268,8.468953834263361,0.015,0.049090909090909095,3.568953834263357,13.568953834263365,True,0.0038827092042869977,5.995347256312266,0,,,8.21078,0.023607
690,692,0.06545454545454546,12.536584278868911,0.05181818181818182,0.08272727272727272,10.23658427886892,15.136584278868902,False,0.014560657348904991,6.006025204456884,0,,,11.4717,0.051115
691,693,0.014545454545454544,16.554318966607873,0.011818181818181818,0.01909090909090909,14.154318966607883,19.154318966607864,True,0.021705833425282,6.0131703805332615,0,,,18.1968,0.014286
692,694,0.019545454545454543,6.560795138072398,0.01681818181818182,0.02363636363636364,5.060795138072395,8.260795138072398,True,0.07428319362798047,6.06574774073596,0,,,6.75972,0.018181
693,695,0.03545454545454545,4.911784808003065,0.029090909090909087,0.04363636363636364,3.211784808003065,6.911784808003065,True,0.049868237502368636,6.041332784610348,0,,,4.0795,0.029403
694,696,0.039090909090909086,12.667233229607973,0.029090909090909087,0.05090909090909091,10.167233229607982,15.367233229607965,True,0.055462897393377626,6.046927444501357,0,,,12.2904,0.031047
695,697,0.19454545454545452,9.608228430639468,0.17272727272727273,0.2272727272727273,8.708228430639469,10.608228430639462,False,0.17427961356206287,6.165744160670044,0,,,8.55421,0.174136
696,698,0.2909090909090909,16.768645622308647,0.2181818181818182,0.3727272727272728,14.768645622308656,18.66864562230864,True,0.002408829933998034,5.993873377041978,0,,,17.526,0.257606
697,699,0.1190909090909091,19.85430337835817,0.0918181818181818,0.14636363636363636,17.054303378358185,22.354303378358168,False,0.036072206989034385,6.027536754097014,0,,,18.7438,0.088913
698,700,0.07054545454545455,6.694560273837008,0.05,0.09636363636363636,3.194560273837006,9.994560273837012,True,0.014019981672467218,6.005484528780446,0,,,4.53716,0.053743
699,701,0.09545454545454546,12.538168715385787,0.057272727272727274,0.14636363636363636,7.438168715385808,17.438168715385768,True,0.002261651909738879,5.9937261990177175,0,,,10.4803,0.069489
700,702,0.3636363636363637,8.551233822127598,0.2636363636363636,0.5181818181818182,6.151233822127596,11.251233822127599,True,0.0235380366370685,6.015002583745048,0,,,8.70285,0.337219
701,703,0.2909090909090909,6.909673959673058,0.24545454545454545,0.3363636363636364,5.6096739596730565,8.009673959673059,True,0.08551311102981353,6.0769776581377934,0,,,6.33301,0.248413
702,704,0.19181818181818186,6.4074482486129245,0.16454545454545455,0.2181818181818182,5.207448248612923,7.307448248612926,False,0.06218505976236995,6.053649606870349,0,,,4.55449,0.167211
703,705,0.4909090909090909,4.1000000000000005,0.2818181818181818,1.0818181818181818,0.0,9.4,True,0.00022412389423971758,5.991688671002219,0,,,4.34316,0.494572
705,707,0.028181818181818183,11.599355051611855,0.02181818181818182,0.03636363636363636,8.999355051611866,13.899355051611847,True,0.13176812203547164,6.1232326691434515,0,,,11.3324,0.02377
706,708,0.019545454545454543,12.540552915843453,0.015,0.028181818181818183,10.34055291584346,15.74055291584344,True,0.05176789698882353,6.043232444096803,0,,,13.5213,0.018259
707,709,0.24545454545454545,5.310193866765375,0.18363636363636365,0.3,3.510193866765375,6.810193866765375,True,0.14480708429833414,6.136271631406312,0,,,4.03255,0.195267
709,711,0.15181818181818182,6.369470427201973,0.13545454545454547,0.16454545454545455,4.969470427201972,7.469470427201974,False,0.07555802876250202,6.067022575870482,0,,,3.77286,0.128131
710,712,0.3181818181818182,7.939911327240066,0.2727272727272727,0.3545454545454545,6.9399113272400665,8.939911327240068,True,0.08216923253578542,6.073633779643765,0,,,7.78242,0.283461
711,713,0.2,10.2132115652186,0.17272727272727273,0.2272727272727273,9.513211565218604,10.9132115652186,False,0.16313649893034804,6.154601046038327,0,,,9.04732,0.1731
712,714,0.24545454545454545,8.144484533365427,0.1809090909090909,0.3272727272727273,6.344484533365426,10.24448453336543,True,0.05593724709302066,6.047401794201,0,,,7.80597,0.205939
713,715,0.15545454545454546,8.299476809657303,0.13181818181818186,0.1781818181818182,6.0994768096573,9.899476809657305,False,0.07398694810160672,6.065451495209586,0,,,5.87452,0.131759
714,716,0.19454545454545452,12.066554401325279,0.16272727272727272,0.24545454545454545,10.666554401325287,13.466554401325276,True,0.00957597606261424,6.001040523170594,0,,,11.1928,0.172347
715,717,0.2363636363636364,11.662360810504202,0.1972727272727273,0.2727272727272727,10.562360810504208,12.662360810504198,False,0.028397920446682157,6.0198624675546615,0,,,11.3491,0.19465
716,718,0.3818181818181817,5.230036468089726,0.2818181818181818,0.5818181818181818,3.0300364680897265,8.330036468089725,True,0.1029280429303168,6.094392590038296,0,,,5.24428,0.365859
717,719,0.019545454545454543,13.950277811898605,0.015454545454545453,0.024545454545454544,11.750277811898613,16.050277811898596,True,0.06849289553722476,6.059957442645204,0,,,14.8159,0.017874
718,720,0.1590909090909091,15.193936459433827,0.13363636363636364,0.2,12.993936459433836,16.993936459433822,True,0.020809740694801186,6.012274287802781,0,,,13.9877,0.14113
719,721,0.2363636363636364,9.377280442537947,0.17,0.3090909090909091,7.577280442537953,11.27728044253794,True,3.463414387224501e-05,5.991499181251851,0,,,8.76664,0.194269
720,722,0.7181818181818181,13.788943984074109,0.4727272727272727,1.2454545454545454,10.888943984074118,17.688943984074093,True,0.003802451246835007,5.995266998354814,0,,,16.0246,0.762813
722,724,0.1190909090909091,8.385390353034422,0.09545454545454546,0.1390909090909091,5.98539035303442,10.185390353034423,False,0.013523430833558085,6.0049879779415365,0,,,5.70935,0.086759
723,725,0.5727272727272728,15.991500607644145,0.3909090909090909,1.0181818181818183,13.291500607644153,20.09150060764413,True,0.010120217082419471,6.001584764190397,0,,,18.1661,0.60407
725,727,0.5454545454545454,12.04999709347835,0.3818181818181817,1.0181818181818183,9.249997093478363,16.649997093478337,True,0.007508023346543335,5.998972570454522,0,,,13.7241,0.578629
726,728,0.2727272727272727,25.63482028921504,0.16818181818181818,0.3818181818181817,22.934820289215,27.83482028921507,True,0.08237184311598175,6.073836390223961,0,,,27.1878,0.232769
727,729,0.6727272727272727,25.380530700701613,0.4636363636363636,1.0727272727272728,22.78053070070158,28.58053070070166,False,0.01061255061749958,6.002077097725477,0,,,29.2513,0.754343
728,730,0.2,8.952007164531695,0.16818181818181818,0.2363636363636364,7.852007164531694,9.952007164531695,False,0.10989333542854332,6.101357882536522,0,,,7.78201,0.175496
730,732,0.2727272727272727,6.767871686991347,0.2181818181818182,0.3090909090909091,5.367871686991345,7.767871686991347,True,0.20526607265446808,6.196730619762447,0,,,5.89957,0.220227
731,733,0.03545454545454545,19.33398833252721,0.028181818181818183,0.04363636363636364,17.33398833252722,21.333988332527206,True,0.034174940694714266,6.025639487802692,0,,,19.8945,0.028839
732,734,0.03545454545454545,11.779133092258563,0.028181818181818183,0.04454545454545455,9.779133092258569,13.979133092258554,True,0.004713570966029021,5.996178118074008,0,,,11.5111,0.028879
734,736,0.3545454545454545,24.761385624574984,0.2909090909090909,0.4545454545454546,23.261385624574967,26.56138562457501,False,0.14262959867942349,6.134094145787403,0,,,27.2308,0.353988
735,737,0.01590909090909091,5.1000000000000005,0.013181818181818182,0.01909090909090909,3.2,6.800000000000002,True,0.05352528576345269,6.044989832871432,0,,,5.30615,0.015143
738,740,0.019545454545454543,4.6000000000000005,0.013636363636363636,0.029090909090909087,1.1,8.5,True,0.015719733507653284,6.007184280615633,0,,,4.39314,0.017896
739,741,0.03636363636363636,4.7,0.029090909090909087,0.04454545454545455,2.8000000000000003,6.7,True,0.00831397874013588,5.999778525848115,0,,,3.65388,0.02952
741,743,0.2181818181818182,22.499290605287804,0.1809090909090909,0.2636363636363636,21.39929060528779,23.699290605287818,True,0.06326040580352639,6.0547249529115055,0,,,23.3756,0.188545
742,744,0.058181818181818175,20.94955320721553,0.04727272727272727,0.07200000000000001,18.849553207215497,23.249553207215556,False,0.003390565079469751,5.994855112187449,0,,,21.0101,0.046602
743,745,0.10090909090909092,24.24947738045051,0.06727272727272728,0.13545454545454547,20.049477380450448,27.949477380450567,True,0.001032851184802608,5.992497398292782,0,,,23.5562,0.073328
744,746,0.02363636363636364,14.201740970303405,0.017727272727272727,0.03,11.801740970303412,16.7017409703034,True,0.01981409945257448,6.011278646560553,0,,,14.5894,0.019871
746,748,0.3636363636363637,34.16621740895298,0.2818181818181818,0.4909090909090909,32.466217408952964,36.366217408953005,False,0.024851386295938933,6.016315933403917,0,,,38.0394,0.379224
747,749,0.4272727272727273,15.686335311195275,0.3636363636363637,0.4909090909090909,14.286335311195279,16.786335311195273,False,0.16105751891332676,6.152522066021307,0,,,17.0425,0.419114
749,751,0.3272727272727273,25.13951531187375,0.2636363636363636,0.3818181818181817,23.339515311873733,26.43951531187377,False,0.16133113016423198,6.152795677272211,0,,,27.0518,0.300315
750,752,0.1590909090909091,9.60524647453902,0.14272727272727273,0.17272727272727273,8.105246474539026,10.705246474539015,False,0.11436981696898595,6.105834364076965,0,,,7.40619,0.137217
753,755,0.011818181818181818,12.048693782588751,0.01,0.01681818181818182,10.14869378258876,15.548693782588739,True,0.028861330250936807,6.020325877358916,0,,,13.234,0.011675
754,756,0.027272727272727268,10.824434314577069,0.02090909090909091,0.03818181818181818,8.224434314577078,13.924434314577056,True,0.03656522922358394,6.028029776331563,0,,,10.9168,0.023788
756,758,0.034545454545454546,9.689590133838664,0.027272727272727268,0.04454545454545455,7.589590133838673,11.989590133838654,True,0.02503295368147047,6.016497500789449,0,,,9.20948,0.028447
757,759,0.4090909090909091,14.691195127382958,0.3727272727272728,0.4727272727272727,13.791195127382961,15.791195127382956,False,0.004574784624140193,5.996039331732121,0,,,16.161,0.412897
758,760,0.04181818181818182,10.204061775686595,0.030909090909090907,0.05454545454545455,7.604061775686606,12.904061775686587,True,0.021168372759558924,6.012632919867537,0,,,9.52514,0.033949
760,762,0.4818181818181818,8.031062016426644,0.3818181818181817,0.7090909090909091,6.231062016426643,10.731062016426646,True,0.011137605439899851,6.00260215254788,0,,,8.89971,0.492572
761,763,0.03636363636363636,5.830832334105701,0.027272727272727268,0.04818181818181819,3.2308323341057013,8.7308323341057,True,0.013154623804157972,6.004619170912139,0,,,4.90323,0.02944
762,764,0.1481818181818182,12.895287887444196,0.13,0.1590909090909091,11.295287887444198,13.895287887444189,False,0.239340186043227,6.2308047331512055,0,,,10.8424,0.121177
763,765,0.1390909090909091,7.0160730850866075,0.11727272727272728,0.16454545454545455,5.016073085086608,9.416073085086612,False,0.0710257998315987,6.062490346939577,0,,,4.85581,0.116393
764,766,0.13363636363636364,35.604034124375275,0.10545454545454544,0.1572727272727273,32.60403412437523,37.604034124375296,True,0.0223758062406399,6.013840353348619,0,,,36.1879,0.107321
765,767,0.8363636363636364,29.14808240549407,0.6818181818181818,1.054545454545455,27.64808240549405,30.84808240549409,False,0.0025466066770918673,5.994011153785071,0,,,33.8151,0.9533
767,769,0.2545454545454545,10.261624988373372,0.2181818181818182,0.2818181818181818,9.261624988373377,10.96162498837337,False,0.31550868769332696,6.306973234801307,0,,,9.70966,0.199972
768,770,0.07018181818181819,11.397874662916589,0.05545454545454545,0.08454545454545455,8.997874662916598,13.497874662916582,False,0.05507383713616484,6.046538384244144,0,,,9.65815,0.053105
770,772,0.3090909090909091,4.0,0.2727272727272727,0.3636363636363637,3.0,5.300000000000002,True,0.07375076276401879,6.065215309871997,0,,,3.31225,0.274373
771,773,0.026363636363636363,9.460780853196985,0.024545454545454544,0.03,8.660780853196988,10.960780853196976,False,0.16632981397507626,6.157794361083054,0,,,9.50101,0.023119
773,775,0.14454545454545453,7.972201182351184,0.12636363636363634,0.16272727272727272,6.472201182351183,9.572201182351185,False,0.025630499176312882,6.017095046284293,0,,,5.73992,0.121081
774,776,0.09909090909090908,16.396165310743484,0.07909090909090909,0.1190909090909091,14.196165310743494,18.59616531074348,False,0.022941661844330403,6.01440620895231,0,,,14.8108,0.071882
775,777,0.2272727272727273,25.5828741290133,0.16818181818181818,0.2909090909090909,23.78287412901328,27.182874129013324,True,0.0043134088381736905,5.995777955946152,0,,,26.8582,0.192016
776,778,0.7181818181818181,31.522999214223475,0.5272727272727272,1.0181818181818183,29.422999214223445,34.02299921422351,False,0.010412300661909945,6.001876847769888,0,,,36.5854,0.846811
777,779,0.2272727272727273,33.88141578809752,0.18363636363636365,0.2545454545454545,32.6814157880975,34.58141578809753,False,0.25264779307200635,6.244112340179986,0,,,35.9337,0.19136
778,780,0.06181818181818183,15.305453746644016,0.04727272727272727,0.08181818181818183,12.605453746644026,18.505453746644005,True,0.01201185609262712,6.003476403200606,0,,,14.7396,0.048908
779,781,0.2727272727272727,8.604330273253384,0.2181818181818182,0.3363636363636364,7.004330273253382,10.304330273253383,True,0.02024887176537374,6.011713418873353,0,,,8.28587,0.230489
780,782,0.04454545454545455,11.340019664025867,0.03363636363636364,0.06,8.740019664025878,14.440019664025858,True,0.06026646064472365,6.051731007752703,0,,,10.9289,0.03694
781,783,0.6545454545454545,10.778264382458111,0.4727272727272727,0.9545454545454546,8.578264382458121,13.378264382458102,True,0.07470260788855615,6.066167154996535,0,,,12.1119,0.66123
782,784,0.7090909090909091,14.040117484005027,0.4818181818181818,1.1909090909090907,11.240117484005037,17.74011748400501,True,0.017742781727443216,6.009207328835423,0,,,16.2467,0.751626
783,785,0.06727272727272728,6.453543314987034,0.056363636363636366,0.08181818181818183,4.653543314987032,8.553543314987035,False,0.02867810131813552,6.0201426484261145,0,,,4.56887,0.052594
784,786,0.010454545454545454,9.748006293740783,0.01,0.014545454545454544,9.048006293740782,12.748006293740772,True,0.0033938405795109093,5.99485838768749,0,,,10.8856,0.010555
785,787,0.24545454545454545,11.431020802183967,0.1972727272727273,0.3,10.231020802183973,12.831020802183962,True,0.059004407665522826,6.0504689547735016,0,,,11.4483,0.204244
786,788,0.3272727272727273,8.551355908916157,0.3,0.3545454545454545,7.951355908916158,9.25135590891616,False,0.2788534821449156,6.270318029252895,0,,,8.39972,0.289133
787,789,0.5454545454545454,2.2,0.3909090909090909,1.1636363636363636,0.0,7.4,True,0.0009857640580632082,5.992450311166043,0,,,2.12959,0.540695
788,790,0.09,7.640243029643933,0.07145454545454545,0.11363636363636365,5.140243029643932,10.040243029643936,False,0.014042665710618315,6.005507212818597,0,,,5.14476,0.067674
789,791,0.2545454545454545,12.565741410740365,0.2090909090909091,0.3,11.365741410740368,13.76574141074036,True,0.18916283904845216,6.1806273861564325,0,,,12.5173,0.209647
790,792,0.16454545454545455,8.795867878784412,0.1409090909090909,0.2090909090909091,6.59586787878441,10.595867878784412,True,0.016649206535904557,6.008113753643883,0,,,7.01301,0.148945
791,793,0.2909090909090909,11.575573543070764,0.2363636363636364,0.3363636363636364,10.175573543070769,12.67557354307076,True,0.05721742438961784,6.048681971497598,0,,,11.4954,0.2492
792,794,0.1863636363636364,47.675365514508925,0.11545454545454545,0.4,42.775365514508856,52.77536551450899,True,0.0027510009366225755,5.994215548044601,0,,,51.3712,0.178644
793,795,0.2727272727272727,23.165222010313936,0.2090909090909091,0.3181818181818182,21.565222010313917,24.26522201031395,False,0.1326078741749889,6.124072421282968,0,,,24.3537,0.230583
795,797,0.16818181818181818,19.00476376219083,0.1481818181818182,0.2,17.104763762190835,20.204763762190822,True,0.1122589372830633,6.103723484391043,0,,,18.2178,0.1526
798,800,0.014090909090909091,5.977524448064053,0.01090909090909091,0.018636363636363642,3.3775244480640536,8.677524448064053,True,0.025947681945210008,6.017412229053188,0,,,6.54373,0.013859
799,801,0.2363636363636364,9.666575422963364,0.1863636363636364,0.2818181818181818,8.366575422963368,10.86657542296336,True,0.006316862482292352,5.997781409590273,0,,,9.04851,0.193667
800,802,0.2181818181818182,5.633259715267387,0.17545454545454547,0.2636363636363636,4.333259715267388,6.933259715267388,False,0.10351207845372726,6.0949766255617055,0,,,4.28371,0.183944
801,803,0.024545454545454544,22.653349125904892,0.014545454545454544,0.040909090909090916,17.753349125904826,27.753349125904972,True,0.018287368461831904,6.0097519155698125,0,,,23.7609,0.02052
802,804,0.4,8.482767752113936,0.3272727272727273,0.5454545454545454,6.682767752113936,10.882767752113939,True,0.02801383584758626,6.019478382955565,0,,,9.11644,0.396344
803,805,0.06727272727272728,18.838682441223877,0.04636363636363637,0.09272727272727273,15.138682441223892,22.238682441223865,True,0.04368595473849357,6.0351505018464735,0,,,18.1574,0.051258
804,806,0.3545454545454545,8.184237493062287,0.3090909090909091,0.4272727272727273,7.084237493062286,9.684237493062287,True,0.015682362729119638,6.007146909837098,0,,,8.42571,0.332848
805,807,0.12818181818181815,13.766164680500369,0.11363636363636365,0.1409090909090909,12.266164680500374,14.866164680500367,False,0.04342281175430394,6.0348873588622824,0,,,11.8772,0.098661
806,808,0.2909090909090909,9.7732556651545,0.2636363636363636,0.3090909090909091,8.973255665154504,10.2732556651545,False,0.1359911740323965,6.127455721140375,0,,,9.46866,0.248601
807,809,0.0981818181818182,10.722945951410582,0.08272727272727272,0.11363636363636365,9.122945951410587,12.422945951410576,False,0.03576280597797258,6.027227353085952,0,,,8.67404,0.072069
808,810,0.01090909090909091,11.533666947272543,0.01,0.01590909090909091,10.333666947272551,15.133666947272534,True,0.013108476068929656,6.00457302317691,0,,,12.7368,0.01086
809,811,0.015454545454545453,10.83189544675692,0.011818181818181818,0.02090909090909091,8.131895446756928,13.431895446756911,True,0.07440857843325659,6.065873125541237,0,,,11.5981,0.014664
810,812,0.12272727272727273,11.67247620401743,0.08545454545454545,0.15545454545454546,7.972476204017442,14.47247620401742,True,0.014586507881626841,6.006051054989606,0,,,9.43362,0.09002
811,813,0.13727272727272727,11.880687851565433,0.11545454545454545,0.15545454545454546,9.780687851565439,13.480687851565426,False,0.030865733451197207,6.022330280559176,0,,,9.78896,0.109288
812,814,0.5,7.689632693338117,0.4090909090909091,0.7090909090909091,6.289632693338118,9.98963269333812,True,0.1148377738604756,6.106302320968455,0,,,8.72334,0.529669
813,815,0.07909090909090909,13.633425101689136,0.06727272727272728,0.09636363636363636,11.833425101689146,15.63342510168913,False,0.048617468245660336,6.040082015353639,0,,,12.143,0.060605
815,817,0.09545454545454546,25.882078433342627,0.07390909090909091,0.11727272727272728,23.182078433342596,28.082078433342662,False,0.013410312674200129,6.004874859782179,0,,,25.2632,0.069913
816,818,0.4181818181818182,22.583286134485512,0.34545454545454546,0.5181818181818182,20.98328613448549,24.18328613448553,False,0.06424658162514676,6.055711128733126,0,,,25.0219,0.427674
817,819,0.058181818181818175,16.45490513703649,0.04636363636363637,0.07545454545454545,14.1549051370365,19.25490513703648,True,0.01945891262269466,6.010923459730674,0,,,16.1076,0.046814
818,820,0.2909090909090909,11.433397996789546,0.2636363636363636,0.3272727272727273,10.733397996789542,12.33339799678954,False,0.1078445295084522,6.099309076616431,0,,,11.6516,0.258586
819,821,0.3,4.6000000000000005,0.24545454545454545,0.3545454545454545,3.1,5.9,True,0.039535592882018654,6.031000139989997,0,,,3.89706,0.263667
820,822,1.3090909090909093,4.800281636436945,0.6545454545454545,1.4,0.500281636436946,6.000281636436945,True,0.003972935829651298,5.99543748293763,0,,,5.25617,1.2286
821,823,0.05181818181818182,21.309521442278356,0.039090909090909086,0.07127272727272728,18.30952144227831,24.4095214422784,True,0.004234899757316197,5.995699446865295,0,,,21.5311,0.042711
823,825,0.03,9.123073353566642,0.026363636363636363,0.03818181818181818,7.823073353566648,11.123073353566637,True,0.13741136356805214,6.128875910676031,0,,,9.0278,0.02647
824,826,0.4909090909090909,9.005818491679399,0.4,0.6545454545454545,7.5058184916794035,10.905818491679392,True,0.005640194034446927,5.997104741142426,0,,,9.88286,0.499542
825,827,0.045454545454545456,5.741460271823727,0.03363636363636364,0.06272727272727273,3.041460271823724,8.841460271823728,True,0.0309127804132748,6.022377327521254,0,,,4.58732,0.037763
826,828,0.031818181818181815,7.272633529882758,0.027272727272727268,0.040909090909090916,5.772633529882755,9.472633529882758,True,0.20427251751657452,6.195737064624554,0,,,6.97352,0.027703
828,830,0.10636363636363637,21.048993274520004,0.08363636363636362,0.12818181818181815,18.648993274519967,23.34899327452004,False,0.04011246580161081,6.03157701290959,0,,,19.9347,0.077314
829,831,0.07072727272727274,14.931821542863412,0.06,0.08454545454545455,13.131821542863419,16.831821542863405,False,0.003735114173020937,5.995199661281,0,,,13.8206,0.054719
830,832,0.12272727272727273,16.72466278467474,0.10636363636363637,0.13545454545454547,14.82466278467475,17.924662784674734,False,0.054836534569695235,6.046301081677674,0,,,14.9508,0.089767
831,833,0.10363636363636364,5.938487434950376,0.08545454545454545,0.12454545454545456,4.038487434950373,8.238487434950379,False,0.2537327049594595,6.245197252067437,0,,,3.35596,0.076239
832,834,0.01590909090909091,14.633039885212678,0.013636363636363636,0.018636363636363642,12.933039885212686,16.133039885212675,True,0.04861295431071646,6.040077501418695,0,,,15.9534,0.015163
833,835,0.06818181818181819,24.851141483366256,0.049090909090909095,0.09272727272727273,21.451141483366207,28.251141483366304,True,0.03924267323262568,6.030707220340606,0,,,24.9725,0.052962
834,836,0.027272727272727268,10.066281469347093,0.022727272727272728,0.03363636363636364,8.366281469347097,11.966281469347086,True,0.1937920732903503,6.18525662039833,0,,,10.0594,0.023741
835,837,0.04363636363636364,7.116025408158965,0.03363636363636364,0.058181818181818175,4.716025408158963,10.116025408158967,True,0.005463941813212071,5.996928488921192,0,,,6.20206,0.036103
836,838,0.16636363636363638,26.278433357415267,0.14454545454545453,0.2181818181818182,24.178433357415233,28.07843335741529,True,0.0646554244923297,6.0561199716003085,0,,,26.7364,0.155917
837,839,0.2909090909090909,4.4,0.2363636363636364,0.34545454545454546,3.0,5.5,True,0.2040628445238268,6.1955273916318045,0,,,3.46252,0.249073
838,840,0.13,13.861022794326182,0.09454545454545454,0.16272727272727272,10.261022794326196,16.86102279432617,True,0.02332329922627302,6.014787846334253,0,,,12.1341,0.102358
839,841,0.2272727272727273,9.318854956781685,0.18363636363636365,0.2818181818181818,8.01885495678169,10.818854956781681,True,0.11932416799181875,6.1107887150997975,0,,,8.78826,0.192114
840,842,0.034545454545454546,14.666178323899324,0.02363636363636364,0.052727272727272734,10.966178323899335,19.066178323899308,True,0.0010055990065749398,5.992470146114553,0,,,14.8783,0.028656
841,843,0.02,12.792676191641554,0.01636363636363636,0.02363636363636364,10.892676191641565,14.29267619164155,True,0.27360381953136426,6.265068366639342,0,,,13.2932,0.017887
842,844,0.2636363636363636,14.68642672776566,0.2090909090909091,0.3181818181818182,13.186426727765665,16.08642672776565,True,0.04665148803481936,6.038116035142799,0,,,14.9492,0.221741
843,845,0.4090909090909091,5.512295932692397,0.34545454545454546,0.5272727272727272,4.112295932692398,7.4122959326923965,True,0.026860717972243472,6.0183252650802235,0,,,5.64008,0.395493
844,846,0.012727272727272728,21.933242435260095,0.01,0.02181818181818182,19.233242435260056,26.533242435260163,True,0.01673709158927647,6.008201638697256,0,,,24.5965,0.012977
845,847,0.24545454545454545,10.53081236870956,0.2181818181818182,0.2818181818181818,9.730812368709564,11.330812368709555,False,0.1869878502275047,6.178452397335483,0,,,10.3436,0.204342
846,848,0.5545454545454546,14.077062202541804,0.4363636363636364,0.8545454545454546,12.377062202541811,17.077062202541793,True,0.10913261991525353,6.100597167023232,0,,,16.2356,0.604367
847,849,0.07336363636363635,14.228985969707608,0.0609090909090909,0.08636363636363636,12.128985969707616,16.128985969707607,False,0.012559084898372309,6.004023632006352,0,,,12.8565,0.055915
848,850,0.1481818181818182,7.579620481555313,0.12818181818181815,0.16636363636363638,5.8796204815553095,9.279620481555312,False,0.06246134700344516,6.0539258941114245,0,,,5.28195,0.125495
849,851,0.05181818181818182,13.394977080633529,0.039090909090909086,0.07254545454545454,10.394977080633536,16.794977080633515,True,0.03876883045327998,6.0302333775612595,0,,,12.7413,0.042593
850,852,0.024545454545454544,15.591918123796928,0.01818181818181818,0.03363636363636364,12.59191812379694,18.59191812379692,True,0.07240199840138542,6.063866545509366,0,,,16.0686,0.02089
851,853,0.08454545454545455,17.978702993581933,0.06818181818181819,0.10818181818181817,15.678702993581945,20.37870299358193,False,0.054567466952283206,6.046032014060263,0,,,16.8094,0.064427
852,854,0.07636363636363636,17.404887296270275,0.05545454545454545,0.10454545454545457,14.004887296270285,20.40488729627026,True,0.0031541364602020307,5.994618683568182,0,,,16.2387,0.058311
853,855,0.08818181818181818,6.3833936307287225,0.0710909090909091,0.11,3.9833936307287203,8.583393630728724,False,0.0049477439883417644,5.996412291096322,0,,,3.69614,0.066264
854,856,0.3,8.99941627862192,0.2636363636363636,0.3545454545454545,7.999416278621924,10.199416278621916,True,0.20872313355945354,6.200187680667432,0,,,9.05117,0.27321
855,857,0.13,11.930710160002056,0.11,0.1481818181818182,9.830710160002065,13.530710160002053,False,0.08592497765231906,6.0773895247602985,0,,,9.9007,0.101554
856,858,0.17545454545454547,11.657857195518151,0.15545454545454546,0.2090909090909091,10.157857195518154,12.657857195518146,True,0.014588203358982763,6.006052750466963,0,,,10.228,0.158482
857,859,0.15545454545454546,8.407386145925184,0.13727272727272727,0.16818181818181818,6.807386145925182,9.607386145925188,False,0.064465913260945,6.055930460368924,0,,,6.07117,0.132785
858,860,0.02090909090909091,8.204272520591893,0.017272727272727273,0.027272727272727268,6.504272520591892,10.804272520591896,True,0.13503100803818036,6.12649555514616,0,,,8.58859,0.01911
859,861,0.011818181818181818,13.478408984872267,0.01,0.014545454545454544,11.778408984872275,15.77840898487226,True,0.05427404660726176,6.045738593715241,0,,,15.0361,0.011938
860,862,0.06727272727272728,11.655663731439645,0.052727272727272734,0.08454545454545455,9.255663731439656,14.155663731439637,False,0.02792094677547296,6.019385493883452,0,,,10.3369,0.052253
861,863,0.05545454545454545,11.548069008247847,0.03,0.0918181818181818,6.2480690082478665,16.248069008247832,True,0.008017068457462782,5.999481615565442,0,,,10.4258,0.044029
862,864,0.025454545454545452,16.766272564161312,0.01818181818181818,0.034545454545454546,13.466272564161322,19.8662725641613,True,0.03189689248925134,6.02336143959723,0,,,17.2039,0.021261
863,865,0.14454545454545453,10.508220441049088,0.11181818181818183,0.18363636363636365,7.2082204410491,13.408220441049078,True,0.004249658088693927,5.9957142051966725,0,,,8.56264,0.12157
864,866,0.011363636363636364,10.791544004287191,0.01,0.013636363636363636,9.591544004287194,12.491544004287185,True,0.04162500943396906,6.033089556541947,0,,,12.0171,0.011484
865,867,0.03363636363636364,16.882581369711012,0.026363636363636363,0.04454545454545455,14.482581369711022,19.582581369711004,True,0.055309501003414835,6.046774048111393,0,,,17.3099,0.028133
866,868,0.031818181818181815,4.7,0.026363636363636363,0.04,3.0,6.6000000000000005,True,0.16575683616716044,6.15722138327514,0,,,3.88656,0.027193
867,869,0.02090909090909091,18.338928649462765,0.015,0.028181818181818183,15.338928649462776,21.33892864946275,True,0.045574421813690286,6.037038968921668,0,,,19.5274,0.018583
868,870,0.3727272727272728,4.0,0.2818181818181818,0.5545454545454546,1.9,6.9,True,0.046237276350966215,6.037701823458946,0,,,3.74039,0.355002
869,871,0.06636363636363636,9.550564428928613,0.05181818181818182,0.08272727272727272,7.050564428928622,12.150564428928606,False,0.017814729238311136,6.00927927634629,0,,,8.01397,0.05146
870,872,0.24545454545454545,3.0,0.19181818181818186,0.3,1.5,4.5,True,0.02563706514785192,6.017101612255831,0,,,1.72425,0.198511
871,873,0.025454545454545452,8.328614554842577,0.01636363636363636,0.04363636363636364,4.328614554842574,13.12861455484258,True,0.018770806756486614,6.0102353538644655,0,,,8.14094,0.022236
872,874,0.3272727272727273,4.6000000000000005,0.2545454545454545,0.3909090909090909,2.8000000000000003,6.0,True,0.02314320693210703,6.014607754040086,0,,,3.84881,0.286368
873,875,0.3636363636363637,7.323399959220338,0.3181818181818182,0.44545454545454544,6.223399959220336,8.723399959220338,True,0.2585312619844973,6.249995809092478,0,,,7.49796,0.350584
874,876,0.02090909090909091,11.450295811882755,0.015454545454545453,0.027272727272727268,8.650295811882764,14.050295811882744,True,0.08798882642120459,6.079453373529184,0,,,11.685,0.018365
876,878,0.09363636363636364,6.806492871639723,0.07636363636363636,0.11545454545454545,4.706492871639719,9.006492871639725,False,0.04491338507734807,6.036377932185327,0,,,4.26397,0.069881
877,879,0.14272727272727273,9.713095328936838,0.12090909090909092,0.16454545454545455,7.613095328936845,11.81309532893683,False,0.016164788391102317,6.0076293354990815,0,,,7.6023,0.117607
878,880,0.01636363636363636,9.852045712953077,0.014545454545454544,0.01909090909090909,8.75204571295308,11.252045712953072,True,0.06297912935925128,6.054443676467232,0,,,10.7633,0.0158
880,882,0.10454545454545457,10.778220878537896,0.08727272727272728,0.1190909090909091,9.0782208785379,12.378220878537887,False,0.016544187942011433,6.008008735049992,0,,,8.43176,0.075244
881,883,0.16272727272727272,7.285833268046545,0.1390909090909091,0.1972727272727273,5.185833268046544,8.685833268046549,False,0.052171234586832635,6.043635781694813,0,,,4.96474,0.143425
882,884,0.028181818181818183,15.5037904811051,0.022727272727272728,0.039090909090909086,13.403790481105109,18.50379048110509,True,0.17984844055966415,6.171312987667643,0,,,16.267,0.025114
883,885,0.08181818181818183,17.172462532660077,0.06454545454545453,0.10818181818181817,14.47246253266009,20.17246253266007,False,0.03961579121956031,6.03108033832754,0,,,16.126,0.062742
884,886,0.17272727272727273,12.889103005529206,0.15363636363636365,0.2181818181818182,11.289103005529213,14.189103005529198,True,0.10319000281322116,6.0946545499212,0,,,11.7632,0.160129
885,887,0.13181818181818186,8.187796423927804,0.11363636363636365,0.15181818181818182,6.3877964239278,10.087796423927806,False,0.03679653542696696,6.0282610825349465,0,,,5.89987,0.105086
886,888,0.030909090909090907,12.243708216479426,0.025454545454545452,0.03818181818181818,10.043708216479432,13.943708216479418,True,0.0979808304389308,6.08944537754691,0,,,11.9273,0.026097
887,889,0.01590909090909091,10.874322092619494,0.013636363636363636,0.02,9.2743220926195,12.974322092619483,True,0.08967638120943434,6.0811409283174145,0,,,12.0651,0.015651
888,890,0.34545454545454546,3.1,0.2363636363636364,0.5,0.30000000000000004,6.0,True,0.011576561557535834,6.003041108665514,0,,,2.35311,0.310601
889,891,0.3818181818181817,3.6,0.2636363636363636,0.6545454545454545,0.7000000000000001,7.4,True,0.03134134881047497,6.022805895918454,0,,,3.26466,0.363169
890,892,0.07772727272727273,12.737764912057854,0.06545454545454546,0.09727272727272727,10.73776491205786,14.837764912057846,False,0.05222570250194196,6.043690249609921,0,,,11.1569,0.060029
891,893,0.02,11.277803899225182,0.015454545454545453,0.027272727272727268,8.97780389922519,14.177803899225173,True,0.0448916237248205,6.0363561708328,0,,,12.0032,0.018515
892,894,0.013636363636363636,12.73016679635002,0.011363636363636364,0.01681818181818182,10.93016679635003,14.630166796350016,True,0.08731999967493911,6.078784546782918,0,,,14.0306,0.013499
893,895,0.02090909090909091,8.770896958168894,0.017727272727272727,0.025454545454545452,7.270896958168893,10.470896958168897,True,0.05194541859398892,6.043409965701968,0,,,8.98201,0.018821
894,896,0.04363636363636364,12.156206147715269,0.03272727272727273,0.056363636363636366,9.456206147715278,14.75620614771526,True,0.016929244455412634,6.0083937915633925,0,,,11.5766,0.03532
895,897,0.05454545454545455,15.634115728214073,0.04454545454545455,0.06545454545454546,13.43411572821408,17.434115728214067,False,0.03639554580069435,6.027860092908673,0,,,14.9865,0.043706
896,898,0.034545454545454546,6.177464543882012,0.029090909090909087,0.04272727272727273,4.67746454388201,8.177464543882014,False,0.1221186166858116,6.11358316379379,0,,,5.48375,0.028808
897,899,0.3727272727272728,6.218144316167728,0.3272727272727273,0.4181818181818182,5.218144316167726,7.218144316167729,True,0.04328005550940386,6.034744602617383,0,,,6.12453,0.349815
898,900,0.022727272727272728,6.544598895745874,0.018636363636363642,0.028181818181818183,4.644598895745872,8.644598895745876,True,0.06225596705984874,6.053720514167828,0,,,6.19964,0.019642
899,901,0.3636363636363637,7.097144223925666,0.2818181818181818,0.44545454545454544,5.297144223925664,8.597144223925667,True,0.09862359724115284,6.090088144349132,0,,,6.84628,0.327414
900,902,0.16818181818181818,7.8224752078583295,0.15,0.2,6.022475207858328,8.92247520785833,False,0.0692773599849972,6.060741907092977,0,,,5.7953,0.153467
901,903,0.01636363636363636,10.953910729575107,0.013636363636363636,0.02090909090909091,9.153910729575113,13.253910729575098,True,0.03384856151833773,6.0253131086263165,0,,,12.0449,0.01587
902,904,0.01909090909090909,11.05242731244765,0.015454545454545453,0.02363636363636364,9.152427312447657,12.952427312447645,True,0.0012521746411812047,5.9927167217491615,0,,,11.6347,0.017556
903,905,0.022727272727272728,11.177019702589583,0.01818181818181818,0.029090909090909087,8.977019702589589,13.777019702589572,True,0.02597629082870156,6.0174408379366815,0,,,11.4437,0.019721
904,906,0.013636363636363636,9.488138796356363,0.011818181818181818,0.017272727272727273,7.9881387963563695,11.688138796356355,True,0.09317196168673292,6.084636508794713,0,,,10.7045,0.013813
905,907,0.10818181818181817,8.975853033494337,0.08545454545454545,0.12818181818181815,6.5758530334943375,11.075853033494338,False,0.03930718424857582,6.0307717313565545,0,,,6.34604,0.077687
906,908,0.01909090909090909,16.701754401190232,0.014545454545454544,0.024545454545454544,14.101754401190245,19.101754401190227,True,0.01965896056355398,6.011123507671533,0,,,17.8041,0.017394
907,909,0.03818181818181818,5.468960479000312,0.031818181818181815,0.04636363636363637,3.968960479000312,7.6689604790003125,False,0.17951898784789075,6.1709835349558695,0,,,4.69359,0.031327
908,910,0.1890909090909091,12.990711960306902,0.16818181818181818,0.2181818181818182,12.190711960306905,13.6907119603069,False,0.004670239451175331,5.996134786559153,0,,,11.9956,0.167927
909,911,0.014090909090909091,3.9,0.011363636363636364,0.017727272727272727,1.8,6.0,True,0.008042246017915191,5.999506793125894,0,,,4.22214,0.013953
910,912,0.04454545454545455,5.939898068473568,0.03545454545454545,0.056363636363636366,3.8398980684735666,8.339898068473566,True,0.007935344812603535,5.999399891920582,0,,,4.82584,0.036931
911,913,0.44545454545454544,12.925980773051306,0.3636363636363637,0.5909090909090908,11.425980773051313,15.025980773051298,True,0.05720778878474275,6.0486723358927215,0,,,14.3718,0.454139
912,914,0.022727272727272728,12.166456673103303,0.01909090909090909,0.026363636363636363,10.666456673103312,13.666456673103301,True,0.04591346149306657,6.037378008601046,0,,,12.4757,0.019557
913,915,0.06545454545454546,13.650053643598433,0.05181818181818182,0.08272727272727272,11.450053643598439,16.150053643598422,False,0.019785473075944925,6.011250020183923,0,,,12.7094,0.051249
914,916,0.1809090909090909,5.507709001447097,0.15545454545454546,0.2181818181818182,3.8077090014470967,6.707709001447097,False,0.05520027966447462,6.046664826772454,0,,,3.34776,0.160302
916,918,0.2363636363636364,14.505386582196193,0.2181818181818182,0.2727272727272727,14.005386582196193,15.505386582196188,False,0.4990308158988209,6.490495363006799,0,,,14.9195,0.199676
917,919,0.014545454545454544,11.713644236260462,0.011818181818181818,0.01909090909090909,9.21364423626047,14.113644236260452,True,0.1459813278571246,6.137445874965104,0,,,12.726,0.014262
919,921,0.05,5.704115398235476,0.04181818181818182,0.06181818181818183,3.7041153982354773,7.704115398235476,False,0.05526664791342389,6.046731195021403,0,,,4.22357,0.04136
920,922,0.16454545454545455,11.913103218786272,0.1409090909090909,0.2,9.713103218786278,13.513103218786268,True,0.02103641433144936,6.012500961439429,0,,,10.3712,0.14762
921,923,0.13181818181818186,7.879002936072276,0.09909090909090908,0.16454545454545455,4.379002936072276,10.87900293607228,True,0.0256936495024178,6.0171581966103975,0,,,5.57992,0.106051
922,924,0.2636363636363636,4.0,0.1781818181818182,0.3363636363636364,1.7000000000000002,5.800000000000002,True,0.07763420344305354,6.069098750551031,0,,,2.67099,0.208408
923,925,0.2,9.106107422751538,0.16454545454545455,0.2545454545454545,7.506107422751543,10.706107422751533,True,0.07415507231902499,6.065619619427004,0,,,7.98486,0.175896
924,926,0.011363636363636364,14.945588919129195,0.01,0.014545454545454544,13.5455889191292,17.64558891912918,True,0.0919144345739556,6.083378981681935,0,,,16.5997,0.011351
925,927,0.17,4.3,0.1572727272727273,0.2,3.2,5.2,False,0.035336961507906856,6.026801508615887,0,,,2.00578,0.156566
926,928,0.01909090909090909,5.58105192823619,0.01590909090909091,0.024545454545454544,4.0810519282361915,7.881051928236189,True,0.1992679391247639,6.190732486232742,0,,,5.92138,0.018038
927,929,0.011363636363636364,15.659773460029163,0.01,0.014545454545454544,14.259773460029168,18.359773460029157,True,0.06237760502661556,6.053842152134593,0,,,17.0959,0.011042
928,930,0.2909090909090909,12.816236081772704,0.2636363636363636,0.3363636363636364,12.016236081772707,13.7162360817727,True,0.2487927475976469,6.240257294705626,0,,,13.24,0.263814
929,931,0.03,9.756047798674793,0.02363636363636364,0.04363636363636364,7.156047798674803,13.156047798674779,True,0.06176166698512842,6.053226214093107,0,,,9.71645,0.026481
930,932,0.02363636363636364,10.01650411319633,0.01818181818181818,0.03272727272727273,7.516504113196339,13.016504113196321,True,0.0639557351373801,6.055420282245358,0,,,10.1592,0.020674
931,933,0.03,6.4914630436138685,0.022727272727272728,0.04272727272727273,3.4914630436138654,9.691463043613872,True,0.01529967981467599,6.006764226922655,0,,,5.75224,0.025778
932,934,0.2818181818181818,8.76930236939436,0.2545454545454545,0.3363636363636364,7.969302369394362,10.069302369394356,False,0.2869266372436268,6.278391184351606,0,,,8.75912,0.25286
933,935,0.024545454545454544,7.943949489204908,0.018636363636363642,0.031818181818181815,5.443949489204906,10.64394948920491,True,0.022023569877104472,6.013488116985084,0,,,7.74116,0.021062
934,936,0.2363636363636364,5.679302100402524,0.2090909090909091,0.2818181818181818,4.9793021004025215,6.8793021004025245,False,0.2871807523936734,6.278645299501653,0,,,5.00055,0.198465
935,937,0.07,10.123083529477196,0.056363636363636366,0.08636363636363636,7.8230835294772065,12.42308352947719,False,0.010758762780630557,6.002223309888611,0,,,8.42342,0.054115
936,938,0.022727272727272728,12.469655383266993,0.017727272727272727,0.029090909090909087,10.269655383267,15.069655383266984,True,0.05645506706315384,6.047919614171133,0,,,12.972,0.019863
937,939,0.15363636363636365,12.968270561351163,0.13363636363636364,0.1809090909090909,11.268270561351171,14.668270561351154,True,0.05522929138478038,6.046693838492758,0,,,11.472,0.134072
938,940,0.16090909090909092,11.887101597138296,0.1409090909090909,0.1890909090909091,10.087101597138302,13.387101597138289,True,0.1600819271010434,6.151546474209023,0,,,10.1892,0.141669
939,941,0.1590909090909091,11.807500377393017,0.1409090909090909,0.1809090909090909,10.107500377393023,13.107500377393013,False,0.04198790127847386,6.033452448386452,0,,,10.01,0.138906
940,942,0.026363636363636363,11.766814253742428,0.02,0.03545454545454545,9.266814253742435,14.36681425374242,True,0.019031251902066188,6.0104957990100445,0,,,11.8246,0.02264
941,943,0.034545454545454546,5.235842257949012,0.029090909090909087,0.04272727272727273,3.735842257949012,7.235842257949012,False,0.011382354040388152,6.0028469011483665,0,,,4.3895,0.028716
942,944,0.14454545454545453,9.484350442152437,0.1190909090909091,0.16818181818181818,7.084350442152448,11.684350442152429,True,0.010914208879606384,6.002378755987586,0,,,7.27116,0.119683
944,946,0.022727272727272728,7.9124651653252425,0.01636363636363636,0.030909090909090907,5.01246516532524,10.912465165325244,True,0.02209710719979949,6.013561654307778,0,,,7.72747,0.019616
945,947,0.34545454545454546,12.237072192177484,0.3,0.3909090909090909,11.137072192177488,13.137072192177481,True,0.06448067685303646,6.0559452239610145,0,,,12.6193,0.316421
946,948,0.5181818181818182,5.641515982660849,0.3090909090909091,1.1090909090909091,1.7415159826608508,10.741515982660848,True,0.006186939830862161,5.9976514869388415,0,,,6.01061,0.513189
947,949,0.14454545454545453,11.184455088847027,0.11727272727272728,0.17272727272727273,8.684455088847036,13.48445508884702,True,0.010788012443782571,6.002252559551763,0,,,9.32162,0.121532
948,950,0.04272727272727273,8.748930915167465,0.03,0.0609090909090909,5.748930915167463,12.348930915167468,True,0.0020826423545417827,5.993547189462521,0,,,8.06179,0.035255
950,952,0.02181818181818182,15.422458466106615,0.01818181818181818,0.027272727272727268,13.622458466106622,17.72245846610661,True,0.08691824951972198,6.078382796627701,0,,,16.4273,0.019422
951,953,0.3545454545454545,4.896733325360755,0.3090909090909091,0.4090909090909091,3.896733325360753,5.996733325360752,True,0.045804666380922315,6.037269213488901,0,,,4.6518,0.330315
952,954,0.16454545454545455,10.349529496842656,0.14454545454545453,0.2090909090909091,8.449529496842661,12.149529496842648,True,0.02376770502917489,6.015232252137153,0,,,8.76716,0.149394
953,955,0.3636363636363637,3.1,0.2181818181818182,0.7727272727272727,0.0,8.3,True,0.000687238055086841,5.992151785163067,0,,,2.61601,0.339581
954,956,0.037272727272727284,4.6000000000000005,0.03,0.04454545454545455,2.8000000000000003,6.4,False,0.013182399068453164,6.0046469461764325,0,,,3.44804,0.029854
955,957,0.08818181818181818,12.656231479395599,0.07072727272727274,0.11,10.256231479395607,14.856231479395593,False,0.016956168830726898,6.008420715938707,0,,,10.7,0.066104
957,959,0.040909090909090916,11.687880569320619,0.029090909090909087,0.058181818181818175,8.687880569320631,15.287880569320608,True,0.015443287090127026,6.006907834198106,0,,,11.2733,0.033316
958,960,0.02090909090909091,10.94492975470547,0.01590909090909091,0.027272727272727268,8.444929754705479,13.54492975470546,True,0.05646478193733397,6.047929329045313,0,,,11.2586,0.018481
960,962,0.08727272727272728,10.425165264073296,0.06,0.12090909090909092,6.4251652640733115,13.925165264073286,True,0.002056219331297218,5.993520766439277,0,,,8.17351,0.065058
961,963,0.027272727272727268,14.932472232917654,0.02090909090909091,0.03818181818181818,12.332472232917665,17.932472232917647,True,0.010382364461506685,6.001846911569487,0,,,15.4366,0.023762
962,964,0.027272727272727268,8.747029913537549,0.02181818181818182,0.03272727272727273,6.54702991353755,10.547029913537552,True,0.2357447033085585,6.2272092504165375,0,,,8.12126,0.022778
963,965,0.07036363636363636,13.152664393637805,0.05454545454545455,0.08636363636363636,10.552664393637814,15.452664393637795,False,0.01744189694572394,6.008906444053703,0,,,11.7136,0.053594
964,966,0.04636363636363637,6.105197337059035,0.03545454545454545,0.0609090909090909,3.5051973370590326,9.005197337059037,True,0.051969366767532006,6.0434339138755115,0,,,4.84853,0.03815
965,967,0.3181818181818182,3.3000000000000003,0.2909090909090909,0.34545454545454546,2.6,3.9,False,0.03196706088961885,6.023431607997598,0,,,2.39935,0.278352
966,968,0.1809090909090909,8.968132888589777,0.1590909090909091,0.2181818181818182,7.568132888589777,10.06813288858978,False,0.11088715826863448,6.102351705376613,0,,,7.41957,0.163457
967,969,0.053636363636363635,5.406118807073836,0.045454545454545456,0.06363636363636364,3.7061188070738376,7.1061188070738375,False,0.028540281328320212,6.020004828436298,0,,,3.81709,0.043594
968,970,0.0609090909090909,10.273013276133296,0.040909090909090916,0.08818181818181818,6.373013276133312,14.273013276133284,True,0.009028356075502298,6.000492903183481,0,,,8.9103,0.047717
969,971,0.031818181818181815,8.304906567968509,0.024545454545454544,0.04181818181818182,5.604906567968505,10.704906567968507,True,0.021432262668742333,6.012896809776723,0,,,7.6259,0.026696
970,972,0.057272727272727274,5.311479698372744,0.04454545454545455,0.07590909090909091,2.7114796983727443,8.511479698372742,True,0.009635119990937002,6.001099667098916,0,,,3.71031,0.046215
971,973,0.16818181818181818,13.401521078792555,0.1481818181818182,0.2,11.50152107879256,14.50152107879255,True,0.024412955698000203,6.0158775028059805,0,,,11.9173,0.151616
973,975,0.13727272727272727,12.35838560020843,0.11727272727272728,0.15545454545454546,10.458385600208436,13.958385600208425,False,0.03613601165575976,6.027600558763739,0,,,10.3997,0.11028
974,976,0.01590909090909091,12.254953914659154,0.013181818181818182,0.02,10.354953914659164,14.454953914659148,True,0.05830067286685371,6.049765219974833,0,,,13.5419,0.015496
975,977,0.3727272727272728,5.445552208810001,0.3181818181818182,0.44545454545454544,4.045552208810002,6.945552208810001,True,0.0260691900837315,6.017533737191711,0,,,5.17978,0.347085
976,978,0.15545454545454546,11.97325113420989,0.1390909090909091,0.17272727272727273,10.473251134209896,13.373251134209886,False,0.057002181014772765,6.048466728122753,0,,,10.2248,0.134661
977,979,0.07472727272727273,6.639753025158554,0.05909090909090909,0.09272727272727273,4.039753025158553,8.939753025158558,False,0.01365728747031902,6.005121834578298,0,,,4.28258,0.05672
978,980,0.010454545454545454,10.175092089990507,0.01,0.015,9.475092089990513,13.675092089990494,True,0.04704037915035034,6.038504926258329,0,,,11.4148,0.010601
979,981,0.015,12.447048445138496,0.011818181818181818,0.02,10.047048445138506,14.947048445138488,True,0.04818911927586368,6.039653666383842,0,,,13.5841,0.014622
980,982,0.07127272727272728,10.76922120883224,0.04363636363636364,0.11363636363636365,5.769221208832258,15.569221208832225,True,0.0020106593767965754,5.993475206484777,0,,,9.12432,0.054959
981,983,0.056363636363636366,14.860699580300697,0.04454545454545455,0.07281818181818181,12.360699580300706,17.660699580300687,True,0.020176579476760662,6.01164112658474,0,,,14.3187,0.045414
982,984,0.045454545454545456,7.939259426176242,0.03,0.06363636363636364,4.439259426176238,11.339259426176245,True,0.05135907549299236,6.042823622600971,0,,,6.68128,0.036195
983,985,0.012272727272727272,14.464327506159437,0.01,0.01636363636363636,12.364327506159446,17.464327506159428,True,0.015196947406600313,6.00666149451458,0,,,15.9594,0.012165
984,986,0.2090909090909091,3.0,0.16454545454545455,0.2636363636363636,1.4,4.5,False,0.015091962399524704,6.006556509507504,0,,,1.19389,0.179133
985,987,0.014090909090909091,8.693604829085876,0.010454545454545454,0.01909090909090909,5.8936048290858745,11.693604829085876,True,0.01641410609089483,6.0078786531988735,0,,,9.60902,0.013867
986,988,0.12090909090909092,6.3725538190890125,0.09363636363636364,0.15,3.5725538190890105,8.972553819089015,False,0.041450647713262026,6.032915194821241,0,,,3.85467,0.092133
987,989,0.3818181818181817,5.502310711901335,0.3363636363636364,0.4545454545454546,4.502310711901335,6.902310711901334,True,0.03781562054862935,6.029280167656609,0,,,5.62894,0.369686
988,990,0.2363636363636364,8.90659981795657,0.1781818181818182,0.3090909090909091,7.3065998179565765,10.706599817956564,True,0.02445728812653919,6.015921835234519,0,,,8.39963,0.1965
989,991,0.0981818181818182,8.861172816713488,0.07909090909090909,0.11545454545454545,6.861172816713487,10.661172816713488,False,0.0080514412154522,5.999515988323433,0,,,6.34476,0.070854
990,992,0.13,9.826197727996792,0.10454545454545457,0.15545454545454546,7.326197727996801,12.026197727996786,False,0.009693697533911921,6.001158244641892,0,,,7.68253,0.102684
992,994,0.2181818181818182,13.14192403358574,0.17545454545454547,0.2636363636363636,11.941924033585742,14.241924033585734,True,0.3855006075816636,6.376965154689642,0,,,12.6591,0.184342
993,995,0.02,10.75141432549367,0.01636363636363636,0.026363636363636363,8.951414325493676,13.25141432549366,True,0.11714968605780872,6.108614233165787,0,,,11.4522,0.018598
994,996,0.16090909090909092,10.795562298632147,0.1481818181818182,0.1863636363636364,9.595562298632153,11.995562298632144,False,0.06210148213915144,6.05356602924713,0,,,9.1918,0.144854
995,997,0.01681818181818182,12.529144212353069,0.012272727272727272,0.024545454545454544,9.52914421235308,15.92914421235306,True,0.01606591277113667,6.007530459879116,0,,,13.5532,0.015807
996,998,0.2181818181818182,6.155894950099912,0.17,0.2727272727272727,4.7558949500999095,7.655894950099912,True,0.006629581158630649,5.99809412826661,0,,,4.9333,0.184505
998,1000,0.030909090909090907,10.857071624618404,0.024545454545454544,0.040909090909090916,8.457071624618411,13.257071624618394,True,0.00802824062139898,5.999492787729378,0,,,10.6234,0.026377
999,1001,0.03545454545454545,7.240659789534592,0.027272727272727268,0.04363636363636364,4.640659789534591,9.140659789534595,True,0.1045337417141258,6.095998288822105,0,,,6.17976,0.0284
1000,1002,0.2272727272727273,6.947141173311977,0.17272727272727273,0.2818181818181818,5.447141173311975,8.347141173311977,True,0.16768118302801582,6.159145730135995,0,,,5.86036,0.188343
1001,1003,0.18363636363636365,5.418888154759468,0.15,0.24545454545454545,3.0188881547594684,7.218888154759468,True,0.013565161593730508,6.005029708701709,0,,,3.3255,0.162528
1002,1004,0.5636363636363636,3.7,0.3181818181818182,1.2818181818181815,0.0,8.8,True,0.000310127057250469,5.991774674165231,0,,,4.00556,0.57046
1003,1005,0.057272727272727274,10.365760329951456,0.04454545454545455,0.07363636363636364,7.865760329951465,13.065760329951448,True,0.014400064831106025,6.005864611939084,0,,,9.20733,0.045699
1004,1006,0.034545454545454546,11.688377269773266,0.026363636363636363,0.04727272727272727,9.188377269773277,14.688377269773257,True,0.000419416640460772,5.991883963748441,0,,,11.5073,0.028573
1005,1007,0.06454545454545453,6.64896180062462,0.04272727272727273,0.09909090909090908,2.2489618006246164,11.048961800624623,True,0.00595621566945599,5.997420762777435,0,,,4.86996,0.050429
1006,1008,0.12818181818181815,11.513584587777093,0.09545454545454546,0.15545454545454546,8.113584587777106,13.913584587777086,True,0.02432595304478254,6.015790500152763,0,,,9.21532,0.096735
1007,1009,0.07,6.901738059683892,0.05090909090909091,0.09454545454545454,3.8017380596838897,9.801738059683895,True,0.040698628846858285,6.032163175954838,0,,,4.80703,0.053959
1008,1010,0.03636363636363636,10.439977048496948,0.026363636363636363,0.052727272727272734,7.539977048496957,14.039977048496935,True,0.07961282585091578,6.071077372958895,0,,,10.1974,0.029947
1009,1011,0.012727272727272728,10.591368752614805,0.01,0.01636363636363636,8.391368752614811,13.091368752614795,True,0.06284525232980152,6.054309799437782,0,,,11.8551,0.012871
1010,1012,0.057272727272727274,5.4374692935854725,0.04,0.08545454545454545,1.737469293585473,9.637469293585472,True,0.007877544558584661,5.999342091666564,0,,,3.84508,0.046332
1011,1013,0.01681818181818182,9.510256676322888,0.013636363636363636,0.022727272727272728,7.510256676322893,12.110256676322875,True,0.0763835815448136,6.067848128652793,0,,,10.3363,0.016171
1012,1014,0.06363636363636364,6.472541170947043,0.04272727272727273,0.09727272727272727,2.2725411709470387,10.872541170947043,True,0.010305073648687234,6.001769620756665,0,,,4.68253,0.049725
1013,1015,0.4363636363636364,4.3,0.3181818181818182,0.7636363636363637,1.9,8.3,True,0.01905098112695864,6.010515528234937,0,,,4.51548,0.437462
1014,1016,0.4727272727272727,1.5,0.3545454545454545,1.0727272727272728,0.0,6.7,True,0.004752416079508306,5.996216963187488,0,,,1.48688,0.477896
1015,1017,0.13363636363636364,6.555282127257315,0.10818181818181817,0.15545454545454546,3.9552821272573127,8.455282127257316,False,0.0384836346829486,6.029948181790927,0,,,3.79602,0.10513
1016,1018,0.02363636363636364,12.682536382412405,0.015454545454545453,0.039090909090909086,8.782536382412419,17.382536382412386,True,0.016143037936531282,6.007607585044512,0,,,13.0846,0.020385
1018,1020,0.040909090909090916,3.3000000000000003,0.029090909090909087,0.06,0.4,7.300000000000002,True,0.061739291261231774,6.0532038383692095,0,,,2.26471,0.03445
1020,1022,0.027272727272727268,11.540773307835382,0.018636363636363642,0.039090909090909086,7.840773307835393,14.840773307835367,True,0.02890853734360395,6.020373084451583,0,,,11.3123,0.022936
1021,1023,0.17272727272727273,10.843613450424028,0.15181818181818182,0.2090909090909091,9.043613450424036,11.943613450424024,True,0.0026868336117394837,5.9941513807197175,0,,,9.2482,0.156466
1022,1024,0.05,5.320995241303732,0.03818181818181818,0.06909090909090909,2.420995241303732,8.52099524130373,True,0.031972747431055284,6.023437294539034,0,,,3.96953,0.041821
1023,1025,0.07127272727272728,10.65649607299248,0.05545454545454545,0.09,8.056496072992491,13.256496072992473,False,0.002518418989139209,5.993982966097119,0,,,8.96079,0.054636
1024,1026,0.029090909090909087,5.085634253138653,0.022727272727272728,0.040909090909090916,2.5856342531386534,7.885634253138653,True,0.023571536621388302,6.015036083729367,0,,,4.3775,0.025388
1025,1027,0.05181818181818182,6.1207410941586415,0.037272727272727284,0.07545454545454545,2.8207410941586377,9.920741094158645,True,0.000394605620358614,5.991859152728338,0,,,4.70607,0.042621
1026,1028,0.017727272727272727,10.940880273595809,0.014090909090909091,0.022727272727272728,8.940880273595818,13.040880273595805,True,0.029188315488518444,6.0206528625964975,0,,,11.6355,0.016453
1027,1029,0.015454545454545453,6.819839296440432,0.012272727272727272,0.022727272727272728,4.51983929644043,10.119839296440434,True,0.07477183311687566,6.066236380224855,0,,,7.64702,0.015492
1028,1030,0.1190909090909091,11.421875211073635,0.09909090909090908,0.1390909090909091,9.221875211073645,13.42187521107363,False,0.006364537503948076,5.997829084611928,0,,,9.2611,0.087514
1029,1031,0.11181818181818183,3.8,0.08272727272727272,0.13545454545454547,0.8,6.2,False,0.04090546963987544,6.032370016747855,0,,,0.571481,0.080213
1030,1032,0.02363636363636364,14.103950693271113,0.017272727272727273,0.030909090909090907,11.203950693271121,16.903950693271106,True,0.026191802778569043,6.017656349886547,0,,,14.3181,0.019775
1031,1033,0.24545454545454545,4.0,0.1781818181818182,0.3090909090909091,2.0,5.800000000000002,True,0.05621730290591165,6.047681850013891,0,,,2.76585,0.197802
1032,1034,0.13727272727272727,8.241737069911768,0.10181818181818182,0.17,4.741737069911764,11.141737069911768,True,0.0007514013855625965,5.992215948493541,0,,,5.81235,0.110385
1033,1035,0.3727272727272728,21.413477093290165,0.2727272727272727,0.5454545454545454,19.113477093290133,24.213477093290205,True,0.015058121432547762,6.006522668540526,0,,,23.4578,0.364982
1034,1036,0.02090909090909091,15.183577695564002,0.014090909090909091,0.029090909090909087,11.683577695564015,18.483577695563987,True,0.04397833548641223,6.035442882594391,0,,,15.8405,0.018322
1036,1038,0.3181818181818182,4.0,0.24545454545454545,0.4,2.0,6.0,True,0.06558523527857522,6.057049782386553,0,,,3.29329,0.281266
1037,1039,1.1,15.741884526109557,0.6363636363636364,1.4,11.74188452610957,17.84188452610955,False,0.000831802971552029,5.992296350079532,0,,,18.2038,1.12232
1038,1040,0.014090909090909091,11.712296375426485,0.01,0.022727272727272728,8.012296375426498,16.112296375426467,True,0.004791578875806218,5.996256125983785,0,,,12.7885,0.013853
1039,1041,0.10090909090909092,14.614821984094384,0.07309090909090908,0.12636363636363634,11.314821984094396,17.414821984094374,False,0.01185839438311287,6.003322941491092,0,,,12.7344,0.072825
1041,1043,0.5454545454545454,7.544061559253112,0.3818181818181817,0.9181818181818182,5.0440615592531115,11.144061559253117,True,0.014802659613204126,6.006267206721184,0,,,8.22863,0.547088
1042,1044,0.03,6.554229814357548,0.02363636363636364,0.04,4.054229814357544,8.854229814357549,True,0.086135978020852,6.0776005251288305,0,,,5.69512,0.025659
1043,1045,0.2727272727272727,4.800000000000002,0.2090909090909091,0.3272727272727273,3.1,6.1000000000000005,True,0.07377176286636357,6.065236309974343,0,,,3.68005,0.221213
1045,1047,0.06727272727272728,17.7120167837888,0.040909090909090916,0.1090909090909091,12.712016783788819,22.712016783788787,True,0.0027630344187239185,5.994227581526703,0,,,16.9745,0.051643
1046,1048,0.029090909090909087,7.026081018399985,0.022727272727272728,0.03818181818181818,4.526081018399983,9.526081018399989,True,0.015776185659447405,6.007240732767428,0,,,6.44436,0.025064
1047,1049,0.13545454545454547,8.522682343815468,0.11181818181818183,0.1572727272727273,6.222682343815467,10.522682343815472,False,0.02844537861736468,6.019909925725344,0,,,6.18093,0.108017
1048,1050,0.1,12.864042823261626,0.07363636363636364,0.12636363636363634,9.764042823261637,15.764042823261617,False,0.013523399649189612,6.0049879467571685,0,,,10.9121,0.07236
1050,1052,0.034545454545454546,29.530874498508602,0.02,0.05909090909090909,24.63087449850853,34.630874498508675,True,0.003486170152937066,5.994950717260917,0,,,31.4355,0.028947
1051,1053,0.13,31.21071503665952,0.07818181818181819,0.2,26.110715036659442,35.510715036659576,True,0.019483576532026526,6.010948123640006,0,,,31.5515,0.105439
1052,1054,0.034545454545454546,6.673218572646787,0.028181818181818183,0.04181818181818182,4.8732185726467865,8.47321857264679,True,0.06794426876425769,6.059408815872238,0,,,5.93153,0.028467
1053,1055,0.024545454545454544,5.8560814416939815,0.017727272727272727,0.031818181818181815,2.956081441693981,8.35608144169398,True,0.04659504736691005,6.038059594474889,0,,,5.02134,0.020328
1054,1056,0.5818181818181818,6.698008355681457,0.2909090909090909,1.2454545454545454,1.5980083556814524,11.59800835568146,True,0.007059536444711464,5.998524083552692,0,,,7.24133,0.578587
1055,1057,0.030909090909090907,11.747081742554688,0.02181818181818182,0.04727272727272727,8.247081742554702,15.647081742554677,True,0.010838574276788129,6.002303121384768,0,,,11.6209,0.026402
1056,1058,0.10363636363636364,20.515668358202237,0.08545454545454545,0.1190909090909091,18.71566835820225,22.315668358202238,False,0.004487751288837148,5.9959522983968165,0,,,19.3656,0.07491
1057,1059,0.04181818181818182,21.06250435298524,0.029090909090909087,0.0609090909090909,17.762504352985193,25.262504352985296,True,0.002081924394172277,5.993546471502151,0,,,21.9418,0.034782
1059,1061,0.3,3.3000000000000003,0.24545454545454545,0.3545454545454545,1.7000000000000002,4.7,True,0.1107184176882998,6.1021829647962775,0,,,2.35219,0.260428
1060,1062,0.13727272727272727,13.620820304328394,0.1190909090909091,0.15363636363636365,11.920820304328403,15.120820304328392,False,0.0022503310792954907,5.993714878187275,0,,,11.8802,0.110496
1061,1063,0.07909090909090909,15.232694225657804,0.0609090909090909,0.10727272727272727,12.432694225657814,18.2326942256578,True,0.04162639112027742,6.0330909382282565,0,,,14.0568,0.061322
1062,1064,0.01681818181818182,5.541110945498113,0.013636363636363636,0.02090909090909091,3.4411109454981146,7.441110945498115,True,0.03650136388543367,6.027965910993411,0,,,5.69065,0.015809
1063,1065,0.026363636363636363,14.563189069563427,0.02181818181818182,0.03363636363636364,12.563189069563437,16.96318906956342,True,0.09419179579268756,6.085656342900666,0,,,15.0977,0.023013
1064,1066,0.024545454545454544,14.985989369946067,0.02,0.030909090909090907,13.085989369946072,17.485989369946058,True,0.1744835549483269,6.165948102056307,0,,,15.781,0.021697
1065,1067,0.12454545454545456,18.772648825725614,0.09545454545454546,0.14636363636363636,15.872648825725632,20.77264882572561,False,0.10815870258393348,6.099623249691912,0,,,17.1921,0.089889
1066,1068,0.03272727272727273,10.462466327261339,0.027272727272727268,0.040909090909090916,8.662466327261347,12.362466327261336,True,0.004729412703868119,5.996193959811847,0,,,10.218,0.027672
1067,1069,0.06272727272727273,5.373403791411847,0.05090909090909091,0.07772727272727273,3.273403791411848,7.773403791411847,False,0.028994542402559637,6.020459089510537,0,,,3.51873,0.04941
1068,1070,0.03,5.414924580507887,0.026363636363636363,0.039090909090909086,4.014924580507889,7.514924580507888,True,0.0675358559619172,6.059000403069897,0,,,4.88145,0.026555
1069,1071,0.04363636363636364,7.091240925360875,0.031818181818181815,0.0609090909090909,4.391240925360872,10.491240925360877,True,0.08826227909670106,6.079726826204681,0,,,6.22732,0.036344
1070,1072,0.14636363636363636,8.580649373857826,0.1190909090909091,0.1809090909090909,6.080649373857822,10.980649373857828,True,0.02583459893484836,6.017299146042827,0,,,6.56038,0.125241
1071,1073,0.3,6.5128157948314165,0.24545454545454545,0.34545454545454546,5.112815794831415,7.512815794831417,True,0.03472046425311934,6.026185011361099,0,,,5.86702,0.257914
1072,1074,0.07309090909090908,10.372660936095093,0.058181818181818175,0.09090909090909093,7.972660936095102,12.672660936095085,False,0.0008697405772539244,5.992334287685233,0,,,8.57769,0.056023
1073,1075,0.06545454545454546,16.206462014559367,0.04454545454545455,0.09454545454545454,12.306462014559381,20.206462014559357,True,0.0009673720136019859,5.992431919121581,0,,,15.3816,0.050632
1074,1076,0.2363636363636364,4.5,0.19454545454545452,0.2818181818181818,3.4000000000000004,5.800000000000002,True,0.06651111994600213,6.057975667053982,0,,,3.40998,0.195456
1075,1077,0.07772727272727273,7.7758687410799805,0.04818181818181819,0.1190909090909091,2.675868741079974,12.375868741079984,True,0.0018246289341483448,5.993289176042127,0,,,5.49721,0.05894
1076,1078,0.10636363636363637,10.392140716449775,0.08454545454545455,0.12818181818181815,8.192140716449785,12.692140716449769,False,0.003790110046013332,5.995254657153993,0,,,8.14225,0.077226
1077,1079,0.08272727272727272,7.896812685267079,0.06909090909090909,0.10454545454545457,5.8968126852670775,10.096812685267082,False,0.048259142050959394,6.039723689158938,0,,,5.66244,0.063372
1078,1080,0.04,25.27503856172127,0.022727272727272728,0.07090909090909091,20.47503856172121,30.475038561721355,True,0.0006977709228021608,5.992162318030782,0,,,26.4947,0.032931
1079,1081,0.34545454545454546,9.691511773952223,0.2909090909090909,0.3909090909090909,8.491511773952226,10.791511773952218,True,0.006148093770449399,5.997612640878428,0,,,9.88675,0.317527
1080,1082,0.17272727272727273,7.1315380368645584,0.13,0.2727272727272727,3.531538036864556,9.931538036864564,True,0.010060064010171751,6.001524611118151,0,,,5.29032,0.159149
1081,1083,0.017727272727272727,11.952731342154706,0.014090909090909091,0.022727272727272728,9.752731342154712,14.352731342154696,True,0.004749007431307073,5.996213554539287,0,,,12.8316,0.016564
1082,1084,0.1890909090909091,11.142867092148773,0.1590909090909091,0.2272727272727273,9.442867092148775,12.242867092148767,True,0.051906265752000205,6.0433708128599815,0,,,9.67572,0.165428
1083,1085,0.3090909090909091,4.6000000000000005,0.24545454545454545,0.3818181818181817,2.9000000000000004,6.4,True,0.09281368688895823,6.084278233996938,0,,,4.02493,0.275265
1084,1086,0.02090909090909091,17.999987592119986,0.01590909090909091,0.027272727272727268,15.299987592119994,20.49998759211997,True,0.046946915422148565,6.038411462530128,0,,,18.9693,0.018429
1085,1087,0.16818181818181818,18.182011622633947,0.1390909090909091,0.2272727272727273,15.382011622633962,20.282011622633945,True,0.004780276223544739,5.996244823331523,0,,,17.5467,0.154194
1086,1088,0.06,6.773028227777758,0.04727272727272727,0.07818181818181819,4.373028227777756,9.67302822777776,True,0.013603653234840104,6.005068200342818,0,,,5.25203,0.047828
1087,1089,0.03636363636363636,11.116958318413678,0.028181818181818183,0.04636363636363637,9.016958318413684,13.41695831841367,True,0.10267739924422857,6.094141946352207,0,,,10.8214,0.029569
1089,1091,0.18363636363636365,9.227182517903282,0.14636363636363636,0.24545454545454545,6.827182517903293,10.827182517903278,True,0.0207039330751881,6.012168480183168,0,,,7.57273,0.16194
1090,1092,0.06727272727272728,15.439765779509996,0.049090909090909095,0.08909090909090908,12.239765779510007,18.639765779509986,True,0.01985734734845066,6.0113218944564295,0,,,14.4554,0.051704
1091,1093,0.03818181818181818,6.453131273337179,0.030909090909090907,0.049090909090909095,4.553131273337176,9.153131273337179,True,0.09866374075318901,6.090128287861169,0,,,5.84142,0.031973
