index,file_lineno,best_mass,best_AV,mass_min,mass_max,AV_min,AV_max,intersects,min_chi2,chi2_threshold,dof_gof,passes_gof,p_value
0,2,0.07363636363636364,12.169573545849646,0.04363636363636364,0.11727272727272728,7.2695735458496635,16.66957354584963,True,0.0007276690208229873,5.992192216128802,0,,
1,3,0.19181818181818183,10.429739496397682,0.1572727272727273,0.2545454545454545,8.729739496397688,11.829739496397677,True,0.014547437446948532,6.006011984554927,0,,
2,4,0.023636363636363636,4.800000000000001,0.019090909090909092,0.02909090909090909,3.2,6.800000000000001,True,0.05418878451993068,6.04565333162791,0,,
3,5,0.11727272727272728,9.276951665043491,0.09636363636363636,0.13545454545454547,7.276951665043498,10.876951665043485,False,0.006169345431804699,5.997633892539784,0,,
4,6,0.16454545454545455,8.368442212762496,0.12636363636363637,0.24545454545454545,5.368442212762494,10.568442212762498,True,0.000459415049624729,5.991923962157604,0,,
5,7,0.2545454545454545,16.839708623805738,0.1781818181818182,0.32727272727272727,15.139708623805744,18.439708623805732,True,0.028231173144729203,6.019695720252709,0,,
6,8,0.36363636363636365,23.244405831351717,0.3090909090909091,0.4272727272727273,22.1444058313517,24.344405831351732,False,0.017259048008382766,6.008723595116362,0,,
8,10,0.07,15.49119261610171,0.053636363636363635,0.08727272727272727,12.991192616101719,17.5911926161017,False,0.02617671823705637,6.017641265345035,0,,
9,11,0.4090909090909091,5.696323653523376,0.3090909090909091,0.6454545454545454,3.796323653523374,8.596323653523378,True,0.006354392645162612,5.997818939753142,0,,
11,13,0.34545454545454546,6.565928577403327,0.3,0.4,5.665928577403326,7.565928577403327,True,0.07007460876937495,6.061539155877354,0,,
12,14,0.09636363636363636,21.082900444656257,0.06454545454545454,0.13181818181818183,17.282900444656203,24.482900444656305,True,4.906091570062073e-05,5.99151360802368,0,,
13,15,0.02181818181818182,17.713710996406054,0.015,0.03,14.713710996406064,20.61371099640604,True,0.03949041350104082,6.03095496060902,0,,
14,16,0.1890909090909091,9.28358591784106,0.15181818181818182,0.2545454545454545,7.283585917841068,10.883585917841055,True,0.007828471683359676,5.999293018791339,0,,
15,17,0.2181818181818182,10.796132910191796,0.1781818181818182,0.2636363636363636,9.7961329101918,11.796132910191792,True,0.0017673020295503137,5.993231849137529,0,,
16,18,0.38181818181818183,9.631571143945235,0.3090909090909091,0.4909090909090909,8.43157114394524,11.33157114394523,True,0.10426299060449987,6.095727537712479,0,,
17,19,0.2909090909090909,17.26133025805553,0.23636363636363636,0.35454545454545455,16.061330258055534,18.461330258055526,True,0.016585391410365954,6.008049938518345,0,,
18,20,0.12636363636363637,16.335051990866,0.10454545454545455,0.1481818181818182,14.235051990866008,18.135051990865996,False,0.011571230563286544,6.003035777671266,0,,
20,22,1.2545454545454546,19.83714656244411,0.8909090909090909,1.4,17.637146562444116,20.737146562444106,False,0.05312104332820466,6.044585590436184,0,,
21,23,0.4,7.969143730842488,0.35454545454545455,0.4818181818181818,7.169143730842487,9.169143730842489,True,0.011463422265694526,6.0029279693736735,0,,
22,24,0.015454545454545453,7.190376819851892,0.012727272727272728,0.02,5.390376819851889,9.190376819851894,True,0.06732422907064468,6.058788776178623,0,,
23,25,1.1454545454545455,17.403765236697893,0.7727272727272727,1.4,14.703765236697901,18.803765236697885,False,0.01039328001463626,6.001857827122615,0,,
24,26,0.34545454545454546,10.650752368512196,0.2727272727272727,0.44545454545454544,9.2507523685122,12.25075236851219,True,0.015066531654244392,6.006531078762223,0,,
25,27,0.4,6.457441852354168,0.32727272727272727,0.5636363636363636,5.057441852354167,8.657441852354168,True,0.030320921845353448,6.0217854689533326,0,,
26,28,0.17545454545454547,15.811155488237565,0.15545454545454546,0.2090909090909091,14.61115548823757,16.81115548823756,True,0.010234151061049832,6.001698698169029,0,,
27,29,0.13363636363636364,11.043319700229919,0.11727272727272728,0.15,9.543319700229924,12.243319700229915,False,0.002473559574890928,5.99393810668287,0,,
28,30,0.01,10.470607597001077,0.01,0.012727272727272728,10.170607597001078,12.37060759700107,True,0.0632747339555849,6.054739281063564,0,,
29,31,0.35454545454545455,20.993376413249475,0.2909090909090909,0.4363636363636364,19.793376413249458,22.493376413249496,False,0.09026580050907643,6.081730347617055,0,,
30,32,0.32727272727272727,5.401398316448745,0.18636363636363637,0.5818181818181818,2.401398316448746,9.101398316448744,True,0.008558332835780204,6.000022879943759,0,,
32,34,0.023636363636363636,15.989642761211208,0.01681818181818182,0.031818181818181815,13.389642761211217,18.689642761211196,True,0.00988263949138087,6.00134718659936,0,,
33,35,0.4090909090909091,2.9000000000000004,0.2181818181818182,1.0454545454545454,0.0,8.0,True,0.0004495977323213451,5.9919141448403,0,,
34,36,0.019090909090909092,10.288810138109682,0.010454545454545454,0.03636363636363636,5.388810138109699,14.988810138109665,True,0.004698533788275974,5.996163080896255,0,,
35,37,0.011818181818181818,6.699969310391138,0.01,0.013636363636363636,5.299969310391138,7.99996931039114,True,0.15534805288795417,6.1468125999959335,0,,
36,38,0.13727272727272727,14.044857115448,0.1190909090909091,0.15363636363636363,12.444857115448006,15.244857115447996,False,0.017042826265288854,6.008507373373268,0,,
37,39,0.1890909090909091,22.729446567964583,0.15363636363636363,0.23636363636363636,20.929446567964558,23.9294465679646,True,0.027201802618204474,6.018666349726184,0,,
40,42,0.02727272727272727,11.781705978706508,0.02090909090909091,0.03636363636363636,9.481705978706517,14.0817059787065,True,0.005987095985655601,5.997451643093634,0,,
41,43,0.12090909090909091,10.68499361645911,0.07309090909090908,0.16818181818181818,5.884993616459127,14.484993616459096,True,0.006974909357807169,5.998439456465786,0,,
42,44,0.1390909090909091,5.906278088782335,0.12090909090909091,0.1572727272727273,4.406278088782335,7.406278088782335,False,0.014526648399517655,6.005991195507496,0,,
43,45,0.15545454545454546,9.249683115474092,0.11727272727272728,0.2181818181818182,6.149683115474103,11.649683115474083,True,0.015197104157136012,6.006661651265115,0,,
44,46,0.02,9.889936843684412,0.015,0.028181818181818183,7.6899368436844195,12.889936843684401,True,0.03288989502269087,6.02435444213067,0,,
45,47,0.1190909090909091,16.687249042759724,0.09727272727272727,0.1390909090909091,14.587249042759733,18.48724904275972,False,0.004015585971320391,5.995480133079299,0,,
46,48,0.15545454545454546,7.830550466089797,0.13727272727272727,0.1781818181818182,6.330550466089795,9.130550466089797,False,0.003799348722781307,5.99526389583076,0,,
47,49,0.02727272727272727,8.975821768243051,0.02181818181818182,0.03727272727272728,7.075821768243058,11.475821768243042,True,0.16591991913025203,6.157384466238231,0,,
48,50,0.23636363636363636,11.730313426777562,0.16636363636363638,0.3181818181818182,9.730313426777569,13.430313426777555,True,0.019443078051594846,6.010907625159574,0,,
49,51,0.049090909090909095,11.992267993063091,0.03909090909090909,0.06363636363636364,9.7922679930631,14.392267993063083,True,0.00864307587852195,6.000107622986501,0,,
50,52,0.16818181818181818,8.629572956750856,0.1409090909090909,0.2272727272727273,6.429572956750855,10.229572956750857,True,0.0017637098096586871,5.993228256917638,0,,
51,53,0.38181818181818183,6.227091594702613,0.2636363636363636,0.6545454545454545,3.827091594702611,9.527091594702615,True,0.005921674923126478,5.997386222031105,0,,
52,54,0.14272727272727273,10.27423479399053,0.11727272727272728,0.16272727272727272,8.174234793990538,11.874234793990524,False,0.02577466188507051,6.0172392089930495,0,,
53,55,0.11545454545454546,7.795479347058913,0.08181818181818182,0.14454545454545453,4.495479347058911,10.195479347058916,True,0.024377531676633295,6.015842078784613,0,,
54,56,0.09363636363636364,6.878446458935785,0.075,0.11545454545454546,4.7784464589357825,8.778446458935786,False,0.008689184149746863,6.0001537312577256,0,,
55,57,0.4909090909090909,10.840277102057021,0.4,0.6363636363636364,9.540277102057026,12.440277102057015,True,0.06800023166149755,6.059464778769477,0,,
56,58,0.06818181818181819,15.619656683224404,0.049090909090909095,0.09181818181818181,12.519656683224415,18.519656683224394,True,0.0007145190914499013,5.992179066199429,0,,
57,59,0.05090909090909091,3.4000000000000004,0.03363636363636364,0.08181818181818182,0.0,7.9,True,0.04410205537963822,6.035566602487617,0,,
58,60,0.6272727272727272,9.770294249812874,0.4272727272727273,1.0636363636363637,7.370294249812883,13.170294249812862,True,0.0011734616902528139,5.992638008798232,0,,
59,61,0.2,9.922298790546865,0.15,0.2909090909090909,7.5222987905468734,11.922298790546858,True,0.02059431526636636,6.012058862374346,0,,
61,63,0.5363636363636364,7.065016072318864,0.37272727272727274,0.9,4.665016072318862,10.365016072318866,True,0.023151826778516106,6.014616373886495,0,,
62,64,0.024545454545454544,6.180763702331159,0.02,0.030909090909090907,4.580763702331158,8.380763702331162,True,0.11408236362722375,6.105546910735203,0,,
63,65,0.2909090909090909,4.1000000000000005,0.2090909090909091,0.37272727272727274,2.2,5.800000000000001,True,0.03704825778368234,6.028512804891661,0,,
64,66,0.32727272727272727,8.549601627900707,0.2727272727272727,0.37272727272727274,7.3496016279007055,9.449601627900709,True,0.05745328864778806,6.048917835755767,0,,
65,67,0.1390909090909091,10.166178818080052,0.11363636363636363,0.16272727272727272,7.96617881808006,12.066178818080045,False,0.002441481585817944,5.993906028693797,0,,
66,68,0.011363636363636364,12.282716584119468,0.01,0.014090909090909091,11.082716584119472,14.082716584119462,True,0.008703454168461466,6.000168001276441,0,,
67,69,0.01681818181818182,17.119948703064274,0.012727272727272728,0.022727272727272728,14.719948703064283,19.519948703064266,True,0.022237197973630066,6.013701745081609,0,,
69,71,0.012727272727272728,20.418197841041703,0.01,0.02090909090909091,18.01819784104171,24.618197841041685,True,0.025324525254234717,6.016789072362214,0,,
70,72,0.18636363636363637,10.970663975305094,0.16090909090909092,0.2272727272727273,9.770663975305098,11.97066397530509,False,0.017480013123709098,6.008944560231688,0,,
71,73,0.13363636363636364,8.656562105701978,0.11,0.15363636363636363,6.5565621057019765,10.15656210570198,False,0.018399655478072232,6.009864202586051,0,,
72,74,0.3181818181818182,6.391727499170221,0.2545454545454545,0.39090909090909093,4.99172749917022,7.691727499170222,True,0.022949723810698236,6.014414270918677,0,,
73,75,0.014545454545454545,13.013445119999899,0.01,0.028181818181818183,9.113445119999913,17.713445119999882,True,0.00860333360596699,6.000067880713946,0,,
74,76,0.08818181818181818,13.812279909429739,0.06272727272727273,0.11727272727272728,10.312279909429751,16.51227990942973,True,0.025836864540540398,6.0173014116485195,0,,
75,77,0.13727272727272727,5.033275894544959,0.11181818181818182,0.16454545454545455,2.733275894544959,7.233275894544959,False,0.03678420677257314,6.028248753880552,0,,
77,79,0.034545454545454546,6.023233767277039,0.028181818181818183,0.04181818181818182,4.423233767277036,7.72323376727704,True,0.02454320200108033,6.016007749109059,0,,
78,80,0.08454545454545455,9.840664040255856,0.06,0.11363636363636363,6.440664040255868,12.740664040255846,True,0.008585218321018799,6.000049765428998,0,,
79,81,0.1972727272727273,8.548938972753096,0.1572727272727273,0.2636363636363636,6.848938972753093,10.148938972753097,True,0.012200569867524005,6.003665116975503,0,,
80,82,0.6545454545454545,14.629436020279321,0.4818181818181818,0.9181818181818182,12.829436020279328,16.829436020279314,True,0.039039714096269745,6.030504261204249,0,,
81,83,0.02181818181818182,12.088421768338947,0.015454545454545453,0.03,9.488421768338956,14.988421768338936,True,0.0013918763322707962,5.99285642344025,0,,
82,84,0.2909090909090909,6.0614411765337515,0.24545454545454545,0.33636363636363636,5.061441176533751,6.961441176533753,True,0.1872567774516363,6.178721324559615,0,,
83,85,0.022727272727272728,15.605824692681166,0.01818181818181818,0.02909090909090909,13.705824692681173,17.905824692681158,True,0.02935035837806541,6.020814905486044,0,,
84,86,0.12454545454545454,14.04533130493384,0.10272727272727274,0.14454545454545453,11.945331304933848,15.645331304933835,False,0.010725594530108429,6.002190141638088,0,,
85,87,0.06272727272727273,13.627851853168442,0.035454545454545454,0.11181818181818182,8.82785185316846,18.827851853168426,True,0.0029942156654371374,5.994458762773416,0,,
87,89,0.012727272727272728,7.526471212623711,0.01090909090909091,0.015909090909090907,6.32647121262371,9.526471212623713,True,0.21111413999293743,6.2025786871009165,0,,
88,90,0.13,12.666185451308998,0.09636363636363636,0.16090909090909092,9.566185451309009,15.06618545130899,True,0.014185245758879634,6.005649792866858,0,,
89,91,0.1972727272727273,10.684022708185163,0.16272727272727272,0.2545454545454545,9.284022708185168,11.884022708185158,True,0.024861423103875534,6.016325970211855,0,,
90,92,0.14636363636363636,9.523923855824437,0.11727272727272728,0.1809090909090909,7.023923855824446,11.72392385582443,True,0.006970912494039809,5.998435459602019,0,,
92,94,0.01818181818181818,14.307368039494227,0.011363636363636364,0.03363636363636364,10.307368039494241,19.20736803949421,True,0.013849413502614046,6.005313960610593,0,,
93,95,0.5636363636363636,8.477629002962612,0.3,1.4,4.377629002962607,13.877629002962616,True,0.001168492266179996,5.992633039374159,0,,
94,96,0.2272727272727273,5.410153966782503,0.18363636363636365,0.2636363636363636,4.410153966782503,6.310153966782503,False,0.09999360777662362,6.091458154884602,0,,
95,97,0.10727272727272727,11.479246742363802,0.08818181818181818,0.12636363636363637,9.779246742363808,13.279246742363796,False,0.03687032611087241,6.028334873218851,0,,
96,98,0.1190909090909091,11.329362848787712,0.07909090909090909,0.15545454545454546,7.429362848787726,14.329362848787701,True,0.003928118762219767,5.995392665870199,0,,
97,99,0.4,7.394211382131862,0.35454545454545455,0.4818181818181818,6.494211382131861,8.594211382131864,True,0.056021542201463964,6.047486089309443,0,,
98,100,0.38181818181818183,6.7694338193824155,0.3181818181818182,0.4636363636363636,5.569433819382414,8.069433819382418,True,0.04479872623429222,6.036263273342271,0,,
99,101,0.37272727272727274,6.119753007098003,0.3,0.4818181818181818,4.719753007098002,7.819753007098004,True,0.04230103627417517,6.033765583382154,0,,
100,102,0.1409090909090909,5.3062897494070995,0.09545454545454546,0.19454545454545455,1.3062897494071004,8.3062897494071,True,0.005702646443830364,5.997167193551809,0,,
101,103,0.02727272727272727,12.659108947182453,0.02181818181818182,0.034545454545454546,10.65910894718246,14.559108947182446,True,0.02770720600531909,6.019171753113298,0,,
102,104,0.04454545454545455,4.4,0.031818181818181815,0.06363636363636364,1.6,7.7,True,0.08015408758229192,6.071618634690271,0,,
103,105,0.07954545454545454,4.5,0.053636363636363635,0.11363636363636363,0.7000000000000001,7.9,True,0.005459861861208502,5.996924408969187,0,,
104,106,0.4909090909090909,2.3000000000000003,0.3181818181818182,1.209090909090909,0.0,7.5,True,0.004404662143533134,5.995869209251512,0,,
105,107,0.01,13.160134142482654,0.01,0.013181818181818182,12.760134142482656,15.260134142482647,True,0.05489800581009293,6.046362552918072,0,,
106,108,0.18363636363636365,8.38797160029104,0.15363636363636363,0.24545454545454545,6.587971600291038,9.78797160029104,True,0.015830441535179263,6.007294988643158,0,,
107,109,0.045454545454545456,11.579190128784091,0.03,0.07127272727272727,8.179190128784104,15.779190128784077,True,0.020846843111511075,6.01231139021949,0,,
108,110,0.6272727272727272,4.6000000000000005,0.2909090909090909,1.4,0.0,9.4,True,0.0034860298536536524,5.9949505769616325,0,,
109,111,0.14636363636363636,13.207003976986853,0.11727272727272728,0.17272727272727273,10.807003976986861,15.207003976986845,True,0.03355490663279859,6.025019453740778,0,,
110,112,0.16090909090909092,5.558205322055438,0.13363636363636364,0.2,3.4582053220554383,7.158205322055438,False,0.0811991829339205,6.072663730041899,0,,
111,113,0.10636363636363637,18.846366956229364,0.08727272727272727,0.12090909090909091,17.14636695622937,20.34636695622936,False,0.04224572732344517,6.033710274431424,0,,
112,114,0.08636363636363636,4.4,0.05545454545454545,0.12818181818181817,0.1,8.3,True,0.009862723641062313,6.001327270749042,0,,
113,115,0.03,10.272643236736435,0.022727272727272728,0.04272727272727273,7.6726432367364445,12.972643236736426,True,0.06713769769716792,6.058602244805147,0,,
114,116,0.09090909090909091,12.192046991727453,0.05181818181818182,0.15,6.992046991727472,16.992046991727435,True,0.0033990388636675273,5.994863585971647,0,,
119,121,0.7181818181818181,8.024687800103976,0.36363636363636365,1.4,3.5246878001039725,13.024687800103981,True,0.00319471382418551,5.994659260932164,0,,
120,122,0.24545454545454545,7.864446543369074,0.13727272727272727,0.44545454545454544,3.4644465433690708,11.664446543369078,True,0.016090003091205653,6.007554550199185,0,,
121,123,0.14636363636363636,10.651033319353745,0.12272727272727273,0.16818181818181818,8.751033319353752,12.35103331935374,False,0.008921271429100831,6.0003858185370795,0,,
122,124,0.08,7.134379182878515,0.05454545454545455,0.11363636363636363,3.4343791828785117,10.534379182878517,True,0.004842491967339362,5.996307039075319,0,,
123,125,0.026363636363636363,13.3700208356125,0.01818181818181818,0.038181818181818185,10.370020835612511,16.37002083561249,True,0.006702816580616421,5.998167363688595,0,,
124,126,0.2909090909090909,8.929351617805517,0.2090909090909091,0.38181818181818183,6.9293516178055246,10.629351617805511,True,0.010941751528512893,6.002406298636492,0,,
126,128,0.034545454545454546,13.599495446698024,0.025454545454545455,0.04727272727272727,10.899495446698033,16.299495446698014,True,0.0260155837934546,6.017480130901434,0,,
127,129,0.024545454545454544,9.093549590232481,0.01818181818181818,0.031818181818181815,6.693549590232479,11.393549590232483,True,0.008927665960116099,6.000392213068095,0,,
128,130,0.07727272727272727,7.436142726250742,0.053636363636363635,0.1090909090909091,3.9361427262507385,10.636142726250743,True,0.0020729910350513435,5.9935375381430305,0,,
129,131,0.1809090909090909,9.497702480699484,0.10272727272727274,0.4363636363636364,4.297702480699503,14.297702480699467,True,3.990690022952449e-06,5.991468537798002,0,,
130,132,0.24545454545454545,4.4,0.1781818181818182,0.3181818181818182,2.8000000000000003,6.0,True,0.009909812469547639,6.001374359577527,0,,
132,134,0.08363636363636363,7.148579902127805,0.060909090909090906,0.11545454545454546,3.9485799021278023,10.148579902127807,True,0.014941530246702427,6.006406077354682,0,,
133,135,0.016363636363636365,16.527746192645488,0.012272727272727272,0.022727272727272728,14.127746192645496,19.02774619264548,True,0.013604394662779946,6.005068941770759,0,,
134,136,0.2272727272727273,7.1274098684759934,0.17,0.2909090909090909,5.827409868475993,8.527409868475996,True,0.005643784372049525,5.997108331480028,0,,
135,137,0.3090909090909091,7.4968107287893355,0.24545454545454545,0.38181818181818183,5.996810728789335,8.796810728789337,True,0.0020178367957695365,5.993482383903749,0,,
136,138,0.03727272727272728,13.94416541756683,0.022727272727272728,0.06454545454545454,9.844165417566845,18.944165417566815,True,0.008084789974233113,5.999549337082212,0,,
137,139,0.1390909090909091,11.363670714948375,0.11181818181818182,0.16454545454545455,8.963670714948384,13.363670714948368,True,0.005283842623935795,5.9967483897319145,0,,
138,140,0.012272727272727272,16.472336304619134,0.01,0.017272727272727273,14.57233630461914,19.272336304619124,True,0.017621565684550766,6.00908611279253,0,,
139,141,0.14636363636363636,24.100025181676713,0.08363636363636363,0.2636363636363636,18.90002518167664,28.20002518167677,True,0.001745906096427505,5.993210453204407,0,,
140,142,0.23636363636363636,13.04048576102325,0.17,0.3,11.440485761023256,14.540485761023245,True,0.01902755498240627,6.010492102090385,0,,
141,143,0.16636363636363638,14.189034176426716,0.14272727272727273,0.2,12.289034176426723,15.289034176426712,True,0.04576411984588092,6.03722866695386,0,,
142,144,0.03,12.07113919250066,0.02090909090909091,0.046363636363636364,8.771139192500671,15.571139192500647,True,0.011569636435730678,6.0030341835437095,0,,
143,145,0.04181818181818182,6.992405446210961,0.03272727272727273,0.04818181818181819,5.19240544621096,8.592405446210963,True,0.11218763561227077,6.10365218272025,0,,
144,146,0.04454545454545455,10.255806987719696,0.03363636363636364,0.060909090909090906,7.8558069877197045,13.155806987719686,True,0.03298930643697812,6.024453853544957,0,,
145,147,0.06,14.42081448054787,0.046363636363636364,0.07636363636363636,11.920814480547879,16.82081448054786,True,0.007288233289352108,5.998752780397331,0,,
146,148,0.2,9.268718049278334,0.16454545454545455,0.2545454545454545,8.068718049278338,10.46871804927833,True,0.0009693838250912462,5.99243393093307,0,,
147,149,0.06545454545454546,10.921217492734181,0.04727272727272727,0.08818181818181818,8.021217492734191,14.02121749273417,True,0.01140088541878971,6.002865432526769,0,,
148,150,0.13727272727272727,13.029203754246998,0.11545454545454546,0.15545454545454546,11.229203754247004,14.529203754246993,False,0.059459771237941404,6.0509243183459205,0,,
149,151,0.030909090909090907,6.124881636748286,0.023636363636363636,0.04454545454545455,3.5248816367482836,9.024881636748288,True,0.015453362310760409,6.006917909418739,0,,
150,152,0.030909090909090907,12.434169258797612,0.017727272727272727,0.056363636363636366,7.734169258797628,17.234169258797593,True,0.021436771619553555,6.012901318727533,0,,
151,153,0.2272727272727273,9.497833916198706,0.1572727272727273,0.3181818181818182,6.997833916198715,11.3978339161987,True,0.0322837307441798,6.0237482778521585,0,,
152,154,0.028181818181818183,6.361951110152323,0.02,0.03909090909090909,3.4619511101523206,8.961951110152325,True,0.1324419338791525,6.123906480987132,0,,
153,155,0.031818181818181815,11.694590175265121,0.022727272727272728,0.04454545454545455,8.694590175265132,14.394590175265112,True,0.04148480787447885,6.032949354982458,0,,
154,156,0.2,12.186473564616511,0.16636363636363638,0.2545454545454545,11.186473564616515,13.386473564616507,True,0.08442954944143351,6.075894096549413,0,,
156,158,0.014090909090909091,15.437762249773563,0.01090909090909091,0.019090909090909092,13.33776224977357,17.837762249773554,True,0.033802566218749094,6.025267113326728,0,,
157,159,0.057272727272727274,11.959761784828132,0.031818181818181815,0.10181818181818182,7.059761784828149,17.059761784828112,True,0.001566080270127647,5.993030627378107,0,,
158,160,0.12272727272727273,27.638244472047003,0.08181818181818182,0.16090909090909092,23.738244472046947,30.738244472047047,True,0.014388337638543849,6.005852884746523,0,,
159,161,0.2818181818181818,13.0952149012172,0.2181818181818182,0.34545454545454546,11.795214901217205,14.395214901217196,True,0.030580555962043343,6.022045103070022,0,,
160,162,0.4545454545454546,16.462148304496353,0.36363636363636365,0.6909090909090909,14.96214830449636,19.162148304496345,True,0.04535030608033377,6.036814853188313,0,,
161,163,0.10454545454545455,6.2147801946001655,0.075,0.13181818181818183,3.2147801946001633,8.714780194600168,True,0.007958948824577344,5.9994234959325565,0,,
162,164,0.1390909090909091,17.839077525555343,0.10363636363636364,0.16818181818181818,14.639077525555354,20.239077525555334,True,0.018121157286713756,6.009585704394693,0,,
163,165,0.16090909090909092,25.689743576804155,0.12818181818181817,0.2272727272727273,23.089743576804118,27.58974357680418,True,0.01682117471460745,6.0082857218225865,0,,
164,166,0.17,15.692470005425612,0.14636363636363636,0.2090909090909091,13.69247000542562,16.792470005425606,True,0.01876394693657639,6.010228494044555,0,,
165,167,0.04454545454545455,12.679696596892056,0.03727272727272728,0.05454545454545455,11.079696596892061,14.579696596892049,False,0.08509738781844851,6.076561934926428,0,,
166,168,0.10363636363636364,21.521379443207273,0.06454545454545454,0.14272727272727273,17.02137944320721,25.021379443207323,True,0.01630490581120337,6.007769452919183,0,,
167,169,0.17545454545454547,9.171238180003256,0.13,0.2818181818181818,5.871238180003267,11.571238180003247,True,0.0013836882390438762,5.992848235347023,0,,
168,170,0.03272727272727273,21.882345351631656,0.023636363636363636,0.05090909090909091,18.782345351631612,25.68234535163171,True,0.0206287511893978,6.012093298297377,0,,
169,171,0.4727272727272727,24.048535281739706,0.4,0.5909090909090908,22.94853528173969,25.448535281739726,False,0.01677013855330438,6.008234685661283,0,,
170,172,0.12090909090909091,10.078502244122069,0.10363636363636364,0.13363636363636364,8.378502244122075,11.178502244122065,False,0.09829013460565923,6.0897546817136385,0,,
171,173,0.053636363636363635,21.12174721921716,0.03636363636363636,0.08363636363636363,17.521747219217108,25.42174721921722,True,0.019768245984875473,6.011232793092854,0,,
172,174,0.11545454545454546,11.799624675979636,0.08818181818181818,0.13727272727272727,9.199624675979646,13.59962467597963,False,0.03518672379158371,6.0266512708995625,0,,
173,175,0.3,8.462033965169834,0.24545454545454545,0.36363636363636365,7.162033965169833,9.662033965169837,True,0.0009427962362375256,5.992407343344216,0,,
174,176,0.4,3.5,0.2090909090909091,1.0272727272727273,0.0,8.8,True,0.004365668455991891,5.995830215563971,0,,
175,177,0.15363636363636363,13.98525395456358,0.13545454545454547,0.1781818181818182,12.585253954563585,15.585253954563575,False,0.08305006003486182,6.074514607142841,0,,
176,178,0.04727272727272727,9.896107582112018,0.03363636363636364,0.07018181818181819,6.996107582112028,13.596107582112005,True,0.03944951532261553,6.030914062430594,0,,
177,179,0.13545454545454547,22.453082973704177,0.10363636363636364,0.16454545454545455,19.453082973704134,24.75308297370421,True,0.0004903579213695796,5.991954905029349,0,,
178,180,0.2727272727272727,8.239021781817351,0.19181818181818183,0.35454545454545455,6.439021781817349,9.739021781817353,True,0.011289866982613587,6.002754414090592,0,,
180,182,0.19181818181818183,10.416843425552317,0.16272727272727272,0.23636363636363636,9.216843425552321,11.416843425552313,True,0.001253246987687754,5.992717794095666,0,,
181,183,0.1781818181818182,10.425368601711796,0.10545454545454545,0.36363636363636365,5.225368601711814,14.425368601711781,True,0.0012262599132619669,5.992690807021241,0,,
182,184,0.08454545454545455,4.800000000000001,0.046363636363636364,0.1481818181818182,0.0,9.700000000000001,True,0.002961363395334547,5.994425910503313,0,,
183,185,0.1590909090909091,5.77822059886938,0.13,0.19181818181818183,3.47822059886938,7.1782205988693795,False,0.116992691088862,6.108457238196841,0,,
184,186,0.02727272727272727,6.638917308409475,0.01818181818181818,0.04363636363636364,3.3389173084094725,10.538917308409479,True,0.017198459229797444,6.008663006337777,0,,
185,187,0.028181818181818183,12.995933805790465,0.02181818181818182,0.038181818181818185,10.795933805790472,15.295933805790456,True,0.00627618217444163,5.9977407292824205,0,,
186,188,0.2090909090909091,7.936392653757693,0.14454545454545453,0.3181818181818182,5.036392653757691,10.336392653757695,True,0.019455229701511687,6.010919776809491,0,,
187,189,0.12090909090909091,11.68745717620338,0.09545454545454546,0.1481818181818182,9.287457176203388,13.887457176203371,False,0.03443108597945535,6.025895633087434,0,,
188,190,0.02909090909090909,6.588536841923577,0.022727272727272728,0.04,4.388536841923575,8.98853684192358,True,0.05542672773138654,6.046891274839366,0,,
189,191,0.11181818181818182,13.485570252923605,0.08181818181818182,0.1390909090909091,10.585570252923615,15.885570252923596,False,0.02332721361845647,6.014791760726435,0,,
190,192,0.38181818181818183,6.051584897330348,0.3181818181818182,0.4727272727272727,4.851584897330347,7.351584897330349,True,0.03932592804058967,6.030790475148569,0,,
191,193,0.034545454545454546,12.267974889516907,0.02727272727272727,0.045454545454545456,10.367974889516914,14.567974889516899,True,0.028454591848618836,6.019919138956598,0,,
192,194,0.5545454545454546,1.9000000000000001,0.37272727272727274,1.2545454545454546,0.0,6.9,True,0.02275679396631547,6.014221341074294,0,,
193,195,0.04272727272727273,14.626842228890666,0.03,0.060909090909090906,11.826842228890676,17.926842228890656,True,0.1582759811026562,6.149740528210636,0,,
194,196,0.02909090909090909,4.2,0.022727272727272728,0.038181818181818185,1.9000000000000001,6.300000000000001,True,0.030375663425101312,6.02184021053308,0,,
195,197,0.019545454545454546,9.218603627177497,0.014090909090909091,0.026363636363636363,6.718603627177494,11.818603627177499,True,0.03886119410076897,6.030325741208748,0,,
196,198,0.04181818181818182,10.980955681671446,0.02727272727272727,0.06363636363636364,7.580955681671458,14.980955681671432,True,0.0036095869849305942,5.99507413409291,0,,
197,199,0.37272727272727274,7.642596675404967,0.33636363636363636,0.4272727272727273,6.942596675404966,8.442596675404967,True,0.0015061131508138986,5.992970660258793,0,,
198,200,0.1,15.325227249388735,0.057272727272727274,0.14272727272727273,10.225227249388753,19.225227249388723,True,0.011270050581225271,6.002734597689204,0,,
199,201,0.34545454545454546,11.919350188514162,0.3,0.4,11.019350188514165,12.919350188514159,True,0.09010232125461937,6.081566868362598,0,,
200,202,0.025454545454545455,15.12073225019614,0.019545454545454546,0.03363636363636364,13.020732250196147,17.42073225019613,True,0.04218706678354069,6.03365161389152,0,,
201,203,0.19181818181818183,9.035203944619811,0.1590909090909091,0.23636363636363636,7.63520394461981,10.035203944619813,False,0.09361044222945578,6.085074989337435,0,,
202,204,0.022727272727272728,12.180976506579073,0.017272727272727273,0.02909090909090909,9.980976506579081,14.480976506579065,True,0.08975636467824423,6.0812209117862235,0,,
203,205,0.056363636363636366,6.736148557764093,0.04,0.08,3.5361485577640894,10.136148557764095,True,0.003322525911703994,5.994787073019683,0,,
204,206,0.15,8.903607637133769,0.12090909090909091,0.1890909090909091,6.503607637133767,10.90360763713377,True,0.0020953734920420926,5.993559920600021,0,,
205,207,0.5272727272727272,4.5,0.2818181818181818,1.2636363636363637,0.6000000000000001,9.700000000000001,True,0.007433940058011211,5.99889848716599,0,,
206,208,0.10727272727272727,8.814450167800402,0.06363636363636364,0.15363636363636363,3.8144501678003966,12.814450167800404,True,0.0005670722926585465,5.992031619400637,0,,
207,209,0.028181818181818183,17.959480334920407,0.015454545454545453,0.05181818181818182,12.959480334920423,22.859480334920388,True,0.028564054145322256,6.020028601253301,0,,
208,210,0.2727272727272727,9.117447480886156,0.1572727272727273,0.4363636363636364,5.817447480886168,12.217447480886145,True,0.023136345565413653,6.014600892673393,0,,
209,211,0.19454545454545455,9.5943247009012,0.11545454545454546,0.35454545454545455,4.494324700901219,12.994324700901188,True,0.00414640170242868,5.995610948810408,0,,
210,212,0.02,10.346844256912648,0.015909090909090907,0.026363636363636363,8.446844256912655,12.64684425691264,True,0.045757410725993874,6.037221957833973,0,,
211,213,0.11363636363636363,34.26490037434534,0.06909090909090909,0.1572727272727273,29.364900374345268,37.86490037434539,True,0.001323585958003926,5.992788133065983,0,,
212,214,0.6636363636363636,7.12223480280629,0.3181818181818182,1.4,2.5222348028062855,12.522234802806295,True,0.002264705353866569,5.993729252461845,0,,
213,215,0.4,3.5,0.2727272727272727,0.7272727272727273,1.1,7.300000000000001,True,0.025021979067458684,6.016486526175438,0,,
214,216,0.09272727272727273,33.00497140496636,0.049090909090909095,0.1590909090909091,27.90497140496629,37.90497140496643,True,0.0024785644791077786,5.993943111587087,0,,
215,217,0.1390909090909091,12.497511632556096,0.1190909090909091,0.16090909090909092,10.797511632556102,14.09751163255609,False,0.09419414953333899,6.085658696641318,0,,
216,218,0.04818181818181819,4.784481911795418,0.04090909090909091,0.06272727272727273,3.184481911795418,7.184481911795419,True,0.1529552631452436,6.144419810253223,0,,
217,219,0.7545454545454545,29.883826320189165,0.5363636363636364,1.1272727272727274,27.683826320189134,32.5838263201892,False,0.0005839347506172849,5.992048481858596,0,,
218,220,0.04181818181818182,6.811264494645145,0.030909090909090907,0.05545454545454545,4.511264494645143,9.511264494645147,True,0.015492204451014905,6.006956751558994,0,,
219,221,0.34545454545454546,3.7,0.23636363636363636,0.5181818181818182,1.5,6.300000000000001,True,0.012545413704270987,6.00400996081225,0,,
220,222,0.11363636363636363,7.042551009291858,0.06454545454545454,0.18363636363636365,1.9425510092918534,11.942551009291861,True,0.007983952911470743,5.99944850001945,0,,
221,223,0.34545454545454546,12.277529757429663,0.17,0.790909090909091,8.477529757429677,17.377529757429645,True,0.0010221143524081215,5.992486661460387,0,,
222,224,0.5545454545454546,7.397504579561289,0.2727272727272727,1.3727272727272726,2.8975045795612857,12.497504579561294,True,0.0038930701052392776,5.995357617213219,0,,
223,225,0.11,14.756438004505997,0.08636363636363636,0.13363636363636364,12.556438004506004,16.95643800450599,False,0.02794971605263658,6.019414263160615,0,,
224,226,0.06818181818181819,13.31938799448874,0.04727272727272727,0.09909090909090909,9.819387994488752,16.81938799448873,True,0.0034497287642121237,5.994914275872191,0,,
225,227,0.06454545454545454,8.642953448056405,0.04454545454545455,0.09818181818181819,5.0429534480564175,12.542953448056391,True,0.014537225891098553,6.006001772999078,0,,
227,229,0.17545454545454547,11.253019651024006,0.12636363636363637,0.2818181818181818,7.653019651024019,13.853019651023997,True,0.0006048111450194663,5.992069358252999,0,,
228,230,0.09727272727272727,11.185700793906195,0.05272727272727273,0.1590909090909091,6.085700793906213,16.085700793906177,True,0.0009381616308075966,5.992402708738787,0,,
229,231,0.17,13.08975982898705,0.13363636363636364,0.2545454545454545,10.28975982898706,15.089759828987043,True,0.004173154971604031,5.995637702079583,0,,
230,232,0.049090909090909095,10.313700303905984,0.03727272727272728,0.06727272727272728,7.913700303905992,13.213700303905973,True,0.002619234651134497,5.994083781759113,0,,
231,233,0.017272727272727273,8.251627347642609,0.01,0.034545454545454546,3.6516273476426053,13.351627347642614,True,0.011913837928528277,6.003378385036507,0,,
232,234,0.08090909090909092,18.831750270069033,0.053636363636363635,0.1190909090909091,14.831750270069048,22.53175027006902,True,0.007289255213539701,5.998753802321518,0,,
233,235,0.35454545454545455,10.1511660553887,0.3090909090909091,0.39090909090909093,9.251166055388703,10.951166055388697,True,0.1175603948917506,6.10902494199973,0,,
234,236,0.07954545454545454,12.287004679698754,0.05909090909090909,0.10545454545454545,9.287004679698764,14.787004679698745,True,0.005615979704340889,5.9970805268123195,0,,
235,237,0.38181818181818183,5.481650894871604,0.3090909090909091,0.5,4.081650894871604,7.381650894871603,True,0.0033192820679300737,5.994783829175909,0,,
236,238,0.24545454545454545,24.43855103144095,0.1972727272727273,0.3,23.338551031440936,25.63855103144097,False,0.02323510114408535,6.014699648252065,0,,
237,239,0.16636363636363638,13.633972552875408,0.14272727272727273,0.2090909090909091,11.833972552875414,15.033972552875403,True,0.013605481963006831,6.0050700290709855,0,,
238,240,0.6272727272727272,6.877863954737255,0.3181818181818182,1.4,2.4778639547372516,11.97786395473726,True,0.00021489318265411415,5.991679440290633,0,,
239,241,0.053636363636363635,13.74232125156191,0.04363636363636364,0.06545454545454546,11.742321251561917,15.642321251561903,False,0.02624778621275063,6.01771233332073,0,,
240,242,0.030909090909090907,15.548467345172835,0.024545454545454544,0.04181818181818182,13.348467345172843,17.84846734517283,True,0.04612800869246605,6.037592555800445,0,,
241,243,0.05090909090909091,4.5,0.04090909090909091,0.06636363636363636,2.3000000000000003,6.9,True,0.035172381770536436,6.026636928878515,0,,
242,244,0.03909090909090909,18.198543661413357,0.02727272727272727,0.053636363636363635,15.298543661413367,21.298543661413348,True,0.012919141007978594,6.004383688115958,0,,
244,246,0.03909090909090909,5.181741370026923,0.031818181818181815,0.04818181818181819,3.6817413700269235,7.181741370026923,True,0.09778591124096715,6.089250458348946,0,,
245,247,0.4909090909090909,1.3,0.36363636363636365,1.1818181818181819,0.0,6.5,True,0.00023721927581039361,5.991701766383789,0,,
246,248,0.4,7.26961784449168,0.35454545454545455,0.4727272727272727,6.46961784449168,8.26961784449168,True,0.09856590534340037,6.090030452451379,0,,
247,249,0.34545454545454546,8.585394062092039,0.24545454545454545,0.4818181818181818,6.485394062092038,10.785394062092042,True,0.021135505185805127,6.012600052293784,0,,
248,250,0.2545454545454545,16.841708681689163,0.17545454545454547,0.32727272727272727,15.141708681689169,18.341708681689155,True,0.07370586640051925,6.065170413508499,0,,
249,251,0.2636363636363636,4.7,0.19181818181818183,0.32727272727272727,3.1,6.0,True,0.021311017088292628,6.0127755641962715,0,,
250,252,0.3181818181818182,4.4,0.2727272727272727,0.37272727272727274,3.4000000000000004,5.4,True,0.017948743516554917,6.009413290624534,0,,
251,253,0.5181818181818182,24.393763447230537,0.39090909090909093,0.8181818181818182,22.59376344723051,27.39376344723058,False,0.004391290964371638,5.995855838072351,0,,
253,255,0.08454545454545455,5.880900840415317,0.06363636363636364,0.11181818181818182,2.980900840415318,8.480900840415316,True,0.04937974391754352,6.040844291025523,0,,
254,256,0.3090909090909091,18.403987026229693,0.2181818181818182,0.4181818181818182,16.4039870262297,20.303987026229684,True,0.013851354658010236,6.005315901765989,0,,
255,257,0.030909090909090907,7.069593044941926,0.026363636363636363,0.038181818181818185,5.469593044941925,8.669593044941927,False,0.06195632944473627,6.053420876552715,0,,
256,258,0.12454545454545454,12.369864236638067,0.10363636363636364,0.1481818181818182,10.369864236638074,14.26986423663806,False,0.05098070260698503,6.042445249714964,0,,
257,259,0.2909090909090909,15.55387195205629,0.2272727272727273,0.35454545454545455,14.053871952056296,16.753871952056286,True,0.0667365470862664,6.058201094194246,0,,
258,260,0.14454545454545453,40.81226927353982,0.08272727272727273,0.2545454545454545,35.81226927353975,45.01226927353988,True,0.006391631602706465,5.997856178710686,0,,
259,261,0.19454545454545455,11.772873718361424,0.16818181818181818,0.2272727272727273,10.972873718361427,12.572873718361421,False,0.06331825104297478,6.054782798150954,0,,
261,263,0.34545454545454546,18.489303210916994,0.2909090909090909,0.38181818181818183,17.489303210916997,19.18930321091699,False,0.08705814356363391,6.078522690671613,0,,
262,264,0.3,6.957218692369477,0.24545454545454545,0.35454545454545455,5.757218692369476,7.957218692369478,True,0.07524075692186374,6.066705304029843,0,,
263,265,0.16272727272727272,9.620382414827239,0.14272727272727273,0.1972727272727273,8.020382414827244,10.920382414827234,False,0.0653653318044445,6.056829878912423,0,,
265,267,0.1572727272727273,22.070948360974313,0.14272727272727273,0.17545454545454547,20.870948360974296,23.17094836097433,False,0.12335141105888282,6.1148159581668615,0,,
266,268,0.5,15.610431953739315,0.4,0.7090909090909091,14.11043195373932,17.71043195373931,True,0.01067827596318107,6.00214282307116,0,,
267,269,0.03909090909090909,6.61556949950942,0.03,0.049090909090909095,4.615569499509418,8.915569499509422,True,0.01347869115303249,6.004943238261012,0,,
268,270,0.16818181818181818,21.370601372369944,0.1409090909090909,0.2090909090909091,19.270601372369914,22.47060137236996,True,0.08027136766976152,6.071735914777741,0,,
269,271,0.4090909090909091,4.0,0.3,0.6727272727272727,2.1,7.2,True,0.004833823482784154,5.996298370590763,0,,
270,272,0.02909090909090909,12.063980995924272,0.02090909090909091,0.04181818181818182,9.063980995924283,14.863980995924262,True,0.0740848516399496,6.065549398747929,0,,
271,273,0.3090909090909091,21.792311367690605,0.2545454545454545,0.36363636363636365,20.492311367690586,22.79231136769062,False,0.024484911087431612,6.0159494581954105,0,,
272,274,0.07863636363636364,6.242055419109896,0.056363636363636366,0.10818181818181818,2.9420554191098924,9.142055419109898,True,0.004845561261291322,5.99631010836927,0,,
274,276,0.16636363636363638,13.535561673650896,0.1481818181818182,0.1972727272727273,12.135561673650901,14.535561673650893,True,0.04233581558938961,6.033800362697368,0,,
275,277,0.02,12.549779762872856,0.017272727272727273,0.025454545454545455,11.34977976287286,14.449779762872849,True,0.11062415590329222,6.102088703011272,0,,
276,278,0.028181818181818183,3.4000000000000004,0.023636363636363636,0.035454545454545454,1.8,5.2,True,0.014842918472077478,6.006307465580057,0,,
277,279,0.4545454545454546,3.2,0.2545454545454545,1.1363636363636365,0.0,8.4,True,0.0011956735135838124,5.992660220621563,0,,
279,281,0.2727272727272727,14.724092209709143,0.2,0.33636363636363636,13.124092209709149,16.12409220970914,True,0.027263654670945454,6.0187282017789245,0,,
280,282,0.013181818181818182,15.239825900843329,0.01,0.01818181818181818,12.839825900843337,17.939825900843317,True,0.016928053041019374,6.008392600148999,0,,
281,283,0.08636363636363636,11.517032565317464,0.06181818181818182,0.12090909090909091,8.117032565317476,14.717032565317453,True,0.018891823593183185,6.010356370701162,0,,
282,284,0.16636363636363638,13.734797258200711,0.15363636363636363,0.19454545454545455,12.734797258200715,14.634797258200708,False,0.03106510884838321,6.022529655956363,0,,
283,285,0.24545454545454545,7.252300694643036,0.1890909090909091,0.3,6.052300694643035,8.452300694643037,True,0.13896800543956692,6.130432552547546,0,,
284,286,0.4272727272727273,4.2,0.2090909090909091,1.009090909090909,0.0,9.200000000000001,True,0.00782838943782283,5.999292936545802,0,,
285,287,0.1972727272727273,20.486553871248027,0.15181818181818182,0.2727272727272727,18.28655387124803,22.38655387124802,True,0.0033391923269589802,5.994803739434938,0,,
286,288,0.4090909090909091,10.436863448928186,0.34545454545454546,0.5181818181818182,9.23686344892819,11.93686344892818,True,0.007019541796955344,5.9984840889049345,0,,
287,289,0.04454545454545455,5.706809361120008,0.03,0.06636363636363636,2.5068093611200095,9.406809361120008,True,0.002061394090485068,5.993525941198464,0,,
288,290,0.013181818181818182,6.719606878640823,0.01,0.019090909090909092,4.319606878640821,9.619606878640825,True,0.007004418337516098,5.998468965445495,0,,
289,291,0.4545454545454546,7.563036718183332,0.36363636363636365,0.6545454545454545,6.063036718183331,9.863036718183334,True,0.017277958967849165,6.008742506075828,0,,
290,292,0.03,3.6,0.024545454545454544,0.03909090909090909,1.7000000000000002,5.5,True,0.010041197681250915,6.00150574478923,0,,
291,293,0.01681818181818182,6.994613065556537,0.013181818181818182,0.022727272727272728,5.094613065556535,9.494613065556539,True,0.007068273201857646,5.998532820309837,0,,
292,294,0.7272727272727273,4.1000000000000005,0.37272727272727274,1.4,0.0,8.9,True,0.0021570818872408285,5.9936216289952196,0,,
293,295,0.3181818181818182,3.7,0.2636363636363636,0.37272727272727274,2.6,4.7,True,0.0687544078246914,6.060218954932671,0,,
294,296,0.9454545454545454,9.68549021090071,0.4181818181818182,1.4,5.185490210900726,13.285490210900697,True,2.4327940032619744e-05,5.991488875048011,0,,
296,298,0.13727272727272727,19.518667945305324,0.11181818181818182,0.16090909090909092,17.21866794530533,21.318667945305315,False,0.0046051018001822845,5.996069648908161,0,,
297,299,0.34545454545454546,3.5,0.2090909090909091,0.6181818181818182,0.7000000000000001,7.300000000000001,True,0.0037221347381102415,5.995186681846089,0,,
298,300,0.4363636363636364,8.712853281970906,0.37272727272727274,0.5727272727272728,7.61285328197091,10.5128532819709,True,0.03497010711288772,6.026434654220867,0,,
299,301,0.3181818181818182,7.3018092150136535,0.23636363636363636,0.44545454545454544,5.401809215013651,9.501809215013655,True,0.0382557691057522,6.029720316213731,0,,
300,302,0.12090909090909091,11.147124432578796,0.08545454545454545,0.15363636363636363,7.847124432578807,13.847124432578786,True,0.023275827236553453,6.014740374344533,0,,
302,304,0.9363636363636364,10.854088030905526,0.5,1.4,6.85408803090554,13.854088030905515,True,0.0030022718703009215,5.99446681897828,0,,
303,305,0.011363636363636364,6.731911322831735,0.01,0.013636363636363636,5.631911322831734,8.331911322831736,True,0.07931411017040112,6.07077865727838,0,,
304,306,0.10090909090909092,13.753838720194764,0.08181818181818182,0.11727272727272728,11.95383872019477,15.453838720194758,False,0.033281156802210145,6.024745703910189,0,,
305,307,0.36363636363636365,5.094550425741418,0.3181818181818182,0.4545454545454546,4.294550425741418,6.4945504257414175,True,0.11409677887313145,6.10556132598111,0,,
306,308,0.16818181818181818,5.1000000000000005,0.13363636363636364,0.24545454545454545,2.4000000000000004,7.0,True,0.004539261772801732,5.996003808880781,0,,
307,309,0.2272727272727273,4.800000000000001,0.16090909090909092,0.3181818181818182,2.7,6.9,True,0.04578912981718734,6.037253676925166,0,,
308,310,0.3181818181818182,13.844958976808515,0.2636363636363636,0.38181818181818183,12.64495897680852,15.04495897680851,True,0.07558259297451322,6.067047140082492,0,,
309,311,0.15181818181818182,7.6281081397551915,0.13181818181818183,0.17272727272727273,6.12810813975519,9.128108139755193,False,0.0030864711960880377,5.994551018304067,0,,
310,312,0.5909090909090908,7.6239342847952845,0.4,1.1090909090909091,5.223934284795282,11.723934284795288,True,0.0169657789196895,6.008430326027669,0,,
311,313,1.1636363636363636,5.543605169953984,0.5,1.4,0.7436051699539847,7.643605169953983,True,5.3734214957737825e-05,5.991518281322937,0,,
312,314,0.18636363636363637,9.403932262918214,0.14636363636363636,0.2636363636363636,7.003932262918223,11.203932262918208,True,0.007808657119608816,5.999273204227588,0,,
313,315,0.09636363636363636,10.294150615957612,0.072,0.12090909090909091,7.594150615957622,12.594150615957604,False,0.016577343894342966,6.008041891002322,0,,
314,316,0.2636363636363636,13.199038818434488,0.2090909090909091,0.33636363636363636,11.999038818434492,14.699038818434483,True,0.05586883773296594,6.047333384840945,0,,
315,317,0.3181818181818182,2.1,0.19454545454545455,0.609090909090909,0.0,6.300000000000001,True,0.007599709619285589,5.999064256727265,0,,
316,318,0.14272727272727273,7.896271736867695,0.12272727272727273,0.1572727272727273,6.196271736867694,9.096271736867696,False,0.05445054102938898,6.045915088137368,0,,
317,319,0.23636363636363636,7.990769673714509,0.17545454545454547,0.3181818181818182,6.490769673714508,9.690769673714511,True,0.06020931971486461,6.051673866822844,0,,
318,320,0.02909090909090909,17.705820446952814,0.019090909090909092,0.04454545454545455,14.205820446952824,21.3058204469528,True,0.029977583438809213,6.021442130546788,0,,
319,321,0.1972727272727273,8.430989723945531,0.15363636363636363,0.2636363636363636,6.43098972394553,10.030989723945533,True,0.004538733044636465,5.996003280152616,0,,
320,322,0.23636363636363636,8.08977708652171,0.18636363636363637,0.2818181818181818,6.989777086521709,9.08977708652171,True,0.019190343108440627,6.010654890216419,0,,
321,323,0.057272727272727274,21.327632814337697,0.038181818181818185,0.08454545454545455,17.627632814337645,25.227632814337753,True,0.006431016674056919,5.997895563782036,0,,
322,324,0.2727272727272727,10.440230674190907,0.23636363636363636,0.3090909090909091,9.54023067419091,11.240230674190904,False,0.028349363500779087,6.019813910608758,0,,
323,325,0.1190909090909091,10.337424975135947,0.1,0.1409090909090909,8.437424975135954,12.23742497513594,False,0.028842041760183547,6.020306588868163,0,,
324,326,0.2090909090909091,4.1000000000000005,0.17272727272727273,0.2545454545454545,3.2,5.1000000000000005,False,0.14644807550712302,6.137912622615102,0,,
326,328,0.2181818181818182,14.353319660192136,0.1781818181818182,0.2636363636363636,13.35331966019214,15.453319660192133,True,0.05177275432315866,6.043237301431137,0,,
327,329,0.18363636363636365,14.265699960465394,0.15181818181818182,0.23636363636363636,12.4656999604654,15.46569996046539,True,0.024989563907775847,6.016454111015755,0,,
328,330,0.3090909090909091,2.7,0.19454545454545455,0.44545454545454544,0.2,5.0,True,0.01050257443726094,6.00196712154524,0,,
329,331,0.019090909090909092,8.185438302487483,0.015454545454545453,0.023636363636363636,6.485438302487482,9.985438302487486,True,0.019562843781397388,6.011027390889376,0,,
330,332,0.03,5.419506947013777,0.024545454545454544,0.038181818181818185,3.5195069470137774,7.219506947013777,True,0.2234599616695244,6.214924508777504,0,,
331,333,0.11727272727272728,10.224543975990537,0.07681818181818181,0.15545454545454546,6.324543975990551,13.424543975990526,True,0.00785342429106904,5.999317971399048,0,,
332,334,1.2454545454545454,10.70544459271792,0.6181818181818182,1.4,6.705444592717933,12.205444592717914,False,0.0005243974517466106,5.991988944559726,0,,
333,335,0.12454545454545454,10.334120036854529,0.10454545454545455,0.1481818181818182,8.434120036854535,12.234120036854522,False,0.06513811139853001,6.056602658506509,0,,
334,336,0.14272727272727273,12.543248162110126,0.1190909090909091,0.16454545454545455,10.643248162110133,14.44324816211012,False,0.004773423721714707,5.996237970829694,0,,
335,337,0.2272727272727273,14.770522286877114,0.17272727272727273,0.2909090909090909,13.470522286877118,16.17052228687711,True,0.05568645871974557,6.0471510058277245,0,,
336,338,0.23636363636363636,5.070904622191606,0.18363636363636365,0.2909090909090909,3.870904622191607,6.370904622191606,True,0.047314964554417034,6.038779511662396,0,,
337,339,0.4272727272727273,3.9000000000000004,0.23636363636363636,0.990909090909091,0.2,8.9,True,0.008834004387385803,6.000298551495365,0,,
338,340,0.056363636363636366,20.580255451669164,0.04181818181818182,0.07636363636363636,17.680255451669176,23.580255451669153,True,0.007863436090893055,5.999327983198872,0,,
339,341,0.2636363636363636,4.7,0.2181818181818182,0.3090909090909091,3.7,5.800000000000001,True,0.05027344767134658,6.041737994779326,0,,
340,342,0.13727272727272727,10.941543336442379,0.1190909090909091,0.15363636363636363,9.341543336442385,12.241543336442374,False,0.021986976944451904,6.013451524052431,0,,
341,343,0.9727272727272728,8.492622000812398,0.5363636363636364,1.4,4.6926220008124115,11.292622000812388,True,0.002746895191192798,5.9942114422991715,0,,
342,344,0.990909090909091,0.9,0.7636363636363637,1.4,0.0,3.9000000000000004,True,0.00019903006923513206,5.991663577177214,0,,
343,345,0.015,19.197375992780223,0.010454545454545454,0.022727272727272728,16.197375992780234,22.497375992780213,True,0.039834499624336474,6.0312990467323155,0,,
344,346,0.2181818181818182,10.304437213411385,0.17545454545454547,0.2636363636363636,9.304437213411388,11.304437213411381,True,0.01139971671411907,6.002864263822098,0,,
345,347,0.4,4.6000000000000005,0.2818181818181818,0.7545454545454545,2.3000000000000003,8.6,True,0.0006257023110307757,5.99209024941901,0,,
346,348,0.13,7.835028748161366,0.11363636363636363,0.1481818181818182,6.235028748161364,9.135028748161368,False,0.034565207645973164,6.026029754753952,0,,
347,349,0.17,8.084863807338564,0.14636363636363636,0.2181818181818182,6.0848638073385635,9.184863807338566,False,0.019163696252416304,6.0106282433603955,0,,
348,350,0.030909090909090907,9.402843352659561,0.025454545454545455,0.03909090909090909,7.502843352659568,11.102843352659555,True,0.07148939259628675,6.062953939704266,0,,
349,351,0.2090909090909091,7.89606560689098,0.17545454545454547,0.24545454545454545,6.996065606890979,8.596065606890981,False,0.033617947454333406,6.025082494562312,0,,
350,352,0.4727272727272727,2.2,0.3,1.1363636363636365,0.0,7.1000000000000005,True,0.002514130801595447,5.993978677909574,0,,
351,353,0.09090909090909091,19.058648653859585,0.07445454545454545,0.10636363636363637,17.058648653859592,20.35864865385958,False,0.07429900551552221,6.065763552623501,0,,
352,354,0.02727272727272727,15.998237375462187,0.02090909090909091,0.038181818181818185,13.698237375462195,18.698237375462178,True,0.07610021247965945,6.067564759587638,0,,
354,356,0.1572727272727273,11.729080840038645,0.13363636363636364,0.19181818181818183,9.829080840038651,13.329080840038639,True,0.05654594590966226,6.0480104930176415,0,,
355,357,0.04363636363636364,11.378829989508695,0.035454545454545454,0.053636363636363635,9.578829989508701,13.278829989508688,True,0.13329744497706095,6.12476199208504,0,,
357,359,0.15545454545454546,9.099894908214328,0.1409090909090909,0.16636363636363638,7.999894908214326,9.999894908214328,False,0.18376494497424078,6.17522949208222,0,,
358,360,0.6636363636363636,5.792829632819152,0.2909090909090909,1.4,0.8928296328191534,10.89282963281915,True,0.0012572479444498655,5.992721795052429,0,,
359,361,0.2272727272727273,9.573477100340002,0.17,0.3,8.173477100340007,11.273477100339996,True,0.02128176903245635,6.0127463161404355,0,,
360,362,0.13363636363636364,8.711823673527775,0.11181818181818182,0.1572727272727273,6.811823673527773,10.611823673527777,False,0.02215969420972298,6.013624241317702,0,,
361,363,0.015454545454545453,2.6,0.012727272727272728,0.02,0.8,4.7,True,0.023741253538465706,6.015205800646445,0,,
362,364,0.2090909090909091,18.581116991390918,0.17272727272727273,0.2636363636363636,17.681116991390923,19.781116991390913,True,0.11852573676238891,6.109990283870368,0,,
363,365,0.32727272727272727,3.5,0.2181818181818182,0.4636363636363636,1.1,5.800000000000001,True,0.010088349223735919,6.001552896331715,0,,
364,366,0.37272727272727274,3.3000000000000003,0.2545454545454545,0.6545454545454545,1.0,6.9,True,0.007205660958391909,5.998670208066371,0,,
365,367,0.44545454545454544,2.6,0.3181818181818182,0.7727272727272727,0.4,6.0,True,0.0029079779074657674,5.994372525015445,0,,
366,368,0.34545454545454546,2.3000000000000003,0.2181818181818182,0.7,0.0,6.9,True,0.008729269392176841,6.000193816500156,0,,
368,370,0.015454545454545453,13.378989553171388,0.012727272727272728,0.019545454545454546,11.578989553171395,15.278989553171382,True,0.005462140677335523,5.996926687785314,0,,
369,371,0.10181818181818182,12.122486057697238,0.06818181818181819,0.1390909090909091,8.42248605769725,15.522486057697225,True,0.0066368302130091605,5.998101377320988,0,,
370,372,0.04090909090909091,9.721028891761565,0.03,0.05181818181818182,7.421028891761573,12.021028891761556,True,0.04035933567453159,6.03182388278251,0,,
371,373,0.04181818181818182,6.794600097478656,0.02909090909090909,0.05909090909090909,3.894600097478653,9.99460009747866,True,0.026571187084364116,6.018035734192343,0,,
372,374,0.02727272727272727,24.293655653898913,0.015454545454545453,0.04818181818181819,19.79365565389885,28.89365565389898,True,0.002852924983627838,5.994317472091607,0,,
373,375,0.038181818181818185,10.182659675278797,0.028181818181818183,0.05454545454545455,7.682659675278806,13.382659675278786,True,0.05619942735767143,6.04766397446565,0,,
374,376,0.17545454545454547,10.295123250599936,0.15,0.2181818181818182,8.595123250599942,11.395123250599932,True,0.041780982061563096,6.033245529169542,0,,
375,377,0.038181818181818185,11.21578666460495,0.028181818181818183,0.05090909090909091,8.815786664604959,14.01578666460494,True,0.007115583316729942,5.998580130424709,0,,
376,378,0.12272727272727273,12.386746394238788,0.10454545454545455,0.1409090909090909,10.686746394238794,13.886746394238783,False,0.007050608790731842,5.998515155898711,0,,
377,379,0.02909090909090909,10.22014806944992,0.023636363636363636,0.03909090909090909,8.420148069449926,12.420148069449912,True,0.026544036568706984,6.018008583676686,0,,
378,380,0.053636363636363635,8.731106790178728,0.03909090909090909,0.07181818181818181,5.831106790178725,11.53110679017873,True,0.06091164375019385,6.052376190858173,0,,
379,381,0.16272727272727272,12.042738607781702,0.14636363636363636,0.19454545454545455,10.742738607781707,13.342738607781698,False,0.09650446640523314,6.087969013513212,0,,
380,382,0.23636363636363636,3.2,0.2,0.2636363636363636,2.4000000000000004,3.8000000000000003,False,0.0768335071149827,6.068298054222962,0,,
382,384,0.04272727272727273,4.973184781006,0.03,0.06181818181818182,2.173184781006,8.373184781006,True,0.05609647436710277,6.047561021475082,0,,
383,385,0.06454545454545454,13.268975194385133,0.04181818181818182,0.10181818181818182,9.168975194385148,17.568975194385118,True,0.004928634625149437,5.996393181733128,0,,
384,386,0.024545454545454544,14.535776004388163,0.019090909090909092,0.030909090909090907,12.43577600438817,16.735776004388157,True,0.0012137228289433723,5.992678269936922,0,,
385,387,0.03,8.793517368476108,0.025454545454545455,0.03727272727272728,7.1935173684761065,10.39351736847611,True,0.03015096178152047,6.021615508889499,0,,
386,388,0.11181818181818182,10.290690512356246,0.09090909090909091,0.12818181818181817,8.390690512356253,11.89069051235624,False,0.07597439812602591,6.067438945234005,0,,
387,389,0.05545454545454545,11.108823996692923,0.04363636363636364,0.07363636363636364,8.708823996692932,13.808823996692913,True,0.012848349352285229,6.004312896460264,0,,
388,390,0.016363636363636365,14.928794794928885,0.011363636363636364,0.025454545454545455,11.828794794928896,18.428794794928873,True,0.003950166623120433,5.995414713731099,0,,
389,391,0.01681818181818182,12.713281702547608,0.012727272727272728,0.022727272727272728,10.213281702547617,15.1132817025476,True,0.023889296584734376,6.015353843692713,0,,
390,392,0.38181818181818183,3.2,0.2636363636363636,0.6181818181818182,0.9,6.2,True,0.006685322067295843,5.998149869175275,0,,
391,393,0.1890909090909091,4.7,0.15181818181818182,0.2636363636363636,2.7,6.4,True,0.02246757507096271,6.013932122178942,0,,
392,394,0.18636363636363637,8.606160657582848,0.16090909090909092,0.2181818181818182,7.506160657582846,9.506160657582848,False,0.08163407806615143,6.07309862517413,0,,
393,395,0.1090909090909091,10.151771328262345,0.07818181818181819,0.13727272727272727,7.051771328262356,12.751771328262336,True,0.0010291225624123556,5.992493669670392,0,,
394,396,0.7272727272727273,6.392325547998639,0.39090909090909093,1.4,2.3923255479986354,10.892325547998642,True,0.0022499848874619898,5.993714531995441,0,,
395,397,0.44545454545454544,8.988334252500486,0.36363636363636365,0.6181818181818182,7.588334252500491,11.088334252500479,True,0.03824461461511462,6.029709161723094,0,,
396,398,0.1972727272727273,4.5,0.16818181818181818,0.24545454545454545,3.7,5.6000000000000005,False,0.09626007839185147,6.08772462549983,0,,
397,399,0.05545454545454545,12.500743198647864,0.045454545454545456,0.06818181818181819,10.70074319864787,14.600743198647857,False,0.05213820607075514,6.043602753178734,0,,
398,400,0.02,12.523919142418011,0.015454545454545453,0.028181818181818183,10.523919142418018,15.523919142418,True,0.06422609791204997,6.055690645020029,0,,
399,401,0.17272727272727273,18.576987788423022,0.15181818181818182,0.2181818181818182,16.976987788423028,19.67698778842302,True,0.011824722466696795,6.003289269574676,0,,
400,402,0.17272727272727273,15.1995582363666,0.14272727272727273,0.2272727272727273,12.899558236366609,16.599558236366597,True,0.019221682456559353,6.010686229564539,0,,
401,403,0.01863636363636364,11.85199841389861,0.015,0.022727272727272728,10.151998413898616,13.451998413898604,True,0.044967290875774626,6.036431837983754,0,,
402,404,0.022727272727272728,10.417243094731836,0.019090909090909092,0.028181818181818183,9.01724309473184,12.317243094731829,True,0.07574272847169589,6.067207275579675,0,,
403,405,0.06,6.877978170617137,0.04454545454545455,0.08181818181818182,3.977978170617135,9.97797817061714,True,0.014521276237188721,6.005985823345168,0,,
404,406,0.03909090909090909,14.04863515090873,0.02727272727272727,0.05909090909090909,11.04863515090874,17.948635150908714,True,0.020831837413778215,6.012296384521758,0,,
405,407,0.05,5.57069002874534,0.04272727272727273,0.05909090909090909,4.07069002874534,7.070690028745339,False,0.0627900148409594,6.054254561948938,0,,
406,408,0.6181818181818182,5.367184806853191,0.3090909090909091,1.4,0.7671848068531923,10.567184806853192,True,0.0013573279790865776,5.992821875087065,0,,
407,409,0.011818181818181818,18.087722478612122,0.01,0.017727272727272727,16.18772247861213,21.387722478612112,True,0.0010753101521253352,5.9925398572601045,0,,
408,410,0.030909090909090907,4.4,0.026363636363636363,0.038181818181818185,2.9000000000000004,5.9,True,0.03358984891356572,6.025054396021544,0,,
409,411,0.3090909090909091,6.998729271586815,0.24545454545454545,0.37272727272727274,5.598729271586814,8.298729271586817,True,0.00766618068102128,5.999130727789001,0,,
410,412,0.05,11.62707017803207,0.038181818181818185,0.06909090909090909,9.02707017803208,14.52707017803206,True,0.021910439671958597,6.0133749867799375,0,,
411,413,0.03,6.289980353498221,0.02181818181818182,0.046363636363636364,3.3899803534982182,9.689980353498225,True,0.020794861721865735,6.012259408829845,0,,
412,414,0.2,10.783928489786065,0.16636363636363638,0.2545454545454545,9.68392848978607,11.983928489786061,True,0.07383490852082694,6.065299455628806,0,,
413,415,0.038181818181818185,13.401091769356698,0.02727272727272727,0.05181818181818182,10.801091769356708,16.301091769356688,True,0.016459670414708437,6.007924217522688,0,,
414,416,0.2818181818181818,1.5,0.2272727272727273,0.34545454545454546,0.2,2.8000000000000003,True,0.008915610733712115,6.0003801578416915,0,,
415,417,0.15,7.900397455266844,0.11727272727272728,0.19454545454545455,5.200397455266841,10.200397455266845,True,0.010437807227204906,6.001902354335184,0,,
417,419,0.013636363636363636,6.646085355654184,0.011818181818181818,0.016363636363636365,5.446085355654183,8.146085355654185,True,0.05189516300079064,6.04335971010877,0,,
418,420,0.19454545454545455,4.9,0.15363636363636363,0.2636363636363636,2.9000000000000004,6.5,True,0.015481543165433995,6.006946090273413,0,,
419,421,0.03,9.079695445406559,0.025454545454545455,0.038181818181818185,7.4796954454065645,10.779695445406553,True,0.06261970851041905,6.054084255618398,0,,
420,422,0.05818181818181818,14.251389254956315,0.04727272727272727,0.07254545454545454,12.351389254956322,16.451389254956307,False,0.031949767937843626,6.023414315045823,0,,
421,423,0.13363636363636364,6.539437771949495,0.11363636363636363,0.15363636363636363,4.639437771949494,8.039437771949496,False,0.025951526158610138,6.017416073266589,0,,
422,424,0.3090909090909091,6.368857959172753,0.2727272727272727,0.37272727272727274,5.468857959172752,7.4688579591727535,True,0.2824751624184716,6.27393970952645,0,,
423,425,0.1972727272727273,11.866248149455016,0.1590909090909091,0.2636363636363636,10.166248149455022,13.36624814945501,True,0.03870438525449651,6.030168932362476,0,,
425,427,0.12454545454545454,13.683052348288108,0.10181818181818182,0.1481818181818182,11.483052348288115,15.583052348288101,False,0.009027710038847695,6.000492257146827,0,,
426,428,0.23636363636363636,7.185328540593868,0.1590909090909091,0.32727272727272727,4.685328540593865,9.185328540593868,True,0.028264309567747625,6.0197288566757265,0,,
427,429,0.03,11.544749618773587,0.022727272727272728,0.04181818181818182,8.944749618773596,14.044749618773578,True,0.006229095274835527,5.997693642382814,0,,
428,430,0.16272727272727272,12.540863570087666,0.12818181818181817,0.2272727272727273,9.740863570087676,14.540863570087659,True,0.017726793766119363,6.009191340874098,0,,
429,431,0.028181818181818183,6.688578016433464,0.023636363636363636,0.03272727272727273,5.088578016433464,7.988578016433464,False,0.1836262586715141,6.175090805779493,0,,
431,433,0.016363636363636365,5.744938342184126,0.013636363636363636,0.02090909090909091,4.0449383421841265,7.744938342184126,True,0.007371066168151966,5.998835613276131,0,,
432,434,0.39090909090909093,5.384443118152472,0.34545454545454546,0.4636363636363636,4.4844431181524715,6.4844431181524715,True,0.039622214077612,6.031086761185591,0,,
433,435,0.024545454545454544,9.942460516669225,0.019090909090909092,0.030909090909090907,7.842460516669233,11.942460516669218,True,0.01628959366495429,6.007754140772933,0,,
434,436,0.017272727272727273,13.407248587851516,0.013636363636363636,0.022727272727272728,11.407248587851523,15.607248587851508,True,0.013203335114712984,6.004667882222692,0,,
435,437,0.1481818181818182,7.190179911044745,0.11181818181818182,0.1972727272727273,4.090179911044742,9.690179911044748,True,0.007379959457548959,5.998844506565528,0,,
436,438,0.09090909090909091,13.704979650464571,0.06818181818181819,0.1190909090909091,10.90497965046458,16.30497965046456,False,0.006108571355611918,5.997573118463591,0,,
437,439,0.1809090909090909,16.701872869876322,0.15181818181818182,0.23636363636363636,14.801872869876329,18.001872869876316,True,0.003091117816409071,5.9945556649243885,0,,
438,440,0.04363636363636364,9.880169771962422,0.034545454545454546,0.05545454545454545,7.980169771962428,12.180169771962413,True,0.014083468401598794,6.005548015509578,0,,
439,441,0.012727272727272728,14.531203685848217,0.01,0.022727272727272728,12.031203685848226,19.1312036858482,True,0.0001604058036907189,5.991624952911669,0,,
440,442,0.024545454545454544,10.740576709238837,0.017727272727272727,0.03363636363636364,8.140576709238847,13.440576709238828,True,0.03441049731480234,6.025875044422781,0,,
441,443,0.37272727272727274,2.3000000000000003,0.23636363636363636,0.8727272727272728,0.0,7.5,True,0.0008988290012157082,5.992363376109195,0,,
442,444,0.06545454545454546,6.427151807662564,0.04363636363636364,0.1,2.7271518076625605,10.427151807662568,True,0.010717769999527428,6.002182317107507,0,,
444,446,0.1890909090909091,8.650910770470439,0.1572727272727273,0.23636363636363636,7.150910770470437,9.75091077047044,False,0.018581204989004826,6.010045752096984,0,,
445,447,0.017727272727272727,5.4,0.014090909090909091,0.02181818181818182,3.5,7.1000000000000005,True,0.09866105181537194,6.090125598923351,0,,
446,448,0.015,12.115206601008987,0.01,0.025454545454545455,8.615206601009,16.215206601008973,True,0.011515968645275014,6.002980515753254,0,,
447,449,0.3090909090909091,4.7,0.2272727272727273,0.4090909090909091,2.9000000000000004,6.4,True,0.0021907476539670574,5.993655294761946,0,,
448,450,0.07772727272727273,6.9964432575031985,0.057272727272727274,0.10636363636363637,4.096443257503196,9.8964432575032,True,0.010517071934188004,6.001981619042167,0,,
449,451,0.24545454545454545,6.940200249219184,0.18636363636363637,0.3090909090909091,5.540200249219183,8.340200249219185,True,0.05217612485040883,6.0436406719583875,0,,
450,452,0.16636363636363638,6.047102608779289,0.12272727272727273,0.2636363636363636,2.4471026087792853,8.447102608779291,True,0.026487189270018092,6.017951736377997,0,,
451,453,0.026363636363636363,10.884627588429787,0.02,0.035454545454545454,8.684627588429795,13.184627588429779,True,0.059715777230089064,6.051180324338068,0,,
452,454,0.02,9.082103626766028,0.015454545454545453,0.02727272727272727,7.082103626766035,11.582103626766019,True,0.03615173875777416,6.027616285865753,0,,
453,455,0.2818181818181818,8.9574441008664,0.2181818181818182,0.35454545454545455,7.557444100866405,10.457444100866395,True,0.09523289805066854,6.086697445158648,0,,
454,456,0.057272727272727274,9.048157784654109,0.04181818181818182,0.07681818181818181,6.148157784654119,11.948157784654098,True,0.02315736895508109,6.01462191606306,0,,
455,457,0.04363636363636364,15.989817533286942,0.03636363636363636,0.056363636363636366,14.489817533286947,18.389817533286934,True,0.1991119570303367,6.190576504138316,0,,
456,458,0.7454545454545455,2.4000000000000004,0.44545454545454544,1.4,0.0,7.4,True,0.0012329129635780516,5.9926974600715575,0,,
457,459,0.3,7.636831383813187,0.24545454545454545,0.36363636363636365,6.436831383813186,8.836831383813188,True,0.02117969051799573,6.012644237625975,0,,
458,460,0.02,14.443759497713508,0.013181818181818182,0.03363636363636364,10.84375949771352,18.643759497713493,True,0.02749581343055739,6.018960360538537,0,,
460,462,0.12090909090909091,12.345101836612093,0.08363636363636363,0.1590909090909091,8.845101836612105,15.545101836612082,True,0.02505129562147844,6.016515842729458,0,,
461,463,0.04181818181818182,12.205349814759202,0.026363636363636363,0.06727272727272728,8.405349814759216,16.605349814759187,True,0.005110504537523694,5.996575051645503,0,,
462,464,0.36363636363636365,1.4000000000000001,0.2636363636363636,0.790909090909091,0.0,6.300000000000001,True,0.003237200650194425,5.994701747758174,0,,
463,465,0.019545454545454546,12.789390331017062,0.013181818181818182,0.031818181818181815,9.489390331017074,16.889390331017047,True,0.01264039531459928,6.004104942422578,0,,
464,466,0.4363636363636364,9.272511979964762,0.34545454545454546,0.609090909090909,7.772511979964767,11.372511979964754,True,0.006660723020107938,5.998125270128087,0,,
465,467,0.034545454545454546,11.536320213953891,0.023636363636363636,0.053636363636363635,8.436320213953902,15.536320213953877,True,0.006727624957849896,5.998192172065829,0,,
466,468,0.07772727272727273,8.96272378223721,0.04818181818181819,0.12090909090909091,4.4627237822372265,13.162723782237196,True,0.001592962808073192,5.993057509916052,0,,
467,469,0.038181818181818185,9.116003608345656,0.02727272727272727,0.05454545454545455,6.416003608345665,12.416003608345644,True,0.004756283934658696,5.9962208310426375,0,,
468,470,0.7272727272727273,2.1,0.4545454545454546,1.4,0.0,6.9,True,0.0013174137880633996,5.992781960896043,0,,
469,471,0.39090909090909093,5.428412705459396,0.3181818181818182,0.4909090909090909,4.028412705459396,6.928412705459396,True,0.03819943717207468,6.029663984280054,0,,
470,472,0.11181818181818182,6.063930983450362,0.07127272727272727,0.15,1.8639309834503626,9.363930983450361,True,0.01043426450195801,6.001898811609937,0,,
471,473,0.06363636363636364,10.290587806549222,0.04272727272727273,0.09636363636363636,6.490587806549236,14.190587806549209,True,0.02500532630033434,6.0164698734083135,0,,
472,474,0.04,10.6944678562544,0.03,0.053636363636363635,8.494467856254408,13.39446785625439,True,0.058221599240981296,6.04968614634896,0,,
473,475,0.04363636363636364,16.370854776742227,0.026363636363636363,0.07545454545454545,12.170854776742242,21.57085477674221,True,0.011309817307199039,6.002774364415178,0,,
474,476,0.13,7.597949226555285,0.09545454545454546,0.16090909090909092,4.397949226555282,10.097949226555286,True,0.0009485846812844818,5.992413131789264,0,,
475,477,0.07590909090909091,8.587776499120688,0.06,0.09909090909090909,6.187776499120686,10.88777649912069,False,0.045720250460143684,6.0371847975681225,0,,
476,478,0.04181818181818182,7.378843184051041,0.026363636363636363,0.06909090909090909,3.578843184051038,12.178843184051045,True,0.00930398298451748,6.000768530092497,0,,
477,479,0.3090909090909091,5.358910221738695,0.2272727272727273,0.4,3.4589102217386953,6.9589102217386944,True,0.006616113289767041,5.998080660397746,0,,
478,480,0.2272727272727273,6.615403641451161,0.15363636363636363,0.32727272727272727,4.015403641451159,8.715403641451164,True,0.014388873359705125,6.005853420467684,0,,
479,481,0.13363636363636364,8.273000481975185,0.08636363636363636,0.17545454545454547,3.9730004819751814,11.273000481975188,True,0.016111700991262575,6.007576248099242,0,,
481,483,0.10090909090909092,5.907414630280736,0.056363636363636366,0.1590909090909091,0.9074146302807318,10.90741463028074,True,0.0019452072572557842,5.993409754365235,0,,
482,484,0.01681818181818182,4.2,0.013181818181818182,0.022727272727272728,2.1,6.6000000000000005,True,0.024961009384485432,6.0164255564924645,0,,
483,485,0.1409090909090909,9.029966014834361,0.10818181818181818,0.1781818181818182,6.229966014834371,11.629966014834352,True,0.006834976586879292,5.998299523694858,0,,
484,486,0.035454545454545454,6.386248761873943,0.024545454545454544,0.05454545454545455,3.18624876187394,10.186248761873944,True,0.030998365989244606,6.022462913097224,0,,
486,488,0.23636363636363636,42.628627653843154,0.13727272727272727,0.4,38.528627653843095,45.8286276538432,False,0.011347450640246644,6.002811997748226,0,,
487,489,0.17545454545454547,11.837070480188737,0.14272727272727273,0.24545454545454545,9.537070480188746,13.537070480188731,True,0.007278824773194199,5.998743371881173,0,,
489,491,0.02727272727272727,13.320624764355577,0.02,0.03909090909090909,10.720624764355586,16.220624764355566,True,0.05336234350750642,6.044826890615486,0,,
491,493,0.08545454545454545,10.80357840504752,0.06,0.11727272727272728,7.303578405047533,13.80357840504751,True,0.0003245184298893935,5.991789065537868,0,,
492,494,0.014545454545454545,17.235821435282425,0.01,0.02181818181818182,14.035821435282436,20.435821435282413,True,0.029582263679822828,6.0210468107878015,0,,
493,495,0.14272727272727273,8.737170533006076,0.1090909090909091,0.17272727272727273,5.837170533006073,11.037170533006076,True,0.015503960677545224,6.006968507785524,0,,
494,496,0.03,12.967447696990943,0.023636363636363636,0.04181818181818182,10.667447696990951,15.467447696990934,True,0.0018082925848947416,5.993272839692874,0,,
495,497,0.04727272727272727,8.264312078703158,0.03,0.07445454545454545,4.464312078703156,12.564312078703162,True,0.01453672365823092,6.00600127076621,0,,
496,498,0.15,32.49247036538528,0.09636363636363636,0.2272727272727273,27.792470365385213,35.39247036538532,True,0.005931558286104803,5.997396105394084,0,,
497,499,0.03909090909090909,12.188670079026542,0.028181818181818183,0.05545454545454545,9.488670079026551,15.38867007902653,True,0.00656702149494896,5.998031568602928,0,,
498,500,0.034545454545454546,22.11633349219188,0.025454545454545455,0.049090909090909095,19.716333492191847,25.316333492191927,True,0.01329583748960535,6.004760384597584,0,,
499,501,0.024545454545454544,14.573655555180764,0.014545454545454545,0.04363636363636364,10.373655555180779,19.273655555180746,True,0.02090208827750324,6.012366635385482,0,,
500,502,0.03272727272727273,12.608467115739241,0.022727272727272728,0.049090909090909095,9.608467115739252,16.20846711573923,True,0.010017053819105342,6.001481600927084,0,,
501,503,0.08636363636363636,7.294874901442892,0.06636363636363636,0.11,4.594874901442889,9.494874901442893,False,0.014481246783852172,6.005945793891831,0,,
504,506,0.11545454545454546,7.95077229441157,0.08181818181818182,0.14636363636363636,4.750772294411567,10.550772294411573,True,0.0055211854075732005,5.996985732515553,0,,
505,507,0.05,12.29992678218593,0.03636363636363636,0.075,9.19992678218594,16.099926782185918,True,0.003934306296454045,5.995398853404433,0,,
506,508,0.11727272727272728,13.03018974915022,0.08090909090909092,0.15,9.630189749150231,15.73018974915021,True,0.017360111010322903,6.008824658118302,0,,
507,509,0.03636363636363636,10.552888191038607,0.028181818181818183,0.04727272727272727,8.452888191038614,12.952888191038598,True,0.10765503612377449,6.0991195832317535,0,,
508,510,0.04181818181818182,11.781109410328943,0.02909090909090909,0.06181818181818182,8.881109410328953,15.38110941032893,True,0.03254536324904786,6.024009910357027,0,,
509,511,0.07163636363636364,29.968629363669073,0.03909090909090909,0.13,25.168629363669005,35.16862936366915,True,0.0002001173771349302,5.991664664485114,0,,
510,512,0.12272727272727273,7.541084929315427,0.09454545454545454,0.15,5.041084929315425,9.74108492931543,False,0.0015312135620113444,5.992995760669991,0,,
511,513,0.17272727272727273,11.647264002543182,0.13545454545454547,0.2545454545454545,8.847264002543191,13.447264002543175,True,0.0008083586365079994,5.992272905744487,0,,
512,514,0.2818181818181818,3.6,0.2,0.36363636363636365,1.8,5.2,True,0.003661321152705497,5.9951258682606845,0,,
514,516,0.08636363636363636,6.221612756826725,0.05454545454545455,0.12818181818181817,1.7216127568267212,10.121612756826728,True,0.0009900653654893333,5.992454612473469,0,,
515,517,0.2727272727272727,3.6,0.2090909090909091,0.34545454545454546,2.1,5.1000000000000005,True,0.007182267442330014,5.998646814550309,0,,
516,518,0.24545454545454545,4.9,0.18636363636363637,0.3,3.5,6.300000000000001,True,0.004507599484551143,5.99597214659253,0,,
517,519,0.16818181818181818,11.894951524976817,0.13545454545454547,0.23636363636363636,9.194951524976826,13.59495152497681,True,0.020248216151946996,6.011712763259926,0,,
518,520,0.045454545454545456,22.365504052361057,0.03,0.07090909090909091,18.865504052361008,26.565504052361117,True,0.021663126397096166,6.013127673505076,0,,
519,521,0.2090909090909091,9.55936684044971,0.16090909090909092,0.2818181818181818,7.859366840449717,11.259366840449704,True,0.06895405795598851,6.060418605063967,0,,
520,522,0.023636363636363636,11.51213087433111,0.01818181818181818,0.031818181818181815,9.412130874331117,14.0121308743311,True,0.03306539946893641,6.024529946576916,0,,
522,524,0.019090909090909092,12.631593544727048,0.014545454545454545,0.025454545454545455,10.331593544727056,15.03159354472704,True,0.001700843000039918,5.993165390108019,0,,
523,525,0.026363636363636363,14.563058551178298,0.01681818181818182,0.04272727272727273,10.96305855117831,18.563058551178283,True,0.00041638042034270676,5.991880927528322,0,,
524,526,0.02727272727272727,13.229319058111505,0.02,0.03909090909090909,10.729319058111514,16.129319058111495,True,0.010394911373846995,6.001859458481826,0,,
525,527,0.1390909090909091,6.650557479007417,0.11363636363636363,0.16272727272727272,4.450557479007415,8.450557479007418,False,0.01745184740335411,6.008916394511333,0,,
526,528,0.09181818181818181,6.668735166043071,0.06909090909090909,0.1190909090909091,3.868735166043068,9.268735166043072,False,0.0015161262099982738,5.992980673317978,0,,
527,529,0.05909090909090909,7.55117984150972,0.04181818181818182,0.08090909090909092,4.351179841509717,10.751179841509723,True,0.022142845890054032,6.013607392998033,0,,
528,530,0.012272727272727272,15.074007779651652,0.01,0.017727272727272727,13.074007779651659,18.07400777965164,True,0.01144405808084431,6.002908605188823,0,,
529,531,0.11545454545454546,8.10895777824496,0.08363636363636363,0.14272727272727273,5.208957778244958,10.508957778244962,False,0.031121226214108136,6.0225857733220876,0,,
530,532,0.015,19.6596616957398,0.011363636363636364,0.022727272727272728,17.159661695739807,22.85966169573979,True,0.007284515549712742,5.998749062657692,0,,
531,533,0.38181818181818183,8.250663213435274,0.32727272727272727,0.4545454545454546,7.250663213435273,9.350663213435276,True,0.02832647433144818,6.019791021439427,0,,
532,534,0.05181818181818182,2.4000000000000004,0.04,0.06818181818181819,0.0,4.9,True,0.016845706289967774,6.008310253397947,0,,
533,535,0.0710909090909091,14.040170215120268,0.04818181818181819,0.10090909090909092,10.340170215120281,17.24017021512026,True,0.01207872328729283,6.003543270395272,0,,
534,536,0.013636363636363636,11.22288594831601,0.010454545454545454,0.01863636363636364,8.922885948316019,13.622885948316002,True,0.0037701406248403777,5.995234687732819,0,,
535,537,0.15,15.875661237501498,0.12090909090909091,0.1809090909090909,13.575661237501507,17.77566123750149,True,0.012551336753743035,6.004015883861722,0,,
536,538,0.014090909090909091,17.51791995816408,0.010454545454545454,0.02090909090909091,14.91791995816409,20.717919958164067,True,0.020912050247299693,6.012376597355279,0,,
537,539,0.4727272727272727,7.971943058203001,0.38181818181818183,0.6363636363636364,6.571943058203001,9.871943058203003,True,0.02140094037356872,6.012865487481548,0,,
538,540,0.023636363636363636,14.102675558465283,0.017727272727272727,0.031818181818181815,11.702675558465291,16.602675558465272,True,0.08759471590934312,6.079059263017323,0,,
539,541,0.16454545454545455,4.800000000000001,0.15,0.1972727272727273,3.6,5.9,False,0.061773053306076464,6.053237600414056,0,,
540,542,0.2272727272727273,6.546188486102028,0.1890909090909091,0.2727272727272727,5.646188486102027,7.546188486102029,False,0.02630146591993957,6.017766013027918,0,,
541,543,0.056363636363636366,11.721058500592353,0.04090909090909091,0.08,8.521058500592364,15.12105850059234,True,0.004553595102750888,5.99601814221073,0,,
542,544,0.6181818181818182,7.910053997684397,0.4,1.1090909090909091,5.110053997684394,11.710053997684401,True,0.01355592576706446,6.005020472875043,0,,
543,545,0.015909090909090907,13.10082129087595,0.011363636363636364,0.023636363636363636,10.30082129087596,16.300821290875938,True,0.005506684055294133,5.996971231163273,0,,
544,546,0.24545454545454545,5.726303719475153,0.1590909090909091,0.35454545454545455,2.926303719475153,7.826303719475152,True,0.04084934979900082,6.03231389690698,0,,
545,547,0.33636363636363636,8.458682884844997,0.2727272727272727,0.38181818181818183,7.158682884844995,9.358682884844997,True,0.17042627018474557,6.161890817292725,0,,
546,548,0.2272727272727273,6.781528798392727,0.1590909090909091,0.3181818181818182,4.481528798392725,8.681528798392728,True,0.007965026157971143,5.99942957326595,0,,
547,549,0.07036363636363636,8.048783850447993,0.053636363636363635,0.09,5.448783850447992,10.548783850447997,True,0.003336205731455947,5.994800752839435,0,,
548,550,0.2272727272727273,8.94755207187688,0.16272727272727272,0.3,7.047552071876877,10.64755207187688,True,0.019899369834488412,6.011363916942467,0,,
549,551,0.023636363636363636,15.092641041662262,0.017272727272727273,0.030909090909090907,12.49264104166227,17.492641041662253,True,0.029530531662893645,6.020995078770873,0,,
550,552,0.02727272727272727,8.735766237879632,0.019545454545454546,0.04,6.035766237879642,11.735766237879622,True,0.00860825526361824,6.000072802371597,0,,
552,554,0.02090909090909091,17.07572419089219,0.014090909090909091,0.035454545454545454,13.775724190892202,21.375724190892175,True,0.019891017990918556,6.0113555650988975,0,,
553,555,0.13545454545454547,13.248415542131664,0.09545454545454546,0.17,9.648415542131676,15.948415542131654,True,0.024030869910249844,6.015495417018229,0,,
554,556,0.03272727272727273,12.146166341079624,0.023636363636363636,0.04727272727272727,9.246166341079634,15.246166341079613,True,0.004403564154226671,5.995868111262205,0,,
555,557,0.02181818181818182,13.597147638141166,0.01818181818181818,0.026363636363636363,11.997147638141172,15.19714763814116,True,0.061740458942010155,6.053205006049989,0,,
556,558,0.01863636363636364,6.632160345147832,0.013636363636363636,0.026363636363636363,4.03216034514783,9.532160345147835,True,0.024247836440307795,6.015712383548287,0,,
557,559,0.2818181818181818,4.5,0.1890909090909091,0.39090909090909093,2.4000000000000004,6.5,True,0.00952812806121597,6.000992675169195,0,,
558,560,0.03272727272727273,14.222068865316736,0.023636363636363636,0.049090909090909095,11.322068865316746,17.822068865316723,True,0.029636873168057777,6.021101420276037,0,,
559,561,0.13727272727272727,10.956063169917954,0.11363636363636363,0.1572727272727273,8.956063169917961,12.556063169917948,False,0.009371246174752792,6.000835793282731,0,,
560,562,0.038181818181818185,11.991289761980559,0.030909090909090907,0.046363636363636364,10.391289761980564,13.691289761980553,True,0.008583717949982656,6.000048265057962,0,,
561,563,0.44545454545454544,1.3,0.33636363636363636,1.0636363636363637,0.0,6.5,True,0.011435765689716297,6.002900312797696,0,,
562,564,0.07636363636363636,14.663290882027818,0.053636363636363635,0.10727272727272727,11.26329088202783,17.863290882027805,True,0.0073391016248168075,5.998803648732796,0,,
563,565,0.1390909090909091,12.856751226509207,0.11181818181818182,0.16454545454545455,10.456751226509216,14.9567512265092,True,0.018197423022482485,6.009661970130462,0,,
564,566,0.2545454545454545,4.7,0.18363636363636365,0.32727272727272727,3.1,6.300000000000001,True,0.07039621906983935,6.061860766177818,0,,
565,567,0.07909090909090909,8.843324786485564,0.057272727272727274,0.10818181818181818,5.643324786485561,11.643324786485566,True,0.0008881946639897346,5.992352741771969,0,,
566,568,0.2909090909090909,9.107729545185089,0.24545454545454545,0.33636363636363636,8.007729545185093,10.007729545185086,True,0.05556093546415093,6.04702548257213,0,,
567,569,0.04818181818181819,12.25325016042698,0.03727272727272728,0.06363636363636364,9.953250160426988,14.75325016042697,True,0.007472530063773358,5.998937077171752,0,,
568,570,0.030909090909090907,5.598650466016721,0.022727272727272728,0.045454545454545456,2.898650466016722,8.698650466016721,True,0.001004472433740955,5.99246901954172,0,,
569,571,0.12454545454545454,11.535551569251247,0.09272727272727273,0.15181818181818182,8.535551569251258,13.735551569251239,False,0.0056059321525744115,5.997070479260554,0,,
570,572,0.2818181818181818,4.1000000000000005,0.2272727272727273,0.34545454545454546,2.9000000000000004,5.4,True,0.07798415885570473,6.0694487059636835,0,,
571,573,0.014090909090909091,10.606751136711026,0.011363636363636364,0.019090909090909092,8.606751136711033,13.006751136711017,True,0.06293117381767714,6.0543957209256565,0,,
572,574,0.09272727272727273,10.203894302959045,0.06727272727272728,0.12454545454545454,7.003894302959056,13.103894302959034,True,0.030529428248004954,6.021993975355984,0,,
573,575,0.17545454545454547,3.4000000000000004,0.1572727272727273,0.2181818181818182,2.2,4.4,False,0.025381989615895446,6.016846536723874,0,,
574,576,0.2909090909090909,13.066506314418827,0.23636363636363636,0.35454545454545455,11.866506314418832,14.266506314418823,True,0.12799349655217326,6.119458043660153,0,,
575,577,0.08545454545454545,5.49930154737201,0.06545454545454546,0.11181818181818182,2.7993015473720106,7.99930154737201,False,0.009058833788904222,6.000523380896883,0,,
577,579,0.025454545454545455,12.60758954256781,0.02090909090909091,0.030909090909090907,10.907589542567816,14.407589542567804,True,0.06287668721732646,6.054341234325306,0,,
578,580,0.2272727272727273,9.30194351027032,0.15363636363636363,0.32727272727272727,6.601943510270329,11.401943510270312,True,0.009581533134796427,6.001046080242776,0,,
579,581,0.04,14.714578339120804,0.02727272727272727,0.057272727272727274,11.714578339120814,18.11457833912079,True,0.06855406413655953,6.060018611244539,0,,
580,582,0.1,12.108191884023146,0.07727272727272727,0.12090909090909091,9.808191884023154,14.108191884023139,False,0.01008251954617813,6.001547066654157,0,,
581,583,0.10727272727272727,17.26667608330694,0.06727272727272728,0.15181818181818182,12.766676083306958,21.16667608330693,True,0.014800019110379089,6.006264566218358,0,,
582,584,0.028181818181818183,12.883741400752465,0.023636363636363636,0.038181818181818185,11.18374140075247,15.183741400752456,True,0.1251472311295243,6.116611778237504,0,,
583,585,0.017272727272727273,10.807746084276019,0.014090909090909091,0.02181818181818182,9.207746084276025,12.907746084276011,True,0.09830764633728147,6.089772193445261,0,,
584,586,0.15363636363636363,8.617327581677028,0.13181818181818183,0.1809090909090909,7.017327581677027,10.21732758167703,False,0.001451297662915738,5.992915844770895,0,,
585,587,0.16090909090909092,11.307329953906148,0.13,0.2090909090909091,8.807329953906157,13.007329953906142,True,0.01790564110972615,6.009370188217705,0,,
586,588,0.12818181818181817,9.497907233608853,0.09636363636363636,0.1590909090909091,6.4979072336088635,11.897907233608844,True,0.011549544655858956,6.003014091763838,0,,
588,590,0.33636363636363636,4.4,0.2727272727272727,0.4272727272727273,3.0,5.9,True,0.01996881385144167,6.011433360959421,0,,
589,591,0.03727272727272728,11.40799250815445,0.028181818181818183,0.049090909090909095,9.207992508154458,14.10799250815444,True,0.007558244462796341,5.999022791570775,0,,
590,592,0.04272727272727273,16.583693627025497,0.03363636363636364,0.05272727272727273,14.683693627025503,18.68369362702549,True,0.10158561478926895,6.093050161897248,0,,
592,594,0.2727272727272727,2.3000000000000003,0.2181818181818182,0.33636363636363636,1.1,3.6,True,0.010339329196619541,6.001803876304598,0,,
593,595,0.2727272727272727,7.866732466305702,0.2181818181818182,0.32727272727272727,6.666732466305701,8.966732466305704,True,0.020243320049085155,6.011707867157064,0,,
594,596,0.034545454545454546,7.252238349620057,0.026363636363636363,0.046363636363636364,5.052238349620055,9.75223834962006,True,0.003500054197498703,5.994964601305478,0,,
595,597,0.08,13.424704579430399,0.06,0.10545454545454545,10.42470457943041,15.82470457943039,True,0.0055658521349820494,5.997030399242961,0,,
596,598,0.015909090909090907,19.623160667725546,0.01090909090909091,0.026363636363636363,16.32316066772556,23.82316066772553,True,0.023788734480157666,6.015253281588136,0,,
597,599,0.2818181818181818,10.173695943663878,0.2272727272727273,0.34545454545454546,8.873695943663883,11.473695943663873,True,0.08067043676049386,6.072134983868473,0,,
598,600,0.23636363636363636,7.894241935759292,0.17545454545454547,0.2909090909090909,6.494241935759291,9.194241935759294,True,0.020273751669976463,6.0117382987779555,0,,
599,601,0.03272727272727273,5.9948147216334435,0.025454545454545455,0.04181818181818182,3.894814721633444,7.9948147216334435,True,0.0321957768992379,6.023660324007217,0,,
600,602,0.03363636363636364,22.32293813061614,0.025454545454545455,0.049090909090909095,19.822938130616105,25.622938130616188,True,0.031098452904922518,6.022563000012902,0,,
601,603,0.015909090909090907,3.2,0.013636363636363636,0.019090909090909092,1.9000000000000001,4.6000000000000005,True,0.05604282129445067,6.04750736840243,0,,
602,604,0.026363636363636363,11.658376404789749,0.016363636363636365,0.04363636363636364,7.758376404789763,15.858376404789734,True,0.035220324661300935,6.02668487176928,0,,
604,606,0.1390909090909091,5.1000000000000005,0.11363636363636363,0.16090909090909092,2.9000000000000004,6.9,False,0.00790922709460122,5.999373774202581,0,,
606,608,0.8727272727272728,1.0,0.6363636363636364,1.4,0.0,5.1000000000000005,True,0.00031656000387440765,5.991781107111853,0,,
607,609,0.05545454545454545,16.913089669287274,0.04363636363636364,0.07281818181818181,14.71308966928728,19.613089669287262,True,0.017366669940198563,6.0088312170481775,0,,
608,610,0.06545454545454546,8.753506645391338,0.04454545454545455,0.09727272727272727,5.0535066453913355,12.453506645391343,True,0.04381968780421281,6.035284234912192,0,,
609,611,0.17545454545454547,10.030795706540092,0.15181818181818182,0.2272727272727273,8.330795706540098,11.130795706540088,True,0.03597561252977448,6.027440159637753,0,,
610,612,0.022727272727272728,19.069861748372055,0.016363636363636365,0.030909090909090907,16.46986174837206,21.769861748372044,True,0.04164667135718345,6.033111218465162,0,,
611,613,0.35454545454545455,7.790396148313128,0.2636363636363636,0.509090909090909,5.990396148313126,10.090396148313129,True,0.025450848995867432,6.016915396103847,0,,
612,614,0.10090909090909092,18.33814069721856,0.07227272727272727,0.13,15.33814069721857,21.13814069721855,True,0.002350927445955627,5.9938154745539345,0,,
613,615,0.24545454545454545,10.300989779649393,0.2090909090909091,0.2818181818181818,9.600989779649396,11.20098977964939,False,0.049771591151331354,6.04123613825931,0,,
614,616,0.4818181818181818,5.07596586071265,0.35454545454545455,0.790909090909091,2.9759658607126505,8.17596586071265,True,0.03969342099949141,6.03115796810747,0,,
615,617,0.10272727272727274,19.545379029320898,0.07309090909090908,0.13181818181818183,16.445379029320907,22.245379029320887,True,0.011323966549308282,6.002788513657287,0,,
616,618,0.03909090909090909,6.459726698843472,0.028181818181818183,0.057272727272727274,3.85972669884347,9.959726698843475,True,0.05721082483896447,6.048675371946944,0,,
617,619,0.012272727272727272,17.423511945656216,0.01,0.016363636363636365,15.623511945656224,19.92351194565621,True,0.0011362650057809669,5.99260081211376,0,,
618,620,0.04818181818181819,8.767676147191626,0.03909090909090909,0.06272727272727273,6.667676147191624,11.167676147191628,True,0.019852666559810134,6.011317213667789,0,,
619,621,0.04,15.443637883208616,0.02909090909090909,0.057272727272727274,12.943637883208625,18.843637883208604,True,0.022159052644758558,6.013623599752737,0,,
620,622,0.07954545454545454,11.565643458325018,0.06,0.10545454545454545,8.765643458325028,14.06564345832501,True,0.0017210659457338393,5.993185613053713,0,,
622,624,0.2636363636363636,5.108877009272078,0.2090909090909091,0.32727272727272727,3.8088770092720785,6.408877009272078,True,0.031338738791614494,6.0228032858995935,0,,
623,625,0.33636363636363636,7.625977594074232,0.2727272727272727,0.4,6.325977594074231,8.825977594074233,True,0.04350335470410094,6.03496790181208,0,,
624,626,0.045454545454545456,6.78096480433535,0.034545454545454546,0.06181818181818182,4.380964804335347,9.580964804335352,True,0.013523763391803174,6.004988310499782,0,,
625,627,0.10181818181818182,9.669876997893535,0.07418181818181818,0.13,6.769876997893546,12.369876997893526,True,0.03542900964953685,6.026893556757516,0,,
626,628,0.02,11.871790834059487,0.015909090909090907,0.026363636363636363,10.071790834059493,14.171790834059479,True,0.14457705097615484,6.136041598084134,0,,
627,629,0.39090909090909093,5.60438645646358,0.3181818181818182,0.509090909090909,4.304386456463578,7.40438645646358,True,0.009768198176661733,6.001232745284641,0,,
629,631,0.06,5.224012582436131,0.04454545454545455,0.08090909090909092,2.4240125824361316,8.12401258243613,True,0.016497312736780276,6.00796185984476,0,,
630,632,0.19454545454545455,15.418359429710673,0.16818181818181818,0.2272727272727273,14.718359429710675,16.21835942971067,True,0.009623211235422877,6.001087758343402,0,,
631,633,0.03636363636363636,13.582301413161305,0.02909090909090909,0.046363636363636364,11.882301413161311,15.782301413161298,True,0.09405624210215563,6.085520789210134,0,,
632,634,0.017272727272727273,14.59785139012804,0.014090909090909091,0.022727272727272728,12.797851390128047,16.79785139012803,True,0.026233052544690206,6.017697599652669,0,,
633,635,0.08727272727272727,7.745219205347684,0.07363636363636364,0.10454545454545455,6.045219205347682,9.145219205347685,False,0.014083288422898684,6.005547835530877,0,,
634,636,0.11363636363636363,19.29073680920147,0.07181818181818181,0.15181818181818182,14.990736809201485,22.490736809201458,True,0.005118286370347694,5.996582833478326,0,,
635,637,0.022727272727272728,13.722794189664306,0.017727272727272727,0.028181818181818183,11.822794189664313,15.6227941896643,True,0.0413135756723632,6.032778122780342,0,,
636,638,0.011818181818181818,16.90830937685483,0.01,0.015,15.408309376854836,19.108309376854823,True,0.040788718213253805,6.032253265321232,0,,
637,639,0.16090909090909092,11.797995711901034,0.13727272727272727,0.18363636363636365,9.897995711901041,12.89799571190103,False,0.15823027663935166,6.149694823747331,0,,
638,640,0.3090909090909091,9.070977643707872,0.2545454545454545,0.36363636363636365,7.770977643707877,10.170977643707868,True,0.012406427911993173,6.003870975019972,0,,
639,641,0.07909090909090909,20.426419937550435,0.06181818181818182,0.10272727272727274,17.926419937550442,22.826419937550426,False,0.009525695039922514,6.0009902421479016,0,,
640,642,0.2727272727272727,9.667865811977096,0.2272727272727273,0.32727272727272727,8.6678658119771,10.767865811977092,True,0.20227595486328545,6.193740501971265,0,,
641,643,0.034545454545454546,6.005624811540628,0.028181818181818183,0.04363636363636364,4.405624811540626,8.00562481154063,True,0.012626495745616502,6.004091042853595,0,,
642,644,0.2090909090909091,12.16415984155638,0.16818181818181818,0.2636363636363636,11.064159841556384,13.464159841556375,True,0.02786201435448541,6.0193265614624645,0,,
643,645,0.060909090909090906,8.99164990366819,0.04818181818181819,0.07772727272727273,6.791649903668198,11.391649903668181,False,0.013867763731782206,6.005332310839761,0,,
644,646,0.17,5.43722949452382,0.15363636363636363,0.2,4.03722949452382,6.23722949452382,False,0.03387735756560383,6.025341904673583,0,,
645,647,0.1809090909090909,10.046704177743713,0.15181818181818182,0.23636363636363636,8.34670417774372,11.346704177743709,True,0.029510735461788257,6.0209752825697676,0,,
647,649,0.2090909090909091,8.143795176388759,0.16818181818181818,0.2545454545454545,7.043795176388758,9.14379517638876,False,0.16013585350034645,6.151600400608325,0,,
648,650,0.14272727272727273,10.89766802263173,0.12272727272727273,0.16272727272727272,9.297668022631736,12.597668022631725,False,0.031250727919533206,6.022715275027513,0,,
650,652,0.3,7.939262243568262,0.2272727272727273,0.36363636363636365,6.33926224356826,9.139262243568263,True,0.07413289407647547,6.065597441184455,0,,
651,653,0.33636363636363636,9.770691155164771,0.2909090909090909,0.38181818181818183,8.870691155164774,10.670691155164768,True,0.045252088500082985,6.036716635608062,0,,
652,654,0.07727272727272727,8.926292575490159,0.06,0.1,6.326292575490156,11.22629257549016,False,0.0019118606356536296,5.993376407743633,0,,
653,655,0.11545454545454546,8.610917857958269,0.09727272727272727,0.13181818181818183,6.9109178579582675,10.21091785795827,False,0.011800192019515644,6.003264739127495,0,,
654,656,0.015454545454545453,15.867495857002003,0.012272727272727272,0.02,13.767495857002011,18.067495857001994,True,0.03824236569643225,6.029706912804412,0,,
655,657,0.19454545454545455,7.761656753524213,0.16454545454545455,0.23636363636363636,6.661656753524212,8.661656753524213,False,0.08502448752868182,6.076489034636661,0,,
656,658,0.014090909090909091,9.95351136279138,0.011818181818181818,0.017272727272727273,8.453511362791385,11.553511362791374,True,0.07784439025823649,6.069308937366215,0,,
658,660,0.3,4.5,0.24545454545454545,0.35454545454545455,3.2,5.5,True,0.009453016011919167,6.0009175631198985,0,,
659,661,0.04818181818181819,6.731920239796407,0.038181818181818185,0.060909090909090906,4.5319202397964045,8.931920239796408,True,0.011386820423611672,6.002851367531591,0,,
660,662,0.07254545454545454,15.149908021990269,0.056363636363636366,0.09454545454545454,12.749908021990278,17.64990802199026,False,0.003489792736355273,5.994954339844334,0,,
662,664,0.3181818181818182,11.65965387205681,0.2727272727272727,0.38181818181818183,10.659653872056813,12.859653872056805,True,0.06694833105439203,6.058412878162371,0,,
663,665,0.06727272727272728,12.052868048133865,0.05272727272727273,0.08636363636363636,9.752868048133873,14.552868048133856,False,0.013520538408582073,6.004985085516561,0,,
664,666,0.19454545454545455,17.961246643196787,0.1590909090909091,0.2545454545454545,16.46124664319679,19.26124664319678,True,0.014566995753820963,6.0060315428618,0,,
665,667,0.2,17.458002717932988,0.17,0.23636363636363636,16.65800271793299,18.258002717932985,True,0.030447475304342102,6.021912022412321,0,,
666,668,0.07727272727272727,16.495628240797856,0.05454545454545455,0.1090909090909091,13.095628240797868,19.695628240797845,True,0.003931737643100173,5.995396284751079,0,,
667,669,0.08636363636363636,12.814939201865789,0.05454545454545455,0.12818181818181817,8.214939201865805,16.714939201865775,True,1.765533087657334e-05,5.991482202438855,0,,
668,670,0.04818181818181819,10.47294795848703,0.031818181818181815,0.07472727272727273,6.972947958487042,14.572947958487015,True,0.015305534210539803,6.0067700813185185,0,,
669,671,0.08545454545454545,10.687335520347803,0.06181818181818182,0.11545454545454546,7.4873355203478145,13.587335520347793,True,0.007856707695848644,5.999321254803828,0,,
670,672,0.16272727272727272,8.637860483393482,0.14454545454545453,0.2,7.137860483393481,10.037860483393484,False,0.04912949879441848,6.040594045902398,0,,
671,673,0.14272727272727273,8.561210944122525,0.11727272727272728,0.16454545454545455,6.461210944122522,10.261210944122526,False,0.02215146758999691,6.013616014697976,0,,
672,674,0.013181818181818182,20.584887918236696,0.01,0.022727272727272728,17.784887918236706,25.18488791823668,True,0.007927622345077488,5.999392169453056,0,,
673,675,0.15363636363636363,16.721718044144893,0.12818181818181817,0.19181818181818183,14.6217180441449,18.521718044144887,True,0.037354843735460684,6.02881939084344,0,,
674,676,0.012272727272727272,15.61930288939761,0.01,0.014545454545454545,14.119302889397614,17.219302889397603,False,0.054149368107175,6.045613915215154,0,,
675,677,0.04272727272727273,6.4386839989631754,0.03272727272727273,0.05454545454545455,4.338683998963173,8.738683998963177,True,0.010059252511772875,6.001523799619752,0,,
676,678,0.08636363636363636,17.321337052787612,0.06727272727272728,0.11181818181818182,14.721337052787622,19.621337052787602,False,0.009568874510810843,6.00103342161879,0,,
678,680,0.2909090909090909,10.63232749450743,0.2272727272727273,0.34545454545454546,9.132327494507436,11.732327494507427,True,0.026275325543172644,6.017739872651152,0,,
679,681,0.4,10.750200706586494,0.2818181818181818,0.6909090909090909,8.550200706586502,14.150200706586482,True,0.011183577778404357,6.002648124886384,0,,
680,682,0.2818181818181818,9.271377974004757,0.2272727272727273,0.33636363636363636,7.971377974004762,10.371377974004753,True,0.10259707323125726,6.094061620339236,0,,
681,683,0.17,33.895828361090274,0.15181818181818182,0.2,32.39582836109025,34.695828361090285,False,0.0006926842583683203,5.992157231366347,0,,
682,684,0.13727272727272727,3.9000000000000004,0.1190909090909091,0.1572727272727273,2.4000000000000004,5.4,False,0.02933220270906739,6.0207967498170465,0,,
683,685,0.017727272727272727,6.974227979163469,0.014545454545454545,0.022727272727272728,5.374227979163468,8.974227979163471,True,0.011048047083487236,6.002512594191466,0,,
684,686,0.4272727272727273,4.845450615745899,0.3181818181818182,0.7272727272727273,2.9454506157458993,8.145450615745899,True,0.026494858385717246,6.017959405493697,0,,
686,688,0.04272727272727273,6.777547944984756,0.03363636363636364,0.05,4.877547944984754,8.377547944984759,True,0.1596728977707313,6.15113744487871,0,,
687,689,0.10727272727272727,6.930458973811819,0.08818181818181818,0.12636363636363637,5.130458973811818,8.730458973811821,False,0.026916627213167694,6.018381174321147,0,,
688,690,0.05272727272727273,10.414917554137475,0.04181818181818182,0.06818181818181819,8.114917554137483,12.914917554137466,True,0.017083529648844333,6.008548076756823,0,,
689,691,0.02727272727272727,8.468953834263361,0.013636363636363636,0.05454545454545455,3.5689538342633575,13.568953834263366,True,0.0031571594763915413,5.994621706584371,0,,
690,692,0.06545454545454546,12.536584278868911,0.05,0.08545454545454545,10.13658427886892,15.236584278868902,True,0.02553149521771618,6.016996042325696,0,,
691,693,0.014545454545454545,16.554318966607873,0.011363636363636364,0.02,14.254318966607881,19.054318966607866,True,0.01108013333537217,6.002544680443351,0,,
692,694,0.02,6.660795138072396,0.016363636363636365,0.024545454545454544,5.060795138072395,8.360795138072397,True,0.07372855738565247,6.065193104493631,0,,
693,695,0.03636363636363636,5.1117848080030655,0.02909090909090909,0.045454545454545456,3.4117848080030653,7.011784808003065,True,0.01404841067706999,6.005512957785049,0,,
694,696,0.03909090909090909,12.667233229607973,0.028181818181818183,0.05181818181818182,10.067233229607982,15.367233229607963,True,0.022412743230571058,6.0138772903385505,0,,
695,697,0.2,9.708228430639467,0.16818181818181818,0.23636363636363636,8.70822843063947,10.608228430639464,False,0.12385970576676072,6.11532425287474,0,,
696,698,0.2909090909090909,16.768645622308647,0.2090909090909091,0.38181818181818183,14.968645622308655,18.468645622308642,True,0.0009513569209170787,5.9924159040288965,0,,
697,699,0.1190909090909091,19.854303378358175,0.08818181818181818,0.15,16.954303378358187,22.354303378358168,True,0.011258271182579266,6.002722818290558,0,,
698,700,0.07,6.594560273837009,0.04818181818181819,0.1,3.094560273837006,9.994560273837013,True,0.0039689694586533975,5.995433516566632,0,,
699,701,0.09545454545454546,12.538168715385789,0.053636363636363635,0.15181818181818182,7.438168715385807,17.43816871538577,True,0.0008068372175343458,5.992271384325513,0,,
700,702,0.36363636363636365,8.551233822127598,0.2545454545454545,0.5545454545454546,6.351233822127596,11.2512338221276,True,0.007092999667175504,5.998557546775155,0,,
701,703,0.2909090909090909,6.909673959673058,0.23636363636363636,0.34545454545454546,5.6096739596730565,7.909673959673059,True,0.019284061135163053,6.0107486082431425,0,,
702,704,0.19181818181818183,6.407448248612925,0.16272727272727272,0.2272727272727273,5.207448248612923,7.307448248612926,False,0.08532166962029167,6.076786216728271,0,,
703,705,0.4909090909090909,4.1000000000000005,0.2545454545454545,1.2454545454545454,0.0,9.4,True,4.4273692483882256e-05,5.991508820800463,0,,
705,707,0.02727272727272727,11.299355051611856,0.02090909090909091,0.038181818181818185,8.999355051611865,13.899355051611847,True,0.02920005894941821,6.020664606057397,0,,
706,708,0.019545454545454546,12.540552915843453,0.014545454545454545,0.028181818181818183,10.24055291584346,15.640552915843442,True,0.07453771552810154,6.066002262636081,0,,
707,709,0.23636363636363636,5.110193866765375,0.17545454545454547,0.3090909090909091,3.610193866765375,6.610193866765375,True,0.048337270638200126,6.039801817746179,0,,
709,711,0.15,6.069470427201972,0.13363636363636364,0.16636363636363638,4.969470427201971,7.469470427201974,False,0.11234776699304246,6.103812314101021,0,,
710,712,0.3181818181818182,7.9399113272400665,0.2727272727272727,0.36363636363636365,7.039911327240066,8.939911327240068,True,0.05764138593998511,6.049105933047964,0,,
711,713,0.2,10.2132115652186,0.17,0.2272727272727273,9.513211565218603,10.813211565218598,False,0.2556788424461861,6.247143389554165,0,,
712,714,0.24545454545454545,8.144484533365427,0.17545454545454547,0.33636363636363636,6.544484533365425,10.144484533365429,True,0.05611076276289909,6.047575309870878,0,,
713,715,0.15181818181818182,7.999476809657302,0.12818181818181817,0.1809090909090909,6.0994768096572995,9.699476809657302,False,0.04725465347535487,6.038719200583334,0,,
714,716,0.19454545454545455,12.06655440132528,0.16090909090909092,0.24545454545454545,10.666554401325286,13.266554401325276,True,0.013783139898112806,6.005247687006092,0,,
715,717,0.23636363636363636,11.662360810504202,0.19181818181818183,0.2818181818181818,10.662360810504206,12.662360810504198,True,0.01677679565774145,6.008241342765721,0,,
716,718,0.39090909090909093,5.4300364680897255,0.2727272727272727,0.609090909090909,3.230036468089726,8.230036468089725,True,0.04144483116308469,6.032909378271063,0,,
717,719,0.019545454545454546,13.950277811898605,0.015,0.025454545454545455,11.850277811898613,16.150277811898597,True,0.03976331886032854,6.031227865968307,0,,
718,720,0.1590909090909091,15.193936459433829,0.13181818181818183,0.2,13.093936459433836,16.893936459433824,True,0.022273461142608995,6.013738008250588,0,,
719,721,0.23636363636363636,9.377280442537947,0.16636363636363638,0.3181818181818182,7.577280442537953,11.17728044253794,True,5.464942320012466e-05,5.991519196531179,0,,
720,722,0.7181818181818181,13.788943984074107,0.4636363636363636,1.3181818181818181,10.988943984074117,17.788943984074095,True,0.002364457965689201,5.9938290050736684,0,,
722,724,0.1190909090909091,8.385390353034422,0.09363636363636364,0.1409090909090909,5.98539035303442,10.185390353034425,False,0.021343957142874355,6.012808504250853,0,,
723,725,0.5727272727272728,15.991500607644143,0.38181818181818183,1.0818181818181818,13.391500607644153,20.19150060764413,True,0.003750603365007166,5.995215150472986,0,,
725,727,0.5636363636363636,12.249997093478353,0.36363636363636365,1.1090909090909091,9.449997093478363,16.649997093478337,True,0.00589928631094232,5.997363833418921,0,,
726,728,0.2727272727272727,25.63482028921504,0.16636363636363638,0.38181818181818183,22.934820289215,27.83482028921507,True,0.0516435973922935,6.043108144500272,0,,
727,729,0.6727272727272727,25.380530700701616,0.4545454545454546,1.1090909090909091,22.88053070070158,28.680530700701663,False,0.004848682677504037,5.996313229785483,0,,
728,730,0.2,8.952007164531695,0.16636363636363638,0.24545454545454545,7.852007164531694,9.952007164531695,False,0.05025881522240685,6.041723362330386,0,,
730,732,0.2727272727272727,6.767871686991346,0.2181818181818182,0.3181818181818182,5.467871686991345,7.667871686991347,True,0.22207022351610628,6.2135347706240855,0,,
731,733,0.034545454545454546,19.13398833252721,0.02727272727272727,0.04454545454545455,17.23398833252722,21.333988332527206,True,0.021902659575529865,6.013367206683509,0,,
732,734,0.035454545454545454,11.779133092258562,0.02727272727272727,0.045454545454545456,9.679133092258569,13.979133092258554,True,0.007096751671685946,5.998561298779665,0,,
734,736,0.35454545454545455,24.761385624574984,0.2818181818181818,0.4636363636363636,23.361385624574964,26.46138562457501,False,0.04452899036583004,6.035993537473809,0,,
735,737,0.015454545454545453,4.9,0.012727272727272728,0.019545454545454546,3.2,6.800000000000001,True,0.018131816935402178,6.009596364043381,0,,
738,740,0.019545454545454546,4.6000000000000005,0.013181818181818182,0.030909090909090907,1.2000000000000002,8.5,True,0.013683420724000106,6.005147967831979,0,,
739,741,0.03636363636363636,4.7,0.028181818181818183,0.046363636363636364,2.8000000000000003,6.9,True,0.0034966328654349177,5.994961179973414,0,,
741,743,0.2181818181818182,22.499290605287804,0.17545454545454547,0.2636363636363636,21.39929060528779,23.59929060528782,True,0.08310667475457693,6.074571221862556,0,,
742,744,0.05818181818181818,20.949553207215526,0.046363636363636364,0.07363636363636364,18.849553207215497,23.24955320721556,True,0.002781741366416439,5.994246288474396,0,,
743,745,0.10090909090909092,24.24947738045051,0.06363636363636364,0.1390909090909091,19.94947738045045,27.74947738045056,True,0.001129841863617629,5.992594388971597,0,,
744,746,0.023636363636363636,14.201740970303405,0.017727272727272727,0.03,12.001740970303413,16.501740970303395,True,0.03158015205836737,6.023044699166347,0,,
746,748,0.36363636363636365,34.16621740895298,0.2818181818181818,0.509090909090909,32.56621740895296,36.36621740895301,False,0.01112546464422407,6.002590011752203,0,,
747,749,0.4181818181818182,15.486335311195276,0.35454545454545455,0.509090909090909,14.48633531119528,16.786335311195273,False,0.10936036545756987,6.100824912565549,0,,
749,751,0.3181818181818182,24.93951531187375,0.2545454545454545,0.4,23.53951531187373,26.339515311873768,False,0.04157028186316923,6.033034828971148,0,,
750,752,0.15545454545454546,9.205246474539022,0.1409090909090909,0.17545454545454547,8.105246474539026,10.605246474539017,False,0.10611716679779441,6.0975817139057735,0,,
753,755,0.011818181818181818,11.948693782588753,0.01,0.017727272727272727,10.14869378258876,15.54869378258874,True,0.03431261439610566,6.0257771615040845,0,,
754,756,0.02727272727272727,10.824434314577069,0.02,0.04,8.224434314577078,13.924434314577057,True,0.009293079414790316,6.00075762652277,0,,
756,758,0.034545454545454546,9.689590133838665,0.02727272727272727,0.045454545454545456,7.589590133838673,11.989590133838657,True,0.024191926619256857,6.015656473727236,0,,
757,759,0.4090909090909091,14.691195127382958,0.36363636363636365,0.4818181818181818,13.791195127382961,15.791195127382954,False,0.0037494218818263318,5.995213968989805,0,,
758,760,0.04181818181818182,10.204061775686597,0.03,0.05545454545454545,7.604061775686606,12.904061775686587,True,0.026849882158744606,6.018314429266724,0,,
760,762,0.4818181818181818,8.031062016426645,0.37272727272727274,0.7454545454545455,6.3310620164266425,10.731062016426646,True,0.0035482400635590623,5.995012787171538,0,,
761,763,0.03636363636363636,5.830832334105701,0.026363636363636363,0.05,3.230832334105702,8.9308323341057,True,0.0026531326118369976,5.994117679719816,0,,
762,764,0.14636363636363636,12.695287887444195,0.12818181818181817,0.16090909090909092,11.2952878874442,13.89528788744419,False,0.08059511139854107,6.07205965850652,0,,
763,765,0.1409090909090909,7.31607308508661,0.11545454545454546,0.16636363636363638,5.016073085086608,9.316073085086611,False,0.06286498125092632,6.054329528358905,0,,
764,766,0.13363636363636364,35.604034124375275,0.10181818181818182,0.1590909090909091,32.50403412437523,37.5040341243753,True,0.0378375589391218,6.029302106047101,0,,
765,767,0.8363636363636364,29.14808240549407,0.6545454545454545,1.090909090909091,27.548082405494046,30.848082405494093,False,0.001789463764753395,5.993254010872732,0,,
767,769,0.24545454545454545,10.061624988373373,0.2090909090909091,0.2818181818181818,9.261624988373375,10.86162498837337,False,0.25149597445304267,6.242960521561022,0,,
768,770,0.06818181818181819,11.09787466291659,0.053636363636363635,0.08636363636363636,8.797874662916598,13.497874662916582,False,0.023734329948031374,6.015198877056011,0,,
770,772,0.3181818181818182,4.2,0.2636363636363636,0.36363636363636365,3.0,5.1000000000000005,True,0.06560654213736715,6.057071089245346,0,,
771,773,0.026363636363636363,9.460780853196983,0.023636363636363636,0.030909090909090907,8.460780853196987,10.960780853196978,False,0.3064344558464018,6.297899002954381,0,,
773,775,0.14454545454545453,7.972201182351184,0.12454545454545454,0.16454545454545455,6.472201182351182,9.572201182351186,False,0.029685611269828476,6.021150158377807,0,,
774,776,0.09909090909090909,16.396165310743484,0.07772727272727273,0.12090909090909091,14.196165310743494,18.59616531074348,False,0.013339577671462504,6.004804124779442,0,,
775,777,0.2272727272727273,25.5828741290133,0.16636363636363638,0.2909090909090909,23.882874129013278,26.98287412901332,True,0.005091891817892965,5.996556438925872,0,,
776,778,0.7181818181818181,31.522999214223475,0.5181818181818182,1.0454545454545454,29.522999214223447,34.02299921422351,False,0.004027675290005681,5.995492222397985,0,,
777,779,0.2272727272727273,33.78141578809752,0.1781818181818182,0.2636363636363636,32.6814157880975,34.68141578809753,False,0.18380764277212752,6.175272189880107,0,,
778,780,0.06181818181818182,15.305453746644016,0.045454545454545456,0.08454545454545455,12.505453746644026,18.505453746644005,True,0.01113030146615303,6.002594848574132,0,,
779,781,0.2727272727272727,8.604330273253384,0.2090909090909091,0.34545454545454546,7.104330273253382,10.204330273253385,True,0.003466991049066075,5.994931538157045,0,,
780,782,0.04454545454545455,11.340019664025869,0.03272727272727273,0.06272727272727273,8.840019664025878,14.540019664025857,True,0.05443155948814165,6.04589610659612,0,,
781,783,0.6545454545454545,10.778264382458111,0.4636363636363636,0.9727272727272728,8.57826438245812,13.378264382458102,True,0.0317125161983892,6.023177063306369,0,,
782,784,0.7090909090909091,14.040117484005027,0.4636363636363636,1.2545454545454546,11.340117484005036,17.74011748400501,True,0.006557918523499382,5.998022465631478,0,,
783,785,0.06727272727272728,6.453543314987034,0.05545454545454545,0.08272727272727273,4.5535433149870315,8.553543314987035,False,0.03456179633925137,6.0260263434472305,0,,
784,786,0.010454545454545454,9.748006293740783,0.01,0.014545454545454545,9.048006293740785,12.548006293740773,True,0.004169099620845656,5.995633646728825,0,,
785,787,0.24545454545454545,11.431020802183967,0.19454545454545455,0.3,10.331020802183971,12.831020802183962,True,0.09330357616146515,6.084768123269444,0,,
786,788,0.32727272727272727,8.551355908916157,0.2909090909090909,0.36363636363636365,7.851355908916157,9.251355908916159,False,0.0689982115427719,6.060462758650751,0,,
787,789,0.5363636363636364,2.1,0.35454545454545455,1.309090909090909,0.0,7.4,True,0.0014114007471140609,5.992875947855093,0,,
788,790,0.09,7.640243029643934,0.07,0.11545454545454546,5.140243029643932,10.040243029643936,False,0.023240896478444142,6.014705443586423,0,,
789,791,0.2545454545454545,12.565741410740364,0.2090909090909091,0.3,11.465741410740367,13.56574141074036,True,0.13641642414429486,6.1278809712522735,0,,
790,792,0.16454545454545455,8.895867878784411,0.13727272727272727,0.2181818181818182,6.595867878784409,10.595867878784412,True,0.015551025105616385,6.007015572213596,0,,
791,793,0.2909090909090909,11.575573543070764,0.23636363636363636,0.34545454545454546,10.275573543070768,12.57557354307076,True,0.09464218598213034,6.0861067330901095,0,,
792,794,0.19181818181818183,47.87536551450892,0.10636363636363637,0.4545454545454546,42.77536551450885,52.77536551450899,True,0.002073957528773384,5.993538504636753,0,,
793,795,0.2636363636363636,22.965222010313934,0.2090909090909091,0.32727272727272727,21.665222010313915,24.265222010313952,False,0.13688376981559777,6.128348316923577,0,,
795,797,0.16818181818181818,19.004763762190827,0.14636363636363636,0.2090909090909091,17.204763762190833,20.10476376219082,True,0.039856753931022545,6.031321301039002,0,,
798,800,0.014090909090909091,5.977524448064053,0.010454545454545454,0.019545454545454546,3.477524448064054,8.677524448064052,True,0.008342193998589096,5.9998067411065685,0,,
799,801,0.23636363636363636,9.666575422963364,0.1809090909090909,0.2909090909090909,8.366575422963368,10.86657542296336,True,0.00979635593012956,6.0012609030381086,0,,
800,802,0.2181818181818182,5.633259715267388,0.17,0.2727272727272727,4.533259715267388,6.933259715267388,False,0.019572781003596273,6.011037328111575,0,,
801,803,0.023636363636363636,22.25334912590489,0.013636363636363636,0.046363636363636364,17.753349125904826,27.75334912590497,True,0.0044724057252465595,5.995936952833226,0,,
802,804,0.4,8.482767752113938,0.3181818181818182,0.5909090909090908,6.982767752113936,10.88276775211394,True,0.02182831724221224,6.013292864350191,0,,
803,805,0.06727272727272728,18.83868244122388,0.045454545454545456,0.09545454545454546,15.138682441223892,22.238682441223865,True,0.015026002527631676,6.006490549635611,0,,
804,806,0.35454545454545455,8.184237493062287,0.3,0.4363636363636364,7.084237493062286,9.584237493062288,True,0.026230302245243742,6.017694849353223,0,,
805,807,0.12818181818181817,13.76616468050037,0.11181818181818182,0.14272727272727273,12.266164680500376,14.866164680500367,False,0.03130116943850144,6.0227657165464805,0,,
806,808,0.2909090909090909,9.773255665154501,0.2545454545454545,0.3181818181818182,8.973255665154504,10.2732556651545,False,0.2402904953181738,6.231755042426153,0,,
807,809,0.09818181818181819,10.722945951410582,0.08181818181818182,0.11545454545454546,9.122945951410587,12.422945951410576,False,0.025806358672421894,6.017270905780401,0,,
808,810,0.01090909090909091,11.533666947272545,0.01,0.01681818181818182,10.23366694727255,15.033666947272533,True,0.008227732496438033,5.999692279604417,0,,
809,811,0.015,10.63189544675692,0.011363636363636364,0.02181818181818182,8.031895446756929,13.43189544675691,True,0.08906068112231474,6.080525228230294,0,,
810,812,0.12272727272727273,11.67247620401743,0.08363636363636363,0.1572727272727273,7.972476204017443,14.47247620401742,True,0.006933694473951614,5.99839824158193,0,,
811,813,0.13727272727272727,11.880687851565432,0.11363636363636363,0.1572727272727273,9.780687851565439,13.480687851565426,False,0.01656943128133018,6.008033978389309,0,,
812,814,0.5181818181818182,7.889632693338118,0.4,0.7181818181818181,6.289632693338117,9.98963269333812,True,0.12636261957765788,6.117827166685637,0,,
813,815,0.07909090909090909,13.633425101689138,0.06636363636363636,0.09818181818181819,11.833425101689144,15.63342510168913,False,0.01839348811926139,6.00985803522724,0,,
815,817,0.09545454545454546,25.88207843334263,0.072,0.1190909090909091,23.182078433342593,28.082078433342662,False,0.014413566680246168,6.005878113788225,0,,
816,818,0.4181818181818182,22.583286134485512,0.34545454545454546,0.5363636363636364,21.283286134485493,24.183286134485535,False,0.03370121918789247,6.0251657662958715,0,,
817,819,0.06,16.754905137036488,0.04454545454545455,0.07727272727272727,13.9549051370365,19.354905137036482,True,0.026198542428863714,6.017663089536843,0,,
818,820,0.2909090909090909,11.433397996789543,0.2636363636363636,0.33636363636363636,10.733397996789545,12.33339799678954,False,0.053407804637904954,6.044872351745884,0,,
819,821,0.3,4.6000000000000005,0.24545454545454545,0.37272727272727274,3.3000000000000003,5.9,True,0.033694730939600584,6.02515927804758,0,,
820,822,1.2727272727272727,4.600281636436945,0.5909090909090908,1.4,0.500281636436946,6.300281636436945,True,0.001877800390409994,5.993342347498389,0,,
821,823,0.05181818181818182,21.309521442278353,0.038181818181818185,0.07309090909090908,18.30952144227831,24.5095214422784,True,0.005648335693169332,5.997112882801148,0,,
823,825,0.030909090909090907,9.423073353566641,0.025454545454545455,0.03909090909090909,7.623073353566648,11.223073353566635,True,0.0836001100569819,6.075064657164961,0,,
824,826,0.4909090909090909,9.005818491679399,0.39090909090909093,0.6727272727272727,7.505818491679404,10.905818491679392,True,0.0017061496256580303,5.993170696733637,0,,
825,827,0.045454545454545456,5.741460271823726,0.03363636363636364,0.06363636363636364,3.2414602718237235,8.841460271823728,True,0.036932199466312945,6.028396746574292,0,,
826,828,0.03363636363636364,7.6726335298827575,0.02727272727272727,0.04181818181818182,5.9726335298827555,9.472633529882758,True,0.12211115117052561,6.113575698278504,0,,
828,830,0.10636363636363637,21.048993274520004,0.08090909090909092,0.13,18.54899327451997,23.248993274520036,False,0.016276556071470077,6.007741103179449,0,,
829,831,0.07072727272727274,14.931821542863412,0.05818181818181818,0.08636363636363636,13.031821542863419,16.931821542863403,False,0.004882094695497308,5.996346641803476,0,,
830,832,0.12272727272727273,16.72466278467474,0.10454545454545455,0.13727272727272727,14.82466278467475,17.924662784674737,False,0.030560368906210316,6.022024916014189,0,,
831,833,0.10636363636363637,6.238487434950376,0.08363636363636363,0.12636363636363637,4.038487434950374,8.138487434950378,False,0.11061981242372482,6.102084359531704,0,,
832,834,0.015909090909090907,14.63303988521268,0.013181818181818182,0.019545454545454546,13.033039885212686,16.233039885212676,True,0.06842195575444424,6.059886502862423,0,,
833,835,0.06818181818181819,24.851141483366256,0.04727272727272727,0.09727272727272727,21.451141483366207,28.251141483366304,True,0.011872770598478178,6.003337317706457,0,,
834,836,0.02727272727272727,10.066281469347091,0.022727272727272728,0.034545454545454546,8.466281469347097,11.966281469347084,True,0.20540936151493394,6.196873908622913,0,,
835,837,0.04363636363636364,7.116025408158965,0.031818181818181815,0.06,4.616025408158962,10.116025408158967,True,0.004208709124245661,5.995673256232225,0,,
836,838,0.16818181818181818,26.478433357415266,0.1409090909090909,0.2272727272727273,24.278433357415235,28.07843335741529,True,0.021486838304817835,6.012951385412797,0,,
837,839,0.2909090909090909,4.4,0.2272727272727273,0.35454545454545455,3.0,5.5,True,0.1906679156169523,6.182132462724931,0,,
838,840,0.13,13.861022794326182,0.09,0.16636363636363638,10.261022794326195,16.761022794326173,True,0.02545858643905354,6.016923133547032,0,,
839,841,0.2272727272727273,9.318854956781685,0.17545454545454547,0.2909090909090909,8.01885495678169,10.71885495678168,True,0.03516402358338677,6.026628570691366,0,,
840,842,0.034545454545454546,14.666178323899324,0.022727272727272728,0.056363636363636366,11.066178323899337,19.066178323899308,True,0.0007655965301160057,5.992230143638095,0,,
841,843,0.019090909090909092,12.392676191641558,0.015909090909090907,0.024545454545454544,10.892676191641563,14.39267619164155,True,0.07819662350775533,6.069661170615734,0,,
842,844,0.2636363636363636,14.68642672776566,0.2,0.32727272727272727,13.186426727765665,15.886426727765656,True,0.03224218216053595,6.023706729268515,0,,
843,845,0.4090909090909091,5.512295932692397,0.33636363636363636,0.5454545454545454,4.212295932692397,7.4122959326923965,True,0.007870101483529918,5.999334648591509,0,,
844,846,0.013181818181818182,22.233242435260102,0.01,0.023636363636363636,19.33324243526006,26.533242435260163,True,0.007472552976950808,5.998937100084929,0,,
845,847,0.24545454545454545,10.53081236870956,0.2181818181818182,0.2909090909090909,9.830812368709562,11.530812368709556,False,0.28425882160631843,6.2757233687142975,0,,
846,848,0.5727272727272728,14.277062202541803,0.4181818181818182,0.8909090909090909,12.37706220254181,17.077062202541793,True,0.1219632048972133,6.113427752005192,0,,
847,849,0.07336363636363635,14.22898596970761,0.05909090909090909,0.09,12.028985969707618,16.2289859697076,False,0.0146999828349549,6.006164529942934,0,,
848,850,0.1481818181818182,7.579620481555312,0.12636363636363637,0.17,5.87962048155531,9.379620481555314,False,0.02279720868970915,6.014261755797688,0,,
849,851,0.05181818181818182,13.394977080633527,0.03727272727272728,0.07472727272727273,10.294977080633538,16.794977080633515,True,0.024898006177378994,6.016362553285358,0,,
850,852,0.024545454545454544,15.591918123796928,0.017272727272727273,0.035454545454545454,12.591918123796939,18.591918123796916,True,0.02860411729519946,6.020068664403179,0,,
851,853,0.08454545454545455,17.978702993581937,0.06727272727272728,0.1090909090909091,15.678702993581945,20.27870299358193,False,0.08029077126503531,6.071755318373015,0,,
852,854,0.07636363636363636,17.404887296270275,0.053636363636363635,0.10727272727272727,13.904887296270285,20.40488729627026,True,0.0019143806877632333,5.993378927795742,0,,
853,855,0.08818181818181818,6.3833936307287225,0.07,0.11181818181818182,3.98339363072872,8.483393630728724,False,0.00867803555027808,6.000142582658257,0,,
854,856,0.3181818181818182,9.29941627862192,0.2636363636363636,0.36363636363636365,8.099416278621923,10.199416278621916,True,0.1977496565299675,6.189214203637946,0,,
855,857,0.13,11.930710160002057,0.10818181818181818,0.15181818181818182,9.830710160002065,13.530710160002052,False,0.041852820467009694,6.0333173675749885,0,,
856,858,0.17545454545454547,11.65785719551815,0.15363636363636363,0.2181818181818182,10.157857195518154,12.657857195518146,True,0.004683921029971748,5.99614846813795,0,,
857,859,0.15545454545454546,8.407386145925184,0.13545454545454547,0.17272727272727273,6.807386145925183,9.607386145925187,False,0.10282599307790916,6.094290540185888,0,,
858,860,0.02090909090909091,8.304272520591894,0.01681818181818182,0.028181818181818183,6.504272520591892,10.804272520591896,True,0.1062871944493098,6.097751741557289,0,,
859,861,0.011818181818181818,13.478408984872267,0.01,0.015454545454545453,11.878408984872273,15.778408984872259,True,0.0074738860521047865,5.998938433160084,0,,
860,862,0.06727272727272728,11.655663731439645,0.05181818181818182,0.08636363636363636,9.255663731439654,14.155663731439637,True,0.008247205763789794,5.999711752871769,0,,
861,863,0.05545454545454545,11.548069008247849,0.02909090909090909,0.09454545454545454,6.248069008247867,16.248069008247832,True,0.004171825936486021,5.995636373044465,0,,
862,864,0.025454545454545455,16.766272564161312,0.01681818181818182,0.03727272727272728,13.466272564161322,19.8662725641613,True,0.0337958368777775,6.025260383985756,0,,
863,865,0.14454545454545453,10.508220441049088,0.10636363636363637,0.19454545454545455,7.108220441049101,13.10822044104908,True,0.00769231632377699,5.9991568634317565,0,,
864,866,0.011363636363636364,10.79154400428719,0.01,0.013636363636363636,9.691544004287193,12.391544004287184,True,0.01978159421855845,6.011246141326538,0,,
865,867,0.03363636363636364,16.882581369711012,0.025454545454545455,0.046363636363636364,14.482581369711022,19.582581369711004,True,0.019468778332468885,6.010933325440448,0,,
866,868,0.03272727272727273,4.9,0.026363636363636363,0.04090909090909091,3.1,6.6000000000000005,True,0.10617979439103804,6.097644341499017,0,,
867,869,0.02090909090909091,18.338928649462765,0.015,0.02909090909090909,15.638928649462773,21.33892864946275,True,0.011648509464321485,6.0031130565723005,0,,
868,870,0.37272727272727274,4.0,0.2727272727272727,0.5818181818181818,2.0,6.9,True,0.018234554353019572,6.009699101460999,0,,
869,871,0.06636363636363636,9.550564428928613,0.05,0.08727272727272727,7.050564428928622,12.250564428928604,True,0.0027778325851616523,5.994242379693141,0,,
870,872,0.24545454545454545,3.0,0.18636363636363637,0.3090909090909091,1.6,4.3,True,0.00840966758386653,5.999874214691846,0,,
871,873,0.025454545454545455,8.328614554842577,0.015454545454545453,0.045454545454545456,4.328614554842573,13.12861455484258,True,0.008899352859979039,6.000363899967958,0,,
872,874,0.3181818181818182,4.4,0.2545454545454545,0.4090909090909091,3.0,6.0,True,0.028935750391799513,6.020400297499778,0,,
873,875,0.36363636363636365,7.323399959220337,0.3090909090909091,0.4545454545454546,6.223399959220336,8.623399959220338,True,0.09806705248884426,6.089531599596823,0,,
874,876,0.02090909090909091,11.350295811882756,0.015,0.028181818181818183,8.750295811882765,13.950295811882746,True,0.06443907753203519,6.055903624640014,0,,
876,878,0.09727272727272727,7.006492871639722,0.075,0.11727272727272728,4.706492871639719,9.006492871639724,False,0.030271584315323764,6.021736131423303,0,,
877,879,0.14272727272727273,9.713095328936838,0.11727272727272728,0.16636363636363638,7.513095328936846,11.71309532893683,True,0.013711013295500426,6.0051755604034796,0,,
878,880,0.016363636363636365,9.852045712953077,0.014090909090909091,0.019545454545454546,8.65204571295308,11.252045712953072,True,0.024003030664112357,6.015467577772092,0,,
880,882,0.10363636363636364,10.678220878537894,0.08545454545454545,0.12090909090909091,9.0782208785379,12.378220878537888,False,0.006675135383464727,5.998139682491444,0,,
881,883,0.1590909090909091,6.9858332680465445,0.13727272727272727,0.2,5.185833268046544,8.685833268046547,False,0.06872089237865653,6.060185439486635,0,,
882,884,0.028181818181818183,15.603790481105099,0.02181818181818182,0.04090909090909091,13.203790481105107,18.50379048110509,True,0.09681747164752508,6.088282018755504,0,,
883,885,0.08181818181818182,17.27246253266008,0.06181818181818182,0.11,14.47246253266009,20.07246253266007,True,0.027917294809582063,6.0193818419175615,0,,
884,886,0.1809090909090909,13.089103005529205,0.15181818181818182,0.2181818181818182,11.389103005529211,14.089103005529202,True,0.0456277116740622,6.0370922587820415,0,,
885,887,0.13181818181818183,8.287796423927803,0.11,0.15363636363636363,6.2877964239278015,9.987796423927804,False,0.02082515484035774,6.012289701948337,0,,
886,888,0.030909090909090907,12.143708216479425,0.024545454545454544,0.04,10.043708216479432,14.043708216479418,True,0.05095583631693319,6.042420383424912,0,,
887,889,0.016363636363636365,11.074322092619493,0.013181818181818182,0.02090909090909091,9.2743220926195,13.074322092619486,True,0.08945209859815782,6.080916645706137,0,,
888,890,0.34545454545454546,3.1,0.2272727272727273,0.5454545454545454,0.6000000000000001,6.0,True,0.010696296489684998,6.002160843597664,0,,
889,891,0.38181818181818183,3.6,0.2545454545454545,0.7090909090909091,0.9,7.4,True,0.019729627896127915,6.011194175004107,0,,
890,892,0.08,12.937764912057851,0.06363636363636364,0.1,10.63776491205786,14.837764912057844,False,0.0404666000704537,6.031931147178433,0,,
891,893,0.02,11.277803899225182,0.015,0.028181818181818183,9.07780389922519,14.277803899225171,True,0.07954478325133185,6.071009330359311,0,,
892,894,0.013636363636363636,12.730166796350021,0.01090909090909091,0.01681818181818182,10.830166796350028,14.530166796350015,True,0.05749029673587191,6.048954843843851,0,,
893,895,0.02090909090909091,8.770896958168894,0.017727272727272727,0.025454545454545455,7.370896958168892,10.370896958168895,True,0.01923966341270307,6.010704210520682,0,,
894,896,0.04363636363636364,12.156206147715269,0.031818181818181815,0.05909090909090909,9.556206147715278,14.956206147715259,True,0.02756678383533448,6.019031330943314,0,,
895,897,0.05272727272727273,15.234115728214075,0.04363636363636364,0.06727272727272728,13.434115728214081,17.53411572821407,True,0.027493277404090133,6.01895782451207,0,,
896,898,0.034545454545454546,6.177464543882012,0.028181818181818183,0.04363636363636364,4.5774645438820105,8.177464543882014,True,0.02419725275611956,6.015661799864098,0,,
897,899,0.37272727272727274,6.218144316167728,0.32727272727272727,0.4272727272727273,5.318144316167727,7.218144316167729,True,0.015391850693194086,6.006856397801173,0,,
898,900,0.022727272727272728,6.544598895745874,0.017727272727272727,0.02909090909090909,4.544598895745873,8.644598895745876,True,0.018102656396186644,6.009567203504166,0,,
899,901,0.34545454545454546,6.797144223925666,0.2818181818181818,0.4545454545454546,5.397144223925665,8.597144223925667,True,0.11163431970254982,6.103098866810529,0,,
900,902,0.16818181818181818,7.8224752078583295,0.1481818181818182,0.2090909090909091,6.1224752078583276,8.92247520785833,False,0.018749922919443253,6.010214470027423,0,,
901,903,0.01681818181818182,11.153910729575106,0.013636363636363636,0.02181818181818182,9.353910729575112,13.253910729575098,True,0.024657771374714442,6.016122318482694,0,,
902,904,0.019090909090909092,11.05242731244765,0.015,0.024545454545454544,9.152427312447657,12.952427312447643,True,0.0009318030870003298,5.992396350194979,0,,
903,905,0.022727272727272728,11.177019702589583,0.017272727272727273,0.03,8.97701970258959,13.677019702589574,True,0.015164125296089449,6.0066286724040685,0,,
904,906,0.013636363636363636,9.488138796356363,0.011363636363636364,0.017727272727272727,7.888138796356369,11.688138796356355,True,0.1096448566997739,6.101109403807753,0,,
905,907,0.10727272727272727,8.875853033494339,0.08181818181818182,0.13181818181818183,6.475853033494337,11.07585303349434,False,0.022376073314197286,6.013840620422176,0,,
906,908,0.01863636363636364,16.40175440119024,0.014090909090909091,0.026363636363636363,14.201754401190245,19.20175440119023,True,0.013256094075407867,6.004720641183387,0,,
907,909,0.03909090909090909,5.768960479000311,0.03,0.04727272727272727,3.868960479000312,7.668960479000311,True,0.08878855106310475,6.080253098171084,0,,
908,910,0.1890909090909091,12.990711960306902,0.16636363636363638,0.2181818181818182,12.090711960306905,13.5907119603069,False,0.005287643425183012,5.996752190533162,0,,
909,911,0.014090909090909091,3.9000000000000004,0.011363636363636364,0.01818181818181818,2.0,5.9,True,0.013334029419195662,6.0047985765271745,0,,
910,912,0.04454545454545455,5.939898068473567,0.035454545454545454,0.057272727272727274,3.939898068473567,8.339898068473566,True,0.00612944920343635,5.997593996311416,0,,
911,913,0.44545454545454544,12.925980773051306,0.36363636363636365,0.6181818181818182,11.62598077305131,15.125980773051298,True,0.03756651789293375,6.029031065000913,0,,
912,914,0.022727272727272728,12.166456673103305,0.019090909090909092,0.026363636363636363,10.76645667310331,13.4664566731033,True,0.02222365546656513,6.013688202574544,0,,
913,915,0.06545454545454546,13.650053643598431,0.05090909090909091,0.08363636363636363,11.450053643598439,16.150053643598422,True,0.02094733425965666,6.012411881367636,0,,
914,916,0.1809090909090909,5.507709001447097,0.15181818181818182,0.2272727272727273,3.8077090014470967,6.6077090014470965,False,0.025356907707928214,6.016821454815907,0,,
916,918,0.24545454545454545,14.70538658219619,0.2090909090909091,0.2727272727272727,14.005386582196193,15.305386582196189,False,0.4467466691355603,6.438211216243539,0,,
917,919,0.014545454545454545,11.61364423626046,0.01090909090909091,0.019545454545454546,9.21364423626047,14.013644236260452,True,0.03629354619746921,6.027758093305448,0,,
919,921,0.05,5.704115398235476,0.04090909090909091,0.06363636363636364,3.6041153982354768,7.804115398235476,True,0.04819187279613947,6.0396564199041185,0,,
920,922,0.16454545454545455,11.913103218786272,0.13727272727272727,0.2090909090909091,9.81310321878628,13.513103218786267,True,0.011966468634918558,6.003431015742898,0,,
921,923,0.13363636363636364,8.079002936072278,0.09454545454545454,0.17,4.479002936072275,10.87900293607228,True,0.02130824880047313,6.012772795908452,0,,
922,924,0.2545454545454545,3.7,0.17,0.34545454545454546,1.8,5.7,True,0.06317875573495484,6.054643302842934,0,,
923,925,0.2,9.106107422751537,0.16090909090909092,0.2636363636363636,7.606107422751542,10.506107422751532,True,0.056393025384587445,6.047857572492567,0,,
924,926,0.011363636363636364,14.945588919129195,0.01,0.015454545454545453,13.5455889191292,17.645588919129185,True,0.026270286144230073,6.017734833252209,0,,
925,927,0.17,4.3,0.15545454545454546,0.2,3.1,5.1000000000000005,False,0.03219651996790488,6.023661067075884,0,,
926,928,0.019090909090909092,5.681051928236189,0.015454545454545453,0.025454545454545455,4.081051928236191,7.981051928236189,True,0.17571922483435448,6.167183771942334,0,,
927,929,0.01090909090909091,15.359773460029164,0.01,0.015454545454545453,14.159773460029168,18.359773460029153,True,0.025299465281893918,6.016764012389873,0,,
928,930,0.2909090909090909,12.816236081772704,0.2636363636363636,0.33636363636363636,12.116236081772707,13.616236081772701,True,0.24159885640048,6.233063403508459,0,,
929,931,0.031818181818181815,10.156047798674791,0.022727272727272728,0.045454545454545456,7.2560477986748015,13.15604779867478,True,0.050726348352591835,6.042190895460571,0,,
930,932,0.024545454545454544,10.21650411319633,0.017272727272727273,0.03363636363636364,7.516504113196339,13.01650411319632,True,0.02577828468036574,6.017242831788344,0,,
931,933,0.02909090909090909,6.191463043613868,0.02090909090909091,0.045454545454545456,3.291463043613865,9.691463043613872,True,0.025586488421109024,6.0170510355290885,0,,
932,934,0.2909090909090909,8.96930236939436,0.24545454545454545,0.33636363636363636,8.069302369394363,9.869302369394356,True,0.16633451265079366,6.157799059758773,0,,
933,935,0.024545454545454544,7.943949489204908,0.01818181818181818,0.03363636363636364,5.5439494892049055,10.64394948920491,True,0.02264688806445218,6.014111435172431,0,,
934,936,0.23636363636363636,5.779302100402523,0.2,0.2818181818181818,4.879302100402523,6.8793021004025245,False,0.23682949804302947,6.228294045151008,0,,
935,937,0.07,10.123083529477197,0.05454545454545455,0.08909090909090908,7.723083529477206,12.42308352947719,False,0.0021558804002055985,5.993620427508184,0,,
936,938,0.023636363636363636,12.76965538326699,0.017272727272727273,0.030909090909090907,10.369655383266998,15.169655383266981,True,0.047143969822966744,6.038608516930946,0,,
937,939,0.15363636363636363,12.968270561351163,0.13181818181818183,0.18363636363636365,11.26827056135117,14.668270561351157,True,0.0240018555295927,6.015466402637572,0,,
938,940,0.16090909090909092,11.887101597138296,0.1390909090909091,0.19454545454545455,10.187101597138302,13.187101597138291,True,0.03338932002355829,6.0248538671315375,0,,
939,941,0.1590909090909091,11.807500377393016,0.1390909090909091,0.18363636363636365,10.207500377393021,13.007500377393011,False,0.01355865962372335,6.005023206731702,0,,
940,942,0.026363636363636363,11.766814253742428,0.019545454545454546,0.03636363636363636,9.266814253742437,14.366814253742419,True,0.011901882115708652,6.0033664292236875,0,,
941,943,0.034545454545454546,5.235842257949012,0.028181818181818183,0.04363636363636364,3.535842257949012,7.235842257949012,True,0.020204223703584465,6.011668770811563,0,,
942,944,0.14454545454545453,9.484350442152438,0.11545454545454546,0.17272727272727273,7.084350442152447,11.58435044215243,True,0.013419029918576166,6.004883577026555,0,,
944,946,0.022727272727272728,7.912465165325242,0.015909090909090907,0.03272727272727273,5.11246516532524,11.012465165325246,True,0.017097595800998247,6.0085621429089775,0,,
945,947,0.34545454545454546,12.137072192177484,0.2909090909090909,0.39090909090909093,11.037072192177488,13.037072192177481,True,0.023901967501772915,6.015366514609752,0,,
946,948,0.5181818181818182,5.64151598266085,0.2909090909090909,1.2181818181818183,2.041515982660851,10.74151598266085,True,0.010053261202781393,6.00151780831076,0,,
947,949,0.14454545454545453,11.184455088847027,0.11545454545454546,0.1781818181818182,8.684455088847036,13.38445508884702,True,0.004767332829890496,5.996231879937869,0,,
948,950,0.04272727272727273,8.748930915167465,0.02909090909090909,0.06272727272727273,5.748930915167463,12.348930915167468,True,0.002314368642969537,5.993778915750949,0,,
950,952,0.022727272727272728,15.722458466106614,0.017727272727272727,0.028181818181818183,13.722458466106621,17.822458466106607,True,0.05182880711085736,6.043293354218837,0,,
951,953,0.35454545454545455,4.896733325360754,0.3090909090909091,0.4181818181818182,3.9967333253607533,5.996733325360753,True,0.0642435383549902,6.055708085462969,0,,
952,954,0.16454545454545455,10.349529496842655,0.1409090909090909,0.2090909090909091,8.449529496842661,11.84952949684265,True,0.04343640275253041,6.03490094986051,0,,
953,955,0.36363636363636365,3.1,0.1890909090909091,0.8818181818181818,0.0,8.3,True,0.00017622709831802835,5.991640774206297,0,,
954,956,0.03727272727272728,4.6000000000000005,0.02909090909090909,0.045454545454545456,2.8000000000000003,6.4,True,0.02167763369544345,6.013142180803422,0,,
955,957,0.08818181818181818,12.656231479395599,0.06909090909090909,0.11181818181818182,10.156231479395608,14.856231479395591,False,0.019962003161820997,6.0114265502698,0,,
957,959,0.04090909090909091,11.68788056932062,0.028181818181818183,0.060909090909090906,8.687880569320631,15.287880569320608,True,0.012293662873723302,6.003758209981703,0,,
958,960,0.02090909090909091,10.94492975470547,0.015,0.028181818181818183,8.444929754705479,13.444929754705461,True,0.016287233016772276,6.007751780124751,0,,
960,962,0.08727272727272727,10.425165264073296,0.057272727272727274,0.12454545454545454,6.325165264073311,13.925165264073284,True,0.0029309030413957743,5.994395450149375,0,,
961,963,0.02727272727272727,14.932472232917654,0.02,0.04,12.332472232917663,17.932472232917643,True,0.007141349714139226,5.998605896822118,0,,
962,964,0.02727272727272727,8.647029913537551,0.02090909090909091,0.03363636363636364,6.447029913537549,10.547029913537553,True,0.12766901716093104,6.11913356426891,0,,
963,965,0.06909090909090909,12.952664393637805,0.053636363636363635,0.08818181818181818,10.552664393637814,15.452664393637797,False,0.006599084008396047,5.998063631116375,0,,
964,966,0.046363636363636364,6.105197337059035,0.034545454545454546,0.06363636363636364,3.5051973370590326,9.105197337059037,True,0.030772091368199198,6.022236638476178,0,,
965,967,0.3181818181818182,3.3000000000000003,0.2818181818181818,0.35454545454545455,2.5,3.9000000000000004,False,0.02278205582953311,6.014246602937512,0,,
966,968,0.1809090909090909,8.968132888589778,0.1572727272727273,0.2272727272727273,7.568132888589776,10.06813288858978,False,0.015106033990549033,6.006570581098528,0,,
967,969,0.053636363636363635,5.406118807073837,0.045454545454545456,0.06454545454545454,3.8061188070738377,7.106118807073837,False,0.020888825331917778,6.012353372439897,0,,
968,970,0.060909090909090906,10.273013276133298,0.04,0.09181818181818181,6.373013276133312,14.273013276133284,True,0.009767828136196666,6.001232375244176,0,,
969,971,0.031818181818181815,8.304906567968507,0.023636363636363636,0.04363636363636364,5.604906567968504,10.804906567968509,True,0.032138781106110945,6.02360332821409,0,,
970,972,0.057272727272727274,5.311479698372744,0.04272727272727273,0.07909090909090909,2.5114796983727445,8.511479698372742,True,0.015295717205945423,6.006760264313924,0,,
971,973,0.16818181818181818,13.401521078792554,0.14636363636363636,0.2090909090909091,11.60152107879256,14.50152107879255,True,0.011035681174508684,6.0025002282824875,0,,
973,975,0.13727272727272727,12.35838560020843,0.11545454545454546,0.1572727272727273,10.458385600208437,13.858385600208425,False,0.03502519541322792,6.026489742521207,0,,
974,976,0.016363636363636365,12.454953914659155,0.013181818181818182,0.02090909090909091,10.554953914659162,14.554953914659148,True,0.06743367755042515,6.058898224658404,0,,
975,977,0.37272727272727274,5.445552208810001,0.3,0.4636363636363636,4.045552208810001,6.84555220881,True,0.04236155206445677,6.033826099172436,0,,
976,978,0.15545454545454546,11.97325113420989,0.13727272727272727,0.17545454545454547,10.473251134209896,13.273251134209886,False,0.051561710382968674,6.043026257490948,0,,
977,979,0.07472727272727273,6.639753025158555,0.057272727272727274,0.09545454545454546,4.039753025158553,8.939753025158558,False,0.013299602265817084,6.004764149373796,0,,
978,980,0.010454545454545454,10.175092089990509,0.01,0.015454545454545453,9.375092089990511,13.575092089990497,True,0.025078408443041923,6.016542955551021,0,,
979,981,0.014545454545454545,12.147048445138498,0.011363636363636364,0.02090909090909091,10.047048445138506,14.947048445138488,True,0.05231534180252888,6.043779888910508,0,,
980,982,0.07127272727272727,10.76922120883224,0.04272727272727273,0.11727272727272728,5.869221208832258,15.569221208832223,True,0.0009116757381725866,5.9923762228461515,0,,
981,983,0.056363636363636366,14.860699580300695,0.04272727272727273,0.075,12.260699580300704,17.660699580300687,True,0.014019676202373776,6.0054842233103525,0,,
982,984,0.04363636363636364,7.539259426176242,0.03,0.06636363636363636,4.539259426176239,11.439259426176244,True,0.02739086334092306,6.018855410448902,0,,
983,985,0.012272727272727272,14.464327506159437,0.01,0.017272727272727273,12.464327506159444,17.364327506159427,True,0.015312905824248874,6.006777452932228,0,,
984,986,0.2090909090909091,3.0,0.16272727272727272,0.2727272727272727,1.4000000000000001,4.5,False,0.008154610025473184,5.999619157133452,0,,
985,987,0.014090909090909091,8.693604829085876,0.01,0.02,5.993604829085873,11.693604829085878,True,0.003988585959868173,5.995453133067847,0,,
986,988,0.12090909090909091,6.372553819089013,0.09090909090909091,0.15363636363636363,3.5725538190890105,8.972553819089015,True,0.06563969486327806,6.057104241971257,0,,
987,989,0.38181818181818183,5.502310711901335,0.32727272727272727,0.4636363636363636,4.6023107119013345,6.902310711901334,True,0.05937475422056618,6.050839301328545,0,,
988,990,0.23636363636363636,8.90659981795657,0.17545454545454547,0.3090909090909091,7.506599817956575,10.606599817956564,True,0.0402229288029883,6.031687475910967,0,,
989,991,0.09818181818181819,8.861172816713488,0.07772727272727273,0.11727272727272728,6.761172816713486,10.661172816713488,False,0.008760793549859607,6.000225340657838,0,,
990,992,0.13,9.826197727996792,0.10272727272727274,0.1572727272727273,7.326197727996801,11.926197727996785,False,0.014642557570295683,6.006107104678275,0,,
992,994,0.2181818181818182,13.141924033585738,0.17272727272727273,0.2636363636363636,12.041924033585742,14.141924033585735,True,0.3642151033972431,6.355679650505222,0,,
993,995,0.02,10.75141432549367,0.015909090909090907,0.02727272727272727,8.951414325493676,13.35141432549366,True,0.0669898719872942,6.058454419095273,0,,
994,996,0.16090909090909092,10.795562298632147,0.14636363636363636,0.18636363636363637,9.595562298632151,11.895562298632143,False,0.07762856205259348,6.069093109160573,0,,
995,997,0.01681818181818182,12.52914421235307,0.011818181818181818,0.025454545454545455,9.629144212353081,15.929144212353059,True,0.005499490527355301,5.996964037635334,0,,
996,998,0.2181818181818182,6.155894950099911,0.16818181818181818,0.2727272727272727,4.95589495009991,7.455894950099911,False,0.002370165231342229,5.993834712339321,0,,
998,1000,0.03,10.657071624618403,0.023636363636363636,0.04181818181818182,8.457071624618411,13.257071624618394,True,0.011783539393270674,6.00324808650125,0,,
999,1001,0.034545454545454546,6.9406597895345925,0.026363636363636363,0.045454545454545456,4.740659789534591,9.240659789534595,True,0.024307759183217738,6.015772306291197,0,,
1000,1002,0.2272727272727273,6.947141173311976,0.17,0.2818181818181818,5.647141173311974,8.347141173311977,True,0.08012735974069696,6.071591906848676,0,,
1001,1003,0.18363636363636365,5.418888154759468,0.14454545454545453,0.2545454545454545,3.0188881547594684,7.018888154759468,True,0.008516183872966243,5.999980730980945,0,,
1002,1004,0.5636363636363636,3.7,0.2727272727272727,1.4,0.0,8.8,True,0.00018935673860416097,5.991653903846583,0,,
1003,1005,0.057272727272727274,10.365760329951456,0.04363636363636364,0.07545454545454545,7.865760329951465,13.065760329951447,True,0.005674217559384648,5.997138764667364,0,,
1004,1006,0.034545454545454546,11.688377269773266,0.025454545454545455,0.04818181818181819,9.088377269773275,14.688377269773255,True,0.0006464467294643922,5.992110993837444,0,,
1005,1007,0.06454545454545454,6.64896180062462,0.04090909090909091,0.10454545454545455,2.2489618006246164,11.148961800624626,True,0.0028172485728754746,5.9942817956808545,0,,
1006,1008,0.12454545454545454,11.213584587777094,0.09272727272727273,0.1572727272727273,8.213584587777104,13.813584587777084,True,0.02397244326440963,6.015436990372389,0,,
1007,1009,0.07145454545454545,7.001738059683893,0.05,0.09636363636363636,3.8017380596838897,9.801738059683895,True,0.03195084148940755,6.023415388597386,0,,
1008,1010,0.03636363636363636,10.439977048496948,0.026363636363636363,0.05454545454545455,7.839977048496957,14.039977048496935,True,0.029896077875819452,6.0213606249837985,0,,
1009,1011,0.012727272727272728,10.591368752614803,0.01,0.01681818181818182,8.59136875261481,12.991368752614795,True,0.019404759669843334,6.010869306777822,0,,
1010,1012,0.05909090909090909,5.737469293585472,0.038181818181818185,0.08909090909090908,1.737469293585473,9.737469293585471,True,0.008013900596721394,5.999478447704701,0,,
1011,1013,0.01681818181818182,9.510256676322886,0.013181818181818182,0.022727272727272728,7.510256676322893,11.910256676322877,True,0.09854782590213357,6.090012373010112,0,,
1012,1014,0.06363636363636364,6.472541170947042,0.04,0.10181818181818182,2.1725411709470386,10.872541170947045,True,0.011769297247517645,6.0032338443554965,0,,
1013,1015,0.4363636363636364,4.3,0.3090909090909091,0.8272727272727273,2.0,8.4,True,0.007230351246511062,5.99869489835449,0,,
1014,1016,0.4909090909090909,1.8,0.3181818181818182,1.2272727272727273,0.0,6.7,True,0.0032866411007955,5.994751188208775,0,,
1015,1017,0.13363636363636364,6.555282127257315,0.10636363636363637,0.1590909090909091,3.9552821272573127,8.455282127257316,False,0.04541643666242563,6.036880983770405,0,,
1016,1018,0.023636363636363636,12.682536382412403,0.014545454545454545,0.04181818181818182,8.882536382412416,17.382536382412386,True,0.02439613612197461,6.0158606832299535,0,,
1018,1020,0.04181818181818182,3.5,0.028181818181818183,0.06272727272727273,0.4,7.4,True,0.06646349576358787,6.057928042871567,0,,
1020,1022,0.02727272727272727,11.54077330783538,0.017727272727272727,0.04181818181818182,7.940773307835393,15.040773307835368,True,0.030925749251539177,6.022390296359518,0,,
1021,1023,0.17272727272727273,10.843613450424028,0.15,0.2181818181818182,9.143613450424034,11.943613450424024,True,0.003788048547929571,5.995252595655908,0,,
1022,1024,0.05181818181818182,5.620995241303731,0.03727272727272728,0.07181818181818181,2.5209952413037318,8.62099524130373,True,0.027124718319069374,6.018589265427049,0,,
1023,1025,0.07127272727272727,10.65649607299248,0.053636363636363635,0.09272727272727273,7.95649607299249,13.156496072992471,True,0.0028057792599456744,5.994270326367925,0,,
1024,1026,0.02909090909090909,5.085634253138653,0.02181818181818182,0.04181818181818182,2.585634253138653,7.885634253138654,True,0.00952468430054234,6.000989231408521,0,,
1025,1027,0.05181818181818182,6.120741094158641,0.03636363636363636,0.07772727272727273,2.8207410941586377,10.020741094158645,True,0.00047239200671074657,5.99193693911469,0,,
1026,1028,0.017272727272727273,10.740880273595812,0.013636363636363636,0.022727272727272728,8.840880273595818,12.940880273595804,True,0.04356587865846951,6.035030425766449,0,,
1027,1029,0.015454545454545453,6.819839296440431,0.012272727272727272,0.022727272727272728,4.61983929644043,9.819839296440435,True,0.07274177374081285,6.0642063208487915,0,,
1028,1030,0.1190909090909091,11.421875211073637,0.09545454545454546,0.1409090909090909,9.221875211073645,13.32187521107363,False,0.003112847631964565,5.994577394739943,0,,
1029,1031,0.11181818181818182,3.8000000000000003,0.08090909090909092,0.1390909090909091,0.8,6.2,False,0.014156213911749625,6.0056207610197285,0,,
1030,1032,0.023636363636363636,14.103950693271113,0.016363636363636365,0.03272727272727273,11.203950693271123,16.903950693271103,True,0.028325510298111575,6.019790057406091,0,,
1031,1033,0.24545454545454545,4.0,0.17,0.32727272727272727,2.2,5.800000000000001,True,0.03812837816968094,6.02959292527766,0,,
1032,1034,0.13727272727272727,8.241737069911768,0.09909090909090909,0.17545454545454547,4.641737069911764,10.94173706991177,True,0.0008478212321803922,5.992312368340159,0,,
1033,1035,0.37272727272727274,21.413477093290165,0.2636363636363636,0.5727272727272728,19.213477093290134,24.213477093290205,True,0.005502064987264659,5.996966612095243,0,,
1034,1036,0.02090909090909091,15.183577695564002,0.014090909090909091,0.030909090909090907,11.883577695564014,18.58357769556399,True,0.029449539562677974,6.020914086670657,0,,
1036,1038,0.3181818181818182,4.0,0.2272727272727273,0.4272727272727273,2.1,5.9,True,0.017368661333276518,6.0088332084412555,0,,
1037,1039,1.1,15.741884526109558,0.5909090909090908,1.4,11.741884526109573,17.74188452610955,False,0.0014600990646838623,5.992924646172663,0,,
1038,1040,0.014090909090909091,11.712296375426485,0.01,0.025454545454545455,8.212296375426497,16.112296375426467,True,0.005718280356843874,5.997182827464823,0,,
1039,1041,0.1,14.514821984094384,0.07090909090909091,0.13,11.314821984094396,17.414821984094374,True,0.005603132906312987,5.997067680014292,0,,
1041,1043,0.5363636363636364,7.444061559253113,0.37272727272727274,0.9545454545454546,5.044061559253111,11.144061559253117,True,0.015482068831643759,6.006946615939623,0,,
1042,1044,0.02909090909090909,6.154229814357547,0.023636363636363636,0.04090909090909091,4.154229814357545,8.854229814357549,True,0.056937235732180444,6.048401782840159,0,,
1043,1045,0.2636363636363636,4.6000000000000005,0.1972727272727273,0.33636363636363636,3.1,6.0,True,0.06310267402124176,6.054567221129221,0,,
1045,1047,0.06727272727272728,17.7120167837888,0.038181818181818185,0.11545454545454546,12.712016783788819,22.712016783788783,True,0.0043671667855137335,5.995831713893493,0,,
1046,1048,0.02909090909090909,7.026081018399985,0.022727272727272728,0.04,4.626081018399983,9.526081018399989,True,0.021447778357076744,6.012912325465056,0,,
1047,1049,0.13545454545454547,8.522682343815468,0.1090909090909091,0.1590909090909091,6.222682343815466,10.52268234381547,False,0.008586945837978229,6.000051492945957,0,,
1048,1050,0.1,12.864042823261627,0.07036363636363636,0.13,9.664042823261639,15.764042823261617,True,0.004631654869742373,5.996096201977721,0,,
1050,1052,0.034545454545454546,29.5308744985086,0.017727272727272727,0.06636363636363636,24.63087449850853,34.630874498508675,True,0.0010502109673043033,5.992514758075283,0,,
1051,1053,0.12818181818181817,31.010715036659512,0.07590909090909091,0.2,26.110715036659442,35.21071503665957,True,0.018830674116889247,6.010295221224868,0,,
1052,1054,0.034545454545454546,6.673218572646787,0.028181818181818183,0.04272727272727273,5.073218572646786,8.47321857264679,True,0.04055843223510382,6.032022979343083,0,,
1053,1055,0.024545454545454544,5.856081441693981,0.017272727272727273,0.03272727272727273,2.956081441693981,8.25608144169398,True,0.06863380213109486,6.060098349239074,0,,
1054,1056,0.5909090909090908,6.798008355681457,0.2545454545454545,1.4,1.5980083556814524,11.598008355681461,True,0.0070608086202894405,5.998525355728268,0,,
1055,1057,0.03,11.64708174255469,0.02,0.049090909090909095,8.047081742554703,15.647081742554676,True,0.009100113733007486,6.000564660840986,0,,
1056,1058,0.10363636363636364,20.51566835820224,0.08363636363636363,0.12090909090909091,18.61566835820225,22.315668358202238,False,0.0022626632292145656,5.993727210337194,0,,
1057,1059,0.04181818181818182,21.162504352985238,0.02727272727272727,0.06636363636363636,17.76250435298519,25.4625043529853,True,0.001618424763020422,5.993082971870999,0,,
1059,1061,0.3,3.3000000000000003,0.23636363636363636,0.37272727272727274,1.9000000000000001,4.6000000000000005,True,0.010569910825481976,6.002034457933461,0,,
1060,1062,0.13727272727272727,13.620820304328396,0.11727272727272728,0.15545454545454546,11.920820304328402,15.12082030432839,False,0.0037969822973405957,5.99526152940532,0,,
1061,1063,0.07909090909090909,15.232694225657804,0.06,0.1090909090909091,12.432694225657814,18.232694225657795,True,0.05374679806461022,6.045211345172589,0,,
1062,1064,0.016363636363636365,5.341110945498115,0.013636363636363636,0.02090909090909091,3.6411109454981143,7.241110945498114,True,0.01630406896778519,6.007768616075764,0,,
1063,1065,0.026363636363636363,14.563189069563428,0.02,0.035454545454545454,12.363189069563436,17.06318906956342,True,0.020082241063331015,6.0115467881713105,0,,
1064,1066,0.025454545454545455,15.285989369946066,0.019545454545454546,0.03272727272727273,13.185989369946073,17.485989369946058,True,0.08135112411874203,6.072815671226721,0,,
1065,1067,0.1190909090909091,18.27264882572562,0.09363636363636364,0.1481818181818182,15.97264882572563,20.77264882572561,False,0.053437002387725224,6.044901549495704,0,,
1066,1068,0.03272727272727273,10.46246632726134,0.026363636363636363,0.04272727272727273,8.562466327261347,12.562466327261333,True,0.008453848014036154,5.999918395122015,0,,
1067,1069,0.06272727272727273,5.373403791411847,0.05,0.08,3.2734037914118477,7.773403791411846,False,0.02271881632538555,6.014183363433364,0,,
1068,1070,0.030909090909090907,5.614924580507887,0.025454545454545455,0.04,3.914924580507888,7.514924580507888,True,0.029885719110547465,6.021350266218526,0,,
1069,1071,0.04363636363636364,7.091240925360875,0.030909090909090907,0.06272727272727273,4.391240925360872,10.491240925360877,True,0.03908848300889219,6.030553030116871,0,,
1070,1072,0.14636363636363636,8.580649373857826,0.11727272727272728,0.18636363636363637,6.080649373857823,10.880649373857828,True,0.024792091569170827,6.01625663867715,0,,
1071,1073,0.3,6.5128157948314165,0.24545454545454545,0.35454545454545455,5.212815794831416,7.512815794831417,True,0.05380844945723986,6.0452729965652185,0,,
1072,1074,0.07309090909090908,10.372660936095093,0.057272727272727274,0.09363636363636364,7.972660936095101,12.672660936095085,False,0.0014607801467364358,5.992925327254715,0,,
1073,1075,0.06545454545454546,16.206462014559367,0.04272727272727273,0.09909090909090909,12.206462014559381,20.106462014559355,True,0.0003699577202670592,5.991834504828246,0,,
1074,1076,0.23636363636363636,4.5,0.19181818181818183,0.2818181818181818,3.5,5.5,False,0.025117268753691947,6.016581815861671,0,,
1075,1077,0.07772727272727273,7.77586874107998,0.045454545454545456,0.12454545454545454,2.6758687410799746,12.375868741079984,True,0.0004925984348434504,5.991957145542822,0,,
1076,1078,0.10636363636363637,10.392140716449777,0.08181818181818182,0.13,8.092140716449785,12.692140716449769,False,0.0013991035940185514,5.992863650701998,0,,
1077,1079,0.08363636363636363,7.99681268526708,0.06818181818181819,0.10545454545454545,5.8968126852670775,10.096812685267082,False,0.07149134493497067,6.062955892042949,0,,
1078,1080,0.04,25.275038561721274,0.02090909090909091,0.07590909090909091,20.475038561721206,30.475038561721348,True,0.001043801246137417,5.992508348354116,0,,
1079,1081,0.34545454545454546,9.691511773952222,0.2909090909090909,0.4090909090909091,8.591511773952226,10.791511773952218,True,0.002803620062438725,5.994268167170418,0,,
1080,1082,0.17272727272727273,7.131538036864559,0.12636363636363637,0.2909090909090909,3.5315380368645557,9.73153803686456,True,0.00899966082964985,6.000464207937629,0,,
1081,1083,0.017727272727272727,11.952731342154705,0.013636363636363636,0.023636363636363636,9.852731342154712,14.352731342154696,True,0.001128481041724237,5.992593028149703,0,,
1082,1084,0.18636363636363637,10.942867092148772,0.15545454545454546,0.23636363636363636,9.442867092148777,12.242867092148767,True,0.013636767460492933,6.005101314568472,0,,
1083,1085,0.3181818181818182,4.800000000000001,0.23636363636363636,0.4,3.0,6.300000000000001,True,0.02923592370796144,6.020700470815941,0,,
1084,1086,0.02090909090909091,17.999987592119986,0.015,0.028181818181818183,15.299987592119994,20.499987592119975,True,0.029139518069919493,6.020604065177898,0,,
1085,1087,0.16818181818181818,18.18201162263395,0.13545454545454547,0.24545454545454545,15.582011622633962,20.182011622633944,True,0.007184361521617491,5.998648908629597,0,,
1086,1088,0.06,6.773028227777758,0.046363636363636364,0.08,4.3730282277777555,9.67302822777776,True,0.023231589618948653,6.014696136726927,0,,
1087,1089,0.03636363636363636,11.116958318413678,0.028181818181818183,0.04727272727272727,9.116958318413685,13.41695831841367,True,0.0823423066141365,6.0738068537221155,0,,
1089,1091,0.18363636363636365,9.227182517903284,0.14454545454545453,0.2545454545454545,6.827182517903292,10.827182517903278,True,0.017224326883194967,6.008688873991174,0,,
1090,1092,0.06727272727272728,15.439765779509994,0.04727272727272727,0.09363636363636364,12.139765779510006,18.639765779509982,True,0.003443796056521829,5.994908343164501,0,,
1091,1093,0.04,6.853131273337178,0.03,0.05090909090909091,4.653131273337175,9.15313127333718,True,0.0390913920615278,6.030555939169507,0,,
