index,file_lineno,best_mass,best_AV,mass_min,mass_max,AV_min,AV_max,intersects,min_chi2,chi2_threshold,dof_gof,passes_gof,p_value,true_AV,true_mass
0,2,0.07363636363636364,12.169573545849644,0.04363636363636364,0.11727272727272728,7.269573545849663,16.66957354584963,True,0.0007276690208229872,5.992192216128802,0,,,10.5382,0.056206
1,3,0.19181818181818186,10.429739496397682,0.1572727272727273,0.2545454545454545,8.729739496397688,11.829739496397677,True,0.014547437446948532,6.006011984554927,0,,,9.3431,0.171107
2,4,0.02363636363636364,4.800000000000002,0.01909090909090909,0.029090909090909087,3.2,6.800000000000002,True,0.05418878451993068,6.04565333162791,0,,,4.31918,0.020454
3,5,0.11727272727272728,9.276951665043493,0.09636363636363636,0.13545454545454547,7.276951665043497,10.876951665043485,False,0.006169345431804699,5.997633892539784,0,,,6.74386,0.085403
4,6,0.16454545454545455,8.368442212762497,0.12636363636363634,0.24545454545454545,5.368442212762494,10.568442212762498,True,0.000459415049624729,5.991923962157603,0,,,6.40226,0.147953
5,7,0.2545454545454545,16.839708623805738,0.1781818181818182,0.3272727272727273,15.139708623805745,18.439708623805725,True,0.028231173144729206,6.0196957202527095,0,,,17.3093,0.20703
6,8,0.3636363636363637,23.24440583135172,0.3090909090909091,0.4272727272727273,22.1444058313517,24.34440583135173,False,0.017259048008382766,6.008723595116362,0,,,25.4049,0.353775
8,10,0.07,15.49119261610171,0.053636363636363635,0.08727272727272728,12.99119261610172,17.591192616101697,False,0.02617671823705637,6.017641265345034,0,,,14.277,0.053173
9,11,0.4090909090909091,5.696323653523376,0.3090909090909091,0.6454545454545454,3.7963236535233738,8.596323653523378,True,0.006354392645162612,5.9978189397531425,0,,,5.86181,0.398091
11,13,0.34545454545454546,6.565928577403327,0.3,0.4,5.665928577403326,7.565928577403327,True,0.07007460876937495,6.061539155877353,0,,,6.47402,0.321926
12,14,0.09636363636363636,21.082900444656254,0.06454545454545453,0.13181818181818186,17.282900444656207,24.482900444656305,True,4.9060915700620725e-05,5.991513608023679,0,,,20.0599,0.070333
13,15,0.02181818181818182,17.713710996406054,0.015,0.03,14.713710996406064,20.61371099640604,True,0.03949041350104082,6.03095496060902,0,,,18.585,0.01878
14,16,0.1890909090909091,9.28358591784106,0.15181818181818182,0.2545454545454545,7.283585917841068,10.883585917841058,True,0.007828471683359676,5.99929301879134,0,,,7.98796,0.168693
15,17,0.2181818181818182,10.796132910191796,0.1781818181818182,0.2636363636363636,9.796132910191801,11.796132910191794,True,0.0017673020295503137,5.993231849137528,0,,,10.0988,0.185198
16,18,0.3818181818181817,9.631571143945235,0.3090909090909091,0.4909090909090909,8.43157114394524,11.331571143945231,True,0.10426299060449988,6.095727537712478,0,,,10.2079,0.366108
17,19,0.2909090909090909,17.26133025805553,0.2363636363636364,0.3545454545454545,16.061330258055534,18.461330258055526,True,0.016585391410365954,6.008049938518345,0,,,18.1528,0.259832
18,20,0.12636363636363634,16.335051990866,0.10454545454545457,0.1481818181818182,14.235051990866008,18.135051990866,False,0.011571230563286544,6.003035777671267,0,,,14.8723,0.097278
20,22,1.2545454545454546,19.83714656244411,0.8909090909090909,1.4,17.637146562444112,20.737146562444106,False,0.053121043328204665,6.044585590436183,0,,,22.9691,1.31329
21,23,0.4,7.969143730842488,0.3545454545454545,0.4818181818181818,7.169143730842488,9.169143730842487,True,0.011463422265694526,6.0029279693736735,0,,,8.50713,0.394837
22,24,0.015454545454545453,7.190376819851892,0.012727272727272728,0.02,5.390376819851888,9.190376819851894,True,0.06732422907064467,6.0587887761786225,0,,,7.83498,0.01503
23,25,1.1454545454545455,17.403765236697893,0.7727272727272727,1.4,14.703765236697901,18.803765236697885,False,0.010393280014636259,6.001857827122616,0,,,20.2002,1.20782
24,26,0.34545454545454546,10.650752368512196,0.2727272727272727,0.44545454545454544,9.250752368512199,12.25075236851219,True,0.01506653165424439,6.006531078762222,0,,,11.0896,0.322605
25,27,0.4,6.457441852354168,0.3272727272727273,0.5636363636363636,5.0574418523541675,8.657441852354168,True,0.03032092184535345,6.0217854689533326,0,,,6.78875,0.394081
26,28,0.17545454545454547,15.811155488237565,0.15545454545454546,0.2090909090909091,14.61115548823757,16.81115548823756,True,0.01023415106104983,6.001698698169029,0,,,14.9163,0.158611
27,29,0.13363636363636364,11.043319700229919,0.11727272727272728,0.15,9.543319700229924,12.243319700229915,False,0.002473559574890928,5.9939381066828705,0,,,8.9241,0.106116
28,30,0.01,10.470607597001075,0.01,0.012727272727272728,10.170607597001078,12.37060759700107,True,0.0632747339555849,6.054739281063564,0,,,11.7408,0.010147
29,31,0.3545454545454545,20.993376413249475,0.2909090909090909,0.4363636363636364,19.79337641324945,22.493376413249496,False,0.09026580050907644,6.081730347617055,0,,,22.939,0.342464
30,32,0.3272727272727273,5.401398316448745,0.1863636363636364,0.5818181818181818,2.4013983164487462,9.101398316448744,True,0.008558332835780206,6.000022879943758,0,,,4.9614,0.293764
32,34,0.02363636363636364,15.989642761211208,0.01681818181818182,0.031818181818181815,13.389642761211213,18.6896427612112,True,0.00988263949138087,6.001347186599361,0,,,16.5894,0.019871
33,35,0.4090909090909091,2.9000000000000004,0.2181818181818182,1.0454545454545454,0.0,8.0,True,0.0004495977323213451,5.9919141448403,0,,,2.62726,0.39264
34,36,0.01909090909090909,10.288810138109682,0.010454545454545454,0.03636363636363636,5.388810138109699,14.988810138109665,True,0.004698533788275974,5.996163080896255,0,,,10.8478,0.017711
35,37,0.011818181818181818,6.699969310391138,0.01,0.013636363636363636,5.299969310391138,7.99996931039114,True,0.15534805288795414,6.1468125999959335,0,,,7.44862,0.01187
36,38,0.13727272727272727,14.044857115448,0.1190909090909091,0.15363636363636365,12.444857115448006,15.244857115447994,False,0.017042826265288854,6.008507373373267,0,,,12.2681,0.109643
37,39,0.1890909090909091,22.729446567964587,0.15363636363636365,0.2363636363636364,20.929446567964558,23.9294465679646,True,0.027201802618204474,6.018666349726184,0,,,22.8605,0.167637
40,42,0.027272727272727268,11.781705978706508,0.02090909090909091,0.03636363636363636,9.481705978706517,14.0817059787065,True,0.005987095985655601,5.997451643093633,0,,,11.7529,0.023358
41,43,0.12090909090909092,10.68499361645911,0.07309090909090908,0.16818181818181818,5.884993616459128,14.484993616459095,True,0.006974909357807169,5.998439456465786,0,,,8.43351,0.089676
42,44,0.1390909090909091,5.906278088782336,0.12090909090909092,0.1572727272727273,4.406278088782335,7.406278088782336,False,0.014526648399517656,6.005991195507496,0,,,3.3925,0.114438
43,45,0.15545454545454546,9.249683115474092,0.11727272727272728,0.2181818181818182,6.149683115474103,11.649683115474085,True,0.015197104157136012,6.006661651265116,0,,,7.35146,0.135785
44,46,0.02,9.889936843684412,0.015,0.028181818181818183,7.6899368436844195,12.889936843684401,True,0.032889895022690865,6.02435444213067,0,,,10.478,0.018535
45,47,0.1190909090909091,16.687249042759724,0.09727272727272727,0.1390909090909091,14.587249042759733,18.487249042759718,False,0.004015585971320391,5.995480133079298,0,,,15.0886,0.087852
46,48,0.15545454545454546,7.830550466089798,0.13727272727272727,0.1781818181818182,6.330550466089795,9.130550466089797,False,0.003799348722781307,5.99526389583076,0,,,5.56832,0.134795
47,49,0.027272727272727268,8.975821768243051,0.02181818181818182,0.037272727272727284,7.075821768243058,11.475821768243044,True,0.16591991913025206,6.1573844662382315,0,,,8.92927,0.024008
48,50,0.2363636363636364,11.730313426777563,0.16636363636363638,0.3181818181818182,9.730313426777569,13.430313426777554,True,0.019443078051594846,6.010907625159574,0,,,11.3775,0.195263
49,51,0.049090909090909095,11.992267993063093,0.039090909090909086,0.06363636363636364,9.7922679930631,14.392267993063085,True,0.00864307587852195,6.000107622986501,0,,,11.3536,0.040398
50,52,0.16818181818181818,8.629572956750856,0.1409090909090909,0.2272727272727273,6.429572956750856,10.229572956750856,True,0.0017637098096586871,5.993228256917638,0,,,6.79817,0.15319
51,53,0.3818181818181817,6.227091594702612,0.2636363636363636,0.6545454545454545,3.8270915947026114,9.527091594702616,True,0.005921674923126478,5.997386222031106,0,,,6.22197,0.364245
52,54,0.14272727272727273,10.27423479399053,0.11727272727272728,0.16272727272727272,8.174234793990538,11.874234793990526,False,0.02577466188507051,6.0172392089930495,0,,,8.06416,0.116236
53,55,0.11545454545454545,7.7954793470589125,0.08181818181818183,0.14454545454545453,4.495479347058911,10.195479347058916,True,0.024377531676633292,6.015842078784613,0,,,4.91622,0.082613
54,56,0.09363636363636364,6.878446458935786,0.075,0.11545454545454545,4.778446458935783,8.778446458935786,False,0.008689184149746863,6.0001537312577256,0,,,4.17631,0.069229
55,57,0.4909090909090909,10.840277102057021,0.4,0.6363636363636364,9.540277102057026,12.440277102057015,True,0.06800023166149755,6.0594647787694775,0,,,12.0183,0.501966
56,58,0.06818181818181819,15.619656683224404,0.049090909090909095,0.0918181818181818,12.519656683224413,18.519656683224394,True,0.0007145190914499013,5.992179066199429,0,,,14.5721,0.052476
57,59,0.05090909090909091,3.4000000000000004,0.03363636363636364,0.08181818181818183,0.0,7.9,True,0.04410205537963822,6.035566602487617,0,,,1.31523,0.040538
58,60,0.6272727272727272,9.770294249812874,0.4272727272727273,1.0636363636363635,7.370294249812883,13.170294249812862,True,0.001173461690252814,5.992638008798232,0,,,11.08,0.645787
59,61,0.2,9.922298790546863,0.15,0.2909090909090909,7.5222987905468734,11.922298790546858,True,0.020594315266366358,6.012058862374346,0,,,8.91214,0.176272
61,63,0.5363636363636364,7.065016072318864,0.3727272727272728,0.9,4.6650160723188625,10.365016072318868,True,0.023151826778516103,6.014616373886494,0,,,7.58463,0.530846
62,64,0.024545454545454544,6.180763702331159,0.02,0.030909090909090907,4.580763702331158,8.380763702331162,True,0.11408236362722375,6.105546910735201,0,,,5.96092,0.021623
63,65,0.2909090909090909,4.1000000000000005,0.2090909090909091,0.3727272727272728,2.2,5.800000000000002,True,0.037048257783682335,6.028512804891661,0,,,3.12508,0.245797
64,66,0.3272727272727273,8.549601627900707,0.2727272727272727,0.3727272727272728,7.3496016279007055,9.449601627900707,True,0.057453288647788064,6.048917835755768,0,,,8.35411,0.2873
65,67,0.1390909090909091,10.166178818080054,0.11363636363636365,0.16272727272727272,7.966178818080059,12.066178818080044,False,0.002441481585817944,5.9939060286937975,0,,,8.02624,0.113136
66,68,0.011363636363636364,12.282716584119468,0.01,0.014090909090909091,11.082716584119472,14.082716584119463,True,0.008703454168461466,6.000168001276442,0,,,13.7233,0.011521
67,69,0.01681818181818182,17.119948703064274,0.012727272727272728,0.022727272727272728,14.719948703064285,19.519948703064266,True,0.022237197973630062,6.013701745081608,0,,,18.5645,0.015695
69,71,0.012727272727272728,20.418197841041703,0.01,0.02090909090909091,18.01819784104171,24.618197841041685,True,0.025324525254234717,6.016789072362214,0,,,22.8529,0.012946
70,72,0.1863636363636364,10.970663975305095,0.16090909090909092,0.2272727272727273,9.770663975305098,11.97066397530509,False,0.017480013123709098,6.008944560231688,0,,,9.76368,0.166985
71,73,0.13363636363636364,8.656562105701976,0.11,0.15363636363636365,6.5565621057019765,10.15656210570198,False,0.018399655478072232,6.009864202586051,0,,,6.17901,0.104763
72,74,0.3181818181818182,6.391727499170221,0.2545454545454545,0.3909090909090909,4.99172749917022,7.691727499170223,True,0.02294972381069824,6.014414270918678,0,,,5.97366,0.284688
73,75,0.014545454545454544,13.0134451199999,0.01,0.028181818181818183,9.113445119999911,17.713445119999882,True,0.008603333605966991,6.000067880713947,0,,,14.3928,0.014379
74,76,0.08818181818181818,13.81227990942974,0.06272727272727273,0.11727272727272728,10.312279909429751,16.512279909429733,True,0.0258368645405404,6.01730141164852,0,,,11.8002,0.06481
75,77,0.13727272727272727,5.033275894544959,0.11181818181818183,0.16454545454545455,2.733275894544959,7.233275894544959,False,0.03678420677257314,6.028248753880553,0,,,2.46876,0.113714
77,79,0.034545454545454546,6.0232337672770395,0.028181818181818183,0.04181818181818182,4.423233767277036,7.723233767277041,True,0.02454320200108033,6.0160077491090584,0,,,5.12136,0.028294
78,80,0.08454545454545455,9.840664040255856,0.06,0.11363636363636365,6.440664040255867,12.740664040255844,True,0.008585218321018799,6.000049765428997,0,,,7.62777,0.063378
79,81,0.1972727272727273,8.548938972753097,0.1572727272727273,0.2636363636363636,6.848938972753094,10.148938972753095,True,0.012200569867524005,6.003665116975503,0,,,7.37689,0.174625
80,82,0.6545454545454545,14.62943602027932,0.4818181818181818,0.9181818181818182,12.82943602027933,16.829436020279314,True,0.03903971409626975,6.030504261204249,0,,,16.6568,0.674569
81,83,0.02181818181818182,12.088421768338947,0.015454545454545453,0.03,9.488421768338958,14.988421768338936,True,0.0013918763322707964,5.992856423440251,0,,,12.5041,0.019064
82,84,0.2909090909090909,6.061441176533752,0.24545454545454545,0.3363636363636364,5.061441176533751,6.961441176533753,True,0.1872567774516363,6.178721324559615,0,,,5.43837,0.250973
83,85,0.022727272727272728,15.605824692681164,0.01818181818181818,0.029090909090909087,13.705824692681173,17.905824692681154,True,0.029350358378065412,6.020814905486044,0,,,16.3505,0.01978
84,86,0.12454545454545456,14.045331304933839,0.10272727272727274,0.14454545454545453,11.945331304933848,15.645331304933837,False,0.010725594530108427,6.0021901416380885,0,,,12.1325,0.092697
85,87,0.06272727272727273,13.627851853168442,0.03545454545454545,0.11181818181818183,8.827851853168461,18.827851853168426,True,0.002994215665437137,5.994458762773416,0,,,12.7011,0.049048
87,89,0.012727272727272728,7.5264712126237105,0.01090909090909091,0.01590909090909091,6.3264712126237095,9.526471212623713,True,0.21111413999293746,6.2025786871009165,0,,,8.67125,0.013106
88,90,0.13,12.666185451309,0.09636363636363636,0.16090909090909092,9.566185451309007,15.06618545130899,True,0.014185245758879634,6.005649792866857,0,,,10.6929,0.10164
89,91,0.1972727272727273,10.684022708185164,0.16272727272727272,0.2545454545454545,9.28402270818517,11.884022708185158,True,0.02486142310387553,6.016325970211855,0,,,9.59651,0.173357
90,92,0.14636363636363636,9.523923855824435,0.11727272727272728,0.1809090909090909,7.023923855824447,11.72392385582443,True,0.006970912494039809,5.998435459602018,0,,,7.4095,0.123088
92,94,0.01818181818181818,14.307368039494227,0.011363636363636364,0.03363636363636364,10.307368039494241,19.207368039494213,True,0.013849413502614046,6.005313960610592,0,,,15.6105,0.017277
93,95,0.5636363636363636,8.477629002962612,0.3,1.4,4.377629002962607,13.877629002962616,True,0.0011684922661799962,5.99263303937416,0,,,9.48228,0.579234
94,96,0.2272727272727273,5.410153966782503,0.18363636363636365,0.2636363636363636,4.410153966782503,6.3101539667825035,False,0.09999360777662362,6.091458154884603,0,,,4.07236,0.18784
95,97,0.10727272727272727,11.479246742363804,0.08818181818181818,0.12636363636363634,9.779246742363807,13.279246742363794,False,0.03687032611087241,6.028334873218851,0,,,9.30849,0.078125
96,98,0.1190909090909091,11.329362848787714,0.07909090909090909,0.15545454545454546,7.429362848787727,14.3293628487877,True,0.003928118762219767,5.995392665870199,0,,,9.05418,0.08666
97,99,0.4,7.3942113821318625,0.3545454545454545,0.4818181818181818,6.494211382131861,8.594211382131864,True,0.05602154220146397,6.047486089309442,0,,,7.69816,0.38784
98,100,0.3818181818181817,6.769433819382416,0.3181818181818182,0.4636363636363636,5.5694338193824136,8.069433819382418,True,0.04479872623429222,6.036263273342272,0,,,6.84038,0.360001
99,101,0.3727272727272728,6.119753007098002,0.3,0.4818181818181818,4.719753007098002,7.8197530070980035,True,0.04230103627417517,6.033765583382153,0,,,6.06938,0.352549
100,102,0.1409090909090909,5.3062897494071,0.09545454545454546,0.19454545454545452,1.3062897494071004,8.3062897494071,True,0.005702646443830364,5.9971671935518085,0,,,2.62518,0.115311
101,103,0.027272727272727268,12.659108947182453,0.02181818181818182,0.034545454545454546,10.65910894718246,14.559108947182446,True,0.02770720600531909,6.019171753113298,0,,,12.7504,0.023383
102,104,0.04454545454545455,4.4,0.031818181818181815,0.06363636363636364,1.6,7.7,True,0.08015408758229192,6.071618634690272,0,,,3.00835,0.036662
103,105,0.07954545454545454,4.5,0.053636363636363635,0.11363636363636365,0.7000000000000001,7.9,True,0.005459861861208502,5.996924408969187,0,,,1.83744,0.060408
104,106,0.4909090909090909,2.3000000000000003,0.3181818181818182,1.2090909090909092,0.0,7.5,True,0.004404662143533134,5.995869209251512,0,,,2.43285,0.500934
105,107,0.01,13.160134142482654,0.01,0.013181818181818182,12.760134142482656,15.260134142482649,True,0.05489800581009293,6.046362552918072,0,,,14.7899,0.010328
106,108,0.18363636363636365,8.38797160029104,0.15363636363636365,0.24545454545454545,6.587971600291038,9.787971600291039,True,0.015830441535179263,6.0072949886431575,0,,,6.84536,0.165704
107,109,0.045454545454545456,11.579190128784091,0.03,0.07127272727272728,8.179190128784104,15.779190128784075,True,0.020846843111511075,6.012311390219491,0,,,11.0379,0.037703
108,110,0.6272727272727272,4.6000000000000005,0.2909090909090909,1.4,0.0,9.4,True,0.0034860298536536524,5.9949505769616325,0,,,4.95815,0.620258
109,111,0.14636363636363636,13.207003976986853,0.11727272727272728,0.17272727272727273,10.80700397698686,15.207003976986844,True,0.03355490663279859,6.025019453740777,0,,,11.4629,0.121196
110,112,0.16090909090909092,5.558205322055438,0.13363636363636364,0.2,3.4582053220554383,7.158205322055437,False,0.0811991829339205,6.072663730041898,0,,,3.16361,0.14078
111,113,0.10636363636363637,18.846366956229364,0.08727272727272728,0.12090909090909092,17.146366956229368,20.34636695622936,False,0.04224572732344517,6.033710274431424,0,,,17.3897,0.076348
112,114,0.08636363636363636,4.4,0.05545454545454545,0.12818181818181815,0.1,8.3,True,0.009862723641062313,6.0013272707490435,0,,,1.64683,0.065444
113,115,0.03,10.272643236736435,0.022727272727272728,0.04272727272727273,7.6726432367364445,12.972643236736426,True,0.06713769769716793,6.058602244805147,0,,,9.844,0.02555
114,116,0.09090909090909093,12.192046991727452,0.05181818181818182,0.15,6.992046991727473,16.992046991727435,True,0.0033990388636675273,5.994863585971648,0,,,9.99249,0.066844
119,121,0.7181818181818181,8.024687800103976,0.3636363636363637,1.4,3.5246878001039725,13.024687800103981,True,0.0031947138241855103,5.994659260932164,0,,,9.33179,0.741
120,122,0.24545454545454545,7.864446543369074,0.13727272727272727,0.44545454545454544,3.4644465433690708,11.66444654336908,True,0.016090003091205653,6.007554550199185,0,,,7.35916,0.20042
121,123,0.14636363636363636,10.651033319353743,0.12272727272727273,0.16818181818181818,8.751033319353754,12.351033319353741,False,0.008921271429100831,6.00038581853708,0,,,8.62908,0.121819
122,124,0.08,7.134379182878514,0.05454545454545455,0.11363636363636365,3.434379182878512,10.534379182878515,True,0.004842491967339361,5.996307039075319,0,,,4.72655,0.060716
123,125,0.026363636363636363,13.3700208356125,0.01818181818181818,0.03818181818181818,10.370020835612511,16.37002083561249,True,0.006702816580616421,5.998167363688595,0,,,13.5392,0.022391
124,126,0.2909090909090909,8.929351617805517,0.2090909090909091,0.3818181818181817,6.9293516178055246,10.629351617805511,True,0.010941751528512893,6.002406298636492,0,,,8.60738,0.253938
126,128,0.034545454545454546,13.599495446698024,0.025454545454545452,0.04727272727272727,10.899495446698033,16.299495446698014,True,0.0260155837934546,6.017480130901434,0,,,13.537,0.028275
127,129,0.024545454545454544,9.093549590232481,0.01818181818181818,0.031818181818181815,6.693549590232478,11.393549590232483,True,0.008927665960116099,6.0003922130680944,0,,,8.78322,0.020641
128,130,0.07727272727272727,7.4361427262507425,0.053636363636363635,0.1090909090909091,3.9361427262507385,10.636142726250744,True,0.0020729910350513435,5.993537538143031,0,,,5.16294,0.05856
129,131,0.1809090909090909,9.497702480699484,0.10272727272727274,0.4363636363636364,4.297702480699503,14.297702480699467,True,3.990690022952449e-06,5.991468537798003,0,,,7.91275,0.162422
130,132,0.24545454545454545,4.4,0.1781818181818182,0.3181818181818182,2.8000000000000003,6.0,True,0.00990981246954764,6.001374359577527,0,,,3.3689,0.199559
132,134,0.08363636363636362,7.148579902127805,0.0609090909090909,0.11545454545454545,3.9485799021278014,10.148579902127807,True,0.014941530246702427,6.006406077354683,0,,,4.78783,0.063889
133,135,0.01636363636363636,16.527746192645488,0.012272727272727272,0.022727272727272728,14.127746192645494,19.02774619264548,True,0.013604394662779946,6.005068941770759,0,,,17.9853,0.015424
134,136,0.2272727272727273,7.1274098684759934,0.17,0.2909090909090909,5.827409868475993,8.527409868475996,True,0.005643784372049525,5.997108331480027,0,,,6.18578,0.190286
135,137,0.3090909090909091,7.496810728789335,0.24545454545454545,0.3818181818181817,5.9968107287893355,8.796810728789337,True,0.0020178367957695365,5.993482383903749,0,,,7.10218,0.271911
136,138,0.037272727272727284,13.94416541756683,0.022727272727272728,0.06454545454545453,9.844165417566844,18.94416541756681,True,0.008084789974233113,5.999549337082213,0,,,13.9785,0.030177
137,139,0.1390909090909091,11.363670714948375,0.11181818181818183,0.16454545454545455,8.963670714948382,13.363670714948368,True,0.005283842623935795,5.9967483897319145,0,,,9.31098,0.112257
138,140,0.012272727272727272,16.472336304619137,0.01,0.017272727272727273,14.57233630461914,19.272336304619124,True,0.017621565684550766,6.00908611279253,0,,,18.1738,0.01208
139,141,0.14636363636363636,24.100025181676717,0.08363636363636362,0.2636363636363636,18.90002518167664,28.200025181676768,True,0.001745906096427505,5.993210453204408,0,,,23.5543,0.122405
140,142,0.2363636363636364,13.04048576102325,0.17,0.3,11.440485761023258,14.540485761023245,True,0.01902755498240627,6.010492102090385,0,,,12.845,0.193337
141,143,0.16636363636363638,14.189034176426716,0.14272727272727273,0.2,12.289034176426725,15.289034176426714,True,0.04576411984588092,6.037228666953861,0,,,12.7388,0.148782
142,144,0.03,12.071139192500661,0.02090909090909091,0.04636363636363637,8.771139192500671,15.571139192500649,True,0.011569636435730678,6.0030341835437095,0,,,11.9309,0.025716
143,145,0.04181818181818182,6.992405446210961,0.03272727272727273,0.04818181818181819,5.192405446210961,8.592405446210963,True,0.11218763561227076,6.10365218272025,0,,,5.93254,0.033205
144,146,0.04454545454545455,10.255806987719696,0.03363636363636364,0.0609090909090909,7.855806987719704,13.155806987719686,True,0.032989306436978116,6.024453853544957,0,,,9.6584,0.036798
145,147,0.06,14.42081448054787,0.04636363636363637,0.07636363636363636,11.92081448054788,16.82081448054786,True,0.007288233289352108,5.99875278039733,0,,,13.5438,0.047249
146,148,0.2,9.268718049278334,0.16454545454545455,0.2545454545454545,8.068718049278338,10.46871804927833,True,0.0009693838250912463,5.99243393093307,0,,,8.12828,0.175352
147,149,0.06545454545454546,10.92121749273418,0.04727272727272727,0.08818181818181818,8.021217492734191,14.02121749273417,True,0.011400885418789709,6.002865432526768,0,,,9.52671,0.050372
148,150,0.13727272727272727,13.029203754246998,0.11545454545454545,0.15545454545454546,11.229203754247004,14.529203754246993,False,0.05945977123794141,6.0509243183459205,0,,,11.0417,0.108144
149,151,0.030909090909090907,6.124881636748286,0.02363636363636364,0.04454545454545455,3.524881636748284,9.024881636748288,True,0.015453362310760409,6.006917909418738,0,,,5.46216,0.02661
150,152,0.030909090909090907,12.434169258797612,0.017727272727272727,0.056363636363636366,7.734169258797627,17.23416925879759,True,0.021436771619553555,6.012901318727533,0,,,12.3255,0.026252
151,153,0.2272727272727273,9.497833916198706,0.1572727272727273,0.3181818181818182,6.997833916198715,11.3978339161987,True,0.0322837307441798,6.023748277852159,0,,,8.58899,0.187903
152,154,0.028181818181818183,6.361951110152322,0.02,0.039090909090909086,3.4619511101523206,8.961951110152324,True,0.1324419338791525,6.123906480987133,0,,,5.57062,0.023801
153,155,0.031818181818181815,11.69459017526512,0.022727272727272728,0.04454545454545455,8.694590175265134,14.394590175265114,True,0.04148480787447885,6.032949354982457,0,,,11.3703,0.026494
154,156,0.2,12.186473564616511,0.16636363636363638,0.2545454545454545,11.186473564616515,13.386473564616509,True,0.08442954944143351,6.075894096549412,0,,,11.5548,0.177529
156,158,0.014090909090909091,15.437762249773565,0.01090909090909091,0.01909090909090909,13.337762249773572,17.837762249773554,True,0.033802566218749094,6.025267113326727,0,,,17.0474,0.013958
157,159,0.057272727272727274,11.959761784828133,0.031818181818181815,0.10181818181818182,7.059761784828148,17.059761784828112,True,0.001566080270127647,5.993030627378107,0,,,10.9663,0.045687
158,160,0.12272727272727273,27.638244472047006,0.08181818181818183,0.16090909090909092,23.738244472046947,30.738244472047054,True,0.014388337638543847,6.005852884746523,0,,,27.4087,0.0928
159,161,0.2818181818181818,13.095214901217199,0.2181818181818182,0.34545454545454546,11.795214901217205,14.395214901217196,True,0.030580555962043343,6.022045103070022,0,,,13.3332,0.240288
160,162,0.4545454545454546,16.462148304496353,0.3636363636363637,0.6909090909090909,14.96214830449636,19.162148304496345,True,0.04535030608033377,6.036814853188312,0,,,18.6386,0.486437
161,163,0.10454545454545457,6.2147801946001655,0.075,0.13181818181818186,3.2147801946001637,8.714780194600168,True,0.007958948824577344,5.9994234959325565,0,,,3.32899,0.075151
162,164,0.1390909090909091,17.839077525555343,0.10363636363636364,0.16818181818181818,14.639077525555356,20.23907752555533,True,0.01812115728671376,6.009585704394692,0,,,16.4239,0.11131
163,165,0.16090909090909092,25.689743576804155,0.12818181818181815,0.2272727272727273,23.08974357680412,27.58974357680418,True,0.01682117471460745,6.0082857218225865,0,,,25.7977,0.146333
164,166,0.17,15.692470005425612,0.14636363636363636,0.2090909090909091,13.69247000542562,16.792470005425606,True,0.01876394693657639,6.010228494044554,0,,,14.5128,0.154139
165,167,0.04454545454545455,12.679696596892054,0.037272727272727284,0.05454545454545455,11.079696596892061,14.579696596892047,False,0.08509738781844851,6.076561934926428,0,,,12.3389,0.03704
166,168,0.10363636363636364,21.521379443207273,0.06454545454545453,0.14272727272727273,17.021379443207213,25.021379443207326,True,0.01630490581120337,6.007769452919183,0,,,20.3757,0.074023
167,169,0.17545454545454547,9.171238180003256,0.13,0.2818181818181818,5.871238180003267,11.571238180003247,True,0.0013836882390438762,5.992848235347023,0,,,7.49457,0.15941
168,170,0.03272727272727273,21.882345351631656,0.02363636363636364,0.05090909090909091,18.782345351631612,25.682345351631714,True,0.0206287511893978,6.012093298297378,0,,,23.0084,0.028044
169,171,0.4727272727272727,24.048535281739703,0.4,0.5909090909090908,22.948535281739694,25.44853528173973,False,0.016770138553304382,6.008234685661282,0,,,27.1491,0.512431
170,172,0.12090909090909092,10.078502244122069,0.10363636363636364,0.13363636363636364,8.378502244122075,11.178502244122065,False,0.09829013460565923,6.089754681713639,0,,,7.50252,0.087348
171,173,0.053636363636363635,21.12174721921716,0.03636363636363636,0.08363636363636362,17.521747219217108,25.42174721921722,True,0.019768245984875477,6.011232793092854,0,,,21.4838,0.044426
172,174,0.11545454545454545,11.799624675979636,0.08818181818181818,0.13727272727272727,9.199624675979646,13.599624675979632,False,0.03518672379158371,6.0266512708995625,0,,,9.39909,0.082715
173,175,0.3,8.462033965169834,0.24545454545454545,0.3636363636363637,7.162033965169831,9.662033965169837,True,0.0009427962362375256,5.992407343344216,0,,,8.18233,0.262931
174,176,0.4,3.5,0.2090909090909091,1.0272727272727271,0.0,8.8,True,0.004365668455991891,5.995830215563972,0,,,3.55322,0.397854
175,177,0.15363636363636365,13.98525395456358,0.13545454545454547,0.1781818181818182,12.585253954563587,15.585253954563575,False,0.08305006003486183,6.074514607142841,0,,,12.702,0.135225
176,178,0.04727272727272727,9.896107582112018,0.03363636363636364,0.07018181818181819,6.996107582112027,13.596107582112005,True,0.03944951532261553,6.030914062430594,0,,,9.17557,0.039529
177,179,0.13545454545454547,22.453082973704177,0.10363636363636364,0.16454545454545455,19.453082973704134,24.75308297370421,True,0.0004903579213695796,5.991954905029348,0,,,21.6871,0.109122
178,180,0.2727272727272727,8.239021781817351,0.19181818181818186,0.3545454545454545,6.439021781817349,9.739021781817351,True,0.011289866982613587,6.002754414090593,0,,,7.68332,0.226368
180,182,0.19181818181818186,10.416843425552317,0.16272727272727272,0.2363636363636364,9.216843425552321,11.416843425552313,True,0.0012532469876877538,5.992717794095666,0,,,9.25039,0.170038
181,183,0.1781818181818182,10.425368601711796,0.10545454545454544,0.3636363636363637,5.225368601711813,14.425368601711778,True,0.0012262599132619669,5.9926908070212415,0,,,8.83741,0.159614
182,184,0.08454545454545455,4.800000000000002,0.04636363636363637,0.1481818181818182,0.0,9.7,True,0.002961363395334547,5.994425910503312,0,,,1.97041,0.063472
183,185,0.1590909090909091,5.77822059886938,0.13,0.19181818181818186,3.4782205988693797,7.17822059886938,False,0.116992691088862,6.1084572381968405,0,,,3.01147,0.135303
184,186,0.027272727272727268,6.638917308409475,0.01818181818181818,0.04363636363636364,3.3389173084094725,10.53891730840948,True,0.017198459229797444,6.008663006337778,0,,,6.25179,0.023886
185,187,0.028181818181818183,12.995933805790465,0.02181818181818182,0.03818181818181818,10.795933805790472,15.295933805790455,True,0.0062761821744416295,5.9977407292824205,0,,,13.1899,0.024505
186,188,0.2090909090909091,7.936392653757693,0.14454545454545453,0.3181818181818182,5.036392653757692,10.336392653757695,True,0.019455229701511687,6.010919776809491,0,,,6.77909,0.179237
187,189,0.12090909090909092,11.687457176203383,0.09545454545454546,0.1481818181818182,9.287457176203386,13.887457176203373,False,0.03443108597945535,6.025895633087433,0,,,9.71431,0.091428
188,190,0.029090909090909087,6.588536841923577,0.022727272727272728,0.04,4.3885368419235755,8.98853684192358,True,0.05542672773138654,6.046891274839367,0,,,6.06479,0.025411
189,191,0.11181818181818183,13.485570252923605,0.08181818181818183,0.1390909090909091,10.585570252923617,15.885570252923596,False,0.02332721361845647,6.014791760726434,0,,,11.399,0.080407
190,192,0.3818181818181817,6.051584897330347,0.3181818181818182,0.4727272727272727,4.851584897330347,7.351584897330349,True,0.03932592804058967,6.030790475148568,0,,,5.99249,0.362685
191,193,0.034545454545454546,12.267974889516909,0.027272727272727268,0.045454545454545456,10.367974889516914,14.567974889516899,True,0.028454591848618836,6.019919138956598,0,,,12.2704,0.028873
192,194,0.5545454545454546,1.9,0.3727272727272728,1.2545454545454546,0.0,6.9,True,0.02275679396631547,6.014221341074294,0,,,1.8484,0.54845
193,195,0.04272727272727273,14.626842228890665,0.03,0.0609090909090909,11.826842228890676,17.926842228890656,True,0.1582759811026562,6.1497405282106365,0,,,14.4896,0.034887
194,196,0.029090909090909087,4.2,0.022727272727272728,0.03818181818181818,1.9,6.300000000000002,True,0.030375663425101312,6.02184021053308,0,,,3.18633,0.024886
195,197,0.019545454545454543,9.218603627177496,0.014090909090909091,0.026363636363636363,6.718603627177494,11.8186036271775,True,0.03886119410076897,6.030325741208747,0,,,9.47664,0.017606
196,198,0.04181818181818182,10.980955681671446,0.027272727272727268,0.06363636363636364,7.580955681671457,14.98095568167143,True,0.003609586984930594,5.99507413409291,0,,,10.4913,0.033931
197,199,0.3727272727272728,7.642596675404969,0.3363636363636364,0.4272727272727273,6.942596675404966,8.442596675404967,True,0.0015061131508138984,5.992970660258792,0,,,7.81628,0.354089
198,200,0.1,15.325227249388735,0.057272727272727274,0.14272727272727273,10.225227249388752,19.225227249388727,True,0.011270050581225271,6.002734597689204,0,,,13.4498,0.070947
199,201,0.34545454545454546,11.91935018851416,0.3,0.4,11.019350188514164,12.91935018851416,True,0.09010232125461937,6.081566868362597,0,,,12.5327,0.323291
200,202,0.025454545454545452,15.12073225019614,0.019545454545454543,0.03363636363636364,13.020732250196149,17.42073225019613,True,0.042187066783540686,6.03365161389152,0,,,15.6087,0.022042
201,203,0.19181818181818186,9.035203944619813,0.1590909090909091,0.2363636363636364,7.63520394461981,10.035203944619813,False,0.09361044222945578,6.085074989337435,0,,,7.60708,0.168851
202,204,0.022727272727272728,12.180976506579073,0.017272727272727273,0.029090909090909087,9.98097650657908,14.480976506579065,True,0.08975636467824423,6.081220911786224,0,,,12.4639,0.019502
203,205,0.056363636363636366,6.736148557764093,0.04,0.08,3.536148557764089,10.136148557764097,True,0.003322525911703994,5.994787073019682,0,,,5.21788,0.045316
204,206,0.15,8.90360763713377,0.12090909090909092,0.1890909090909091,6.503607637133768,10.90360763713377,True,0.0020953734920420926,5.993559920600022,0,,,6.80614,0.128256
205,207,0.5272727272727272,4.5,0.2818181818181818,1.2636363636363637,0.6000000000000001,9.7,True,0.007433940058011211,5.99889848716599,0,,,4.827,0.529413
206,208,0.10727272727272727,8.814450167800402,0.06363636363636364,0.15363636363636365,3.8144501678003966,12.814450167800405,True,0.0005670722926585464,5.992031619400637,0,,,6.34463,0.077882
207,209,0.028181818181818183,17.959480334920407,0.015454545454545453,0.05181818181818182,12.959480334920425,22.85948033492039,True,0.028564054145322256,6.020028601253301,0,,,18.6688,0.024543
208,210,0.2727272727272727,9.117447480886156,0.1572727272727273,0.4363636363636364,5.817447480886169,12.217447480886145,True,0.023136345565413653,6.014600892673393,0,,,8.80882,0.227345
209,211,0.19454545454545452,9.594324700901199,0.11545454545454545,0.3545454545454545,4.494324700901219,12.994324700901187,True,0.0041464017024286795,5.995610948810407,0,,,8.24896,0.170177
210,212,0.02,10.346844256912648,0.01590909090909091,0.026363636363636363,8.446844256912655,12.646844256912642,True,0.045757410725993874,6.037221957833973,0,,,10.822,0.018198
211,213,0.11363636363636365,34.26490037434534,0.06909090909090909,0.1572727272727273,29.364900374345268,37.86490037434539,True,0.001323585958003926,5.992788133065982,0,,,34.7439,0.08449
212,214,0.6636363636363636,7.1222348028062905,0.3181818181818182,1.4,2.522234802806285,12.522234802806294,True,0.002264705353866569,5.993729252461844,0,,,8.1492,0.679251
213,215,0.4,3.5,0.2727272727272727,0.7272727272727273,1.1,7.300000000000002,True,0.025021979067458684,6.016486526175437,0,,,3.30871,0.38463
214,216,0.09272727272727273,33.00497140496636,0.049090909090909095,0.1590909090909091,27.904971404966286,37.90497140496643,True,0.0024785644791077786,5.993943111587088,0,,,33.401,0.069919
215,217,0.1390909090909091,12.497511632556096,0.1190909090909091,0.16090909090909092,10.797511632556102,14.09751163255609,False,0.094194149533339,6.0856586966413175,0,,,10.7284,0.115338
216,218,0.04818181818181819,4.784481911795418,0.040909090909090916,0.06272727272727273,3.184481911795418,7.1844819117954195,True,0.1529552631452436,6.144419810253223,0,,,3.57594,0.041088
217,219,0.7545454545454545,29.883826320189165,0.5363636363636364,1.1272727272727274,27.683826320189127,32.583826320189196,False,0.0005839347506172848,5.992048481858597,0,,,34.7551,0.877611
218,220,0.04181818181818182,6.811264494645145,0.030909090909090907,0.05545454545454545,4.511264494645144,9.511264494645149,True,0.015492204451014903,6.006956751558994,0,,,5.86068,0.034193
219,221,0.34545454545454546,3.7,0.2363636363636364,0.5181818181818182,1.5,6.300000000000002,True,0.012545413704270987,6.00400996081225,0,,,3.17934,0.315323
220,222,0.11363636363636365,7.0425510092918575,0.06454545454545453,0.18363636363636365,1.9425510092918532,11.942551009291858,True,0.007983952911470743,5.99944850001945,0,,,4.36454,0.083205
221,223,0.34545454545454546,12.277529757429663,0.17,0.7909090909090909,8.477529757429677,17.377529757429645,True,0.0010221143524081217,5.992486661460387,0,,,12.8632,0.320629
222,224,0.5545454545454546,7.397504579561289,0.2727272727272727,1.3727272727272726,2.8975045795612857,12.497504579561296,True,0.003893070105239277,5.995357617213219,0,,,8.18201,0.564628
223,225,0.11,14.756438004505995,0.08636363636363636,0.13363636363636364,12.556438004506006,16.95643800450599,False,0.027949716052636582,6.019414263160615,0,,,13.0197,0.080372
224,226,0.06818181818181819,13.31938799448874,0.04727272727272727,0.09909090909090908,9.819387994488752,16.819387994488732,True,0.0034497287642121237,5.994914275872191,0,,,12.1086,0.053026
225,227,0.06454545454545453,8.642953448056407,0.04454545454545455,0.0981818181818182,5.0429534480564175,12.542953448056393,True,0.014537225891098553,6.006001772999077,0,,,7.20348,0.05084
227,229,0.17545454545454547,11.253019651024005,0.12636363636363634,0.2818181818181818,7.653019651024018,13.853019651023994,True,0.0006048111450194662,5.992069358252999,0,,,9.83942,0.159405
228,230,0.09727272727272727,11.185700793906195,0.052727272727272734,0.1590909090909091,6.085700793906213,16.085700793906177,True,0.0009381616308075967,5.992402708738787,0,,,8.92587,0.07056
229,231,0.17,13.08975982898705,0.13363636363636364,0.2545454545454545,10.28975982898706,15.089759828987045,True,0.004173154971604031,5.995637702079582,0,,,11.7973,0.156721
230,232,0.049090909090909095,10.313700303905984,0.037272727272727284,0.06727272727272728,7.913700303905992,13.213700303905973,True,0.002619234651134497,5.9940837817591115,0,,,9.51919,0.040646
231,233,0.017272727272727273,8.251627347642609,0.01,0.034545454545454546,3.651627347642605,13.351627347642616,True,0.011913837928528277,6.003378385036508,0,,,8.95003,0.016697
232,234,0.08090909090909093,18.831750270069033,0.053636363636363635,0.1190909090909091,14.831750270069046,22.53175027006902,True,0.007289255213539701,5.9987538023215174,0,,,17.8396,0.061745
233,235,0.3545454545454545,10.1511660553887,0.3090909090909091,0.3909090909090909,9.251166055388703,10.951166055388697,True,0.1175603948917506,6.109024941999731,0,,,10.449,0.325239
234,236,0.07954545454545454,12.287004679698756,0.05909090909090909,0.10545454545454544,9.287004679698764,14.787004679698743,True,0.005615979704340889,5.99708052681232,0,,,10.4019,0.059896
235,237,0.3818181818181817,5.481650894871604,0.3090909090909091,0.5,4.081650894871603,7.381650894871602,True,0.0033192820679300732,5.99478382917591,0,,,5.47197,0.363121
236,238,0.24545454545454545,24.438551031440948,0.1972727272727273,0.3,23.338551031440936,25.63855103144097,False,0.02323510114408535,6.014699648252066,0,,,26.0018,0.209504
237,239,0.16636363636363638,13.63397255287541,0.14272727272727273,0.2090909090909091,11.833972552875414,15.033972552875404,True,0.013605481963006831,6.0050700290709855,0,,,12.3432,0.1504
238,240,0.6272727272727272,6.877863954737254,0.3181818181818182,1.4,2.477863954737252,11.977863954737261,True,0.0002148931826541141,5.991679440290632,0,,,7.60471,0.632756
239,241,0.053636363636363635,13.742321251561911,0.04363636363636364,0.06545454545454546,11.742321251561913,15.642321251561905,False,0.02624778621275063,6.0177123333207305,0,,,13.0669,0.043291
240,242,0.030909090909090907,15.548467345172837,0.024545454545454544,0.04181818181818182,13.348467345172846,17.84846734517283,True,0.04612800869246605,6.037592555800445,0,,,15.8741,0.026629
241,243,0.05090909090909091,4.5,0.040909090909090916,0.06636363636363636,2.3000000000000003,6.9,True,0.035172381770536436,6.026636928878514,0,,,2.95512,0.04234
242,244,0.039090909090909086,18.19854366141336,0.027272727272727268,0.053636363636363635,15.298543661413367,21.298543661413348,True,0.012919141007978594,6.004383688115957,0,,,18.5904,0.031318
244,246,0.039090909090909086,5.181741370026923,0.031818181818181815,0.04818181818181819,3.681741370026924,7.1817413700269235,True,0.09778591124096717,6.089250458348946,0,,,4.27424,0.032383
245,247,0.4909090909090909,1.3,0.3636363636363637,1.181818181818182,0.0,6.5,True,0.00023721927581039361,5.991701766383788,0,,,1.14525,0.490844
246,248,0.4,7.2696178444916795,0.3545454545454545,0.4727272727272727,6.46961784449168,8.26961784449168,True,0.09856590534340036,6.090030452451379,0,,,7.51441,0.384787
247,249,0.34545454545454546,8.585394062092039,0.24545454545454545,0.4818181818181818,6.485394062092038,10.785394062092042,True,0.021135505185805127,6.012600052293784,0,,,8.44308,0.307826
248,250,0.2545454545454545,16.841708681689166,0.17545454545454547,0.3272727272727273,15.141708681689167,18.341708681689155,True,0.07370586640051925,6.065170413508499,0,,,17.1685,0.201849
249,251,0.2636363636363636,4.7,0.19181818181818186,0.3272727272727273,3.1,6.0,True,0.021311017088292628,6.012775564196272,0,,,3.63735,0.213754
250,252,0.3181818181818182,4.4,0.2727272727272727,0.3727272727272728,3.4000000000000004,5.4,True,0.017948743516554917,6.009413290624534,0,,,3.77234,0.284252
251,253,0.5181818181818182,24.393763447230533,0.3909090909090909,0.8181818181818182,22.59376344723051,27.393763447230576,False,0.004391290964371638,5.995855838072351,0,,,27.8617,0.579121
253,255,0.08454545454545455,5.8809008404153165,0.06363636363636364,0.11181818181818183,2.9809008404153188,8.480900840415316,True,0.04937974391754352,6.040844291025523,0,,,3.26746,0.06402
254,256,0.3090909090909091,18.403987026229693,0.2181818181818182,0.4181818181818182,16.4039870262297,20.303987026229684,True,0.013851354658010236,6.005315901765988,0,,,19.5355,0.281194
255,257,0.030909090909090907,7.069593044941926,0.026363636363636363,0.03818181818181818,5.4695930449419246,8.669593044941927,False,0.06195632944473627,6.053420876552715,0,,,6.41858,0.026355
256,258,0.12454545454545456,12.369864236638069,0.10363636363636364,0.1481818181818182,10.369864236638074,14.26986423663806,False,0.050980702606985034,6.042445249714963,0,,,10.5602,0.09673
257,259,0.2909090909090909,15.553871952056289,0.2272727272727273,0.3545454545454545,14.053871952056296,16.753871952056286,True,0.0667365470862664,6.058201094194247,0,,,16.0383,0.252598
258,260,0.14454545454545453,40.81226927353982,0.08272727272727272,0.2545454545454545,35.81226927353975,45.012269273539886,True,0.006391631602706465,5.997856178710686,0,,,42.6108,0.12709
259,261,0.19454545454545452,11.772873718361426,0.16818181818181818,0.2272727272727273,10.972873718361427,12.572873718361421,False,0.06331825104297477,6.0547827981509545,0,,,10.7586,0.170935
261,263,0.34545454545454546,18.489303210916997,0.2909090909090909,0.3818181818181817,17.489303210916994,19.18930321091699,False,0.08705814356363391,6.078522690671612,0,,,19.7064,0.318568
262,264,0.3,6.957218692369477,0.24545454545454545,0.3545454545454545,5.757218692369476,7.957218692369477,True,0.07524075692186374,6.066705304029843,0,,,6.51317,0.264027
263,265,0.16272727272727272,9.62038241482724,0.14272727272727273,0.1972727272727273,8.020382414827244,10.920382414827234,False,0.0653653318044445,6.056829878912422,0,,,7.84282,0.145277
265,267,0.1572727272727273,22.070948360974317,0.14272727272727273,0.17545454545454547,20.870948360974296,23.170948360974325,False,0.12335141105888282,6.1148159581668615,0,,,21.654,0.140023
266,268,0.5,15.610431953739313,0.4,0.7090909090909091,14.11043195373932,17.71043195373931,True,0.01067827596318107,6.002142823071161,0,,,17.6157,0.535745
267,269,0.039090909090909086,6.61556949950942,0.03,0.049090909090909095,4.615569499509418,8.915569499509422,True,0.01347869115303249,6.004943238261013,0,,,5.68679,0.031505
268,270,0.16818181818181818,21.370601372369944,0.1409090909090909,0.2090909090909091,19.270601372369914,22.470601372369963,True,0.08027136766976152,6.071735914777741,0,,,20.6584,0.149924
269,271,0.4090909090909091,4.0,0.3,0.6727272727272727,2.1,7.2,True,0.004833823482784154,5.996298370590763,0,,,3.99631,0.398539
270,272,0.029090909090909087,12.063980995924272,0.02090909090909091,0.04181818181818182,9.063980995924283,14.86398099592426,True,0.0740848516399496,6.065549398747928,0,,,11.8599,0.024701
271,273,0.3090909090909091,21.792311367690605,0.2545454545454545,0.3636363636363637,20.492311367690586,22.79231136769062,False,0.02448491108743161,6.0159494581954105,0,,,23.2463,0.282247
272,274,0.07863636363636364,6.242055419109897,0.056363636363636366,0.10818181818181817,2.9420554191098924,9.142055419109898,True,0.004845561261291322,5.996310108369269,0,,,3.78625,0.05971
274,276,0.16636363636363638,13.535561673650895,0.1481818181818182,0.1972727272727273,12.135561673650901,14.535561673650891,True,0.04233581558938961,6.0338003626973675,0,,,12.1785,0.149638
275,277,0.02,12.549779762872856,0.017272727272727273,0.025454545454545452,11.34977976287286,14.449779762872849,True,0.11062415590329222,6.102088703011272,0,,,13.4064,0.018457
276,278,0.028181818181818183,3.4000000000000004,0.02363636363636364,0.03545454545454545,1.8,5.2,True,0.014842918472077478,6.006307465580058,0,,,2.55597,0.024638
277,279,0.4545454545454546,3.2,0.2545454545454545,1.1363636363636365,0.0,8.4,True,0.0011956735135838126,5.992660220621562,0,,,3.23936,0.451866
279,281,0.2727272727272727,14.724092209709143,0.2,0.3363636363636364,13.124092209709149,16.12409220970914,True,0.027263654670945454,6.0187282017789245,0,,,15.037,0.22838
280,282,0.013181818181818182,15.239825900843327,0.01,0.01818181818181818,12.839825900843337,17.939825900843317,True,0.016928053041019374,6.008392600148999,0,,,16.7526,0.012869
281,283,0.08636363636363636,11.517032565317464,0.06181818181818183,0.12090909090909092,8.117032565317476,14.717032565317451,True,0.018891823593183185,6.010356370701162,0,,,9.60764,0.065644
282,284,0.16636363636363638,13.734797258200713,0.15363636363636365,0.19454545454545452,12.734797258200715,14.634797258200708,False,0.031065108848383212,6.022529655956363,0,,,12.5053,0.151441
283,285,0.24545454545454545,7.252300694643036,0.1890909090909091,0.3,6.052300694643035,8.452300694643037,True,0.13896800543956692,6.130432552547545,0,,,6.5213,0.19811
284,286,0.4272727272727273,4.2,0.2090909090909091,1.009090909090909,0.0,9.2,True,0.00782838943782283,5.999292936545802,0,,,4.03699,0.40714
285,287,0.1972727272727273,20.486553871248027,0.15181818181818182,0.2727272727272727,18.28655387124803,22.386553871248022,True,0.0033391923269589802,5.994803739434937,0,,,20.7813,0.175566
286,288,0.4090909090909091,10.436863448928186,0.34545454545454546,0.5181818181818182,9.236863448928188,11.936863448928179,True,0.0070195417969553435,5.998484088904935,0,,,11.2833,0.405095
287,289,0.04454545454545455,5.706809361120008,0.03,0.06636363636363636,2.506809361120009,9.406809361120008,True,0.002061394090485068,5.993525941198463,0,,,4.46489,0.036446
288,290,0.013181818181818182,6.719606878640822,0.01,0.01909090909090909,4.319606878640822,9.619606878640825,True,0.007004418337516098,5.998468965445495,0,,,7.36582,0.013026
289,291,0.4545454545454546,7.563036718183332,0.3636363636363637,0.6545454545454545,6.063036718183332,9.863036718183334,True,0.01727795896784916,6.008742506075827,0,,,8.28644,0.460924
290,292,0.03,3.6,0.024545454545454544,0.039090909090909086,1.7000000000000002,5.5,True,0.010041197681250915,6.001505744789231,0,,,2.56491,0.025927
291,293,0.01681818181818182,6.994613065556537,0.013181818181818182,0.022727272727272728,5.094613065556535,9.494613065556539,True,0.007068273201857645,5.998532820309838,0,,,7.5943,0.01613
292,294,0.7272727272727273,4.1000000000000005,0.3727272727272728,1.4,0.0,8.9,True,0.0021570818872408285,5.99362162899522,0,,,4.44438,0.706293
293,295,0.3181818181818182,3.7,0.2636363636363636,0.3727272727272728,2.6,4.7,True,0.0687544078246914,6.060218954932671,0,,,2.9281,0.282857
294,296,0.9454545454545454,9.68549021090071,0.4181818181818182,1.4,5.185490210900726,13.285490210900695,True,2.4327940032619744e-05,5.991488875048011,0,,,10.9687,0.925956
296,298,0.13727272727272727,19.518667945305324,0.11181818181818183,0.16090909090909092,17.21866794530533,21.318667945305318,False,0.004605101800182285,5.996069648908161,0,,,18.394,0.110836
297,299,0.34545454545454546,3.5,0.2090909090909091,0.6181818181818182,0.7000000000000001,7.300000000000002,True,0.0037221347381102415,5.995186681846089,0,,,2.98493,0.318227
298,300,0.4363636363636364,8.712853281970906,0.3727272727272728,0.5727272727272728,7.61285328197091,10.5128532819709,True,0.03497010711288772,6.026434654220867,0,,,9.60489,0.443287
299,301,0.3181818181818182,7.301809215013653,0.2363636363636364,0.44545454545454544,5.401809215013651,9.501809215013656,True,0.0382557691057522,6.029720316213732,0,,,7.16208,0.291543
300,302,0.12090909090909092,11.147124432578797,0.08545454545454545,0.15363636363636365,7.847124432578808,13.847124432578786,True,0.023275827236553453,6.014740374344533,0,,,8.95079,0.089046
302,304,0.9363636363636364,10.854088030905526,0.5,1.4,6.85408803090554,13.854088030905515,True,0.003002271870300921,5.99446681897828,0,,,12.4186,0.9284
303,305,0.011363636363636364,6.731911322831736,0.01,0.013636363636363636,5.6319113228317335,8.331911322831736,True,0.07931411017040113,6.07077865727838,0,,,7.74925,0.01175
304,306,0.10090909090909092,13.753838720194766,0.08181818181818183,0.11727272727272728,11.953838720194769,15.453838720194756,False,0.033281156802210145,6.024745703910189,0,,,11.8727,0.072793
305,307,0.3636363636363637,5.094550425741418,0.3181818181818182,0.4545454545454546,4.294550425741418,6.4945504257414175,True,0.11409677887313145,6.10556132598111,0,,,5.11355,0.351264
306,308,0.16818181818181818,5.1000000000000005,0.13363636363636364,0.24545454545454545,2.4000000000000004,7.0,True,0.004539261772801732,5.996003808880781,0,,,2.86052,0.153857
307,309,0.2272727272727273,4.800000000000002,0.16090909090909092,0.3181818181818182,2.7,6.9,True,0.045789129817187336,6.0372536769251655,0,,,3.66366,0.190781
308,310,0.3181818181818182,13.844958976808515,0.2636363636363636,0.3818181818181817,12.64495897680852,15.044958976808509,True,0.07558259297451322,6.067047140082492,0,,,14.4488,0.287995
309,311,0.15181818181818182,7.628108139755191,0.13181818181818186,0.17272727272727273,6.128108139755191,9.128108139755193,False,0.0030864711960880377,5.994551018304068,0,,,5.37594,0.129888
310,312,0.5909090909090908,7.623934284795284,0.4,1.1090909090909091,5.223934284795282,11.723934284795286,True,0.0169657789196895,6.008430326027669,0,,,8.7526,0.620898
311,313,1.1636363636363636,5.543605169953983,0.5,1.4,0.7436051699539847,7.643605169953982,True,5.373421495773783e-05,5.991518281322937,0,,,6.10097,1.08928
312,314,0.1863636363636364,9.403932262918213,0.14636363636363636,0.2636363636363636,7.003932262918223,11.203932262918208,True,0.007808657119608816,5.999273204227588,0,,,7.94024,0.166565
313,315,0.09636363636363636,10.294150615957612,0.07200000000000001,0.12090909090909092,7.594150615957623,12.594150615957606,False,0.016577343894342966,6.008041891002322,0,,,7.88829,0.06973
314,316,0.2636363636363636,13.199038818434488,0.2090909090909091,0.3363636363636364,11.99903881843449,14.699038818434484,True,0.055868837732965936,6.047333384840945,0,,,13.5731,0.229595
315,317,0.3181818181818182,2.1,0.19454545454545452,0.6090909090909089,0.0,6.300000000000002,True,0.0075997096192855895,5.999064256727265,0,,,1.08928,0.27833
316,318,0.14272727272727273,7.8962717368676945,0.12272727272727273,0.1572727272727273,6.196271736867693,9.096271736867696,False,0.05445054102938898,6.045915088137367,0,,,5.37589,0.116108
317,319,0.2363636363636364,7.990769673714509,0.17545454545454547,0.3181818181818182,6.4907696737145075,9.690769673714511,True,0.06020931971486461,6.051673866822844,0,,,7.48673,0.198125
318,320,0.029090909090909087,17.705820446952817,0.01909090909090909,0.04454545454545455,14.205820446952824,21.3058204469528,True,0.029977583438809213,6.021442130546787,0,,,18.18,0.024604
319,321,0.1972727272727273,8.430989723945531,0.15363636363636365,0.2636363636363636,6.4309897239455305,10.030989723945533,True,0.004538733044636465,5.996003280152617,0,,,6.98574,0.172364
320,322,0.2363636363636364,8.08977708652171,0.1863636363636364,0.2818181818181818,6.989777086521709,9.089777086521712,True,0.019190343108440627,6.0106548902164185,0,,,7.19678,0.192636
321,323,0.057272727272727274,21.327632814337694,0.03818181818181818,0.08454545454545455,17.627632814337645,25.227632814337753,True,0.006431016674056919,5.997895563782036,0,,,21.4138,0.045716
322,324,0.2727272727272727,10.440230674190909,0.2363636363636364,0.3090909090909091,9.54023067419091,11.240230674190904,False,0.028349363500779087,6.019813910608757,0,,,10.1806,0.227933
323,325,0.1190909090909091,10.337424975135947,0.1,0.1409090909090909,8.437424975135954,12.237424975135939,False,0.02884204176018355,6.020306588868163,0,,,8.19206,0.088783
324,326,0.2090909090909091,4.1000000000000005,0.17272727272727273,0.2545454545454545,3.2,5.1000000000000005,False,0.14644807550712302,6.137912622615103,0,,,2.42722,0.179936
326,328,0.2181818181818182,14.353319660192135,0.1781818181818182,0.2636363636363636,13.353319660192142,15.453319660192133,True,0.051772754323158664,6.043237301431137,0,,,14.249,0.187421
327,329,0.18363636363636365,14.265699960465396,0.15181818181818182,0.2363636363636364,12.4656999604654,15.465699960465392,True,0.024989563907775847,6.016454111015755,0,,,13.2202,0.16271
328,330,0.3090909090909091,2.7,0.19454545454545452,0.44545454545454544,0.2,5.0,True,0.01050257443726094,6.001967121545239,0,,,1.62657,0.265953
329,331,0.01909090909090909,8.185438302487482,0.015454545454545453,0.02363636363636364,6.4854383024874815,9.985438302487486,True,0.019562843781397388,6.011027390889376,0,,,8.51681,0.017592
330,332,0.03,5.419506947013778,0.024545454545454544,0.03818181818181818,3.5195069470137774,7.219506947013778,True,0.2234599616695244,6.214924508777504,0,,,4.47306,0.025467
331,333,0.11727272727272728,10.224543975990537,0.07681818181818181,0.15545454545454546,6.324543975990551,13.424543975990524,True,0.00785342429106904,5.999317971399047,0,,,7.98528,0.086248
332,334,1.2454545454545454,10.70544459271792,0.6181818181818182,1.4,6.7054445927179325,12.205444592717914,False,0.0005243974517466106,5.9919889445597265,0,,,12.3416,1.24447
333,335,0.12454545454545456,10.334120036854527,0.10454545454545457,0.1481818181818182,8.434120036854535,12.234120036854524,False,0.06513811139853001,6.056602658506509,0,,,8.2831,0.096396
334,336,0.14272727272727273,12.543248162110126,0.1190909090909091,0.16454545454545455,10.643248162110133,14.44324816211012,False,0.004773423721714707,5.996237970829693,0,,,10.8322,0.118758
335,337,0.2272727272727273,14.770522286877116,0.17272727272727273,0.2909090909090909,13.470522286877117,16.17052228687711,True,0.05568645871974557,6.0471510058277245,0,,,14.7917,0.191766
336,338,0.2363636363636364,5.070904622191606,0.18363636363636365,0.2909090909090909,3.8709046221916066,6.370904622191607,True,0.047314964554417034,6.038779511662396,0,,,4.01046,0.19403
337,339,0.4272727272727273,3.9,0.2363636363636364,0.990909090909091,0.2,8.9,True,0.008834004387385803,6.000298551495365,0,,,3.63504,0.40222
338,340,0.056363636363636366,20.580255451669164,0.04181818181818182,0.07636363636363636,17.680255451669176,23.580255451669153,True,0.007863436090893055,5.999327983198872,0,,,20.5696,0.045066
339,341,0.2636363636363636,4.7,0.2181818181818182,0.3090909090909091,3.7,5.800000000000002,True,0.05027344767134658,6.041737994779326,0,,,3.82772,0.220449
340,342,0.13727272727272727,10.941543336442379,0.1190909090909091,0.15363636363636365,9.341543336442383,12.241543336442374,False,0.021986976944451904,6.0134515240524316,0,,,8.84771,0.110302
341,343,0.9727272727272728,8.492622000812396,0.5363636363636364,1.4,4.692622000812412,11.292622000812388,True,0.002746895191192798,5.994211442299172,0,,,9.64171,0.951855
342,344,0.990909090909091,0.9,0.7636363636363637,1.4,0.0,3.9,True,0.00019903006923513208,5.9916635771772135,0,,,0.723914,0.921114
343,345,0.015,19.197375992780227,0.010454545454545454,0.022727272727272728,16.197375992780234,22.49737599278021,True,0.03983449962433648,6.031299046732316,0,,,21.1365,0.01455
344,346,0.2181818181818182,10.304437213411383,0.17545454545454547,0.2636363636363636,9.304437213411386,11.304437213411381,True,0.01139971671411907,6.002864263822098,0,,,9.55788,0.184106
345,347,0.4,4.6000000000000005,0.2818181818181818,0.7545454545454545,2.3000000000000003,8.6,True,0.0006257023110307758,5.99209024941901,0,,,4.66521,0.392184
346,348,0.13,7.835028748161366,0.11363636363636365,0.1481818181818182,6.235028748161364,9.135028748161368,False,0.034565207645973164,6.026029754753952,0,,,5.36674,0.103231
347,349,0.17,8.084863807338563,0.14636363636363636,0.2181818181818182,6.084863807338564,9.184863807338568,False,0.019163696252416304,6.010628243360396,0,,,5.96922,0.153327
348,350,0.030909090909090907,9.402843352659561,0.025454545454545452,0.039090909090909086,7.502843352659568,11.102843352659557,True,0.07148939259628675,6.062953939704267,0,,,8.88136,0.026211
349,351,0.2090909090909091,7.89606560689098,0.17545454545454547,0.24545454545454545,6.996065606890979,8.596065606890981,False,0.033617947454333406,6.025082494562312,0,,,6.69938,0.180308
350,352,0.4727272727272727,2.2,0.3,1.1363636363636365,0.0,7.1000000000000005,True,0.002514130801595447,5.993978677909575,0,,,1.94461,0.459678
351,353,0.09090909090909093,19.058648653859585,0.07445454545454545,0.10636363636363637,17.058648653859592,20.35864865385958,False,0.07429900551552221,6.065763552623501,0,,,17.5537,0.06645
352,354,0.027272727272727268,15.998237375462187,0.02090909090909091,0.03818181818181818,13.698237375462195,18.698237375462178,True,0.07610021247965945,6.067564759587637,0,,,16.7506,0.024071
354,356,0.1572727272727273,11.729080840038645,0.13363636363636364,0.19181818181818186,9.829080840038653,13.32908084003864,True,0.05654594590966226,6.0480104930176415,0,,,10.0197,0.137932
355,357,0.04363636363636364,11.378829989508695,0.03545454545454545,0.053636363636363635,9.5788299895087,13.278829989508688,True,0.13329744497706095,6.124761992085039,0,,,10.7726,0.035605
357,359,0.15545454545454546,9.099894908214328,0.1409090909090909,0.16636363636363638,7.999894908214326,9.999894908214328,False,0.1837649449742408,6.17522949208222,0,,,6.86274,0.132942
358,360,0.6636363636363636,5.792829632819152,0.2909090909090909,1.4,0.8928296328191534,10.892829632819149,True,0.0012572479444498655,5.992721795052428,0,,,6.39137,0.662956
359,361,0.2272727272727273,9.573477100340002,0.17,0.3,8.173477100340008,11.273477100339994,True,0.02128176903245635,6.012746316140436,0,,,9.03267,0.191804
360,362,0.13363636363636364,8.711823673527775,0.11181818181818183,0.1572727272727273,6.811823673527773,10.611823673527775,False,0.022159694209722983,6.013624241317703,0,,,6.5286,0.107734
361,363,0.015454545454545453,2.6,0.012727272727272728,0.02,0.8,4.7,True,0.023741253538465703,6.015205800646446,0,,,2.78868,0.015144
362,364,0.2090909090909091,18.58111699139092,0.17272727272727273,0.2636363636363636,17.681116991390926,19.781116991390913,True,0.11852573676238892,6.109990283870367,0,,,18.961,0.185186
363,365,0.3272727272727273,3.5,0.2181818181818182,0.4636363636363636,1.1,5.800000000000002,True,0.01008834922373592,6.001552896331714,0,,,2.61663,0.285649
364,366,0.3727272727272728,3.3000000000000003,0.2545454545454545,0.6545454545454545,1.0,6.9,True,0.007205660958391909,5.998670208066372,0,,,3.03329,0.357307
365,367,0.44545454545454544,2.6,0.3181818181818182,0.7727272727272727,0.4,6.0,True,0.0029079779074657674,5.994372525015445,0,,,2.38762,0.433287
366,368,0.34545454545454546,2.3000000000000003,0.2181818181818182,0.7,0.0,6.9,True,0.008729269392176841,6.000193816500156,0,,,1.59861,0.314603
368,370,0.015454545454545453,13.378989553171387,0.012727272727272728,0.019545454545454543,11.578989553171393,15.278989553171382,True,0.005462140677335523,5.996926687785313,0,,,14.6146,0.014912
369,371,0.10181818181818182,12.12248605769724,0.06818181818181819,0.1390909090909091,8.422486057697249,15.522486057697225,True,0.006636830213009161,5.998101377320987,0,,,10.1329,0.074156
370,372,0.040909090909090916,9.721028891761565,0.03,0.05181818181818182,7.421028891761573,12.021028891761556,True,0.040359335674531586,6.0318238827825095,0,,,9.02142,0.032683
371,373,0.04181818181818182,6.794600097478657,0.029090909090909087,0.05909090909090909,3.894600097478653,9.99460009747866,True,0.02657118708436412,6.018035734192343,0,,,5.7069,0.033703
372,374,0.027272727272727268,24.293655653898917,0.015454545454545453,0.04818181818181819,19.793655653898853,28.89365565389898,True,0.0028529249836278378,5.994317472091607,0,,,25.7492,0.023395
373,375,0.03818181818181818,10.182659675278797,0.028181818181818183,0.05454545454545455,7.682659675278806,13.382659675278786,True,0.05619942735767143,6.04766397446565,0,,,9.82369,0.031531
374,376,0.17545454545454547,10.295123250599936,0.15,0.2181818181818182,8.595123250599942,11.395123250599932,True,0.041780982061563096,6.033245529169543,0,,,8.70859,0.158698
375,377,0.03818181818181818,11.21578666460495,0.028181818181818183,0.05090909090909091,8.815786664604959,14.01578666460494,True,0.007115583316729943,5.99858013042471,0,,,10.9066,0.031165
376,378,0.12272727272727273,12.386746394238786,0.10454545454545457,0.1409090909090909,10.686746394238792,13.886746394238784,False,0.007050608790731842,5.99851515589871,0,,,10.3718,0.092124
377,379,0.029090909090909087,10.22014806944992,0.02363636363636364,0.039090909090909086,8.420148069449926,12.420148069449912,True,0.026544036568706984,6.018008583676687,0,,,10.1988,0.02545
378,380,0.053636363636363635,8.731106790178728,0.039090909090909086,0.07181818181818181,5.831106790178724,11.53110679017873,True,0.06091164375019385,6.0523761908581735,0,,,7.35559,0.042825
379,381,0.16272727272727272,12.042738607781704,0.14636363636363636,0.19454545454545452,10.742738607781705,13.342738607781696,False,0.09650446640523314,6.087969013513213,0,,,10.682,0.147559
380,382,0.2363636363636364,3.2,0.2,0.2636363636363636,2.4000000000000004,3.8,False,0.0768335071149827,6.0682980542229625,0,,,1.74591,0.192892
382,384,0.04272727272727273,4.973184781006,0.03,0.06181818181818183,2.173184781006,8.373184781006,True,0.05609647436710277,6.047561021475081,0,,,3.87748,0.035569
383,385,0.06454545454545453,13.268975194385133,0.04181818181818182,0.10181818181818182,9.168975194385148,17.568975194385118,True,0.004928634625149437,5.9963931817331275,0,,,12.2809,0.050533
384,386,0.024545454545454544,14.535776004388163,0.01909090909090909,0.030909090909090907,12.43577600438817,16.735776004388153,True,0.0012137228289433725,5.992678269936923,0,,,14.9979,0.020907
385,387,0.03,8.793517368476108,0.025454545454545452,0.037272727272727284,7.1935173684761065,10.39351736847611,True,0.03015096178152047,6.021615508889499,0,,,8.37012,0.025806
386,388,0.11181818181818183,10.290690512356246,0.09090909090909093,0.12818181818181815,8.390690512356253,11.89069051235624,False,0.07597439812602591,6.067438945234006,0,,,7.77858,0.079968
387,389,0.05545454545454545,11.108823996692925,0.04363636363636364,0.07363636363636364,8.708823996692933,13.808823996692913,True,0.012848349352285227,6.004312896460264,0,,,10.1562,0.045054
388,390,0.01636363636363636,14.928794794928885,0.011363636363636364,0.025454545454545452,11.828794794928895,18.428794794928876,True,0.003950166623120433,5.9954147137310985,0,,,16.2268,0.015508
389,391,0.01681818181818182,12.713281702547608,0.012727272727272728,0.022727272727272728,10.213281702547617,15.1132817025476,True,0.023889296584734376,6.015353843692713,0,,,13.5995,0.015694
390,392,0.3818181818181817,3.2,0.2636363636363636,0.6181818181818182,0.9,6.2,True,0.006685322067295843,5.9981498691752755,0,,,2.75166,0.358062
391,393,0.1890909090909091,4.7,0.15181818181818182,0.2636363636363636,2.7,6.4,True,0.022467575070962708,6.013932122178942,0,,,2.90691,0.169904
392,394,0.1863636363636364,8.606160657582848,0.16090909090909092,0.2181818181818182,7.506160657582847,9.506160657582848,False,0.08163407806615143,6.07309862517413,0,,,6.96599,0.163993
393,395,0.1090909090909091,10.151771328262344,0.07818181818181819,0.13727272727272727,7.051771328262356,12.751771328262336,True,0.0010291225624123558,5.9924936696703925,0,,,7.75263,0.078724
394,396,0.7272727272727273,6.392325547998638,0.3909090909090909,1.4,2.3923255479986354,10.892325547998643,True,0.0022499848874619893,5.993714531995442,0,,,7.12659,0.721981
395,397,0.44545454545454544,8.988334252500486,0.3636363636363637,0.6181818181818182,7.588334252500491,11.088334252500482,True,0.03824461461511462,6.029709161723094,0,,,9.86064,0.451638
396,398,0.1972727272727273,4.5,0.16818181818181818,0.24545454545454545,3.7,5.6000000000000005,False,0.09626007839185148,6.08772462549983,0,,,2.91638,0.175856
397,399,0.05545454545454545,12.500743198647866,0.045454545454545456,0.06818181818181819,10.700743198647869,14.600743198647855,False,0.05213820607075514,6.0436027531787335,0,,,11.7218,0.044551
398,400,0.02,12.523919142418013,0.015454545454545453,0.028181818181818183,10.523919142418018,15.523919142418,True,0.06422609791204997,6.055690645020029,0,,,13.4445,0.018617
399,401,0.17272727272727273,18.576987788423022,0.15181818181818182,0.2181818181818182,16.976987788423028,19.67698778842302,True,0.011824722466696795,6.003289269574675,0,,,17.9808,0.15907
400,402,0.17272727272727273,15.199558236366599,0.14272727272727273,0.2272727272727273,12.899558236366609,16.599558236366597,True,0.019221682456559357,6.01068622956454,0,,,13.9504,0.155204
401,403,0.018636363636363642,11.851998413898608,0.015,0.022727272727272728,10.151998413898617,13.451998413898606,True,0.04496729087577463,6.036431837983754,0,,,12.5571,0.017154
402,404,0.022727272727272728,10.417243094731836,0.01909090909090909,0.028181818181818183,9.01724309473184,12.317243094731829,True,0.07574272847169589,6.067207275579674,0,,,10.6672,0.019849
403,405,0.06,6.877978170617138,0.04454545454545455,0.08181818181818183,3.9779781706171344,9.97797817061714,True,0.014521276237188718,6.005985823345168,0,,,5.22552,0.047539
404,406,0.039090909090909086,14.04863515090873,0.027272727272727268,0.05909090909090909,11.048635150908739,17.948635150908714,True,0.020831837413778212,6.012296384521758,0,,,14.1103,0.03216
405,407,0.05,5.57069002874534,0.04272727272727273,0.05909090909090909,4.07069002874534,7.0706900287453385,False,0.0627900148409594,6.054254561948937,0,,,4.12726,0.041103
406,408,0.6181818181818182,5.367184806853191,0.3090909090909091,1.4,0.7671848068531923,10.567184806853193,True,0.0013573279790865776,5.992821875087066,0,,,6.01907,0.633023
407,409,0.011818181818181818,18.087722478612122,0.01,0.017727272727272727,16.18772247861213,21.387722478612112,True,0.0010753101521253352,5.9925398572601045,0,,,20.0477,0.011844
408,410,0.030909090909090907,4.4,0.026363636363636363,0.03818181818181818,2.9000000000000004,5.9,True,0.03358984891356572,6.0250543960215435,0,,,3.4944,0.026632
409,411,0.3090909090909091,6.998729271586815,0.24545454545454545,0.3727272727272728,5.598729271586814,8.298729271586817,True,0.00766618068102128,5.999130727789002,0,,,6.60901,0.270032
410,412,0.05,11.627070178032069,0.03818181818181818,0.06909090909090909,9.02707017803208,14.52707017803206,True,0.0219104396719586,6.0133749867799375,0,,,10.8719,0.041609
411,413,0.03,6.289980353498222,0.02181818181818182,0.04636363636363637,3.3899803534982182,9.689980353498225,True,0.02079486172186573,6.012259408829845,0,,,5.71276,0.026518
412,414,0.2,10.783928489786065,0.16636363636363638,0.2545454545454545,9.683928489786071,11.98392848978606,True,0.07383490852082694,6.065299455628806,0,,,9.97166,0.177217
413,415,0.03818181818181818,13.401091769356697,0.027272727272727268,0.05181818181818182,10.801091769356706,16.301091769356688,True,0.016459670414708437,6.007924217522688,0,,,13.298,0.030846
414,416,0.2818181818181818,1.5,0.2272727272727273,0.34545454545454546,0.2,2.8000000000000003,True,0.008915610733712116,6.000380157841692,0,,,0.284263,0.24143
415,417,0.15,7.900397455266844,0.11727272727272728,0.19454545454545452,5.200397455266841,10.200397455266843,True,0.010437807227204906,6.001902354335184,0,,,5.69949,0.128577
417,419,0.013636363636363636,6.646085355654184,0.011818181818181818,0.01636363636363636,5.4460853556541835,8.146085355654185,True,0.05189516300079064,6.043359710108769,0,,,7.46436,0.01374
418,420,0.19454545454545452,4.9,0.15363636363636365,0.2636363636363636,2.9000000000000004,6.5,True,0.015481543165433997,6.006946090273413,0,,,3.06611,0.171222
419,421,0.03,9.07969544540656,0.025454545454545452,0.03818181818181818,7.479695445406564,10.779695445406555,True,0.06261970851041905,6.054084255618397,0,,,8.61076,0.025813
420,422,0.058181818181818175,14.251389254956315,0.04727272727272727,0.07254545454545454,12.351389254956322,16.451389254956307,False,0.031949767937843626,6.023414315045823,0,,,13.5978,0.046545
421,423,0.13363636363636364,6.539437771949495,0.11363636363636365,0.15363636363636365,4.639437771949494,8.039437771949496,False,0.025951526158610138,6.017416073266588,0,,,3.98427,0.10699
422,424,0.3090909090909091,6.368857959172753,0.2727272727272727,0.3727272727272728,5.468857959172752,7.4688579591727535,True,0.2824751624184716,6.27393970952645,0,,,6.11069,0.282061
423,425,0.1972727272727273,11.866248149455016,0.1590909090909091,0.2636363636363636,10.166248149455024,13.36624814945501,True,0.038704385254496515,6.030168932362477,0,,,11.0611,0.175172
425,427,0.12454545454545456,13.683052348288108,0.10181818181818182,0.1481818181818182,11.483052348288114,15.5830523482881,False,0.009027710038847695,6.000492257146827,0,,,11.8647,0.095051
426,428,0.2363636363636364,7.185328540593868,0.1590909090909091,0.3272727272727273,4.685328540593866,9.185328540593867,True,0.028264309567747625,6.019728856675727,0,,,6.04525,0.190553
427,429,0.03,11.544749618773587,0.022727272727272728,0.04181818181818182,8.944749618773596,14.044749618773578,True,0.006229095274835527,5.9976936423828136,0,,,11.3974,0.025878
428,430,0.16272727272727272,12.540863570087664,0.12818181818181815,0.2272727272727273,9.740863570087676,14.540863570087659,True,0.017726793766119363,6.009191340874097,0,,,10.9855,0.144802
429,431,0.028181818181818183,6.688578016433464,0.02363636363636364,0.03272727272727273,5.0885780164334635,7.988578016433464,False,0.1836262586715141,6.175090805779492,0,,,5.89933,0.023617
431,433,0.01636363636363636,5.744938342184127,0.013636363636363636,0.02090909090909091,4.044938342184127,7.744938342184127,True,0.007371066168151965,5.998835613276131,0,,,6.10158,0.015731
432,434,0.3909090909090909,5.384443118152472,0.34545454545454546,0.4636363636363636,4.484443118152472,6.484443118152472,True,0.039622214077611996,6.031086761185591,0,,,5.43642,0.376892
433,435,0.024545454545454544,9.942460516669225,0.01909090909090909,0.030909090909090907,7.842460516669233,11.942460516669216,True,0.01628959366495429,6.007754140772933,0,,,9.77083,0.020764
434,436,0.017272727272727273,13.407248587851514,0.013636363636363636,0.022727272727272728,11.407248587851525,15.607248587851508,True,0.013203335114712984,6.004667882222693,0,,,14.4743,0.01634
435,437,0.1481818181818182,7.190179911044745,0.11181818181818183,0.1972727272727273,4.090179911044742,9.690179911044748,True,0.007379959457548959,5.998844506565528,0,,,4.89551,0.12621
436,438,0.09090909090909093,13.704979650464573,0.06818181818181819,0.1190909090909091,10.90497965046458,16.30497965046456,False,0.006108571355611918,5.997573118463591,0,,,11.9331,0.067874
437,439,0.1809090909090909,16.701872869876322,0.15181818181818182,0.2363636363636364,14.801872869876327,18.001872869876316,True,0.003091117816409071,5.9945556649243885,0,,,15.9771,0.16288
438,440,0.04363636363636364,9.880169771962422,0.034545454545454546,0.05545454545454545,7.980169771962428,12.180169771962412,True,0.014083468401598794,6.005548015509577,0,,,9.24686,0.035831
439,441,0.012727272727272728,14.531203685848215,0.01,0.022727272727272728,12.031203685848224,19.1312036858482,True,0.0001604058036907189,5.991624952911669,0,,,16.0275,0.01266
440,442,0.024545454545454544,10.740576709238837,0.017727272727272727,0.03363636363636364,8.140576709238848,13.440576709238828,True,0.034410497314802335,6.025875044422781,0,,,10.7523,0.02095
441,443,0.3727272727272728,2.3000000000000003,0.2363636363636364,0.8727272727272728,0.0,7.5,True,0.0008988290012157082,5.992363376109195,0,,,1.69557,0.347269
442,444,0.06545454545454546,6.427151807662563,0.04363636363636364,0.1,2.7271518076625605,10.427151807662568,True,0.010717769999527428,6.002182317107509,0,,,4.66909,0.051462
444,446,0.1890909090909091,8.650910770470437,0.1572727272727273,0.2363636363636364,7.150910770470438,9.750910770470439,False,0.018581204989004826,6.010045752096983,0,,,7.14387,0.166897
445,447,0.017727272727272727,5.4,0.014090909090909091,0.02181818181818182,3.5,7.1000000000000005,True,0.09866105181537194,6.090125598923351,0,,,5.39755,0.016275
446,448,0.015,12.115206601008987,0.01,0.025454545454545452,8.615206601009001,16.215206601008973,True,0.011515968645275014,6.002980515753253,0,,,13.1901,0.014582
447,449,0.3090909090909091,4.7,0.2272727272727273,0.4090909090909091,2.9000000000000004,6.4,True,0.0021907476539670574,5.993655294761946,0,,,4.01829,0.273084
448,450,0.07772727272727273,6.996443257503199,0.057272727272727274,0.10636363636363637,4.096443257503196,9.896443257503199,True,0.010517071934188004,6.0019816190421675,0,,,4.79692,0.059328
449,451,0.24545454545454545,6.940200249219184,0.1863636363636364,0.3090909090909091,5.5402002492191835,8.340200249219185,True,0.05217612485040883,6.043640671958388,0,,,6.13421,0.198895
450,452,0.16636363636363638,6.047102608779289,0.12272727272727273,0.2636363636363636,2.4471026087792853,8.447102608779291,True,0.02648718927001809,6.017951736377998,0,,,3.84948,0.151506
451,453,0.026363636363636363,10.884627588429787,0.02,0.03545454545454545,8.684627588429796,13.18462758842978,True,0.05971577723008905,6.051180324338068,0,,,10.847,0.022761
452,454,0.02,9.082103626766028,0.015454545454545453,0.027272727272727268,7.0821036267660356,11.582103626766019,True,0.036151738757774166,6.0276162858657525,0,,,9.46714,0.018392
453,455,0.2818181818181818,8.9574441008664,0.2181818181818182,0.3545454545454545,7.557444100866404,10.457444100866397,True,0.09523289805066854,6.086697445158647,0,,,8.78817,0.245175
454,456,0.057272727272727274,9.048157784654107,0.04181818181818182,0.07681818181818181,6.148157784654119,11.948157784654098,True,0.02315736895508109,6.014621916063059,0,,,7.63569,0.045169
455,457,0.04363636363636364,15.989817533286944,0.03636363636363636,0.056363636363636366,14.489817533286947,18.389817533286934,True,0.1991119570303367,6.190576504138316,0,,,16.3642,0.037282
456,458,0.7454545454545455,2.4000000000000004,0.44545454545454544,1.4,0.0,7.4,True,0.0012329129635780516,5.9926974600715575,0,,,2.7497,0.743392
457,459,0.3,7.636831383813188,0.24545454545454545,0.3636363636363637,6.436831383813187,8.836831383813188,True,0.02117969051799573,6.012644237625975,0,,,7.22935,0.261949
458,460,0.02,14.443759497713508,0.013181818181818182,0.03363636363636364,10.84375949771352,18.643759497713493,True,0.02749581343055739,6.018960360538538,0,,,15.2628,0.018131
460,462,0.12090909090909092,12.345101836612091,0.08363636363636362,0.1590909090909091,8.845101836612105,15.545101836612082,True,0.02505129562147844,6.016515842729458,0,,,10.544,0.092046
461,463,0.04181818181818182,12.205349814759202,0.026363636363636363,0.06727272727272728,8.405349814759216,16.605349814759187,True,0.005110504537523694,5.996575051645503,0,,,11.7389,0.033765
462,464,0.3636363636363637,1.4,0.2636363636363636,0.7909090909090909,0.0,6.300000000000002,True,0.003237200650194425,5.994701747758174,0,,,0.661824,0.338092
463,465,0.019545454545454543,12.789390331017062,0.013181818181818182,0.031818181818181815,9.489390331017075,16.889390331017047,True,0.01264039531459928,6.004104942422577,0,,,13.5959,0.018075
464,466,0.4363636363636364,9.272511979964762,0.34545454545454546,0.6090909090909089,7.772511979964768,11.372511979964758,True,0.006660723020107938,5.998125270128088,0,,,10.0674,0.437363
465,467,0.034545454545454546,11.536320213953893,0.02363636363636364,0.053636363636363635,8.436320213953902,15.536320213953875,True,0.006727624957849896,5.998192172065829,0,,,11.4465,0.028835
466,468,0.07772727272727273,8.962723782237212,0.04818181818181819,0.12090909090909092,4.4627237822372265,13.162723782237196,True,0.001592962808073192,5.993057509916053,0,,,6.92978,0.059509
467,469,0.03818181818181818,9.116003608345656,0.027272727272727268,0.05454545454545455,6.416003608345664,12.416003608345644,True,0.004756283934658696,5.9962208310426375,0,,,8.66479,0.031175
468,470,0.7272727272727273,2.1,0.4545454545454546,1.4,0.0,6.9,True,0.0013174137880633994,5.992781960896043,0,,,2.11903,0.697999
469,471,0.3909090909090909,5.4284127054593965,0.3181818181818182,0.4909090909090909,4.028412705459396,6.9284127054593965,True,0.038199437172074684,6.029663984280053,0,,,5.34427,0.370859
470,472,0.11181818181818183,6.063930983450363,0.07127272727272728,0.15,1.8639309834503623,9.36393098345036,True,0.010434264501958009,6.001898811609937,0,,,3.12363,0.079926
471,473,0.06363636363636364,10.290587806549222,0.04272727272727273,0.09636363636363636,6.490587806549237,14.190587806549209,True,0.025005326300334342,6.0164698734083135,0,,,8.95372,0.04989
472,474,0.04,10.6944678562544,0.03,0.053636363636363635,8.494467856254408,13.394467856254392,True,0.0582215992409813,6.04968614634896,0,,,10.2581,0.032807
473,475,0.04363636363636364,16.370854776742227,0.026363636363636363,0.07545454545454545,12.17085477674224,21.57085477674221,True,0.01130981730719904,6.0027743644151785,0,,,16.454,0.035825
474,476,0.13,7.5979492265552855,0.09545454545454546,0.16090909090909092,4.397949226555282,10.097949226555286,True,0.0009485846812844819,5.992413131789263,0,,,5.04475,0.10094
475,477,0.07590909090909091,8.587776499120688,0.06,0.09909090909090908,6.187776499120686,10.887776499120688,False,0.045720250460143684,6.0371847975681225,0,,,6.54651,0.058404
476,478,0.04181818181818182,7.378843184051042,0.026363636363636363,0.06909090909090909,3.578843184051038,12.178843184051043,True,0.00930398298451748,6.000768530092497,0,,,6.5724,0.03452
477,479,0.3090909090909091,5.358910221738696,0.2272727272727273,0.4,3.458910221738696,6.9589102217386944,True,0.006616113289767041,5.998080660397746,0,,,4.652,0.269367
478,480,0.2272727272727273,6.615403641451161,0.15363636363636365,0.3272727272727273,4.015403641451159,8.715403641451164,True,0.014388873359705125,6.005853420467683,0,,,5.42353,0.18721
479,481,0.13363636363636364,8.273000481975185,0.08636363636363636,0.17545454545454547,3.973000481975181,11.273000481975188,True,0.016111700991262575,6.007576248099243,0,,,5.64159,0.103323
481,483,0.10090909090909092,5.907414630280737,0.056363636363636366,0.1590909090909091,0.9074146302807318,10.90741463028074,True,0.001945207257255784,5.993409754365236,0,,,3.14751,0.072883
482,484,0.01681818181818182,4.2,0.013181818181818182,0.022727272727272728,2.1,6.6000000000000005,True,0.024961009384485432,6.0164255564924645,0,,,4.35695,0.01612
483,485,0.1409090909090909,9.02996601483436,0.10818181818181817,0.1781818181818182,6.22996601483437,11.629966014834352,True,0.006834976586879292,5.9982995236948575,0,,,6.95201,0.117115
484,486,0.03545454545454545,6.386248761873943,0.024545454545454544,0.05454545454545455,3.1862487618739403,10.186248761873944,True,0.030998365989244606,6.022462913097223,0,,,5.57325,0.029293
486,488,0.2363636363636364,42.628627653843154,0.13727272727272727,0.4,38.528627653843095,45.8286276538432,False,0.011347450640246644,6.0028119977482275,0,,,46.3125,0.212182
487,489,0.17545454545454547,11.837070480188734,0.14272727272727273,0.24545454545454545,9.537070480188746,13.537070480188731,True,0.0072788247731941985,5.998743371881172,0,,,10.559,0.159868
489,491,0.027272727272727268,13.320624764355573,0.02,0.039090909090909086,10.720624764355586,16.220624764355563,True,0.05336234350750642,6.044826890615486,0,,,13.6115,0.023737
491,493,0.08545454545454545,10.803578405047519,0.06,0.11727272727272728,7.303578405047532,13.80357840504751,True,0.0003245184298893935,5.991789065537867,0,,,8.64396,0.06414
492,494,0.014545454545454544,17.235821435282425,0.01,0.02181818181818182,14.035821435282436,20.435821435282413,True,0.029582263679822824,6.0210468107878015,0,,,18.798,0.014044
493,495,0.14272727272727273,8.737170533006076,0.1090909090909091,0.17272727272727273,5.837170533006072,11.037170533006076,True,0.015503960677545225,6.006968507785523,0,,,6.3779,0.115898
494,496,0.03,12.967447696990945,0.02363636363636364,0.04181818181818182,10.667447696990953,15.467447696990936,True,0.0018082925848947413,5.993272839692874,0,,,13.0414,0.02599
495,497,0.04727272727272727,8.264312078703156,0.03,0.07445454545454545,4.4643120787031565,12.564312078703162,True,0.014536723658230919,6.006001270766211,0,,,7.20515,0.038747
496,498,0.15,32.49247036538528,0.09636363636363636,0.2272727272727273,27.792470365385213,35.39247036538532,True,0.005931558286104803,5.997396105394085,0,,,33.0097,0.128586
497,499,0.039090909090909086,12.188670079026544,0.028181818181818183,0.05545454545454545,9.488670079026553,15.38867007902653,True,0.00656702149494896,5.9980315686029275,0,,,11.9183,0.031763
498,500,0.034545454545454546,22.116333492191877,0.025454545454545452,0.049090909090909095,19.71633349219185,25.31633349219193,True,0.01329583748960535,6.004760384597584,0,,,23.3239,0.029028
499,501,0.024545454545454544,14.573655555180766,0.014545454545454544,0.04363636363636364,10.373655555180779,19.273655555180746,True,0.020902088277503242,6.012366635385482,0,,,14.983,0.020712
500,502,0.03272727272727273,12.608467115739241,0.022727272727272728,0.049090909090909095,9.608467115739252,16.208467115739232,True,0.010017053819105342,6.001481600927083,0,,,12.6597,0.027738
501,503,0.08636363636363636,7.294874901442893,0.06636363636363636,0.11,4.594874901442888,9.494874901442893,False,0.014481246783852172,6.005945793891832,0,,,4.67005,0.064485
504,506,0.11545454545454545,7.9507722944115695,0.08181818181818183,0.14636363636363636,4.750772294411567,10.550772294411573,True,0.0055211854075732005,5.996985732515554,0,,,5.36452,0.084551
505,507,0.05,12.29992678218593,0.03636363636363636,0.075,9.199926782185939,16.099926782185918,True,0.003934306296454046,5.995398853404432,0,,,11.692,0.041881
506,508,0.11727272727272728,13.030189749150221,0.08090909090909093,0.15,9.630189749150231,15.730189749150211,True,0.017360111010322903,6.008824658118303,0,,,10.9507,0.084959
507,509,0.03636363636363636,10.552888191038607,0.028181818181818183,0.04727272727272727,8.452888191038614,12.952888191038596,True,0.10765503612377447,6.0991195832317535,0,,,10.2247,0.029674
508,510,0.04181818181818182,11.781109410328947,0.029090909090909087,0.06181818181818183,8.881109410328953,15.38110941032893,True,0.03254536324904786,6.0240099103570275,0,,,11.4617,0.034713
509,511,0.07163636363636364,29.968629363669077,0.039090909090909086,0.13,25.168629363669005,35.16862936366915,True,0.00020011737713493017,5.991664664485113,0,,,30.5859,0.055729
510,512,0.12272727272727273,7.541084929315428,0.09454545454545454,0.15,5.041084929315424,9.74108492931543,False,0.0015312135620113446,5.992995760669991,0,,,4.99102,0.091685
511,513,0.17272727272727273,11.647264002543182,0.13545454545454547,0.2545454545454545,8.847264002543191,13.447264002543175,True,0.0008083586365079994,5.992272905744487,0,,,10.0715,0.156885
512,514,0.2818181818181818,3.6,0.2,0.3636363636363637,1.8,5.2,True,0.003661321152705497,5.9951258682606845,0,,,2.58566,0.239428
514,516,0.08636363636363636,6.221612756826725,0.05454545454545455,0.12818181818181815,1.7216127568267212,10.121612756826726,True,0.0009900653654893333,5.992454612473469,0,,,3.52765,0.064672
515,517,0.2727272727272727,3.6,0.2090909090909091,0.34545454545454546,2.1,5.1000000000000005,True,0.007182267442330014,5.998646814550309,0,,,2.59389,0.230669
516,518,0.24545454545454545,4.9,0.1863636363636364,0.3,3.5,6.300000000000002,True,0.004507599484551143,5.99597214659253,0,,,3.80183,0.197648
517,519,0.16818181818181818,11.894951524976813,0.13545454545454547,0.2363636363636364,9.194951524976826,13.594951524976812,True,0.020248216151947,6.011712763259926,0,,,10.1964,0.151293
518,520,0.045454545454545456,22.365504052361054,0.03,0.07090909090909091,18.865504052361008,26.56550405236112,True,0.02166312639709617,6.0131276735050765,0,,,23.1612,0.038086
519,521,0.2090909090909091,9.55936684044971,0.16090909090909092,0.2818181818181818,7.859366840449718,11.259366840449704,True,0.06895405795598851,6.060418605063968,0,,,8.71453,0.182241
520,522,0.02363636363636364,11.51213087433111,0.01818181818181818,0.031818181818181815,9.412130874331117,14.0121308743311,True,0.03306539946893641,6.024529946576916,0,,,11.7695,0.020433
522,524,0.01909090909090909,12.631593544727046,0.014545454545454544,0.025454545454545452,10.331593544727058,15.03159354472704,True,0.001700843000039918,5.993165390108019,0,,,13.4195,0.017577
523,525,0.026363636363636363,14.563058551178298,0.01681818181818182,0.04272727272727273,10.96305855117831,18.563058551178287,True,0.00041638042034270676,5.991880927528322,0,,,14.935,0.02257
524,526,0.027272727272727268,13.229319058111505,0.02,0.039090909090909086,10.729319058111514,16.129319058111495,True,0.010394911373846995,6.0018594584818254,0,,,13.5383,0.023779
525,527,0.1390909090909091,6.650557479007418,0.11363636363636365,0.16272727272727272,4.450557479007415,8.450557479007418,False,0.01745184740335411,6.008916394511332,0,,,4.00063,0.112246
526,528,0.0918181818181818,6.668735166043072,0.06909090909090909,0.1190909090909091,3.868735166043068,9.268735166043072,False,0.0015161262099982738,5.992980673317978,0,,,4.0624,0.068232
527,529,0.05909090909090909,7.55117984150972,0.04181818181818182,0.08090909090909093,4.351179841509716,10.751179841509723,True,0.022142845890054032,6.013607392998033,0,,,5.91485,0.0463
528,530,0.012272727272727272,15.074007779651652,0.01,0.017727272727272727,13.07400777965166,18.07400777965164,True,0.011444058080844309,6.002908605188823,0,,,16.7451,0.012321
529,531,0.11545454545454545,8.10895777824496,0.08363636363636362,0.14272727272727273,5.208957778244958,10.508957778244962,False,0.031121226214108136,6.022585773322088,0,,,5.43351,0.083041
530,532,0.015,19.6596616957398,0.011363636363636364,0.022727272727272728,17.159661695739807,22.85966169573979,True,0.007284515549712742,5.9987490626576925,0,,,21.7334,0.01481
531,533,0.3818181818181817,8.250663213435272,0.3272727272727273,0.4545454545454546,7.2506632134352715,9.350663213435276,True,0.028326474331448182,6.019791021439429,0,,,8.49886,0.364109
532,534,0.05181818181818182,2.4000000000000004,0.04,0.06818181818181819,0.0,4.9,True,0.016845706289967774,6.008310253397948,0,,,0.410124,0.042099
533,535,0.0710909090909091,14.040170215120268,0.04818181818181819,0.10090909090909092,10.34017021512028,17.240170215120262,True,0.01207872328729283,6.003543270395273,0,,,12.6676,0.054013
534,536,0.013636363636363636,11.222885948316009,0.010454545454545454,0.018636363636363642,8.92288594831602,13.622885948316002,True,0.0037701406248403773,5.995234687732818,0,,,12.3523,0.013546
535,537,0.15,15.875661237501497,0.12090909090909092,0.1809090909090909,13.575661237501507,17.775661237501488,True,0.012551336753743036,6.004015883861723,0,,,14.4482,0.12612
536,538,0.014090909090909091,17.51791995816408,0.010454545454545454,0.02090909090909091,14.917919958164088,20.717919958164067,True,0.02091205024729969,6.012376597355279,0,,,19.474,0.014072
537,539,0.4727272727272727,7.971943058203001,0.3818181818181817,0.6363636363636364,6.571943058203001,9.871943058203003,True,0.021400940373568718,6.012865487481547,0,,,8.63694,0.472881
538,540,0.02363636363636364,14.102675558465286,0.017727272727272727,0.031818181818181815,11.702675558465293,16.602675558465272,True,0.08759471590934312,6.079059263017322,0,,,14.4004,0.019997
539,541,0.16454545454545455,4.800000000000002,0.15,0.1972727272727273,3.6,5.9,False,0.061773053306076464,6.0532376004140565,0,,,2.55447,0.149966
540,542,0.2272727272727273,6.546188486102028,0.1890909090909091,0.2727272727272727,5.6461884861020275,7.546188486102028,False,0.02630146591993957,6.017766013027918,0,,,5.53068,0.190281
541,543,0.056363636363636366,11.72105850059235,0.040909090909090916,0.08,8.521058500592362,15.121058500592339,True,0.004553595102750888,5.996018142210731,0,,,10.7648,0.045489
542,544,0.6181818181818182,7.910053997684398,0.4,1.1090909090909091,5.1100539976843935,11.7100539976844,True,0.013555925767064459,6.005020472875043,0,,,8.67659,0.617506
543,545,0.01590909090909091,13.10082129087595,0.011363636363636364,0.02363636363636364,10.30082129087596,16.300821290875938,True,0.0055066840552941325,5.996971231163273,0,,,14.353,0.015198
544,546,0.24545454545454545,5.726303719475153,0.1590909090909091,0.3545454545454545,2.926303719475153,7.826303719475153,True,0.04084934979900082,6.03231389690698,0,,,4.63496,0.197094
545,547,0.3363636363636364,8.458682884844997,0.2727272727272727,0.3818181818181817,7.158682884844994,9.358682884844995,True,0.17042627018474554,6.161890817292725,0,,,8.15,0.292493
546,548,0.2272727272727273,6.781528798392728,0.1590909090909091,0.3181818181818182,4.481528798392724,8.681528798392728,True,0.007965026157971143,5.99942957326595,0,,,5.71428,0.189167
547,549,0.07036363636363636,8.048783850447991,0.053636363636363635,0.09,5.448783850447992,10.548783850447995,True,0.0033362057314559467,5.994800752839434,0,,,6.11483,0.054052
548,550,0.2272727272727273,8.947552071876881,0.16272727272727272,0.3,7.047552071876877,10.64755207187688,True,0.01989936983448841,6.011363916942468,0,,,8.04265,0.187369
549,551,0.02363636363636364,15.092641041662262,0.017272727272727273,0.030909090909090907,12.492641041662269,17.492641041662253,True,0.029530531662893645,6.020995078770873,0,,,15.4453,0.019802
550,552,0.027272727272727268,8.735766237879632,0.019545454545454543,0.04,6.035766237879642,11.735766237879622,True,0.00860825526361824,6.000072802371597,0,,,8.51597,0.023658
552,554,0.02090909090909091,17.07572419089219,0.014090909090909091,0.03545454545454545,13.775724190892204,21.37572419089217,True,0.01989101799091856,6.0113555650988975,0,,,18.3197,0.019008
553,555,0.13545454545454547,13.248415542131665,0.09545454545454546,0.17,9.648415542131675,15.948415542131656,True,0.024030869910249844,6.015495417018228,0,,,11.2974,0.106722
554,556,0.03272727272727273,12.146166341079626,0.02363636363636364,0.04727272727272727,9.246166341079633,15.246166341079615,True,0.004403564154226671,5.9958681112622045,0,,,12.0604,0.027524
555,557,0.02181818181818182,13.597147638141164,0.01818181818181818,0.026363636363636363,11.997147638141172,15.19714763814116,True,0.06174045894201016,6.053205006049988,0,,,14.1034,0.019116
556,558,0.018636363636363642,6.632160345147831,0.013636363636363636,0.026363636363636363,4.0321603451478305,9.532160345147837,True,0.024247836440307795,6.015712383548287,0,,,6.81141,0.017207
557,559,0.2818181818181818,4.5,0.1890909090909091,0.3909090909090909,2.4000000000000004,6.5,True,0.00952812806121597,6.000992675169195,0,,,3.67681,0.243092
558,560,0.03272727272727273,14.222068865316734,0.02363636363636364,0.049090909090909095,11.322068865316744,17.822068865316727,True,0.029636873168057774,6.021101420276038,0,,,14.5394,0.027907
559,561,0.13727272727272727,10.956063169917954,0.11363636363636365,0.1572727272727273,8.956063169917961,12.556063169917948,False,0.009371246174752792,6.000835793282731,0,,,8.81936,0.109691
560,562,0.03818181818181818,11.99128976198056,0.030909090909090907,0.04636363636363637,10.391289761980564,13.691289761980553,True,0.008583717949982656,6.000048265057963,0,,,11.7409,0.030987
561,563,0.44545454545454544,1.3,0.3363636363636364,1.0636363636363635,0.0,6.5,True,0.011435765689716295,6.0029003127976965,0,,,1.0937,0.440786
562,564,0.07636363636363636,14.66329088202782,0.053636363636363635,0.10727272727272727,11.263290882027832,17.863290882027805,True,0.007339101624816807,5.998803648732796,0,,,13.2718,0.058365
563,565,0.1390909090909091,12.856751226509207,0.11181818181818183,0.16454545454545455,10.456751226509217,14.9567512265092,True,0.018197423022482485,6.0096619701304625,0,,,11.0248,0.113275
564,566,0.2545454545454545,4.7,0.18363636363636365,0.3272727272727273,3.1,6.300000000000002,True,0.07039621906983935,6.061860766177817,0,,,3.71339,0.205088
565,567,0.07909090909090909,8.843324786485566,0.057272727272727274,0.10818181818181817,5.643324786485561,11.643324786485564,True,0.0008881946639897345,5.992352741771969,0,,,6.67193,0.060122
566,568,0.2909090909090909,9.107729545185087,0.24545454545454545,0.3363636363636364,8.007729545185093,10.007729545185086,True,0.05556093546415093,6.04702548257213,0,,,8.70683,0.248844
567,569,0.04818181818181819,12.253250160426981,0.037272727272727284,0.06363636363636364,9.953250160426988,14.753250160426969,True,0.007472530063773358,5.998937077171752,0,,,11.6506,0.039732
568,570,0.030909090909090907,5.598650466016721,0.022727272727272728,0.045454545454545456,2.8986504660167216,8.698650466016721,True,0.001004472433740955,5.99246901954172,0,,,4.85044,0.02652
569,571,0.12454545454545456,11.535551569251249,0.09272727272727273,0.15181818181818182,8.535551569251258,13.735551569251239,False,0.0056059321525744115,5.997070479260553,0,,,9.30485,0.092694
570,572,0.2818181818181818,4.1000000000000005,0.2272727272727273,0.34545454545454546,2.9000000000000004,5.4,True,0.07798415885570473,6.069448705963684,0,,,3.29498,0.243295
571,573,0.014090909090909091,10.606751136711026,0.011363636363636364,0.01909090909090909,8.606751136711033,13.006751136711015,True,0.06293117381767714,6.0543957209256565,0,,,11.791,0.014059
572,574,0.09272727272727273,10.203894302959043,0.06727272727272728,0.12454545454545456,7.003894302959057,13.103894302959034,True,0.030529428248004958,6.021993975355984,0,,,7.94537,0.068796
573,575,0.17545454545454547,3.4000000000000004,0.1572727272727273,0.2181818181818182,2.2,4.4,False,0.025381989615895446,6.0168465367238735,0,,,1.1075,0.160195
574,576,0.2909090909090909,13.06650631441883,0.2363636363636364,0.3545454545454545,11.866506314418832,14.266506314418823,True,0.12799349655217326,6.119458043660152,0,,,13.3992,0.259446
575,577,0.08545454545454545,5.49930154737201,0.06545454545454546,0.11181818181818183,2.79930154737201,7.99930154737201,False,0.009058833788904222,6.000523380896883,0,,,2.87642,0.064509
577,579,0.025454545454545452,12.60758954256781,0.02090909090909091,0.030909090909090907,10.907589542567816,14.407589542567804,True,0.06287668721732646,6.054341234325307,0,,,12.7773,0.021735
578,580,0.2272727272727273,9.30194351027032,0.15363636363636365,0.3272727272727273,6.6019435102703286,11.401943510270312,True,0.009581533134796429,6.0010460802427765,0,,,8.4546,0.187543
579,581,0.04,14.714578339120806,0.027272727272727268,0.057272727272727274,11.714578339120814,18.11457833912079,True,0.06855406413655953,6.060018611244539,0,,,14.6732,0.031863
580,582,0.1,12.108191884023144,0.07727272727272727,0.12090909090909092,9.808191884023154,14.108191884023139,False,0.01008251954617813,6.001547066654157,0,,,10.0508,0.07229
581,583,0.10727272727272727,17.26667608330694,0.06727272727272728,0.15181818181818182,12.766676083306956,21.16667608330693,True,0.014800019110379087,6.006264566218357,0,,,15.8917,0.078575
582,584,0.028181818181818183,12.883741400752466,0.02363636363636364,0.03818181818181818,11.18374140075247,15.183741400752456,True,0.1251472311295243,6.116611778237504,0,,,13.2682,0.025101
583,585,0.017272727272727273,10.80774608427602,0.014090909090909091,0.02181818181818182,9.207746084276023,12.907746084276011,True,0.09830764633728148,6.0897721934452615,0,,,11.7766,0.01636
584,586,0.15363636363636365,8.617327581677026,0.13181818181818186,0.1809090909090909,7.017327581677026,10.21732758167703,False,0.0014512976629157382,5.992915844770894,0,,,6.58846,0.132778
585,587,0.16090909090909092,11.307329953906148,0.13,0.2090909090909091,8.807329953906159,13.007329953906142,True,0.01790564110972615,6.009370188217705,0,,,9.43643,0.141082
586,588,0.12818181818181815,9.497907233608851,0.09636363636363636,0.1590909090909091,6.497907233608864,11.897907233608846,True,0.011549544655858956,6.003014091763838,0,,,7.25393,0.100715
588,590,0.3363636363636364,4.4,0.2727272727272727,0.4272727272727273,3.0,5.9,True,0.01996881385144167,6.011433360959422,0,,,3.85424,0.303633
589,591,0.037272727272727284,11.40799250815445,0.028181818181818183,0.049090909090909095,9.207992508154456,14.10799250815444,True,0.007558244462796341,5.999022791570775,0,,,11.2219,0.030123
590,592,0.04272727272727273,16.583693627025493,0.03363636363636364,0.052727272727272734,14.683693627025507,18.683693627025487,True,0.10158561478926896,6.093050161897247,0,,,16.7549,0.035163
592,594,0.2727272727272727,2.3000000000000003,0.2181818181818182,0.3363636363636364,1.1,3.6,True,0.010339329196619541,6.0018038763045976,0,,,1.12957,0.229231
593,595,0.2727272727272727,7.866732466305701,0.2181818181818182,0.3272727272727273,6.666732466305702,8.966732466305704,True,0.020243320049085155,6.011707867157064,0,,,7.33494,0.229351
594,596,0.034545454545454546,7.2522383496200575,0.026363636363636363,0.04636363636363637,5.052238349620055,9.752238349620061,True,0.003500054197498703,5.994964601305478,0,,,6.52586,0.028387
595,597,0.08,13.4247045794304,0.06,0.10545454545454544,10.42470457943041,15.824704579430392,True,0.00556585213498205,5.997030399242961,0,,,11.6335,0.060288
596,598,0.01590909090909091,19.623160667725546,0.01090909090909091,0.026363636363636363,16.32316066772556,23.82316066772553,True,0.023788734480157663,6.015253281588137,0,,,21.683,0.015404
597,599,0.2818181818181818,10.173695943663878,0.2272727272727273,0.34545454545454546,8.873695943663883,11.473695943663873,True,0.08067043676049386,6.072134983868472,0,,,10.0801,0.24662
598,600,0.2363636363636364,7.894241935759293,0.17545454545454547,0.2909090909090909,6.49424193575929,9.194241935759292,True,0.020273751669976463,6.011738298777956,0,,,7.05139,0.19339
599,601,0.03272727272727273,5.994814721633444,0.025454545454545452,0.04181818181818182,3.894814721633444,7.9948147216334435,True,0.0321957768992379,6.023660324007218,0,,,5.12363,0.027237
600,602,0.03363636363636364,22.32293813061614,0.025454545454545452,0.049090909090909095,19.822938130616105,25.62293813061619,True,0.031098452904922518,6.0225630000129025,0,,,23.5905,0.028775
601,603,0.01590909090909091,3.2,0.013636363636363636,0.01909090909090909,1.9,4.6000000000000005,True,0.05604282129445067,6.04750736840243,0,,,3.36684,0.015503
602,604,0.026363636363636363,11.658376404789749,0.01636363636363636,0.04363636363636364,7.758376404789763,15.858376404789734,True,0.03522032466130093,6.02668487176928,0,,,11.6299,0.022519
604,606,0.1390909090909091,5.1000000000000005,0.11363636363636365,0.16090909090909092,2.9000000000000004,6.9,False,0.00790922709460122,5.9993737742025814,0,,,2.33994,0.112798
606,608,0.8727272727272728,1.0,0.6363636363636364,1.4,0.0,5.1000000000000005,True,0.0003165600038744076,5.991781107111852,0,,,0.873258,0.825078
607,609,0.05545454545454545,16.913089669287277,0.04363636363636364,0.07281818181818181,14.713089669287278,19.613089669287266,True,0.017366669940198563,6.0088312170481775,0,,,16.7691,0.045331
608,610,0.06545454545454546,8.753506645391338,0.04454545454545455,0.09727272727272727,5.053506645391336,12.453506645391345,True,0.04381968780421281,6.035284234912193,0,,,7.16391,0.051022
609,611,0.17545454545454547,10.030795706540092,0.15181818181818182,0.2272727272727273,8.330795706540098,11.13079570654009,True,0.03597561252977448,6.027440159637753,0,,,8.45021,0.160398
610,612,0.022727272727272728,19.069861748372052,0.01636363636363636,0.030909090909090907,16.46986174837206,21.769861748372044,True,0.04164667135718345,6.033111218465162,0,,,20.0967,0.019472
611,613,0.3545454545454545,7.790396148313127,0.2636363636363636,0.509090909090909,5.990396148313127,10.090396148313127,True,0.025450848995867432,6.016915396103848,0,,,7.94809,0.336714
612,614,0.10090909090909092,18.33814069721856,0.07227272727272728,0.13,15.33814069721857,21.138140697218553,True,0.002350927445955627,5.993815474553935,0,,,17.0366,0.073524
613,615,0.24545454545454545,10.300989779649392,0.2090909090909091,0.2818181818181818,9.600989779649396,11.200989779649392,False,0.04977159115133136,6.041236138259309,0,,,10.0311,0.198869
614,616,0.4818181818181818,5.0759658607126505,0.3545454545454545,0.7909090909090909,2.9759658607126505,8.17596586071265,True,0.03969342099949141,6.03115796810747,0,,,5.31291,0.478541
615,617,0.10272727272727274,19.545379029320895,0.07309090909090908,0.13181818181818186,16.445379029320907,22.245379029320887,True,0.01132396654930828,6.002788513657287,0,,,18.2707,0.074163
616,618,0.039090909090909086,6.459726698843474,0.028181818181818183,0.057272727272727274,3.8597266988434704,9.959726698843477,True,0.057210824838964475,6.048675371946943,0,,,5.69178,0.032282
617,619,0.012272727272727272,17.423511945656212,0.01,0.01636363636363636,15.623511945656226,19.923511945656212,True,0.0011362650057809669,5.99260081211376,0,,,19.2997,0.012174
618,620,0.04818181818181819,8.767676147191626,0.039090909090909086,0.06272727272727273,6.6676761471916235,11.167676147191626,True,0.01985266655981013,6.011317213667788,0,,,7.77906,0.039982
619,621,0.04,15.443637883208616,0.029090909090909087,0.057272727272727274,12.943637883208625,18.843637883208608,True,0.02215905264475856,6.013623599752737,0,,,15.7508,0.033452
620,622,0.07954545454545454,11.565643458325017,0.06,0.10545454545454544,8.765643458325027,14.06564345832501,True,0.0017210659457338393,5.993185613053713,0,,,9.66575,0.060378
622,624,0.2636363636363636,5.108877009272078,0.2090909090909091,0.3272727272727273,3.8088770092720794,6.408877009272077,True,0.031338738791614494,6.0228032858995935,0,,,4.30884,0.223279
623,625,0.3363636363636364,7.625977594074232,0.2727272727272727,0.4,6.3259775940742315,8.825977594074233,True,0.04350335470410094,6.03496790181208,0,,,7.39678,0.300303
624,626,0.045454545454545456,6.780964804335349,0.034545454545454546,0.06181818181818183,4.380964804335346,9.58096480433535,True,0.013523763391803173,6.004988310499782,0,,,5.69812,0.03757
625,627,0.10181818181818182,9.669876997893537,0.07418181818181817,0.13,6.769876997893546,12.369876997893526,True,0.03542900964953685,6.026893556757517,0,,,7.37222,0.074331
626,628,0.02,11.871790834059489,0.01590909090909091,0.026363636363636363,10.071790834059492,14.171790834059482,True,0.14457705097615484,6.136041598084134,0,,,12.6072,0.018387
627,629,0.3909090909090909,5.60438645646358,0.3181818181818182,0.509090909090909,4.304386456463578,7.40438645646358,True,0.009768198176661731,6.001232745284642,0,,,5.62926,0.374195
629,631,0.06,5.2240125824361305,0.04454545454545455,0.08090909090909093,2.424012582436132,8.12401258243613,True,0.016497312736780276,6.00796185984476,0,,,3.33619,0.047277
630,632,0.19454545454545452,15.418359429710671,0.16818181818181818,0.2272727272727273,14.718359429710677,16.21835942971067,True,0.009623211235422877,6.001087758343402,0,,,14.8895,0.171642
631,633,0.03636363636363636,13.582301413161304,0.029090909090909087,0.04636363636363637,11.882301413161313,15.782301413161298,True,0.09405624210215564,6.0855207892101335,0,,,13.6924,0.029824
632,634,0.017272727272727273,14.597851390128039,0.014090909090909091,0.022727272727272728,12.797851390128047,16.797851390128027,True,0.02623305254469021,6.01769759965267,0,,,15.8728,0.016463
633,635,0.08727272727272728,7.745219205347683,0.07363636363636364,0.10454545454545457,6.045219205347682,9.145219205347683,False,0.014083288422898684,6.005547835530878,0,,,5.19584,0.065563
634,636,0.11363636363636365,19.29073680920147,0.07181818181818181,0.15181818181818182,14.990736809201485,22.490736809201454,True,0.005118286370347694,5.9965828334783255,0,,,17.8818,0.081806
635,637,0.022727272727272728,13.722794189664304,0.017727272727272727,0.028181818181818183,11.822794189664311,15.622794189664301,True,0.0413135756723632,6.032778122780344,0,,,14.1235,0.019321
636,638,0.011818181818181818,16.90830937685483,0.01,0.015,15.408309376854836,19.108309376854827,True,0.040788718213253805,6.032253265321232,0,,,18.7283,0.011722
637,639,0.16090909090909092,11.797995711901036,0.13727272727272727,0.18363636363636365,9.89799571190104,12.897995711901029,False,0.15823027663935166,6.149694823747331,0,,,9.80635,0.138574
638,640,0.3090909090909091,9.070977643707872,0.2545454545454545,0.3636363636363637,7.7709776437078775,10.170977643707866,True,0.012406427911993171,6.003870975019972,0,,,8.86601,0.27151
639,641,0.07909090909090909,20.42641993755043,0.06181818181818183,0.10272727272727274,17.926419937550442,22.826419937550426,False,0.009525695039922514,6.0009902421479016,0,,,19.6334,0.060288
640,642,0.2727272727272727,9.667865811977096,0.2272727272727273,0.3272727272727273,8.6678658119771,10.76786581197709,True,0.20227595486328545,6.1937405019712655,0,,,9.48841,0.236238
641,643,0.034545454545454546,6.005624811540628,0.028181818181818183,0.04363636363636364,4.405624811540625,8.00562481154063,True,0.012626495745616502,6.004091042853595,0,,,5.28278,0.028749
642,644,0.2090909090909091,12.16415984155638,0.16818181818181818,0.2636363636363636,11.064159841556382,13.464159841556375,True,0.02786201435448541,6.0193265614624645,0,,,11.646,0.1822
643,645,0.0609090909090909,8.99164990366819,0.04818181818181819,0.07772727272727273,6.791649903668198,11.39164990366818,False,0.013867763731782206,6.005332310839761,0,,,7.55486,0.048102
644,646,0.17,5.437229494523821,0.15363636363636365,0.2,4.03722949452382,6.237229494523821,False,0.03387735756560383,6.025341904673582,0,,,3.09937,0.154103
645,647,0.1809090909090909,10.046704177743713,0.15181818181818182,0.2363636363636364,8.34670417774372,11.346704177743707,True,0.029510735461788257,6.020975282569768,0,,,8.65782,0.163774
647,649,0.2090909090909091,8.143795176388759,0.16818181818181818,0.2545454545454545,7.043795176388757,9.14379517638876,False,0.16013585350034645,6.151600400608325,0,,,6.85665,0.178373
648,650,0.14272727272727273,10.89766802263173,0.12272727272727273,0.16272727272727272,9.297668022631736,12.597668022631725,False,0.031250727919533206,6.022715275027513,0,,,9.04201,0.118463
650,652,0.3,7.939262243568263,0.2272727272727273,0.3636363636363637,6.3392622435682595,9.139262243568265,True,0.07413289407647547,6.0655974411844555,0,,,7.4,0.253976
651,653,0.3363636363636364,9.770691155164773,0.2909090909090909,0.3818181818181817,8.870691155164774,10.670691155164768,True,0.04525208850008298,6.036716635608062,0,,,9.84136,0.300778
652,654,0.07727272727272727,8.926292575490159,0.06,0.1,6.3262925754901564,11.22629257549016,False,0.0019118606356536296,5.993376407743633,0,,,6.74631,0.058662
653,655,0.11545454545454545,8.610917857958269,0.09727272727272727,0.13181818181818186,6.910917857958268,10.21091785795827,False,0.011800192019515644,6.003264739127495,0,,,6.08865,0.084054
654,656,0.015454545454545453,15.867495857002005,0.012272727272727272,0.02,13.767495857002013,18.067495857001997,True,0.03824236569643225,6.029706912804412,0,,,17.3932,0.014871
655,657,0.19454545454545452,7.761656753524213,0.16454545454545455,0.2363636363636364,6.661656753524213,8.661656753524213,False,0.08502448752868183,6.076489034636661,0,,,6.21086,0.170539
656,658,0.014090909090909091,9.953511362791382,0.011818181818181818,0.017272727272727273,8.453511362791385,11.553511362791376,True,0.07784439025823649,6.069308937366215,0,,,11.0474,0.014028
658,660,0.3,4.5,0.24545454545454545,0.3545454545454545,3.2,5.5,True,0.009453016011919169,6.0009175631198985,0,,,3.64554,0.25906
659,661,0.04818181818181819,6.731920239796407,0.03818181818181818,0.0609090909090909,4.5319202397964045,8.931920239796408,True,0.011386820423611672,6.002851367531591,0,,,5.4477,0.039626
660,662,0.07254545454545454,15.149908021990269,0.056363636363636366,0.09454545454545454,12.749908021990278,17.64990802199026,False,0.003489792736355273,5.994954339844334,0,,,14.0233,0.056121
662,664,0.3181818181818182,11.659653872056811,0.2727272727272727,0.3818181818181817,10.659653872056811,12.859653872056803,True,0.06694833105439202,6.058412878162371,0,,,12.0407,0.290251
663,665,0.06727272727272728,12.052868048133865,0.052727272727272734,0.08636363636363636,9.752868048133873,14.552868048133854,False,0.013520538408582071,6.004985085516561,0,,,10.8146,0.052433
664,666,0.19454545454545452,17.96124664319679,0.1590909090909091,0.2545454545454545,16.46124664319679,19.26124664319678,True,0.014566995753820963,6.0060315428618,0,,,17.7697,0.173285
665,667,0.2,17.458002717932988,0.17,0.2363636363636364,16.65800271793299,18.258002717932985,True,0.030447475304342105,6.021912022412321,0,,,17.4148,0.177725
666,668,0.07727272727272727,16.495628240797856,0.05454545454545455,0.1090909090909091,13.095628240797868,19.695628240797845,True,0.003931737643100172,5.995396284751079,0,,,15.3537,0.059141
667,669,0.08636363636363636,12.814939201865787,0.05454545454545455,0.12818181818181815,8.214939201865803,16.714939201865775,True,1.765533087657334e-05,5.991482202438855,0,,,10.8387,0.064644
668,670,0.04818181818181819,10.47294795848703,0.031818181818181815,0.07472727272727273,6.972947958487043,14.572947958487015,True,0.015305534210539803,6.006770081318519,0,,,9.64378,0.039911
669,671,0.08545454545454545,10.687335520347805,0.06181818181818183,0.11545454545454545,7.4873355203478145,13.587335520347793,True,0.007856707695848644,5.999321254803827,0,,,8.60149,0.064466
670,672,0.16272727272727272,8.637860483393482,0.14454545454545453,0.2,7.137860483393482,10.037860483393484,False,0.04912949879441848,6.040594045902398,0,,,6.79293,0.146821
671,673,0.14272727272727273,8.561210944122525,0.11727272727272728,0.16454545454545455,6.461210944122522,10.261210944122526,False,0.02215146758999691,6.013616014697976,0,,,6.16885,0.116125
672,674,0.013181818181818182,20.584887918236696,0.01,0.022727272727272728,17.784887918236702,25.18488791823668,True,0.007927622345077488,5.999392169453057,0,,,22.9161,0.01324
673,675,0.15363636363636365,16.721718044144893,0.12818181818181815,0.19181818181818186,14.6217180441449,18.521718044144887,True,0.037354843735460684,6.028819390843441,0,,,15.6681,0.13517
674,676,0.012272727272727272,15.61930288939761,0.01,0.014545454545454544,14.119302889397616,17.219302889397603,False,0.05414936810717501,6.045613915215154,0,,,17.3838,0.012355
675,677,0.04272727272727273,6.438683998963176,0.03272727272727273,0.05454545454545455,4.338683998963174,8.738683998963177,True,0.010059252511772877,6.001523799619753,0,,,5.32467,0.034687
676,678,0.08636363636363636,17.321337052787612,0.06727272727272728,0.11181818181818183,14.721337052787623,19.621337052787602,False,0.009568874510810843,6.001033421618791,0,,,15.9633,0.065193
678,680,0.2909090909090909,10.632327494507429,0.2272727272727273,0.34545454545454546,9.132327494507436,11.732327494507427,True,0.026275325543172644,6.017739872651153,0,,,10.496,0.251855
679,681,0.4,10.750200706586494,0.2818181818181818,0.6909090909090909,8.550200706586503,14.150200706586482,True,0.011183577778404357,6.002648124886384,0,,,11.583,0.393924
680,682,0.2818181818181818,9.271377974004757,0.2272727272727273,0.3363636363636364,7.971377974004763,10.371377974004751,True,0.10259707323125726,6.094061620339236,0,,,8.96206,0.242356
681,683,0.17,33.895828361090274,0.15181818181818182,0.2,32.39582836109025,34.695828361090285,False,0.0006926842583683202,5.992157231366347,0,,,35.0486,0.15918
682,684,0.13727272727272727,3.9,0.1190909090909091,0.1572727272727273,2.4000000000000004,5.4,False,0.029332202709067386,6.020796749817047,0,,,1.1378,0.112328
683,685,0.017727272727272727,6.974227979163469,0.014545454545454544,0.022727272727272728,5.374227979163468,8.974227979163471,True,0.011048047083487236,6.002512594191465,0,,,7.32901,0.016782
684,686,0.4272727272727273,4.845450615745898,0.3181818181818182,0.7272727272727273,2.9454506157458997,8.145450615745899,True,0.026494858385717246,6.017959405493697,0,,,5.14895,0.432161
686,688,0.04272727272727273,6.7775479449847555,0.03363636363636364,0.05,4.877547944984753,8.377547944984759,True,0.1596728977707313,6.15113744487871,0,,,5.55726,0.034011
687,689,0.10727272727272727,6.9304589738118185,0.08818181818181818,0.12636363636363634,5.130458973811819,8.730458973811821,False,0.02691662721316769,6.0183811743211475,0,,,4.30605,0.078477
688,690,0.052727272727272734,10.414917554137476,0.04181818181818182,0.06818181818181819,8.114917554137483,12.914917554137466,True,0.017083529648844333,6.008548076756822,0,,,9.48409,0.043167
689,691,0.027272727272727268,8.468953834263361,0.013636363636363636,0.05454545454545455,3.568953834263357,13.568953834263365,True,0.003157159476391541,5.994621706584371,0,,,8.21078,0.023607
690,692,0.06545454545454546,12.536584278868911,0.05,0.08545454545454545,10.13658427886892,15.236584278868902,True,0.02553149521771618,6.016996042325696,0,,,11.4717,0.051115
691,693,0.014545454545454544,16.554318966607873,0.011363636363636364,0.02,14.254318966607881,19.054318966607863,True,0.01108013333537217,6.002544680443351,0,,,18.1968,0.014286
692,694,0.02,6.660795138072396,0.01636363636363636,0.024545454545454544,5.060795138072395,8.360795138072397,True,0.07372855738565247,6.065193104493631,0,,,6.75972,0.018181
693,695,0.03636363636363636,5.1117848080030655,0.029090909090909087,0.045454545454545456,3.4117848080030653,7.011784808003066,True,0.014048410677069991,6.005512957785048,0,,,4.0795,0.029403
694,696,0.039090909090909086,12.667233229607973,0.028181818181818183,0.05181818181818182,10.067233229607982,15.367233229607965,True,0.022412743230571058,6.013877290338551,0,,,12.2904,0.031047
695,697,0.2,9.708228430639467,0.16818181818181818,0.2363636363636364,8.708228430639469,10.608228430639462,False,0.12385970576676072,6.11532425287474,0,,,8.55421,0.174136
696,698,0.2909090909090909,16.768645622308647,0.2090909090909091,0.3818181818181817,14.968645622308655,18.46864562230864,True,0.0009513569209170787,5.9924159040288965,0,,,17.526,0.257606
697,699,0.1190909090909091,19.85430337835817,0.08818181818181818,0.15,16.954303378358187,22.354303378358168,True,0.011258271182579266,6.002722818290557,0,,,18.7438,0.088913
698,700,0.07,6.594560273837009,0.04818181818181819,0.1,3.094560273837006,9.994560273837012,True,0.0039689694586533975,5.995433516566633,0,,,4.53716,0.053743
699,701,0.09545454545454546,12.538168715385787,0.053636363636363635,0.15181818181818182,7.438168715385808,17.438168715385768,True,0.0008068372175343457,5.992271384325512,0,,,10.4803,0.069489
700,702,0.3636363636363637,8.551233822127598,0.2545454545454545,0.5545454545454546,6.351233822127596,11.251233822127599,True,0.007092999667175505,5.998557546775155,0,,,8.70285,0.337219
701,703,0.2909090909090909,6.909673959673058,0.2363636363636364,0.34545454545454546,5.6096739596730565,7.909673959673059,True,0.019284061135163053,6.010748608243143,0,,,6.33301,0.248413
702,704,0.19181818181818186,6.4074482486129245,0.16272727272727272,0.2272727272727273,5.207448248612923,7.307448248612926,False,0.08532166962029168,6.076786216728271,0,,,4.55449,0.167211
703,705,0.4909090909090909,4.1000000000000005,0.2545454545454545,1.2454545454545454,0.0,9.4,True,4.4273692483882256e-05,5.991508820800463,0,,,4.34316,0.494572
705,707,0.027272727272727268,11.299355051611855,0.02090909090909091,0.03818181818181818,8.999355051611866,13.899355051611847,True,0.02920005894941821,6.020664606057397,0,,,11.3324,0.02377
706,708,0.019545454545454543,12.540552915843453,0.014545454545454544,0.028181818181818183,10.24055291584346,15.640552915843443,True,0.07453771552810154,6.066002262636081,0,,,13.5213,0.018259
707,709,0.2363636363636364,5.110193866765375,0.17545454545454547,0.3090909090909091,3.6101938667653752,6.610193866765375,True,0.048337270638200126,6.039801817746179,0,,,4.03255,0.195267
709,711,0.15,6.069470427201973,0.13363636363636364,0.16636363636363638,4.969470427201972,7.469470427201974,False,0.11234776699304247,6.103812314101021,0,,,3.77286,0.128131
710,712,0.3181818181818182,7.939911327240066,0.2727272727272727,0.3636363636363637,7.039911327240066,8.939911327240068,True,0.057641385939985114,6.049105933047963,0,,,7.78242,0.283461
711,713,0.2,10.2132115652186,0.17,0.2272727272727273,9.513211565218604,10.813211565218598,False,0.2556788424461861,6.247143389554165,0,,,9.04732,0.1731
712,714,0.24545454545454545,8.144484533365427,0.17545454545454547,0.3363636363636364,6.5444845333654245,10.144484533365427,True,0.056110762762899086,6.047575309870878,0,,,7.80597,0.205939
713,715,0.15181818181818182,7.9994768096573035,0.12818181818181815,0.1809090909090909,6.0994768096573,9.699476809657304,False,0.04725465347535487,6.038719200583334,0,,,5.87452,0.131759
714,716,0.19454545454545452,12.066554401325279,0.16090909090909092,0.24545454545454545,10.666554401325287,13.266554401325276,True,0.013783139898112806,6.005247687006094,0,,,11.1928,0.172347
715,717,0.2363636363636364,11.662360810504202,0.19181818181818186,0.2818181818181818,10.662360810504207,12.662360810504198,True,0.01677679565774145,6.008241342765722,0,,,11.3491,0.19465
716,718,0.3909090909090909,5.4300364680897255,0.2727272727272727,0.6090909090909089,3.2300364680897258,8.230036468089725,True,0.041444831163084686,6.0329093782710626,0,,,5.24428,0.365859
717,719,0.019545454545454543,13.950277811898605,0.015,0.025454545454545452,11.850277811898613,16.150277811898597,True,0.039763318860328536,6.031227865968307,0,,,14.8159,0.017874
718,720,0.1590909090909091,15.193936459433827,0.13181818181818186,0.2,13.093936459433836,16.893936459433824,True,0.022273461142608995,6.013738008250588,0,,,13.9877,0.14113
719,721,0.2363636363636364,9.377280442537947,0.16636363636363638,0.3181818181818182,7.577280442537953,11.17728044253794,True,5.464942320012466e-05,5.991519196531179,0,,,8.76664,0.194269
720,722,0.7181818181818181,13.788943984074109,0.4636363636363636,1.318181818181818,10.988943984074119,17.788943984074095,True,0.0023644579656892013,5.9938290050736684,0,,,16.0246,0.762813
722,724,0.1190909090909091,8.385390353034422,0.09363636363636364,0.1409090909090909,5.98539035303442,10.185390353034423,False,0.021343957142874355,6.012808504250853,0,,,5.70935,0.086759
723,725,0.5727272727272728,15.991500607644145,0.3818181818181817,1.0818181818181818,13.391500607644153,20.19150060764413,True,0.0037506033650071655,5.995215150472987,0,,,18.1661,0.60407
725,727,0.5636363636363636,12.24999709347835,0.3636363636363637,1.1090909090909091,9.449997093478364,16.649997093478337,True,0.005899286310942321,5.997363833418921,0,,,13.7241,0.578629
726,728,0.2727272727272727,25.63482028921504,0.16636363636363638,0.3818181818181817,22.934820289215,27.83482028921507,True,0.0516435973922935,6.043108144500272,0,,,27.1878,0.232769
727,729,0.6727272727272727,25.380530700701613,0.4545454545454546,1.1090909090909091,22.88053070070158,28.680530700701667,False,0.004848682677504036,5.996313229785483,0,,,29.2513,0.754343
728,730,0.2,8.952007164531695,0.16636363636363638,0.24545454545454545,7.852007164531694,9.952007164531695,False,0.05025881522240685,6.041723362330386,0,,,7.78201,0.175496
730,732,0.2727272727272727,6.767871686991347,0.2181818181818182,0.3181818181818182,5.467871686991344,7.667871686991347,True,0.22207022351610628,6.2135347706240855,0,,,5.89957,0.220227
731,733,0.034545454545454546,19.13398833252721,0.027272727272727268,0.04454545454545455,17.233988332527222,21.333988332527206,True,0.02190265957552986,6.013367206683509,0,,,19.8945,0.028839
732,734,0.03545454545454545,11.779133092258563,0.027272727272727268,0.045454545454545456,9.679133092258567,13.979133092258554,True,0.007096751671685946,5.9985612987796655,0,,,11.5111,0.028879
734,736,0.3545454545454545,24.761385624574984,0.2818181818181818,0.4636363636363636,23.361385624574968,26.46138562457501,False,0.04452899036583004,6.035993537473809,0,,,27.2308,0.353988
735,737,0.015454545454545453,4.9,0.012727272727272728,0.019545454545454543,3.2,6.800000000000002,True,0.018131816935402174,6.009596364043381,0,,,5.30615,0.015143
738,740,0.019545454545454543,4.6000000000000005,0.013181818181818182,0.030909090909090907,1.2000000000000002,8.5,True,0.013683420724000106,6.005147967831979,0,,,4.39314,0.017896
739,741,0.03636363636363636,4.7,0.028181818181818183,0.04636363636363637,2.8000000000000003,6.9,True,0.0034966328654349177,5.994961179973414,0,,,3.65388,0.02952
741,743,0.2181818181818182,22.499290605287804,0.17545454545454547,0.2636363636363636,21.39929060528779,23.59929060528782,True,0.08310667475457692,6.0745712218625565,0,,,23.3756,0.188545
742,744,0.058181818181818175,20.94955320721553,0.04636363636363637,0.07363636363636364,18.849553207215497,23.249553207215556,True,0.002781741366416439,5.994246288474397,0,,,21.0101,0.046602
743,745,0.10090909090909092,24.24947738045051,0.06363636363636364,0.1390909090909091,19.94947738045045,27.749477380450557,True,0.001129841863617629,5.9925943889715985,0,,,23.5562,0.073328
744,746,0.02363636363636364,14.201740970303405,0.017727272727272727,0.03,12.00174097030341,16.501740970303395,True,0.03158015205836737,6.0230446991663475,0,,,14.5894,0.019871
746,748,0.3636363636363637,34.16621740895298,0.2818181818181818,0.509090909090909,32.56621740895296,36.366217408953005,False,0.01112546464422407,6.002590011752202,0,,,38.0394,0.379224
747,749,0.4181818181818182,15.486335311195276,0.3545454545454545,0.509090909090909,14.486335311195278,16.786335311195273,False,0.10936036545756987,6.100824912565549,0,,,17.0425,0.419114
749,751,0.3181818181818182,24.939515311873752,0.2545454545454545,0.4,23.539515311873732,26.339515311873768,False,0.04157028186316923,6.0330348289711475,0,,,27.0518,0.300315
750,752,0.15545454545454546,9.205246474539024,0.1409090909090909,0.17545454545454547,8.105246474539026,10.605246474539015,False,0.1061171667977944,6.0975817139057735,0,,,7.40619,0.137217
753,755,0.011818181818181818,11.948693782588752,0.01,0.017727272727272727,10.14869378258876,15.548693782588739,True,0.03431261439610566,6.0257771615040845,0,,,13.234,0.011675
754,756,0.027272727272727268,10.824434314577069,0.02,0.04,8.224434314577078,13.924434314577056,True,0.009293079414790316,6.00075762652277,0,,,10.9168,0.023788
756,758,0.034545454545454546,9.689590133838664,0.027272727272727268,0.045454545454545456,7.589590133838673,11.989590133838654,True,0.024191926619256857,6.015656473727236,0,,,9.20948,0.028447
757,759,0.4090909090909091,14.691195127382958,0.3636363636363637,0.4818181818181818,13.791195127382961,15.791195127382956,False,0.003749421881826332,5.995213968989805,0,,,16.161,0.412897
758,760,0.04181818181818182,10.204061775686595,0.03,0.05545454545454545,7.604061775686606,12.904061775686587,True,0.02684988215874461,6.018314429266724,0,,,9.52514,0.033949
760,762,0.4818181818181818,8.031062016426644,0.3727272727272728,0.7454545454545455,6.3310620164266425,10.731062016426646,True,0.0035482400635590623,5.995012787171537,0,,,8.89971,0.492572
761,763,0.03636363636363636,5.830832334105701,0.026363636363636363,0.05,3.2308323341057013,8.930832334105698,True,0.0026531326118369976,5.994117679719817,0,,,4.90323,0.02944
762,764,0.14636363636363636,12.695287887444195,0.12818181818181815,0.16090909090909092,11.295287887444198,13.895287887444189,False,0.08059511139854107,6.07205965850652,0,,,10.8424,0.121177
763,765,0.1409090909090909,7.31607308508661,0.11545454545454545,0.16636363636363638,5.016073085086608,9.316073085086613,False,0.06286498125092632,6.054329528358905,0,,,4.85581,0.116393
764,766,0.13363636363636364,35.604034124375275,0.10181818181818182,0.1590909090909091,32.50403412437523,37.504034124375295,True,0.0378375589391218,6.029302106047101,0,,,36.1879,0.107321
765,767,0.8363636363636364,29.14808240549407,0.6545454545454545,1.0909090909090908,27.54808240549405,30.84808240549409,False,0.001789463764753395,5.993254010872732,0,,,33.8151,0.9533
767,769,0.24545454545454545,10.061624988373373,0.2090909090909091,0.2818181818181818,9.261624988373377,10.86162498837337,False,0.2514959744530427,6.242960521561023,0,,,9.70966,0.199972
768,770,0.06818181818181819,11.097874662916588,0.053636363636363635,0.08636363636363636,8.797874662916596,13.497874662916582,False,0.02373432994803137,6.0151988770560125,0,,,9.65815,0.053105
770,772,0.3181818181818182,4.2,0.2636363636363636,0.3636363636363637,3.0,5.1000000000000005,True,0.06560654213736715,6.057071089245347,0,,,3.31225,0.274373
771,773,0.026363636363636363,9.460780853196985,0.02363636363636364,0.030909090909090907,8.460780853196987,10.960780853196976,False,0.3064344558464018,6.297899002954381,0,,,9.50101,0.023119
773,775,0.14454545454545453,7.972201182351184,0.12454545454545456,0.16454545454545455,6.472201182351183,9.572201182351185,False,0.02968561126982848,6.021150158377807,0,,,5.73992,0.121081
774,776,0.09909090909090908,16.396165310743484,0.07772727272727273,0.12090909090909092,14.196165310743494,18.59616531074348,False,0.013339577671462505,6.004804124779443,0,,,14.8108,0.071882
775,777,0.2272727272727273,25.5828741290133,0.16636363636363638,0.2909090909090909,23.88287412901328,26.982874129013318,True,0.005091891817892965,5.996556438925872,0,,,26.8582,0.192016
776,778,0.7181818181818181,31.522999214223475,0.5181818181818182,1.0454545454545454,29.522999214223447,34.02299921422351,False,0.0040276752900056815,5.995492222397986,0,,,36.5854,0.846811
777,779,0.2272727272727273,33.78141578809752,0.1781818181818182,0.2636363636363636,32.6814157880975,34.68141578809753,False,0.18380764277212752,6.175272189880108,0,,,35.9337,0.19136
778,780,0.06181818181818183,15.305453746644016,0.045454545454545456,0.08454545454545455,12.505453746644024,18.505453746644005,True,0.01113030146615303,6.002594848574133,0,,,14.7396,0.048908
779,781,0.2727272727272727,8.604330273253384,0.2090909090909091,0.34545454545454546,7.104330273253383,10.204330273253383,True,0.003466991049066075,5.9949315381570445,0,,,8.28587,0.230489
780,782,0.04454545454545455,11.340019664025867,0.03272727272727273,0.06272727272727273,8.840019664025876,14.540019664025856,True,0.05443155948814165,6.04589610659612,0,,,10.9289,0.03694
781,783,0.6545454545454545,10.778264382458111,0.4636363636363636,0.9727272727272728,8.578264382458121,13.378264382458102,True,0.0317125161983892,6.023177063306369,0,,,12.1119,0.66123
782,784,0.7090909090909091,14.040117484005027,0.4636363636363636,1.2545454545454546,11.340117484005034,17.74011748400501,True,0.006557918523499382,5.998022465631478,0,,,16.2467,0.751626
783,785,0.06727272727272728,6.453543314987034,0.05545454545454545,0.08272727272727272,4.553543314987032,8.553543314987035,False,0.03456179633925137,6.026026343447231,0,,,4.56887,0.052594
784,786,0.010454545454545454,9.748006293740783,0.01,0.014545454545454544,9.048006293740782,12.548006293740773,True,0.004169099620845656,5.995633646728826,0,,,10.8856,0.010555
785,787,0.24545454545454545,11.431020802183967,0.19454545454545452,0.3,10.331020802183973,12.831020802183962,True,0.09330357616146516,6.084768123269444,0,,,11.4483,0.204244
786,788,0.3272727272727273,8.551355908916157,0.2909090909090909,0.3636363636363637,7.851355908916157,9.25135590891616,False,0.0689982115427719,6.060462758650751,0,,,8.39972,0.289133
787,789,0.5363636363636364,2.1,0.3545454545454545,1.3090909090909093,0.0,7.4,True,0.0014114007471140607,5.992875947855092,0,,,2.12959,0.540695
788,790,0.09,7.640243029643933,0.07,0.11545454545454545,5.140243029643932,10.040243029643936,False,0.023240896478444142,6.014705443586424,0,,,5.14476,0.067674
789,791,0.2545454545454545,12.565741410740365,0.2090909090909091,0.3,11.46574141074037,13.565741410740358,True,0.13641642414429486,6.1278809712522735,0,,,12.5173,0.209647
790,792,0.16454545454545455,8.895867878784411,0.13727272727272727,0.2181818181818182,6.59586787878441,10.595867878784412,True,0.015551025105616385,6.0070155722135965,0,,,7.01301,0.148945
791,793,0.2909090909090909,11.575573543070764,0.2363636363636364,0.34545454545454546,10.275573543070768,12.57557354307076,True,0.09464218598213034,6.0861067330901095,0,,,11.4954,0.2492
792,794,0.19181818181818186,47.87536551450892,0.10636363636363637,0.4545454545454546,42.775365514508856,52.77536551450899,True,0.002073957528773384,5.993538504636753,0,,,51.3712,0.178644
793,795,0.2636363636363636,22.96522201031393,0.2090909090909091,0.3272727272727273,21.665222010313915,24.26522201031395,False,0.13688376981559774,6.128348316923576,0,,,24.3537,0.230583
795,797,0.16818181818181818,19.00476376219083,0.14636363636363636,0.2090909090909091,17.204763762190833,20.10476376219082,True,0.03985675393102255,6.031321301039003,0,,,18.2178,0.1526
798,800,0.014090909090909091,5.977524448064053,0.010454545454545454,0.019545454545454543,3.4775244480640537,8.677524448064053,True,0.008342193998589095,5.9998067411065685,0,,,6.54373,0.013859
799,801,0.2363636363636364,9.666575422963364,0.1809090909090909,0.2909090909090909,8.366575422963368,10.86657542296336,True,0.00979635593012956,6.0012609030381086,0,,,9.04851,0.193667
800,802,0.2181818181818182,5.633259715267387,0.17,0.2727272727272727,4.533259715267388,6.933259715267388,False,0.019572781003596273,6.011037328111574,0,,,4.28371,0.183944
801,803,0.02363636363636364,22.25334912590489,0.013636363636363636,0.04636363636363637,17.753349125904826,27.753349125904972,True,0.00447240572524656,5.995936952833227,0,,,23.7609,0.02052
802,804,0.4,8.482767752113936,0.3181818181818182,0.5909090909090908,6.9827677521139355,10.882767752113939,True,0.02182831724221224,6.013292864350191,0,,,9.11644,0.396344
803,805,0.06727272727272728,18.838682441223877,0.045454545454545456,0.09545454545454546,15.138682441223892,22.238682441223865,True,0.015026002527631675,6.006490549635612,0,,,18.1574,0.051258
804,806,0.3545454545454545,8.184237493062287,0.3,0.4363636363636364,7.084237493062286,9.584237493062288,True,0.026230302245243742,6.017694849353223,0,,,8.42571,0.332848
805,807,0.12818181818181815,13.766164680500369,0.11181818181818183,0.14272727272727273,12.266164680500374,14.866164680500367,False,0.03130116943850144,6.0227657165464805,0,,,11.8772,0.098661
806,808,0.2909090909090909,9.7732556651545,0.2545454545454545,0.3181818181818182,8.973255665154504,10.2732556651545,False,0.2402904953181738,6.231755042426152,0,,,9.46866,0.248601
807,809,0.0981818181818182,10.722945951410582,0.08181818181818183,0.11545454545454545,9.122945951410587,12.422945951410576,False,0.02580635867242189,6.017270905780401,0,,,8.67404,0.072069
808,810,0.01090909090909091,11.533666947272543,0.01,0.01681818181818182,10.233666947272551,15.033666947272534,True,0.008227732496438033,5.999692279604418,0,,,12.7368,0.01086
809,811,0.015,10.63189544675692,0.011363636363636364,0.02181818181818182,8.031895446756929,13.431895446756911,True,0.08906068112231474,6.080525228230294,0,,,11.5981,0.014664
810,812,0.12272727272727273,11.67247620401743,0.08363636363636362,0.1572727272727273,7.972476204017442,14.47247620401742,True,0.006933694473951614,5.99839824158193,0,,,9.43362,0.09002
811,813,0.13727272727272727,11.880687851565433,0.11363636363636365,0.1572727272727273,9.780687851565439,13.480687851565426,False,0.01656943128133018,6.008033978389308,0,,,9.78896,0.109288
812,814,0.5181818181818182,7.889632693338117,0.4,0.7181818181818181,6.289632693338118,9.98963269333812,True,0.12636261957765788,6.117827166685637,0,,,8.72334,0.529669
813,815,0.07909090909090909,13.633425101689136,0.06636363636363636,0.0981818181818182,11.833425101689146,15.63342510168913,False,0.018393488119261392,6.00985803522724,0,,,12.143,0.060605
815,817,0.09545454545454546,25.882078433342627,0.07200000000000001,0.1190909090909091,23.182078433342596,28.082078433342662,False,0.01441356668024617,6.005878113788224,0,,,25.2632,0.069913
816,818,0.4181818181818182,22.583286134485512,0.34545454545454546,0.5363636363636364,21.283286134485493,24.18328613448553,False,0.03370121918789247,6.025165766295872,0,,,25.0219,0.427674
817,819,0.06,16.754905137036488,0.04454545454545455,0.07727272727272727,13.9549051370365,19.354905137036482,True,0.026198542428863717,6.0176630895368435,0,,,16.1076,0.046814
818,820,0.2909090909090909,11.433397996789546,0.2636363636363636,0.3363636363636364,10.733397996789542,12.33339799678954,False,0.05340780463790496,6.044872351745883,0,,,11.6516,0.258586
819,821,0.3,4.6000000000000005,0.24545454545454545,0.3727272727272728,3.3000000000000003,5.9,True,0.033694730939600584,6.025159278047579,0,,,3.89706,0.263667
820,822,1.2727272727272727,4.600281636436945,0.5909090909090908,1.4,0.500281636436946,6.300281636436945,True,0.001877800390409994,5.9933423474983885,0,,,5.25617,1.2286
821,823,0.05181818181818182,21.309521442278356,0.03818181818181818,0.07309090909090908,18.30952144227831,24.5095214422784,True,0.005648335693169332,5.997112882801147,0,,,21.5311,0.042711
823,825,0.030909090909090907,9.423073353566641,0.025454545454545452,0.039090909090909086,7.623073353566648,11.223073353566637,True,0.0836001100569819,6.075064657164961,0,,,9.0278,0.02647
824,826,0.4909090909090909,9.005818491679399,0.3909090909090909,0.6727272727272727,7.5058184916794035,10.905818491679392,True,0.0017061496256580305,5.993170696733638,0,,,9.88286,0.499542
825,827,0.045454545454545456,5.741460271823727,0.03363636363636364,0.06363636363636364,3.2414602718237235,8.841460271823728,True,0.03693219946631295,6.028396746574294,0,,,4.58732,0.037763
826,828,0.03363636363636364,7.672633529882757,0.027272727272727268,0.04181818181818182,5.972633529882756,9.472633529882758,True,0.1221111511705256,6.1135756982785034,0,,,6.97352,0.027703
828,830,0.10636363636363637,21.048993274520004,0.08090909090909093,0.13,18.54899327451997,23.24899327452004,False,0.016276556071470074,6.007741103179449,0,,,19.9347,0.077314
829,831,0.07072727272727274,14.931821542863412,0.058181818181818175,0.08636363636363636,13.031821542863419,16.931821542863403,False,0.004882094695497308,5.996346641803477,0,,,13.8206,0.054719
830,832,0.12272727272727273,16.72466278467474,0.10454545454545457,0.13727272727272727,14.82466278467475,17.924662784674734,False,0.03056036890621032,6.022024916014188,0,,,14.9508,0.089767
831,833,0.10636363636363637,6.238487434950375,0.08363636363636362,0.12636363636363634,4.038487434950373,8.138487434950378,False,0.11061981242372483,6.1020843595317045,0,,,3.35596,0.076239
832,834,0.01590909090909091,14.633039885212678,0.013181818181818182,0.019545454545454543,13.033039885212686,16.233039885212676,True,0.06842195575444424,6.0598865028624225,0,,,15.9534,0.015163
833,835,0.06818181818181819,24.851141483366256,0.04727272727272727,0.09727272727272727,21.451141483366207,28.251141483366304,True,0.011872770598478178,6.003337317706458,0,,,24.9725,0.052962
834,836,0.027272727272727268,10.066281469347093,0.022727272727272728,0.034545454545454546,8.466281469347098,11.966281469347086,True,0.20540936151493394,6.196873908622912,0,,,10.0594,0.023741
835,837,0.04363636363636364,7.116025408158965,0.031818181818181815,0.06,4.616025408158962,10.116025408158967,True,0.004208709124245661,5.995673256232225,0,,,6.20206,0.036103
836,838,0.16818181818181818,26.478433357415266,0.1409090909090909,0.2272727272727273,24.27843335741523,28.07843335741529,True,0.02148683830481784,6.012951385412798,0,,,26.7364,0.155917
837,839,0.2909090909090909,4.4,0.2272727272727273,0.3545454545454545,3.0,5.5,True,0.1906679156169523,6.182132462724931,0,,,3.46252,0.249073
838,840,0.13,13.861022794326182,0.09,0.16636363636363638,10.261022794326196,16.761022794326173,True,0.025458586439053542,6.0169231335470315,0,,,12.1341,0.102358
839,841,0.2272727272727273,9.318854956781685,0.17545454545454547,0.2909090909090909,8.01885495678169,10.71885495678168,True,0.03516402358338677,6.026628570691366,0,,,8.78826,0.192114
840,842,0.034545454545454546,14.666178323899324,0.022727272727272728,0.056363636363636366,11.066178323899337,19.066178323899308,True,0.0007655965301160058,5.9922301436380945,0,,,14.8783,0.028656
841,843,0.01909090909090909,12.392676191641558,0.01590909090909091,0.024545454545454544,10.892676191641565,14.39267619164155,True,0.07819662350775533,6.069661170615734,0,,,13.2932,0.017887
842,844,0.2636363636363636,14.68642672776566,0.2,0.3272727272727273,13.186426727765665,15.886426727765652,True,0.03224218216053595,6.023706729268515,0,,,14.9492,0.221741
843,845,0.4090909090909091,5.512295932692397,0.3363636363636364,0.5454545454545454,4.212295932692397,7.4122959326923965,True,0.007870101483529918,5.999334648591509,0,,,5.64008,0.395493
844,846,0.013181818181818182,22.233242435260106,0.01,0.02363636363636364,19.333242435260058,26.533242435260163,True,0.007472552976950808,5.9989371000849285,0,,,24.5965,0.012977
845,847,0.24545454545454545,10.53081236870956,0.2181818181818182,0.2909090909090909,9.830812368709562,11.530812368709555,False,0.28425882160631843,6.2757233687142975,0,,,10.3436,0.204342
846,848,0.5727272727272728,14.277062202541805,0.4181818181818182,0.8909090909090909,12.377062202541811,17.077062202541793,True,0.1219632048972133,6.113427752005192,0,,,16.2356,0.604367
847,849,0.07336363636363635,14.228985969707608,0.05909090909090909,0.09,12.028985969707618,16.228985969707598,False,0.0146999828349549,6.006164529942933,0,,,12.8565,0.055915
848,850,0.1481818181818182,7.579620481555313,0.12636363636363634,0.17,5.8796204815553095,9.379620481555314,False,0.02279720868970915,6.014261755797688,0,,,5.28195,0.125495
849,851,0.05181818181818182,13.394977080633529,0.037272727272727284,0.07472727272727273,10.294977080633537,16.794977080633515,True,0.024898006177378997,6.016362553285358,0,,,12.7413,0.042593
850,852,0.024545454545454544,15.591918123796928,0.017272727272727273,0.03545454545454545,12.59191812379694,18.59191812379692,True,0.028604117295199464,6.020068664403179,0,,,16.0686,0.02089
851,853,0.08454545454545455,17.978702993581933,0.06727272727272728,0.1090909090909091,15.678702993581945,20.27870299358193,False,0.08029077126503531,6.071755318373015,0,,,16.8094,0.064427
852,854,0.07636363636363636,17.404887296270275,0.053636363636363635,0.10727272727272727,13.904887296270285,20.40488729627026,True,0.0019143806877632331,5.993378927795742,0,,,16.2387,0.058311
853,855,0.08818181818181818,6.3833936307287225,0.07,0.11181818181818183,3.9833936307287203,8.483393630728724,False,0.008678035550278079,6.000142582658257,0,,,3.69614,0.066264
854,856,0.3181818181818182,9.299416278621921,0.2636363636363636,0.3636363636363637,8.099416278621923,10.199416278621916,True,0.1977496565299675,6.189214203637947,0,,,9.05117,0.27321
855,857,0.13,11.930710160002056,0.10818181818181817,0.15181818181818182,9.830710160002065,13.530710160002053,False,0.041852820467009694,6.0333173675749885,0,,,9.9007,0.101554
856,858,0.17545454545454547,11.657857195518151,0.15363636363636365,0.2181818181818182,10.157857195518154,12.657857195518146,True,0.004683921029971748,5.9961484681379495,0,,,10.228,0.158482
857,859,0.15545454545454546,8.407386145925184,0.13545454545454547,0.17272727272727273,6.807386145925182,9.607386145925188,False,0.10282599307790916,6.094290540185888,0,,,6.07117,0.132785
858,860,0.02090909090909091,8.304272520591892,0.01681818181818182,0.028181818181818183,6.504272520591892,10.804272520591896,True,0.1062871944493098,6.097751741557289,0,,,8.58859,0.01911
859,861,0.011818181818181818,13.478408984872267,0.01,0.015454545454545453,11.878408984872275,15.77840898487226,True,0.007473886052104786,5.998938433160085,0,,,15.0361,0.011938
860,862,0.06727272727272728,11.655663731439645,0.05181818181818182,0.08636363636363636,9.255663731439656,14.155663731439637,True,0.008247205763789794,5.999711752871768,0,,,10.3369,0.052253
861,863,0.05545454545454545,11.548069008247847,0.029090909090909087,0.09454545454545454,6.2480690082478665,16.248069008247832,True,0.004171825936486021,5.995636373044465,0,,,10.4258,0.044029
862,864,0.025454545454545452,16.766272564161312,0.01681818181818182,0.037272727272727284,13.466272564161322,19.8662725641613,True,0.0337958368777775,6.0252603839857555,0,,,17.2039,0.021261
863,865,0.14454545454545453,10.508220441049088,0.10636363636363637,0.19454545454545452,7.1082204410491014,13.10822044104908,True,0.007692316323776991,5.9991568634317565,0,,,8.56264,0.12157
864,866,0.011363636363636364,10.791544004287191,0.01,0.013636363636363636,9.691544004287193,12.391544004287185,True,0.01978159421855845,6.011246141326537,0,,,12.0171,0.011484
865,867,0.03363636363636364,16.882581369711012,0.025454545454545452,0.04636363636363637,14.482581369711022,19.582581369711004,True,0.019468778332468885,6.010933325440448,0,,,17.3099,0.028133
866,868,0.03272727272727273,4.9,0.026363636363636363,0.040909090909090916,3.1,6.6000000000000005,True,0.10617979439103804,6.097644341499017,0,,,3.88656,0.027193
867,869,0.02090909090909091,18.338928649462765,0.015,0.029090909090909087,15.638928649462773,21.33892864946275,True,0.011648509464321484,6.0031130565723005,0,,,19.5274,0.018583
868,870,0.3727272727272728,4.0,0.2727272727272727,0.5818181818181818,2.0,6.9,True,0.01823455435301957,6.009699101460999,0,,,3.74039,0.355002
869,871,0.06636363636363636,9.550564428928613,0.05,0.08727272727272728,7.050564428928622,12.250564428928607,True,0.0027778325851616523,5.9942423796931426,0,,,8.01397,0.05146
870,872,0.24545454545454545,3.0,0.1863636363636364,0.3090909090909091,1.6,4.3,True,0.008409667583866529,5.999874214691847,0,,,1.72425,0.198511
871,873,0.025454545454545452,8.328614554842577,0.015454545454545453,0.045454545454545456,4.328614554842574,13.12861455484258,True,0.008899352859979039,6.000363899967956,0,,,8.14094,0.022236
872,874,0.3181818181818182,4.4,0.2545454545454545,0.4090909090909091,3.0,6.0,True,0.02893575039179952,6.020400297499777,0,,,3.84881,0.286368
873,875,0.3636363636363637,7.323399959220338,0.3090909090909091,0.4545454545454546,6.223399959220336,8.623399959220338,True,0.09806705248884426,6.089531599596822,0,,,7.49796,0.350584
874,876,0.02090909090909091,11.350295811882756,0.015,0.028181818181818183,8.750295811882765,13.950295811882745,True,0.06443907753203519,6.055903624640014,0,,,11.685,0.018365
876,878,0.09727272727272727,7.006492871639723,0.075,0.11727272727272728,4.706492871639719,9.006492871639725,False,0.03027158431532376,6.021736131423303,0,,,4.26397,0.069881
877,879,0.14272727272727273,9.713095328936838,0.11727272727272728,0.16636363636363638,7.5130953289368465,11.713095328936829,True,0.013711013295500427,6.00517556040348,0,,,7.6023,0.117607
878,880,0.01636363636363636,9.852045712953077,0.014090909090909091,0.019545454545454543,8.65204571295308,11.252045712953072,True,0.02400303066411236,6.0154675777720925,0,,,10.7633,0.0158
880,882,0.10363636363636364,10.678220878537894,0.08545454545454545,0.12090909090909092,9.0782208785379,12.378220878537887,False,0.006675135383464727,5.998139682491443,0,,,8.43176,0.075244
881,883,0.1590909090909091,6.9858332680465445,0.13727272727272727,0.2,5.185833268046544,8.685833268046549,False,0.06872089237865653,6.060185439486634,0,,,4.96474,0.143425
882,884,0.028181818181818183,15.603790481105099,0.02181818181818182,0.040909090909090916,13.203790481105107,18.50379048110509,True,0.09681747164752508,6.088282018755504,0,,,16.267,0.025114
883,885,0.08181818181818183,17.27246253266008,0.06181818181818183,0.11,14.47246253266009,20.07246253266007,True,0.027917294809582063,6.0193818419175615,0,,,16.126,0.062742
884,886,0.1809090909090909,13.089103005529205,0.15181818181818182,0.2181818181818182,11.389103005529213,14.089103005529203,True,0.0456277116740622,6.0370922587820415,0,,,11.7632,0.160129
885,887,0.13181818181818186,8.287796423927803,0.11,0.15363636363636365,6.2877964239278015,9.987796423927804,False,0.02082515484035774,6.012289701948338,0,,,5.89987,0.105086
886,888,0.030909090909090907,12.143708216479425,0.024545454545454544,0.04,10.043708216479432,14.043708216479418,True,0.050955836316933185,6.042420383424913,0,,,11.9273,0.026097
887,889,0.01636363636363636,11.074322092619493,0.013181818181818182,0.02090909090909091,9.2743220926195,13.074322092619484,True,0.08945209859815782,6.080916645706138,0,,,12.0651,0.015651
888,890,0.34545454545454546,3.1,0.2272727272727273,0.5454545454545454,0.6000000000000001,6.0,True,0.010696296489684998,6.002160843597664,0,,,2.35311,0.310601
889,891,0.3818181818181817,3.6,0.2545454545454545,0.7090909090909091,0.9,7.4,True,0.019729627896127915,6.011194175004108,0,,,3.26466,0.363169
890,892,0.08,12.937764912057853,0.06363636363636364,0.1,10.63776491205786,14.837764912057846,False,0.0404666000704537,6.031931147178433,0,,,11.1569,0.060029
891,893,0.02,11.277803899225182,0.015,0.028181818181818183,9.07780389922519,14.277803899225173,True,0.07954478325133185,6.071009330359311,0,,,12.0032,0.018515
892,894,0.013636363636363636,12.73016679635002,0.01090909090909091,0.01681818181818182,10.830166796350028,14.530166796350017,True,0.057490296735871915,6.048954843843851,0,,,14.0306,0.013499
893,895,0.02090909090909091,8.770896958168894,0.017727272727272727,0.025454545454545452,7.370896958168893,10.370896958168897,True,0.01923966341270307,6.010704210520682,0,,,8.98201,0.018821
894,896,0.04363636363636364,12.156206147715269,0.031818181818181815,0.05909090909090909,9.556206147715278,14.956206147715259,True,0.02756678383533448,6.019031330943314,0,,,11.5766,0.03532
895,897,0.052727272727272734,15.234115728214073,0.04363636363636364,0.06727272727272728,13.43411572821408,17.534115728214072,True,0.027493277404090133,6.0189578245120705,0,,,14.9865,0.043706
896,898,0.034545454545454546,6.177464543882012,0.028181818181818183,0.04363636363636364,4.5774645438820105,8.177464543882014,True,0.02419725275611956,6.015661799864098,0,,,5.48375,0.028808
897,899,0.3727272727272728,6.218144316167728,0.3272727272727273,0.4272727272727273,5.318144316167727,7.218144316167729,True,0.015391850693194088,6.006856397801172,0,,,6.12453,0.349815
898,900,0.022727272727272728,6.544598895745874,0.017727272727272727,0.029090909090909087,4.544598895745873,8.644598895745876,True,0.018102656396186644,6.009567203504167,0,,,6.19964,0.019642
899,901,0.34545454545454546,6.797144223925666,0.2818181818181818,0.4545454545454546,5.3971442239256655,8.597144223925667,True,0.11163431970254982,6.103098866810528,0,,,6.84628,0.327414
900,902,0.16818181818181818,7.8224752078583295,0.1481818181818182,0.2090909090909091,6.122475207858328,8.92247520785833,False,0.018749922919443253,6.010214470027423,0,,,5.7953,0.153467
901,903,0.01681818181818182,11.153910729575104,0.013636363636363636,0.02181818181818182,9.353910729575112,13.253910729575098,True,0.024657771374714442,6.016122318482694,0,,,12.0449,0.01587
902,904,0.01909090909090909,11.05242731244765,0.015,0.024545454545454544,9.152427312447657,12.952427312447645,True,0.0009318030870003297,5.992396350194979,0,,,11.6347,0.017556
903,905,0.022727272727272728,11.177019702589583,0.017272727272727273,0.03,8.977019702589589,13.677019702589574,True,0.015164125296089447,6.0066286724040685,0,,,11.4437,0.019721
904,906,0.013636363636363636,9.488138796356363,0.011363636363636364,0.017727272727272727,7.888138796356369,11.688138796356355,True,0.1096448566997739,6.101109403807754,0,,,10.7045,0.013813
905,907,0.10727272727272727,8.875853033494337,0.08181818181818183,0.13181818181818186,6.475853033494338,11.075853033494338,False,0.022376073314197286,6.013840620422176,0,,,6.34604,0.077687
906,908,0.018636363636363642,16.40175440119024,0.014090909090909091,0.026363636363636363,14.201754401190245,19.201754401190232,True,0.013256094075407869,6.004720641183388,0,,,17.8041,0.017394
907,909,0.039090909090909086,5.768960479000312,0.03,0.04727272727272727,3.8689604790003123,7.6689604790003125,True,0.08878855106310475,6.080253098171084,0,,,4.69359,0.031327
908,910,0.1890909090909091,12.990711960306902,0.16636363636363638,0.2181818181818182,12.090711960306905,13.5907119603069,False,0.005287643425183012,5.996752190533162,0,,,11.9956,0.167927
909,911,0.014090909090909091,3.9,0.011363636363636364,0.01818181818181818,2.0,5.9,True,0.013334029419195663,6.004798576527175,0,,,4.22214,0.013953
910,912,0.04454545454545455,5.939898068473568,0.03545454545454545,0.057272727272727274,3.9398980684735667,8.339898068473566,True,0.00612944920343635,5.997593996311416,0,,,4.82584,0.036931
911,913,0.44545454545454544,12.925980773051306,0.3636363636363637,0.6181818181818182,11.62598077305131,15.125980773051298,True,0.03756651789293375,6.029031065000912,0,,,14.3718,0.454139
912,914,0.022727272727272728,12.166456673103303,0.01909090909090909,0.026363636363636363,10.766456673103312,13.466456673103302,True,0.022223655466565132,6.013688202574544,0,,,12.4757,0.019557
913,915,0.06545454545454546,13.650053643598433,0.05090909090909091,0.08363636363636362,11.450053643598439,16.150053643598422,True,0.02094733425965666,6.012411881367637,0,,,12.7094,0.051249
914,916,0.1809090909090909,5.507709001447097,0.15181818181818182,0.2272727272727273,3.8077090014470967,6.6077090014470965,False,0.025356907707928214,6.016821454815908,0,,,3.34776,0.160302
916,918,0.24545454545454545,14.70538658219619,0.2090909090909091,0.2727272727272727,14.005386582196193,15.305386582196189,False,0.4467466691355603,6.4382112162435385,0,,,14.9195,0.199676
917,919,0.014545454545454544,11.613644236260463,0.01090909090909091,0.019545454545454543,9.21364423626047,14.013644236260452,True,0.03629354619746921,6.027758093305447,0,,,12.726,0.014262
919,921,0.05,5.704115398235476,0.040909090909090916,0.06363636363636364,3.6041153982354768,7.804115398235476,True,0.04819187279613947,6.039656419904119,0,,,4.22357,0.04136
920,922,0.16454545454545455,11.913103218786272,0.13727272727272727,0.2090909090909091,9.81310321878628,13.513103218786268,True,0.011966468634918558,6.003431015742898,0,,,10.3712,0.14762
921,923,0.13363636363636364,8.079002936072277,0.09454545454545454,0.17,4.479002936072276,10.87900293607228,True,0.02130824880047313,6.012772795908452,0,,,5.57992,0.106051
922,924,0.2545454545454545,3.7,0.17,0.34545454545454546,1.8,5.7,True,0.06317875573495484,6.054643302842934,0,,,2.67099,0.208408
923,925,0.2,9.106107422751538,0.16090909090909092,0.2636363636363636,7.606107422751544,10.506107422751533,True,0.05639302538458745,6.047857572492568,0,,,7.98486,0.175896
924,926,0.011363636363636364,14.945588919129195,0.01,0.015454545454545453,13.5455889191292,17.64558891912918,True,0.026270286144230076,6.017734833252209,0,,,16.5997,0.011351
925,927,0.17,4.3,0.15545454545454546,0.2,3.1,5.1000000000000005,False,0.03219651996790488,6.023661067075884,0,,,2.00578,0.156566
926,928,0.01909090909090909,5.681051928236189,0.015454545454545453,0.025454545454545452,4.0810519282361915,7.981051928236189,True,0.17571922483435448,6.167183771942335,0,,,5.92138,0.018038
927,929,0.01090909090909091,15.359773460029164,0.01,0.015454545454545453,14.159773460029168,18.359773460029157,True,0.025299465281893918,6.0167640123898725,0,,,17.0959,0.011042
928,930,0.2909090909090909,12.816236081772704,0.2636363636363636,0.3363636363636364,12.116236081772707,13.6162360817727,True,0.24159885640048,6.233063403508459,0,,,13.24,0.263814
929,931,0.031818181818181815,10.156047798674793,0.022727272727272728,0.045454545454545456,7.2560477986748015,13.156047798674779,True,0.050726348352591835,6.042190895460571,0,,,9.71645,0.026481
930,932,0.024545454545454544,10.21650411319633,0.017272727272727273,0.03363636363636364,7.516504113196339,13.016504113196321,True,0.02577828468036574,6.0172428317883435,0,,,10.1592,0.020674
931,933,0.029090909090909087,6.191463043613868,0.02090909090909091,0.045454545454545456,3.291463043613865,9.691463043613872,True,0.025586488421109024,6.0170510355290885,0,,,5.75224,0.025778
932,934,0.2909090909090909,8.96930236939436,0.24545454545454545,0.3363636363636364,8.069302369394363,9.869302369394356,True,0.16633451265079366,6.157799059758773,0,,,8.75912,0.25286
933,935,0.024545454545454544,7.943949489204908,0.01818181818181818,0.03363636363636364,5.5439494892049055,10.64394948920491,True,0.02264688806445218,6.014111435172431,0,,,7.74116,0.021062
934,936,0.2363636363636364,5.779302100402522,0.2,0.2818181818181818,4.879302100402524,6.8793021004025245,False,0.2368294980430295,6.228294045151008,0,,,5.00055,0.198465
935,937,0.07,10.123083529477196,0.05454545454545455,0.08909090909090908,7.723083529477207,12.42308352947719,False,0.0021558804002055985,5.9936204275081835,0,,,8.42342,0.054115
936,938,0.02363636363636364,12.76965538326699,0.017272727272727273,0.030909090909090907,10.369655383266998,15.169655383266981,True,0.04714396982296674,6.038608516930946,0,,,12.972,0.019863
937,939,0.15363636363636365,12.968270561351163,0.13181818181818186,0.18363636363636365,11.268270561351171,14.668270561351154,True,0.0240018555295927,6.015466402637572,0,,,11.472,0.134072
938,940,0.16090909090909092,11.887101597138296,0.1390909090909091,0.19454545454545452,10.187101597138302,13.187101597138293,True,0.03338932002355829,6.0248538671315375,0,,,10.1892,0.141669
939,941,0.1590909090909091,11.807500377393017,0.1390909090909091,0.18363636363636365,10.20750037739302,13.007500377393011,False,0.01355865962372335,6.005023206731702,0,,,10.01,0.138906
940,942,0.026363636363636363,11.766814253742428,0.019545454545454543,0.03636363636363636,9.266814253742435,14.36681425374242,True,0.011901882115708652,6.003366429223688,0,,,11.8246,0.02264
941,943,0.034545454545454546,5.235842257949012,0.028181818181818183,0.04363636363636364,3.535842257949012,7.235842257949012,True,0.020204223703584462,6.011668770811562,0,,,4.3895,0.028716
942,944,0.14454545454545453,9.484350442152437,0.11545454545454545,0.17272727272727273,7.084350442152448,11.584350442152429,True,0.013419029918576166,6.004883577026554,0,,,7.27116,0.119683
944,946,0.022727272727272728,7.9124651653252425,0.01590909090909091,0.03272727272727273,5.112465165325241,11.012465165325246,True,0.017097595800998247,6.0085621429089775,0,,,7.72747,0.019616
945,947,0.34545454545454546,12.137072192177484,0.2909090909090909,0.3909090909090909,11.037072192177488,13.037072192177481,True,0.023901967501772915,6.015366514609753,0,,,12.6193,0.316421
946,948,0.5181818181818182,5.641515982660849,0.2909090909090909,1.2181818181818185,2.041515982660851,10.741515982660848,True,0.010053261202781391,6.00151780831076,0,,,6.01061,0.513189
947,949,0.14454545454545453,11.184455088847027,0.11545454545454545,0.1781818181818182,8.684455088847036,13.38445508884702,True,0.004767332829890496,5.996231879937869,0,,,9.32162,0.121532
948,950,0.04272727272727273,8.748930915167465,0.029090909090909087,0.06272727272727273,5.748930915167463,12.348930915167468,True,0.0023143686429695372,5.99377891575095,0,,,8.06179,0.035255
950,952,0.022727272727272728,15.722458466106614,0.017727272727272727,0.028181818181818183,13.72245846610662,17.82245846610661,True,0.05182880711085736,6.0432933542188385,0,,,16.4273,0.019422
951,953,0.3545454545454545,4.896733325360755,0.3090909090909091,0.4181818181818182,3.996733325360753,5.996733325360752,True,0.0642435383549902,6.055708085462968,0,,,4.6518,0.330315
952,954,0.16454545454545455,10.349529496842656,0.1409090909090909,0.2090909090909091,8.449529496842661,11.849529496842651,True,0.04343640275253041,6.03490094986051,0,,,8.76716,0.149394
953,955,0.3636363636363637,3.1,0.1890909090909091,0.8818181818181818,0.0,8.3,True,0.00017622709831802838,5.991640774206298,0,,,2.61601,0.339581
954,956,0.037272727272727284,4.6000000000000005,0.029090909090909087,0.045454545454545456,2.8000000000000003,6.4,True,0.02167763369544345,6.013142180803423,0,,,3.44804,0.029854
955,957,0.08818181818181818,12.656231479395599,0.06909090909090909,0.11181818181818183,10.156231479395608,14.856231479395593,False,0.019962003161821,6.0114265502698,0,,,10.7,0.066104
957,959,0.040909090909090916,11.687880569320619,0.028181818181818183,0.0609090909090909,8.687880569320631,15.287880569320608,True,0.012293662873723302,6.003758209981703,0,,,11.2733,0.033316
958,960,0.02090909090909091,10.94492975470547,0.015,0.028181818181818183,8.444929754705479,13.444929754705461,True,0.016287233016772276,6.007751780124751,0,,,11.2586,0.018481
960,962,0.08727272727272728,10.425165264073296,0.057272727272727274,0.12454545454545456,6.325165264073311,13.925165264073286,True,0.0029309030413957747,5.9943954501493755,0,,,8.17351,0.065058
961,963,0.027272727272727268,14.932472232917654,0.02,0.04,12.332472232917665,17.932472232917647,True,0.007141349714139227,5.998605896822117,0,,,15.4366,0.023762
962,964,0.027272727272727268,8.647029913537551,0.02090909090909091,0.03363636363636364,6.447029913537548,10.547029913537552,True,0.12766901716093104,6.1191335642689095,0,,,8.12126,0.022778
963,965,0.06909090909090909,12.952664393637805,0.053636363636363635,0.08818181818181818,10.552664393637814,15.452664393637795,False,0.006599084008396047,5.998063631116374,0,,,11.7136,0.053594
964,966,0.04636363636363637,6.105197337059035,0.034545454545454546,0.06363636363636364,3.5051973370590326,9.105197337059037,True,0.0307720913681992,6.022236638476177,0,,,4.84853,0.03815
965,967,0.3181818181818182,3.3000000000000003,0.2818181818181818,0.3545454545454545,2.5,3.9,False,0.022782055829533108,6.014246602937512,0,,,2.39935,0.278352
966,968,0.1809090909090909,8.968132888589777,0.1572727272727273,0.2272727272727273,7.568132888589777,10.06813288858978,False,0.015106033990549031,6.0065705810985275,0,,,7.41957,0.163457
967,969,0.053636363636363635,5.406118807073836,0.045454545454545456,0.06454545454545453,3.8061188070738377,7.1061188070738375,False,0.020888825331917774,6.012353372439897,0,,,3.81709,0.043594
968,970,0.0609090909090909,10.273013276133296,0.04,0.0918181818181818,6.373013276133312,14.273013276133284,True,0.009767828136196666,6.001232375244175,0,,,8.9103,0.047717
969,971,0.031818181818181815,8.304906567968509,0.02363636363636364,0.04363636363636364,5.604906567968505,10.804906567968507,True,0.032138781106110945,6.02360332821409,0,,,7.6259,0.026696
970,972,0.057272727272727274,5.311479698372744,0.04272727272727273,0.07909090909090909,2.5114796983727445,8.511479698372742,True,0.015295717205945424,6.006760264313924,0,,,3.71031,0.046215
971,973,0.16818181818181818,13.401521078792555,0.14636363636363636,0.2090909090909091,11.60152107879256,14.50152107879255,True,0.011035681174508684,6.002500228282488,0,,,11.9173,0.151616
973,975,0.13727272727272727,12.35838560020843,0.11545454545454545,0.1572727272727273,10.458385600208436,13.858385600208425,False,0.03502519541322792,6.026489742521207,0,,,10.3997,0.11028
974,976,0.01636363636363636,12.454953914659155,0.013181818181818182,0.02090909090909091,10.554953914659162,14.554953914659148,True,0.06743367755042515,6.058898224658403,0,,,13.5419,0.015496
975,977,0.3727272727272728,5.445552208810001,0.3,0.4636363636363636,4.045552208810002,6.84555220881,True,0.04236155206445677,6.033826099172436,0,,,5.17978,0.347085
976,978,0.15545454545454546,11.97325113420989,0.13727272727272727,0.17545454545454547,10.473251134209896,13.273251134209886,False,0.051561710382968674,6.043026257490947,0,,,10.2248,0.134661
977,979,0.07472727272727273,6.639753025158554,0.057272727272727274,0.09545454545454546,4.039753025158553,8.939753025158558,False,0.013299602265817084,6.004764149373796,0,,,4.28258,0.05672
978,980,0.010454545454545454,10.175092089990507,0.01,0.015454545454545453,9.375092089990511,13.575092089990495,True,0.025078408443041926,6.016542955551021,0,,,11.4148,0.010601
979,981,0.014545454545454544,12.147048445138497,0.011363636363636364,0.02090909090909091,10.047048445138506,14.947048445138488,True,0.05231534180252888,6.0437798889105085,0,,,13.5841,0.014622
980,982,0.07127272727272728,10.76922120883224,0.04272727272727273,0.11727272727272728,5.869221208832258,15.569221208832225,True,0.0009116757381725867,5.992376222846152,0,,,9.12432,0.054959
981,983,0.056363636363636366,14.860699580300697,0.04272727272727273,0.075,12.260699580300706,17.660699580300687,True,0.014019676202373776,6.0054842233103525,0,,,14.3187,0.045414
982,984,0.04363636363636364,7.539259426176241,0.03,0.06636363636363636,4.539259426176238,11.439259426176244,True,0.02739086334092306,6.018855410448903,0,,,6.68128,0.036195
983,985,0.012272727272727272,14.464327506159437,0.01,0.017272727272727273,12.464327506159446,17.364327506159427,True,0.015312905824248876,6.006777452932228,0,,,15.9594,0.012165
984,986,0.2090909090909091,3.0,0.16272727272727272,0.2727272727272727,1.4,4.5,False,0.008154610025473184,5.999619157133452,0,,,1.19389,0.179133
985,987,0.014090909090909091,8.693604829085876,0.01,0.02,5.993604829085872,11.693604829085876,True,0.003988585959868173,5.995453133067848,0,,,9.60902,0.013867
986,988,0.12090909090909092,6.3725538190890125,0.09090909090909093,0.15363636363636365,3.5725538190890105,8.972553819089015,True,0.06563969486327806,6.057104241971258,0,,,3.85467,0.092133
987,989,0.3818181818181817,5.502310711901335,0.3272727272727273,0.4636363636363636,4.602310711901335,6.902310711901334,True,0.05937475422056618,6.050839301328544,0,,,5.62894,0.369686
988,990,0.2363636363636364,8.90659981795657,0.17545454545454547,0.3090909090909091,7.506599817956575,10.606599817956564,True,0.0402229288029883,6.031687475910967,0,,,8.39963,0.1965
989,991,0.0981818181818182,8.861172816713488,0.07772727272727273,0.11727272727272728,6.761172816713487,10.661172816713488,False,0.008760793549859607,6.000225340657837,0,,,6.34476,0.070854
990,992,0.13,9.826197727996792,0.10272727272727274,0.1572727272727273,7.326197727996801,11.926197727996785,False,0.014642557570295684,6.006107104678276,0,,,7.68253,0.102684
992,994,0.2181818181818182,13.14192403358574,0.17272727272727273,0.2636363636363636,12.041924033585742,14.141924033585735,True,0.3642151033972431,6.355679650505222,0,,,12.6591,0.184342
993,995,0.02,10.75141432549367,0.01590909090909091,0.027272727272727268,8.951414325493676,13.35141432549366,True,0.0669898719872942,6.058454419095273,0,,,11.4522,0.018598
994,996,0.16090909090909092,10.795562298632147,0.14636363636363636,0.1863636363636364,9.595562298632153,11.895562298632145,False,0.07762856205259347,6.069093109160573,0,,,9.1918,0.144854
995,997,0.01681818181818182,12.529144212353069,0.011818181818181818,0.025454545454545452,9.629144212353081,15.92914421235306,True,0.005499490527355301,5.996964037635333,0,,,13.5532,0.015807
996,998,0.2181818181818182,6.155894950099912,0.16818181818181818,0.2727272727272727,4.95589495009991,7.455894950099911,False,0.002370165231342229,5.993834712339321,0,,,4.9333,0.184505
998,1000,0.03,10.657071624618403,0.02363636363636364,0.04181818181818182,8.457071624618411,13.257071624618394,True,0.011783539393270674,6.00324808650125,0,,,10.6234,0.026377
999,1001,0.034545454545454546,6.9406597895345925,0.026363636363636363,0.045454545454545456,4.7406597895345906,9.240659789534597,True,0.024307759183217738,6.015772306291198,0,,,6.17976,0.0284
1000,1002,0.2272727272727273,6.947141173311977,0.17,0.2818181818181818,5.647141173311974,8.347141173311977,True,0.08012735974069696,6.071591906848676,0,,,5.86036,0.188343
1001,1003,0.18363636363636365,5.418888154759468,0.14454545454545453,0.2545454545454545,3.0188881547594684,7.018888154759468,True,0.008516183872966245,5.999980730980946,0,,,3.3255,0.162528
1002,1004,0.5636363636363636,3.7,0.2727272727272727,1.4,0.0,8.8,True,0.00018935673860416097,5.991653903846582,0,,,4.00556,0.57046
1003,1005,0.057272727272727274,10.365760329951456,0.04363636363636364,0.07545454545454545,7.865760329951465,13.065760329951448,True,0.005674217559384648,5.997138764667363,0,,,9.20733,0.045699
1004,1006,0.034545454545454546,11.688377269773266,0.025454545454545452,0.04818181818181819,9.088377269773275,14.688377269773257,True,0.0006464467294643923,5.992110993837444,0,,,11.5073,0.028573
1005,1007,0.06454545454545453,6.64896180062462,0.040909090909090916,0.10454545454545457,2.2489618006246164,11.148961800624628,True,0.0028172485728754746,5.994281795680855,0,,,4.86996,0.050429
1006,1008,0.12454545454545456,11.213584587777095,0.09272727272727273,0.1572727272727273,8.213584587777103,13.813584587777084,True,0.023972443264409633,6.015436990372389,0,,,9.21532,0.096735
1007,1009,0.07145454545454545,7.001738059683893,0.05,0.09636363636363636,3.8017380596838897,9.801738059683895,True,0.03195084148940755,6.023415388597387,0,,,4.80703,0.053959
1008,1010,0.03636363636363636,10.439977048496948,0.026363636363636363,0.05454545454545455,7.839977048496957,14.039977048496935,True,0.02989607787581945,6.021360624983799,0,,,10.1974,0.029947
1009,1011,0.012727272727272728,10.591368752614805,0.01,0.01681818181818182,8.591368752614809,12.991368752614793,True,0.01940475966984333,6.010869306777821,0,,,11.8551,0.012871
1010,1012,0.05909090909090909,5.737469293585472,0.03818181818181818,0.08909090909090908,1.737469293585473,9.737469293585471,True,0.008013900596721394,5.999478447704702,0,,,3.84508,0.046332
1011,1013,0.01681818181818182,9.510256676322888,0.013181818181818182,0.022727272727272728,7.510256676322893,11.910256676322875,True,0.09854782590213357,6.090012373010112,0,,,10.3363,0.016171
1012,1014,0.06363636363636364,6.472541170947043,0.04,0.10181818181818182,2.1725411709470386,10.872541170947043,True,0.011769297247517643,6.0032338443554965,0,,,4.68253,0.049725
1013,1015,0.4363636363636364,4.3,0.3090909090909091,0.8272727272727273,2.0,8.4,True,0.007230351246511063,5.99869489835449,0,,,4.51548,0.437462
1014,1016,0.4909090909090909,1.8,0.3181818181818182,1.2272727272727273,0.0,6.7,True,0.0032866411007955,5.994751188208776,0,,,1.48688,0.477896
1015,1017,0.13363636363636364,6.555282127257315,0.10636363636363637,0.1590909090909091,3.9552821272573127,8.455282127257316,False,0.04541643666242563,6.036880983770405,0,,,3.79602,0.10513
1016,1018,0.02363636363636364,12.682536382412405,0.014545454545454544,0.04181818181818182,8.882536382412416,17.382536382412386,True,0.02439613612197461,6.0158606832299535,0,,,13.0846,0.020385
1018,1020,0.04181818181818182,3.5,0.028181818181818183,0.06272727272727273,0.4,7.4,True,0.06646349576358787,6.057928042871567,0,,,2.26471,0.03445
1020,1022,0.027272727272727268,11.540773307835382,0.017727272727272727,0.04181818181818182,7.940773307835393,15.040773307835368,True,0.030925749251539174,6.022390296359518,0,,,11.3123,0.022936
1021,1023,0.17272727272727273,10.843613450424028,0.15,0.2181818181818182,9.143613450424034,11.943613450424024,True,0.003788048547929571,5.9952525956559075,0,,,9.2482,0.156466
1022,1024,0.05181818181818182,5.620995241303731,0.037272727272727284,0.07181818181818181,2.520995241303732,8.62099524130373,True,0.02712471831906937,6.01858926542705,0,,,3.96953,0.041821
1023,1025,0.07127272727272728,10.65649607299248,0.053636363636363635,0.09272727272727273,7.956496072992491,13.156496072992473,True,0.002805779259945675,5.994270326367924,0,,,8.96079,0.054636
1024,1026,0.029090909090909087,5.085634253138653,0.02181818181818182,0.04181818181818182,2.5856342531386534,7.885634253138653,True,0.009524684300542341,6.000989231408521,0,,,4.3775,0.025388
1025,1027,0.05181818181818182,6.1207410941586415,0.03636363636363636,0.07772727272727273,2.8207410941586377,10.020741094158645,True,0.00047239200671074657,5.991936939114691,0,,,4.70607,0.042621
1026,1028,0.017272727272727273,10.740880273595812,0.013636363636363636,0.022727272727272728,8.840880273595818,12.940880273595806,True,0.04356587865846951,6.035030425766449,0,,,11.6355,0.016453
1027,1029,0.015454545454545453,6.819839296440432,0.012272727272727272,0.022727272727272728,4.619839296440429,9.819839296440435,True,0.07274177374081285,6.064206320848792,0,,,7.64702,0.015492
1028,1030,0.1190909090909091,11.421875211073635,0.09545454545454546,0.1409090909090909,9.221875211073645,13.32187521107363,False,0.0031128476319645646,5.9945773947399426,0,,,9.2611,0.087514
1029,1031,0.11181818181818183,3.8,0.08090909090909093,0.1390909090909091,0.8,6.2,False,0.014156213911749625,6.0056207610197285,0,,,0.571481,0.080213
1030,1032,0.02363636363636364,14.103950693271113,0.01636363636363636,0.03272727272727273,11.203950693271121,16.903950693271106,True,0.028325510298111575,6.01979005740609,0,,,14.3181,0.019775
1031,1033,0.24545454545454545,4.0,0.17,0.3272727272727273,2.2,5.800000000000002,True,0.03812837816968094,6.02959292527766,0,,,2.76585,0.197802
1032,1034,0.13727272727272727,8.241737069911768,0.09909090909090908,0.17545454545454547,4.6417370699117635,10.941737069911769,True,0.0008478212321803923,5.992312368340159,0,,,5.81235,0.110385
1033,1035,0.3727272727272728,21.413477093290165,0.2636363636363636,0.5727272727272728,19.213477093290134,24.213477093290205,True,0.005502064987264659,5.9969666120952425,0,,,23.4578,0.364982
1034,1036,0.02090909090909091,15.183577695564002,0.014090909090909091,0.030909090909090907,11.883577695564014,18.58357769556399,True,0.029449539562677974,6.020914086670658,0,,,15.8405,0.018322
1036,1038,0.3181818181818182,4.0,0.2272727272727273,0.4272727272727273,2.1,5.9,True,0.017368661333276518,6.008833208441256,0,,,3.29329,0.281266
1037,1039,1.1,15.741884526109557,0.5909090909090908,1.4,11.74188452610957,17.74188452610955,False,0.0014600990646838625,5.9929246461726615,0,,,18.2038,1.12232
1038,1040,0.014090909090909091,11.712296375426485,0.01,0.025454545454545452,8.212296375426497,16.112296375426467,True,0.005718280356843874,5.9971828274648225,0,,,12.7885,0.013853
1039,1041,0.1,14.514821984094384,0.07090909090909091,0.13,11.314821984094396,17.414821984094374,True,0.005603132906312987,5.997067680014293,0,,,12.7344,0.072825
1041,1043,0.5363636363636364,7.444061559253112,0.3727272727272728,0.9545454545454546,5.0440615592531115,11.144061559253117,True,0.015482068831643759,6.006946615939622,0,,,8.22863,0.547088
1042,1044,0.029090909090909087,6.154229814357548,0.02363636363636364,0.040909090909090916,4.154229814357545,8.854229814357549,True,0.05693723573218045,6.048401782840159,0,,,5.69512,0.025659
1043,1045,0.2636363636363636,4.6000000000000005,0.1972727272727273,0.3363636363636364,3.1,6.0,True,0.06310267402124176,6.054567221129222,0,,,3.68005,0.221213
1045,1047,0.06727272727272728,17.7120167837888,0.03818181818181818,0.11545454545454545,12.712016783788819,22.712016783788787,True,0.0043671667855137335,5.995831713893492,0,,,16.9745,0.051643
1046,1048,0.029090909090909087,7.026081018399985,0.022727272727272728,0.04,4.626081018399984,9.526081018399989,True,0.021447778357076744,6.012912325465057,0,,,6.44436,0.025064
1047,1049,0.13545454545454547,8.522682343815468,0.1090909090909091,0.1590909090909091,6.222682343815467,10.522682343815472,False,0.00858694583797823,6.000051492945957,0,,,6.18093,0.108017
1048,1050,0.1,12.864042823261626,0.07036363636363636,0.13,9.66404282326164,15.764042823261617,True,0.0046316548697423725,5.996096201977721,0,,,10.9121,0.07236
1050,1052,0.034545454545454546,29.530874498508602,0.017727272727272727,0.06636363636363636,24.63087449850853,34.630874498508675,True,0.0010502109673043033,5.992514758075282,0,,,31.4355,0.028947
1051,1053,0.12818181818181815,31.010715036659512,0.07590909090909091,0.2,26.110715036659442,35.21071503665957,True,0.018830674116889247,6.010295221224867,0,,,31.5515,0.105439
1052,1054,0.034545454545454546,6.673218572646787,0.028181818181818183,0.04272727272727273,5.073218572646786,8.47321857264679,True,0.04055843223510382,6.032022979343082,0,,,5.93153,0.028467
1053,1055,0.024545454545454544,5.8560814416939815,0.017272727272727273,0.03272727272727273,2.956081441693981,8.256081441693981,True,0.06863380213109486,6.060098349239074,0,,,5.02134,0.020328
1054,1056,0.5909090909090908,6.798008355681458,0.2545454545454545,1.4,1.5980083556814524,11.59800835568146,True,0.0070608086202894405,5.998525355728267,0,,,7.24133,0.578587
1055,1057,0.03,11.647081742554688,0.02,0.049090909090909095,8.0470817425547,15.647081742554677,True,0.009100113733007486,6.000564660840986,0,,,11.6209,0.026402
1056,1058,0.10363636363636364,20.515668358202237,0.08363636363636362,0.12090909090909092,18.61566835820225,22.315668358202238,False,0.0022626632292145656,5.993727210337193,0,,,19.3656,0.07491
1057,1059,0.04181818181818182,21.162504352985238,0.027272727272727268,0.06636363636363636,17.762504352985193,25.462504352985302,True,0.001618424763020422,5.993082971870999,0,,,21.9418,0.034782
1059,1061,0.3,3.3000000000000003,0.2363636363636364,0.3727272727272728,1.9,4.6000000000000005,True,0.010569910825481976,6.00203445793346,0,,,2.35219,0.260428
1060,1062,0.13727272727272727,13.620820304328394,0.11727272727272728,0.15545454545454546,11.920820304328403,15.120820304328392,False,0.003796982297340596,5.995261529405321,0,,,11.8802,0.110496
1061,1063,0.07909090909090909,15.232694225657804,0.06,0.1090909090909091,12.432694225657814,18.2326942256578,True,0.05374679806461022,6.045211345172588,0,,,14.0568,0.061322
1062,1064,0.01636363636363636,5.341110945498116,0.013636363636363636,0.02090909090909091,3.6411109454981134,7.2411109454981135,True,0.01630406896778519,6.007768616075763,0,,,5.69065,0.015809
1063,1065,0.026363636363636363,14.563189069563427,0.02,0.03545454545454545,12.363189069563436,17.06318906956342,True,0.02008224106333101,6.011546788171311,0,,,15.0977,0.023013
1064,1066,0.025454545454545452,15.285989369946066,0.019545454545454543,0.03272727272727273,13.185989369946071,17.485989369946058,True,0.08135112411874203,6.072815671226722,0,,,15.781,0.021697
1065,1067,0.1190909090909091,18.27264882572562,0.09363636363636364,0.1481818181818182,15.972648825725631,20.77264882572561,False,0.05343700238772522,6.044901549495704,0,,,17.1921,0.089889
1066,1068,0.03272727272727273,10.462466327261339,0.026363636363636363,0.04272727272727273,8.562466327261347,12.562466327261332,True,0.008453848014036154,5.999918395122014,0,,,10.218,0.027672
1067,1069,0.06272727272727273,5.373403791411847,0.05,0.08,3.273403791411848,7.773403791411847,False,0.02271881632538555,6.0141833634333635,0,,,3.51873,0.04941
1068,1070,0.030909090909090907,5.6149245805078865,0.025454545454545452,0.04,3.914924580507888,7.514924580507888,True,0.02988571911054746,6.021350266218526,0,,,4.88145,0.026555
1069,1071,0.04363636363636364,7.091240925360875,0.030909090909090907,0.06272727272727273,4.391240925360872,10.491240925360877,True,0.039088483008892186,6.030553030116872,0,,,6.22732,0.036344
1070,1072,0.14636363636363636,8.580649373857826,0.11727272727272728,0.1863636363636364,6.080649373857822,10.880649373857826,True,0.024792091569170827,6.01625663867715,0,,,6.56038,0.125241
1071,1073,0.3,6.5128157948314165,0.24545454545454545,0.3545454545454545,5.212815794831416,7.512815794831417,True,0.053808449457239865,6.0452729965652185,0,,,5.86702,0.257914
1072,1074,0.07309090909090908,10.372660936095093,0.057272727272727274,0.09363636363636364,7.972660936095102,12.672660936095085,False,0.0014607801467364358,5.992925327254715,0,,,8.57769,0.056023
1073,1075,0.06545454545454546,16.206462014559367,0.04272727272727273,0.09909090909090908,12.206462014559381,20.106462014559355,True,0.0003699577202670592,5.991834504828246,0,,,15.3816,0.050632
1074,1076,0.2363636363636364,4.5,0.19181818181818186,0.2818181818181818,3.5,5.5,False,0.025117268753691947,6.016581815861671,0,,,3.40998,0.195456
1075,1077,0.07772727272727273,7.7758687410799805,0.045454545454545456,0.12454545454545456,2.675868741079974,12.375868741079984,True,0.0004925984348434504,5.9919571455428216,0,,,5.49721,0.05894
1076,1078,0.10636363636363637,10.392140716449775,0.08181818181818183,0.13,8.092140716449785,12.692140716449769,False,0.0013991035940185516,5.992863650701997,0,,,8.14225,0.077226
1077,1079,0.08363636363636362,7.99681268526708,0.06818181818181819,0.10545454545454544,5.8968126852670775,10.096812685267082,False,0.07149134493497067,6.062955892042949,0,,,5.66244,0.063372
1078,1080,0.04,25.27503856172127,0.02090909090909091,0.07590909090909091,20.47503856172121,30.475038561721355,True,0.0010438012461374169,5.992508348354117,0,,,26.4947,0.032931
1079,1081,0.34545454545454546,9.691511773952223,0.2909090909090909,0.4090909090909091,8.591511773952227,10.791511773952218,True,0.002803620062438725,5.994268167170419,0,,,9.88675,0.317527
1080,1082,0.17272727272727273,7.1315380368645584,0.12636363636363634,0.2909090909090909,3.531538036864556,9.731538036864562,True,0.00899966082964985,6.000464207937629,0,,,5.29032,0.159149
1081,1083,0.017727272727272727,11.952731342154706,0.013636363636363636,0.02363636363636364,9.852731342154712,14.352731342154696,True,0.0011284810417242369,5.992593028149702,0,,,12.8316,0.016564
1082,1084,0.1863636363636364,10.942867092148774,0.15545454545454546,0.2363636363636364,9.442867092148775,12.242867092148767,True,0.013636767460492931,6.005101314568473,0,,,9.67572,0.165428
1083,1085,0.3181818181818182,4.800000000000002,0.2363636363636364,0.4,3.0,6.300000000000002,True,0.029235923707961436,6.0207004708159415,0,,,4.02493,0.275265
1084,1086,0.02090909090909091,17.999987592119986,0.015,0.028181818181818183,15.299987592119994,20.49998759211997,True,0.029139518069919493,6.020604065177897,0,,,18.9693,0.018429
1085,1087,0.16818181818181818,18.182011622633947,0.13545454545454547,0.24545454545454545,15.582011622633962,20.182011622633947,True,0.007184361521617491,5.9986489086295975,0,,,17.5467,0.154194
1086,1088,0.06,6.773028227777758,0.04636363636363637,0.08,4.373028227777756,9.67302822777776,True,0.023231589618948653,6.014696136726927,0,,,5.25203,0.047828
1087,1089,0.03636363636363636,11.116958318413678,0.028181818181818183,0.04727272727272727,9.116958318413683,13.41695831841367,True,0.0823423066141365,6.073806853722116,0,,,10.8214,0.029569
1089,1091,0.18363636363636365,9.227182517903282,0.14454545454545453,0.2545454545454545,6.827182517903293,10.827182517903278,True,0.01722432688319497,6.008688873991174,0,,,7.57273,0.16194
1090,1092,0.06727272727272728,15.439765779509996,0.04727272727272727,0.09363636363636364,12.139765779510007,18.639765779509986,True,0.0034437960565218287,5.994908343164501,0,,,14.4554,0.051704
1091,1093,0.04,6.853131273337178,0.03,0.05090909090909091,4.653131273337174,9.153131273337179,True,0.0390913920615278,6.030555939169508,0,,,5.84142,0.031973
