index,file_lineno,best_mass,best_AV,mass_min,mass_max,AV_min,AV_max,intersects,min_chi2,chi2_threshold,dof_gof,passes_gof,p_value
0,2,0.049090909090909095,8.06957354584966,0.04454545454545455,0.06636363636363636,7.069573545849664,11.26957354584965,True,7.574645631915049,13.566110179023028,1,False,0.0059195016528225414
1,3,0.16272727272727272,9.129739496397686,0.14454545454545453,0.19181818181818183,7.429739496397692,10.629739496397681,True,9.967204966533949,15.958669513641928,1,False,0.0015935321948198093
2,4,0.02,3.4000000000000004,0.017727272727272727,0.022727272727272728,2.1,4.6000000000000005,True,12.276296704409518,18.2677612515175,1,False,0.0004587477940815147
3,5,0.11,8.576951665043493,0.09727272727272727,0.12090909090909091,7.076951665043499,9.77695166504349,False,2.1289518996285386,8.120416446736517,1,True,0.14453955817010955
4,6,0.13727272727272727,6.068442212762495,0.11545454545454546,0.1590909090909091,3.8684422127624924,8.168442212762496,True,5.447806126571582,11.43927067367956,1,False,0.01959291638857402
5,7,0.23636363636363636,16.43970862380574,0.19181818181818183,0.2909090909090909,15.139708623805744,18.039708623805733,True,0.3913041668919319,6.382768713999911,1,True,0.531614671767734
6,8,0.33636363636363636,22.74440583135171,0.3,0.37272727272727274,21.844405831351697,23.54440583135172,False,2.6732323517142027,8.664696898822182,1,True,0.10204857632361072
8,10,0.06363636363636364,14.491192616101713,0.05545454545454545,0.07363636363636364,12.991192616101719,16.19119261610171,False,1.066022841328882,7.057487388436861,1,True,0.3018455228678207
9,11,0.6818181818181818,9.096323653523378,0.5545454545454546,0.8727272727272728,7.396323653523377,10.99632365352338,False,10.099001716822974,16.090466263930953,1,False,0.0014834966493076994
11,13,0.35454545454545455,6.665928577403327,0.3181818181818182,0.38181818181818183,5.865928577403326,7.365928577403328,True,0.09312403006278142,6.08458857717076,1,True,0.7602425430981105
12,14,0.08727272727272727,20.282900444656246,0.072,0.10818181818181818,17.982900444656213,22.58290044465628,False,0.5830345080780029,6.574499055185982,1,True,0.44512534271653914
13,15,0.017727272727272727,15.91371099640606,0.014545454545454545,0.02090909090909091,14.013710996406067,17.81371099640605,False,3.3541598153051826,9.345624362413162,1,True,0.06703541094417703
14,16,0.16454545454545455,8.383585917841064,0.14454545454545453,0.1972727272727273,6.48358591784107,9.783585917841059,True,4.23154291956789,10.22300746667587,1,False,0.0396793542224204
15,17,0.18636363636363637,9.896132910191799,0.16818181818181818,0.2181818181818182,9.196132910191801,10.896132910191795,True,9.193461147821248,15.184925694929227,1,False,0.002428811920412364
16,18,0.33636363636363636,8.831571143945238,0.3090909090909091,0.38181818181818183,8.031571143945241,10.031571143945234,False,3.212453499606695,9.203918046714675,1,True,0.07307982254188815
17,19,0.2909090909090909,17.161330258055532,0.2545454545454545,0.33636363636363636,16.261330258055537,18.361330258055528,True,0.11448571216888033,6.1059502592768595,1,True,0.7350938927464017
18,20,0.08818181818181818,12.735051990866014,0.07863636363636364,0.10272727272727274,11.435051990866018,14.135051990866009,False,26.86208031975243,32.85354486686041,1,False,2.1850424766844993e-07
20,22,1.4,20.63714656244411,1.1818181818181819,1.4,19.33714656244411,20.737146562444106,False,1.643871609375212,7.635336156483191,1,True,0.19979509451908634
21,23,0.4,7.969143730842488,0.37272727272727274,0.4636363636363636,7.269143730842487,9.169143730842489,True,0.22690521323597598,6.218369760343955,1,True,0.6338281220069292
22,24,0.013181818181818182,5.79037681985189,0.011818181818181818,0.014545454545454545,4.490376819851889,6.990376819851891,False,7.007960219657555,12.999424766765534,1,False,0.00811480829007838
23,25,1.3818181818181818,18.60376523669789,1.1272727272727274,1.4,17.103765236697893,18.803765236697885,False,1.7399061179252753,7.731370665033254,1,True,0.18715072265962995
24,26,0.36363636363636365,11.050752368512194,0.3181818181818182,0.4090909090909091,9.850752368512198,12.05075236851219,True,0.31374513113677877,6.305209678244758,1,True,0.5753910647656189
25,27,0.4636363636363636,7.457441852354168,0.39090909090909093,0.5818181818181818,6.0574418523541675,9.357441852354171,True,4.064776320037587,10.056240867145565,1,False,0.04378648374703709
26,28,0.1809090909090909,16.011155488237563,0.16454545454545455,0.2,15.211155488237567,16.711155488237562,False,0.2543844826481688,6.2458490297561475,1,True,0.6140046093480225
27,29,0.12636363636363637,10.343319700229921,0.1190909090909091,0.13727272727272727,9.543319700229924,11.443319700229917,False,1.2518457488666686,7.243310295974648,1,True,0.2632002418609739
28,30,0.01,10.770607597001076,0.01,0.010454545454545454,10.470607597001077,11.270607597001074,False,13.154124319518873,19.145588866626852,1,False,0.00028688707683714455
29,31,0.35454545454545455,21.093376413249477,0.3090909090909091,0.38181818181818183,19.99337641324946,21.893376413249488,False,0.44469051395533116,6.43615506106331,1,True,0.5048671890398295
30,32,0.36363636363636365,6.101398316448745,0.2727272727272727,0.4909090909090909,3.901398316448746,8.501398316448745,True,0.47450549109110374,6.465970038199083,1,True,0.49092170140242564
32,34,0.02,14.689642761211212,0.016363636363636365,0.024545454545454544,12.68964276121122,16.689642761211203,True,2.94588627981505,8.93735082692303,1,True,0.08609645903541532
33,35,0.8727272727272728,8.0,0.4363636363636364,0.9363636363636364,2.5,8.0,False,2.694103193211002,8.68556774031898,1,True,0.10072014576363603
34,36,0.017272727272727273,9.388810138109685,0.012272727272727272,0.025454545454545455,5.888810138109697,13.188810138109671,True,0.37097926815907056,6.362443815267049,1,True,0.5424709664121872
35,37,0.010454545454545454,5.799969310391138,0.01,0.011818181818181818,5.199969310391137,6.899969310391139,False,8.637750859114943,14.629215406222922,1,False,0.0032926767740168146
36,38,0.11727272727272728,12.244857115448006,0.1090909090909091,0.12636363636363637,11.14485711544801,13.344857115448002,True,13.210336532594539,19.20180107970252,1,False,0.0002784093768454229
37,39,0.16272727272727272,21.629446567964568,0.15363636363636363,0.18363636363636365,20.629446567964553,22.829446567964585,False,3.6267159501543698,9.61818049726235,1,True,0.056858909079714935
40,42,0.02181818181818182,9.681705978706516,0.01818181818181818,0.026363636363636363,7.881705978706522,11.581705978706509,False,17.083270384803797,23.074734931911777,1,False,3.5776069708862e-05
41,43,0.08545454545454545,7.084993616459123,0.07390909090909091,0.11,5.684993616459128,9.884993616459113,True,5.620387543295241,11.61185209040322,1,False,0.017752722919375435
42,44,0.12272727272727273,4.506278088782335,0.11363636363636363,0.13363636363636364,3.4062780887823356,5.606278088782335,False,9.990402645363451,15.98186719247143,1,False,0.0015735819313068631
43,45,0.12090909090909091,6.249683115474102,0.10363636363636364,0.14272727272727273,4.2496831154741095,8.549683115474094,True,9.210578138887493,15.202042685995472,1,False,0.002406206926439139
44,46,0.013636363636363636,6.5899368436844235,0.012272727272727272,0.015,5.389936843684428,7.889936843684419,False,19.844559963633476,25.836024510741453,1,False,8.400144780026674e-06
45,47,0.10818181818181818,15.48724904275973,0.09818181818181819,0.12272727272727273,14.287249042759735,17.087249042759723,False,2.468873126292517,8.460337673400495,1,True,0.11612114981436251
46,48,0.15363636363636363,7.6305504660897965,0.14272727272727273,0.16454545454545455,6.630550466089796,8.630550466089797,False,0.20251244794213225,6.193976995050111,1,True,0.6527004678295417
47,49,0.025454545454545455,8.375821768243053,0.02090909090909091,0.028181818181818183,6.57582176824306,9.47582176824305,True,3.811206910787032,9.802671457895011,1,True,0.050910753854494444
48,50,0.16272727272727272,9.13031342677757,0.14636363636363636,0.1972727272727273,7.430313426777577,11.030313426777564,False,12.575400123944291,18.566864671052272,1,False,0.0003908575532307431
49,51,0.03727272727272728,9.292267993063101,0.03272727272727273,0.04272727272727273,8.192267993063105,10.792267993063096,False,16.687786924797493,22.679251471905474,1,False,4.406376248937436e-05
50,52,0.15545454545454546,7.529572956750856,0.14272727272727273,0.16636363636363638,6.329572956750855,8.729572956750857,True,2.3015898773510117,8.29305442445899,1,True,0.12924164897618376
51,53,0.36363636363636365,5.827091594702613,0.2909090909090909,0.4727272727272727,3.927091594702611,8.027091594702615,True,0.22427712586586132,6.215741672973841,1,True,0.6358001109122513
52,54,0.11727272727272728,7.874234793990539,0.10727272727272727,0.13,6.674234793990543,9.374234793990533,True,10.935759756135123,16.9272243032431,1,False,0.0009432579680907548
53,55,0.09363636363636364,5.795479347058912,0.07681818181818181,0.1090909090909091,3.6954793470589102,7.295479347058913,True,3.8415986702818827,9.833063217389862,1,False,0.049995829944407655
54,56,0.07590909090909091,4.678446458935783,0.06818181818181819,0.08363636363636363,3.3784464589357817,5.878446458935784,True,10.798430368271815,16.789894915379794,1,False,0.0010158619249438724
55,57,0.5545454545454546,11.640277102057018,0.4909090909090909,0.6727272727272727,10.740277102057021,12.940277102057014,True,4.103506590063416,10.094971137171395,1,False,0.04279436996232457
56,58,0.04272727272727273,10.91965668322442,0.04090909090909091,0.049090909090909095,10.619656683224422,12.719656683224414,False,18.59895287007287,24.590417417180852,1,False,1.6130912965560715e-05
57,59,0.04363636363636364,1.8,0.03636363636363636,0.05545454545454545,0.0,4.4,True,0.5831773008039978,6.574641847911977,1,True,0.44506960841103915
58,60,1.3545454545454545,15.170294249812855,1.1090909090909091,1.3818181818181818,13.57029424981286,15.170294249812855,False,31.394858483350514,37.38632303045849,1,False,2.105376922147445e-08
59,61,0.19454545454545455,9.722298790546866,0.16090909090909092,0.24545454545454545,8.022298790546872,11.22229879054686,True,0.2549613154590856,6.246425862567064,1,True,0.6136031262923061
61,63,1.1727272727272726,12.165016072318869,1.0181818181818183,1.190909090909091,11.065016072318867,12.165016072318869,False,20.369156818343427,26.360621365451408,1,False,6.385065995421279e-06
62,64,0.022727272727272728,5.480763702331159,0.019545454545454546,0.026363636363636363,4.080763702331158,6.98076370233116,True,4.088683505460036,10.080148052568015,1,False,0.04317125557521626
63,65,0.2909090909090909,4.1000000000000005,0.24545454545454545,0.35454545454545455,2.8000000000000003,5.800000000000001,True,0.5996517722446639,6.591116319352643,1,True,0.4387109215939621
64,66,0.3181818181818182,8.349601627900707,0.2909090909090909,0.36363636363636365,7.5496016279007065,9.549601627900708,False,0.22161138581501333,6.213075932922992,1,True,0.6378148566703294
65,67,0.13,9.466178818080055,0.11727272727272728,0.14454545454545453,7.96617881808006,10.76617881808005,False,1.556279553274889,7.547744100382868,1,True,0.21221079772406914
66,68,0.01,11.382716584119471,0.01,0.011363636363636364,11.182716584119472,12.482716584119467,False,13.373569506887373,19.365034053995352,1,False,0.00025519519666958334
67,69,0.013636363636363636,15.219948703064281,0.011818181818181818,0.016363636363636365,13.619948703064287,17.219948703064276,False,7.466379195809163,13.457843742917142,1,False,0.006286185357045438
69,71,0.01,18.81819784104171,0.01,0.011363636363636364,18.31819784104171,20.118197841041702,False,22.458743519875945,28.450208066983926,1,False,2.147059080912231e-06
70,72,0.16636363636363638,10.170663975305096,0.15545454545454546,0.19181818181818183,9.0706639753051,11.270663975305093,True,7.669850370690287,13.661314917798265,1,False,0.005615111323507487
71,73,0.11363636363636363,6.756562105701977,0.10454545454545455,0.12636363636363637,5.756562105701976,8.156562105701978,True,5.713231277300648,11.704695824408628,1,False,0.01683751928989834
72,74,0.2909090909090909,5.791727499170221,0.2545454545454545,0.33636363636363636,4.69172749917022,6.891727499170221,True,2.0517403790771738,8.043204926185153,1,True,0.1520323120150797
73,75,0.01,10.213445119999909,0.01,0.012727272727272728,9.613445119999911,12.7134451199999,False,12.524627149304882,18.51609169641286,1,False,0.0004016230353202249
74,76,0.06363636363636364,10.312279909429751,0.05454545454545455,0.07390909090909091,8.612279909429757,12.212279909429745,True,8.581906533316548,14.573371080424527,1,False,0.003395196933332217
75,77,0.13363636363636364,4.633275894544959,0.11727272727272728,0.15,2.933275894544959,6.233275894544959,False,0.684040906553184,6.675505453661163,1,True,0.40819871576375577
77,79,0.03,5.023233767277037,0.02727272727272727,0.034545454545454546,3.9232337672770363,6.223233767277038,True,4.059785892842377,10.051250439950355,1,False,0.04391606729237418
78,80,0.06,6.340664040255868,0.05272727272727273,0.06909090909090909,5.040664040255873,7.940664040255863,True,7.338311673049814,13.329776220157793,1,False,0.006750020678131153
79,81,0.2181818181818182,9.048938972753096,0.1781818181818182,0.2636363636363636,7.8489389727530945,10.548938972753096,False,1.5927492491895139,7.584213796297493,1,True,0.20693378218509728
80,82,0.8181818181818182,16.229436020279316,0.6454545454545454,1.0181818181818183,14.529436020279322,17.92943602027931,True,6.7673241338878505,12.75878868099583,1,False,0.009284193476791559
81,83,0.013636363636363636,8.18842176833896,0.011818181818181818,0.015454545454545453,6.788421768338965,9.688421768338955,False,27.734517989812467,33.72598253692045,1,False,1.3915741004478325e-07
82,84,0.3,6.361441176533751,0.2818181818181818,0.33636363636363636,5.661441176533751,7.161441176533752,False,1.4536059744517513,7.44507052155973,1,True,0.22795022362711864
83,85,0.01863636363636364,13.905824692681172,0.015909090909090907,0.02181818181818182,12.405824692681177,15.405824692681167,False,13.040007987378342,19.03147253448632,1,False,0.0003049067959554564
84,86,0.1190909090909091,13.545331304933843,0.10636363636363637,0.13181818181818183,12.045331304933848,14.945331304933838,False,1.022127345582797,7.013591892690776,1,True,0.3120149277630503
85,87,0.04090909090909091,9.327851853168458,0.038181818181818185,0.057272727272727274,8.82785185316846,13.127851853168444,True,5.4958621577348366,11.487326704842815,1,False,0.0190615266914818
87,89,0.01,5.62647121262371,0.01,0.011363636363636364,5.52647121262371,6.726471212623711,False,20.33571873839623,26.327183285504212,1,False,6.497623138530778e-06
88,90,0.10545454545454545,10.066185451309007,0.08545454545454545,0.12818181818181817,7.866185451309015,12.666185451308998,True,7.979942881362622,13.971407428470602,1,False,0.004729843424814596
89,91,0.16636363636363638,9.584022708185167,0.15363636363636363,0.19181818181818183,8.284022708185171,10.684022708185163,True,7.259190353590226,13.250654900698205,1,False,0.007053908532601405
90,92,0.13181818181818183,8.323923855824441,0.11545454545454546,0.1481818181818182,6.423923855824448,9.923923855824436,True,3.0667598408536407,9.05822438796162,1,True,0.0799085943058891
92,94,0.016363636363636365,13.50736803949423,0.012727272727272728,0.022727272727272728,10.80736803949424,16.60736803949422,True,0.48144725285964823,6.472911799967627,1,True,0.4877675008807474
93,95,0.5272727272727272,8.07762900296261,0.35454545454545455,0.9363636363636364,4.577629002962608,12.477629002962615,True,0.11240211153795367,6.1038666586459325,1,True,0.7374257655700798
94,96,0.2090909090909091,5.010153966782503,0.1781818181818182,0.23636363636363636,4.010153966782504,5.710153966782503,True,4.282392393068449,10.273856940176428,1,False,0.03850910947883714
95,97,0.08909090909090908,9.779246742363808,0.07772727272727273,0.10272727272727274,8.179246742363814,11.079246742363804,True,12.358788120424812,18.350252667532793,1,False,0.00043891550555369494
96,98,0.09545454545454546,9.02936284878772,0.07909090909090909,0.11363636363636363,7.029362848787727,11.129362848787713,True,2.9065423115780202,8.898006858686,1,True,0.08822082847170394
97,99,0.4,7.394211382131862,0.36363636363636365,0.4636363636363636,6.494211382131861,8.594211382131864,True,0.3664163408751776,6.357880887983157,1,True,0.5449641789985202
98,100,0.35454545454545455,6.2694338193824155,0.32727272727272727,0.4,5.469433819382415,7.369433819382417,True,1.0974747311932287,7.088939278301208,1,True,0.29482096389734785
99,101,0.34545454545454546,5.519753007098003,0.3090909090909091,0.39090909090909093,4.6197530070980015,6.719753007098004,True,1.2319139833710757,7.223378530479055,1,True,0.2670351365555367
100,102,0.12272727272727273,3.7062897494071,0.09818181818181819,0.1481818181818182,0.9062897494071006,6.3062897494070995,True,1.9467727691739523,7.938237316281931,1,True,0.16293504045613272
101,103,0.02,9.959108947182463,0.017727272727272727,0.022727272727272728,8.759108947182467,11.159108947182458,False,19.630908097846664,25.622372644954645,1,False,9.393724266768888e-06
102,104,0.03636363636363636,2.5,0.030909090909090907,0.04181818181818182,1.1,4.0,True,3.514652352564647,9.506116899672627,1,True,0.0608284172349402
103,105,0.06909090909090909,3.0,0.05545454545454545,0.08181818181818182,0.6000000000000001,5.0,True,1.7555368109727716,7.747001358080751,1,True,0.1851821894217094
104,106,0.9272727272727272,6.5,0.6,1.0818181818181818,3.0,7.5,False,3.0143606630237656,9.005825210131745,1,True,0.08252999303302781
105,107,0.01,13.360134142482654,0.01,0.01090909090909091,13.160134142482654,14.060134142482651,False,36.88219289530461,42.87365744241259,1,False,1.2548684024977407e-09
106,108,0.1809090909090909,8.28797160029104,0.16272727272727272,0.2090909090909091,7.087971600291039,9.187971600291041,False,0.16853445857790694,6.159999005685886,1,True,0.6814175784748444
107,109,0.03363636363636364,8.879190128784101,0.028181818181818183,0.04181818181818182,7.0791901287841075,10.979190128784094,False,4.822676739200526,10.814141286308505,1,False,0.02808769449395418
108,110,0.509090909090909,3.3000000000000003,0.34545454545454546,0.9,0.0,7.7,True,0.48977139420495,6.481235941312929,1,True,0.4840292979702596
109,111,0.10272727272727274,9.207003976986867,0.09,0.11181818181818182,8.007003976986871,10.507003976986862,False,19.32074187248009,25.312206419588072,1,False,1.1049945020849657e-05
110,112,0.13545454545454547,3.5582053220554384,0.12454545454545454,0.14636363636363636,2.4582053220554387,4.558205322055438,True,6.497228859446341,12.48869340655432,1,False,0.01080427607621978
111,113,0.09363636363636364,17.646366956229368,0.08272727272727273,0.10545454545454545,16.346366956229375,18.846366956229364,False,6.462737047096061,12.45420159420404,1,False,0.011015983533827017
112,114,0.08818181818181818,4.6000000000000005,0.07681818181818181,0.10545454545454545,3.0,6.4,False,0.05910322083815354,6.0505677679461325,1,True,0.8079189918009774
113,115,0.024545454545454544,8.272643236736442,0.02090909090909091,0.02909090909090909,6.772643236736448,10.072643236736436,True,4.389079460322657,10.380544007430636,1,False,0.03616983707513248
114,116,0.06636363636363636,8.992046991727465,0.05454545454545455,0.08363636363636363,6.992046991727472,11.792046991727455,True,1.5522728630514293,7.543737410159409,1,True,0.21280021817256234
119,121,1.2454545454545454,11.92468780010398,0.7727272727272727,1.4,8.024687800103976,13.32468780010398,False,2.6349881596263844,8.626452706734364,1,True,0.10453284050780068
120,122,0.1890909090909091,6.5644465433690735,0.1390909090909091,0.3,2.9644465433690703,9.764446543369075,True,2.4417101350684813,8.43317468217646,1,True,0.11814735784328885
121,123,0.12272727272727273,8.551033319353753,0.10545454545454545,0.1390909090909091,6.55103331935376,10.151033319353747,True,19.219170698421294,25.210635245529275,1,False,1.1653718766767803e-05
122,124,0.05909090909090909,3.934379182878512,0.049090909090909095,0.07072727272727274,2.1343791828785106,6.034379182878514,True,7.870171874317155,13.861636421425134,1,False,0.005025687606810991
123,125,0.015,8.670020835612517,0.014090909090909091,0.01863636363636364,8.07002083561252,10.67002083561251,False,23.92632485657073,29.91778940367871,1,False,1.0009365190362952e-06
124,126,0.24545454545454545,7.829351617805521,0.1890909090909091,0.3090909090909091,6.129351617805527,9.529351617805515,True,3.7622247711509615,9.75368931825894,1,True,0.05242278389598321
126,128,0.025454545454545455,10.799495446698034,0.02090909090909091,0.03,8.699495446698041,12.799495446698026,False,17.932802811725168,23.92426735883315,1,False,2.2884274917857007e-05
127,129,0.02090909090909091,7.693549590232481,0.01818181818181818,0.02727272727272727,6.393549590232479,10.293549590232482,True,2.6175006693234746,8.608965216431454,1,True,0.10569079446637357
128,130,0.05909090909090909,4.636142726250739,0.049090909090909095,0.06909090909090909,2.8361427262507375,6.53614272625074,True,5.262638475462661,11.25410302257064,1,False,0.021787963965634132
129,131,0.1590909090909091,8.197702480699489,0.11545454545454546,0.2818181818181818,4.297702480699503,12.797702480699472,True,0.37871534006084984,6.370179887168829,1,True,0.5382915676888236
130,132,0.24545454545454545,4.4,0.1972727272727273,0.2818181818181818,2.9000000000000004,5.5,True,0.09491688097425735,6.086381428082237,1,True,0.7580170203226891
132,134,0.06363636363636364,4.248579902127803,0.053636363636363635,0.07336363636363635,2.248579902127801,5.948579902127804,True,8.836355083734885,14.827819630842864,1,False,0.002952883016551006
133,135,0.013636363636363636,14.827746192645494,0.011363636363636364,0.016363636363636365,12.9277461926455,16.827746192645485,False,12.373696505003487,18.365161052111468,1,False,0.0004354246846672998
134,136,0.2272727272727273,7.1274098684759934,0.18636363636363637,0.2636363636363636,5.827409868475993,8.327409868475995,True,0.08933400764471763,6.080798554752697,1,True,0.7650255403338253
135,137,0.3181818181818182,7.596810728789336,0.2818181818181818,0.37272727272727274,6.696810728789335,8.896810728789337,False,0.9806047422542944,6.972069289362273,1,True,0.32204955064019664
136,138,0.02909090909090909,11.944165417566838,0.02181818181818182,0.04090909090909091,8.944165417566849,15.044165417566827,True,3.3520215196311005,9.343486066739079,1,True,0.06712253554998446
137,139,0.12454545454545454,10.06367071494838,0.11,0.1409090909090909,8.363670714948386,11.763670714948374,True,3.0745010173697436,9.065965564477722,1,True,0.0795289954717866
138,140,0.01,14.87233630461914,0.01,0.012727272727272728,14.57233630461914,17.07233630461913,False,3.6876357815271197,9.679100328635098,1,True,0.054817265518463325
139,141,0.12272727272727273,22.000025181676683,0.09,0.16454545454545455,18.90002518167664,26.200025181676743,True,1.2875100788903846,7.278974625998364,1,True,0.25650731891964057
140,142,0.1972727272727273,12.140485761023253,0.16636363636363638,0.24545454545454545,10.840485761023258,13.540485761023248,True,3.2562992702084594,9.24776381731644,1,True,0.0711495299000406
141,143,0.14636363636363636,12.389034176426723,0.13545454545454547,0.16090909090909092,11.389034176426726,13.889034176426717,True,7.208998683736227,13.200463230844207,1,False,0.007253895252015119
142,144,0.01818181818181818,7.5711391925006755,0.01681818181818182,0.02181818181818182,6.871139192500678,9.371139192500669,False,18.68973153265102,24.681196079758998,1,False,1.5380855660250958e-05
143,145,0.03363636363636364,5.29240544621096,0.02909090909090909,0.038181818181818185,3.9924054462109586,6.392405446210961,True,14.431843317152328,20.42330786426031,1,False,0.00014532411898135746
144,146,0.031818181818181815,7.455806987719706,0.028181818181818183,0.03727272727272728,6.155806987719711,8.855806987719701,False,12.263702875394811,18.25516742250279,1,False,0.0004618541400871168
145,147,0.05181818181818182,13.020814480547875,0.04454545454545455,0.06,11.320814480547881,14.52081448054787,True,3.723992387907023,9.715456935015002,1,True,0.05363598021878879
146,148,0.1781818181818182,8.668718049278336,0.1572727272727273,0.2,7.1687180492783416,9.468718049278333,True,7.293993926665737,13.285458473773716,1,False,0.006918550114085412
147,149,0.06636363636363636,11.12121749273418,0.053636363636363635,0.08,8.821217492734188,13.421217492734172,False,0.2910171450194017,6.282481692127381,1,True,0.5895694560013931
148,150,0.12636363636363637,12.129203754247001,0.11545454545454546,0.1409090909090909,10.929203754247006,13.529203754246996,False,1.680768663200573,7.672233210308552,1,True,0.1948223465681226
149,151,0.02727272727272727,4.924881636748285,0.022727272727272728,0.03272727272727273,2.924881636748283,6.8248816367482865,True,3.1028343526293325,9.09429889973731,1,True,0.07815611213601918
150,152,0.023636363636363636,9.83416925879762,0.017727272727272727,0.031818181818181815,7.23416925879763,13.03416925879761,True,3.897395475341985,9.888860022449965,1,False,0.04836102587966229
151,153,0.16454545454545455,7.497833916198713,0.14454545454545453,0.2,5.397833916198721,9.097833916198708,True,7.313074753567987,13.304539300675966,1,False,0.006845469770703671
152,154,0.023636363636363636,4.761951110152322,0.019545454545454546,0.02727272727272727,2.96195111015232,6.361951110152323,True,3.199887145768942,9.191351692876921,1,True,0.0736433516893822
153,155,0.025454545454545455,9.694590175265128,0.02181818181818182,0.02909090909090909,8.094590175265134,11.194590175265123,False,4.732125390741911,10.72358993784989,1,False,0.029604280955269346
154,156,0.19181818181818183,11.986473564616512,0.16818181818181818,0.2272727272727273,10.986473564616515,12.986473564616508,True,1.1954126190981724,7.186877166206152,1,True,0.2742404794462766
156,158,0.012272727272727272,14.037762249773568,0.010454545454545454,0.014545454545454545,12.437762249773574,16.03776224977356,False,6.45298405675287,12.444448603860849,1,False,0.011076614923425066
157,159,0.03363636363636364,7.159761784828149,0.03272727272727273,0.04454545454545455,7.059761784828149,9.959761784828139,False,5.618861726927652,11.610326274035632,1,False,0.017768185170124035
158,160,0.11,26.438244472046986,0.09,0.12818181818181817,24.238244472046954,28.438244472047014,True,1.10640179875119,7.097866345859169,1,True,0.2928654572042099
159,161,0.2181818181818182,11.695214901217206,0.1890909090909091,0.24545454545454545,10.795214901217209,12.495214901217203,False,10.278799425966,16.27026397307398,1,False,0.001345674799220009
160,162,0.509090909090909,17.26214830449635,0.4,0.6454545454545454,15.462148304496358,19.062148304496347,True,0.7431577557830087,6.734622302890988,1,True,0.3886512102478529
161,163,0.09636363636363636,5.414780194600165,0.08181818181818182,0.11181818181818182,3.814780194600164,7.214780194600167,False,0.4823751188818366,6.473839665989816,1,True,0.4873484505191634
162,164,0.08545454545454545,12.639077525555361,0.08363636363636363,0.10363636363636364,12.439077525555362,14.639077525555354,False,20.573744108961478,26.56520865606946,1,False,5.7377674811118876e-06
163,165,0.13727272727272727,23.589743576804125,0.11363636363636363,0.1590909090909091,20.989743576804088,25.789743576804156,False,9.831789309546915,15.823253856654894,1,False,0.0017152141392808436
164,166,0.15181818181818182,14.092470005425618,0.13727272727272727,0.16454545454545455,12.792470005425622,15.392470005425613,True,9.43936070458926,15.43082525169724,1,False,0.0021237751156027752
165,167,0.04363636363636364,12.479696596892056,0.038181818181818185,0.04727272727272727,11.079696596892061,13.379696596892053,False,1.6104056426614526,7.601870189769432,1,True,0.20443479062370049
166,168,0.09818181818181819,21.021379443207266,0.075,0.12454545454545454,18.221379443207226,24.02137944320731,False,0.08055193165129489,6.072016478759274,1,True,0.7765508390110838
167,169,0.17545454545454547,9.171238180003256,0.15363636363636363,0.2272727272727273,7.171238180003263,10.97123818000325,True,0.08723305991711693,6.078697607025096,1,True,0.7677246659176568
168,170,0.02,17.482345351631594,0.01863636363636364,0.023636363636363636,16.882345351631585,19.182345351631618,False,27.782463517308877,33.77392806441686,1,False,1.3575104057903196e-07
169,171,0.4818181818181818,24.148535281739708,0.4272727272727273,0.5818181818181818,23.248535281739695,25.548535281739728,False,0.9329702283131894,6.924434775421169,1,True,0.33409230063427225
170,172,0.11363636363636363,9.378502244122071,0.10363636363636364,0.12454545454545454,8.278502244122075,10.478502244122067,False,1.3293716485858427,7.320836195693822,1,True,0.24891703290618128
171,173,0.04181818181818182,18.521747219217122,0.034545454545454546,0.05,16.521747219217094,20.721747219217153,False,4.9772311864786705,10.96869573358665,1,False,0.025683056216013477
172,174,0.09727272727272727,9.899624675979643,0.08272727272727273,0.1090909090909091,8.19962467597965,11.299624675979638,False,5.920756068084314,11.912220615192293,1,False,0.01496353608086
173,175,0.3090909090909091,8.662033965169835,0.2727272727272727,0.34545454545454546,7.662033965169834,9.562033965169835,False,0.5285865793642996,6.5200511264722785,1,True,0.46720169769884634
174,176,0.6545454545454545,6.800000000000001,0.36363636363636365,0.9181818181818182,2.1,8.8,True,2.0263797765822473,8.017844323690227,1,True,0.15458846130402884
175,177,0.15181818181818182,13.785253954563581,0.1390909090909091,0.16090909090909092,12.685253954563585,14.785253954563577,False,0.5749195478677442,6.5663840949757235,1,True,0.4483106147112078
176,178,0.045454545454545456,9.49610758211202,0.03727272727272728,0.057272727272727274,7.496107582112026,11.89610758211201,True,0.19803297913611784,6.1894975262440965,1,True,0.656313275242647
177,179,0.1090909090909091,19.95308297370414,0.08818181818181818,0.12818181818181817,17.75308297370411,22.05308297370417,True,8.889461310185013,14.880925857292992,1,False,0.0028682134285463777
178,180,0.2272727272727273,7.03902178181735,0.18636363636363637,0.2818181818181818,5.639021781817348,8.739021781817351,True,3.73357829745695,9.725042844564928,1,True,0.05332903209697483
180,182,0.17545454545454547,9.916843425552319,0.16454545454545455,0.2090909090909091,9.116843425552322,11.116843425552315,True,1.6821832633884273,7.673647810496407,1,True,0.1946346006045147
181,183,0.15363636363636363,8.725368601711802,0.11545454545454546,0.24545454545454545,5.225368601711814,12.725368601711788,True,0.8570536804883336,6.848518227596313,1,True,0.354564513725118
182,184,0.0710909090909091,2.9000000000000004,0.05272727272727273,0.11727272727272728,0.0,8.700000000000001,True,0.4038331126526622,6.395297659760641,1,True,0.5251162878681584
183,185,0.14272727272727273,4.37822059886938,0.12818181818181817,0.1572727272727273,3.1782205988693804,5.77822059886938,False,2.33079666121856,8.32226120832654,1,True,0.12683694967893877
184,186,0.019090909090909092,3.5389173084094727,0.015454545454545453,0.024545454545454544,1.7389173084094711,5.938917308409475,False,11.711962774942565,17.703427322050544,1,False,0.0006209958422434541
185,187,0.02090909090909091,10.295933805790474,0.01818181818181818,0.025454545454545455,8.79593380579048,12.195933805790467,False,18.532571089764275,24.524035636872256,1,False,1.670255063209789e-05
186,188,0.17545454545454547,7.136392653757692,0.15,0.2272727272727273,4.93639265375769,8.936392653757693,True,1.4182630720701577,7.4097276191781365,1,True,0.23368950454791035
187,189,0.10727272727272727,10.287457176203384,0.09,0.12272727272727273,8.58745717620339,11.987457176203378,True,4.204506591822259,10.195971138930238,1,False,0.04031670159608055
188,190,0.025454545454545455,5.188536841923575,0.02090909090909091,0.02909090909090909,3.2885368419235737,6.788536841923577,True,8.270630688237054,14.262095235345033,1,False,0.004029150767598996
189,191,0.08727272727272727,10.985570252923614,0.072,0.10636363636363637,8.785570252923621,13.085570252923606,True,9.821963387759682,15.813427934867661,1,False,0.0017244016334399303
190,192,0.38181818181818183,6.051584897330348,0.34545454545454546,0.4272727272727273,5.051584897330347,6.951584897330348,True,0.03164264393280149,6.023107191040781,1,True,0.8588142388956241
191,193,0.025454545454545455,9.467974889516917,0.02181818181818182,0.02909090909090909,7.867974889516923,10.967974889516912,False,29.954971936887787,35.94643648399577,1,False,4.421965659467292e-08
192,194,0.5363636363636364,1.7000000000000002,0.4181818181818182,0.9636363636363636,0.0,6.0,True,0.022138087441799993,6.013602634549779,1,True,0.8817203404456847
193,195,0.03909090909090909,13.72684222889067,0.03272727272727273,0.046363636363636364,12.326842228890674,15.626842228890663,True,0.5077881491530534,6.499252696261032,1,True,0.47609792016770003
194,196,0.026363636363636363,3.2,0.023636363636363636,0.030909090909090907,2.1,4.9,True,0.9933670571323638,6.984831604240343,1,True,0.3189208264396823
195,197,0.015,6.918603627177495,0.012727272727272728,0.01818181818181818,4.918603627177493,8.718603627177496,False,21.73463965514789,27.72610420225587,1,False,3.1308661360328847e-06
196,198,0.03272727272727273,8.980955681671453,0.02727272727272727,0.04090909090909091,7.08095568167146,11.180955681671445,True,2.9985110233673917,8.989975570475371,1,True,0.08334107829442393
197,199,0.39090909090909093,7.9425966754049675,0.35454545454545455,0.4272727272727273,7.142596675404967,8.642596675404967,False,2.92032256780766,8.91178711491564,1,True,0.0874703766444682
198,200,0.06,10.325227249388753,0.05818181818181818,0.07181818181818181,10.225227249388753,12.525227249388745,False,10.608897528073676,16.600362075181657,1,False,0.0011254477357042927
199,201,0.35454545454545455,12.119350188514161,0.3090909090909091,0.38181818181818183,11.019350188514165,12.919350188514159,True,0.23128640165650233,6.222750948764482,1,True,0.6305716172846396
200,202,0.019090909090909092,12.620732250196149,0.016363636363636365,0.02090909090909091,11.120732250196154,13.520732250196145,False,16.255596897049866,22.247061444157843,1,False,5.534585887553476e-05
201,203,0.16818181818181818,8.23520394461981,0.1590909090909091,0.1972727272727273,7.33520394461981,9.435203944619811,True,2.863741258732093,8.855205805840072,1,True,0.09059656009481357
202,204,0.01818181818181818,10.38097650657908,0.015454545454545453,0.02090909090909091,9.080976506579084,11.680976506579075,False,5.537276795286378,11.528741342394358,1,False,0.01861552872297826
203,205,0.046363636363636364,4.836148557764091,0.038181818181818185,0.05545454545454545,2.7361485577640887,6.836148557764092,True,4.285682244534173,10.277146791642153,1,False,0.03843465463974746
204,206,0.12272727272727273,6.503607637133767,0.10818181818181818,0.13545454545454547,4.703607637133764,8.003607637133769,True,9.650883284291101,15.64234783139908,1,False,0.0018926055743963392
205,207,1.009090909090909,8.9,0.6454545454545454,1.1545454545454545,5.300000000000001,9.700000000000001,False,3.243248350023781,9.234712897131761,1,True,0.07171831299406282
206,208,0.09181818181818181,7.4144501678004,0.07,0.12090909090909091,4.114450167800397,10.614450167800403,True,1.005207944120767,6.996672491228746,1,True,0.3160536107793278
207,209,0.023636363636363636,16.25948033492041,0.016363636363636365,0.03272727272727273,12.859480334920423,19.5594803349204,True,1.312399402873382,7.303863949981361,1,True,0.25196068953144857
208,210,0.24545454545454545,8.517447480886158,0.16454545454545455,0.33636363636363636,5.6174474808861685,11.217447480886149,True,0.7733759646858541,6.7648405117938335,1,True,0.37917469260340075
209,211,0.1590909090909091,7.994324700901206,0.12272727272727273,0.24545454545454545,4.394324700901219,11.394324700901194,True,1.2480473341558964,7.2395118812638755,1,True,0.26392575382352057
210,212,0.015454545454545453,8.346844256912656,0.014090909090909091,0.017727272727272727,7.246844256912659,9.546844256912651,False,10.415943686448461,16.40740823355644,1,False,0.0012493199867895477
211,213,0.07636363636363636,30.16490037434528,0.06909090909090909,0.10363636363636364,29.264900374345267,33.464900374345326,False,6.990712819737184,12.982177366845164,1,False,0.008193371724620447
212,214,1.3181818181818181,11.822234802806292,0.790909090909091,1.4,7.82223480280629,12.522234802806295,False,2.9786882263938406,8.97015277350182,1,True,0.08436762456939761
213,215,0.6363636363636364,6.6000000000000005,0.4818181818181818,0.8181818181818182,4.4,8.6,False,5.312091285152727,11.303555832260706,1,False,0.021177919999249548
214,216,0.056363636363636366,28.00497140496629,0.05181818181818182,0.08727272727272727,27.90497140496629,33.00497140496636,False,3.8259192411244385,9.817383788232418,1,True,0.05046565876165297
215,217,0.13545454545454547,12.197511632556097,0.12090909090909091,0.14636363636363636,10.697511632556102,13.097511632556094,False,1.2847910009320973,7.276255548040076,1,True,0.2570101266289778
216,218,0.04818181818181819,4.684481911795419,0.04272727272727273,0.057272727272727274,3.3844819117954184,6.484481911795418,False,0.34496240648450066,6.33642695359248,1,True,0.5569787366925603
217,219,0.7727272727272727,30.083826320189168,0.6181818181818182,0.9818181818181818,28.483826320189145,31.883826320189193,False,0.05571996160905729,6.047184508717036,1,True,0.813393281578271
218,220,0.03272727272727273,4.711264494645143,0.028181818181818183,0.038181818181818185,3.311264494645142,6.311264494645145,True,10.98264985713114,16.974114404239117,1,False,0.0009196883450975514
219,221,0.3181818181818182,3.2,0.2545454545454545,0.39090909090909093,1.3,5.0,True,0.8467088302539054,6.838173377361884,1,True,0.35748506409142544
220,222,0.08818181818181818,4.542551009291856,0.06909090909090909,0.12090909090909091,1.9425510092918534,8.34255100929186,True,1.4389328948738251,7.430397441981804,1,True,0.23031209931197555
221,223,0.36363636363636365,12.677529757429662,0.24545454545454545,0.5909090909090908,9.377529757429674,16.577529757429648,True,0.12776283037288325,6.119227377480862,1,True,0.7207629840484655
222,224,1.090909090909091,12.197504579561294,0.5363636363636364,1.209090909090909,6.5975045795612886,12.497504579561294,True,3.888153909472863,9.879618456580843,1,False,0.04862784771815994
223,225,0.10090909090909092,13.756438004506,0.08818181818181818,0.11181818181818182,12.456438004506005,15.156438004505995,False,1.9602508810465278,7.951715428154507,1,True,0.16148648973504368
224,226,0.05090909090909091,10.31938799448875,0.04272727272727273,0.06272727272727273,8.419387994488757,12.619387994488742,True,7.71455364557152,13.7060181926795,1,False,0.005477740193182946
225,227,0.05,6.142953448056414,0.04181818181818182,0.060909090909090906,3.9429534480564215,8.342953448056406,True,5.987702788406981,11.97916733551496,1,False,0.014405951316365281
227,229,0.15363636363636363,9.653019651024012,0.12454545454545454,0.19454545454545455,6.753019651024022,12.153019651024003,True,2.7260424450573,8.71750699216528,1,True,0.09872364539481429
228,230,0.06727272727272728,7.385700793906208,0.05818181818181818,0.10636363636363637,6.085700793906213,12.48570079390619,True,3.9336854474176572,9.925149994525636,1,False,0.047328116549173314
229,231,0.13363636363636364,9.789759828987062,0.11727272727272728,0.15363636363636363,7.889759828987069,11.889759828987055,False,11.31726704087603,17.30873158798401,1,False,0.0007678965029286016
230,232,0.04,8.213700303905991,0.03363636363636364,0.04454545454545455,6.613700303905997,9.513700303905987,False,8.06313833785643,14.054602884964408,1,False,0.0045174867342775305
231,233,0.015,7.151627347642608,0.010454545454545454,0.023636363636363636,3.351627347642605,11.351627347642612,True,0.8523457634509373,6.843810310558917,1,True,0.35588957861241455
232,234,0.07127272727272727,17.43175027006904,0.057272727272727274,0.08818181818181818,14.831750270069048,20.03175027006903,True,1.2822798414707646,7.273744388578743,1,True,0.2574755673514358
233,235,0.35454545454545455,10.1511660553887,0.32727272727272727,0.38181818181818183,9.451166055388702,10.851166055388697,False,0.6109759959641997,6.602440543072179,1,True,0.4344205669183262
234,236,0.06,9.187004679698765,0.05090909090909091,0.07072727272727274,7.487004679698771,11.087004679698758,True,11.385630430596638,17.377094977704616,1,False,0.0007401442915748997
235,237,0.4181818181818182,6.281650894871603,0.35454545454545455,0.5,4.681650894871604,7.7816508948716026,True,2.269842985334319,8.261307532442299,1,True,0.13191326633127312
236,238,0.24545454545454545,24.43855103144095,0.2181818181818182,0.2818181818181818,23.63855103144094,25.538551031440967,False,0.09161327030555579,6.0830778174135345,1,True,0.7621361483179463
237,239,0.16454545454545455,13.533972552875408,0.15,0.1890909090909091,12.033972552875413,14.633972552875404,True,0.3558330908720751,6.347297637980054,1,True,0.5508295872955463
238,240,1.2636363636363637,11.57786395473726,0.7818181818181819,1.3909090909090909,7.877863954737257,11.97786395473726,False,3.43018772594957,9.42165227305755,1,True,0.06401482439059548
239,241,0.04727272727272727,12.542321251561914,0.04272727272727273,0.053636363636363635,11.442321251561918,13.84232125156191,True,2.8319694533001964,8.823434000408175,1,True,0.09240497686649067
240,242,0.022727272727272728,12.748467345172845,0.02,0.025454545454545455,11.548467345172849,13.84846734517284,False,12.999678344321179,18.991142891429156,1,False,0.00031154448900246956
241,243,0.04363636363636364,2.9000000000000004,0.038181818181818185,0.04818181818181819,1.5,4.0,True,6.486590229679899,12.478054776787879,1,False,0.010869126077841454
242,244,0.028181818181818183,15.598543661413366,0.024545454545454544,0.03272727272727273,13.998543661413372,16.99854366141336,False,8.767344979980313,14.758809527088292,1,False,0.0030667153368100965
244,246,0.034545454545454546,4.081741370026923,0.03,0.04090909090909091,2.9817413700269233,5.781741370026923,True,5.979424464960214,11.970889012068193,1,False,0.014473724612362062
245,247,0.39090909090909093,0.0,0.37272727272727274,0.509090909090909,0.0,2.1,True,7.6472380540130125,13.638702601120992,1,False,0.005685930896356577
246,248,0.4363636363636364,7.86961784449168,0.4,0.4818181818181818,7.16961784449168,8.66961784449168,False,5.252622899530419,11.244087446638398,1,False,0.02191371501948169
247,249,0.2636363636363636,6.785394062092038,0.2181818181818182,0.3181818181818182,5.385394062092036,8.48539406209204,True,5.534783052402307,11.526247599510286,1,False,0.018642076547746883
248,250,0.2090909090909091,15.741708681689166,0.17,0.2545454545454545,14.441708681689171,17.24170868168916,True,3.9623200040428816,9.95378455115086,1,False,0.046529533274856996
249,251,0.24545454545454545,4.3,0.19454545454545455,0.2818181818181818,2.8000000000000003,5.4,True,1.3090773809710803,7.30054192807906,1,True,0.252561768503511
250,252,0.34545454545454546,4.9,0.3181818181818182,0.39090909090909093,4.2,6.0,False,16.44445149209655,22.43591603920453,1,False,5.009659189780243e-05
251,253,0.6181818181818182,25.593763447230554,0.5,0.790909090909091,24.093763447230533,27.49376344723058,False,2.12785252289904,8.11931707000702,1,True,0.14464327592361792
253,255,0.07018181818181819,3.8809008404153174,0.06,0.08090909090909092,2.080900840415318,5.5809008404153175,True,4.598762911867768,10.590227458975747,1,False,0.031995035231959366
254,256,0.3090909090909091,18.403987026229693,0.24545454545454545,0.38181818181818183,16.8039870262297,20.103987026229685,True,0.014159635833363602,6.005624182941343,1,True,0.9052798969346924
255,257,0.028181818181818183,6.169593044941926,0.026363636363636363,0.03272727272727273,5.369593044941925,7.669593044941927,False,2.27784653193481,8.269311079042788,1,True,0.13123397865531375
256,258,0.12272727272727273,12.169864236638068,0.11181818181818182,0.13363636363636364,10.969864236638072,13.369864236638064,False,0.4625778134646723,6.454042360572651,1,True,0.49642168654121366
257,259,0.2181818181818182,13.853871952056297,0.1890909090909091,0.2545454545454545,12.8538719520563,14.953871952056293,False,12.19506582756427,18.186530374672248,1,False,0.0004791608501781898
258,260,0.10363636363636364,36.61226927353976,0.09363636363636364,0.1409090909090909,35.81226927353975,40.91226927353982,False,4.366007333310734,10.357471880418714,1,False,0.0366628007111101
259,261,0.18636363636363637,11.572873718361425,0.16818181818181818,0.2090909090909091,10.872873718361427,12.272873718361422,False,0.9015339076986559,6.892998454806635,1,True,0.34237074685877444
261,263,0.33636363636363636,18.189303210916997,0.3090909090909091,0.37272727272727274,17.589303210916995,19.18930321091699,False,0.30735657859865234,6.298821125706631,1,True,0.5793068424595006
262,264,0.2909090909090909,6.657218692369478,0.2545454545454545,0.32727272727272727,5.857218692369477,7.657218692369478,True,0.6482973589916328,6.639761906099611,1,True,0.420722076629671
263,265,0.15363636363636363,8.920382414827241,0.14272727272727273,0.16454545454545455,7.920382414827245,10.020382414827237,False,2.2799714369852078,8.271435984093188,1,True,0.13105428722895046
265,267,0.15545454545454546,21.87094836097431,0.1481818181818182,0.16636363636363638,21.0709483609743,22.970948360974326,False,0.45032512588439233,6.441789672992371,1,True,0.5021805976992557
266,268,0.5727272727272728,16.410431953739312,0.4727272727272727,0.6636363636363636,14.910431953739318,17.610431953739308,False,1.2226321634042172,7.214096710512196,1,True,0.2688447067850012
267,269,0.030909090909090907,4.815569499509419,0.02727272727272727,0.035454545454545454,3.415569499509417,6.015569499509419,True,7.804461415544081,13.79592596265206,1,False,0.005211739740346882
268,270,0.16818181818181818,21.370601372369944,0.15363636363636363,0.19454545454545455,19.870601372369922,22.47060137236996,False,0.34229328909370527,6.333757836201684,1,True,0.5585084736685476
269,271,0.5,5.4,0.38181818181818183,0.7363636363636363,3.2,8.3,True,4.074132331667358,10.065596878775338,1,False,0.043544624546557345
270,272,0.02090909090909091,8.963980995924283,0.017727272727272727,0.025454545454545455,7.263980995924289,10.963980995924276,False,10.558885533702504,16.55035008081048,1,False,0.001156308910980816
271,273,0.2909090909090909,21.3923113676906,0.2545454545454545,0.32727272727272727,20.292311367690584,22.292311367690612,False,3.0572240881456993,9.04868863525368,1,True,0.08037887887303873
272,274,0.06363636363636364,3.9420554191098933,0.05272727272727273,0.07363636363636364,2.0420554191098916,5.742055419109895,True,4.869440843976609,10.860905391084588,1,False,0.02733635659627254
274,276,0.15363636363636363,12.4355616736509,0.14454545454545453,0.16454545454545455,11.635561673650903,13.535561673650896,True,6.03932092911338,12.030785476221359,1,False,0.013990664742311587
275,277,0.015,10.149779762872864,0.014090909090909091,0.017272727272727273,9.349779762872867,11.34977976287286,False,45.313611376525714,51.305075923633694,1,False,1.678783291016511e-11
276,278,0.02909090909090909,3.7,0.026363636363636363,0.031818181818181815,2.6,4.6000000000000005,False,0.4455190704426387,6.436983617550617,1,True,0.5044705934876099
277,279,0.5909090909090908,5.0,0.38181818181818183,0.9272727272727272,1.2000000000000002,8.4,True,0.7656041379542402,6.757068685062219,1,True,0.3815803922102675
279,281,0.24545454545454545,14.124092209709145,0.2,0.2818181818181818,12.92409220970915,15.124092209709142,True,1.6548628668764795,7.646327413984459,1,True,0.1982983591092694
280,282,0.01,13.039825900843336,0.01,0.011818181818181818,12.839825900843337,14.63982590084333,False,13.871166131620642,19.86263067872862,1,False,0.00019577917485683868
281,283,0.05909090909090909,7.5170325653174785,0.053636363636363635,0.06909090909090909,6.617032565317482,9.417032565317472,False,10.082366587002927,16.073831134110904,1,False,0.0014969494673452999
282,284,0.16272727272727272,13.434797258200712,0.15545454545454546,0.1781818181818182,12.834797258200714,14.434797258200708,False,1.0210206310138508,7.01248517812183,1,True,0.3122770348955136
283,285,0.18636363636363637,5.952300694643036,0.16636363636363638,0.2090909090909091,5.052300694643035,6.652300694643037,True,11.545348465303427,17.536813012411407,1,False,0.0006791896917115898
284,286,0.9545454545454546,9.200000000000001,0.7,1.0,6.800000000000001,9.200000000000001,False,6.351954452771732,12.343418999879711,1,False,0.01172520516390094
285,287,0.18636363636363637,20.286553871248024,0.16272727272727272,0.2272727272727273,18.78655387124803,21.58655387124802,True,0.3023811972494661,6.293845744357445,1,True,0.5823934606395851
286,288,0.44545454545454544,10.936863448928184,0.39090909090909093,0.5,10.036863448928187,11.93686344892818,True,1.2701277300141711,7.26159227712215,1,True,0.2597427192059081
287,289,0.034545454545454546,3.3068093611200093,0.02909090909090909,0.04272727272727273,1.6068093611200096,5.506809361120009,True,4.729938792435078,10.721403339543057,1,False,0.029641940112298343
288,290,0.011363636363636364,5.419606878640822,0.01,0.014090909090909091,4.01960687864082,7.819606878640824,True,3.453712771798229,9.445177318906207,1,True,0.0631098571829094
289,291,0.6818181818181818,10.463036718183336,0.5363636363636364,0.8636363636363636,8.563036718183334,12.263036718183336,False,14.554068254338834,20.54553280144681,1,False,0.00013619426327100376
290,292,0.028181818181818183,2.9000000000000004,0.024545454545454544,0.031818181818181815,1.4000000000000001,4.2,True,2.0143784791504187,8.005843026258397,1,True,0.15581506381814592
291,293,0.014090909090909091,5.4946130655565355,0.012272727272727272,0.01681818181818182,3.9946130655565346,7.294613065556537,False,10.761331401017582,16.75279594812556,1,False,0.0010364279828984602
292,294,0.5909090909090908,2.7,0.4,1.1272727272727274,0.0,7.4,True,0.5275642476343092,6.5190287947422885,1,True,0.4676327042650743
293,295,0.32727272727272727,3.8000000000000003,0.3,0.36363636363636365,3.1,4.800000000000001,False,0.9484681006196639,6.939932647727643,1,True,0.33010953585912656
294,296,1.4,11.985490210900702,1.0272727272727273,1.4,9.285490210900711,12.3854902109007,False,5.0364686015340085,11.027933148641988,1,False,0.024819035104360575
296,298,0.13363636363636364,19.218667945305324,0.11727272727272728,0.14454545454545453,17.41866794530533,20.31866794530532,False,1.1212440085186373,7.112708555626616,1,True,0.28965074436608473
297,299,0.7636363636363637,8.6,0.6272727272727272,0.7818181818181819,7.0,8.6,False,17.156504836379288,23.147969383487265,1,False,3.442285711719291e-05
298,300,0.44545454545454544,8.912853281970905,0.4,0.5,8.012853281970909,9.812853281970902,True,0.09573043016631644,6.0871949772742955,1,True,0.7570147258736692
299,301,0.35454545454545455,8.001809215013655,0.2909090909090909,0.4363636363636364,6.401809215013653,9.701809215013656,True,1.3886820550361305,7.38014660214411,1,True,0.23862779509254928
300,302,0.09636363636363636,8.847124432578804,0.075,0.11727272727272728,6.447124432578812,10.947124432578796,True,5.506268156509098,11.497732703617077,1,False,0.018948435172550966
302,304,1.4,13.154088030905518,1.3,1.4,12.55408803090552,13.354088030905517,False,24.036558736516014,30.028023283623995,1,False,9.452380271326188e-07
303,305,0.01,5.731911322831735,0.01,0.011363636363636364,5.631911322831734,6.931911322831736,False,13.329394853934318,19.3208594010423,1,False,0.0002612778246111748
304,306,0.09090909090909091,12.953838720194767,0.08272727272727273,0.10454545454545455,11.95383872019477,14.253838720194763,False,1.7456129864905157,7.7370775335984945,1,True,0.1864291929240237
305,307,0.4272727272727273,6.194550425741418,0.39090909090909093,0.4909090909090909,5.394550425741418,7.294550425741418,False,6.710164505303027,12.701629052411006,1,False,0.009586488071573007
306,308,0.15363636363636363,3.8000000000000003,0.13545454545454547,0.16818181818181818,2.0,5.4,True,2.6599636720223807,8.65142821913036,1,True,0.10290308471018945
307,309,0.2545454545454545,5.5,0.1972727272727273,0.3,3.8000000000000003,6.9,False,0.6183321674213718,6.609796714529351,1,True,0.43166773895409094
308,310,0.3181818181818182,13.844958976808515,0.2909090909090909,0.36363636363636365,13.044958976808518,14.944958976808511,False,0.10115764013836326,6.092622187246342,1,True,0.7504448186431543
309,311,0.14454545454545453,7.028108139755191,0.13,0.15545454545454546,5.728108139755189,8.028108139755192,False,2.8155525687330467,8.807017115841026,1,True,0.09335474472977619
310,312,1.4,13.22393428479529,1.2636363636363637,1.4,12.423934284795289,13.22393428479529,False,22.498305345302825,28.489769892410806,1,False,2.1032906800126283e-06
311,313,1.4,6.243605169953984,1.090909090909091,1.4,4.3436051699539835,6.8436051699539835,False,11.20846372637287,17.19992827348085,1,False,0.0008142510061290806
312,314,0.1390909090909091,6.203932262918226,0.12090909090909091,0.15545454545454546,4.203932262918233,7.90393226291822,False,18.3748479076488,24.36631245475678,1,False,1.8143727803608215e-05
313,315,0.08818181818181818,9.594150615957615,0.07590909090909091,0.10363636363636364,7.894150615957621,11.09415061595761,False,0.8019033116413256,6.7933678587493045,1,True,0.3705249192100162
314,316,0.2181818181818182,12.199038818434492,0.1781818181818182,0.24545454545454545,10.899038818434496,12.999038818434489,False,9.12132621690915,15.112790764017129,1,False,0.0025264673722618044
315,317,0.6181818181818182,6.6000000000000005,0.4363636363636364,0.6818181818181818,3.7,7.2,False,9.817460852896277,15.808925400004256,1,False,0.0017286282659723625
316,318,0.11727272727272728,5.596271736867694,0.10818181818181818,0.12636363636363637,4.696271736867693,6.596271736867695,True,13.880663770787287,19.872128317895267,1,False,0.00019479226214479733
317,319,0.2272727272727273,7.6907696737145095,0.18636363636363637,0.2636363636363636,6.390769673714508,8.89076967371451,True,1.0781552084427848,7.069619755550764,1,True,0.2991106152788321
318,320,0.023636363636363636,15.705820446952819,0.01818181818181818,0.02909090909090909,13.105820446952828,18.105820446952812,False,4.139115214212264,10.130579761320243,1,False,0.04190306605167069
319,321,0.16454545454545455,7.23098972394553,0.15,0.1890909090909091,5.630989723945529,8.430989723945531,True,4.4550046846488875,10.446469231756867,1,False,0.03479912076079977
320,322,0.2181818181818182,7.689777086521709,0.1890909090909091,0.24545454545454545,6.8897770865217085,8.38977708652171,True,1.051758166623388,7.043222713731367,1,True,0.30510251254559784
321,323,0.046363636363636364,19.227632814337667,0.038181818181818185,0.057272727272727274,17.027632814337636,21.6276328143377,True,2.7388330913694117,8.73029763847739,1,True,0.09793625942354946
322,324,0.2636363636363636,10.240230674190908,0.23636363636363636,0.2818181818181818,9.54023067419091,10.740230674190906,False,1.1505911558830042,7.142055702990984,1,True,0.28342543419320776
323,325,0.1090909090909091,9.337424975135951,0.09636363636363636,0.12272727272727273,7.937424975135956,10.837424975135946,False,3.8791525957605426,9.870617142868522,1,False,0.04888922737267622
324,326,0.19454545454545455,3.7,0.17272727272727273,0.2272727272727273,2.9000000000000004,4.7,False,2.1226603006943927,8.114124847802373,1,True,0.14513425662276855
326,328,0.18363636363636365,13.45331966019214,0.16454545454545455,0.2090909090909091,12.353319660192144,14.353319660192136,True,11.12317292257837,17.11463746968635,1,False,0.0008525581654039628
327,329,0.16454545454545455,13.465699960465397,0.15363636363636363,0.18636363636363637,12.265699960465401,14.565699960465393,True,2.164402729813893,8.155867276921871,1,True,0.1412394914526111
328,330,0.4181818181818182,4.800000000000001,0.35454545454545455,0.5636363636363636,3.2,7.300000000000001,False,9.72861292896748,15.72007747607546,1,False,0.0018142134768323773
329,331,0.015,6.385438302487483,0.013181818181818182,0.01681818181818182,4.785438302487481,7.385438302487483,False,26.84437985074507,32.83584439785305,1,False,2.2051469767684836e-07
330,332,0.025454545454545455,3.9195069470137778,0.02181818181818182,0.02727272727272727,2.4195069470137778,4.519506947013777,True,7.048813740994241,13.04027828810222,1,False,0.007931776281534925
331,333,0.11363636363636363,9.924543975990538,0.09090909090909091,0.13363636363636364,7.424543975990547,12.22454397599053,False,0.1898247690879791,6.181289316195958,1,True,0.6630625006910544
332,334,1.4,11.405444592717917,0.8363636363636364,1.4,7.5054445927179305,11.905444592717915,False,0.16997292661591368,6.161437473723892,1,True,0.680135869769473
333,335,0.1090909090909091,8.834120036854534,0.10181818181818182,0.1190909090909091,7.934120036854537,10.03412003685453,False,4.145386937474262,10.136851484582241,1,False,0.04174811281735964
334,336,0.11727272727272728,10.343248162110134,0.10454545454545455,0.12818181818181817,8.84324816211014,11.64324816211013,True,11.533741652499877,17.525206199607858,1,False,0.0006834432173974382
335,337,0.19454545454545455,13.970522286877117,0.17,0.2272727272727273,13.07052228687712,14.970522286877113,True,3.446467126932588,9.437931674040566,1,True,0.06338712203705099
336,338,0.1972727272727273,4.170904622191607,0.17272727272727273,0.2272727272727273,3.270904622191607,5.070904622191606,True,7.685614516066492,13.677079063174471,1,False,0.005566272289237349
337,339,0.7818181818181819,8.0,0.5272727272727272,0.9,4.7,8.9,False,4.215655614172272,10.207120161280251,1,False,0.04005258539026778
338,340,0.03363636363636364,15.680255451669181,0.03272727272727273,0.03727272727272728,15.580255451669181,16.680255451669176,False,56.29576306476564,62.28722761187362,1,False,6.234963607756435e-14
339,341,0.2545454545454545,4.5,0.2181818181818182,0.2818181818181818,3.6,5.2,True,1.2559770743009522,7.247441621408932,1,True,0.2624139514318002
340,342,0.12454545454545454,9.741543336442383,0.11545454545454546,0.13727272727272727,8.741543336442387,11.141543336442378,False,5.308624665565866,11.300089212673846,1,False,0.02122010177427248
341,343,0.509090909090909,3.992622000812414,0.5,0.6,3.992622000812414,5.292622000812409,False,29.195816278195117,35.1872808253031,1,False,6.54203136908863e-08
342,344,1.4,3.2,0.9,1.4,0.0,3.7,True,2.454593255882319,8.446057802990298,1,True,0.11718151973502344
343,345,0.01,15.897375992780235,0.01,0.011363636363636364,15.597375992780236,17.09737599278023,False,46.23489137250556,52.22635591961354,1,False,1.0489228990427247e-11
344,346,0.2,9.904437213411386,0.1809090909090909,0.2272727272727273,9.204437213411389,10.804437213411383,True,1.500374765147451,7.49183931225543,1,True,0.22061370718776813
345,347,0.8909090909090909,9.9,0.6818181818181818,0.9090909090909091,7.800000000000001,9.9,False,13.90151891195547,19.89298345906345,1,False,0.00019264272408511864
346,348,0.10818181818181818,5.535028748161364,0.09818181818181819,0.12090909090909091,4.435028748161363,6.935028748161365,True,20.1297801881597,26.12124473526768,1,False,7.236116771528562e-06
347,349,0.15545454545454546,6.7848638073385645,0.14454545454545453,0.16818181818181818,5.684863807338563,8.084863807338564,True,3.5093703321472223,9.500834879255201,1,True,0.06102264389503325
348,350,0.031818181818181815,9.60284335265956,0.028181818181818183,0.03636363636363636,8.402843352659565,10.702843352659556,False,0.2599140779908681,6.251378625098847,1,True,0.610179190501527
349,351,0.23636363636363636,8.49606560689098,0.2181818181818182,0.2545454545454545,7.99606560689098,9.096065606890981,False,3.726095372440288,9.717559919548266,1,True,0.053568481196530966
350,352,0.5636363636363636,3.4000000000000004,0.38181818181818183,0.9181818181818182,0.0,7.1000000000000005,True,0.42861262057164046,6.42007716767962,1,True,0.5126705005470592
351,353,0.06818181818181819,16.058648653859592,0.06363636363636364,0.075,15.258648653859597,17.15864865385959,False,19.421599999299463,25.41306454640744,1,False,1.0481487729810347e-05
352,354,0.02,13.398237375462196,0.017272727272727273,0.024545454545454544,11.898237375462202,15.19823737546219,False,15.837577194537673,21.829041741645653,1,False,6.901814910754723e-05
354,356,0.15545454545454546,11.529080840038645,0.1390909090909091,0.16818181818181818,10.12908084003865,12.82908084003864,False,0.17584331385835592,6.167307860966335,1,True,0.6749700386393653
355,357,0.03363636363636364,9.078829989508703,0.03,0.038181818181818185,8.078829989508707,10.278829989508699,False,17.776467374494995,23.767931921602973,1,False,2.4843711658441194e-05
357,359,0.15,8.599894908214326,0.14272727272727273,0.1590909090909091,7.999894908214326,9.499894908214326,False,0.9979883853939384,6.9894529325019175,1,True,0.3177977497781526
358,360,1.4,10.59282963281915,0.9363636363636364,1.4,7.392829632819152,10.89282963281915,False,4.87342546950045,10.86489001660843,1,False,0.02727331153873615
359,361,0.2,8.873477100340004,0.17272727272727273,0.24545454545454545,7.873477100340008,10.27347710034,True,1.7234092733820814,7.714873820490061,1,True,0.18925478749419655
360,362,0.09818181818181819,5.211823673527771,0.08818181818181818,0.11,4.11182367352777,6.6118236735277724,True,25.375416907913213,31.366881455021193,1,False,4.718935170591286e-07
361,363,0.015,2.4000000000000004,0.013181818181818182,0.01863636363636364,0.8,4.4,True,0.1976917746588222,6.189156321766801,1,True,0.6565904654945902
362,364,0.16272727272727272,16.881116991390925,0.15545454545454546,0.18363636363636365,15.981116991390927,18.08111699139092,False,18.341861997897723,24.333326545005704,1,False,1.8460583140833452e-05
363,365,0.4727272727272727,6.2,0.37272727272727274,0.6181818181818182,4.0,8.4,False,12.084168628997947,18.075633176105924,1,False,0.0005085177161246419
364,366,0.5545454545454546,6.1000000000000005,0.4,0.7545454545454545,3.4000000000000004,8.5,False,6.563225710029123,12.554690257137102,1,False,0.010410748277966087
365,367,0.4818181818181818,3.2,0.38181818181818183,0.6272727272727272,1.1,5.300000000000001,True,0.3591538546636527,6.350618401771632,1,True,0.5489765388598066
366,368,0.7,7.1000000000000005,0.4818181818181818,0.7545454545454545,4.1000000000000005,7.4,False,9.424103848353521,15.4155683954615,1,False,0.0021415172578978453
368,370,0.011818181818181818,10.878989553171397,0.010454545454545454,0.013636363636363636,9.678989553171402,12.378989553171392,False,19.613239446130944,25.60470399323892,1,False,9.480993952022244e-06
369,371,0.07590909090909091,9.422486057697247,0.06181818181818182,0.09454545454545454,7.222486057697255,11.722486057697239,True,5.901321381772005,11.892785928879984,1,False,0.015129530077691997
370,372,0.03,7.321028891761573,0.02727272727272727,0.03636363636363636,6.021028891761578,8.921028891761567,False,14.16628549794535,20.157750045053326,1,False,0.00016734228990373455
371,373,0.03272727272727273,4.694600097478654,0.02727272727272727,0.04090909090909091,2.8946000974786523,6.894600097478656,True,4.754329351397528,10.745793898505507,1,False,0.029224679145254853
372,374,0.015,19.19365565389884,0.014545454545454545,0.019090909090909092,18.893655653898836,21.493655653898873,False,27.34880899804177,33.34027354514975,1,False,1.6986903751852151e-07
373,375,0.030909090909090907,8.382659675278804,0.026363636363636363,0.038181818181818185,6.58265967527881,10.282659675278797,True,5.63513368707699,11.626598234184968,1,False,0.017604002891475738
374,376,0.1572727272727273,8.99512325059994,0.14636363636363636,0.16818181818181818,7.895123250599944,10.195123250599936,True,5.514532904003638,11.505997451111618,1,False,0.0188591086861333
375,377,0.02909090909090909,9.015786664604958,0.025454545454545455,0.034545454545454546,7.415786664604964,10.615786664604952,False,8.390467837218317,14.381932384326296,1,False,0.0037719381326692795
376,378,0.09272727272727273,9.386746394238799,0.08181818181818182,0.10454545454545455,7.9867463942388035,10.586746394238794,True,29.6092324502276,35.60069699733558,1,False,5.285259839039608e-08
377,379,0.023636363636363636,8.320148069449926,0.02090909090909091,0.026363636363636363,7.020148069449931,9.520148069449922,False,12.52708832099474,18.518552868102717,1,False,0.0004010943553901818
378,380,0.04090909090909091,6.131106790178725,0.035454545454545454,0.04454545454545455,4.631106790178724,7.2311067901787265,False,7.755052794311413,13.746517341419391,1,False,0.005356247584285652
379,381,0.1390909090909091,10.142738607781709,0.12818181818181817,0.1481818181818182,9.142738607781713,10.942738607781706,True,17.51233644821259,23.503800995320567,1,False,2.854494978453609e-05
380,382,0.2272727272727273,3.0,0.2090909090909091,0.24545454545454545,2.4000000000000004,3.5,False,0.8530100604626071,6.844474607570586,1,True,0.35570219862001373
382,384,0.03363636363636364,2.873184781006,0.028181818181818183,0.04,1.0731847810059998,4.473184781006,True,7.1188844272470115,13.110348974354991,1,False,0.007627615431484052
383,385,0.04454545454545455,9.568975194385146,0.04,0.05545454545454545,8.46897519438515,12.068975194385137,False,6.807568914445491,12.79903346155347,1,False,0.009077226480696874
384,386,0.017272727272727273,11.335776004388174,0.015,0.02,10.135776004388179,12.935776004388169,False,39.39159938770041,45.38306393480839,1,False,3.4678567015522974e-10
385,387,0.024545454545454544,6.893517368476106,0.02181818181818182,0.02727272727272727,5.593517368476105,7.993517368476107,False,21.903762691257604,27.895227238365585,1,False,2.866712777440844e-06
386,388,0.10272727272727274,9.29069051235625,0.09181818181818181,0.11181818181818182,8.190690512356253,10.490690512356245,False,2.0440080005181356,8.035472547626114,1,True,0.15280656347960014
387,389,0.034545454545454546,6.40882399669294,0.03363636363636364,0.04,6.20882399669294,7.908823996692934,False,40.91697401292666,46.90843856003464,1,False,1.5883558328025345e-10
388,390,0.01090909090909091,11.228794794928898,0.01,0.013636363636363636,10.128794794928902,13.62879479492889,False,18.071482304282995,24.062946851390976,1,False,2.127643763660565e-05
389,391,0.011818181818181818,9.613281702547619,0.01,0.013636363636363636,7.913281702547625,11.213281702547613,False,20.03582321295451,26.027287760062492,1,False,7.600489758556752e-06
390,392,0.5,5.2,0.38181818181818183,0.7181818181818181,2.8000000000000003,8.0,False,6.527153312858509,12.518617859966488,1,False,0.010623985104527736
391,393,0.1972727272727273,4.9,0.16454545454545455,0.23636363636363636,3.4000000000000004,6.2,False,0.14938727419424458,6.140851821302224,1,True,0.6991215899490573
392,394,0.16272727272727272,7.506160657582846,0.15181818181818182,0.17545454545454547,6.406160657582845,8.506160657582846,True,14.593306471569221,20.584771018677202,1,False,0.0001333874945589265
393,395,0.08,7.051771328262356,0.07,0.09818181818181819,5.451771328262362,9.151771328262349,True,9.598014107397663,15.589478654505642,1,False,0.0019478791915440942
394,396,0.7818181818181819,6.892325547998639,0.5636363636363636,1.1454545454545455,4.192325547998637,9.79232554799864,True,0.16984729099215418,6.161311838100133,1,True,0.6802475606601219
395,397,0.4181818181818182,8.588334252500488,0.37272727272727274,0.4909090909090909,7.488334252500492,9.888334252500483,True,0.7154567081774476,6.706921255285427,1,True,0.39763824705688156
396,398,0.18636363636363637,4.2,0.16636363636363638,0.2090909090909091,3.3000000000000003,4.9,False,4.1952972635501435,10.186761810658123,1,False,0.04053624579237295
397,399,0.04818181818181819,11.300743198647869,0.04363636363636364,0.053636363636363635,10.100743198647873,12.400743198647865,True,4.527484700979441,10.51894924808742,1,False,0.033354607678301215
398,400,0.015,9.82391914241802,0.013636363636363636,0.01863636363636364,8.623919142418025,11.923919142418013,False,22.99373159415678,28.98519614126476,1,False,1.625304852372321e-06
399,401,0.1481818181818182,16.57698778842303,0.13545454545454547,0.1572727272727273,15.376987788423033,17.576987788423025,False,14.530135874657262,20.521600421765243,1,False,0.00013793530026446488
400,402,0.16272727272727272,14.499558236366603,0.14636363636363636,0.1972727272727273,12.899558236366609,16.099558236366597,True,0.7138942974577664,6.705358844565746,1,True,0.3981540230465467
401,403,0.014090909090909091,9.451998413898618,0.012727272727272728,0.015909090909090907,8.351998413898622,10.751998413898614,False,34.96856287427459,40.96002742138257,1,False,3.350717012538724e-09
402,404,0.019090909090909092,9.01724309473184,0.017727272727272727,0.02181818181818182,8.117243094731844,10.217243094731836,False,7.272286343974937,13.263750891082916,1,False,0.007002660814322742
403,405,0.05272727272727273,5.477978170617137,0.04363636363636364,0.06454545454545454,3.2779781706171343,7.677978170617138,True,3.812959208743322,9.804423755851301,1,True,0.05085752421213374
404,406,0.026363636363636363,10.648635150908742,0.022727272727272728,0.031818181818181815,9.248635150908747,12.748635150908735,False,13.787302528850308,19.778767075958285,1,False,0.000204715137641861
405,407,0.045454545454545456,4.57069002874534,0.04090909090909091,0.049090909090909095,3.3706900287453405,5.47069002874534,True,12.585926816211654,18.577391363319634,1,False,0.00038866225034146247
406,408,0.9363636363636364,8.16718480685319,0.5545454545454546,1.290909090909091,3.967184806853192,10.567184806853192,True,0.9348088064591947,6.926273353567174,1,True,0.3336164693656364
407,409,0.01,16.987722478612127,0.01,0.011363636363636364,16.687722478612127,18.187722478612123,False,30.015114152531513,36.00657869963949,1,False,4.286918549927138e-08
408,410,0.028181818181818183,3.5,0.025454545454545455,0.03,2.3000000000000003,4.3,True,5.0838690438082885,11.075333590916268,1,False,0.024149422483827135
409,411,0.2909090909090909,6.598729271586815,0.24545454545454545,0.33636363636363636,5.298729271586814,7.8987292715868165,True,2.7659957616250788,8.757460308733059,1,True,0.09628675493825822
410,412,0.03909090909090909,9.02707017803208,0.03363636363636364,0.04454545454545455,7.7270701780320845,10.527070178032075,False,8.323163870687186,14.314628417795165,1,False,0.003914268339556043
411,413,0.02181818181818182,3.189980353498218,0.01863636363636364,0.026363636363636363,1.6899803534982167,5.189980353498219,False,10.223677587815116,16.215142134923095,1,False,0.0013864911571568397
412,414,0.16090909090909092,9.083928489786071,0.1481818181818182,0.1781818181818182,7.783928489786076,10.283928489786067,True,24.622146483898668,30.61361103100665,1,False,6.974556645650029e-07
413,415,0.02909090909090909,11.301091769356706,0.025454545454545455,0.035454545454545454,9.701091769356712,13.0010917693567,False,7.3358754971051265,13.327340044213106,1,False,0.006759175019305378
414,416,0.34545454545454546,2.8000000000000003,0.3,0.4,1.7000000000000002,4.2,False,22.52336776183712,28.514832308945103,1,False,2.076027641701628e-06
415,417,0.12818181818181817,6.0003974552668415,0.10727272727272727,0.1481818181818182,3.7003974552668395,8.000397455266842,True,6.086272110553501,12.077736657661479,1,False,0.0136236236963066
417,419,0.011363636363636364,5.046085355654181,0.010454545454545454,0.012272727272727272,4.346085355654181,5.846085355654183,False,14.816967311023472,20.80843185813145,1,False,0.00011846485083235349
418,420,0.17,4.2,0.15181818181818182,0.2090909090909091,2.4000000000000004,5.5,True,2.7252955268223813,8.71676007393036,1,True,0.09876983827874462
419,421,0.024545454545454544,7.079695445406566,0.02181818181818182,0.026363636363636363,5.97969544540657,7.879695445406563,False,14.45530735365951,20.446771900767487,1,False,0.00014352485132214908
420,422,0.04818181818181819,12.451389254956322,0.04454545454545455,0.056363636363636366,11.451389254956325,14.051389254956316,True,7.345897631096566,13.337362178204545,1,False,0.006721596180690184
421,423,0.1090909090909091,4.039437771949492,0.1,0.12090909090909091,2.9394377719494917,5.539437771949494,True,13.540322000771283,19.531786547879264,1,False,0.00023349233139296376
422,424,0.2818181818181818,5.7688579591727525,0.2636363636363636,0.3090909090909091,5.068857959172751,6.4688579591727535,True,6.399565711440228,12.391030258548206,1,False,0.011414828355355965
423,425,0.1590909090909091,10.066248149455022,0.14636363636363636,0.18363636363636365,8.666248149455027,11.666248149455017,True,10.875260818250252,16.86672536535823,1,False,0.0009745730363255442
425,427,0.09181818181818181,10.583052348288119,0.08272727272727273,0.10363636363636364,9.383052348288123,11.783052348288114,False,15.15771350379312,21.1491780509011,1,False,9.889347366405839e-05
426,428,0.17545454545454547,5.585328540593866,0.15181818181818182,0.2181818181818182,3.4853285405938643,7.185328540593868,True,5.3791039786714485,11.370568525779428,1,False,0.020379342114132636
427,429,0.02181818181818182,8.544749618773597,0.01863636363636364,0.025454545454545455,7.0447496187736025,10.044749618773592,False,13.123051726445867,19.114516273553846,1,False,0.0002916845238346812
428,430,0.12818181818181817,9.640863570087676,0.11181818181818182,0.14636363636363636,7.740863570087683,11.44086357008767,True,9.390187385245733,15.381651932353712,1,False,0.0021814990687230203
429,431,0.024545454545454544,5.388578016433464,0.02181818181818182,0.02727272727272727,4.288578016433465,6.488578016433464,True,7.195565684590271,13.18703023169825,1,False,0.0073083948591763
431,433,0.013636363636363636,4.0449383421841265,0.012727272727272728,0.015454545454545453,3.3449383421841263,5.544938342184126,False,5.012411720409833,11.003876267517812,1,False,0.0251662243002175
432,434,0.44545454545454544,6.384443118152471,0.4,0.5,5.384443118152472,7.384443118152471,False,9.344162166591426,15.335626713699405,1,False,0.002236968972578422
433,435,0.02090909090909091,8.54246051666923,0.017727272727272727,0.024545454545454544,7.042460516669236,10.042460516669225,True,4.842229161408415,10.833693708516394,1,False,0.02777097437085028
434,436,0.013181818181818182,11.007248587851524,0.011363636363636364,0.014545454545454545,9.50724858785153,12.30724858785152,False,21.22631557519531,27.21778012230329,1,False,4.08122357684356e-06
435,437,0.1190909090909091,4.690179911044742,0.09818181818181819,0.13727272727272727,2.2901799110447403,6.590179911044744,True,7.385861632051329,13.377326179159308,1,False,0.006573856939188115
436,438,0.06727272727272728,10.604979650464582,0.05818181818181818,0.07590909090909091,8.904979650464588,12.004979650464577,True,11.002667588792034,16.994132135900013,1,False,0.0009098084978127796
437,439,0.1590909090909091,15.401872869876327,0.1409090909090909,0.1809090909090909,13.601872869876333,16.90187286987632,True,9.573413192666395,15.564877739774374,1,False,0.001974154100672491
438,440,0.034545454545454546,7.880169771962429,0.03,0.04,6.7801697719624325,9.180169771962424,False,9.284858534812617,15.276323081920596,1,False,0.0023105576494721635
439,441,0.01,13.131203685848222,0.01,0.01090909090909091,12.831203685848223,14.031203685848219,False,22.33829486988624,28.32975941699422,1,False,2.286021570795214e-06
440,442,0.019545454545454546,8.740576709238844,0.016363636363636365,0.023636363636363636,7.0405767092388505,10.640576709238838,False,7.080451984599907,13.071916531707886,1,False,0.007792935138354093
441,443,0.8454545454545455,7.5,0.6454545454545454,0.8727272727272728,5.300000000000001,7.5,False,8.013126763935222,14.004591311043201,1,False,0.004643948533479515
442,444,0.049090909090909095,3.527151807662561,0.04181818181818182,0.06181818181818182,1.6271518076625595,6.127151807662563,True,4.505829204041946,10.497293751149925,1,False,0.03377951424614313
444,446,0.17,8.150910770470439,0.1572727272727273,0.19181818181818183,6.950910770470437,8.95091077047044,True,2.6608392378998933,8.652303785007872,1,True,0.10284645732904683
445,447,0.01681818181818182,5.0,0.014545454545454545,0.02,3.8000000000000003,6.6000000000000005,True,0.09558655098797486,6.087051098095954,1,True,0.7571916448054231
446,448,0.010454545454545454,8.715206601009,0.01,0.013636363636363636,8.015206601009002,11.615206601008989,False,8.173299824186236,14.164764371294215,1,False,0.004251149726256156
447,449,0.35454545454545455,5.7,0.2909090909090909,0.4363636363636364,4.0,7.5,False,6.340932220172499,12.332396767280478,1,False,0.011798285836772681
448,450,0.06,4.396443257503197,0.05,0.0710909090909091,2.596443257503195,6.396443257503199,True,7.315966844642482,13.30743139175046,1,False,0.006834461955470797
449,451,0.2090909090909091,6.0402002492191835,0.18636363636363637,0.24545454545454545,5.240200249219182,7.240200249219185,True,2.479151589715391,8.47061613682337,1,True,0.11536446769920368
450,452,0.14454545454545453,4.147102608779287,0.12090909090909091,0.16636363636363638,1.7471026087792847,6.347102608779289,True,3.1755391423963975,9.167003689504376,1,True,0.07474853888478902
451,453,0.02,8.484627588429795,0.017727272727272727,0.023636363636363636,7.1846275884298,10.08462758842979,False,11.298663774040605,17.290128321148586,1,False,0.0007756289229357309
452,454,0.017727272727272727,8.082103626766031,0.015,0.02,6.582103626766036,9.182103626766027,False,3.4888558698332046,9.480320416941183,1,True,0.06178327120955194
453,455,0.24545454545454545,8.157444100866403,0.2181818181818182,0.2727272727272727,7.257444100866406,9.0574441008664,True,3.683051173436511,9.67451572054449,1,True,0.054968173182500114
454,456,0.05090909090909091,8.048157784654112,0.045454545454545456,0.05909090909090909,6.648157784654117,9.548157784654107,False,0.7870371360844924,6.778501683192472,1,True,0.37499753674713476
455,457,0.03636363636363636,14.289817533286948,0.031818181818181815,0.04272727272727273,13.189817533286952,15.889817533286942,False,16.42413423120003,22.41559877830801,1,False,5.0636401338778476e-05
456,458,0.8636363636363636,3.4000000000000004,0.5363636363636364,1.4,0.0,7.5,True,0.07954786605583572,6.071012413163815,1,True,0.7779110660301205
457,459,0.2545454545454545,6.6368313838131865,0.2272727272727273,0.2818181818181818,5.836831383813186,7.336831383813188,True,5.185491807825913,11.176956354933893,1,False,0.02277622530231663
458,460,0.011363636363636364,9.443759497713526,0.011363636363636364,0.013636363636363636,9.343759497713526,11.443759497713518,False,28.889648847854183,34.88111339496216,1,False,7.662128674053551e-08
460,462,0.08272727272727273,8.545101836612107,0.07545454545454545,0.1,7.54510183661211,10.5451018366121,True,8.772296537398015,14.763761084505994,1,False,0.0030584012551491476
461,463,0.026363636363636363,8.105349814759217,0.024545454545454544,0.030909090909090907,7.405349814759219,10.10534981475921,False,9.207539352038964,15.199003899146943,1,False,0.0024102043579931776
462,464,0.6727272727272727,5.6000000000000005,0.4545454545454546,0.7636363636363637,2.3000000000000003,6.4,False,5.8908418103068705,11.88230635741485,1,False,0.015219823206881348
463,465,0.013181818181818182,9.289390331017074,0.011363636363636364,0.016363636363636365,7.889390331017079,11.689390331017066,False,13.828276510141174,19.819741057249153,1,False,0.00020029901050064622
464,466,0.4,8.672511979964764,0.35454545454545455,0.4818181818181818,7.5725119799647675,10.172511979964758,True,1.1156138397672113,7.10707838687519,1,True,0.29086487179767684
465,467,0.025454545454545455,8.8363202139539,0.02181818181818182,0.030909090909090907,7.236320213953906,11.136320213953892,False,5.688923159221799,11.680387706329778,1,False,0.017072327679841907
466,468,0.06,6.26272378223722,0.049090909090909095,0.075,4.062723782237228,8.862723782237211,True,2.937681142060354,8.929145689168333,1,True,0.0865348796575723
467,469,0.03363636363636364,8.11600360834566,0.028181818181818183,0.04090909090909091,6.416003608345665,10.016003608345653,True,1.6666479519899422,7.658112499097921,1,True,0.19670811584501105
468,470,0.5,0.0,0.4727272727272727,0.7636363636363637,0.0,3.1,True,6.8124952976834106,12.80395984479139,1,False,0.009052218182079524
469,471,0.38181818181818183,5.328412705459396,0.33636363636363636,0.4181818181818182,4.028412705459396,6.128412705459396,True,0.8451156884493829,6.836580235557362,1,True,0.35793776817671996
470,472,0.09090909090909091,4.163930983450362,0.07727272727272727,0.1090909090909091,2.2639309834503623,6.063930983450362,True,1.5880004044870768,7.579464951595056,1,True,0.20761205300321664
471,473,0.05,8.09058780654923,0.04272727272727273,0.060909090909090906,6.090587806549237,10.090587806549223,True,2.864771724994176,8.856236272102155,1,True,0.09053855414994824
472,474,0.03,8.494467856254408,0.02727272727272727,0.03727272727272728,7.294467856254412,10.194467856254402,False,8.075923063303504,14.067387610411483,1,False,0.0044857251642618536
473,475,0.024545454545454544,11.570854776742244,0.024545454545454544,0.02727272727272727,11.570854776742244,12.87085477674224,False,21.242234525507374,27.23369907261535,1,False,4.047468212889599e-06
474,476,0.11,5.6979492265552825,0.09,0.12818181818181817,3.597949226555281,7.697949226555285,True,4.015400157741158,10.006864704849137,1,False,0.04508652302708674
475,477,0.06363636363636364,6.687776499120686,0.05272727272727273,0.072,4.887776499120685,8.087776499120688,True,7.4398472737774695,13.431311820885448,1,False,0.006379530377268918
476,478,0.03,4.678843184051039,0.025454545454545455,0.04,2.678843184051037,7.278843184051041,True,3.874943687717822,9.866408234825801,1,False,0.04901195398226822
477,479,0.3090909090909091,5.358910221738695,0.2636363636363636,0.38181818181818183,3.9589102217386953,7.058910221738694,True,0.35203208947118253,6.343496636579162,1,True,0.5529650615153455
478,480,0.16818181818181818,5.01540364145116,0.14454545454545453,0.2181818181818182,2.5154036414511576,6.815403641451161,True,5.699220764475598,11.690685311583577,1,False,0.016972446536278645
479,481,0.09909090909090909,4.873000481975183,0.08090909090909092,0.12272727272727273,2.9730004819751805,7.573000481975185,True,6.066668809003179,12.058133356111158,1,False,0.013775652979475462
481,483,0.07909090909090909,3.607414630280734,0.060909090909090906,0.11545454545454546,0.9074146302807318,8.007414630280739,True,1.7004521915850812,7.6919167386930605,1,True,0.19222885093433223
482,484,0.017272727272727273,4.4,0.014545454545454545,0.02090909090909091,2.7,6.300000000000001,True,0.08947619650109777,6.0809407436090765,1,True,0.764844122306368
483,485,0.1190909090909091,7.129966014834368,0.10272727272727274,0.13727272727272727,5.129966014834375,9.029966014834361,True,4.87252499130359,10.86398953841157,1,False,0.027287545738118292
484,486,0.028181818181818183,4.386248761873941,0.023636363636363636,0.03363636363636364,2.386248761873939,6.286248761873943,True,4.444838700351415,10.436303247459394,1,False,0.03500689698346718
486,488,0.2272727272727273,42.32862765384315,0.15545454545454546,0.32727272727272727,38.7286276538431,45.42862765384319,False,0.19899906435289877,6.190463611460878,1,True,0.6555299883081479
487,489,0.1409090909090909,9.237070480188747,0.12454545454545454,0.1572727272727273,7.637070480188752,10.837070480188741,False,11.757962233184905,17.749426780292886,1,False,0.0006058351646785693
489,491,0.01818181818181818,9.72062476435559,0.015454545454545453,0.02181818181818182,8.320624764355594,11.620624764355583,False,21.700089315278092,27.691553862386073,1,False,3.18776439568441e-06
491,493,0.05909090909090909,6.803578405047535,0.05272727272727273,0.07227272727272727,5.703578405047539,9.103578405047527,True,13.683997158215625,19.675461705323606,1,False,0.00021628973705634466
492,494,0.01,14.035821435282436,0.01,0.012727272727272728,13.635821435282438,16.23582143528243,False,25.766042693641065,31.757507240749042,1,False,3.854100307462716e-07
493,495,0.10545454545454545,5.237170533006072,0.09,0.12090909090909091,3.6371705330060706,7.137170533006074,True,13.120478373944911,19.11194292105289,1,False,0.0002920854442537367
494,496,0.024545454545454544,10.96744769699095,0.019545454545454546,0.028181818181818183,8.867447696990958,12.467447696990945,False,12.757901192165441,18.749365739273422,1,False,0.00035450845771689636
495,497,0.034545454545454546,5.464312078703156,0.028181818181818183,0.04272727272727273,3.364312078703154,7.564312078703158,True,5.983444505918001,11.97490905302598,1,False,0.014440772293849779
496,498,0.09181818181818181,27.192470365385205,0.08909090909090908,0.10636363636363637,27.192470365385205,28.792470365385228,False,24.555350555017725,30.546815102125706,1,False,7.220556513236416e-07
497,499,0.028181818181818183,9.388670079026552,0.022727272727272728,0.034545454545454546,7.18867007902656,11.388670079026545,False,18.775961995683538,24.76742654279152,1,False,1.4700837641867567e-05
498,500,0.02181818181818182,18.016333492191823,0.02,0.024545454545454544,17.21633349219181,19.31633349219184,False,27.211236035596087,33.20270058270407,1,False,1.8239558559538284e-07
499,501,0.014090909090909091,9.773655555180781,0.013181818181818182,0.01818181818181818,9.273655555180783,12.473655555180772,False,17.718175388423035,23.709639935531015,1,False,2.561672660219865e-05
500,502,0.024545454545454544,9.708467115739252,0.019545454545454546,0.03,7.608467115739259,12.208467115739243,False,10.434066122838196,16.425530669946177,1,False,0.0012371208450948521
501,503,0.07818181818181819,6.29487490144289,0.06818181818181819,0.09272727272727273,4.594874901442889,7.994874901442892,False,1.0879459132897105,7.079410460397689,1,True,0.296926776563824
504,506,0.08181818181818182,4.450772294411567,0.07127272727272727,0.09818181818181819,2.8507722944115654,6.450772294411569,True,9.43179630112466,15.423260848232639,1,False,0.0021325530224624205
505,507,0.04181818181818182,10.299926782185937,0.034545454545454546,0.049090909090909095,8.499926782185943,12.29992678218593,True,3.266330345963865,9.257794893071845,1,True,0.07071564297291118
506,508,0.07772727272727273,8.730189749150234,0.07145454545454545,0.09909090909090909,7.930189749150237,11.330189749150225,True,15.240749754114061,21.23221430122204,1,False,9.463914079540531e-05
507,509,0.02909090909090909,8.852888191038613,0.025454545454545455,0.03363636363636364,7.252888191038618,10.052888191038608,False,9.597676856252825,15.589141403360804,1,False,0.0019482369838167038
508,510,0.02909090909090909,8.581109410328954,0.025454545454545455,0.035454545454545454,6.8811094103289605,10.381109410328948,False,22.415957236879507,28.407421783987488,1,False,2.1954238568993486e-06
509,511,0.046363636363636364,25.668629363669012,0.04181818181818182,0.07545454545454545,25.168629363669005,31.16862936366909,True,1.7052608670914724,7.696725414199451,1,True,0.19160140509112894
510,512,0.12090909090909091,7.341084929315428,0.10363636363636364,0.13727272727272727,5.541084929315426,8.94108492931543,False,0.18316690415850137,6.174631451266481,1,True,0.668665661274614
511,513,0.15181818181818182,9.847264002543188,0.13181818181818183,0.17272727272727273,7.947264002543195,11.84726400254318,True,3.8992178910664848,9.890682438174464,1,False,0.04830859187798045
512,514,0.2818181818181818,3.6,0.23636363636363636,0.32727272727272727,2.1,4.9,True,0.02804052510233658,6.019505072210316,1,True,0.8670135838227894
514,516,0.05909090909090909,2.2216127568267217,0.05272727272727273,0.07309090909090908,1.2216127568267208,4.621612756826724,True,7.421730889274073,13.413195436382052,1,False,0.006444079559736558
515,517,0.3090909090909091,4.4,0.2636363636363636,0.35454545454545455,3.1,5.6000000000000005,False,3.806132950304839,9.797597497412818,1,True,0.051065218293797794
516,518,0.2090909090909091,4.0,0.17272727272727273,0.2545454545454545,2.8000000000000003,5.300000000000001,True,6.755544169153818,12.747008716261796,1,False,0.009345684076469758
517,519,0.1390909090909091,9.194951524976826,0.1190909090909091,0.1572727272727273,7.094951524976834,11.194951524976819,True,11.652124029944986,17.643588577052967,1,False,0.0006412927075113321
518,520,0.026363636363636363,17.465504052360988,0.026363636363636363,0.030909090909090907,17.465504052360988,19.265504052361013,False,26.815531029369467,32.80699557647745,1,False,2.2383120856560466e-07
519,521,0.17,8.459366840449714,0.15,0.2090909090909091,6.4593668404497215,9.75936684044971,True,8.347798725272892,14.33926327238087,1,False,0.0038615488149925914
520,522,0.01863636363636364,9.412130874331117,0.015454545454545453,0.02181818181818182,7.512130874331124,11.012130874331111,False,18.574189910903183,24.56565445801116,1,False,1.634182111727753e-05
522,524,0.013181818181818182,9.33159354472706,0.011818181818181818,0.015,8.031593544727064,10.931593544727054,False,22.131041123518578,28.12250567062656,1,False,2.546584891307369e-06
523,525,0.02,12.263058551178306,0.015909090909090907,0.025454545454545455,9.963058551178314,14.663058551178297,False,3.87966471443099,9.871129261538968,1,False,0.048874316775894426
524,526,0.01818181818181818,9.629319058111518,0.015454545454545453,0.02181818181818182,8.129319058111523,11.429319058111512,False,21.109599105713215,27.101063652821196,1,False,4.337499059671153e-06
525,527,0.1190909090909091,4.750557479007416,0.10181818181818182,0.13363636363636364,2.750557479007414,6.350557479007417,True,10.722016701701408,16.713481248809387,1,False,0.0010586822159585078
526,528,0.07590909090909091,4.768735166043069,0.06454545454545454,0.08909090909090908,2.8687351660430673,6.56873516604307,True,5.582044411076575,11.573508958184554,1,False,0.0181455284192152
527,529,0.04090909090909091,3.9511798415097164,0.035454545454545454,0.046363636363636364,2.551179841509715,5.451179841509718,False,10.545145402960273,16.536609950068254,1,False,0.0011649365748138693
528,530,0.01,13.374007779651658,0.01,0.011818181818181818,13.174007779651658,14.974007779651652,False,26.371952551350134,32.363417098458115,1,False,2.8160004030698594e-07
529,531,0.08,4.608957778244957,0.07090909090909091,0.09272727272727273,3.208957778244956,6.308957778244959,True,9.935162806136331,15.92662735324431,1,False,0.0016215109297559557
530,532,0.010454545454545454,16.55966169573981,0.01,0.013181818181818182,15.959661695739811,18.6596616957398,False,19.509444933926268,25.50090948103425,1,False,1.0010349840138049e-05
531,533,0.37272727272727274,8.050663213435275,0.34545454545454546,0.4181818181818182,7.350663213435274,8.950663213435275,True,0.36335706543708635,6.354821612545066,1,True,0.5466476929297256
532,534,0.06,3.8000000000000003,0.04818181818181819,0.0710909090909091,1.5,5.800000000000001,False,4.245844283205261,10.23730883031324,1,False,0.03934650128131332
533,535,0.04363636363636364,9.140170215120285,0.04181818181818182,0.05,8.940170215120286,10.84017021512028,False,20.747297600870574,26.738762147978555,1,False,5.24054805200484e-06
534,536,0.01090909090909091,9.122885948316018,0.01,0.013636363636363636,8.222885948316021,11.42288594831601,False,7.912385593005923,13.903850140113903,1,False,0.00490974819996876
535,537,0.10545454545454545,11.875661237501513,0.09272727272727273,0.1190909090909091,10.575661237501517,13.475661237501507,False,20.066064141467063,26.05752868857504,1,False,7.481246108446454e-06
536,538,0.01,14.71791995816409,0.01,0.01090909090909091,14.517919958164091,15.717919958164087,False,57.122261600836126,63.11372614794411,1,False,4.095435468519808e-14
537,539,0.4727272727272727,7.971943058203001,0.4090909090909091,0.5727272727272728,6.771943058203,9.371943058203003,True,0.089613739187896,6.081078286295875,1,True,0.7646687816740311
538,540,0.01681818181818182,11.202675558465293,0.014545454545454545,0.02,9.702675558465298,12.902675558465287,False,17.785019029885486,23.776483576993463,1,False,2.4732295970719422e-05
539,541,0.1590909090909091,4.3,0.1481818181818182,0.17,3.2,5.4,False,3.1868836669136806,9.17834821402166,1,True,0.07423139673090139
540,542,0.2181818181818182,6.346188486102028,0.18363636363636365,0.23636363636363636,5.346188486102027,6.946188486102028,True,4.203134560871252,10.194599107979231,1,False,0.04034933060352186
541,543,0.046363636363636364,9.72105850059236,0.04,0.05545454545454545,8.021058500592366,11.821058500592352,True,3.131747651471404,9.123212198579383,1,True,0.07678138889990108
542,544,1.0818181818181818,11.710053997684401,0.8545454545454546,1.309090909090909,9.7100539976844,13.010053997684402,False,8.55037433010451,14.54183887721249,1,False,0.003454511827435968
543,545,0.010454545454545454,9.600821290875963,0.01,0.012727272727272728,8.900821290875966,11.500821290875956,False,15.928203462537457,21.919668009645434,1,False,6.579102360617076e-05
544,546,0.1972727272727273,4.526303719475153,0.15363636363636363,0.2636363636363636,1.8263037194751535,6.526303719475152,True,3.8464376176462673,9.837902164754247,1,False,0.049851767593406926
545,547,0.3181818181818182,8.058682884844997,0.2818181818181818,0.35454545454545455,7.058682884844995,9.058682884844997,True,0.6987624597372637,6.690227006845243,1,True,0.4031998383848948
546,548,0.17,5.181528798392725,0.1481818181818182,0.2272727272727273,2.8815287983927234,7.081528798392727,True,7.548205209794965,13.539669756902944,1,False,0.006006987562298277
547,549,0.053636363636363635,5.248783850447992,0.045454545454545456,0.06363636363636364,3.34878385044799,7.048783850447993,True,18.601936660424766,24.593401207532743,1,False,1.6105685042933796e-05
548,550,0.2090909090909091,8.54755207187688,0.16636363636363638,0.2545454545454545,6.947552071876878,9.947552071876881,True,0.7567728836170915,6.74823743072507,1,True,0.3843403311108984
549,551,0.016363636363636365,11.892641041662273,0.014090909090909091,0.019090909090909092,10.292641041662279,13.492641041662267,False,22.662494391086337,28.653958938194314,1,False,1.9310045298652217e-06
550,552,0.02,6.035766237879642,0.017272727272727273,0.024545454545454544,4.435766237879648,8.035766237879635,False,9.091347236003289,15.082811783111268,1,False,0.0025682162003623104
552,554,0.013181818181818182,12.875724190892205,0.012272727272727272,0.01681818181818182,11.975724190892208,15.475724190892196,False,25.224456552871448,31.215921099979425,1,False,5.10309639092147e-07
553,555,0.09636363636363636,9.448415542131677,0.08454545454545455,0.11363636363636363,8.048415542131682,11.44841554213167,True,11.462927988340974,17.454392535448953,1,False,0.0007099834742372278
554,556,0.02727272727272727,10.54616634107963,0.02181818181818182,0.03363636363636364,8.146166341079638,12.546166341079623,True,5.135181265130747,11.126645812238726,1,False,0.023445638688160596
555,557,0.01863636363636364,12.197147638141171,0.016363636363636365,0.02090909090909091,10.897147638141176,13.397147638141167,False,19.341764001273713,25.33322854838169,1,False,1.0928960240762273e-05
556,558,0.014090909090909091,4.23216034514783,0.012272727272727272,0.016363636363636365,2.432160345147828,5.832160345147831,False,9.053655943799898,15.045120490907877,1,False,0.0026217005790800134
557,559,0.24545454545454545,3.6,0.18636363636363637,0.3,1.8,5.300000000000001,True,2.6858577364721126,8.677322283580091,1,True,0.10124269720237726
558,560,0.022727272727272728,10.822068865316748,0.019545454545454546,0.02727272727272727,9.322068865316753,12.92206886531674,False,12.740894907456674,18.73235945456465,1,False,0.00035774647825101983
559,561,0.11363636363636363,8.756063169917962,0.09909090909090909,0.12636363636363637,7.156063169917967,10.156063169917957,True,14.356820200837875,20.348284747945854,1,False,0.00015123087936918552
560,562,0.03272727272727273,10.791289761980563,0.02909090909090909,0.03727272727272728,9.691289761980567,11.891289761980559,True,7.718862587586308,13.710327134694287,1,False,0.005464681403958246
561,563,0.5818181818181818,3.1,0.4,0.9181818181818182,0.1,6.5,True,1.096244768770533,7.087709315878512,1,True,0.2950917000961488
562,564,0.05,10.463290882027833,0.046363636363636364,0.06,9.663290882027836,12.363290882027826,False,13.513622288178777,19.505086835286754,1,False,0.0002368379422858478
563,565,0.1090909090909091,9.856751226509218,0.09,0.12454545454545454,7.756751226509225,11.656751226509211,True,20.459339055705488,26.450803602813465,1,False,6.091160691129923e-06
564,566,0.2181818181818182,3.8000000000000003,0.16818181818181818,0.2545454545454545,2.0,5.0,True,8.948737275884993,14.940201822992972,1,False,0.0027766144859606608
565,567,0.07018181818181819,7.4433247864855625,0.060909090909090906,0.07954545454545454,5.643324786485561,9.043324786485563,False,2.0921316944602846,8.083596241568264,1,True,0.1480593504882502
566,568,0.2818181818181818,8.90772954518509,0.24545454545454545,0.3090909090909091,7.807729545185094,9.607729545185087,True,1.6629026503806026,7.654367197488582,1,True,0.1972118691355028
567,569,0.04181818181818182,10.753250160426985,0.034545454545454546,0.04818181818181819,8.953250160426991,12.35325016042698,True,8.978013596123121,14.9694781432311,1,False,0.0027324753931402567
568,570,0.023636363636363636,3.0986504660167222,0.019545454545454546,0.02727272727272727,1.2986504660167226,4.698650466016722,False,7.642357953110231,13.63382250021821,1,False,0.005701334034399127
569,571,0.09363636363636364,8.435551569251258,0.07636363636363636,0.1090909090909091,6.235551569251266,10.135551569251252,True,13.083466397387866,19.074930944495847,1,False,0.00029791363962031604
570,572,0.2727272727272727,3.9000000000000004,0.23636363636363636,0.3090909090909091,2.8000000000000003,5.0,True,0.9768481032670953,6.968312650375074,1,True,0.3229781994843722
571,573,0.012272727272727272,9.20675113671103,0.01090909090909091,0.014545454545454545,8.106751136711035,11.206751136711024,False,3.931559572845896,9.923024119953876,1,False,0.047387978171100624
572,574,0.06727272727272728,6.903894302959056,0.057272727272727274,0.07863636363636364,5.103894302959063,8.70389430295905,True,10.36964218513771,16.361106732245688,1,False,0.001281043737174933
573,575,0.17272727272727273,3.3000000000000003,0.1590909090909091,0.2,2.1,4.2,False,0.9474163118672383,6.938880858975217,1,True,0.3303778259642002
574,576,0.2636363636363636,12.36650631441883,0.2272727272727273,0.2909090909090909,11.266506314418834,13.266506314418827,False,7.603819394620926,13.595283941728905,1,False,0.005824478869545534
575,577,0.06909090909090909,3.199301547372011,0.060909090909090906,0.07772727272727273,1.699301547372011,4.69930154737201,True,6.150672034257734,12.142136581365712,1,False,0.013136217555207604
577,579,0.02,10.607589542567817,0.01818181818181818,0.023636363636363636,9.60758954256782,12.007589542567812,False,16.413024993630167,22.404489540738147,1,False,5.093403215667789e-05
578,580,0.17272727272727273,8.001943510270324,0.14454545454545453,0.2272727272727273,5.401943510270334,9.701943510270318,True,4.939499571024466,10.930964118132444,1,False,0.02624963546562619
579,581,0.02727272727272727,11.714578339120814,0.023636363636363636,0.031818181818181815,10.11457833912082,13.314578339120809,False,9.10157057885457,15.09303512596255,1,False,0.002553901032329527
580,582,0.07163636363636364,8.808191884023158,0.06272727272727273,0.08181818181818182,7.308191884023163,10.408191884023152,True,23.122735254723437,29.11419980183142,1,False,1.5198298477523169e-06
581,583,0.07254545454545454,13.466676083306956,0.06454545454545454,0.09272727272727273,12.36667608330696,16.166676083306946,True,6.77760132128722,12.769065868395199,1,False,0.009230885759700323
582,584,0.026363636363636363,12.083741400752467,0.022727272727272728,0.03,10.583741400752473,13.683741400752462,True,4.277836246182398,10.269300793290377,1,False,0.03861247250982057
583,585,0.015,9.707746084276023,0.013181818181818182,0.017727272727272727,8.207746084276028,11.307746084276017,False,7.558840314455814,13.550304861563793,1,False,0.00597164068033098
584,586,0.14636363636363636,8.017327581677028,0.13181818181818183,0.16090909090909092,6.7173275816770275,9.51732758167703,False,1.8387037254385235,7.830168272546502,1,True,0.17510295456611458
585,587,0.1390909090909091,9.507329953906154,0.12818181818181817,0.15181818181818182,8.307329953906159,10.70732995390615,True,3.884176693489234,9.875641240597213,1,False,0.04874315551029639
586,588,0.11181818181818182,7.797907233608859,0.09636363636363636,0.12818181818181817,5.897907233608866,9.697907233608852,True,3.205349144719748,9.196813691827728,1,True,0.0733978414199579
588,590,0.509090909090909,7.300000000000001,0.4181818181818182,0.6545454545454545,5.7,9.1,False,32.94485938744066,38.93632393454864,1,False,9.481010972269504e-09
589,591,0.02909090909090909,9.507992508154457,0.025454545454545455,0.034545454545454546,8.007992508154462,11.107992508154451,False,7.842922100440617,13.834386647548596,1,False,0.0051020068382798866
590,592,0.02909090909090909,13.483693627025508,0.026363636363636363,0.031818181818181815,12.283693627025512,14.283693627025505,False,32.68790653380201,38.67937108090999,1,False,1.082083825441358e-08
592,594,0.35454545454545455,4.1000000000000005,0.3090909090909091,0.39090909090909093,2.9000000000000004,5.0,False,28.057075083812347,34.048539630920324,1,False,1.1778969158445766e-07
593,595,0.2636363636363636,7.666732466305701,0.2272727272727273,0.3,6.666732466305701,8.666732466305703,True,0.5141212747924582,6.505585821900437,1,True,0.4733602095761408
594,596,0.025454545454545455,4.452238349620055,0.022727272727272728,0.02909090909090909,3.2522383496200535,6.052238349620056,False,14.088784248181916,20.080248795289897,1,False,0.00017438049285537104
595,597,0.06363636363636364,10.824704579430408,0.05454545454545455,0.07363636363636364,9.124704579430414,12.624704579430402,True,8.144816312082657,14.136280859190636,1,False,0.004318442956962622
596,598,0.011363636363636364,16.423160667725558,0.01,0.014545454545454545,15.023160667725563,19.323160667725546,False,17.663615538209555,23.655080085317536,1,False,2.636213504133351e-05
597,599,0.2545454545454545,9.47369594366388,0.2181818181818182,0.2909090909090909,8.373695943663884,10.573695943663877,True,5.894499130562239,11.885963677670219,1,False,0.015188248456107382
598,600,0.2090909090909091,7.294241935759292,0.16818181818181818,0.24545454545454545,5.69424193575929,8.394241935759293,True,5.366217425906665,11.357681973014644,1,False,0.020530452660476883
599,601,0.02727272727272727,4.394814721633444,0.023636363636363636,0.030909090909090907,2.8948147216334443,5.794814721633443,True,8.64174159341784,14.63320614052582,1,False,0.003285472081961088
600,602,0.023636363636363636,19.122938130616095,0.02,0.028181818181818183,17.722938130616075,21.022938130616122,False,12.481017028405363,18.472481575513342,1,False,0.0004111083153131669
601,603,0.015454545454545453,3.0,0.013636363636363636,0.017272727272727273,1.6,4.0,True,1.5683742605031283,7.559838807611108,1,True,0.21044326763898769
602,604,0.019090909090909092,8.75837640478976,0.015454545454545453,0.025454545454545455,6.958376404789766,11.658376404789749,True,6.715819611805831,12.70728415891381,1,False,0.009556136213630436
604,606,0.12090909090909091,3.5,0.10636363636363637,0.13727272727272727,1.9000000000000001,5.1000000000000005,True,5.328451725346174,11.319916272454153,1,False,0.02098001458830955
606,608,1.4,4.0,1.009090909090909,1.4,1.2000000000000002,4.3,False,4.831476979342453,10.822941526450432,1,False,0.02794468113698725
607,609,0.04272727272727273,14.213089669287282,0.03727272727272728,0.05,12.913089669287286,16.213089669287275,False,17.911856701293935,23.903321248401916,1,False,2.3137515900258425e-05
608,610,0.053636363636363635,6.853506645391337,0.04454545454545455,0.06454545454545454,4.653506645391335,8.853506645391338,True,3.063339107459285,9.054803654567264,1,True,0.08007695612764996
609,611,0.15,8.030795706540099,0.13727272727272727,0.16090909090909092,6.930795706540103,9.130795706540095,True,11.603497524175838,17.594962071283817,1,False,0.0006582790507850633
610,612,0.014090909090909091,14.769861748372069,0.013181818181818182,0.016363636363636365,13.969861748372072,16.46986174837206,False,50.516994156510734,56.508458703618714,1,False,1.1813737389859336e-12
611,613,0.33636363636363636,7.390396148313128,0.2909090909090909,0.4090909090909091,5.990396148313126,9.190396148313129,True,0.7259396083516152,6.717404155459594,1,True,0.3942024940012243
612,614,0.06272727272727273,13.438140697218577,0.060909090909090906,0.07090909090909091,13.338140697218577,15.038140697218571,False,29.57094435611458,35.56240890322256,1,False,5.3906989486672316e-08
613,615,0.23636363636363636,10.200989779649394,0.2090909090909091,0.2636363636363636,9.300989779649397,10.900989779649391,False,2.3545719206978197,8.3460364678058,1,True,0.12491617175070821
614,616,0.6272727272727272,6.8759658607126495,0.509090909090909,0.7818181818181819,5.17596586071265,8.67596586071265,False,3.420227442593824,9.411691989701803,1,True,0.06440213978590183
615,617,0.06636363636363636,15.245379029320912,0.060909090909090906,0.07418181818181818,14.445379029320915,16.645379029320907,False,15.677881220240002,21.66934576734798,1,False,7.509727585601837e-05
616,618,0.02909090909090909,4.05972669884347,0.025454545454545455,0.034545454545454546,2.4597266988434687,5.759726698843472,True,6.044329176112508,12.035793723220486,1,False,0.013951032718302914
617,619,0.01,15.823511945656223,0.01,0.011363636363636364,15.723511945656224,17.12351194565622,False,18.24965565318306,24.241120200291036,1,False,1.9376097412687778e-05
618,620,0.045454545454545456,8.167676147191626,0.04,0.05,6.667676147191624,9.267676147191628,False,1.1605646538948184,7.152029201002797,1,True,0.2813484669716853
619,621,0.02909090909090909,12.843637883208626,0.025454545454545455,0.035454545454545454,11.34363788320863,14.64363788320862,False,9.294941855093716,15.286406402201695,1,False,0.002297874343113576
620,622,0.06454545454545454,9.265643458325027,0.053636363636363635,0.07590909090909091,7.265643458325034,11.16564345832502,True,8.629301049165258,14.620765596273237,1,False,0.0033079847219930794
622,624,0.24545454545454545,4.608877009272078,0.2090909090909091,0.2909090909090909,3.5088770092720787,5.908877009272078,True,2.370302139734369,8.361766686842348,1,True,0.12366311511447471
623,625,0.3,6.925977594074231,0.2636363636363636,0.34545454545454546,5.92597759407423,7.925977594074232,True,3.216098291674974,9.207562838782954,1,True,0.07291724138111698
624,626,0.038181818181818185,5.080964804335348,0.030909090909090907,0.04363636363636364,3.2809648043353468,6.48096480433535,True,6.86247678067317,12.853941327781149,1,False,0.008802445417316607
625,627,0.08090909090909092,7.469876997893543,0.07072727272727274,0.09727272727272727,5.869876997893549,9.369876997893536,True,5.017747090333233,11.009211637441211,1,False,0.025088791451923796
626,628,0.015,9.571790834059495,0.013181818181818182,0.017272727272727273,8.1717908340595,10.771790834059491,False,23.334405777360026,29.325870324468006,1,False,1.3614279229524355e-06
627,629,0.4545454545454546,6.60438645646358,0.38181818181818183,0.5454545454545454,5.304386456463579,8.004386456463582,False,3.563195323887004,9.554659870994984,1,True,0.05907392074108659
629,631,0.04363636363636364,2.124012582436132,0.03909090909090909,0.049090909090909095,0.9240125824361322,3.5240125824361317,True,9.767699002110005,15.759163549217984,1,False,0.0017760459300324896
630,632,0.1590909090909091,13.718359429710679,0.1481818181818182,0.16636363636363638,12.718359429710683,14.618359429710676,False,45.51281455364338,51.50427910075136,1,False,1.5164345287845392e-11
631,633,0.02909090909090909,11.882301413161311,0.026363636363636363,0.03363636363636364,10.782301413161315,13.082301413161307,False,9.899535831492537,15.891000378600516,1,False,0.0016532046513217367
632,634,0.014090909090909091,12.797851390128047,0.012272727272727272,0.01681818181818182,11.297851390128052,14.59785139012804,False,12.679447727495317,18.670912274603296,1,False,0.00036969674975384823
633,635,0.07818181818181819,6.545219205347683,0.07036363636363636,0.08636363636363636,5.345219205347682,7.745219205347684,False,6.311322195235029,12.302786742343008,1,False,0.011996933896383823
634,636,0.08090909090909092,15.890736809201481,0.06818181818181819,0.10545454545454545,14.090736809201488,18.69073680920147,True,5.319401108679225,11.310865655787204,1,False,0.021089258396531408
635,637,0.016363636363636365,11.022794189664316,0.014545454545454545,0.019090909090909092,9.82279418966432,12.52279418966431,False,20.56665355486551,26.55811810197349,1,False,5.75905913141955e-06
636,638,0.01,15.808309376854835,0.01,0.01090909090909091,15.608309376854836,16.70830937685483,False,31.694045550918545,37.685510098026526,1,False,1.804746847454961e-08
637,639,0.13,9.197995711901044,0.1190909090909091,0.14272727272727273,8.097995711901047,10.39799571190104,True,19.348624748855066,25.340089295963047,1,False,1.0889764433759025e-05
638,640,0.2909090909090909,8.670977643707873,0.2545454545454545,0.32727272727272727,7.570977643707877,9.67097764370787,True,2.170965014609761,8.16242956171774,1,True,0.14063795618640915
639,641,0.07227272727272727,19.426419937550435,0.06454545454545454,0.08090909090909092,18.026419937550443,20.826419937550433,False,1.8683607805168105,7.859825327624789,1,True,0.17166293947334582
640,642,0.2545454545454545,9.167865811977098,0.2272727272727273,0.2818181818181818,8.3678658119771,9.967865811977095,True,3.5514059560291593,9.542870503137138,1,True,0.05949501896697108
641,643,0.03636363636363636,6.405624811540628,0.030909090909090907,0.04181818181818182,5.105624811540627,7.80562481154063,False,0.24890952477619843,6.240374071884178,1,True,0.6178439632923742
642,644,0.16636363636363638,10.764159841556385,0.15545454545454546,0.1890909090909091,9.564159841556389,11.864159841556381,True,12.756635482615991,18.74810002972397,1,False,0.00035474842921582743
643,645,0.053636363636363635,7.791649903668194,0.04727272727272727,0.060909090909090906,6.391649903668199,9.09164990366819,True,3.6031939206825565,9.594658467790536,1,True,0.0576686766569568
644,646,0.1572727272727273,4.33722949452382,0.15,0.16818181818181818,3.4372294945238204,5.43722949452382,False,6.741615550583464,12.733080097691442,1,False,0.009418929014230778
645,647,0.1590909090909091,8.746704177743718,0.14636363636363636,0.1781818181818182,7.446704177743722,10.146704177743713,True,5.965195170489089,11.956659717597068,1,False,0.014590985443771251
647,649,0.2090909090909091,8.143795176388759,0.17545454545454547,0.23636363636363636,7.043795176388758,8.94379517638876,False,0.23778165338337243,6.229246200491351,1,True,0.6258129325504992
648,650,0.12090909090909091,9.097668022631737,0.11363636363636363,0.13,8.09766802263174,10.197668022631733,True,10.086920486985909,16.078385034093888,1,False,0.0014932544977158564
650,652,0.33636363636363636,8.739262243568263,0.2818181818181818,0.37272727272727274,7.339262243568261,9.639262243568263,False,3.8288503227296498,9.82031486983763,1,True,0.05037747656063387
651,653,0.3181818181818182,9.470691155164772,0.2909090909090909,0.35454545454545455,8.770691155164775,10.27069115516477,True,1.3582309275877436,7.349695474695722,1,True,0.24384431269448667
652,654,0.06,6.226292575490156,0.05181818181818182,0.07018181818181819,4.6262925754901545,7.926292575490157,True,10.999151048945322,16.990615596053303,1,False,0.0009115363010256557
653,655,0.11363636363636363,8.510917857958269,0.1,0.12272727272727273,6.9109178579582675,9.510917857958269,False,0.8189017343227325,6.810366281430712,1,True,0.36550146867317523
654,656,0.012272727272727272,13.767495857002011,0.010454545454545454,0.013636363636363636,12.167495857002017,14.967495857002007,False,12.421947639238779,18.413412186346758,1,False,0.00042431748770693285
655,657,0.1781818181818182,7.261656753524213,0.16090909090909092,0.2,6.061656753524211,8.061656753524215,True,6.411111713360215,12.402576260468194,1,False,0.011340838897025855
656,658,0.011818181818181818,8.353511362791386,0.010454545454545454,0.013636363636363636,7.253511362791389,9.75351136279138,False,15.339763580207975,21.331228127315953,1,False,8.980619201540008e-05
658,660,0.37272727272727274,6.0,0.3181818181818182,0.4,4.7,6.800000000000001,False,19.210166878084515,25.201631425192495,1,False,1.170881330274269e-05
659,661,0.03909090909090909,4.631920239796405,0.034545454545454546,0.04272727272727273,3.531920239796404,5.631920239796406,True,8.176866059682197,14.168330606790176,1,False,0.004242799901336901
660,662,0.05,11.649908021990282,0.045454545454545456,0.05545454545454545,10.349908021990286,12.649908021990278,False,22.121837140353897,28.113301687461878,1,False,2.558823592408781e-06
662,664,0.3090909090909091,11.45965387205681,0.2818181818181818,0.33636363636363636,10.759653872056813,12.159653872056808,True,0.7917169299191626,6.783181477027142,1,True,0.37358146803938996
663,665,0.05545454545454545,10.152868048133872,0.049090909090909095,0.06272727272727273,8.852868048133876,11.552868048133867,True,6.641170449460094,12.632634996568072,1,False,0.009964844445969229
664,666,0.15,15.461246643196795,0.1390909090909091,0.16636363636363638,14.461246643196798,17.06124664319679,False,19.593162344418726,25.584626891526703,1,False,9.58114802725335e-06
665,667,0.16636363636363638,16.258002717932992,0.1572727272727273,0.19181818181818183,15.358002717932996,17.35800271793299,False,21.628935491194362,27.620400038302343,1,False,3.308231902297715e-06
666,668,0.04818181818181819,11.795628240797873,0.04727272727272727,0.05454545454545455,11.695628240797873,13.095628240797868,False,21.09048828185507,27.081952828963047,1,False,4.380973434562838e-06
667,669,0.07727272727272727,11.614939201865793,0.060909090909090906,0.10272727272727274,8.714939201865803,14.614939201865782,True,0.6598309676589937,6.651295514766973,1,True,0.4166196243862067
668,670,0.04363636363636364,9.372947958487034,0.034545454545454546,0.056363636363636366,7.072947958487042,12.172947958487024,True,0.9008687767875468,6.892333323895526,1,True,0.3425488669509845
669,671,0.06909090909090909,8.387335520347811,0.056363636363636366,0.08272727272727273,6.087335520347819,10.487335520347804,True,6.033299677195357,12.024764224303336,1,False,0.014038466425471503
670,672,0.1572727272727273,8.137860483393482,0.14272727272727273,0.16818181818181818,6.73786048339348,9.237860483393483,True,2.54815572960341,8.53962027671139,1,True,0.11042308551527537
671,673,0.13363636363636364,7.861210944122524,0.1190909090909091,0.14454545454545453,6.361210944122522,8.861210944122524,False,1.6518704494288587,7.643334996536838,1,True,0.19870454401664878
672,674,0.01,18.684887918236704,0.01,0.011363636363636364,18.184887918236704,20.084887918236696,False,38.66927192759724,44.66073647470522,1,False,5.020509086560378e-10
673,675,0.14636363636363636,16.121718044144895,0.13363636363636364,0.1572727272727273,14.8217180441449,17.12171804414489,True,1.1531497889232694,7.144614336031248,1,True,0.28289075793536933
674,676,0.01,14.119302889397614,0.01,0.010454545454545454,14.019302889397615,14.519302889397613,False,45.68317045048657,51.67463499759455,1,False,1.3901199905076536e-11
675,677,0.03,3.5386839989631724,0.028181818181818183,0.035454545454545454,2.838683998963172,5.038683998963174,False,13.150521908206697,19.141986455314676,1,False,0.0002874391689222746
676,678,0.05909090909090909,13.221337052787627,0.053636363636363635,0.06818181818181819,12.32133705278763,14.92133705278762,False,21.840766780244152,27.832231327352133,1,False,2.962386641844462e-06
678,680,0.2545454545454545,9.732327494507434,0.2181818181818182,0.2909090909090909,8.732327494507437,10.73232749450743,True,3.604681163535302,9.596145710643281,1,True,0.05761711602253416
679,681,0.4272727272727273,11.150200706586492,0.34545454545454546,0.5909090909090908,9.250200706586499,13.650200706586483,True,0.3870739186420131,6.378538465749992,1,True,0.5338414983221561
680,682,0.2636363636363636,8.771377974004759,0.2272727272727273,0.2909090909090909,7.671377974004763,9.671377974004756,True,3.3951845917384396,9.386649138846419,1,True,0.06538704411852671
681,683,0.1409090909090909,31.39582836109024,0.12636363636363637,0.15181818181818182,29.895828361090217,32.495828361090254,False,37.96982508969863,43.96128963680661,1,False,7.184727640447212e-10
682,684,0.13181818181818183,3.5,0.1190909090909091,0.14454545454545453,2.1,4.6000000000000005,False,2.2144920396550978,8.205956586763076,1,True,0.1367200556644928
683,685,0.015,5.474227979163468,0.013181818181818182,0.017272727272727273,3.9742279791634663,6.874227979163469,False,15.392787497469618,21.384252044577597,1,False,8.73209552725773e-05
684,686,0.9454545454545454,10.145450615745899,0.7636363636363637,0.9636363636363636,8.4454506157459,10.145450615745899,False,19.372312641076288,25.363777188184265,1,False,1.075551606692991e-05
686,688,0.03363636363636364,4.777547944984754,0.03,0.03727272727272728,3.7775479449847533,5.777547944984755,True,13.05678939314723,19.048253940255208,1,False,0.0003021869925529976
687,689,0.09363636363636364,5.630458973811818,0.08272727272727273,0.10545454545454545,4.430458973811817,6.830458973811819,False,6.726079315160467,12.717543862268446,1,False,0.009501321825355331
688,690,0.04454545454545455,8.71491755413748,0.038181818181818185,0.05090909090909091,7.114917554137486,10.214917554137475,True,8.141044097861037,14.132508644969016,1,False,0.004327435889045924
689,691,0.019545454545454546,5.568953834263359,0.015,0.03363636363636364,3.5689538342633575,11.068953834263365,True,1.4515818643971337,7.4430464115051125,1,True,0.22827429851964226
690,692,0.06272727272727273,12.136584278868913,0.05454545454545455,0.07181818181818181,10.636584278868918,13.736584278868907,False,0.4924408907951097,6.483905437903089,1,True,0.4828404947471241
691,693,0.014090909090909091,16.154318966607875,0.011818181818181818,0.017727272727272727,14.154318966607882,18.454318966607865,True,0.21520829738134745,6.206672844489327,1,True,0.6427154641534836
692,694,0.015454545454545453,4.560795138072395,0.014090909090909091,0.017272727272727273,3.5607951380723937,5.560795138072395,False,24.822666754896446,30.814131302004427,1,False,6.285399794011685e-07
693,695,0.03272727272727273,4.311784808003065,0.028181818181818183,0.03727272727272728,2.811784808003065,5.411784808003065,True,5.195231761325026,11.186696308433005,1,False,0.022648934789760385
694,696,0.02727272727272727,9.667233229607984,0.024545454545454544,0.030909090909090907,8.467233229607988,11.067233229607979,False,10.648344714253577,16.639809261361556,1,False,0.0011016946283168615
695,697,0.2090909090909091,10.008228430639466,0.17545454545454547,0.2272727272727273,8.90822843063947,10.608228430639464,False,1.4773567983621687,7.468821345470148,1,True,0.22418853406415457
696,698,0.23636363636363636,15.468645622308653,0.19454545454545455,0.2818181818181818,14.168645622308658,16.868645622308648,False,4.9402422997387045,10.931706846846684,1,False,0.02623835821743572
697,699,0.07909090909090909,15.654303378358192,0.07227272727272727,0.09363636363636364,14.754303378358195,17.554303378358185,False,18.310844965979562,24.302309513087543,1,False,1.876359529159743e-05
698,700,0.05545454545454545,4.294560273837007,0.04727272727272727,0.06636363636363636,2.4945602738370054,6.394560273837009,True,3.5880311420143247,9.579495689122304,1,True,0.058197154687650056
699,701,0.06363636363636364,8.438168715385803,0.05545454545454545,0.09090909090909091,7.438168715385807,12.538168715385789,True,3.9126422077593555,9.904106754867335,1,False,0.04792419532579356
700,702,0.37272727272727274,8.751233822127599,0.2909090909090909,0.4818181818181818,6.751233822127596,10.8512338221276,True,0.12621387542228207,6.117678422530261,1,True,0.7223903826495409
701,703,0.2727272727272727,6.509673959673058,0.23636363636363636,0.3,5.409673959673057,7.409673959673059,True,2.833249982790565,8.824714529898543,1,True,0.09233133701389015
702,704,0.1809090909090909,6.107448248612925,0.16454545454545455,0.2,5.207448248612923,6.807448248612926,False,0.7821957522289364,6.773660299336916,1,True,0.3764704408688201
703,705,0.4545454545454546,3.5,0.3181818181818182,0.8181818181818182,0.30000000000000004,8.1,True,0.09540117872722385,6.086865725835203,1,True,0.757419800284306
705,707,0.02090909090909091,8.799355051611865,0.017727272727272727,0.024545454545454544,6.999355051611872,10.29935505161186,False,18.82132278049437,24.81278732760235,1,False,1.4355324610335925e-05
706,708,0.015454545454545453,10.740552915843459,0.013636363636363636,0.017727272727272727,9.440552915843464,11.940552915843455,False,5.362649409101632,11.354113956209611,1,False,0.020572496580043204
707,709,0.2090909090909091,4.410193866765375,0.17,0.24545454545454545,3.010193866765375,5.510193866765375,True,4.470639578347326,10.462104125455305,1,False,0.03448208192474335
709,711,0.15,6.069470427201972,0.13727272727272727,0.16090909090909092,4.969470427201971,7.169470427201974,False,0.44349389080052753,6.434958437908507,1,True,0.5054409059250976
710,712,0.32727272727272727,8.139911327240068,0.3,0.35454545454545455,7.4399113272400665,8.939911327240068,False,0.7536827684799399,6.745147315587919,1,True,0.385312743496666
711,713,0.1890909090909091,10.013211565218601,0.17,0.2090909090909091,9.413211565218603,10.613211565218599,False,1.360852471488238,7.352317018596217,1,True,0.2433897954840454
712,714,0.24545454545454545,8.144484533365427,0.2,0.3,6.744484533365426,9.744484533365428,True,0.056016025927097486,6.0474805730350765,1,True,0.8129073407251723
713,715,0.1481818181818182,7.599476809657301,0.13545454545454547,0.1590909090909091,6.399476809657299,8.799476809657303,False,0.43918327271801855,6.430647819825998,1,True,0.5075169184485087
714,716,0.1590909090909091,10.466554401325286,0.14454545454545453,0.16818181818181818,9.066554401325291,11.466554401325283,False,14.525100025954284,20.51656457306226,1,False,0.00013830449330949656
715,717,0.2272727272727273,11.462360810504203,0.19181818181818183,0.2545454545454545,10.462360810504206,12.2623608105042,True,1.6755131618374248,7.666977708945404,1,True,0.195521716157577
716,718,0.8363636363636364,10.530036468089726,0.6636363636363636,0.8636363636363636,8.630036468089724,10.530036468089726,False,20.808275302249797,26.799739849357778,1,False,5.0763148229770734e-06
717,719,0.015454545454545453,11.950277811898612,0.014090909090909091,0.01863636363636364,10.850277811898616,13.650277811898606,False,10.882152703346506,16.873617250454487,1,False,0.0009709532864622937
718,720,0.13727272727272727,13.393936459433835,0.12636363636363637,0.15,12.19393645943384,14.69393645943383,True,5.52651273363869,11.517977280746669,1,False,0.01873040077179047
719,721,0.16818181818181818,7.577280442537953,0.14636363636363636,0.2090909090909091,5.47728044253796,8.977280442537948,True,11.982645255688038,17.974109802796015,1,False,0.0005369830334137506
720,722,0.8454545454545455,14.888943984074103,0.6545454545454545,1.1,12.98894398407411,16.988943984074098,True,0.6503714098926925,6.641835957000671,1,True,0.4199799221318944
722,724,0.10636363636363637,7.0853903530344216,0.09272727272727273,0.11727272727272728,5.785390353034421,8.385390353034422,False,2.602691099994027,8.594155647102006,1,True,0.106682428294067
723,725,0.7363636363636363,17.691500607644137,0.5545454545454546,0.990909090909091,15.591500607644145,20.09150060764413,True,1.7580637152874692,7.749528262395448,1,True,0.18486621390792682
725,727,1.2181818181818183,17.649997093478333,0.8454545454545455,1.2636363636363637,14.849997093478343,17.649997093478333,False,20.056700197660007,26.048164744767988,1,False,7.517967158401906e-06
726,728,0.3090909090909091,26.33482028921505,0.2727272727272727,0.35454545454545455,25.334820289215035,27.434820289215065,False,1.227462724529992,7.2189272716379715,1,True,0.26790104577781415
727,729,0.5818181818181818,24.380530700701602,0.4727272727272727,0.7,22.88053070070158,25.780530700701622,False,1.3575783282523806,7.349042875360359,1,True,0.24395761971593616
728,730,0.1781818181818182,8.352007164531694,0.16272727272727272,0.2,7.352007164531694,9.052007164531695,True,5.212405979838358,11.203870526946337,1,False,0.022426279483744177
730,732,0.24545454545454545,6.067871686991346,0.2090909090909091,0.2818181818181818,5.067871686991345,7.167871686991346,True,3.2225949627429165,9.214059509850895,1,True,0.07262840945151894
731,733,0.02909090909090909,17.833988332527216,0.025454545454545455,0.03363636363636364,16.233988332527222,19.033988332527212,False,7.755492257268319,13.746956804376298,1,False,0.005354944424178358
732,734,0.025454545454545455,8.879133092258572,0.02181818181818182,0.028181818181818183,7.379133092258577,10.079133092258568,False,24.60404840724612,30.5955129543541,1,False,7.04036708065406e-07
734,736,0.36363636363636365,24.861385624574986,0.3181818181818182,0.4181818181818182,23.76138562457497,26.161385624575004,False,0.2870581361626772,6.278522683270657,1,True,0.592111942872928
735,737,0.014090909090909091,4.0,0.012272727272727272,0.015909090909090907,2.5,5.300000000000001,False,4.698531460126155,10.689996007234134,1,False,0.030188401276317132
738,740,0.015454545454545453,2.6,0.012727272727272728,0.02090909090909091,0.4,5.5,True,2.9187072849298454,8.910171832037825,1,True,0.08755798362622165
739,741,0.03,3.3000000000000003,0.026363636363636363,0.035454545454545454,1.8,4.6000000000000005,True,8.251314121786532,14.24277866889451,1,False,0.004072250960912898
741,743,0.16818181818181818,20.999290605287783,0.1572727272727273,0.1972727272727273,19.899290605287767,22.0992906052878,False,18.23929976572211,24.23076431283009,1,False,1.9481729099735063e-05
742,744,0.06,21.24955320721553,0.05272727272727273,0.06818181818181819,19.949553207215512,22.64955320721555,False,0.2009146371773979,6.192379184285377,1,True,0.6539835879602904
743,745,0.060909090909090906,19.14947738045044,0.05909090909090909,0.07309090909090908,19.14947738045044,21.34947738045047,False,15.709049872694202,21.700514419802182,1,False,7.386989052879516e-05
744,746,0.016363636363636365,11.301740970303415,0.014090909090909091,0.019090909090909092,9.80174097030342,12.80174097030341,False,17.50696124061104,23.49842578771902,1,False,2.8625765309837876e-05
746,748,0.4636363636363636,35.766217408953004,0.39090909090909093,0.5818181818181818,34.466217408952986,37.46621740895303,False,5.977678232756051,11.969142779864029,1,False,0.014488062598841254
747,749,0.4363636363636364,15.786335311195275,0.39090909090909093,0.5181818181818182,14.886335311195278,17.08633531119527,True,2.441829488134627,8.433294035242607,1,True,0.1181383697471592
749,751,0.33636363636363636,25.239515311873753,0.2909090909090909,0.4,24.039515311873735,26.839515311873775,False,2.038837068328997,8.030301615436976,1,True,0.15332682716340715
750,752,0.14636363636363636,8.505246474539025,0.13363636363636364,0.1572727272727273,7.4052464745390285,9.505246474539021,True,7.4342973430249355,13.425761890132915,1,False,0.00639923449891634
753,755,0.012272727272727272,12.348693782588752,0.01,0.015454545454545453,10.14869378258876,14.948693782588743,True,0.14952794076135448,6.140992487869333,1,True,0.6989868837295323
754,756,0.022727272727272728,9.124434314577075,0.01863636363636364,0.02727272727272727,7.324434314577081,11.224434314577067,True,5.369974899682528,11.361439446790506,1,False,0.02048627235606497
756,758,0.02727272727272727,7.6895901338386725,0.023636363636363636,0.02909090909090909,6.189590133838678,8.58959013383867,False,9.364619667707634,15.356084214815613,1,False,0.002212138952174977
757,759,0.4727272727272727,15.691195127382954,0.4181818181818182,0.5363636363636364,14.691195127382958,16.591195127382953,False,10.82523418136533,16.81669872847331,1,False,0.0010012602934609258
758,760,0.04090909090909091,10.004061775686598,0.03363636363636364,0.046363636363636364,8.104061775686604,11.304061775686593,True,0.24975908338859762,6.2412236304965765,1,True,0.6172447653317992
760,762,0.4909090909090909,8.131062016426645,0.4272727272727273,0.609090909090909,7.0310620164266435,9.731062016426646,True,0.1269713945028382,6.118435941610818,1,True,0.7215931029418237
761,763,0.028181818181818183,3.7308323341057017,0.024545454545454544,0.03363636363636364,2.130832334105702,5.430832334105702,True,6.678244864849716,12.669709411957694,1,False,0.009759667690642314
762,764,0.12818181818181817,11.1952878874442,0.1190909090909091,0.1390909090909091,10.195287887444204,12.295287887444196,True,11.72455286916049,17.71601741626847,1,False,0.0006168086681160068
763,765,0.12272727272727273,5.716073085086609,0.10636363636363637,0.13727272727272727,3.916073085086607,7.11607308508661,True,6.139321230745987,12.130785777853966,1,False,0.013220805330235402
764,766,0.11545454545454546,33.80403412437525,0.09272727272727273,0.1390909090909091,31.504034124375217,36.20403412437528,True,5.901843328666471,11.89330787577445,1,False,0.015125047376157282
765,767,0.9636363636363636,30.148082405494083,0.8272727272727273,1.1181818181818182,28.948082405494066,31.2480824054941,False,3.5204991602054947,9.511963707313473,1,True,0.060614189571160715
767,769,0.2545454545454545,10.261624988373372,0.2272727272727273,0.2727272727272727,9.461624988373375,10.76162498837337,False,0.3693101313815844,6.360774678489563,1,True,0.5433805459486916
768,770,0.06636363636363636,10.797874662916591,0.05818181818181818,0.07545454545454545,9.297874662916596,12.297874662916586,False,0.2396768422249193,6.231141389332898,1,True,0.6244396137930852
770,772,0.34545454545454546,4.800000000000001,0.3090909090909091,0.39090909090909093,3.9000000000000004,5.9,False,14.792231879775853,20.783696426883832,1,False,0.00012002892175946353
771,773,0.023636363636363636,8.460780853196987,0.02181818181818182,0.026363636363636363,7.660780853196989,9.560780853196983,True,21.4675200680039,27.45898461511188,1,False,3.5987282458959633e-06
773,775,0.1409090909090909,7.672201182351183,0.13,0.15363636363636363,6.572201182351183,8.872201182351183,False,0.6332683042558054,6.624732851363785,1,True,0.4261590067584542
774,776,0.08363636363636363,14.796165310743492,0.07636363636363636,0.09545454545454546,13.696165310743496,16.296165310743486,False,3.4958528649305736,9.487317412038553,1,True,0.06152271119460217
775,777,0.2272727272727273,25.682874129013303,0.1781818181818182,0.2636363636363636,24.182874129013282,26.582874129013316,False,0.39386297738547194,6.385327524493451,1,True,0.5302758139918334
776,778,0.8636363636363636,32.82299921422349,0.7090909090909091,1.0363636363636364,31.322999214223472,34.12299921422351,False,2.279742861167806,8.271207408275785,1,True,0.13107360343548258
777,779,0.2272727272727273,33.78141578809752,0.19454545454545455,0.2636363636363636,32.98141578809751,34.78141578809753,False,1.012797259313639,7.004261806421618,1,True,0.3142336336665654
778,780,0.05545454545454545,14.30545374664402,0.04818181818181819,0.06454545454545454,12.805453746644025,16.005453746644015,True,1.1108858336471052,7.102350380755084,1,True,0.2918894690169622
779,781,0.24545454545454545,8.004330273253384,0.19454545454545455,0.2909090909090909,6.4043302732533816,9.404330273253384,True,4.809088416116762,10.800552963224742,1,False,0.028310017118807634
780,782,0.03,8.14001966402588,0.026363636363636363,0.035454545454545454,6.6400196640258855,9.540019664025875,False,16.405090346235415,22.396554893343392,1,False,5.114768791406557e-05
781,783,0.8545454545454546,12.578264382458105,0.6909090909090909,1.0181818181818183,10.97826438245811,13.8782643824581,False,3.73167993781685,9.723144484924829,1,True,0.053389670960349515
782,784,0.8727272727272728,15.440117484005022,0.6545454545454545,1.2,13.24011748400503,17.840117484005013,True,1.5935492246286023,7.585013771736581,1,True,0.20681978069235077
783,785,0.056363636363636366,4.653543314987032,0.05,0.06272727272727273,3.553543314987031,5.853543314987033,True,8.79339813371106,14.784862680819039,1,False,0.003023225843047386
784,786,0.010454545454545454,9.748006293740783,0.01,0.013181818181818182,9.048006293740785,11.948006293740775,True,0.09599494224024091,6.08745948934822,1,True,0.7566898521683898
785,787,0.24545454545454545,11.431020802183967,0.2181818181818182,0.2818181818181818,10.73102080218397,12.431020802183964,False,0.06002355889863194,6.051488106006611,1,True,0.8064587085895564
786,788,0.3090909090909091,8.251355908916157,0.2818181818181818,0.33636363636363636,7.5513559089161575,8.851355908916158,True,2.1366406126204476,8.128105159728428,1,True,0.14381652386609087
787,789,0.4,0.1,0.38181818181818183,0.5909090909090908,0.0,3.3000000000000003,True,3.137080174760904,9.128544721868883,1,True,0.0765306997311588
788,790,0.07,5.040243029643932,0.06272727272727273,0.07863636363636364,3.6402430296439308,6.440243029643933,True,8.305606126352231,14.29707067346021,1,False,0.003952289008111868
789,791,0.2272727272727273,11.865741410740366,0.1972727272727273,0.2545454545454545,11.065741410740369,12.665741410740363,True,3.106762256337756,9.098226803445735,1,True,0.07796780969362378
790,792,0.14636363636363636,7.29586787878441,0.13,0.16272727272727272,5.695867878784409,8.995867878784411,True,5.113105009764026,11.104569556872004,1,False,0.023745786112732554
791,793,0.3,11.775573543070763,0.2636363636363636,0.32727272727272727,10.775573543070767,12.47557354307076,False,0.42193933525974026,6.413403882367719,1,True,0.5159709365696263
792,794,0.08909090909090908,42.77536551450885,0.08363636363636363,0.09818181818181819,42.77536551450885,43.57536551450886,False,130.45513738628318,136.44660193339115,1,False,3.258132587696665e-30
793,795,0.2727272727272727,23.165222010313936,0.23636363636363636,0.3090909090909091,22.06522201031392,24.16522201031395,False,0.35807926064411716,6.349543807752096,1,True,0.5495749048159537
795,797,0.15545454545454546,17.904763762190832,0.1409090909090909,0.17,16.404763762190836,19.204763762190826,True,7.302517415550736,13.293981962658716,1,False,0.006885806826483765
798,800,0.011818181818181818,4.377524448064054,0.01,0.014090909090909091,2.6775244480640543,6.377524448064054,False,5.9557524550232035,11.947217002131183,1,False,0.014669340442285166
799,801,0.2545454545454545,10.066575422963362,0.2181818181818182,0.2818181818181818,9.066575422963366,10.86657542296336,False,1.1153360469790694,7.106800594087049,1,True,0.2909249447281792
800,802,0.18636363636363637,4.733259715267388,0.16454545454545455,0.2272727272727273,3.5332597152673886,6.033259715267388,True,7.345992517077226,13.337457064185205,1,False,0.00672124141911633
801,803,0.014545454545454545,18.05334912590483,0.014090909090909091,0.019090909090909092,17.753349125904826,20.85334912590487,False,15.293127025025886,21.284591572133863,1,False,9.205082297444108e-05
802,804,0.4545454545454546,9.382767752113939,0.37272727272727274,0.5818181818181818,7.6827677521139375,11.38276775211394,True,2.0422891387689113,8.03375368587689,1,True,0.15297928124091573
803,805,0.04818181818181819,15.63868244122389,0.04090909090909091,0.05909090909090909,13.738682441223897,17.83868244122388,False,7.197122409014462,13.18858695612244,1,False,0.0073020576271838195
804,806,0.35454545454545455,8.184237493062287,0.3181818181818182,0.39090909090909093,7.284237493062285,9.184237493062287,True,0.04001679463891167,6.031481341746891,1,True,0.8414477476014965
805,807,0.10272727272727274,11.16616468050038,0.09181818181818181,0.11363636363636363,10.166164680500383,12.366164680500376,True,30.755131966639087,36.746596513747065,1,False,2.92728632903256e-08
806,808,0.3,9.9732556651545,0.2818181818181818,0.32727272727272727,9.473255665154502,10.573255665154498,False,6.170565030439849,12.162029577547827,1,False,0.012989311633544182
807,809,0.10090909090909092,11.02294595141058,0.08727272727272727,0.11,9.622945951410586,12.122945951410577,False,0.09094325568608445,6.082407802794063,1,True,0.7629814088991824
808,810,0.01,11.133666947272546,0.01,0.011818181818181818,10.733666947272548,12.73366694727254,False,4.065936188388319,10.057400735496298,1,False,0.04375642377479927
809,811,0.011818181818181818,8.431895446756927,0.01,0.014545454545454545,6.831895446756933,10.63189544675692,False,7.778871281429426,13.770335828537405,1,False,0.005286081437869037
810,812,0.10090909090909092,9.472476204017438,0.08181818181818182,0.12090909090909091,7.472476204017445,11.67247620401743,True,2.8434084438728964,8.834872990980875,1,True,0.09174940504599187
811,813,0.12272727272727273,10.580687851565436,0.11,0.13545454545454547,9.180687851565441,11.880687851565432,False,4.211718537498504,10.203183084606483,1,False,0.04014564524942872
812,814,1.009090909090909,12.289632693338122,0.8636363636363636,1.1545454545454545,11.089632693338121,13.189632693338122,False,28.481140423832056,34.47260497094003,1,False,9.461564666422242e-08
813,815,0.07772727272727273,13.433425101689139,0.07036363636363636,0.08636363636363636,12.333425101689143,14.633425101689134,False,0.27799968489136684,6.269464231999346,1,True,0.5980153012560792
815,817,0.07363636363636364,23.182078433342593,0.06454545454545454,0.08545454545454545,21.58207843334257,24.98207843334262,False,9.104823772920387,15.096288320028366,1,False,0.002549362776523343
816,818,0.509090909090909,23.88328613448553,0.44545454545454544,0.609090909090909,22.683286134485513,25.28328613448555,False,7.619792468027856,13.611257015135834,1,False,0.0057731131282125845
817,819,0.045454545454545456,14.0549051370365,0.03909090909090909,0.05090909090909091,12.454905137036505,15.454905137036494,False,9.823238775290072,15.814703322398051,1,False,0.0017232063022155845
818,820,0.2909090909090909,11.433397996789543,0.2636363636363636,0.3181818181818182,10.733397996789545,12.23339799678954,False,0.6137778861762619,6.605242433284241,1,True,0.4333689047824394
819,821,0.2818181818181818,4.2,0.23636363636363636,0.3181818181818182,2.8000000000000003,5.2,True,2.669501389360142,8.66096593646812,1,True,0.10228806465386206
820,822,1.4,4.4002816364369455,1.1272727272727274,1.4,2.7002816364369453,4.900281636436945,False,11.251178310422517,17.242642857530498,1,False,0.0007957248593740118
821,823,0.03727272727272728,18.009521442278306,0.030909090909090907,0.04272727272727273,16.509521442278285,19.509521442278327,False,12.410915613807996,18.402380160915975,1,False,0.00042683153648246893
823,825,0.026363636363636363,7.923073353566647,0.023636363636363636,0.02909090909090909,6.823073353566651,9.023073353566643,False,6.75640035511027,12.74786490221825,1,False,0.009341200820816183
824,826,0.4909090909090909,9.005818491679399,0.4272727272727273,0.5909090909090908,7.905818491679403,10.305818491679394,True,0.03895876494568435,6.030423312053664,1,True,0.8435303765798289
825,827,0.05545454545454545,7.6414602718237274,0.04727272727272727,0.06545454545454546,6.041460271823726,9.441460271823729,False,3.162266750773164,9.153731297881142,1,True,0.0753584798331361
826,828,0.031818181818181815,7.272633529882757,0.028181818181818183,0.038181818181818185,6.072633529882756,8.872633529882759,False,0.33128817842445746,6.322752725532436,1,True,0.5649015446854699
828,830,0.06818181818181819,16.54899327451994,0.06454545454545454,0.07727272727272727,15.948993274519932,18.04899327451996,False,27.377978236138173,33.36944278324615,1,False,1.6732590558488279e-07
829,831,0.06545454545454546,14.031821542863415,0.05909090909090909,0.07418181818181818,12.93182154286342,15.63182154286341,False,1.5836675220658196,7.575132069173799,1,True,0.20823320650237087
830,832,0.09636363636363636,14.024662784674753,0.08454545454545455,0.10636363636363637,12.624662784674758,15.124662784674749,True,33.371299869854674,39.362764416962655,1,False,7.613932821769327e-09
831,833,0.09272727272727273,5.038487434950375,0.08090909090909092,0.10636363636363637,3.438487434950374,6.4384874349503765,False,3.593481965918147,9.584946513026125,1,True,0.0580065837816731
832,834,0.010454545454545454,10.733039885212694,0.01,0.011818181818181818,10.233039885212696,11.93303988521269,False,103.75545886260176,109.74692340970974,1,False,2.288935591323426e-24
833,835,0.045454545454545456,20.751141483366197,0.04272727272727273,0.05272727272727273,19.951141483366186,22.551141483366223,False,13.033468102450225,19.024932649558203,1,False,0.0003059734024707571
834,836,0.023636363636363636,8.766281469347096,0.02090909090909091,0.026363636363636363,7.6662814693470995,9.866281469347092,False,8.045739106623444,14.037203653731423,1,False,0.0045610805728601815
835,837,0.03,4.016025408158962,0.02727272727272727,0.03636363636363636,2.8160254081589606,5.716025408158963,False,13.57519956113217,19.566664108240147,1,False,0.0002291936204887216
836,838,0.14636363636363636,24.478433357415238,0.13363636363636364,0.16090909090909092,23.17843335741522,25.97843335741526,False,6.0968754470278865,12.088339994135865,1,False,0.013542111962268498
837,839,0.2545454545454545,3.5,0.2272727272727273,0.2909090909090909,2.7,4.5,True,2.9608745900645213,8.952339137172501,1,True,0.08530178928004169
838,840,0.09272727272727273,10.261022794326195,0.07954545454545454,0.11,8.6610227943262,12.261022794326188,True,8.557225862652434,14.548690409760413,1,False,0.0034415345250926837
839,841,0.16818181818181818,7.518854956781691,0.15545454545454546,0.2,6.218854956781696,8.918854956781686,True,18.337930018224654,24.329394565332635,1,False,1.8498721776779374e-05
840,842,0.02909090909090909,13.266178323899329,0.023636363636363636,0.03909090909090909,10.766178323899338,16.06617832389932,True,1.6624036401665185,7.653868187274497,1,True,0.1972791014608589
841,843,0.016363636363636365,10.992676191641563,0.014545454545454545,0.01863636363636364,9.792676191641567,12.292676191641558,False,16.52084562990114,22.51231017700912,1,False,4.8118142995851775e-05
842,844,0.2181818181818182,13.586426727765664,0.18363636363636365,0.2545454545454545,12.486426727765668,14.68642672776566,False,6.997399872542193,12.988864419650172,1,False,0.008162819665270868
843,845,0.5181818181818182,7.112295932692397,0.4363636363636364,0.6363636363636364,5.812295932692397,8.612295932692398,False,9.002138017735602,14.993602564843581,1,False,0.0026966394814554617
844,846,0.01,20.233242435260074,0.01,0.013181818181818182,19.633242435260065,23.033242435260114,False,5.41228117658696,11.40374572369494,1,False,0.019995569701166994
845,847,0.23636363636363636,10.230812368709561,0.2181818181818182,0.2636363636363636,9.730812368709563,11.030812368709558,False,1.1715606957721232,7.163025242880102,1,True,0.2790807914953194
846,848,0.5636363636363636,14.177062202541803,0.4818181818181818,0.6909090909090909,12.977062202541807,15.777062202541797,False,0.14736965059579843,6.138834197703778,1,True,0.701061794790212
847,849,0.07054545454545455,13.828985969707611,0.06272727272727273,0.07954545454545454,12.428985969707616,15.228985969707606,False,0.31682821644343795,6.308292763551417,1,True,0.5735200346315448
848,850,0.12636363636363637,5.67962048155531,0.11545454545454546,0.1390909090909091,4.479620481555309,6.979620481555311,True,9.227294324330398,15.218758871438377,1,False,0.0023843372752381303
849,851,0.04090909090909091,10.894977080633536,0.034545454545454546,0.04727272727272727,9.194977080633542,12.69497708063353,False,5.8502130443567335,11.841677591464713,1,False,0.015575165552159908
850,852,0.017272727272727273,12.491918123796939,0.014090909090909091,0.02,10.491918123796946,14.191918123796933,False,14.395402537248241,20.38686708435622,1,False,0.00014816360430151598
851,853,0.06454545454545454,15.178702993581947,0.057272727272727274,0.07054545454545455,13.778702993581952,16.178702993581943,False,12.700705078831932,18.69216962593991,1,False,0.00036551773000024427
852,854,0.060909090909090906,15.004887296270281,0.05090909090909091,0.07054545454545455,13.104887296270288,16.704887296270275,True,4.536970121892135,10.528434669000113,1,False,0.03317025442972062
853,855,0.07336363636363635,4.383393630728721,0.06545454545454546,0.08272727272727273,2.983393630728719,5.883393630728722,True,6.4686821177789,12.460146664886878,1,False,0.010979191972736198
854,856,0.2727272727272727,8.399416278621922,0.24545454545454545,0.3,7.499416278621926,9.09941627862192,True,6.930413682119526,12.921878229227506,1,False,0.008474208554993331
855,857,0.10727272727272727,9.630710160002065,0.09454545454545454,0.1190909090909091,8.43071016000207,11.13071016000206,True,11.698692088941508,17.690156636049487,1,False,0.0006254404460092248
856,858,0.16454545454545455,11.057857195518151,0.15545454545454546,0.18636363636363637,10.057857195518155,12.157857195518147,True,1.3687883847999838,7.360252931907963,1,True,0.24202016505941698
857,859,0.1390909090909091,7.007386145925183,0.12818181818181817,0.1481818181818182,6.0073861459251825,7.907386145925184,True,6.394053741886294,12.385518288994273,1,False,0.01145032487445893
858,860,0.02090909090909091,8.204272520591893,0.01818181818181818,0.025454545454545455,6.904272520591892,10.104272520591895,True,0.19499681593828716,6.186461363046266,1,True,0.6587899471383045
859,861,0.010454545454545454,12.47840898487227,0.01,0.012727272727272728,11.878408984872273,14.378408984872264,False,7.777873094528847,13.769337641636826,1,False,0.0052890030699071205
860,862,0.057272727272727274,10.055663731439651,0.05,0.06454545454545454,8.655663731439656,11.355663731439646,True,4.2881221716060525,10.279586718714032,1,False,0.03837953248570684
861,863,0.04181818181818182,8.848069008247858,0.030909090909090907,0.05818181818181818,6.248069008247867,12.348069008247846,True,0.8482535560176188,6.839718103125598,1,True,0.35704686820161347
862,864,0.019090909090909092,14.16627256416132,0.015,0.023636363636363636,11.866272564161328,16.366272564161314,False,9.117459662160108,15.108924209268087,1,False,0.002531813019969327
863,865,0.13363636363636364,9.608220441049092,0.11363636363636363,0.15181818181818182,7.3082204410491,11.408220441049085,True,1.3593306080023972,7.350795155110376,1,True,0.24365352674481777
864,866,0.011363636363636364,10.79154400428719,0.01,0.012727272727272728,9.591544004287194,11.891544004287185,False,0.076581850714187,6.068046397822166,1,True,0.7819841630590976
865,867,0.026363636363636363,14.682581369711022,0.022727272727272728,0.03,12.982581369711028,16.182581369711016,False,11.652163099679345,17.643627646787323,1,False,0.0006412792390871921
866,868,0.028181818181818183,3.7,0.026363636363636363,0.030909090909090907,2.9000000000000004,4.7,True,3.01340941437239,9.004873961480369,1,True,0.08257843078354937
867,869,0.015,15.638928649462773,0.012727272727272728,0.01863636363636364,13.73892864946278,17.638928649462766,False,11.033777106175854,17.025241653283835,1,False,0.0008946667408307561
868,870,0.4272727272727273,4.9,0.33636363636363636,0.5909090909090908,3.0,7.4,True,2.139103464520192,8.13056801162817,1,True,0.14358578297493543
869,871,0.06636363636363636,9.550564428928613,0.057272727272727274,0.07545454545454545,7.850564428928619,11.150564428928607,False,0.01802480885443365,6.009489355962413,1,True,0.8931997465957048
870,872,0.23636363636363636,2.8000000000000003,0.19181818181818183,0.2636363636363636,1.4000000000000001,3.7,True,1.1161558244082004,7.107620371516179,1,True,0.2907477126907493
871,873,0.01818181818181818,5.428614554842573,0.014545454545454545,0.023636363636363636,3.328614554842572,8.028614554842576,False,5.8001093792765985,11.791573926384578,1,False,0.016025177621359587
872,874,0.2818181818181818,3.6,0.23636363636363636,0.32727272727272727,2.3000000000000003,4.800000000000001,True,3.7890156144485454,9.780480161556525,1,True,0.05158998058619354
873,875,0.36363636363636365,7.323399959220337,0.33636363636363636,0.4,6.523399959220336,8.023399959220338,True,0.27004402475089934,6.2615085718588785,1,True,0.6033022416522383
874,876,0.014090909090909091,7.950295811882768,0.012272727272727272,0.016363636363636365,6.3502958118827735,9.650295811882762,False,20.997708945095937,26.989173492203918,1,False,4.598329177120629e-06
876,878,0.07636363636363636,4.80649287163972,0.06818181818181819,0.08636363636363636,3.506492871639719,6.306492871639721,True,7.601610857213698,13.593075404321677,1,False,0.005831617614762111
877,879,0.11545454545454546,7.313095328936846,0.1,0.13,5.413095328936853,8.91309532893684,True,14.860181287157118,20.8516458342651,1,False,0.0001157814074355122
878,880,0.014545454545454545,8.85204571295308,0.013636363636363636,0.01681818181818182,8.052045712953083,10.152045712953075,False,10.926250291002592,16.91771483811057,1,False,0.0009481119597057942
880,882,0.10181818181818182,10.478220878537895,0.08909090909090908,0.11181818181818182,9.2782208785379,11.678220878537891,False,0.271112648453694,6.262577195561673,1,True,0.6025863731185979
881,883,0.14636363636363636,5.885833268046544,0.13363636363636364,0.16272727272727272,4.685833268046543,7.485833268046545,True,3.198752654961795,9.190217202069775,1,True,0.07369445614131974
882,884,0.019090909090909092,12.103790481105111,0.01681818181818182,0.02181818181818182,11.103790481105115,13.503790481105106,False,25.719746248689024,31.711210795797,1,False,3.947671250398055e-07
883,885,0.05818181818181818,13.572462532660094,0.05090909090909091,0.06727272727272728,12.372462532660098,15.272462532660088,False,17.168025592446988,23.15949013955497,1,False,3.4214712166796626e-05
884,886,0.16090909090909092,11.98910300552921,0.14636363636363636,0.1809090909090909,10.589103005529214,13.289103005529205,True,6.225364312704459,12.216828859812438,1,False,0.012593299502712426
885,887,0.10818181818181818,5.887796423927801,0.09636363636363636,0.12454545454545454,4.4877964239278,7.687796423927803,True,13.486998483601933,19.47846303070991,1,False,0.00024022214904171571
886,888,0.028181818181818183,11.243708216479428,0.024545454545454544,0.03363636363636364,9.643708216479434,12.843708216479422,True,2.774586054562275,8.766050601670255,1,True,0.09577141354244159
887,889,0.012272727272727272,8.574322092619502,0.010454545454545454,0.013636363636363636,7.074322092619507,9.774322092619498,False,28.595974638566982,34.58743918567496,1,False,8.916735450797493e-08
888,890,0.5727272727272728,6.6000000000000005,0.4090909090909091,0.7,3.9000000000000004,8.0,False,14.089033301220228,20.080497848328207,1,False,0.00017435740436363476
889,891,0.8090909090909091,8.6,0.6272727272727272,0.8272727272727273,6.4,8.6,False,14.222771579128187,20.214236126236166,1,False,0.00016239343182272798
890,892,0.06181818181818182,10.23776491205786,0.053636363636363635,0.07,8.737764912057866,11.637764912057856,True,15.996295897895195,21.987760445003175,1,False,6.346653588724264e-05
891,893,0.01818181818181818,10.477803899225185,0.015,0.02181818181818182,8.577803899225191,12.277803899225178,True,3.0936390205672595,9.085103567675239,1,True,0.07859885073611189
892,894,0.010454545454545454,10.530166796350029,0.01,0.012272727272727272,9.930166796350031,11.930166796350024,False,20.83683250811952,26.8282970552275,1,False,5.0011866686277785e-06
893,895,0.01818181818181818,7.570896958168892,0.016363636363636365,0.02,6.570896958168891,8.570896958168893,False,7.566627276042073,13.558091823150052,1,False,0.005945894531537643
894,896,0.04,11.256206147715272,0.034545454545454546,0.045454545454545456,9.856206147715277,12.756206147715266,True,0.5002572901336595,6.491721837241639,1,True,0.4793870929532468
895,897,0.04727272727272727,14.134115728214079,0.04272727272727273,0.053636363636363635,12.934115728214083,15.634115728214073,True,5.009538783113594,11.001003330221572,1,False,0.025208022318397312
896,898,0.028181818181818183,4.47746454388201,0.025454545454545455,0.031818181818181815,3.277464543882009,5.777464543882012,True,12.794446063099945,18.785910610207925,1,False,0.0003476499072112166
897,899,0.37272727272727274,6.218144316167728,0.34545454545454546,0.4090909090909091,5.518144316167727,7.018144316167729,True,0.4415246669971592,6.432989214105138,1,True,0.5063874800928266
898,900,0.017727272727272727,4.444598895745872,0.015,0.02,2.8445988957458708,5.744598895745873,False,12.843620646125817,18.835085193233795,1,False,0.00033863174102371764
899,901,0.3181818181818182,6.297144223925665,0.2727272727272727,0.37272727272727274,5.097144223925664,7.497144223925666,True,1.8769870086935665,7.8684515558015455,1,True,0.1706769893536913
900,902,0.15181818181818182,6.322475207858329,0.1390909090909091,0.16636363636363638,5.1224752078583276,7.8224752078583295,True,9.063667647604978,15.055132194712957,1,False,0.002607384529622104
901,903,0.013181818181818182,9.053910729575113,0.011818181818181818,0.014545454545454545,7.853910729575118,10.253910729575109,False,13.086010115262049,19.07747466237003,1,False,0.00029750936012854905
902,904,0.014545454545454545,8.752427312447658,0.013181818181818182,0.016363636363636365,7.552427312447662,9.952427312447654,False,23.272455074198398,29.26391962130638,1,False,1.4059924912621094e-06
903,905,0.01818181818181818,9.17701970258959,0.015454545454545453,0.02181818181818182,7.677019702589595,11.077019702589583,False,9.115050539567719,15.106515086675698,1,False,0.002535149519909687
904,906,0.012272727272727272,8.488138796356367,0.010454545454545454,0.014090909090909091,6.988138796356372,10.088138796356361,False,8.593505303800137,14.584969850908116,1,False,0.003373639970774911
905,907,0.09636363636363636,7.775853033494338,0.08272727272727273,0.11,6.275853033494337,9.27585303349434,False,1.9812382423700723,7.972702789478051,1,True,0.15926002127775074
906,908,0.015,14.701754401190243,0.012727272727272728,0.01818181818181818,12.80175440119025,16.40175440119024,False,11.69203306931349,17.68349761642147,1,False,0.0006276827683245196
907,909,0.031818181818181815,4.068960479000312,0.02909090909090909,0.038181818181818185,3.268960479000312,5.668960479000312,True,9.259632025390932,15.251096572498911,1,False,0.002342600850318941
908,910,0.16454545454545455,11.990711960306905,0.15545454545454546,0.1781818181818182,10.990711960306909,12.790711960306902,True,19.68233177777815,25.673796324886126,1,False,9.144292774748205e-06
909,911,0.013181818181818182,3.2,0.011363636363636364,0.015454545454545453,1.7000000000000002,5.0,True,1.7583678590451757,7.749832406153155,1,True,0.18482822461768544
910,912,0.04,4.939898068473567,0.034545454545454546,0.045454545454545456,3.4398980684735676,6.2398980684735665,True,3.528860443625831,9.52032499073381,1,True,0.060309225094843856
911,913,0.4636363636363636,13.325980773051304,0.4,0.5454545454545454,12.025980773051309,14.5259807730513,True,0.22068312523587713,6.212147672343856,1,True,0.638519903490364
912,914,0.017272727272727273,9.866456673103313,0.015909090909090907,0.019090909090909092,9.066456673103316,10.86645667310331,False,32.117351602844046,38.10881614995203,1,False,1.4513525880501577e-08
913,915,0.049090909090909095,10.95005364359844,0.045454545454545456,0.05454545454545455,10.050053643598444,12.050053643598437,False,10.611606988662391,16.60307153577037,1,False,0.001123799789289102
914,916,0.15363636363636363,3.8077090014470967,0.1390909090909091,0.16454545454545455,2.407709001447097,4.907709001447096,True,12.868265909689077,18.859730456797056,1,False,0.00033420114481550936
916,918,0.2272727272727273,14.205386582196192,0.2090909090909091,0.2545454545454545,13.705386582196194,15.10538658219619,False,2.3070123456228413,8.29847689273082,1,True,0.1287913871114362
917,919,0.011818181818181818,9.613644236260468,0.01,0.014090909090909091,7.913644236260474,11.61364423626046,False,10.443410040621615,16.434874587729595,1,False,0.0012308781462880218
919,921,0.04454545454545455,4.404115398235477,0.04,0.049090909090909095,3.304115398235477,5.604115398235477,True,3.788942841935734,9.780407389043713,1,True,0.05159222369292921
920,922,0.12272727272727273,8.313103218786285,0.11181818181818182,0.1390909090909091,7.01310321878629,10.013103218786279,False,22.947990083312487,28.939454630420464,1,False,1.6644414642600895e-06
921,923,0.12818181818181817,7.579002936072278,0.10636363636363637,0.15,5.079002936072276,9.67900293607228,False,0.32263207457361964,6.314096621681599,1,True,0.5700301415653577
922,924,0.2181818181818182,2.9000000000000004,0.16818181818181818,0.2636363636363636,1.2000000000000002,4.3,True,2.6421610097761263,8.633625556884105,1,True,0.10406190823371467
923,925,0.16636363636363638,7.906107422751541,0.15,0.2,6.206107422751547,9.206107422751536,True,12.254885173561068,18.246349720669045,1,False,0.00046404170670384903
924,926,0.01,14.245588919129197,0.01,0.01090909090909091,13.945588919129198,15.145588919129194,False,26.45232803856264,32.44379258567062,1,False,2.7012273174600504e-07
925,927,0.16272727272727272,3.7,0.15363636363636363,0.17545454545454547,2.8000000000000003,4.5,False,3.0847882925999848,9.076252839707964,1,True,0.07902754883580718
926,928,0.015,3.78105192823619,0.014090909090909091,0.016363636363636365,2.98105192823619,4.58105192823619,False,12.170348292469534,18.161812839577514,1,False,0.00048555238813903934
927,929,0.01,14.959773460029165,0.01,0.01090909090909091,14.659773460029166,15.859773460029162,False,32.743535608096025,38.735000155204006,1,False,1.05155430525809e-08
928,930,0.3090909090909091,13.116236081772703,0.2818181818181818,0.33636363636363636,12.416236081772706,13.716236081772701,False,0.779740849060229,6.771205396168208,1,True,0.3772204090682202
929,931,0.02909090909090909,9.456047798674794,0.024545454545454544,0.03636363636363636,7.456047798674801,11.556047798674786,True,0.5914476741012304,6.5829122212092095,1,True,0.4418598575121546
930,932,0.01681818181818182,7.21650411319634,0.014545454545454545,0.019545454545454546,5.616504113196346,8.616504113196335,False,13.149376795198656,19.140841342306636,1,False,0.00028761488890845834
931,933,0.023636363636363636,4.0914630436138655,0.019090909090909092,0.028181818181818183,1.991463043613864,6.091463043613868,True,6.60905019743757,12.60051474454555,1,False,0.010146176432881017
932,934,0.3,9.269302369394358,0.2727272727272727,0.3181818181818182,8.369302369394362,9.769302369394357,False,0.49937086746239323,6.490835414570372,1,True,0.4797766880573179
933,935,0.01818181818181818,5.343949489204906,0.015909090909090907,0.02181818181818182,3.9439494892049045,7.243949489204907,False,10.169166462523188,16.160631009631167,1,False,0.001428088239395159
934,936,0.2272727272727273,5.479302100402522,0.2090909090909091,0.2545454545454545,4.879302100402523,6.279302100402523,False,2.211380047246309,8.20284459435429,1,True,0.1369960697957874
935,937,0.060909090909090906,8.523083529477203,0.053636363636363635,0.07163636363636364,7.323083529477207,10.523083529477196,True,3.392287909289413,9.383752456397392,1,True,0.06550200008497731
936,938,0.015909090909090907,9.569655383267001,0.014090909090909091,0.01818181818181818,8.169655383267006,10.869655383266997,False,21.154419821367068,27.145884368475045,1,False,4.23722908329399e-06
937,939,0.13181818181818183,11.26827056135117,0.11545454545454546,0.14272727272727273,9.568270561351175,12.168270561351166,True,12.412598292211214,18.404062839319195,1,False,0.00042644710779166323
938,940,0.1409090909090909,10.187101597138302,0.12636363636363637,0.15363636363636363,8.687101597138307,11.387101597138297,True,12.38462184895081,18.37608639605879,1,False,0.0004328842970480124
939,941,0.1390909090909091,10.107500377393022,0.12636363636363637,0.15181818181818182,8.707500377393027,11.307500377393017,True,15.477913844180819,21.4693783912888,1,False,8.347495383570758e-05
940,942,0.02181818181818182,10.066814253742434,0.01863636363636364,0.026363636363636363,8.56681425374244,11.966814253742427,True,4.044365789675863,10.035830336783842,1,False,0.04431902853454001
941,943,0.028181818181818183,3.435842257949012,0.025454545454545455,0.031818181818181815,2.335842257949012,4.835842257949012,True,13.223037231063042,19.21450177817102,1,False,0.0002765291505052895
942,944,0.13363636363636364,8.584350442152441,0.11727272727272728,0.15,6.784350442152448,10.184350442152436,True,1.552019971126289,7.543484518234268,1,True,0.2128374860255781
944,946,0.01818181818181818,6.01246516532524,0.015,0.022727272727272728,4.212465165325239,8.112465165325244,True,4.542770997894546,10.534235545002524,1,False,0.033058036619985444
945,947,0.34545454545454546,12.137072192177484,0.3090909090909091,0.38181818181818183,11.237072192177488,13.037072192177481,True,0.1641804852133771,6.155645032321356,1,True,0.6853364499980749
946,948,1.0545454545454547,10.44151598266085,0.7545454545454545,1.1181818181818182,7.54151598266085,10.74151598266085,False,5.233725430149318,11.225189977257298,1,False,0.02215303456999463
947,949,0.1190909090909091,8.984455088847035,0.10272727272727274,0.13363636363636364,7.084455088847042,10.48445508884703,True,8.28762357504475,14.279088122152729,1,False,0.003991619172749758
948,950,0.03,5.9489309151674625,0.026363636363636363,0.038181818181818185,4.348930915167461,7.948930915167464,False,8.043299770893478,14.034764318001457,1,False,0.0045672264860861945
950,952,0.015454545454545453,12.522458466106626,0.013636363636363636,0.017727272727272727,11.12245846610663,13.822458466106621,False,42.66165330846711,48.65311785557509,1,False,6.507558442341374e-11
951,953,0.35454545454545455,4.896733325360754,0.3181818181818182,0.38181818181818183,4.096733325360753,5.596733325360753,True,0.2315659109328893,6.223030458040868,1,True,0.6303651522361934
952,954,0.15545454545454546,9.549529496842657,0.13545454545454547,0.16818181818181818,7.749529496842664,10.849529496842653,True,4.613438268873786,10.604902815981765,1,False,0.031722368889707725
953,955,0.8,8.3,0.5545454545454546,0.8272727272727273,5.2,8.3,False,8.129275758355615,14.120740305463594,1,False,0.004355614234107239
954,956,0.034545454545454546,4.0,0.02909090909090909,0.04,2.5,5.300000000000001,True,2.385234688582398,8.376699235690378,1,True,0.12248649633733459
955,957,0.06272727272727273,9.056231479395612,0.05545454545454545,0.06909090909090909,7.756231479395616,10.156231479395608,False,19.515196149597443,25.506660696705424,1,False,9.98025660664347e-06
957,959,0.02727272727272727,8.187880569320633,0.024545454545454544,0.031818181818181815,6.987880569320637,9.987880569320627,False,10.72746395225328,16.71892849936126,1,False,0.0010555701670376203
958,960,0.015454545454545453,8.444929754705479,0.013181818181818182,0.01863636363636364,6.644929754705485,10.144929754705473,False,13.79336057954788,19.78482512665586,1,False,0.00020405608006193016
960,962,0.05909090909090909,6.425165264073311,0.05181818181818182,0.07036363636363636,5.225165264073315,8.425165264073303,True,8.503953943215743,14.495418490323722,1,False,0.003543755776922675
961,963,0.01863636363636364,11.632472232917666,0.015909090909090907,0.022727272727272728,10.032472232917671,13.532472232917659,False,16.737211617724423,22.7286761648324,1,False,4.293065077127747e-05
962,964,0.02181818181818182,6.6470299135375495,0.01863636363636364,0.024545454545454544,5.047029913537548,7.8470299135375505,False,12.562030548316383,18.55349509542436,1,False,0.00039366377079199527
963,965,0.05545454545454545,10.752664393637813,0.04727272727272727,0.06454545454545454,9.152664393637819,12.352664393637808,True,8.785286190939571,14.77675073804755,1,False,0.0030366991974880107
964,966,0.03636363636363636,3.805197337059033,0.030909090909090907,0.04272727272727273,2.3051973370590315,5.405197337059034,True,7.3424130724465675,13.333877619554546,1,False,0.006734637571760231
965,967,0.32727272727272727,3.5,0.3,0.35454545454545455,2.8000000000000003,4.1000000000000005,False,1.7109451333906256,7.702409680498604,1,True,0.19086279018551155
966,968,0.16818181818181818,8.468132888589778,0.1572727272727273,0.2,7.368132888589777,9.668132888589778,True,2.4947636668869677,8.486228213994947,1,True,0.11422552179004813
967,969,0.049090909090909095,4.6061188070738375,0.04454545454545455,0.056363636363636366,3.506118807073838,5.906118807073837,False,2.580531969293403,8.571996516401382,1,True,0.10818529847065624
968,970,0.04181818181818182,6.573013276133311,0.03727272727272728,0.04818181818181819,5.473013276133315,8.373013276133305,False,6.8543586414129996,12.845823188520978,1,False,0.008842529183263496
969,971,0.02727272727272727,6.9049065679685055,0.022727272727272728,0.03272727272727273,5.004906567968504,8.604906567968508,True,3.75188102675936,9.74334557386734,1,True,0.0527481193278219
970,972,0.046363636363636364,3.2114796983727443,0.04,0.05454545454545455,1.5114796983727448,5.111479698372744,True,5.769819862595225,11.761284409703205,1,False,0.01630370565087648
971,973,0.13181818181818183,10.301521078792565,0.1190909090909091,0.1409090909090909,9.00152107879257,11.301521078792561,False,31.71236369482296,37.70382824193094,1,False,1.7878043216609863e-08
973,975,0.10727272727272727,9.458385600208441,0.09727272727272727,0.12090909090909091,8.358385600208445,11.058385600208435,True,19.97454923793043,25.966013785038406,1,False,7.847982598071847e-06
974,976,0.011363636363636364,9.154953914659167,0.01,0.013181818181818182,7.954953914659171,10.754953914659161,False,35.22831719144061,41.21978173854859,1,False,2.932286983013506e-09
975,977,0.4909090909090909,7.44555220881,0.4090909090909091,0.6181818181818182,5.945552208810001,9.145552208809999,False,25.477850189958488,31.46931473706647,1,False,4.474909890350549e-07
976,978,0.13181818181818183,10.073251134209897,0.12090909090909091,0.1409090909090909,8.773251134209902,10.873251134209895,True,18.283759246128415,24.275223793236393,1,False,1.9032285574678095e-05
977,979,0.05909090909090909,4.239753025158553,0.05272727272727273,0.06636363636363636,2.9397530251585517,5.539753025158554,True,7.034073135908114,13.025537683016093,1,False,0.007997325246153432
978,980,0.01,10.275092089990508,0.01,0.01090909090909091,9.87509208999051,11.175092089990505,False,10.007504315679029,15.998968862787008,1,False,0.0015590364603159563
979,981,0.012727272727272728,10.847048445138503,0.011363636363636364,0.014545454545454545,9.647048445138507,12.347048445138498,False,2.789853976424556,8.781318523532535,1,True,0.09486287139225538
980,982,0.053636363636363635,7.96922120883225,0.04454545454545455,0.06636363636363636,5.769221208832258,10.369221208832242,True,2.6381492026518774,8.629613749759857,1,True,0.10432501568790958
981,983,0.04181818181818182,11.860699580300706,0.03636363636363636,0.04818181818181819,10.46069958030071,13.5606995803007,False,13.789434115129543,19.780898662237522,1,False,0.00020448299740169273
982,984,0.03727272727272728,6.13925942617624,0.03,0.045454545454545456,4.339259426176239,8.239259426176243,True,2.002303509063508,7.993768056171487,1,True,0.15706036243040902
983,985,0.01,12.764327506159443,0.01,0.012727272727272728,12.464327506159444,15.064327506159435,False,8.183833605680586,14.175298152788566,1,False,0.004226534534631026
984,986,0.1890909090909091,2.5,0.16636363636363638,0.2181818181818182,1.5,3.5,False,1.0466630841812365,7.038127631289216,1,True,0.30627686216199623
985,987,0.011363636363636364,6.793604829085874,0.01,0.014090909090909091,5.393604829085873,9.193604829085876,False,5.093015924663765,11.084480471771744,1,False,0.024022379706955272
986,988,0.10363636363636364,4.572553819089011,0.08818181818181818,0.11727272727272728,2.97255381908901,6.272553819089013,True,3.751111615877287,9.742576162985266,1,True,0.052772404380889704
987,989,0.4181818181818182,6.202310711901334,0.38181818181818183,0.4818181818181818,5.302310711901335,7.302310711901334,False,3.6479785270236147,9.639443074131593,1,True,0.05613730779550823
988,990,0.2272727272727273,8.606599817956571,0.18363636363636365,0.2636363636363636,7.406599817956575,9.706599817956567,True,0.5547144617051754,6.546179008813154,1,True,0.4563977404099615
989,991,0.08454545454545455,7.561172816713487,0.075,0.09727272727272727,6.2611728167134855,8.861172816713488,False,4.031865700992905,10.023330248100883,1,False,0.04464853904560613
990,992,0.11363636363636363,8.326197727996798,0.1,0.12818181818181817,6.626197727996804,9.926197727996792,True,3.481868699494203,9.473333246602182,1,True,0.06204463837710421
992,994,0.18636363636363637,12.341924033585741,0.16636363636363638,0.2181818181818182,11.541924033585744,13.241924033585738,True,5.203306097212887,11.194770644320865,1,False,0.022543971055027274
993,995,0.016363636363636365,9.051414325493676,0.014545454545454545,0.019090909090909092,7.85141432549368,10.55141432549367,False,8.072525032381598,14.063989579489578,1,False,0.004494144766735875
994,996,0.14272727272727273,9.195562298632153,0.13,0.15181818181818182,8.095562298632156,10.09556229863215,True,22.703264374582634,28.69472892169061,1,False,1.8904644069262314e-06
995,997,0.012272727272727272,9.82914421235308,0.01,0.014545454545454545,7.829144212353087,11.729144212353074,False,10.287892766417254,16.27935731352523,1,False,0.0013390592406980542
996,998,0.2272727272727273,6.455894950099911,0.1809090909090909,0.2727272727272727,5.055894950099909,7.6558949500999125,False,0.2659862619084846,6.257450809016464,1,True,0.6060370194951765
998,1000,0.02727272727272727,9.657071624618407,0.023636363636363636,0.03272727272727273,8.157071624618412,11.4570716246184,True,2.264910250398785,8.256374797506764,1,True,0.13233387837838903
999,1001,0.03272727272727273,6.540659789534592,0.028181818181818183,0.03909090909090909,5.040659789534591,8.240659789534593,True,0.19676292694293745,6.188227474050916,1,True,0.6573465041170092
1000,1002,0.1809090909090909,5.847141173311974,0.1590909090909091,0.2090909090909091,4.447141173311973,6.7471411733119755,True,7.623626656601122,13.6150912037091,1,False,0.005760852175390226
1001,1003,0.15363636363636363,3.5188881547594684,0.13727272727272727,0.16636363636363638,1.9188881547594687,5.018888154759468,True,5.86796674991415,11.85943129702213,1,False,0.01541885048931642
1002,1004,0.9272727272727272,7.0,0.4818181818181818,1.2,1.7000000000000002,8.8,True,0.8388203136081065,6.830284860716086,1,True,0.35973437978831524
1003,1005,0.049090909090909095,8.965760329951461,0.04272727272727273,0.057272727272727274,7.365760329951467,10.565760329951456,True,3.44249615171605,9.433960698824029,1,True,0.06353962762314361
1004,1006,0.025454545454545455,9.088377269773275,0.02090909090909091,0.028181818181818183,7.088377269773282,10.288377269773271,False,11.432249154380942,17.42371370148892,1,False,0.0007218025831300195
1005,1007,0.04818181818181819,3.848961800624618,0.04090909090909091,0.06,1.748961800624616,6.2489618006246195,True,3.285590559024822,9.277055106132801,1,True,0.06989048096147009
1006,1008,0.1,8.613584587777103,0.07863636363636364,0.11545454545454546,6.313584587777111,10.513584587777096,True,9.02835491191837,15.01981945902635,1,False,0.0026582360065872906
1007,1009,0.053636363636363635,4.30173805968389,0.04727272727272727,0.06181818181818182,2.901738059683889,5.801738059683892,True,4.927291756665244,10.918756303773222,1,False,0.026435716787326036
1008,1010,0.025454545454545455,7.339977048496959,0.02181818181818182,0.02909090909090909,5.839977048496964,8.939977048496953,False,9.917919563833458,15.909384110941437,1,False,0.0016367729016320402
1009,1011,0.010454545454545454,8.89136875261481,0.01,0.013181818181818182,8.191368752614812,11.191368752614801,False,8.245488454113731,14.23695300122171,1,False,0.004085341378390974
1010,1012,0.04363636363636364,2.837469293585473,0.03636363636363636,0.05272727272727273,0.7374692935854732,4.9374692935854725,True,4.431631066484136,10.423095613592114,1,False,0.03527877916821384
1011,1013,0.015,8.610256676322889,0.013181818181818182,0.01818181818181818,7.110256676322894,10.310256676322883,False,3.100013200285859,9.091477747393839,1,True,0.07829165932113023
1012,1014,0.049090909090909095,3.97254117094704,0.04,0.06363636363636364,1.572541170947038,6.772541170947043,True,3.2898183158986223,9.281282863006602,1,True,0.0697107355175072
1013,1015,0.7545454545454545,8.0,0.5636363636363636,0.9454545454545454,5.6000000000000005,9.600000000000001,False,7.614461265419784,13.605925812527763,1,False,0.005790205476944265
1014,1016,0.5636363636363636,2.7,0.38181818181818183,0.990909090909091,0.0,6.7,True,0.20763608607586567,6.1991006331838445,1,True,0.6486265584049775
1015,1017,0.1090909090909091,4.155282127257313,0.09818181818181819,0.12272727272727273,2.7552821272573116,5.755282127257314,True,6.668963885086819,12.660428432194799,1,False,0.009810620650634315
1016,1018,0.02,11.382536382412408,0.015,0.026363636363636363,8.482536382412418,14.182536382412398,True,1.7656447688721812,7.75710931598016,1,True,0.1839219928914355
1018,1020,0.046363636363636364,4.6000000000000005,0.03909090909090909,0.05545454545454545,2.6,6.6000000000000005,False,0.6051791739400268,6.596643721048006,1,True,0.4366087318357218
1020,1022,0.019545454545454546,8.54077330783539,0.015909090909090907,0.024545454545454544,6.540773307835398,10.840773307835383,False,8.067110710438563,14.058575257546542,1,False,0.004507593573730178
1021,1023,0.15363636363636363,9.343613450424034,0.14272727272727273,0.16818181818181818,8.243613450424037,10.743613450424029,True,7.222106831275193,13.213571378383172,1,False,0.0072011139319365786
1022,1024,0.04272727272727273,3.6209952413037314,0.03636363636363636,0.049090909090909095,1.9209952413037317,5.320995241303731,True,3.5707050504240887,9.562169597532067,1,True,0.058807337568059656
1023,1025,0.053636363636363635,7.85649607299249,0.046363636363636364,0.06181818181818182,6.256496072992496,9.356496072992485,True,11.57814605041594,17.56961059752392,1,False,0.0006673143942345325
1024,1026,0.026363636363636363,4.1856342531386534,0.022727272727272728,0.028181818181818183,2.4856342531386533,4.985634253138653,True,2.206761199614592,8.19822574672257,1,True,0.13740688409693355
1025,1027,0.04363636363636364,4.42074109415864,0.03727272727272728,0.05,2.7207410941586376,6.020741094158641,True,2.1755718070738586,8.167036354181837,1,True,0.14021739127486732
1026,1028,0.014545454545454545,9.440880273595816,0.012727272727272728,0.017727272727272727,7.9408802735958215,11.14088027359581,False,6.150973193318237,12.142437740426217,1,False,0.01313398086807828
1027,1029,0.012727272727272728,5.019839296440431,0.01090909090909091,0.014545454545454545,3.519839296440429,6.5198392964404315,False,6.979607569300439,12.971072116408418,1,False,0.008244368501154965
1028,1030,0.10272727272727274,9.721875211073643,0.08727272727272727,0.11363636363636363,8.121875211073649,11.121875211073638,True,7.427015149386291,13.41847969649427,1,False,0.00642518301450532
1029,1031,0.10636363636363637,3.2,0.09272727272727273,0.12090909090909091,1.8,4.9,False,0.21924123476664992,6.210705781874629,1,True,0.6396186685157192
1030,1032,0.02,12.703950693271118,0.016363636363636365,0.025454545454545455,10.703950693271125,15.10395069327111,True,2.054694024260249,8.046158571368228,1,True,0.15173773381968328
1031,1033,0.2272727272727273,3.5,0.17545454545454547,0.2818181818181818,1.9000000000000001,5.1000000000000005,True,0.8483479113988338,6.839812458506813,1,True,0.35702012609261646
1032,1034,0.13,7.741737069911767,0.11181818181818182,0.1481818181818182,5.641737069911764,9.341737069911769,False,0.387909613382116,6.379374160490095,1,True,0.5334002492450689
1033,1035,0.2727272727272727,19.313477093290135,0.2272727272727273,0.33636363636363636,18.013477093290117,21.213477093290162,False,7.037215345469936,13.028679892577916,1,False,0.007983306066505956
1034,1036,0.012272727272727272,10.583577695564019,0.011363636363636364,0.015,10.08357769556402,12.88357769556401,False,17.55393843655356,23.54540298366154,1,False,2.7927174238215678e-05
1036,1038,0.3181818181818182,4.0,0.2636363636363636,0.38181818181818183,2.4000000000000004,5.800000000000001,True,0.17379615085010866,6.165260697958088,1,True,0.6767598519768081
1037,1039,1.009090909090909,15.14188452610956,0.7181818181818181,1.4,12.54188452610957,17.74188452610955,False,0.20836653800078844,6.199831085108768,1,True,0.6480507182469795
1038,1040,0.01090909090909091,9.312296375426493,0.01,0.015909090909090907,8.012296375426498,13.31229637542648,True,2.8973287311360663,8.888793278244044,1,True,0.08872647626016998
1039,1041,0.06272727272727273,9.8148219840944,0.06,0.07336363636363635,9.514821984094402,11.714821984094394,False,18.500042663580246,24.491507210688226,1,False,1.6990049624560413e-05
1041,1043,1.2545454545454546,12.844061559253117,1.1181818181818182,1.290909090909091,12.044061559253116,12.844061559253117,False,36.40966075277178,42.40112529987976,1,False,1.59908646593418e-09
1042,1044,0.026363636363636363,5.154229814357546,0.022727272727272728,0.02909090909090909,3.6542298143575445,6.454229814357547,True,3.4706045575264883,9.462069104634468,1,True,0.06246847586763373
1043,1045,0.2090909090909091,3.3000000000000003,0.17,0.24545454545454545,2.1,4.4,True,9.41396757602497,15.405432123132949,1,False,0.002153387732306123
1045,1047,0.045454545454545456,13.812016783788815,0.04,0.06272727272727273,12.712016783788819,17.4120167837888,True,3.749956283623515,9.741420830731494,1,True,0.05280889257120288
1046,1048,0.02,3.526081018399982,0.01818181818181818,0.024545454545454544,2.526081018399981,5.626081018399984,False,18.197821085896535,24.189285633004516,1,False,1.9910649339309536e-05
1047,1049,0.1190909090909091,7.022682343815466,0.10181818181818182,0.13181818181818183,5.122682343815464,8.422682343815467,True,6.016243331578924,12.007707878686903,1,False,0.014174788163796791
1048,1050,0.08545454545454545,11.464042823261632,0.07090909090909091,0.10727272727272727,9.26404282326164,13.864042823261624,True,2.3045688699691103,8.296033417077089,1,True,0.1289940676950014
1050,1052,0.019090909090909092,24.63087449850853,0.01818181818181818,0.023636363636363636,24.63087449850853,26.73087449850856,False,31.93451547473179,37.92598002183977,1,False,1.5945842991265524e-08
1051,1053,0.07636363636363636,26.110715036659442,0.07336363636363635,0.08545454545454545,26.110715036659442,27.41071503665946,False,22.661418568453747,28.65288311556173,1,False,1.9320860154207288e-06
1052,1054,0.02909090909090909,5.3732185726467865,0.026363636363636363,0.034545454545454546,4.173218572646785,6.873218572646788,True,10.390111438704068,16.38157598581205,1,False,0.001266919770817766
1053,1055,0.017727272727272727,3.056081441693981,0.015454545454545453,0.02090909090909091,1.7560814416939814,4.856081441693981,False,7.5460262778855425,13.537490824993522,1,False,0.006014255779328532
1054,1056,1.1454545454545455,11.39800835568146,0.6454545454545454,1.2181818181818183,6.598008355681457,11.598008355681461,False,2.2223624236066124,8.213826970714592,1,True,0.13602477725614356
1055,1057,0.025454545454545455,9.847081742554696,0.019090909090909092,0.03363636363636364,7.147081742554706,12.747081742554686,True,3.491153178463673,9.482617725571652,1,True,0.06169759275876843
1056,1058,0.09181818181818181,19.515668358202248,0.08,0.10363636363636364,18.01566835820225,20.715668358202244,False,5.024787120844179,11.016251667952158,1,False,0.02498699702841179
1057,1059,0.026363636363636363,16.862504352985177,0.025454545454545455,0.03272727272727273,16.262504352985168,19.16250435298521,False,18.81667456699991,24.808139114107888,1,False,1.439035172359565e-05
1059,1061,0.32727272727272727,3.9000000000000004,0.2818181818181818,0.38181818181818183,2.7,5.300000000000001,False,8.68386352579028,14.675328072898258,1,False,0.0032103970250590857
1060,1062,0.1090909090909091,11.020820304328405,0.09727272727272727,0.1190909090909091,9.72082030432841,12.2208203043284,True,23.00484442850722,28.9963089756152,1,False,1.615936863081616e-06
1061,1063,0.05090909090909091,10.93269422565782,0.04818181818181819,0.05909090909090909,10.53269422565782,12.432694225657814,False,18.78685972607429,24.77832427318227,1,False,1.4617074864734433e-05
1062,1064,0.013636363636363636,3.7411109454981144,0.012272727272727272,0.015454545454545453,2.4411109454981146,5.041110945498114,False,8.769645494523523,14.761110041631502,1,False,0.0030628497271671133
1063,1065,0.02,12.063189069563437,0.017272727272727273,0.023636363636363636,10.563189069563443,13.663189069563431,False,19.305036469265794,25.296501016373774,1,False,1.1141208322149836e-05
1064,1066,0.019090909090909092,12.785989369946074,0.01681818181818182,0.022727272727272728,11.485989369946079,14.485989369946068,False,18.079134850439477,24.070599397547454,1,False,2.119109421057697e-05
1065,1067,0.09090909090909091,15.67264882572563,0.07818181818181819,0.10545454545454545,13.972648825725637,17.072648825725626,False,11.004642025457976,16.996106572565957,1,False,0.0009088398374389786
1066,1068,0.026363636363636363,8.462466327261348,0.023636363636363636,0.03,7.262466327261352,9.962466327261343,False,13.681135145728378,19.672599692836357,1,False,0.0002166196249408383
1067,1069,0.05181818181818182,3.4734037914118474,0.046363636363636364,0.06,2.173403791411848,4.973403791411847,True,8.038572913841493,14.030037460949472,1,False,0.00457915983151323
1068,1070,0.025454545454545455,3.714924580507888,0.022727272727272728,0.02909090909090909,2.5149245805078886,5.214924580507888,True,10.221263497177118,16.212728044285097,1,False,0.0013883071095630952
1069,1071,0.034545454545454546,5.091240925360873,0.02909090909090909,0.04,3.5912409253608715,6.491240925360874,True,4.95694832066773,10.948412867775708,1,False,0.02598602743946035
1070,1072,0.12818181818181817,7.080649373857824,0.11181818181818182,0.14636363636363636,5.380649373857823,8.680649373857825,True,4.078906631193197,10.070371178301176,1,False,0.04342174766503629
1071,1073,0.2636363636363636,5.612815794831415,0.23636363636363636,0.3,4.812815794831415,6.712815794831417,True,4.2300700756072125,10.221534622715192,1,False,0.039713800895307794
1072,1074,0.06545454545454546,9.172660936095097,0.057272727272727274,0.075,7.672660936095102,10.772660936095091,False,2.212256599833706,8.203721146941685,1,True,0.1369182620060971
1073,1075,0.046363636363636364,12.80646201455938,0.04,0.057272727272727274,11.206462014559385,15.20646201455937,False,6.528006192836181,12.519470739944161,1,False,0.01061889207771499
1074,1076,0.2181818181818182,4.1000000000000005,0.18363636363636365,0.23636363636363636,3.1,4.7,True,5.232375732803653,11.22384027991163,1,False,0.022170230533316116
1075,1077,0.07127272727272727,6.875868741079978,0.056363636363636366,0.08909090909090908,3.975868741079976,9.57586874107998,True,0.2324931807914796,6.2239577278994584,1,True,0.6296813031950461
1076,1078,0.09454545454545454,9.292140716449781,0.08,0.10818181818181818,7.592140716449787,10.792140716449776,False,2.9772597382412087,8.968724285349188,1,True,0.08444212648572953
1077,1079,0.07636363636363636,6.996812685267079,0.06727272727272728,0.08545454545454545,5.596812685267078,8.29681268526708,False,2.441061046248645,8.432525593356624,1,True,0.11819625187674668
1078,1080,0.022727272727272728,20.475038561721206,0.02181818181818182,0.031818181818181815,20.475038561721206,24.17503856172126,False,8.97921233197866,14.97067687908664,1,False,0.0027306833522645485
1079,1081,0.33636363636363636,9.491511773952222,0.3,0.38181818181818183,8.591511773952226,10.591511773952218,True,0.2060037203352053,6.197468267443185,1,True,0.6499178430141399
1080,1082,0.16272727272727272,6.431538036864558,0.13545454545454547,0.2090909090909091,3.831538036864556,8.43153803686456,True,0.6220596543818314,6.613524201489811,1,True,0.43028293379021487
1081,1083,0.014545454545454545,10.35273134215471,0.012272727272727272,0.01681818181818182,8.352731342154717,11.752731342154705,False,14.456869566281885,20.448334113389862,1,False,0.0001434058573126089
1082,1084,0.1590909090909091,9.542867092148777,0.14636363636363636,0.1781818181818182,8.242867092148781,10.942867092148772,True,9.366888388282252,15.358352935390231,1,False,0.0022094025994164363
1083,1085,0.32727272727272727,5.0,0.2818181818181818,0.38181818181818183,3.7,6.4,False,0.5452931728384911,6.53675771994647,1,True,0.46024730460688956
1084,1086,0.015909090909090907,15.699987592119992,0.013636363636363636,0.019090909090909092,13.999987592119998,17.499987592119986,False,11.443960109116677,17.435424656224654,1,False,0.000717267625682378
1085,1087,0.15,16.582011622633956,0.12818181818181817,0.16636363636363638,14.382011622633966,18.382011622633954,True,5.424067674163667,11.415532221271647,1,False,0.019861037067789824
1086,1088,0.04727272727272727,4.473028227777755,0.04090909090909091,0.056363636363636366,2.8730282277777537,6.373028227777757,True,8.216390561274624,14.207855108382603,1,False,0.004151369056762303
1087,1089,0.02727272727272727,8.716958318413687,0.024545454545454544,0.031818181818181815,7.516958318413691,10.216958318413681,False,11.48459181641597,17.47605636352395,1,False,0.0007017553730688207
1089,1091,0.14454545454545453,6.827182517903292,0.13,0.15545454545454546,5.427182517903297,7.827182517903289,False,8.357837729071647,14.349302276179627,1,False,0.0038402726513655327
1090,1092,0.04818181818181819,12.139765779510006,0.04181818181818182,0.05909090909090909,10.439765779510012,14.339765779509998,False,13.364231270591452,19.35569581769943,1,False,0.0002564690156256754
1091,1093,0.030909090909090907,4.653131273337175,0.028181818181818183,0.038181818181818185,3.5531312733371747,6.553131273337177,True,9.514329157415672,15.50579370452365,1,False,0.002038736214916533
