grid,filename,log_age,status,original_rows,added_rows,final_rows,original_min_mass,added_min_mass,added_max_mass,final_min_mass,final_max_mass,boundary_logt_jump,boundary_logl_jump,boundary_logg_jump,message
z015_norot,iso_6.00.dat,6.0,updated,1171,7,1178,0.07,0.01,0.06,0.01,500.0,0.0048269863641823285,0.11290194918203755,-0.027401949182037644,Prepended 7 Baraffe rows below 0.070000 Msun.
z015_norot,iso_6.01.dat,6.01,updated,1063,7,1070,0.07,0.01,0.06,0.01,500.0,0.005000937249824311,0.11492545839209933,-0.028525458392099523,Prepended 7 Baraffe rows below 0.070000 Msun.
z015_norot,iso_6.02.dat,6.02,updated,1063,7,1070,0.07,0.01,0.06,0.01,500.0,0.005075373696591168,0.11676790277901694,-0.02946790277901723,Prepended 7 Baraffe rows below 0.070000 Msun.
z015_norot,iso_6.03.dat,6.03,updated,1063,7,1070,0.07,0.01,0.06,0.01,500.0,0.005075373696591168,0.11827408279735296,-0.030274082797352886,Prepended 7 Baraffe rows below 0.070000 Msun.
z015_norot,iso_6.04.dat,6.04,updated,1063,7,1070,0.07,0.01,0.06,0.01,500.0,0.005175373696590935,0.11911513006709962,-0.031115130067099983,Prepended 7 Baraffe rows below 0.070000 Msun.
z015_norot,iso_6.05.dat,6.05,updated,1063,7,1070,0.07,0.01,0.06,0.01,500.0,0.005275373696591146,0.1202936170212745,-0.032293617021274645,Prepended 7 Baraffe rows below 0.070000 Msun.
z015_norot,iso_6.06.dat,6.06,updated,1063,7,1070,0.07,0.01,0.06,0.01,500.0,0.005214145863016384,0.12120788550848105,-0.033207885508481194,Prepended 7 Baraffe rows below 0.070000 Msun.
z015_norot,iso_6.07.dat,6.07,updated,1063,7,1070,0.07,0.01,0.06,0.01,500.0,0.0051238139386744486,0.12181475346687054,-0.03377213020030556,Prepended 7 Baraffe rows below 0.070000 Msun.
z015_norot,iso_6.08.dat,6.08,updated,1063,7,1070,0.07,0.01,0.06,0.01,500.0,0.0051238139386744486,0.12245126749534907,-0.034551267495349425,Prepended 7 Baraffe rows below 0.070000 Msun.
z015_norot,iso_6.09.dat,6.09,updated,1063,7,1070,0.07,0.01,0.06,0.01,500.0,0.0051238139386744486,0.12281884389612796,-0.03510942194806388,Prepended 7 Baraffe rows below 0.070000 Msun.
z015_norot,iso_6.10.dat,6.1,updated,1063,7,1070,0.07,0.01,0.06,0.01,500.0,0.0051238139386744486,0.12322010541528372,-0.0351201054152841,Prepended 7 Baraffe rows below 0.070000 Msun.
z015_norot,iso_6.11.dat,6.11,updated,1063,7,1070,0.07,0.01,0.06,0.01,500.0,0.0051238139386744486,0.12398908666471997,-0.03548362999707999,Prepended 7 Baraffe rows below 0.070000 Msun.
z015_norot,iso_6.12.dat,6.12,updated,1063,7,1070,0.07,0.01,0.06,0.01,500.0,0.0051238139386744486,0.12454808870732292,-0.036372133060984524,Prepended 7 Baraffe rows below 0.070000 Msun.
z015_norot,iso_6.13.dat,6.13,updated,1063,7,1070,0.07,0.01,0.06,0.01,500.0,0.0052238139386742155,0.1248546455306021,-0.03685464553060225,Prepended 7 Baraffe rows below 0.070000 Msun.
z015_norot,iso_6.14.dat,6.14,updated,1063,7,1070,0.07,0.01,0.06,0.01,500.0,0.0052238139386742155,0.12498443584010377,-0.03708443584010368,Prepended 7 Baraffe rows below 0.070000 Msun.
z015_norot,iso_6.15.dat,6.15,updated,1063,7,1070,0.07,0.01,0.06,0.01,500.0,0.0052238139386742155,0.12447512679282213,-0.037075126792821766,Prepended 7 Baraffe rows below 0.070000 Msun.
z015_norot,iso_6.16.dat,6.16,updated,1280,7,1287,0.07,0.01,0.06,0.01,500.0,0.005199649398906381,0.12427841384556726,-0.037078413845567315,Prepended 7 Baraffe rows below 0.070000 Msun.
z015_norot,iso_6.17.dat,6.17,updated,1280,7,1287,0.07,0.01,0.06,0.01,500.0,0.005127610449989106,0.12510481171547982,-0.03740481171547971,Prepended 7 Baraffe rows below 0.070000 Msun.
z015_norot,iso_6.18.dat,6.18,updated,1280,7,1287,0.07,0.01,0.06,0.01,500.0,0.005072307053515246,0.12551796676992288,-0.03751796676992303,Prepended 7 Baraffe rows below 0.070000 Msun.
z015_norot,iso_6.19.dat,6.19,updated,1280,7,1287,0.07,0.01,0.06,0.01,500.0,0.005072307053515246,0.12515666948277393,-0.03715666948277363,Prepended 7 Baraffe rows below 0.070000 Msun.
z015_norot,iso_6.20.dat,6.2,updated,1280,7,1287,0.07,0.01,0.06,0.01,500.0,0.005072307053515246,0.12480390141637154,-0.03680390141637124,Prepended 7 Baraffe rows below 0.070000 Msun.
z015_norot,iso_6.21.dat,6.21,updated,1280,7,1287,0.07,0.01,0.06,0.01,500.0,0.005072307053515246,0.12442655315232276,-0.03642655315232268,Prepended 7 Baraffe rows below 0.070000 Msun.
z015_norot,iso_6.22.dat,6.22,updated,1280,7,1287,0.07,0.01,0.06,0.01,500.0,0.005072307053515246,0.12396146525010954,-0.03606146525010967,Prepended 7 Baraffe rows below 0.070000 Msun.
z015_norot,iso_6.23.dat,6.23,updated,1280,7,1287,0.07,0.01,0.06,0.01,500.0,0.005072307053515246,0.1235681496237262,-0.03646814962372602,Prepended 7 Baraffe rows below 0.070000 Msun.
z015_norot,iso_6.24.dat,6.24,updated,1280,7,1287,0.07,0.01,0.06,0.01,500.0,0.005072307053515246,0.1238033343256908,-0.03620333432569112,Prepended 7 Baraffe rows below 0.070000 Msun.
z015_norot,iso_6.25.dat,6.25,updated,1280,7,1287,0.07,0.01,0.06,0.01,500.0,0.005172307053515457,0.12369416493003738,-0.03569416493003752,Prepended 7 Baraffe rows below 0.070000 Msun.
z015_norot,iso_6.26.dat,6.26,updated,1280,7,1287,0.07,0.01,0.06,0.01,500.0,0.005272307053515224,0.12314108452950423,-0.03514108452950415,Prepended 7 Baraffe rows below 0.070000 Msun.
z015_norot,iso_6.27.dat,6.27,updated,1280,7,1287,0.07,0.01,0.06,0.01,500.0,0.005272307053515224,0.12292497444633566,-0.0349249744463358,Prepended 7 Baraffe rows below 0.070000 Msun.
z015_norot,iso_6.28.dat,6.28,updated,1280,7,1287,0.07,0.01,0.06,0.01,500.0,0.005272307053515224,0.1230878364565573,-0.03508783645655722,Prepended 7 Baraffe rows below 0.070000 Msun.
z015_norot,iso_6.29.dat,6.29,updated,1280,7,1287,0.07,0.01,0.06,0.01,500.0,0.005272307053515224,0.12205284387695792,-0.034505687753915826,Prepended 7 Baraffe rows below 0.070000 Msun.
z015_norot,iso_6.30.dat,6.3,updated,1323,7,1330,0.07,0.01,0.06,0.01,500.0,0.005272307053515224,0.12117888246627939,-0.03397888246627945,Prepended 7 Baraffe rows below 0.070000 Msun.
z015_norot,iso_6.31.dat,6.31,updated,1599,7,1606,0.07,0.01,0.06,0.01,500.0,0.005272307053515224,0.12122030828516173,-0.03352030828516206,Prepended 7 Baraffe rows below 0.070000 Msun.
z015_norot,iso_6.32.dat,6.32,updated,1876,7,1883,0.07,0.01,0.06,0.01,500.0,0.005154981846325679,0.12044925665740691,-0.03267462832870338,Prepended 7 Baraffe rows below 0.070000 Msun.
z015_norot,iso_6.33.dat,6.33,updated,2152,7,2159,0.07,0.01,0.06,0.01,500.0,0.005120853004237258,0.12055146906325387,-0.03175146906325388,Prepended 7 Baraffe rows below 0.070000 Msun.
z015_norot,iso_6.34.dat,6.34,updated,2399,7,2406,0.07,0.01,0.06,0.01,500.0,0.005220853004237469,0.11941733893046069,-0.03173467786092132,Prepended 7 Baraffe rows below 0.070000 Msun.
z015_norot,iso_6.35.dat,6.35,updated,2630,7,2637,0.07,0.01,0.06,0.01,500.0,0.005220853004237469,0.11880648451029185,-0.030806484510291554,Prepended 7 Baraffe rows below 0.070000 Msun.
z015_norot,iso_6.36.dat,6.36,updated,2861,7,2868,0.07,0.01,0.06,0.01,500.0,0.005220853004237469,0.11787477203647123,-0.030437386018235646,Prepended 7 Baraffe rows below 0.070000 Msun.
z015_norot,iso_6.37.dat,6.37,updated,2822,7,2829,0.07,0.01,0.06,0.01,438.182,0.005220853004237469,0.11717368981678589,-0.028647379633572,Prepended 7 Baraffe rows below 0.070000 Msun.
z015_norot,iso_6.38.dat,6.38,updated,2649,7,2656,0.07,0.01,0.06,0.01,364.73,0.005220853004237469,0.11643240067151339,-0.028432400671513314,Prepended 7 Baraffe rows below 0.070000 Msun.
z015_norot,iso_6.39.dat,6.39,updated,2477,7,2484,0.07,0.01,0.06,0.01,303.591,0.005320853004237236,0.11613755868544273,-0.028137558685442876,Prepended 7 Baraffe rows below 0.070000 Msun.
z015_norot,iso_6.40.dat,6.4,updated,2326,7,2333,0.07,0.01,0.06,0.01,259.154,0.005420853004237447,0.11493553149606117,-0.025935531496060982,Prepended 7 Baraffe rows below 0.070000 Msun.
z015_norot,iso_6.41.dat,6.41,updated,2175,7,2182,0.07,0.01,0.06,0.01,221.577,0.0052694517540015084,0.1130308003233611,-0.025261600646722115,Prepended 7 Baraffe rows below 0.070000 Msun.
z015_norot,iso_6.42.dat,6.42,updated,2063,7,2070,0.07,0.01,0.06,0.01,193.454,0.0052694517540015084,0.11170839200224858,-0.0236041960011244,Prepended 7 Baraffe rows below 0.070000 Msun.
z015_norot,iso_6.43.dat,6.43,updated,2017,7,2024,0.07,0.01,0.06,0.01,175.647,0.0052694517540015084,0.1110598343049991,-0.022119668609998033,Prepended 7 Baraffe rows below 0.070000 Msun.
z015_norot,iso_6.44.dat,6.44,updated,1957,7,1964,0.07,0.01,0.06,0.01,159.564,0.005369451754001275,0.10953943661971333,-0.020919718309856616,Prepended 7 Baraffe rows below 0.070000 Msun.
z015_norot,iso_6.45.dat,6.45,updated,1909,7,1916,0.07,0.01,0.06,0.01,145.89,0.005369451754001275,0.1070641381704509,-0.01906413817045083,Prepended 7 Baraffe rows below 0.070000 Msun.
z015_norot,iso_6.46.dat,6.46,updated,1886,7,1893,0.07,0.01,0.06,0.01,135.116,0.005369451754001275,0.10646181886508543,-0.017523637730170627,Prepended 7 Baraffe rows below 0.070000 Msun.
z015_norot,iso_6.47.dat,6.47,updated,1861,7,1868,0.07,0.01,0.06,0.01,125.138,0.0052215007888056775,0.10405509566574933,-0.016055095665749253,Prepended 7 Baraffe rows below 0.070000 Msun.
z015_norot,iso_6.48.dat,6.48,updated,1849,7,1856,0.07,0.01,0.06,0.01,116.52,0.005418103266007446,0.10164501748251387,-0.012745017482513887,Prepended 7 Baraffe rows below 0.070000 Msun.
z015_norot,iso_6.49.dat,6.49,updated,1827,7,1834,0.07,0.01,0.06,0.01,109.314,0.005418103266007446,0.099572368421045,-0.01057236842104503,Prepended 7 Baraffe rows below 0.070000 Msun.
z015_norot,iso_6.50.dat,6.5,updated,1804,7,1811,0.07,0.01,0.06,0.01,102.554,0.005518103266007657,0.09643836652381288,-0.0074383665238126895,Prepended 7 Baraffe rows below 0.070000 Msun.
z015_norot,iso_6.51.dat,6.51,updated,1937,7,1944,0.07,0.01,0.06,0.01,96.177,0.005461028262500278,0.09337720033528463,-0.003377200335284325,Prepended 7 Baraffe rows below 0.070000 Msun.
z015_norot,iso_6.52.dat,6.52,updated,1908,7,1915,0.07,0.01,0.06,0.01,90.225,0.005566807503493809,0.08946336537683952,0.00045940706035407786,Prepended 7 Baraffe rows below 0.070000 Msun.
z015_norot,iso_6.53.dat,6.53,updated,1879,7,1886,0.07,0.01,0.06,0.01,84.676,0.005566807503493809,0.08531028354470416,0.0038046691978452785,Prepended 7 Baraffe rows below 0.070000 Msun.
z015_norot,iso_6.54.dat,6.54,updated,1877,7,1884,0.07,0.01,0.06,0.01,80.336,0.005762948607066498,0.07905306122447908,0.009946938775520664,Prepended 7 Baraffe rows below 0.070000 Msun.
z015_norot,iso_6.55.dat,6.55,updated,1812,7,1819,0.07,0.01,0.06,0.01,76.219,0.00571556442973753,0.07406496815285468,0.015135031847145264,Prepended 7 Baraffe rows below 0.070000 Msun.
z015_norot,iso_6.56.dat,6.56,updated,1792,7,1799,0.07,0.01,0.06,0.01,72.343,0.00571556442973753,0.0691343949044474,0.021865605095553242,Prepended 7 Baraffe rows below 0.070000 Msun.
z015_norot,iso_6.57.dat,6.57,updated,1772,7,1779,0.07,0.01,0.06,0.01,68.635,0.005769464322167295,0.06139795663051406,0.028635717264400284,Prepended 7 Baraffe rows below 0.070000 Msun.
z015_norot,iso_6.58.dat,6.58,updated,1750,7,1757,0.07,0.01,0.06,0.01,65.118,0.005864374008052398,0.05534469787913676,0.03475530212086353,Prepended 7 Baraffe rows below 0.070000 Msun.
z015_norot,iso_6.59.dat,6.59,updated,1729,7,1736,0.07,0.01,0.06,0.01,61.78,0.005917631203283147,0.049267325243189886,0.041732674756810084,Prepended 7 Baraffe rows below 0.070000 Msun.
z015_norot,iso_6.60.dat,6.6,updated,1697,7,1704,0.07,0.01,0.06,0.01,58.761,0.005860871941798074,0.04407620409058999,0.04692379590940954,Prepended 7 Baraffe rows below 0.070000 Msun.
z015_norot,iso_6.61.dat,6.61,updated,1673,7,1680,0.07,0.01,0.06,0.01,56.1,0.005796232932841594,0.04048433614117464,0.05041708784599175,Prepended 7 Baraffe rows below 0.070000 Msun.
z015_norot,iso_6.62.dat,6.62,updated,1647,7,1654,0.07,0.01,0.06,0.01,53.559,0.005845691697913047,0.037339833396415,0.053660166603584525,Prepended 7 Baraffe rows below 0.070000 Msun.
z015_norot,iso_6.63.dat,6.63,updated,1622,7,1629,0.07,0.01,0.06,0.01,51.112,0.005802333112406188,0.03759247553015377,0.05436194942906525,Prepended 7 Baraffe rows below 0.070000 Msun.
z015_norot,iso_6.64.dat,6.64,updated,1609,7,1616,0.07,0.01,0.06,0.01,49.001,0.005938351636868067,0.03786109671397764,0.054006426868487445,Prepended 7 Baraffe rows below 0.070000 Msun.
z015_norot,iso_6.65.dat,6.65,updated,1601,7,1608,0.07,0.01,0.06,0.01,47.174,0.0058267330436527764,0.038493076459933384,0.051506923540066474,Prepended 7 Baraffe rows below 0.070000 Msun.
z015_norot,iso_6.66.dat,6.66,updated,1610,7,1617,0.07,0.01,0.06,0.01,45.396,0.005840121639607343,0.0405171529968158,0.05038170347006332,Prepended 7 Baraffe rows below 0.070000 Msun.
z015_norot,iso_6.67.dat,6.67,updated,1593,7,1600,0.07,0.01,0.06,0.01,43.704,0.005781485978888501,0.04343561859729195,0.047309929078046764,Prepended 7 Baraffe rows below 0.070000 Msun.
z015_norot,iso_6.68.dat,6.68,updated,1574,7,1581,0.07,0.01,0.06,0.01,42.057,0.00581787721152649,0.045644899746053236,0.044349487785690034,Prepended 7 Baraffe rows below 0.070000 Msun.
z015_norot,iso_6.69.dat,6.69,updated,1556,7,1563,0.07,0.01,0.06,0.01,40.489,0.005702811102398897,0.04679999999997064,0.042300000000031535,Prepended 7 Baraffe rows below 0.070000 Msun.
z015_norot,iso_6.70.dat,6.7,updated,1550,7,1557,0.07,0.01,0.06,0.01,39.109,0.005697135935969211,0.04843438639122355,0.04056561360877664,Prepended 7 Baraffe rows below 0.070000 Msun.
z015_norot,iso_6.71.dat,6.71,updated,1543,7,1550,0.07,0.01,0.06,0.01,37.84,0.005738380580327274,0.05158534166416007,0.039069632053981174,Prepended 7 Baraffe rows below 0.070000 Msun.
z015_norot,iso_6.72.dat,6.72,updated,1538,7,1545,0.07,0.01,0.06,0.01,36.628,0.00564073841729007,0.05236884417222876,0.03769509089144618,Prepended 7 Baraffe rows below 0.070000 Msun.
z015_norot,iso_6.73.dat,6.73,updated,1527,7,1534,0.07,0.01,0.06,0.01,35.439,0.005650230671221834,0.05420409914201274,0.03568789323167865,Prepended 7 Baraffe rows below 0.070000 Msun.
z015_norot,iso_6.74.dat,6.74,updated,1518,7,1525,0.07,0.01,0.06,0.01,34.304,0.005807246632556939,0.056396854146779196,0.034741849380392154,Prepended 7 Baraffe rows below 0.070000 Msun.
z015_norot,iso_6.75.dat,6.75,updated,1490,7,1497,0.07,0.01,0.06,0.01,33.191,0.005966912632181742,0.05776389226594136,0.03323888525206309,Prepended 7 Baraffe rows below 0.070000 Msun.
z015_norot,iso_6.76.dat,6.76,updated,1480,7,1487,0.07,0.01,0.06,0.01,32.114,0.0059065789368975,0.060622693472845546,0.030560176260012284,Prepended 7 Baraffe rows below 0.070000 Msun.
z015_norot,iso_6.77.dat,6.77,updated,1479,7,1486,0.07,0.01,0.06,0.01,31.188,0.006034810430649351,0.06193650454299848,0.029906841261386763,Prepended 7 Baraffe rows below 0.070000 Msun.
z015_norot,iso_6.78.dat,6.78,updated,1479,7,1486,0.07,0.01,0.06,0.01,30.303,0.006068007453622126,0.06421676465345638,0.02773579191166231,Prepended 7 Baraffe rows below 0.070000 Msun.
z015_norot,iso_6.79.dat,6.79,updated,1478,7,1485,0.07,0.01,0.06,0.01,29.442,0.006129040655285856,0.0648025371828258,0.02657419072618783,Prepended 7 Baraffe rows below 0.070000 Msun.
z015_norot,iso_6.80.dat,6.8,updated,1479,7,1486,0.07,0.01,0.06,0.01,28.606,0.0062994513474787794,0.06707281223446881,0.025506202209033546,Prepended 7 Baraffe rows below 0.070000 Msun.
z015_norot,iso_6.81.dat,6.81,updated,1472,7,1479,0.07,0.01,0.06,0.01,27.794,0.006472322610037828,0.06831784197108681,0.024711554800367797,Prepended 7 Baraffe rows below 0.070000 Msun.
z015_norot,iso_6.82.dat,6.82,updated,1461,7,1468,0.07,0.01,0.06,0.01,27.004,0.006496972887569008,0.07055764939248665,0.023399454500399486,Prepended 7 Baraffe rows below 0.070000 Msun.
z015_norot,iso_6.83.dat,6.83,updated,1456,7,1463,0.07,0.01,0.06,0.01,26.237,0.006373386677883897,0.07050233903625869,0.022628250268644567,Prepended 7 Baraffe rows below 0.070000 Msun.
z015_norot,iso_6.84.dat,6.84,updated,1449,7,1456,0.07,0.01,0.06,0.01,25.492,0.006353863273650617,0.07127342870918385,0.021726571290816565,Prepended 7 Baraffe rows below 0.070000 Msun.
z015_norot,iso_6.85.dat,6.85,updated,1443,7,1450,0.07,0.01,0.06,0.01,24.799,0.006353863273650617,0.07162563896476959,0.02047436103523026,Prepended 7 Baraffe rows below 0.070000 Msun.
z015_norot,iso_6.86.dat,6.86,updated,1437,7,1444,0.07,0.01,0.06,0.01,24.196,0.006353863273650617,0.0723363809071218,0.019663619092878726,Prepended 7 Baraffe rows below 0.070000 Msun.
z015_norot,iso_6.87.dat,6.87,updated,1431,7,1438,0.07,0.01,0.06,0.01,23.597,0.00650338797194383,0.07491939333279363,0.019080606667206013,Prepended 7 Baraffe rows below 0.070000 Msun.
z015_norot,iso_6.88.dat,6.88,updated,1440,7,1447,0.07,0.01,0.06,0.01,23.013,0.00650338797194383,0.07569774424510367,0.01760225575489649,Prepended 7 Baraffe rows below 0.070000 Msun.
z015_norot,iso_6.89.dat,6.89,updated,1427,7,1434,0.07,0.01,0.06,0.01,22.406,0.00650338797194383,0.07605004549587968,0.017649954504120657,Prepended 7 Baraffe rows below 0.070000 Msun.
z015_norot,iso_6.90.dat,6.9,updated,1414,7,1421,0.07,0.01,0.06,0.01,21.843,0.006652964168326392,0.07687564575643169,0.01712435424356773,Prepended 7 Baraffe rows below 0.070000 Msun.
z015_norot,iso_6.91.dat,6.91,updated,1403,7,1410,0.07,0.01,0.06,0.01,21.329,0.006652964168326392,0.07670774907746436,0.01649225092253559,Prepended 7 Baraffe rows below 0.070000 Msun.
z015_norot,iso_6.92.dat,6.92,updated,1393,7,1400,0.07,0.01,0.06,0.01,20.828,0.006661060666604435,0.07802470806501582,0.015697762741486265,Prepended 7 Baraffe rows below 0.070000 Msun.
z015_norot,iso_6.93.dat,6.93,updated,1372,7,1379,0.07,0.01,0.06,0.01,20.338,0.006702591898282595,0.07904684159375552,0.014953158406244782,Prepended 7 Baraffe rows below 0.070000 Msun.
z015_norot,iso_6.94.dat,6.94,updated,1364,7,1371,0.07,0.01,0.06,0.01,19.884,0.006702591898282595,0.07968076923074419,0.014319230769254787,Prepended 7 Baraffe rows below 0.070000 Msun.
z015_norot,iso_6.95.dat,6.95,updated,1367,7,1374,0.07,0.01,0.06,0.01,19.506,0.006842426038323968,0.08034235567770542,0.012857644322294526,Prepended 7 Baraffe rows below 0.070000 Msun.
z015_norot,iso_6.96.dat,6.96,updated,1366,7,1373,0.07,0.01,0.06,0.01,19.135,0.006852271197335558,0.0806314324578592,0.013168567542140686,Prepended 7 Baraffe rows below 0.070000 Msun.
z015_norot,iso_6.97.dat,6.97,updated,1367,7,1374,0.07,0.01,0.06,0.01,18.771,0.006752271197335791,0.08097232536667631,0.013044907169991404,Prepended 7 Baraffe rows below 0.070000 Msun.
z015_norot,iso_6.98.dat,6.98,updated,1369,7,1376,0.07,0.01,0.06,0.01,18.414,0.006658649122661675,0.08218342653785093,0.012816573462148817,Prepended 7 Baraffe rows below 0.070000 Msun.
z015_norot,iso_6.99.dat,6.99,updated,1364,7,1371,0.07,0.01,0.06,0.01,18.063,0.006802002101043758,0.08152978530387589,0.012670214696124837,Prepended 7 Baraffe rows below 0.070000 Msun.
z015_norot,iso_7.00.dat,7.0,updated,1357,7,1364,0.07,0.01,0.06,0.01,17.72,0.006802002101043758,0.08216280115962515,0.01190347895633792,Prepended 7 Baraffe rows below 0.070000 Msun.
z015_norot,iso_7.01.dat,7.01,updated,1492,7,1499,0.07,0.01,0.06,0.01,17.382,0.006811803821509699,0.08328905196348169,0.011645497818354222,Prepended 7 Baraffe rows below 0.070000 Msun.
z015_norot,iso_7.02.dat,7.02,updated,1483,7,1490,0.07,0.01,0.06,0.01,17.05,0.006851784645002468,0.08381008560461956,0.010189914395380306,Prepended 7 Baraffe rows below 0.070000 Msun.
z015_norot,iso_7.03.dat,7.03,updated,1453,7,1460,0.07,0.01,0.06,0.01,16.75,0.006851784645002468,0.08360351734242455,0.010436834391818195,Prepended 7 Baraffe rows below 0.070000 Msun.
z015_norot,iso_7.04.dat,7.04,updated,1454,7,1461,0.07,0.01,0.06,0.01,16.465,0.006854370060000559,0.08515532286210448,0.009844677137895275,Prepended 7 Baraffe rows below 0.070000 Msun.
z015_norot,iso_7.05.dat,7.05,updated,1451,7,1458,0.07,0.01,0.06,0.01,16.181,0.00699964282033072,0.08478132635250546,0.009318673647494613,Prepended 7 Baraffe rows below 0.070000 Msun.
z015_norot,iso_7.06.dat,7.06,updated,1448,7,1455,0.07,0.01,0.06,0.01,15.901,0.0070016188648440725,0.08444601463224322,0.009553985367756646,Prepended 7 Baraffe rows below 0.070000 Msun.
z015_norot,iso_7.07.dat,7.07,updated,1451,7,1458,0.07,0.01,0.06,0.01,15.626,0.0070016188648440725,0.08566360593014855,0.01004275466286586,Prepended 7 Baraffe rows below 0.070000 Msun.
z015_norot,iso_7.08.dat,7.08,updated,1449,7,1456,0.07,0.01,0.06,0.01,15.356,0.007129973475797691,0.08620732865006042,0.009792671349940107,Prepended 7 Baraffe rows below 0.070000 Msun.
z015_norot,iso_7.09.dat,7.09,updated,1441,7,1448,0.07,0.01,0.06,0.01,15.095,0.00705150479623784,0.08580594339620129,0.008693396226442829,Prepended 7 Baraffe rows below 0.070000 Msun.
z015_norot,iso_7.10.dat,7.1,updated,1415,7,1422,0.07,0.01,0.06,0.01,14.842,0.007062330028191344,0.08739175257729181,0.008347422680436978,Prepended 7 Baraffe rows below 0.070000 Msun.
z015_norot,iso_7.11.dat,7.11,updated,1410,7,1417,0.07,0.01,0.06,0.01,14.597,0.007101442474890973,0.08784832852218427,0.008151671477816258,Prepended 7 Baraffe rows below 0.070000 Msun.
z015_norot,iso_7.12.dat,7.12,updated,1403,7,1410,0.07,0.01,0.06,0.01,14.36,0.007191293993041636,0.08779093683526318,0.008008156848263503,Prepended 7 Baraffe rows below 0.070000 Msun.
z015_norot,iso_7.13.dat,7.13,updated,1397,7,1404,0.07,0.01,0.06,0.01,14.123,0.00725467582131456,0.08869461242438392,0.008283763972905867,Prepended 7 Baraffe rows below 0.070000 Msun.
z015_norot,iso_7.14.dat,7.14,updated,1404,7,1411,0.07,0.01,0.06,0.01,13.909,0.007392150835563882,0.0886409015942573,0.007421220450825494,Prepended 7 Baraffe rows below 0.070000 Msun.
z015_norot,iso_7.15.dat,7.15,updated,1408,7,1415,0.07,0.01,0.06,0.01,13.716,0.007401473216981369,0.08864307187753706,0.0073569281224630245,Prepended 7 Baraffe rows below 0.070000 Msun.
z015_norot,iso_7.16.dat,7.16,updated,1410,7,1417,0.07,0.01,0.06,0.01,13.523,0.007514880887598441,0.0900561390800152,0.006699474827986052,Prepended 7 Baraffe rows below 0.070000 Msun.
z015_norot,iso_7.17.dat,7.17,updated,1406,7,1413,0.07,0.01,0.06,0.01,13.335,0.0075502469322343835,0.0904154663305472,0.0065845336694527745,Prepended 7 Baraffe rows below 0.070000 Msun.
z015_norot,iso_7.18.dat,7.18,updated,1409,7,1416,0.07,0.01,0.06,0.01,13.151,0.007609954507711958,0.09074891110314987,0.006651088896849622,Prepended 7 Baraffe rows below 0.070000 Msun.
z015_norot,iso_7.19.dat,7.19,updated,1410,7,1417,0.07,0.01,0.06,0.01,12.969,0.00774401110517875,0.09147429489465209,0.006525705105348223,Prepended 7 Baraffe rows below 0.070000 Msun.
z015_norot,iso_7.20.dat,7.2,updated,1438,7,1445,0.07,0.01,0.06,0.01,12.785,0.007751908329341806,0.09203952287695483,0.005960477123045038,Prepended 7 Baraffe rows below 0.070000 Msun.
z015_norot,iso_7.21.dat,7.21,updated,1439,7,1446,0.07,0.01,0.06,0.01,12.608,0.0077603587400649765,0.09251839689262686,0.005503442796635838,Prepended 7 Baraffe rows below 0.070000 Msun.
z015_norot,iso_7.22.dat,7.22,updated,1419,7,1426,0.07,0.01,0.06,0.01,12.434,0.00779251362608635,0.09261090238761538,0.006289097612384609,Prepended 7 Baraffe rows below 0.070000 Msun.
z015_norot,iso_7.23.dat,7.23,updated,1418,7,1425,0.07,0.01,0.06,0.01,12.261,0.007852458155802822,0.09257093897531732,0.006383248819745724,Prepended 7 Baraffe rows below 0.070000 Msun.
z015_norot,iso_7.24.dat,7.24,updated,1416,7,1423,0.07,0.01,0.06,0.01,12.088,0.007979892951218481,0.0929283401514236,0.006071659848576161,Prepended 7 Baraffe rows below 0.070000 Msun.
z015_norot,iso_7.25.dat,7.25,updated,1390,7,1397,0.07,0.01,0.06,0.01,11.915,0.00811021561862768,0.09394137304126682,0.005772764262860441,Prepended 7 Baraffe rows below 0.070000 Msun.
z015_norot,iso_7.26.dat,7.26,updated,1384,7,1391,0.07,0.01,0.06,0.01,11.737,0.008064781936008014,0.09449195126134402,0.0055080487386565125,Prepended 7 Baraffe rows below 0.070000 Msun.
z015_norot,iso_7.27.dat,7.27,updated,1382,7,1389,0.07,0.01,0.06,0.01,11.581,0.008193885618402508,0.09401462158912821,0.005985378410871434,Prepended 7 Baraffe rows below 0.070000 Msun.
z015_norot,iso_7.28.dat,7.28,updated,1375,7,1382,0.07,0.01,0.06,0.01,11.414,0.008222365595457415,0.09418633842475144,0.005902295417723025,Prepended 7 Baraffe rows below 0.070000 Msun.
z015_norot,iso_7.29.dat,7.29,updated,1362,7,1369,0.07,0.01,0.06,0.01,11.232,0.008250296115632771,0.09538408010859323,0.005254327902266098,Prepended 7 Baraffe rows below 0.070000 Msun.
z015_norot,iso_7.30.dat,7.3,updated,1344,7,1351,0.07,0.01,0.06,0.01,11.052,0.008304743952608717,0.09458098055788033,0.004648774302649983,Prepended 7 Baraffe rows below 0.070000 Msun.
z015_norot,iso_7.31.dat,7.31,updated,1337,7,1344,0.07,0.01,0.06,0.01,10.899,0.008330175089659164,0.09532824686331454,0.004504577823016831,Prepended 7 Baraffe rows below 0.070000 Msun.
z015_norot,iso_7.32.dat,7.32,updated,1337,7,1344,0.07,0.01,0.06,0.01,10.76,0.008456653858305074,0.09572361809042329,0.004948743718618864,Prepended 7 Baraffe rows below 0.070000 Msun.
z015_norot,iso_7.33.dat,7.33,updated,1326,7,1333,0.07,0.01,0.06,0.01,10.619,0.008557970036500162,0.09558148332914751,0.005426665003767539,Prepended 7 Baraffe rows below 0.070000 Msun.
z015_norot,iso_7.34.dat,7.34,updated,1316,7,1323,0.07,0.01,0.06,0.01,10.484,0.00868332676431427,0.09569610875527168,0.005443502120255239,Prepended 7 Baraffe rows below 0.070000 Msun.
z015_norot,iso_7.35.dat,7.35,updated,1307,7,1314,0.07,0.01,0.06,0.01,10.349,0.008808267253691326,0.09728073834944562,0.0052873354854989785,Prepended 7 Baraffe rows below 0.070000 Msun.
z015_norot,iso_7.36.dat,7.36,updated,1250,7,1257,0.07,0.01,0.06,0.01,10.214,0.00865833512191827,0.09744142880709905,0.004758571192900796,Prepended 7 Baraffe rows below 0.070000 Msun.
z015_norot,iso_7.37.dat,7.37,updated,1241,7,1248,0.07,0.01,0.06,0.01,10.084,0.00880475048427165,0.09796529605260273,0.004851233552658485,Prepended 7 Baraffe rows below 0.070000 Msun.
z015_norot,iso_7.38.dat,7.38,updated,1234,7,1241,0.07,0.01,0.06,0.01,9.963,0.008956221577053114,0.09752794298350764,0.004572057016492437,Prepended 7 Baraffe rows below 0.070000 Msun.
z015_norot,iso_7.39.dat,7.39,updated,1233,7,1240,0.07,0.01,0.06,0.01,9.859,0.009048310908895463,0.09834189122976023,0.004566487016191445,Prepended 7 Baraffe rows below 0.070000 Msun.
z015_norot,iso_7.40.dat,7.4,updated,1233,7,1240,0.07,0.01,0.06,0.01,9.759,0.009078296608845182,0.09868773415862853,0.004312265841371676,Prepended 7 Baraffe rows below 0.070000 Msun.
z015_norot,iso_7.41.dat,7.41,updated,1136,7,1143,0.07,0.01,0.06,0.01,10.099194,0.009176635691392931,0.09931113899454669,0.004769974904907492,Prepended 7 Baraffe rows below 0.070000 Msun.
z015_norot,iso_7.42.dat,7.42,updated,1133,7,1140,0.07,0.01,0.06,0.01,9.968231,0.009199026752391593,0.0997063385412158,0.004484295312905395,Prepended 7 Baraffe rows below 0.070000 Msun.
z015_norot,iso_7.43.dat,7.43,updated,1134,7,1141,0.07,0.01,0.06,0.01,9.845293,0.009331998674825925,0.0989727507255429,0.004924524347011072,Prepended 7 Baraffe rows below 0.070000 Msun.
z015_norot,iso_7.44.dat,7.44,updated,1135,7,1142,0.07,0.01,0.06,0.01,9.723871,0.00932131316045437,0.09951519392240105,0.0046878448620795155,Prepended 7 Baraffe rows below 0.070000 Msun.
z015_norot,iso_7.45.dat,7.45,updated,1134,7,1141,0.07,0.01,0.06,0.01,9.603947,0.009363568325909455,0.10001199520188919,0.0045904038384882995,Prepended 7 Baraffe rows below 0.070000 Msun.
z015_norot,iso_7.46.dat,7.46,updated,1132,7,1139,0.07,0.01,0.06,0.01,9.485501,0.009595646327776652,0.10027549721556017,0.005120047732724231,Prepended 7 Baraffe rows below 0.070000 Msun.
z015_norot,iso_7.47.dat,7.47,updated,1134,7,1141,0.07,0.01,0.06,0.01,9.368517,0.009697540613431421,0.1007182120779544,0.004581787922045777,Prepended 7 Baraffe rows below 0.070000 Msun.
z015_norot,iso_7.48.dat,7.48,updated,1130,7,1137,0.07,0.01,0.06,0.01,9.252975,0.009840714002162798,0.10129625128242337,0.005066703496198421,Prepended 7 Baraffe rows below 0.070000 Msun.
z015_norot,iso_7.49.dat,7.49,updated,1108,7,1115,0.07,0.01,0.06,0.01,9.138857,0.009970651216867132,0.10178573224384202,0.005451414204927119,Prepended 7 Baraffe rows below 0.070000 Msun.
z015_norot,iso_7.50.dat,7.5,updated,1105,7,1112,0.07,0.01,0.06,0.01,9.026148,0.010018264057555903,0.1022654978083577,0.005237319974980004,Prepended 7 Baraffe rows below 0.070000 Msun.
z015_norot,iso_7.51.dat,7.51,updated,1104,7,1111,0.07,0.01,0.06,0.01,8.920735,0.010212723276274538,0.10184913859999822,0.004614341145456002,Prepended 7 Baraffe rows below 0.070000 Msun.
z015_norot,iso_7.52.dat,7.52,updated,1103,7,1110,0.07,0.01,0.06,0.01,8.818336,0.01026727322360843,0.10288553468877648,0.004730017072819059,Prepended 7 Baraffe rows below 0.070000 Msun.
z015_norot,iso_7.53.dat,7.53,updated,1103,7,1110,0.07,0.01,0.06,0.01,8.717111,0.010420628990438274,0.10368624787772607,0.0046748881000429066,Prepended 7 Baraffe rows below 0.070000 Msun.
z015_norot,iso_7.54.dat,7.54,updated,1091,7,1098,0.07,0.01,0.06,0.01,8.617048,0.010519596949464916,0.10370883935431285,0.004892928516549766,Prepended 7 Baraffe rows below 0.070000 Msun.
z015_norot,iso_7.55.dat,7.55,updated,1091,7,1098,0.07,0.01,0.06,0.01,8.518134,0.010447595043558966,0.10428555028314479,0.005048186131972443,Prepended 7 Baraffe rows below 0.070000 Msun.
z015_norot,iso_7.56.dat,7.56,updated,1090,7,1097,0.07,0.01,0.06,0.01,8.420356,0.010655787849448206,0.10400640243899417,0.004693597561006513,Prepended 7 Baraffe rows below 0.070000 Msun.
z015_norot,iso_7.57.dat,7.57,updated,1087,7,1094,0.07,0.01,0.06,0.01,8.323699,0.010722528571831536,0.10444380836683331,0.004836884063499802,Prepended 7 Baraffe rows below 0.070000 Msun.
z015_norot,iso_7.58.dat,7.58,updated,1180,7,1187,0.07,0.01,0.06,0.01,8.228152,0.010931217634504442,0.10557441790138533,0.00531705473240951,Prepended 7 Baraffe rows below 0.070000 Msun.
z015_norot,iso_7.59.dat,7.59,updated,1174,7,1181,0.07,0.01,0.06,0.01,8.133703,0.01089303535736219,0.10531182050892962,0.00543936154196345,Prepended 7 Baraffe rows below 0.070000 Msun.
z015_norot,iso_7.60.dat,7.6,updated,1201,7,1208,0.07,0.01,0.06,0.01,8.040338,0.010976849755353069,0.10523005849703848,0.0051749512524672525,Prepended 7 Baraffe rows below 0.070000 Msun.
z015_norot,iso_7.61.dat,7.61,updated,1148,7,1155,0.07,0.01,0.06,0.01,7.950153,0.011205579718119196,0.10584872637630216,0.006100926271781049,Prepended 7 Baraffe rows below 0.070000 Msun.
z015_norot,iso_7.62.dat,7.62,updated,1146,6,1152,0.07,0.015,0.06,0.015,7.86259,0.011142045794038768,0.10535371335017008,0.006246286649830068,Prepended 6 Baraffe rows below 0.070000 Msun.
z015_norot,iso_7.63.dat,7.63,updated,1176,6,1182,0.07,0.015,0.06,0.015,7.775992,0.011365899225415532,0.1063459074732731,0.005665569395045367,Prepended 6 Baraffe rows below 0.070000 Msun.
z015_norot,iso_7.64.dat,7.64,updated,1175,6,1181,0.07,0.015,0.06,0.015,7.690348,0.011421378616146782,0.10617327815545252,0.006181377475638072,Prepended 6 Baraffe rows below 0.070000 Msun.
z015_norot,iso_7.65.dat,7.65,updated,1179,6,1185,0.07,0.015,0.06,0.015,7.605648,0.01138064734740718,0.10645552282765403,0.006772754050101248,Prepended 6 Baraffe rows below 0.070000 Msun.
z015_norot,iso_7.66.dat,7.66,updated,1135,6,1141,0.07,0.015,0.06,0.015,7.521879,0.011574476417703483,0.10659321685505097,0.006005652620791224,Prepended 6 Baraffe rows below 0.070000 Msun.
z015_norot,iso_7.67.dat,7.67,updated,1136,6,1142,0.07,0.015,0.06,0.015,7.439034,0.011626506922865598,0.10710156673252369,0.00606235449157122,Prepended 6 Baraffe rows below 0.070000 Msun.
z015_norot,iso_7.68.dat,7.68,updated,1161,6,1167,0.07,0.015,0.06,0.015,7.357101,0.011778373377890894,0.10766150811044106,0.006292327926373353,Prepended 6 Baraffe rows below 0.070000 Msun.
z015_norot,iso_7.69.dat,7.69,updated,1157,6,1163,0.07,0.015,0.06,0.015,7.276071,0.011929611213210567,0.10731816791666038,0.005954554722227279,Prepended 6 Baraffe rows below 0.070000 Msun.
z015_norot,iso_7.70.dat,7.7,updated,1161,6,1167,0.07,0.015,0.06,0.015,7.195932,0.011980359254630812,0.10815624408355706,0.006629170610962021,Prepended 6 Baraffe rows below 0.070000 Msun.
z015_norot,iso_7.71.dat,7.71,updated,1124,6,1130,0.07,0.015,0.06,0.015,7.116677,0.012130967920585434,0.10838546511624791,0.006614534883751411,Prepended 6 Baraffe rows below 0.070000 Msun.
z015_norot,iso_7.72.dat,7.72,updated,1126,6,1132,0.07,0.015,0.06,0.015,7.038294,0.012393251864037502,0.1088870738429919,0.006984694617756304,Prepended 6 Baraffe rows below 0.070000 Msun.
z015_norot,iso_7.73.dat,7.73,updated,1172,6,1178,0.07,0.015,0.06,0.015,6.963428,0.01262498012713209,0.10997013738245842,0.00731706435288082,Prepended 6 Baraffe rows below 0.070000 Msun.
z015_norot,iso_7.74.dat,7.74,updated,1175,6,1181,0.07,0.015,0.06,0.015,6.891907,0.013001283779038975,0.11188695088574363,0.007585957079100147,Prepended 6 Baraffe rows below 0.070000 Msun.
z015_norot,iso_7.75.dat,7.75,updated,1142,6,1148,0.07,0.015,0.06,0.015,6.82112,0.01332479292135691,0.11304113597242349,0.0080059093517173,Prepended 6 Baraffe rows below 0.070000 Msun.
z015_norot,iso_7.76.dat,7.76,updated,1142,6,1148,0.07,0.015,0.06,0.015,6.75106,0.013888136845591426,0.11482005857557187,0.007586113293834629,Prepended 6 Baraffe rows below 0.070000 Msun.
z015_norot,iso_7.77.dat,7.77,updated,1157,6,1163,0.07,0.015,0.06,0.015,6.68172,0.014119462877022482,0.11650500924999196,0.007253564821434466,Prepended 6 Baraffe rows below 0.070000 Msun.
z015_norot,iso_7.78.dat,7.78,updated,1160,6,1166,0.07,0.015,0.06,0.015,6.613092,0.014390627142347512,0.11722173667086899,0.0071772592278600555,Prepended 6 Baraffe rows below 0.070000 Msun.
z015_norot,iso_7.79.dat,7.79,updated,1128,6,1134,0.07,0.015,0.06,0.015,6.545169,0.014867143029544394,0.11841421298256449,0.007213237165916375,Prepended 6 Baraffe rows below 0.070000 Msun.
z015_norot,iso_7.80.dat,7.8,updated,1158,6,1164,0.07,0.015,0.06,0.015,6.477944,0.01517442853519091,0.11894767540148443,0.008101549732344004,Prepended 6 Baraffe rows below 0.070000 Msun.
z015_norot,iso_7.81.dat,7.81,updated,1158,6,1164,0.07,0.015,0.06,0.015,6.411409,0.015438226665396293,0.11951262721972489,0.008745104232498413,Prepended 6 Baraffe rows below 0.070000 Msun.
z015_norot,iso_7.82.dat,7.82,updated,1135,6,1141,0.07,0.015,0.06,0.015,6.344915,0.015866260320467784,0.1216716568544558,0.00877333894031107,Prepended 6 Baraffe rows below 0.070000 Msun.
z015_norot,iso_7.83.dat,7.83,updated,1135,6,1141,0.07,0.015,0.06,0.015,6.278978,0.016184573181950768,0.12250781955928369,0.009648432612803681,Prepended 6 Baraffe rows below 0.070000 Msun.
z015_norot,iso_7.84.dat,7.84,updated,1127,6,1133,0.07,0.015,0.06,0.015,6.213727,0.01655455703152997,0.1236437547785787,0.009792785153291739,Prepended 6 Baraffe rows below 0.070000 Msun.
z015_norot,iso_7.85.dat,7.85,updated,1129,6,1135,0.07,0.015,0.06,0.015,6.16517,0.01675630953948426,0.12488684210521894,0.009978947368447066,Prepended 6 Baraffe rows below 0.070000 Msun.
z015_norot,iso_7.86.dat,7.86,updated,1108,6,1114,0.07,0.015,0.06,0.015,6.121268,0.01711214165054553,0.12553360706641437,0.010438272030944162,Prepended 6 Baraffe rows below 0.070000 Msun.
z015_norot,iso_7.87.dat,7.87,updated,1126,6,1132,0.07,0.015,0.06,0.015,6.077678,0.01752814647890011,0.12649702970292598,0.01114455445547069,Prepended 6 Baraffe rows below 0.070000 Msun.
z015_norot,iso_7.88.dat,7.88,updated,1128,6,1134,0.07,0.015,0.06,0.015,6.034399,0.017746056090546247,0.12712096597142164,0.010665861690482004,Prepended 6 Baraffe rows below 0.070000 Msun.
z015_norot,iso_7.89.dat,7.89,updated,1110,6,1116,0.07,0.015,0.06,0.015,5.980681,0.018008910359051278,0.12750175006832043,0.011383538419495132,Prepended 6 Baraffe rows below 0.070000 Msun.
z015_norot,iso_7.90.dat,7.9,updated,1127,6,1133,0.07,0.015,0.06,0.015,5.885047,0.01833029224080507,0.12903229322791532,0.01140550483720304,Prepended 6 Baraffe rows below 0.070000 Msun.
z015_norot,iso_7.91.dat,7.91,updated,1109,6,1115,0.07,0.015,0.06,0.015,5.794559,0.0185350977968346,0.1295108747204683,0.011646317501213588,Prepended 6 Baraffe rows below 0.070000 Msun.
z015_norot,iso_7.92.dat,7.92,updated,1121,6,1127,0.07,0.015,0.06,0.015,5.738736,0.018796196549453192,0.13001905955683934,0.0113483433837267,Prepended 6 Baraffe rows below 0.070000 Msun.
z015_norot,iso_7.93.dat,7.93,updated,1123,6,1129,0.07,0.015,0.06,0.015,5.683451,0.019093970049864684,0.1307041199513268,0.012454788599241873,Prepended 6 Baraffe rows below 0.070000 Msun.
z015_norot,iso_7.94.dat,7.94,updated,1108,6,1114,0.07,0.015,0.06,0.015,5.628698,0.019134734711612644,0.13061375126386432,0.01278968655210111,Prepended 6 Baraffe rows below 0.070000 Msun.
z015_norot,iso_7.95.dat,7.95,updated,1106,6,1112,0.07,0.015,0.06,0.015,5.574508,0.019178076543042266,0.13010273003029527,0.012922952477278926,Prepended 6 Baraffe rows below 0.070000 Msun.
z015_norot,iso_7.96.dat,7.96,updated,1094,6,1100,0.07,0.015,0.06,0.015,5.520879,0.019188990787849303,0.12998801023840967,0.013674659841060866,Prepended 6 Baraffe rows below 0.070000 Msun.
z015_norot,iso_7.97.dat,7.97,updated,1102,6,1108,0.07,0.015,0.06,0.015,5.467766,0.019343028849651667,0.1300795791744962,0.014280280550336144,Prepended 6 Baraffe rows below 0.070000 Msun.
z015_norot,iso_7.98.dat,7.98,updated,1099,6,1105,0.07,0.015,0.06,0.015,5.415164,0.019398256921729917,0.1293736607744851,0.014855282687928906,Prepended 6 Baraffe rows below 0.070000 Msun.
z015_norot,iso_7.99.dat,7.99,updated,1092,6,1098,0.07,0.015,0.06,0.015,5.363683,0.01945498308443172,0.13015300472648983,0.014483997299148399,Prepended 6 Baraffe rows below 0.070000 Msun.
z015_norot,iso_8.00.dat,8.0,updated,1093,6,1099,0.07,0.015,0.06,0.015,5.312944,0.019313335458636338,0.12938212041350194,0.015078586390997906,Prepended 6 Baraffe rows below 0.070000 Msun.
z015_norot,iso_8.01.dat,8.01,unchanged,0,0,0,nan,nan,nan,nan,nan,nan,nan,nan,"Outside update interval [6.00, 8.01)"
z015_norot,iso_8.02.dat,8.02,unchanged,0,0,0,nan,nan,nan,nan,nan,nan,nan,nan,"Outside update interval [6.00, 8.01)"
z015_norot,iso_8.03.dat,8.03,unchanged,0,0,0,nan,nan,nan,nan,nan,nan,nan,nan,"Outside update interval [6.00, 8.01)"
z015_norot,iso_8.04.dat,8.04,unchanged,0,0,0,nan,nan,nan,nan,nan,nan,nan,nan,"Outside update interval [6.00, 8.01)"
z015_norot,iso_8.05.dat,8.05,unchanged,0,0,0,nan,nan,nan,nan,nan,nan,nan,nan,"Outside update interval [6.00, 8.01)"
z015_norot,iso_8.06.dat,8.06,unchanged,0,0,0,nan,nan,nan,nan,nan,nan,nan,nan,"Outside update interval [6.00, 8.01)"
z015_norot,iso_8.07.dat,8.07,unchanged,0,0,0,nan,nan,nan,nan,nan,nan,nan,nan,"Outside update interval [6.00, 8.01)"
z015_norot,iso_8.08.dat,8.08,unchanged,0,0,0,nan,nan,nan,nan,nan,nan,nan,nan,"Outside update interval [6.00, 8.01)"
z015_norot,iso_8.09.dat,8.09,unchanged,0,0,0,nan,nan,nan,nan,nan,nan,nan,nan,"Outside update interval [6.00, 8.01)"
z015_norot,iso_8.10.dat,8.1,unchanged,0,0,0,nan,nan,nan,nan,nan,nan,nan,nan,"Outside update interval [6.00, 8.01)"
z015_norot,iso_8.11.dat,8.11,unchanged,0,0,0,nan,nan,nan,nan,nan,nan,nan,nan,"Outside update interval [6.00, 8.01)"
z015_norot,iso_8.12.dat,8.12,unchanged,0,0,0,nan,nan,nan,nan,nan,nan,nan,nan,"Outside update interval [6.00, 8.01)"
z015_norot,iso_8.13.dat,8.13,unchanged,0,0,0,nan,nan,nan,nan,nan,nan,nan,nan,"Outside update interval [6.00, 8.01)"
z015_norot,iso_8.14.dat,8.14,unchanged,0,0,0,nan,nan,nan,nan,nan,nan,nan,nan,"Outside update interval [6.00, 8.01)"
z015_norot,iso_8.15.dat,8.15,unchanged,0,0,0,nan,nan,nan,nan,nan,nan,nan,nan,"Outside update interval [6.00, 8.01)"
z015_norot,iso_8.16.dat,8.16,unchanged,0,0,0,nan,nan,nan,nan,nan,nan,nan,nan,"Outside update interval [6.00, 8.01)"
z015_norot,iso_8.17.dat,8.17,unchanged,0,0,0,nan,nan,nan,nan,nan,nan,nan,nan,"Outside update interval [6.00, 8.01)"
z015_norot,iso_8.18.dat,8.18,unchanged,0,0,0,nan,nan,nan,nan,nan,nan,nan,nan,"Outside update interval [6.00, 8.01)"
z015_norot,iso_8.19.dat,8.19,unchanged,0,0,0,nan,nan,nan,nan,nan,nan,nan,nan,"Outside update interval [6.00, 8.01)"
z015_norot,iso_8.20.dat,8.2,unchanged,0,0,0,nan,nan,nan,nan,nan,nan,nan,nan,"Outside update interval [6.00, 8.01)"
z015_norot,iso_8.21.dat,8.21,unchanged,0,0,0,nan,nan,nan,nan,nan,nan,nan,nan,"Outside update interval [6.00, 8.01)"
z015_norot,iso_8.22.dat,8.22,unchanged,0,0,0,nan,nan,nan,nan,nan,nan,nan,nan,"Outside update interval [6.00, 8.01)"
z015_norot,iso_8.23.dat,8.23,unchanged,0,0,0,nan,nan,nan,nan,nan,nan,nan,nan,"Outside update interval [6.00, 8.01)"
z015_norot,iso_8.24.dat,8.24,unchanged,0,0,0,nan,nan,nan,nan,nan,nan,nan,nan,"Outside update interval [6.00, 8.01)"
z015_norot,iso_8.25.dat,8.25,unchanged,0,0,0,nan,nan,nan,nan,nan,nan,nan,nan,"Outside update interval [6.00, 8.01)"
z015_norot,iso_8.26.dat,8.26,unchanged,0,0,0,nan,nan,nan,nan,nan,nan,nan,nan,"Outside update interval [6.00, 8.01)"
z015_norot,iso_8.27.dat,8.27,unchanged,0,0,0,nan,nan,nan,nan,nan,nan,nan,nan,"Outside update interval [6.00, 8.01)"
z015_norot,iso_8.28.dat,8.28,unchanged,0,0,0,nan,nan,nan,nan,nan,nan,nan,nan,"Outside update interval [6.00, 8.01)"
z015_norot,iso_8.29.dat,8.29,unchanged,0,0,0,nan,nan,nan,nan,nan,nan,nan,nan,"Outside update interval [6.00, 8.01)"
z015_norot,iso_8.30.dat,8.3,unchanged,0,0,0,nan,nan,nan,nan,nan,nan,nan,nan,"Outside update interval [6.00, 8.01)"
z015_norot,iso_8.31.dat,8.31,unchanged,0,0,0,nan,nan,nan,nan,nan,nan,nan,nan,"Outside update interval [6.00, 8.01)"
z015_norot,iso_8.32.dat,8.32,unchanged,0,0,0,nan,nan,nan,nan,nan,nan,nan,nan,"Outside update interval [6.00, 8.01)"
z015_norot,iso_8.33.dat,8.33,unchanged,0,0,0,nan,nan,nan,nan,nan,nan,nan,nan,"Outside update interval [6.00, 8.01)"
z015_norot,iso_8.34.dat,8.34,unchanged,0,0,0,nan,nan,nan,nan,nan,nan,nan,nan,"Outside update interval [6.00, 8.01)"
z015_norot,iso_8.35.dat,8.35,unchanged,0,0,0,nan,nan,nan,nan,nan,nan,nan,nan,"Outside update interval [6.00, 8.01)"
z015_norot,iso_8.36.dat,8.36,unchanged,0,0,0,nan,nan,nan,nan,nan,nan,nan,nan,"Outside update interval [6.00, 8.01)"
z015_norot,iso_8.37.dat,8.37,unchanged,0,0,0,nan,nan,nan,nan,nan,nan,nan,nan,"Outside update interval [6.00, 8.01)"
z015_norot,iso_8.38.dat,8.38,unchanged,0,0,0,nan,nan,nan,nan,nan,nan,nan,nan,"Outside update interval [6.00, 8.01)"
z015_norot,iso_8.39.dat,8.39,unchanged,0,0,0,nan,nan,nan,nan,nan,nan,nan,nan,"Outside update interval [6.00, 8.01)"
z015_norot,iso_8.40.dat,8.4,unchanged,0,0,0,nan,nan,nan,nan,nan,nan,nan,nan,"Outside update interval [6.00, 8.01)"
z015_norot,iso_8.41.dat,8.41,unchanged,0,0,0,nan,nan,nan,nan,nan,nan,nan,nan,"Outside update interval [6.00, 8.01)"
z015_norot,iso_8.42.dat,8.42,unchanged,0,0,0,nan,nan,nan,nan,nan,nan,nan,nan,"Outside update interval [6.00, 8.01)"
z015_norot,iso_8.43.dat,8.43,unchanged,0,0,0,nan,nan,nan,nan,nan,nan,nan,nan,"Outside update interval [6.00, 8.01)"
z015_norot,iso_8.44.dat,8.44,unchanged,0,0,0,nan,nan,nan,nan,nan,nan,nan,nan,"Outside update interval [6.00, 8.01)"
z015_norot,iso_8.45.dat,8.45,unchanged,0,0,0,nan,nan,nan,nan,nan,nan,nan,nan,"Outside update interval [6.00, 8.01)"
z015_norot,iso_8.46.dat,8.46,unchanged,0,0,0,nan,nan,nan,nan,nan,nan,nan,nan,"Outside update interval [6.00, 8.01)"
z015_norot,iso_8.47.dat,8.47,unchanged,0,0,0,nan,nan,nan,nan,nan,nan,nan,nan,"Outside update interval [6.00, 8.01)"
z015_norot,iso_8.48.dat,8.48,unchanged,0,0,0,nan,nan,nan,nan,nan,nan,nan,nan,"Outside update interval [6.00, 8.01)"
z015_norot,iso_8.49.dat,8.49,unchanged,0,0,0,nan,nan,nan,nan,nan,nan,nan,nan,"Outside update interval [6.00, 8.01)"
z015_norot,iso_8.50.dat,8.5,unchanged,0,0,0,nan,nan,nan,nan,nan,nan,nan,nan,"Outside update interval [6.00, 8.01)"
z015_norot,iso_8.51.dat,8.51,unchanged,0,0,0,nan,nan,nan,nan,nan,nan,nan,nan,"Outside update interval [6.00, 8.01)"
z015_norot,iso_8.52.dat,8.52,unchanged,0,0,0,nan,nan,nan,nan,nan,nan,nan,nan,"Outside update interval [6.00, 8.01)"
z015_norot,iso_8.53.dat,8.53,unchanged,0,0,0,nan,nan,nan,nan,nan,nan,nan,nan,"Outside update interval [6.00, 8.01)"
z015_norot,iso_8.54.dat,8.54,unchanged,0,0,0,nan,nan,nan,nan,nan,nan,nan,nan,"Outside update interval [6.00, 8.01)"
z015_norot,iso_8.55.dat,8.55,unchanged,0,0,0,nan,nan,nan,nan,nan,nan,nan,nan,"Outside update interval [6.00, 8.01)"
z015_norot,iso_8.56.dat,8.56,unchanged,0,0,0,nan,nan,nan,nan,nan,nan,nan,nan,"Outside update interval [6.00, 8.01)"
z015_norot,iso_8.57.dat,8.57,unchanged,0,0,0,nan,nan,nan,nan,nan,nan,nan,nan,"Outside update interval [6.00, 8.01)"
z015_norot,iso_8.58.dat,8.58,unchanged,0,0,0,nan,nan,nan,nan,nan,nan,nan,nan,"Outside update interval [6.00, 8.01)"
z015_norot,iso_8.59.dat,8.59,unchanged,0,0,0,nan,nan,nan,nan,nan,nan,nan,nan,"Outside update interval [6.00, 8.01)"
z015_norot,iso_8.60.dat,8.6,unchanged,0,0,0,nan,nan,nan,nan,nan,nan,nan,nan,"Outside update interval [6.00, 8.01)"
z015_norot,iso_8.61.dat,8.61,unchanged,0,0,0,nan,nan,nan,nan,nan,nan,nan,nan,"Outside update interval [6.00, 8.01)"
z015_norot,iso_8.62.dat,8.62,unchanged,0,0,0,nan,nan,nan,nan,nan,nan,nan,nan,"Outside update interval [6.00, 8.01)"
z015_norot,iso_8.63.dat,8.63,unchanged,0,0,0,nan,nan,nan,nan,nan,nan,nan,nan,"Outside update interval [6.00, 8.01)"
z015_norot,iso_8.64.dat,8.64,unchanged,0,0,0,nan,nan,nan,nan,nan,nan,nan,nan,"Outside update interval [6.00, 8.01)"
z015_norot,iso_8.65.dat,8.65,unchanged,0,0,0,nan,nan,nan,nan,nan,nan,nan,nan,"Outside update interval [6.00, 8.01)"
z015_norot,iso_8.66.dat,8.66,unchanged,0,0,0,nan,nan,nan,nan,nan,nan,nan,nan,"Outside update interval [6.00, 8.01)"
z015_norot,iso_8.67.dat,8.67,unchanged,0,0,0,nan,nan,nan,nan,nan,nan,nan,nan,"Outside update interval [6.00, 8.01)"
z015_norot,iso_8.68.dat,8.68,unchanged,0,0,0,nan,nan,nan,nan,nan,nan,nan,nan,"Outside update interval [6.00, 8.01)"
z015_norot,iso_8.69.dat,8.69,unchanged,0,0,0,nan,nan,nan,nan,nan,nan,nan,nan,"Outside update interval [6.00, 8.01)"
z015_norot,iso_8.70.dat,8.7,unchanged,0,0,0,nan,nan,nan,nan,nan,nan,nan,nan,"Outside update interval [6.00, 8.01)"
z015_norot,iso_8.71.dat,8.71,unchanged,0,0,0,nan,nan,nan,nan,nan,nan,nan,nan,"Outside update interval [6.00, 8.01)"
z015_norot,iso_8.72.dat,8.72,unchanged,0,0,0,nan,nan,nan,nan,nan,nan,nan,nan,"Outside update interval [6.00, 8.01)"
z015_norot,iso_8.73.dat,8.73,unchanged,0,0,0,nan,nan,nan,nan,nan,nan,nan,nan,"Outside update interval [6.00, 8.01)"
z015_norot,iso_8.74.dat,8.74,unchanged,0,0,0,nan,nan,nan,nan,nan,nan,nan,nan,"Outside update interval [6.00, 8.01)"
z015_norot,iso_8.75.dat,8.75,unchanged,0,0,0,nan,nan,nan,nan,nan,nan,nan,nan,"Outside update interval [6.00, 8.01)"
z015_norot,iso_8.76.dat,8.76,unchanged,0,0,0,nan,nan,nan,nan,nan,nan,nan,nan,"Outside update interval [6.00, 8.01)"
z015_norot,iso_8.77.dat,8.77,unchanged,0,0,0,nan,nan,nan,nan,nan,nan,nan,nan,"Outside update interval [6.00, 8.01)"
z015_norot,iso_8.78.dat,8.78,unchanged,0,0,0,nan,nan,nan,nan,nan,nan,nan,nan,"Outside update interval [6.00, 8.01)"
z015_norot,iso_8.79.dat,8.79,unchanged,0,0,0,nan,nan,nan,nan,nan,nan,nan,nan,"Outside update interval [6.00, 8.01)"
z015_norot,iso_8.80.dat,8.8,unchanged,0,0,0,nan,nan,nan,nan,nan,nan,nan,nan,"Outside update interval [6.00, 8.01)"
z015_norot,iso_8.81.dat,8.81,unchanged,0,0,0,nan,nan,nan,nan,nan,nan,nan,nan,"Outside update interval [6.00, 8.01)"
z015_norot,iso_8.82.dat,8.82,unchanged,0,0,0,nan,nan,nan,nan,nan,nan,nan,nan,"Outside update interval [6.00, 8.01)"
z015_norot,iso_8.83.dat,8.83,unchanged,0,0,0,nan,nan,nan,nan,nan,nan,nan,nan,"Outside update interval [6.00, 8.01)"
z015_norot,iso_8.84.dat,8.84,unchanged,0,0,0,nan,nan,nan,nan,nan,nan,nan,nan,"Outside update interval [6.00, 8.01)"
z015_norot,iso_8.85.dat,8.85,unchanged,0,0,0,nan,nan,nan,nan,nan,nan,nan,nan,"Outside update interval [6.00, 8.01)"
z015_norot,iso_8.86.dat,8.86,unchanged,0,0,0,nan,nan,nan,nan,nan,nan,nan,nan,"Outside update interval [6.00, 8.01)"
z015_norot,iso_8.87.dat,8.87,unchanged,0,0,0,nan,nan,nan,nan,nan,nan,nan,nan,"Outside update interval [6.00, 8.01)"
z015_norot,iso_8.88.dat,8.88,unchanged,0,0,0,nan,nan,nan,nan,nan,nan,nan,nan,"Outside update interval [6.00, 8.01)"
z015_norot,iso_8.89.dat,8.89,unchanged,0,0,0,nan,nan,nan,nan,nan,nan,nan,nan,"Outside update interval [6.00, 8.01)"
z015_norot,iso_8.90.dat,8.9,unchanged,0,0,0,nan,nan,nan,nan,nan,nan,nan,nan,"Outside update interval [6.00, 8.01)"
z015_norot,iso_8.91.dat,8.91,unchanged,0,0,0,nan,nan,nan,nan,nan,nan,nan,nan,"Outside update interval [6.00, 8.01)"
z015_norot,iso_8.92.dat,8.92,unchanged,0,0,0,nan,nan,nan,nan,nan,nan,nan,nan,"Outside update interval [6.00, 8.01)"
z015_norot,iso_8.93.dat,8.93,unchanged,0,0,0,nan,nan,nan,nan,nan,nan,nan,nan,"Outside update interval [6.00, 8.01)"
z015_norot,iso_8.94.dat,8.94,unchanged,0,0,0,nan,nan,nan,nan,nan,nan,nan,nan,"Outside update interval [6.00, 8.01)"
z015_norot,iso_8.95.dat,8.95,unchanged,0,0,0,nan,nan,nan,nan,nan,nan,nan,nan,"Outside update interval [6.00, 8.01)"
z015_norot,iso_8.96.dat,8.96,unchanged,0,0,0,nan,nan,nan,nan,nan,nan,nan,nan,"Outside update interval [6.00, 8.01)"
z015_norot,iso_8.97.dat,8.97,unchanged,0,0,0,nan,nan,nan,nan,nan,nan,nan,nan,"Outside update interval [6.00, 8.01)"
z015_norot,iso_8.98.dat,8.98,unchanged,0,0,0,nan,nan,nan,nan,nan,nan,nan,nan,"Outside update interval [6.00, 8.01)"
z015_norot,iso_8.99.dat,8.99,unchanged,0,0,0,nan,nan,nan,nan,nan,nan,nan,nan,"Outside update interval [6.00, 8.01)"
z015_norot,iso_9.00.dat,9.0,unchanged,0,0,0,nan,nan,nan,nan,nan,nan,nan,nan,"Outside update interval [6.00, 8.01)"
z015_norot,iso_9.01.dat,9.01,unchanged,0,0,0,nan,nan,nan,nan,nan,nan,nan,nan,"Outside update interval [6.00, 8.01)"
z015_norot,iso_9.02.dat,9.02,unchanged,0,0,0,nan,nan,nan,nan,nan,nan,nan,nan,"Outside update interval [6.00, 8.01)"
z015_norot,iso_9.03.dat,9.03,unchanged,0,0,0,nan,nan,nan,nan,nan,nan,nan,nan,"Outside update interval [6.00, 8.01)"
z015_norot,iso_9.04.dat,9.04,unchanged,0,0,0,nan,nan,nan,nan,nan,nan,nan,nan,"Outside update interval [6.00, 8.01)"
z015_norot,iso_9.05.dat,9.05,unchanged,0,0,0,nan,nan,nan,nan,nan,nan,nan,nan,"Outside update interval [6.00, 8.01)"
z015_norot,iso_9.06.dat,9.06,unchanged,0,0,0,nan,nan,nan,nan,nan,nan,nan,nan,"Outside update interval [6.00, 8.01)"
z015_norot,iso_9.07.dat,9.07,unchanged,0,0,0,nan,nan,nan,nan,nan,nan,nan,nan,"Outside update interval [6.00, 8.01)"
z015_norot,iso_9.08.dat,9.08,unchanged,0,0,0,nan,nan,nan,nan,nan,nan,nan,nan,"Outside update interval [6.00, 8.01)"
z015_norot,iso_9.09.dat,9.09,unchanged,0,0,0,nan,nan,nan,nan,nan,nan,nan,nan,"Outside update interval [6.00, 8.01)"
z015_norot,iso_9.10.dat,9.1,unchanged,0,0,0,nan,nan,nan,nan,nan,nan,nan,nan,"Outside update interval [6.00, 8.01)"
z015_norot,iso_9.11.dat,9.11,unchanged,0,0,0,nan,nan,nan,nan,nan,nan,nan,nan,"Outside update interval [6.00, 8.01)"
z015_norot,iso_9.12.dat,9.12,unchanged,0,0,0,nan,nan,nan,nan,nan,nan,nan,nan,"Outside update interval [6.00, 8.01)"
z015_norot,iso_9.13.dat,9.13,unchanged,0,0,0,nan,nan,nan,nan,nan,nan,nan,nan,"Outside update interval [6.00, 8.01)"
z015_norot,iso_9.14.dat,9.14,unchanged,0,0,0,nan,nan,nan,nan,nan,nan,nan,nan,"Outside update interval [6.00, 8.01)"
z015_norot,iso_9.15.dat,9.15,unchanged,0,0,0,nan,nan,nan,nan,nan,nan,nan,nan,"Outside update interval [6.00, 8.01)"
z015_norot,iso_9.16.dat,9.16,unchanged,0,0,0,nan,nan,nan,nan,nan,nan,nan,nan,"Outside update interval [6.00, 8.01)"
z015_norot,iso_9.17.dat,9.17,unchanged,0,0,0,nan,nan,nan,nan,nan,nan,nan,nan,"Outside update interval [6.00, 8.01)"
z015_norot,iso_9.18.dat,9.18,unchanged,0,0,0,nan,nan,nan,nan,nan,nan,nan,nan,"Outside update interval [6.00, 8.01)"
z015_norot,iso_9.19.dat,9.19,unchanged,0,0,0,nan,nan,nan,nan,nan,nan,nan,nan,"Outside update interval [6.00, 8.01)"
z015_norot,iso_9.20.dat,9.2,unchanged,0,0,0,nan,nan,nan,nan,nan,nan,nan,nan,"Outside update interval [6.00, 8.01)"
z015_norot,iso_9.21.dat,9.21,unchanged,0,0,0,nan,nan,nan,nan,nan,nan,nan,nan,"Outside update interval [6.00, 8.01)"
z015_norot,iso_9.22.dat,9.22,unchanged,0,0,0,nan,nan,nan,nan,nan,nan,nan,nan,"Outside update interval [6.00, 8.01)"
z015_norot,iso_9.23.dat,9.23,unchanged,0,0,0,nan,nan,nan,nan,nan,nan,nan,nan,"Outside update interval [6.00, 8.01)"
z015_norot,iso_9.24.dat,9.24,unchanged,0,0,0,nan,nan,nan,nan,nan,nan,nan,nan,"Outside update interval [6.00, 8.01)"
z015_norot,iso_9.25.dat,9.25,unchanged,0,0,0,nan,nan,nan,nan,nan,nan,nan,nan,"Outside update interval [6.00, 8.01)"
z015_norot,iso_9.26.dat,9.26,unchanged,0,0,0,nan,nan,nan,nan,nan,nan,nan,nan,"Outside update interval [6.00, 8.01)"
z015_norot,iso_9.27.dat,9.27,unchanged,0,0,0,nan,nan,nan,nan,nan,nan,nan,nan,"Outside update interval [6.00, 8.01)"
z015_norot,iso_9.28.dat,9.28,unchanged,0,0,0,nan,nan,nan,nan,nan,nan,nan,nan,"Outside update interval [6.00, 8.01)"
z015_norot,iso_9.29.dat,9.29,unchanged,0,0,0,nan,nan,nan,nan,nan,nan,nan,nan,"Outside update interval [6.00, 8.01)"
z015_norot,iso_9.30.dat,9.3,unchanged,0,0,0,nan,nan,nan,nan,nan,nan,nan,nan,"Outside update interval [6.00, 8.01)"
z015_norot,iso_9.31.dat,9.31,unchanged,0,0,0,nan,nan,nan,nan,nan,nan,nan,nan,"Outside update interval [6.00, 8.01)"
z015_norot,iso_9.32.dat,9.32,unchanged,0,0,0,nan,nan,nan,nan,nan,nan,nan,nan,"Outside update interval [6.00, 8.01)"
z015_norot,iso_9.33.dat,9.33,unchanged,0,0,0,nan,nan,nan,nan,nan,nan,nan,nan,"Outside update interval [6.00, 8.01)"
z015_norot,iso_9.34.dat,9.34,unchanged,0,0,0,nan,nan,nan,nan,nan,nan,nan,nan,"Outside update interval [6.00, 8.01)"
z015_norot,iso_9.35.dat,9.35,unchanged,0,0,0,nan,nan,nan,nan,nan,nan,nan,nan,"Outside update interval [6.00, 8.01)"
z015_norot,iso_9.36.dat,9.36,unchanged,0,0,0,nan,nan,nan,nan,nan,nan,nan,nan,"Outside update interval [6.00, 8.01)"
z015_norot,iso_9.37.dat,9.37,unchanged,0,0,0,nan,nan,nan,nan,nan,nan,nan,nan,"Outside update interval [6.00, 8.01)"
z015_norot,iso_9.38.dat,9.38,unchanged,0,0,0,nan,nan,nan,nan,nan,nan,nan,nan,"Outside update interval [6.00, 8.01)"
z015_norot,iso_9.39.dat,9.39,unchanged,0,0,0,nan,nan,nan,nan,nan,nan,nan,nan,"Outside update interval [6.00, 8.01)"
z015_norot,iso_9.40.dat,9.4,unchanged,0,0,0,nan,nan,nan,nan,nan,nan,nan,nan,"Outside update interval [6.00, 8.01)"
z015_norot,iso_9.41.dat,9.41,unchanged,0,0,0,nan,nan,nan,nan,nan,nan,nan,nan,"Outside update interval [6.00, 8.01)"
z015_norot,iso_9.42.dat,9.42,unchanged,0,0,0,nan,nan,nan,nan,nan,nan,nan,nan,"Outside update interval [6.00, 8.01)"
z015_norot,iso_9.43.dat,9.43,unchanged,0,0,0,nan,nan,nan,nan,nan,nan,nan,nan,"Outside update interval [6.00, 8.01)"
z015_norot,iso_9.44.dat,9.44,unchanged,0,0,0,nan,nan,nan,nan,nan,nan,nan,nan,"Outside update interval [6.00, 8.01)"
z015_norot,iso_9.45.dat,9.45,unchanged,0,0,0,nan,nan,nan,nan,nan,nan,nan,nan,"Outside update interval [6.00, 8.01)"
z015_norot,iso_9.46.dat,9.46,unchanged,0,0,0,nan,nan,nan,nan,nan,nan,nan,nan,"Outside update interval [6.00, 8.01)"
z015_norot,iso_9.47.dat,9.47,unchanged,0,0,0,nan,nan,nan,nan,nan,nan,nan,nan,"Outside update interval [6.00, 8.01)"
z015_norot,iso_9.48.dat,9.48,unchanged,0,0,0,nan,nan,nan,nan,nan,nan,nan,nan,"Outside update interval [6.00, 8.01)"
z015_norot,iso_9.49.dat,9.49,unchanged,0,0,0,nan,nan,nan,nan,nan,nan,nan,nan,"Outside update interval [6.00, 8.01)"
z015_norot,iso_9.50.dat,9.5,unchanged,0,0,0,nan,nan,nan,nan,nan,nan,nan,nan,"Outside update interval [6.00, 8.01)"
z015_norot,iso_9.51.dat,9.51,unchanged,0,0,0,nan,nan,nan,nan,nan,nan,nan,nan,"Outside update interval [6.00, 8.01)"
z015_norot,iso_9.52.dat,9.52,unchanged,0,0,0,nan,nan,nan,nan,nan,nan,nan,nan,"Outside update interval [6.00, 8.01)"
z015_norot,iso_9.53.dat,9.53,unchanged,0,0,0,nan,nan,nan,nan,nan,nan,nan,nan,"Outside update interval [6.00, 8.01)"
z015_norot,iso_9.54.dat,9.54,unchanged,0,0,0,nan,nan,nan,nan,nan,nan,nan,nan,"Outside update interval [6.00, 8.01)"
z015_norot,iso_9.55.dat,9.55,unchanged,0,0,0,nan,nan,nan,nan,nan,nan,nan,nan,"Outside update interval [6.00, 8.01)"
z015_norot,iso_9.56.dat,9.56,unchanged,0,0,0,nan,nan,nan,nan,nan,nan,nan,nan,"Outside update interval [6.00, 8.01)"
z015_norot,iso_9.57.dat,9.57,unchanged,0,0,0,nan,nan,nan,nan,nan,nan,nan,nan,"Outside update interval [6.00, 8.01)"
z015_norot,iso_9.58.dat,9.58,unchanged,0,0,0,nan,nan,nan,nan,nan,nan,nan,nan,"Outside update interval [6.00, 8.01)"
z015_norot,iso_9.59.dat,9.59,unchanged,0,0,0,nan,nan,nan,nan,nan,nan,nan,nan,"Outside update interval [6.00, 8.01)"
z015_norot,iso_9.60.dat,9.6,unchanged,0,0,0,nan,nan,nan,nan,nan,nan,nan,nan,"Outside update interval [6.00, 8.01)"
z015_norot,iso_9.61.dat,9.61,unchanged,0,0,0,nan,nan,nan,nan,nan,nan,nan,nan,"Outside update interval [6.00, 8.01)"
z015_norot,iso_9.62.dat,9.62,unchanged,0,0,0,nan,nan,nan,nan,nan,nan,nan,nan,"Outside update interval [6.00, 8.01)"
z015_norot,iso_9.63.dat,9.63,unchanged,0,0,0,nan,nan,nan,nan,nan,nan,nan,nan,"Outside update interval [6.00, 8.01)"
z015_norot,iso_9.64.dat,9.64,unchanged,0,0,0,nan,nan,nan,nan,nan,nan,nan,nan,"Outside update interval [6.00, 8.01)"
z015_norot,iso_9.65.dat,9.65,unchanged,0,0,0,nan,nan,nan,nan,nan,nan,nan,nan,"Outside update interval [6.00, 8.01)"
z015_norot,iso_9.66.dat,9.66,unchanged,0,0,0,nan,nan,nan,nan,nan,nan,nan,nan,"Outside update interval [6.00, 8.01)"
z015_norot,iso_9.67.dat,9.67,unchanged,0,0,0,nan,nan,nan,nan,nan,nan,nan,nan,"Outside update interval [6.00, 8.01)"
z015_norot,iso_9.68.dat,9.68,unchanged,0,0,0,nan,nan,nan,nan,nan,nan,nan,nan,"Outside update interval [6.00, 8.01)"
z015_norot,iso_9.69.dat,9.69,unchanged,0,0,0,nan,nan,nan,nan,nan,nan,nan,nan,"Outside update interval [6.00, 8.01)"
z015_norot,iso_9.70.dat,9.7,unchanged,0,0,0,nan,nan,nan,nan,nan,nan,nan,nan,"Outside update interval [6.00, 8.01)"
z015_norot,iso_9.71.dat,9.71,unchanged,0,0,0,nan,nan,nan,nan,nan,nan,nan,nan,"Outside update interval [6.00, 8.01)"
z015_norot,iso_9.72.dat,9.72,unchanged,0,0,0,nan,nan,nan,nan,nan,nan,nan,nan,"Outside update interval [6.00, 8.01)"
z015_norot,iso_9.73.dat,9.73,unchanged,0,0,0,nan,nan,nan,nan,nan,nan,nan,nan,"Outside update interval [6.00, 8.01)"
z015_norot,iso_9.74.dat,9.74,unchanged,0,0,0,nan,nan,nan,nan,nan,nan,nan,nan,"Outside update interval [6.00, 8.01)"
z015_norot,iso_9.75.dat,9.75,unchanged,0,0,0,nan,nan,nan,nan,nan,nan,nan,nan,"Outside update interval [6.00, 8.01)"
z015_norot,iso_9.76.dat,9.76,unchanged,0,0,0,nan,nan,nan,nan,nan,nan,nan,nan,"Outside update interval [6.00, 8.01)"
z015_norot,iso_9.77.dat,9.77,unchanged,0,0,0,nan,nan,nan,nan,nan,nan,nan,nan,"Outside update interval [6.00, 8.01)"
z015_norot,iso_9.78.dat,9.78,unchanged,0,0,0,nan,nan,nan,nan,nan,nan,nan,nan,"Outside update interval [6.00, 8.01)"
z015_norot,iso_9.79.dat,9.79,unchanged,0,0,0,nan,nan,nan,nan,nan,nan,nan,nan,"Outside update interval [6.00, 8.01)"
z015_norot,iso_9.80.dat,9.8,unchanged,0,0,0,nan,nan,nan,nan,nan,nan,nan,nan,"Outside update interval [6.00, 8.01)"
z015_norot,iso_9.81.dat,9.81,unchanged,0,0,0,nan,nan,nan,nan,nan,nan,nan,nan,"Outside update interval [6.00, 8.01)"
z015_norot,iso_9.82.dat,9.82,unchanged,0,0,0,nan,nan,nan,nan,nan,nan,nan,nan,"Outside update interval [6.00, 8.01)"
z015_norot,iso_9.83.dat,9.83,unchanged,0,0,0,nan,nan,nan,nan,nan,nan,nan,nan,"Outside update interval [6.00, 8.01)"
z015_norot,iso_9.84.dat,9.84,unchanged,0,0,0,nan,nan,nan,nan,nan,nan,nan,nan,"Outside update interval [6.00, 8.01)"
z015_norot,iso_9.85.dat,9.85,unchanged,0,0,0,nan,nan,nan,nan,nan,nan,nan,nan,"Outside update interval [6.00, 8.01)"
z015_norot,iso_9.86.dat,9.86,unchanged,0,0,0,nan,nan,nan,nan,nan,nan,nan,nan,"Outside update interval [6.00, 8.01)"
z015_norot,iso_9.87.dat,9.87,unchanged,0,0,0,nan,nan,nan,nan,nan,nan,nan,nan,"Outside update interval [6.00, 8.01)"
z015_norot,iso_9.88.dat,9.88,unchanged,0,0,0,nan,nan,nan,nan,nan,nan,nan,nan,"Outside update interval [6.00, 8.01)"
z015_norot,iso_9.89.dat,9.89,unchanged,0,0,0,nan,nan,nan,nan,nan,nan,nan,nan,"Outside update interval [6.00, 8.01)"
z015_norot,iso_9.90.dat,9.9,unchanged,0,0,0,nan,nan,nan,nan,nan,nan,nan,nan,"Outside update interval [6.00, 8.01)"
z015_norot,iso_9.91.dat,9.91,unchanged,0,0,0,nan,nan,nan,nan,nan,nan,nan,nan,"Outside update interval [6.00, 8.01)"
z015_norot,iso_9.92.dat,9.92,unchanged,0,0,0,nan,nan,nan,nan,nan,nan,nan,nan,"Outside update interval [6.00, 8.01)"
z015_norot,iso_9.93.dat,9.93,unchanged,0,0,0,nan,nan,nan,nan,nan,nan,nan,nan,"Outside update interval [6.00, 8.01)"
z015_norot,iso_9.94.dat,9.94,unchanged,0,0,0,nan,nan,nan,nan,nan,nan,nan,nan,"Outside update interval [6.00, 8.01)"
z015_norot,iso_9.95.dat,9.95,unchanged,0,0,0,nan,nan,nan,nan,nan,nan,nan,nan,"Outside update interval [6.00, 8.01)"
z015_norot,iso_9.96.dat,9.96,unchanged,0,0,0,nan,nan,nan,nan,nan,nan,nan,nan,"Outside update interval [6.00, 8.01)"
z015_norot,iso_9.97.dat,9.97,unchanged,0,0,0,nan,nan,nan,nan,nan,nan,nan,nan,"Outside update interval [6.00, 8.01)"
z015_norot,iso_9.98.dat,9.98,unchanged,0,0,0,nan,nan,nan,nan,nan,nan,nan,nan,"Outside update interval [6.00, 8.01)"
z015_norot,iso_9.99.dat,9.99,unchanged,0,0,0,nan,nan,nan,nan,nan,nan,nan,nan,"Outside update interval [6.00, 8.01)"
z015_norot,iso_10.00.dat,10.0,unchanged,0,0,0,nan,nan,nan,nan,nan,nan,nan,nan,"Outside update interval [6.00, 8.01)"
z015_norot,iso_10.01.dat,10.01,unchanged,0,0,0,nan,nan,nan,nan,nan,nan,nan,nan,"Outside update interval [6.00, 8.01)"
z015_norot,iso_10.02.dat,10.02,unchanged,0,0,0,nan,nan,nan,nan,nan,nan,nan,nan,"Outside update interval [6.00, 8.01)"
z015_norot,iso_10.03.dat,10.03,unchanged,0,0,0,nan,nan,nan,nan,nan,nan,nan,nan,"Outside update interval [6.00, 8.01)"
z015_norot,iso_10.04.dat,10.04,unchanged,0,0,0,nan,nan,nan,nan,nan,nan,nan,nan,"Outside update interval [6.00, 8.01)"
z015_norot,iso_10.05.dat,10.05,unchanged,0,0,0,nan,nan,nan,nan,nan,nan,nan,nan,"Outside update interval [6.00, 8.01)"
z015_norot,iso_10.06.dat,10.06,unchanged,0,0,0,nan,nan,nan,nan,nan,nan,nan,nan,"Outside update interval [6.00, 8.01)"
z015_norot,iso_10.07.dat,10.07,unchanged,0,0,0,nan,nan,nan,nan,nan,nan,nan,nan,"Outside update interval [6.00, 8.01)"
z015_norot,iso_10.08.dat,10.08,unchanged,0,0,0,nan,nan,nan,nan,nan,nan,nan,nan,"Outside update interval [6.00, 8.01)"
z015_norot,iso_10.09.dat,10.09,unchanged,0,0,0,nan,nan,nan,nan,nan,nan,nan,nan,"Outside update interval [6.00, 8.01)"
z015_rot,iso_6.00.dat,6.0,updated,1171,7,1178,0.07,0.01,0.06,0.01,500.0,0.0048269863641823285,0.11290194918203755,-0.027401949182037644,Prepended 7 Baraffe rows below 0.070000 Msun.
z015_rot,iso_6.01.dat,6.01,updated,1063,7,1070,0.07,0.01,0.06,0.01,500.0,0.005000937249824311,0.11492545839209933,-0.028525458392099523,Prepended 7 Baraffe rows below 0.070000 Msun.
z015_rot,iso_6.02.dat,6.02,updated,1063,7,1070,0.07,0.01,0.06,0.01,500.0,0.005075373696591168,0.11676790277901694,-0.02946790277901723,Prepended 7 Baraffe rows below 0.070000 Msun.
z015_rot,iso_6.03.dat,6.03,updated,1063,7,1070,0.07,0.01,0.06,0.01,500.0,0.005075373696591168,0.11827408279735296,-0.030274082797352886,Prepended 7 Baraffe rows below 0.070000 Msun.
z015_rot,iso_6.04.dat,6.04,updated,1063,7,1070,0.07,0.01,0.06,0.01,500.0,0.005175373696590935,0.11911513006709962,-0.031115130067099983,Prepended 7 Baraffe rows below 0.070000 Msun.
z015_rot,iso_6.05.dat,6.05,updated,1063,7,1070,0.07,0.01,0.06,0.01,500.0,0.005275373696591146,0.1202936170212745,-0.032293617021274645,Prepended 7 Baraffe rows below 0.070000 Msun.
z015_rot,iso_6.06.dat,6.06,updated,1063,7,1070,0.07,0.01,0.06,0.01,500.0,0.005214145863016384,0.12120788550848105,-0.033207885508481194,Prepended 7 Baraffe rows below 0.070000 Msun.
z015_rot,iso_6.07.dat,6.07,updated,1063,7,1070,0.07,0.01,0.06,0.01,500.0,0.0051238139386744486,0.12181475346687054,-0.03377213020030556,Prepended 7 Baraffe rows below 0.070000 Msun.
z015_rot,iso_6.08.dat,6.08,updated,1063,7,1070,0.07,0.01,0.06,0.01,500.0,0.0051238139386744486,0.12245126749534907,-0.034551267495349425,Prepended 7 Baraffe rows below 0.070000 Msun.
z015_rot,iso_6.09.dat,6.09,updated,1063,7,1070,0.07,0.01,0.06,0.01,500.0,0.0051238139386744486,0.12281884389612796,-0.03510942194806388,Prepended 7 Baraffe rows below 0.070000 Msun.
z015_rot,iso_6.10.dat,6.1,updated,1063,7,1070,0.07,0.01,0.06,0.01,500.0,0.0051238139386744486,0.12322010541528372,-0.0351201054152841,Prepended 7 Baraffe rows below 0.070000 Msun.
z015_rot,iso_6.11.dat,6.11,updated,1063,7,1070,0.07,0.01,0.06,0.01,500.0,0.0051238139386744486,0.12398908666471997,-0.03548362999707999,Prepended 7 Baraffe rows below 0.070000 Msun.
z015_rot,iso_6.12.dat,6.12,updated,1063,7,1070,0.07,0.01,0.06,0.01,500.0,0.0051238139386744486,0.12454808870732292,-0.036372133060984524,Prepended 7 Baraffe rows below 0.070000 Msun.
z015_rot,iso_6.13.dat,6.13,updated,1063,7,1070,0.07,0.01,0.06,0.01,500.0,0.0052238139386742155,0.1248546455306021,-0.03685464553060225,Prepended 7 Baraffe rows below 0.070000 Msun.
z015_rot,iso_6.14.dat,6.14,updated,1063,7,1070,0.07,0.01,0.06,0.01,500.0,0.0052238139386742155,0.12498443584010377,-0.03708443584010368,Prepended 7 Baraffe rows below 0.070000 Msun.
z015_rot,iso_6.15.dat,6.15,updated,1063,7,1070,0.07,0.01,0.06,0.01,500.0,0.0052238139386742155,0.12447512679282213,-0.037075126792821766,Prepended 7 Baraffe rows below 0.070000 Msun.
z015_rot,iso_6.16.dat,6.16,updated,1280,7,1287,0.07,0.01,0.06,0.01,500.0,0.005199649398906381,0.12427841384556726,-0.037078413845567315,Prepended 7 Baraffe rows below 0.070000 Msun.
z015_rot,iso_6.17.dat,6.17,updated,1280,7,1287,0.07,0.01,0.06,0.01,500.0,0.005127610449989106,0.12510481171547982,-0.03740481171547971,Prepended 7 Baraffe rows below 0.070000 Msun.
z015_rot,iso_6.18.dat,6.18,updated,1280,7,1287,0.07,0.01,0.06,0.01,500.0,0.005072307053515246,0.12551796676992288,-0.03751796676992303,Prepended 7 Baraffe rows below 0.070000 Msun.
z015_rot,iso_6.19.dat,6.19,updated,1280,7,1287,0.07,0.01,0.06,0.01,500.0,0.005072307053515246,0.12515666948277393,-0.03715666948277363,Prepended 7 Baraffe rows below 0.070000 Msun.
z015_rot,iso_6.20.dat,6.2,updated,1280,7,1287,0.07,0.01,0.06,0.01,500.0,0.005072307053515246,0.12480390141637154,-0.03680390141637124,Prepended 7 Baraffe rows below 0.070000 Msun.
z015_rot,iso_6.21.dat,6.21,updated,1280,7,1287,0.07,0.01,0.06,0.01,500.0,0.005072307053515246,0.12442655315232276,-0.03642655315232268,Prepended 7 Baraffe rows below 0.070000 Msun.
z015_rot,iso_6.22.dat,6.22,updated,1280,7,1287,0.07,0.01,0.06,0.01,500.0,0.005072307053515246,0.12396146525010954,-0.03606146525010967,Prepended 7 Baraffe rows below 0.070000 Msun.
z015_rot,iso_6.23.dat,6.23,updated,1280,7,1287,0.07,0.01,0.06,0.01,500.0,0.005072307053515246,0.1235681496237262,-0.03646814962372602,Prepended 7 Baraffe rows below 0.070000 Msun.
z015_rot,iso_6.24.dat,6.24,updated,1280,7,1287,0.07,0.01,0.06,0.01,500.0,0.005072307053515246,0.1238033343256908,-0.03620333432569112,Prepended 7 Baraffe rows below 0.070000 Msun.
z015_rot,iso_6.25.dat,6.25,updated,1280,7,1287,0.07,0.01,0.06,0.01,500.0,0.005172307053515457,0.12369416493003738,-0.03569416493003752,Prepended 7 Baraffe rows below 0.070000 Msun.
z015_rot,iso_6.26.dat,6.26,updated,1280,7,1287,0.07,0.01,0.06,0.01,500.0,0.005272307053515224,0.12314108452950423,-0.03514108452950415,Prepended 7 Baraffe rows below 0.070000 Msun.
z015_rot,iso_6.27.dat,6.27,updated,1280,7,1287,0.07,0.01,0.06,0.01,500.0,0.005272307053515224,0.12292497444633566,-0.0349249744463358,Prepended 7 Baraffe rows below 0.070000 Msun.
z015_rot,iso_6.28.dat,6.28,updated,1280,7,1287,0.07,0.01,0.06,0.01,500.0,0.005272307053515224,0.1230878364565573,-0.03508783645655722,Prepended 7 Baraffe rows below 0.070000 Msun.
z015_rot,iso_6.29.dat,6.29,updated,1280,7,1287,0.07,0.01,0.06,0.01,500.0,0.005272307053515224,0.12205284387695792,-0.034505687753915826,Prepended 7 Baraffe rows below 0.070000 Msun.
z015_rot,iso_6.30.dat,6.3,updated,1281,7,1288,0.07,0.01,0.06,0.01,500.0,0.005272307053515224,0.12117888246627939,-0.03397888246627945,Prepended 7 Baraffe rows below 0.070000 Msun.
z015_rot,iso_6.31.dat,6.31,updated,1281,7,1288,0.07,0.01,0.06,0.01,500.0,0.005272307053515224,0.12122030828516173,-0.03352030828516206,Prepended 7 Baraffe rows below 0.070000 Msun.
z015_rot,iso_6.32.dat,6.32,updated,1281,7,1288,0.07,0.01,0.06,0.01,500.0,0.005154981846325679,0.12044925665740691,-0.03267462832870338,Prepended 7 Baraffe rows below 0.070000 Msun.
z015_rot,iso_6.33.dat,6.33,updated,1281,7,1288,0.07,0.01,0.06,0.01,500.0,0.005120853004237258,0.12055146906325387,-0.03175146906325388,Prepended 7 Baraffe rows below 0.070000 Msun.
z015_rot,iso_6.34.dat,6.34,updated,1407,7,1414,0.07,0.01,0.06,0.01,500.0,0.005220853004237469,0.11941733893046069,-0.03173467786092132,Prepended 7 Baraffe rows below 0.070000 Msun.
z015_rot,iso_6.35.dat,6.35,updated,1641,7,1648,0.07,0.01,0.06,0.01,500.0,0.005220853004237469,0.11880648451029185,-0.030806484510291554,Prepended 7 Baraffe rows below 0.070000 Msun.
z015_rot,iso_6.36.dat,6.36,updated,1876,7,1883,0.07,0.01,0.06,0.01,500.0,0.005220853004237469,0.11787477203647123,-0.030437386018235646,Prepended 7 Baraffe rows below 0.070000 Msun.
z015_rot,iso_6.37.dat,6.37,updated,2110,7,2117,0.07,0.01,0.06,0.01,500.0,0.005220853004237469,0.11717368981678589,-0.028647379633572,Prepended 7 Baraffe rows below 0.070000 Msun.
z015_rot,iso_6.38.dat,6.38,updated,2313,7,2320,0.07,0.01,0.06,0.01,500.0,0.005220853004237469,0.11643240067151339,-0.028432400671513314,Prepended 7 Baraffe rows below 0.070000 Msun.
z015_rot,iso_6.39.dat,6.39,updated,2472,7,2479,0.07,0.01,0.06,0.01,500.0,0.005320853004237236,0.11613755868544273,-0.028137558685442876,Prepended 7 Baraffe rows below 0.070000 Msun.
z015_rot,iso_6.40.dat,6.4,updated,2532,7,2539,0.07,0.01,0.06,0.01,478.738,0.005420853004237447,0.11493553149606117,-0.025935531496060982,Prepended 7 Baraffe rows below 0.070000 Msun.
z015_rot,iso_6.41.dat,6.41,updated,2431,7,2438,0.07,0.01,0.06,0.01,416.633,0.0052694517540015084,0.1130308003233611,-0.025261600646722115,Prepended 7 Baraffe rows below 0.070000 Msun.
z015_rot,iso_6.42.dat,6.42,updated,2332,7,2339,0.07,0.01,0.06,0.01,362.584,0.0052694517540015084,0.11170839200224858,-0.0236041960011244,Prepended 7 Baraffe rows below 0.070000 Msun.
z015_rot,iso_6.43.dat,6.43,updated,2213,7,2220,0.07,0.01,0.06,0.01,315.547,0.0052694517540015084,0.1110598343049991,-0.022119668609998033,Prepended 7 Baraffe rows below 0.070000 Msun.
z015_rot,iso_6.44.dat,6.44,updated,2138,7,2145,0.07,0.01,0.06,0.01,282.381,0.005369451754001275,0.10953943661971333,-0.020919718309856616,Prepended 7 Baraffe rows below 0.070000 Msun.
z015_rot,iso_6.45.dat,6.45,updated,2093,7,2100,0.07,0.01,0.06,0.01,256.801,0.005369451754001275,0.1070641381704509,-0.01906413817045083,Prepended 7 Baraffe rows below 0.070000 Msun.
z015_rot,iso_6.46.dat,6.46,updated,2048,7,2055,0.07,0.01,0.06,0.01,233.663,0.005369451754001275,0.10646181886508543,-0.017523637730170627,Prepended 7 Baraffe rows below 0.070000 Msun.
z015_rot,iso_6.47.dat,6.47,updated,1989,7,1996,0.07,0.01,0.06,0.01,212.496,0.0052215007888056775,0.10405509566574933,-0.016055095665749253,Prepended 7 Baraffe rows below 0.070000 Msun.
z015_rot,iso_6.48.dat,6.48,updated,1932,7,1939,0.07,0.01,0.06,0.01,194.495,0.005418103266007446,0.10164501748251387,-0.012745017482513887,Prepended 7 Baraffe rows below 0.070000 Msun.
z015_rot,iso_6.49.dat,6.49,updated,1896,7,1903,0.07,0.01,0.06,0.01,180.035,0.005418103266007446,0.099572368421045,-0.01057236842104503,Prepended 7 Baraffe rows below 0.070000 Msun.
z015_rot,iso_6.50.dat,6.5,updated,1965,7,1972,0.07,0.01,0.06,0.01,166.686,0.005518103266007657,0.09643836652381288,-0.0074383665238126895,Prepended 7 Baraffe rows below 0.070000 Msun.
z015_rot,iso_6.51.dat,6.51,updated,1911,7,1918,0.07,0.01,0.06,0.01,154.357,0.005461028262500278,0.09337720033528463,-0.003377200335284325,Prepended 7 Baraffe rows below 0.070000 Msun.
z015_rot,iso_6.52.dat,6.52,updated,1872,7,1879,0.07,0.01,0.06,0.01,144.063,0.005566807503493809,0.08946336537683952,0.00045940706035407786,Prepended 7 Baraffe rows below 0.070000 Msun.
z015_rot,iso_6.53.dat,6.53,updated,1844,7,1851,0.07,0.01,0.06,0.01,135.2,0.005566807503493809,0.08531028354470416,0.0038046691978452785,Prepended 7 Baraffe rows below 0.070000 Msun.
z015_rot,iso_6.54.dat,6.54,updated,1816,7,1823,0.07,0.01,0.06,0.01,126.882,0.005762948607066498,0.07905306122447908,0.009946938775520664,Prepended 7 Baraffe rows below 0.070000 Msun.
z015_rot,iso_6.55.dat,6.55,updated,1731,7,1738,0.07,0.01,0.06,0.01,119.131,0.00571556442973753,0.07406496815285468,0.015135031847145264,Prepended 7 Baraffe rows below 0.070000 Msun.
z015_rot,iso_6.56.dat,6.56,updated,1710,7,1717,0.07,0.01,0.06,0.01,112.214,0.00571556442973753,0.0691343949044474,0.021865605095553242,Prepended 7 Baraffe rows below 0.070000 Msun.
z015_rot,iso_6.57.dat,6.57,updated,1691,7,1698,0.07,0.01,0.06,0.01,105.698,0.005769464322167295,0.06139795663051406,0.028635717264400284,Prepended 7 Baraffe rows below 0.070000 Msun.
z015_rot,iso_6.58.dat,6.58,updated,1656,7,1663,0.07,0.01,0.06,0.01,99.607,0.005864374008052398,0.05534469787913676,0.03475530212086353,Prepended 7 Baraffe rows below 0.070000 Msun.
z015_rot,iso_6.59.dat,6.59,updated,1620,7,1627,0.07,0.01,0.06,0.01,93.824,0.005917631203283147,0.049267325243189886,0.041732674756810084,Prepended 7 Baraffe rows below 0.070000 Msun.
z015_rot,iso_6.60.dat,6.6,updated,1584,7,1591,0.07,0.01,0.06,0.01,88.376,0.005860871941798074,0.04407620409058999,0.04692379590940954,Prepended 7 Baraffe rows below 0.070000 Msun.
z015_rot,iso_6.61.dat,6.61,updated,1561,7,1568,0.07,0.01,0.06,0.01,83.706,0.005796232932841594,0.04048433614117464,0.05041708784599175,Prepended 7 Baraffe rows below 0.070000 Msun.
z015_rot,iso_6.62.dat,6.62,updated,1557,7,1564,0.07,0.01,0.06,0.01,80.015,0.005845691697913047,0.037339833396415,0.053660166603584525,Prepended 7 Baraffe rows below 0.070000 Msun.
z015_rot,iso_6.63.dat,6.63,updated,1554,7,1561,0.07,0.01,0.06,0.01,76.522,0.005802333112406188,0.03759247553015377,0.05436194942906525,Prepended 7 Baraffe rows below 0.070000 Msun.
z015_rot,iso_6.64.dat,6.64,updated,1551,7,1558,0.07,0.01,0.06,0.01,73.148,0.005938351636868067,0.03786109671397764,0.054006426868487445,Prepended 7 Baraffe rows below 0.070000 Msun.
z015_rot,iso_6.65.dat,6.65,updated,1547,7,1554,0.07,0.01,0.06,0.01,69.923,0.0058267330436527764,0.038493076459933384,0.051506923540066474,Prepended 7 Baraffe rows below 0.070000 Msun.
z015_rot,iso_6.66.dat,6.66,updated,1559,7,1566,0.07,0.01,0.06,0.01,66.871,0.005840121639607343,0.0405171529968158,0.05038170347006332,Prepended 7 Baraffe rows below 0.070000 Msun.
z015_rot,iso_6.67.dat,6.67,updated,1545,7,1552,0.07,0.01,0.06,0.01,63.923,0.005781485978888501,0.04343561859729195,0.047309929078046764,Prepended 7 Baraffe rows below 0.070000 Msun.
z015_rot,iso_6.68.dat,6.68,updated,1530,7,1537,0.07,0.01,0.06,0.01,61.133,0.00581787721152649,0.045644899746053236,0.044349487785690034,Prepended 7 Baraffe rows below 0.070000 Msun.
z015_rot,iso_6.69.dat,6.69,updated,1519,7,1526,0.07,0.01,0.06,0.01,58.626,0.005702811102398897,0.04679999999997064,0.042300000000031535,Prepended 7 Baraffe rows below 0.070000 Msun.
z015_rot,iso_6.70.dat,6.7,updated,1605,7,1612,0.07,0.01,0.06,0.01,56.4,0.005697135935969211,0.04843438639122355,0.04056561360877664,Prepended 7 Baraffe rows below 0.070000 Msun.
z015_rot,iso_6.71.dat,6.71,updated,1597,7,1604,0.07,0.01,0.06,0.01,54.23,0.005738380580327274,0.05158534166416007,0.039069632053981174,Prepended 7 Baraffe rows below 0.070000 Msun.
z015_rot,iso_6.72.dat,6.72,updated,1590,7,1597,0.07,0.01,0.06,0.01,52.145,0.00564073841729007,0.05236884417222876,0.03769509089144618,Prepended 7 Baraffe rows below 0.070000 Msun.
z015_rot,iso_6.73.dat,6.73,updated,1584,7,1591,0.07,0.01,0.06,0.01,50.158,0.005650230671221834,0.05420409914201274,0.03568789323167865,Prepended 7 Baraffe rows below 0.070000 Msun.
z015_rot,iso_6.74.dat,6.74,updated,1576,7,1583,0.07,0.01,0.06,0.01,48.229,0.005807246632556939,0.056396854146779196,0.034741849380392154,Prepended 7 Baraffe rows below 0.070000 Msun.
z015_rot,iso_6.75.dat,6.75,updated,1554,7,1561,0.07,0.01,0.06,0.01,46.39,0.005966912632181742,0.05776389226594136,0.03323888525206309,Prepended 7 Baraffe rows below 0.070000 Msun.
z015_rot,iso_6.76.dat,6.76,updated,1543,7,1550,0.07,0.01,0.06,0.01,44.606,0.0059065789368975,0.060622693472845546,0.030560176260012284,Prepended 7 Baraffe rows below 0.070000 Msun.
z015_rot,iso_6.77.dat,6.77,updated,1523,7,1530,0.07,0.01,0.06,0.01,42.906,0.006034810430649351,0.06193650454299848,0.029906841261386763,Prepended 7 Baraffe rows below 0.070000 Msun.
z015_rot,iso_6.78.dat,6.78,updated,1505,7,1512,0.07,0.01,0.06,0.01,41.256,0.006068007453622126,0.06421676465345638,0.02773579191166231,Prepended 7 Baraffe rows below 0.070000 Msun.
z015_rot,iso_6.79.dat,6.79,updated,1489,7,1496,0.07,0.01,0.06,0.01,39.727,0.006129040655285856,0.0648025371828258,0.02657419072618783,Prepended 7 Baraffe rows below 0.070000 Msun.
z015_rot,iso_6.80.dat,6.8,updated,1524,7,1531,0.07,0.01,0.06,0.01,38.453,0.0062994513474787794,0.06707281223446881,0.025506202209033546,Prepended 7 Baraffe rows below 0.070000 Msun.
z015_rot,iso_6.81.dat,6.81,updated,1525,7,1532,0.07,0.01,0.06,0.01,37.207,0.006472322610037828,0.06831784197108681,0.024711554800367797,Prepended 7 Baraffe rows below 0.070000 Msun.
z015_rot,iso_6.82.dat,6.82,updated,1519,7,1526,0.07,0.01,0.06,0.01,36.014,0.006496972887569008,0.07055764939248665,0.023399454500399486,Prepended 7 Baraffe rows below 0.070000 Msun.
z015_rot,iso_6.83.dat,6.83,updated,1515,7,1522,0.07,0.01,0.06,0.01,34.847,0.006373386677883897,0.07050233903625869,0.022628250268644567,Prepended 7 Baraffe rows below 0.070000 Msun.
z015_rot,iso_6.84.dat,6.84,updated,1514,7,1521,0.07,0.01,0.06,0.01,33.73,0.006353863273650617,0.07127342870918385,0.021726571290816565,Prepended 7 Baraffe rows below 0.070000 Msun.
z015_rot,iso_6.85.dat,6.85,updated,1512,7,1519,0.07,0.01,0.06,0.01,32.637,0.006353863273650617,0.07162563896476959,0.02047436103523026,Prepended 7 Baraffe rows below 0.070000 Msun.
z015_rot,iso_6.86.dat,6.86,updated,1509,7,1516,0.07,0.01,0.06,0.01,31.58,0.006353863273650617,0.0723363809071218,0.019663619092878726,Prepended 7 Baraffe rows below 0.070000 Msun.
z015_rot,iso_6.87.dat,6.87,updated,1505,7,1512,0.07,0.01,0.06,0.01,30.547,0.00650338797194383,0.07491939333279363,0.019080606667206013,Prepended 7 Baraffe rows below 0.070000 Msun.
z015_rot,iso_6.88.dat,6.88,updated,1514,7,1521,0.07,0.01,0.06,0.01,29.539,0.00650338797194383,0.07569774424510367,0.01760225575489649,Prepended 7 Baraffe rows below 0.070000 Msun.
z015_rot,iso_6.89.dat,6.89,updated,1509,7,1516,0.07,0.01,0.06,0.01,28.573,0.00650338797194383,0.07605004549587968,0.017649954504120657,Prepended 7 Baraffe rows below 0.070000 Msun.
z015_rot,iso_6.90.dat,6.9,updated,1501,7,1508,0.07,0.01,0.06,0.01,27.647,0.006652964168326392,0.07687564575643169,0.01712435424356773,Prepended 7 Baraffe rows below 0.070000 Msun.
z015_rot,iso_6.91.dat,6.91,updated,1485,7,1492,0.07,0.01,0.06,0.01,26.778,0.006652964168326392,0.07670774907746436,0.01649225092253559,Prepended 7 Baraffe rows below 0.070000 Msun.
z015_rot,iso_6.92.dat,6.92,updated,1472,7,1479,0.07,0.01,0.06,0.01,25.944,0.006661060666604435,0.07802470806501582,0.015697762741486265,Prepended 7 Baraffe rows below 0.070000 Msun.
z015_rot,iso_6.93.dat,6.93,updated,1446,7,1453,0.07,0.01,0.06,0.01,25.128,0.006702591898282595,0.07904684159375552,0.014953158406244782,Prepended 7 Baraffe rows below 0.070000 Msun.
z015_rot,iso_6.94.dat,6.94,updated,1445,7,1452,0.07,0.01,0.06,0.01,24.45,0.006702591898282595,0.07968076923074419,0.014319230769254787,Prepended 7 Baraffe rows below 0.070000 Msun.
z015_rot,iso_6.95.dat,6.95,updated,1451,7,1458,0.07,0.01,0.06,0.01,23.82,0.006842426038323968,0.08034235567770542,0.012857644322294526,Prepended 7 Baraffe rows below 0.070000 Msun.
z015_rot,iso_6.96.dat,6.96,updated,1451,7,1458,0.07,0.01,0.06,0.01,23.199,0.006852271197335558,0.0806314324578592,0.013168567542140686,Prepended 7 Baraffe rows below 0.070000 Msun.
z015_rot,iso_6.97.dat,6.97,updated,1454,7,1461,0.07,0.01,0.06,0.01,22.595,0.006752271197335791,0.08097232536667631,0.013044907169991404,Prepended 7 Baraffe rows below 0.070000 Msun.
z015_rot,iso_6.98.dat,6.98,updated,1459,7,1466,0.07,0.01,0.06,0.01,22.013,0.006658649122661675,0.08218342653785093,0.012816573462148817,Prepended 7 Baraffe rows below 0.070000 Msun.
z015_rot,iso_6.99.dat,6.99,updated,1435,7,1442,0.07,0.01,0.06,0.01,21.44,0.006802002101043758,0.08152978530387589,0.012670214696124837,Prepended 7 Baraffe rows below 0.070000 Msun.
z015_rot,iso_7.00.dat,7.0,updated,1454,7,1461,0.07,0.01,0.06,0.01,20.885,0.006802002101043758,0.08216280115962515,0.01190347895633792,Prepended 7 Baraffe rows below 0.070000 Msun.
z015_rot,iso_7.01.dat,7.01,updated,1425,7,1432,0.07,0.01,0.06,0.01,20.341,0.006811803821509699,0.08328905196348169,0.011645497818354222,Prepended 7 Baraffe rows below 0.070000 Msun.
z015_rot,iso_7.02.dat,7.02,updated,1409,7,1416,0.07,0.01,0.06,0.01,19.868,0.006851784645002468,0.08381008560461956,0.010189914395380306,Prepended 7 Baraffe rows below 0.070000 Msun.
z015_rot,iso_7.03.dat,7.03,updated,1385,7,1392,0.07,0.01,0.06,0.01,19.512,0.006851784645002468,0.08360351734242455,0.010436834391818195,Prepended 7 Baraffe rows below 0.070000 Msun.
z015_rot,iso_7.04.dat,7.04,updated,1387,7,1394,0.07,0.01,0.06,0.01,19.163,0.006854370060000559,0.08515532286210448,0.009844677137895275,Prepended 7 Baraffe rows below 0.070000 Msun.
z015_rot,iso_7.05.dat,7.05,updated,1388,7,1395,0.07,0.01,0.06,0.01,18.814,0.00699964282033072,0.08478132635250546,0.009318673647494613,Prepended 7 Baraffe rows below 0.070000 Msun.
z015_rot,iso_7.06.dat,7.06,updated,1390,7,1397,0.07,0.01,0.06,0.01,18.477,0.0070016188648440725,0.08444601463224322,0.009553985367756646,Prepended 7 Baraffe rows below 0.070000 Msun.
z015_rot,iso_7.07.dat,7.07,updated,1398,7,1405,0.07,0.01,0.06,0.01,18.141,0.0070016188648440725,0.08566360593014855,0.01004275466286586,Prepended 7 Baraffe rows below 0.070000 Msun.
z015_rot,iso_7.08.dat,7.08,updated,1400,7,1407,0.07,0.01,0.06,0.01,17.816,0.007129973475797691,0.08620732865006042,0.009792671349940107,Prepended 7 Baraffe rows below 0.070000 Msun.
z015_rot,iso_7.09.dat,7.09,updated,1401,7,1408,0.07,0.01,0.06,0.01,17.497,0.00705150479623784,0.08580594339620129,0.008693396226442829,Prepended 7 Baraffe rows below 0.070000 Msun.
z015_rot,iso_7.10.dat,7.1,updated,1387,7,1394,0.07,0.01,0.06,0.01,17.179,0.007062330028191344,0.08739175257729181,0.008347422680436978,Prepended 7 Baraffe rows below 0.070000 Msun.
z015_rot,iso_7.11.dat,7.11,updated,1389,7,1396,0.07,0.01,0.06,0.01,16.871,0.007101442474890973,0.08784832852218427,0.008151671477816258,Prepended 7 Baraffe rows below 0.070000 Msun.
z015_rot,iso_7.12.dat,7.12,updated,1392,7,1399,0.07,0.01,0.06,0.01,16.569,0.007191293993041636,0.08779093683526318,0.008008156848263503,Prepended 7 Baraffe rows below 0.070000 Msun.
z015_rot,iso_7.13.dat,7.13,updated,1392,7,1399,0.07,0.01,0.06,0.01,16.268,0.00725467582131456,0.08869461242438392,0.008283763972905867,Prepended 7 Baraffe rows below 0.070000 Msun.
z015_rot,iso_7.14.dat,7.14,updated,1392,7,1399,0.07,0.01,0.06,0.01,15.977,0.007392150835563882,0.0886409015942573,0.007421220450825494,Prepended 7 Baraffe rows below 0.070000 Msun.
z015_rot,iso_7.15.dat,7.15,updated,1382,7,1389,0.07,0.01,0.06,0.01,15.691,0.007401473216981369,0.08864307187753706,0.0073569281224630245,Prepended 7 Baraffe rows below 0.070000 Msun.
z015_rot,iso_7.16.dat,7.16,updated,1370,7,1377,0.07,0.01,0.06,0.01,15.405,0.007514880887598441,0.0900561390800152,0.006699474827986052,Prepended 7 Baraffe rows below 0.070000 Msun.
z015_rot,iso_7.17.dat,7.17,updated,1354,7,1361,0.07,0.01,0.06,0.01,15.129,0.0075502469322343835,0.0904154663305472,0.0065845336694527745,Prepended 7 Baraffe rows below 0.070000 Msun.
z015_rot,iso_7.18.dat,7.18,updated,1352,7,1359,0.07,0.01,0.06,0.01,14.88,0.007609954507711958,0.09074891110314987,0.006651088896849622,Prepended 7 Baraffe rows below 0.070000 Msun.
z015_rot,iso_7.19.dat,7.19,updated,1357,7,1364,0.07,0.01,0.06,0.01,14.655,0.00774401110517875,0.09147429489465209,0.006525705105348223,Prepended 7 Baraffe rows below 0.070000 Msun.
z015_rot,iso_7.20.dat,7.2,updated,1390,7,1397,0.07,0.01,0.06,0.01,14.438,0.007751908329341806,0.09203952287695483,0.005960477123045038,Prepended 7 Baraffe rows below 0.070000 Msun.
z015_rot,iso_7.21.dat,7.21,updated,1395,7,1402,0.07,0.01,0.06,0.01,14.22,0.0077603587400649765,0.09251839689262686,0.005503442796635838,Prepended 7 Baraffe rows below 0.070000 Msun.
z015_rot,iso_7.22.dat,7.22,updated,1382,7,1389,0.07,0.01,0.06,0.01,14.006,0.00779251362608635,0.09261090238761538,0.006289097612384609,Prepended 7 Baraffe rows below 0.070000 Msun.
z015_rot,iso_7.23.dat,7.23,updated,1383,7,1390,0.07,0.01,0.06,0.01,13.779,0.007852458155802822,0.09257093897531732,0.006383248819745724,Prepended 7 Baraffe rows below 0.070000 Msun.
z015_rot,iso_7.24.dat,7.24,updated,1383,7,1390,0.07,0.01,0.06,0.01,13.551,0.007979892951218481,0.0929283401514236,0.006071659848576161,Prepended 7 Baraffe rows below 0.070000 Msun.
z015_rot,iso_7.25.dat,7.25,updated,1361,7,1368,0.07,0.01,0.06,0.01,13.328,0.00811021561862768,0.09394137304126682,0.005772764262860441,Prepended 7 Baraffe rows below 0.070000 Msun.
z015_rot,iso_7.26.dat,7.26,updated,1362,7,1369,0.07,0.01,0.06,0.01,13.108,0.008064781936008014,0.09449195126134402,0.0055080487386565125,Prepended 7 Baraffe rows below 0.070000 Msun.
z015_rot,iso_7.27.dat,7.27,updated,1353,7,1360,0.07,0.01,0.06,0.01,12.892,0.008193885618402508,0.09401462158912821,0.005985378410871434,Prepended 7 Baraffe rows below 0.070000 Msun.
z015_rot,iso_7.28.dat,7.28,updated,1338,7,1345,0.07,0.01,0.06,0.01,12.679,0.008222365595457415,0.09418633842475144,0.005902295417723025,Prepended 7 Baraffe rows below 0.070000 Msun.
z015_rot,iso_7.29.dat,7.29,updated,1322,7,1329,0.07,0.01,0.06,0.01,12.47,0.008250296115632771,0.09538408010859323,0.005254327902266098,Prepended 7 Baraffe rows below 0.070000 Msun.
z015_rot,iso_7.30.dat,7.3,updated,1301,7,1308,0.07,0.01,0.06,0.01,12.264,0.008304743952608717,0.09458098055788033,0.004648774302649983,Prepended 7 Baraffe rows below 0.070000 Msun.
z015_rot,iso_7.31.dat,7.31,updated,1284,7,1291,0.07,0.01,0.06,0.01,12.062,0.008330175089659164,0.09532824686331454,0.004504577823016831,Prepended 7 Baraffe rows below 0.070000 Msun.
z015_rot,iso_7.32.dat,7.32,updated,1277,7,1284,0.07,0.01,0.06,0.01,11.886,0.008456653858305074,0.09572361809042329,0.004948743718618864,Prepended 7 Baraffe rows below 0.070000 Msun.
z015_rot,iso_7.33.dat,7.33,updated,1274,7,1281,0.07,0.01,0.06,0.01,11.724,0.008557970036500162,0.09558148332914751,0.005426665003767539,Prepended 7 Baraffe rows below 0.070000 Msun.
z015_rot,iso_7.34.dat,7.34,updated,1274,7,1281,0.07,0.01,0.06,0.01,11.567,0.00868332676431427,0.09569610875527168,0.005443502120255239,Prepended 7 Baraffe rows below 0.070000 Msun.
z015_rot,iso_7.35.dat,7.35,updated,1273,7,1280,0.07,0.01,0.06,0.01,11.409,0.008808267253691326,0.09728073834944562,0.0052873354854989785,Prepended 7 Baraffe rows below 0.070000 Msun.
z015_rot,iso_7.36.dat,7.36,updated,1226,7,1233,0.07,0.01,0.06,0.01,11.253,0.00865833512191827,0.09744142880709905,0.004758571192900796,Prepended 7 Baraffe rows below 0.070000 Msun.
z015_rot,iso_7.37.dat,7.37,updated,1227,7,1234,0.07,0.01,0.06,0.01,11.102,0.00880475048427165,0.09796529605260273,0.004851233552658485,Prepended 7 Baraffe rows below 0.070000 Msun.
z015_rot,iso_7.38.dat,7.38,updated,1226,7,1233,0.07,0.01,0.06,0.01,10.953,0.008956221577053114,0.09752794298350764,0.004572057016492437,Prepended 7 Baraffe rows below 0.070000 Msun.
z015_rot,iso_7.39.dat,7.39,updated,1230,7,1237,0.07,0.01,0.06,0.01,10.816,0.009048310908895463,0.09834189122976023,0.004566487016191445,Prepended 7 Baraffe rows below 0.070000 Msun.
z015_rot,iso_7.40.dat,7.4,updated,1235,7,1242,0.07,0.01,0.06,0.01,10.683,0.009078296608845182,0.09868773415862853,0.004312265841371676,Prepended 7 Baraffe rows below 0.070000 Msun.
z015_rot,iso_7.41.dat,7.41,updated,1136,7,1143,0.07,0.01,0.06,0.01,10.099194,0.009176635691392931,0.09931113899454669,0.004769974904907492,Prepended 7 Baraffe rows below 0.070000 Msun.
z015_rot,iso_7.42.dat,7.42,updated,1133,7,1140,0.07,0.01,0.06,0.01,9.968231,0.009199026752391593,0.0997063385412158,0.004484295312905395,Prepended 7 Baraffe rows below 0.070000 Msun.
z015_rot,iso_7.43.dat,7.43,updated,1134,7,1141,0.07,0.01,0.06,0.01,9.845293,0.009331998674825925,0.0989727507255429,0.004924524347011072,Prepended 7 Baraffe rows below 0.070000 Msun.
z015_rot,iso_7.44.dat,7.44,updated,1135,7,1142,0.07,0.01,0.06,0.01,9.723871,0.00932131316045437,0.09951519392240105,0.0046878448620795155,Prepended 7 Baraffe rows below 0.070000 Msun.
z015_rot,iso_7.45.dat,7.45,updated,1134,7,1141,0.07,0.01,0.06,0.01,9.603947,0.009363568325909455,0.10001199520188919,0.0045904038384882995,Prepended 7 Baraffe rows below 0.070000 Msun.
z015_rot,iso_7.46.dat,7.46,updated,1132,7,1139,0.07,0.01,0.06,0.01,9.485501,0.009595646327776652,0.10027549721556017,0.005120047732724231,Prepended 7 Baraffe rows below 0.070000 Msun.
z015_rot,iso_7.47.dat,7.47,updated,1134,7,1141,0.07,0.01,0.06,0.01,9.368517,0.009697540613431421,0.1007182120779544,0.004581787922045777,Prepended 7 Baraffe rows below 0.070000 Msun.
z015_rot,iso_7.48.dat,7.48,updated,1130,7,1137,0.07,0.01,0.06,0.01,9.252975,0.009840714002162798,0.10129625128242337,0.005066703496198421,Prepended 7 Baraffe rows below 0.070000 Msun.
z015_rot,iso_7.49.dat,7.49,updated,1108,7,1115,0.07,0.01,0.06,0.01,9.138857,0.009970651216867132,0.10178573224384202,0.005451414204927119,Prepended 7 Baraffe rows below 0.070000 Msun.
z015_rot,iso_7.50.dat,7.5,updated,1105,7,1112,0.07,0.01,0.06,0.01,9.026148,0.010018264057555903,0.1022654978083577,0.005237319974980004,Prepended 7 Baraffe rows below 0.070000 Msun.
z015_rot,iso_7.51.dat,7.51,updated,1104,7,1111,0.07,0.01,0.06,0.01,8.920735,0.010212723276274538,0.10184913859999822,0.004614341145456002,Prepended 7 Baraffe rows below 0.070000 Msun.
z015_rot,iso_7.52.dat,7.52,updated,1103,7,1110,0.07,0.01,0.06,0.01,8.818336,0.01026727322360843,0.10288553468877648,0.004730017072819059,Prepended 7 Baraffe rows below 0.070000 Msun.
z015_rot,iso_7.53.dat,7.53,updated,1103,7,1110,0.07,0.01,0.06,0.01,8.717111,0.010420628990438274,0.10368624787772607,0.0046748881000429066,Prepended 7 Baraffe rows below 0.070000 Msun.
z015_rot,iso_7.54.dat,7.54,updated,1091,7,1098,0.07,0.01,0.06,0.01,8.617048,0.010519596949464916,0.10370883935431285,0.004892928516549766,Prepended 7 Baraffe rows below 0.070000 Msun.
z015_rot,iso_7.55.dat,7.55,updated,1091,7,1098,0.07,0.01,0.06,0.01,8.518134,0.010447595043558966,0.10428555028314479,0.005048186131972443,Prepended 7 Baraffe rows below 0.070000 Msun.
z015_rot,iso_7.56.dat,7.56,updated,1090,7,1097,0.07,0.01,0.06,0.01,8.420356,0.010655787849448206,0.10400640243899417,0.004693597561006513,Prepended 7 Baraffe rows below 0.070000 Msun.
z015_rot,iso_7.57.dat,7.57,updated,1087,7,1094,0.07,0.01,0.06,0.01,8.323699,0.010722528571831536,0.10444380836683331,0.004836884063499802,Prepended 7 Baraffe rows below 0.070000 Msun.
z015_rot,iso_7.58.dat,7.58,updated,1180,7,1187,0.07,0.01,0.06,0.01,8.228152,0.010931217634504442,0.10557441790138533,0.00531705473240951,Prepended 7 Baraffe rows below 0.070000 Msun.
z015_rot,iso_7.59.dat,7.59,updated,1174,7,1181,0.07,0.01,0.06,0.01,8.133703,0.01089303535736219,0.10531182050892962,0.00543936154196345,Prepended 7 Baraffe rows below 0.070000 Msun.
z015_rot,iso_7.60.dat,7.6,updated,1201,7,1208,0.07,0.01,0.06,0.01,8.040338,0.010976849755353069,0.10523005849703848,0.0051749512524672525,Prepended 7 Baraffe rows below 0.070000 Msun.
z015_rot,iso_7.61.dat,7.61,updated,1148,7,1155,0.07,0.01,0.06,0.01,7.950153,0.011205579718119196,0.10584872637630216,0.006100926271781049,Prepended 7 Baraffe rows below 0.070000 Msun.
z015_rot,iso_7.62.dat,7.62,updated,1146,6,1152,0.07,0.015,0.06,0.015,7.86259,0.011142045794038768,0.10535371335017008,0.006246286649830068,Prepended 6 Baraffe rows below 0.070000 Msun.
z015_rot,iso_7.63.dat,7.63,updated,1176,6,1182,0.07,0.015,0.06,0.015,7.775992,0.011365899225415532,0.1063459074732731,0.005665569395045367,Prepended 6 Baraffe rows below 0.070000 Msun.
z015_rot,iso_7.64.dat,7.64,updated,1175,6,1181,0.07,0.015,0.06,0.015,7.690348,0.011421378616146782,0.10617327815545252,0.006181377475638072,Prepended 6 Baraffe rows below 0.070000 Msun.
z015_rot,iso_7.65.dat,7.65,updated,1179,6,1185,0.07,0.015,0.06,0.015,7.605648,0.01138064734740718,0.10645552282765403,0.006772754050101248,Prepended 6 Baraffe rows below 0.070000 Msun.
z015_rot,iso_7.66.dat,7.66,updated,1135,6,1141,0.07,0.015,0.06,0.015,7.521879,0.011574476417703483,0.10659321685505097,0.006005652620791224,Prepended 6 Baraffe rows below 0.070000 Msun.
z015_rot,iso_7.67.dat,7.67,updated,1136,6,1142,0.07,0.015,0.06,0.015,7.439034,0.011626506922865598,0.10710156673252369,0.00606235449157122,Prepended 6 Baraffe rows below 0.070000 Msun.
z015_rot,iso_7.68.dat,7.68,updated,1161,6,1167,0.07,0.015,0.06,0.015,7.357101,0.011778373377890894,0.10766150811044106,0.006292327926373353,Prepended 6 Baraffe rows below 0.070000 Msun.
z015_rot,iso_7.69.dat,7.69,updated,1157,6,1163,0.07,0.015,0.06,0.015,7.276071,0.011929611213210567,0.10731816791666038,0.005954554722227279,Prepended 6 Baraffe rows below 0.070000 Msun.
z015_rot,iso_7.70.dat,7.7,updated,1161,6,1167,0.07,0.015,0.06,0.015,7.195932,0.011980359254630812,0.10815624408355706,0.006629170610962021,Prepended 6 Baraffe rows below 0.070000 Msun.
z015_rot,iso_7.71.dat,7.71,updated,1124,6,1130,0.07,0.015,0.06,0.015,7.116677,0.012130967920585434,0.10838546511624791,0.006614534883751411,Prepended 6 Baraffe rows below 0.070000 Msun.
z015_rot,iso_7.72.dat,7.72,updated,1126,6,1132,0.07,0.015,0.06,0.015,7.038294,0.012393251864037502,0.1088870738429919,0.006984694617756304,Prepended 6 Baraffe rows below 0.070000 Msun.
z015_rot,iso_7.73.dat,7.73,updated,1172,6,1178,0.07,0.015,0.06,0.015,6.963428,0.01262498012713209,0.10997013738245842,0.00731706435288082,Prepended 6 Baraffe rows below 0.070000 Msun.
z015_rot,iso_7.74.dat,7.74,updated,1175,6,1181,0.07,0.015,0.06,0.015,6.891907,0.013001283779038975,0.11188695088574363,0.007585957079100147,Prepended 6 Baraffe rows below 0.070000 Msun.
z015_rot,iso_7.75.dat,7.75,updated,1142,6,1148,0.07,0.015,0.06,0.015,6.82112,0.01332479292135691,0.11304113597242349,0.0080059093517173,Prepended 6 Baraffe rows below 0.070000 Msun.
z015_rot,iso_7.76.dat,7.76,updated,1142,6,1148,0.07,0.015,0.06,0.015,6.75106,0.013888136845591426,0.11482005857557187,0.007586113293834629,Prepended 6 Baraffe rows below 0.070000 Msun.
z015_rot,iso_7.77.dat,7.77,updated,1157,6,1163,0.07,0.015,0.06,0.015,6.68172,0.014119462877022482,0.11650500924999196,0.007253564821434466,Prepended 6 Baraffe rows below 0.070000 Msun.
z015_rot,iso_7.78.dat,7.78,updated,1160,6,1166,0.07,0.015,0.06,0.015,6.613092,0.014390627142347512,0.11722173667086899,0.0071772592278600555,Prepended 6 Baraffe rows below 0.070000 Msun.
z015_rot,iso_7.79.dat,7.79,updated,1128,6,1134,0.07,0.015,0.06,0.015,6.545169,0.014867143029544394,0.11841421298256449,0.007213237165916375,Prepended 6 Baraffe rows below 0.070000 Msun.
z015_rot,iso_7.80.dat,7.8,updated,1158,6,1164,0.07,0.015,0.06,0.015,6.477944,0.01517442853519091,0.11894767540148443,0.008101549732344004,Prepended 6 Baraffe rows below 0.070000 Msun.
z015_rot,iso_7.81.dat,7.81,updated,1158,6,1164,0.07,0.015,0.06,0.015,6.411409,0.015438226665396293,0.11951262721972489,0.008745104232498413,Prepended 6 Baraffe rows below 0.070000 Msun.
z015_rot,iso_7.82.dat,7.82,updated,1135,6,1141,0.07,0.015,0.06,0.015,6.344915,0.015866260320467784,0.1216716568544558,0.00877333894031107,Prepended 6 Baraffe rows below 0.070000 Msun.
z015_rot,iso_7.83.dat,7.83,updated,1135,6,1141,0.07,0.015,0.06,0.015,6.278978,0.016184573181950768,0.12250781955928369,0.009648432612803681,Prepended 6 Baraffe rows below 0.070000 Msun.
z015_rot,iso_7.84.dat,7.84,updated,1127,6,1133,0.07,0.015,0.06,0.015,6.213727,0.01655455703152997,0.1236437547785787,0.009792785153291739,Prepended 6 Baraffe rows below 0.070000 Msun.
z015_rot,iso_7.85.dat,7.85,updated,1129,6,1135,0.07,0.015,0.06,0.015,6.16517,0.01675630953948426,0.12488684210521894,0.009978947368447066,Prepended 6 Baraffe rows below 0.070000 Msun.
z015_rot,iso_7.86.dat,7.86,updated,1108,6,1114,0.07,0.015,0.06,0.015,6.121268,0.01711214165054553,0.12553360706641437,0.010438272030944162,Prepended 6 Baraffe rows below 0.070000 Msun.
z015_rot,iso_7.87.dat,7.87,updated,1126,6,1132,0.07,0.015,0.06,0.015,6.077678,0.01752814647890011,0.12649702970292598,0.01114455445547069,Prepended 6 Baraffe rows below 0.070000 Msun.
z015_rot,iso_7.88.dat,7.88,updated,1128,6,1134,0.07,0.015,0.06,0.015,6.034399,0.017746056090546247,0.12712096597142164,0.010665861690482004,Prepended 6 Baraffe rows below 0.070000 Msun.
z015_rot,iso_7.89.dat,7.89,updated,1110,6,1116,0.07,0.015,0.06,0.015,5.980681,0.018008910359051278,0.12750175006832043,0.011383538419495132,Prepended 6 Baraffe rows below 0.070000 Msun.
z015_rot,iso_7.90.dat,7.9,updated,1127,6,1133,0.07,0.015,0.06,0.015,5.885047,0.01833029224080507,0.12903229322791532,0.01140550483720304,Prepended 6 Baraffe rows below 0.070000 Msun.
z015_rot,iso_7.91.dat,7.91,updated,1109,6,1115,0.07,0.015,0.06,0.015,5.794559,0.0185350977968346,0.1295108747204683,0.011646317501213588,Prepended 6 Baraffe rows below 0.070000 Msun.
z015_rot,iso_7.92.dat,7.92,updated,1121,6,1127,0.07,0.015,0.06,0.015,5.738736,0.018796196549453192,0.13001905955683934,0.0113483433837267,Prepended 6 Baraffe rows below 0.070000 Msun.
z015_rot,iso_7.93.dat,7.93,updated,1123,6,1129,0.07,0.015,0.06,0.015,5.683451,0.019093970049864684,0.1307041199513268,0.012454788599241873,Prepended 6 Baraffe rows below 0.070000 Msun.
z015_rot,iso_7.94.dat,7.94,updated,1108,6,1114,0.07,0.015,0.06,0.015,5.628698,0.019134734711612644,0.13061375126386432,0.01278968655210111,Prepended 6 Baraffe rows below 0.070000 Msun.
z015_rot,iso_7.95.dat,7.95,updated,1106,6,1112,0.07,0.015,0.06,0.015,5.574508,0.019178076543042266,0.13010273003029527,0.012922952477278926,Prepended 6 Baraffe rows below 0.070000 Msun.
z015_rot,iso_7.96.dat,7.96,updated,1094,6,1100,0.07,0.015,0.06,0.015,5.520879,0.019188990787849303,0.12998801023840967,0.013674659841060866,Prepended 6 Baraffe rows below 0.070000 Msun.
z015_rot,iso_7.97.dat,7.97,updated,1102,6,1108,0.07,0.015,0.06,0.015,5.467766,0.019343028849651667,0.1300795791744962,0.014280280550336144,Prepended 6 Baraffe rows below 0.070000 Msun.
z015_rot,iso_7.98.dat,7.98,updated,1099,6,1105,0.07,0.015,0.06,0.015,5.415164,0.019398256921729917,0.1293736607744851,0.014855282687928906,Prepended 6 Baraffe rows below 0.070000 Msun.
z015_rot,iso_7.99.dat,7.99,updated,1092,6,1098,0.07,0.015,0.06,0.015,5.363683,0.01945498308443172,0.13015300472648983,0.014483997299148399,Prepended 6 Baraffe rows below 0.070000 Msun.
z015_rot,iso_8.00.dat,8.0,updated,1093,6,1099,0.07,0.015,0.06,0.015,5.312944,0.019313335458636338,0.12938212041350194,0.015078586390997906,Prepended 6 Baraffe rows below 0.070000 Msun.
z015_rot,iso_8.01.dat,8.01,unchanged,0,0,0,nan,nan,nan,nan,nan,nan,nan,nan,"Outside update interval [6.00, 8.01)"
z015_rot,iso_8.02.dat,8.02,unchanged,0,0,0,nan,nan,nan,nan,nan,nan,nan,nan,"Outside update interval [6.00, 8.01)"
z015_rot,iso_8.03.dat,8.03,unchanged,0,0,0,nan,nan,nan,nan,nan,nan,nan,nan,"Outside update interval [6.00, 8.01)"
z015_rot,iso_8.04.dat,8.04,unchanged,0,0,0,nan,nan,nan,nan,nan,nan,nan,nan,"Outside update interval [6.00, 8.01)"
z015_rot,iso_8.05.dat,8.05,unchanged,0,0,0,nan,nan,nan,nan,nan,nan,nan,nan,"Outside update interval [6.00, 8.01)"
z015_rot,iso_8.06.dat,8.06,unchanged,0,0,0,nan,nan,nan,nan,nan,nan,nan,nan,"Outside update interval [6.00, 8.01)"
z015_rot,iso_8.07.dat,8.07,unchanged,0,0,0,nan,nan,nan,nan,nan,nan,nan,nan,"Outside update interval [6.00, 8.01)"
z015_rot,iso_8.08.dat,8.08,unchanged,0,0,0,nan,nan,nan,nan,nan,nan,nan,nan,"Outside update interval [6.00, 8.01)"
z015_rot,iso_8.09.dat,8.09,unchanged,0,0,0,nan,nan,nan,nan,nan,nan,nan,nan,"Outside update interval [6.00, 8.01)"
z015_rot,iso_8.10.dat,8.1,unchanged,0,0,0,nan,nan,nan,nan,nan,nan,nan,nan,"Outside update interval [6.00, 8.01)"
z015_rot,iso_8.11.dat,8.11,unchanged,0,0,0,nan,nan,nan,nan,nan,nan,nan,nan,"Outside update interval [6.00, 8.01)"
z015_rot,iso_8.12.dat,8.12,unchanged,0,0,0,nan,nan,nan,nan,nan,nan,nan,nan,"Outside update interval [6.00, 8.01)"
z015_rot,iso_8.13.dat,8.13,unchanged,0,0,0,nan,nan,nan,nan,nan,nan,nan,nan,"Outside update interval [6.00, 8.01)"
z015_rot,iso_8.14.dat,8.14,unchanged,0,0,0,nan,nan,nan,nan,nan,nan,nan,nan,"Outside update interval [6.00, 8.01)"
z015_rot,iso_8.15.dat,8.15,unchanged,0,0,0,nan,nan,nan,nan,nan,nan,nan,nan,"Outside update interval [6.00, 8.01)"
z015_rot,iso_8.16.dat,8.16,unchanged,0,0,0,nan,nan,nan,nan,nan,nan,nan,nan,"Outside update interval [6.00, 8.01)"
z015_rot,iso_8.17.dat,8.17,unchanged,0,0,0,nan,nan,nan,nan,nan,nan,nan,nan,"Outside update interval [6.00, 8.01)"
z015_rot,iso_8.18.dat,8.18,unchanged,0,0,0,nan,nan,nan,nan,nan,nan,nan,nan,"Outside update interval [6.00, 8.01)"
z015_rot,iso_8.19.dat,8.19,unchanged,0,0,0,nan,nan,nan,nan,nan,nan,nan,nan,"Outside update interval [6.00, 8.01)"
z015_rot,iso_8.20.dat,8.2,unchanged,0,0,0,nan,nan,nan,nan,nan,nan,nan,nan,"Outside update interval [6.00, 8.01)"
z015_rot,iso_8.21.dat,8.21,unchanged,0,0,0,nan,nan,nan,nan,nan,nan,nan,nan,"Outside update interval [6.00, 8.01)"
z015_rot,iso_8.22.dat,8.22,unchanged,0,0,0,nan,nan,nan,nan,nan,nan,nan,nan,"Outside update interval [6.00, 8.01)"
z015_rot,iso_8.23.dat,8.23,unchanged,0,0,0,nan,nan,nan,nan,nan,nan,nan,nan,"Outside update interval [6.00, 8.01)"
z015_rot,iso_8.24.dat,8.24,unchanged,0,0,0,nan,nan,nan,nan,nan,nan,nan,nan,"Outside update interval [6.00, 8.01)"
z015_rot,iso_8.25.dat,8.25,unchanged,0,0,0,nan,nan,nan,nan,nan,nan,nan,nan,"Outside update interval [6.00, 8.01)"
z015_rot,iso_8.26.dat,8.26,unchanged,0,0,0,nan,nan,nan,nan,nan,nan,nan,nan,"Outside update interval [6.00, 8.01)"
z015_rot,iso_8.27.dat,8.27,unchanged,0,0,0,nan,nan,nan,nan,nan,nan,nan,nan,"Outside update interval [6.00, 8.01)"
z015_rot,iso_8.28.dat,8.28,unchanged,0,0,0,nan,nan,nan,nan,nan,nan,nan,nan,"Outside update interval [6.00, 8.01)"
z015_rot,iso_8.29.dat,8.29,unchanged,0,0,0,nan,nan,nan,nan,nan,nan,nan,nan,"Outside update interval [6.00, 8.01)"
z015_rot,iso_8.30.dat,8.3,unchanged,0,0,0,nan,nan,nan,nan,nan,nan,nan,nan,"Outside update interval [6.00, 8.01)"
z015_rot,iso_8.31.dat,8.31,unchanged,0,0,0,nan,nan,nan,nan,nan,nan,nan,nan,"Outside update interval [6.00, 8.01)"
z015_rot,iso_8.32.dat,8.32,unchanged,0,0,0,nan,nan,nan,nan,nan,nan,nan,nan,"Outside update interval [6.00, 8.01)"
z015_rot,iso_8.33.dat,8.33,unchanged,0,0,0,nan,nan,nan,nan,nan,nan,nan,nan,"Outside update interval [6.00, 8.01)"
z015_rot,iso_8.34.dat,8.34,unchanged,0,0,0,nan,nan,nan,nan,nan,nan,nan,nan,"Outside update interval [6.00, 8.01)"
z015_rot,iso_8.35.dat,8.35,unchanged,0,0,0,nan,nan,nan,nan,nan,nan,nan,nan,"Outside update interval [6.00, 8.01)"
z015_rot,iso_8.36.dat,8.36,unchanged,0,0,0,nan,nan,nan,nan,nan,nan,nan,nan,"Outside update interval [6.00, 8.01)"
z015_rot,iso_8.37.dat,8.37,unchanged,0,0,0,nan,nan,nan,nan,nan,nan,nan,nan,"Outside update interval [6.00, 8.01)"
z015_rot,iso_8.38.dat,8.38,unchanged,0,0,0,nan,nan,nan,nan,nan,nan,nan,nan,"Outside update interval [6.00, 8.01)"
z015_rot,iso_8.39.dat,8.39,unchanged,0,0,0,nan,nan,nan,nan,nan,nan,nan,nan,"Outside update interval [6.00, 8.01)"
z015_rot,iso_8.40.dat,8.4,unchanged,0,0,0,nan,nan,nan,nan,nan,nan,nan,nan,"Outside update interval [6.00, 8.01)"
z015_rot,iso_8.41.dat,8.41,unchanged,0,0,0,nan,nan,nan,nan,nan,nan,nan,nan,"Outside update interval [6.00, 8.01)"
z015_rot,iso_8.42.dat,8.42,unchanged,0,0,0,nan,nan,nan,nan,nan,nan,nan,nan,"Outside update interval [6.00, 8.01)"
z015_rot,iso_8.43.dat,8.43,unchanged,0,0,0,nan,nan,nan,nan,nan,nan,nan,nan,"Outside update interval [6.00, 8.01)"
z015_rot,iso_8.44.dat,8.44,unchanged,0,0,0,nan,nan,nan,nan,nan,nan,nan,nan,"Outside update interval [6.00, 8.01)"
z015_rot,iso_8.45.dat,8.45,unchanged,0,0,0,nan,nan,nan,nan,nan,nan,nan,nan,"Outside update interval [6.00, 8.01)"
z015_rot,iso_8.46.dat,8.46,unchanged,0,0,0,nan,nan,nan,nan,nan,nan,nan,nan,"Outside update interval [6.00, 8.01)"
z015_rot,iso_8.47.dat,8.47,unchanged,0,0,0,nan,nan,nan,nan,nan,nan,nan,nan,"Outside update interval [6.00, 8.01)"
z015_rot,iso_8.48.dat,8.48,unchanged,0,0,0,nan,nan,nan,nan,nan,nan,nan,nan,"Outside update interval [6.00, 8.01)"
z015_rot,iso_8.49.dat,8.49,unchanged,0,0,0,nan,nan,nan,nan,nan,nan,nan,nan,"Outside update interval [6.00, 8.01)"
z015_rot,iso_8.50.dat,8.5,unchanged,0,0,0,nan,nan,nan,nan,nan,nan,nan,nan,"Outside update interval [6.00, 8.01)"
z015_rot,iso_8.51.dat,8.51,unchanged,0,0,0,nan,nan,nan,nan,nan,nan,nan,nan,"Outside update interval [6.00, 8.01)"
z015_rot,iso_8.52.dat,8.52,unchanged,0,0,0,nan,nan,nan,nan,nan,nan,nan,nan,"Outside update interval [6.00, 8.01)"
z015_rot,iso_8.53.dat,8.53,unchanged,0,0,0,nan,nan,nan,nan,nan,nan,nan,nan,"Outside update interval [6.00, 8.01)"
z015_rot,iso_8.54.dat,8.54,unchanged,0,0,0,nan,nan,nan,nan,nan,nan,nan,nan,"Outside update interval [6.00, 8.01)"
z015_rot,iso_8.55.dat,8.55,unchanged,0,0,0,nan,nan,nan,nan,nan,nan,nan,nan,"Outside update interval [6.00, 8.01)"
z015_rot,iso_8.56.dat,8.56,unchanged,0,0,0,nan,nan,nan,nan,nan,nan,nan,nan,"Outside update interval [6.00, 8.01)"
z015_rot,iso_8.57.dat,8.57,unchanged,0,0,0,nan,nan,nan,nan,nan,nan,nan,nan,"Outside update interval [6.00, 8.01)"
z015_rot,iso_8.58.dat,8.58,unchanged,0,0,0,nan,nan,nan,nan,nan,nan,nan,nan,"Outside update interval [6.00, 8.01)"
z015_rot,iso_8.59.dat,8.59,unchanged,0,0,0,nan,nan,nan,nan,nan,nan,nan,nan,"Outside update interval [6.00, 8.01)"
z015_rot,iso_8.60.dat,8.6,unchanged,0,0,0,nan,nan,nan,nan,nan,nan,nan,nan,"Outside update interval [6.00, 8.01)"
z015_rot,iso_8.61.dat,8.61,unchanged,0,0,0,nan,nan,nan,nan,nan,nan,nan,nan,"Outside update interval [6.00, 8.01)"
z015_rot,iso_8.62.dat,8.62,unchanged,0,0,0,nan,nan,nan,nan,nan,nan,nan,nan,"Outside update interval [6.00, 8.01)"
z015_rot,iso_8.63.dat,8.63,unchanged,0,0,0,nan,nan,nan,nan,nan,nan,nan,nan,"Outside update interval [6.00, 8.01)"
z015_rot,iso_8.64.dat,8.64,unchanged,0,0,0,nan,nan,nan,nan,nan,nan,nan,nan,"Outside update interval [6.00, 8.01)"
z015_rot,iso_8.65.dat,8.65,unchanged,0,0,0,nan,nan,nan,nan,nan,nan,nan,nan,"Outside update interval [6.00, 8.01)"
z015_rot,iso_8.66.dat,8.66,unchanged,0,0,0,nan,nan,nan,nan,nan,nan,nan,nan,"Outside update interval [6.00, 8.01)"
z015_rot,iso_8.67.dat,8.67,unchanged,0,0,0,nan,nan,nan,nan,nan,nan,nan,nan,"Outside update interval [6.00, 8.01)"
z015_rot,iso_8.68.dat,8.68,unchanged,0,0,0,nan,nan,nan,nan,nan,nan,nan,nan,"Outside update interval [6.00, 8.01)"
z015_rot,iso_8.69.dat,8.69,unchanged,0,0,0,nan,nan,nan,nan,nan,nan,nan,nan,"Outside update interval [6.00, 8.01)"
z015_rot,iso_8.70.dat,8.7,unchanged,0,0,0,nan,nan,nan,nan,nan,nan,nan,nan,"Outside update interval [6.00, 8.01)"
z015_rot,iso_8.71.dat,8.71,unchanged,0,0,0,nan,nan,nan,nan,nan,nan,nan,nan,"Outside update interval [6.00, 8.01)"
z015_rot,iso_8.72.dat,8.72,unchanged,0,0,0,nan,nan,nan,nan,nan,nan,nan,nan,"Outside update interval [6.00, 8.01)"
z015_rot,iso_8.73.dat,8.73,unchanged,0,0,0,nan,nan,nan,nan,nan,nan,nan,nan,"Outside update interval [6.00, 8.01)"
z015_rot,iso_8.74.dat,8.74,unchanged,0,0,0,nan,nan,nan,nan,nan,nan,nan,nan,"Outside update interval [6.00, 8.01)"
z015_rot,iso_8.75.dat,8.75,unchanged,0,0,0,nan,nan,nan,nan,nan,nan,nan,nan,"Outside update interval [6.00, 8.01)"
z015_rot,iso_8.76.dat,8.76,unchanged,0,0,0,nan,nan,nan,nan,nan,nan,nan,nan,"Outside update interval [6.00, 8.01)"
z015_rot,iso_8.77.dat,8.77,unchanged,0,0,0,nan,nan,nan,nan,nan,nan,nan,nan,"Outside update interval [6.00, 8.01)"
z015_rot,iso_8.78.dat,8.78,unchanged,0,0,0,nan,nan,nan,nan,nan,nan,nan,nan,"Outside update interval [6.00, 8.01)"
z015_rot,iso_8.79.dat,8.79,unchanged,0,0,0,nan,nan,nan,nan,nan,nan,nan,nan,"Outside update interval [6.00, 8.01)"
z015_rot,iso_8.80.dat,8.8,unchanged,0,0,0,nan,nan,nan,nan,nan,nan,nan,nan,"Outside update interval [6.00, 8.01)"
z015_rot,iso_8.81.dat,8.81,unchanged,0,0,0,nan,nan,nan,nan,nan,nan,nan,nan,"Outside update interval [6.00, 8.01)"
z015_rot,iso_8.82.dat,8.82,unchanged,0,0,0,nan,nan,nan,nan,nan,nan,nan,nan,"Outside update interval [6.00, 8.01)"
z015_rot,iso_8.83.dat,8.83,unchanged,0,0,0,nan,nan,nan,nan,nan,nan,nan,nan,"Outside update interval [6.00, 8.01)"
z015_rot,iso_8.84.dat,8.84,unchanged,0,0,0,nan,nan,nan,nan,nan,nan,nan,nan,"Outside update interval [6.00, 8.01)"
z015_rot,iso_8.85.dat,8.85,unchanged,0,0,0,nan,nan,nan,nan,nan,nan,nan,nan,"Outside update interval [6.00, 8.01)"
z015_rot,iso_8.86.dat,8.86,unchanged,0,0,0,nan,nan,nan,nan,nan,nan,nan,nan,"Outside update interval [6.00, 8.01)"
z015_rot,iso_8.87.dat,8.87,unchanged,0,0,0,nan,nan,nan,nan,nan,nan,nan,nan,"Outside update interval [6.00, 8.01)"
z015_rot,iso_8.88.dat,8.88,unchanged,0,0,0,nan,nan,nan,nan,nan,nan,nan,nan,"Outside update interval [6.00, 8.01)"
z015_rot,iso_8.89.dat,8.89,unchanged,0,0,0,nan,nan,nan,nan,nan,nan,nan,nan,"Outside update interval [6.00, 8.01)"
z015_rot,iso_8.90.dat,8.9,unchanged,0,0,0,nan,nan,nan,nan,nan,nan,nan,nan,"Outside update interval [6.00, 8.01)"
z015_rot,iso_8.91.dat,8.91,unchanged,0,0,0,nan,nan,nan,nan,nan,nan,nan,nan,"Outside update interval [6.00, 8.01)"
z015_rot,iso_8.92.dat,8.92,unchanged,0,0,0,nan,nan,nan,nan,nan,nan,nan,nan,"Outside update interval [6.00, 8.01)"
z015_rot,iso_8.93.dat,8.93,unchanged,0,0,0,nan,nan,nan,nan,nan,nan,nan,nan,"Outside update interval [6.00, 8.01)"
z015_rot,iso_8.94.dat,8.94,unchanged,0,0,0,nan,nan,nan,nan,nan,nan,nan,nan,"Outside update interval [6.00, 8.01)"
z015_rot,iso_8.95.dat,8.95,unchanged,0,0,0,nan,nan,nan,nan,nan,nan,nan,nan,"Outside update interval [6.00, 8.01)"
z015_rot,iso_8.96.dat,8.96,unchanged,0,0,0,nan,nan,nan,nan,nan,nan,nan,nan,"Outside update interval [6.00, 8.01)"
z015_rot,iso_8.97.dat,8.97,unchanged,0,0,0,nan,nan,nan,nan,nan,nan,nan,nan,"Outside update interval [6.00, 8.01)"
z015_rot,iso_8.98.dat,8.98,unchanged,0,0,0,nan,nan,nan,nan,nan,nan,nan,nan,"Outside update interval [6.00, 8.01)"
z015_rot,iso_8.99.dat,8.99,unchanged,0,0,0,nan,nan,nan,nan,nan,nan,nan,nan,"Outside update interval [6.00, 8.01)"
z015_rot,iso_9.00.dat,9.0,unchanged,0,0,0,nan,nan,nan,nan,nan,nan,nan,nan,"Outside update interval [6.00, 8.01)"
z015_rot,iso_9.01.dat,9.01,unchanged,0,0,0,nan,nan,nan,nan,nan,nan,nan,nan,"Outside update interval [6.00, 8.01)"
z015_rot,iso_9.02.dat,9.02,unchanged,0,0,0,nan,nan,nan,nan,nan,nan,nan,nan,"Outside update interval [6.00, 8.01)"
z015_rot,iso_9.03.dat,9.03,unchanged,0,0,0,nan,nan,nan,nan,nan,nan,nan,nan,"Outside update interval [6.00, 8.01)"
z015_rot,iso_9.04.dat,9.04,unchanged,0,0,0,nan,nan,nan,nan,nan,nan,nan,nan,"Outside update interval [6.00, 8.01)"
z015_rot,iso_9.05.dat,9.05,unchanged,0,0,0,nan,nan,nan,nan,nan,nan,nan,nan,"Outside update interval [6.00, 8.01)"
z015_rot,iso_9.06.dat,9.06,unchanged,0,0,0,nan,nan,nan,nan,nan,nan,nan,nan,"Outside update interval [6.00, 8.01)"
z015_rot,iso_9.07.dat,9.07,unchanged,0,0,0,nan,nan,nan,nan,nan,nan,nan,nan,"Outside update interval [6.00, 8.01)"
z015_rot,iso_9.08.dat,9.08,unchanged,0,0,0,nan,nan,nan,nan,nan,nan,nan,nan,"Outside update interval [6.00, 8.01)"
z015_rot,iso_9.09.dat,9.09,unchanged,0,0,0,nan,nan,nan,nan,nan,nan,nan,nan,"Outside update interval [6.00, 8.01)"
z015_rot,iso_9.10.dat,9.1,unchanged,0,0,0,nan,nan,nan,nan,nan,nan,nan,nan,"Outside update interval [6.00, 8.01)"
z015_rot,iso_9.11.dat,9.11,unchanged,0,0,0,nan,nan,nan,nan,nan,nan,nan,nan,"Outside update interval [6.00, 8.01)"
z015_rot,iso_9.12.dat,9.12,unchanged,0,0,0,nan,nan,nan,nan,nan,nan,nan,nan,"Outside update interval [6.00, 8.01)"
z015_rot,iso_9.13.dat,9.13,unchanged,0,0,0,nan,nan,nan,nan,nan,nan,nan,nan,"Outside update interval [6.00, 8.01)"
z015_rot,iso_9.14.dat,9.14,unchanged,0,0,0,nan,nan,nan,nan,nan,nan,nan,nan,"Outside update interval [6.00, 8.01)"
z015_rot,iso_9.15.dat,9.15,unchanged,0,0,0,nan,nan,nan,nan,nan,nan,nan,nan,"Outside update interval [6.00, 8.01)"
z015_rot,iso_9.16.dat,9.16,unchanged,0,0,0,nan,nan,nan,nan,nan,nan,nan,nan,"Outside update interval [6.00, 8.01)"
z015_rot,iso_9.17.dat,9.17,unchanged,0,0,0,nan,nan,nan,nan,nan,nan,nan,nan,"Outside update interval [6.00, 8.01)"
z015_rot,iso_9.18.dat,9.18,unchanged,0,0,0,nan,nan,nan,nan,nan,nan,nan,nan,"Outside update interval [6.00, 8.01)"
z015_rot,iso_9.19.dat,9.19,unchanged,0,0,0,nan,nan,nan,nan,nan,nan,nan,nan,"Outside update interval [6.00, 8.01)"
z015_rot,iso_9.20.dat,9.2,unchanged,0,0,0,nan,nan,nan,nan,nan,nan,nan,nan,"Outside update interval [6.00, 8.01)"
z015_rot,iso_9.21.dat,9.21,unchanged,0,0,0,nan,nan,nan,nan,nan,nan,nan,nan,"Outside update interval [6.00, 8.01)"
z015_rot,iso_9.22.dat,9.22,unchanged,0,0,0,nan,nan,nan,nan,nan,nan,nan,nan,"Outside update interval [6.00, 8.01)"
z015_rot,iso_9.23.dat,9.23,unchanged,0,0,0,nan,nan,nan,nan,nan,nan,nan,nan,"Outside update interval [6.00, 8.01)"
z015_rot,iso_9.24.dat,9.24,unchanged,0,0,0,nan,nan,nan,nan,nan,nan,nan,nan,"Outside update interval [6.00, 8.01)"
z015_rot,iso_9.25.dat,9.25,unchanged,0,0,0,nan,nan,nan,nan,nan,nan,nan,nan,"Outside update interval [6.00, 8.01)"
z015_rot,iso_9.26.dat,9.26,unchanged,0,0,0,nan,nan,nan,nan,nan,nan,nan,nan,"Outside update interval [6.00, 8.01)"
z015_rot,iso_9.27.dat,9.27,unchanged,0,0,0,nan,nan,nan,nan,nan,nan,nan,nan,"Outside update interval [6.00, 8.01)"
z015_rot,iso_9.28.dat,9.28,unchanged,0,0,0,nan,nan,nan,nan,nan,nan,nan,nan,"Outside update interval [6.00, 8.01)"
z015_rot,iso_9.29.dat,9.29,unchanged,0,0,0,nan,nan,nan,nan,nan,nan,nan,nan,"Outside update interval [6.00, 8.01)"
z015_rot,iso_9.30.dat,9.3,unchanged,0,0,0,nan,nan,nan,nan,nan,nan,nan,nan,"Outside update interval [6.00, 8.01)"
z015_rot,iso_9.31.dat,9.31,unchanged,0,0,0,nan,nan,nan,nan,nan,nan,nan,nan,"Outside update interval [6.00, 8.01)"
z015_rot,iso_9.32.dat,9.32,unchanged,0,0,0,nan,nan,nan,nan,nan,nan,nan,nan,"Outside update interval [6.00, 8.01)"
z015_rot,iso_9.33.dat,9.33,unchanged,0,0,0,nan,nan,nan,nan,nan,nan,nan,nan,"Outside update interval [6.00, 8.01)"
z015_rot,iso_9.34.dat,9.34,unchanged,0,0,0,nan,nan,nan,nan,nan,nan,nan,nan,"Outside update interval [6.00, 8.01)"
z015_rot,iso_9.35.dat,9.35,unchanged,0,0,0,nan,nan,nan,nan,nan,nan,nan,nan,"Outside update interval [6.00, 8.01)"
z015_rot,iso_9.36.dat,9.36,unchanged,0,0,0,nan,nan,nan,nan,nan,nan,nan,nan,"Outside update interval [6.00, 8.01)"
z015_rot,iso_9.37.dat,9.37,unchanged,0,0,0,nan,nan,nan,nan,nan,nan,nan,nan,"Outside update interval [6.00, 8.01)"
z015_rot,iso_9.38.dat,9.38,unchanged,0,0,0,nan,nan,nan,nan,nan,nan,nan,nan,"Outside update interval [6.00, 8.01)"
z015_rot,iso_9.39.dat,9.39,unchanged,0,0,0,nan,nan,nan,nan,nan,nan,nan,nan,"Outside update interval [6.00, 8.01)"
z015_rot,iso_9.40.dat,9.4,unchanged,0,0,0,nan,nan,nan,nan,nan,nan,nan,nan,"Outside update interval [6.00, 8.01)"
z015_rot,iso_9.41.dat,9.41,unchanged,0,0,0,nan,nan,nan,nan,nan,nan,nan,nan,"Outside update interval [6.00, 8.01)"
z015_rot,iso_9.42.dat,9.42,unchanged,0,0,0,nan,nan,nan,nan,nan,nan,nan,nan,"Outside update interval [6.00, 8.01)"
z015_rot,iso_9.43.dat,9.43,unchanged,0,0,0,nan,nan,nan,nan,nan,nan,nan,nan,"Outside update interval [6.00, 8.01)"
z015_rot,iso_9.44.dat,9.44,unchanged,0,0,0,nan,nan,nan,nan,nan,nan,nan,nan,"Outside update interval [6.00, 8.01)"
z015_rot,iso_9.45.dat,9.45,unchanged,0,0,0,nan,nan,nan,nan,nan,nan,nan,nan,"Outside update interval [6.00, 8.01)"
z015_rot,iso_9.46.dat,9.46,unchanged,0,0,0,nan,nan,nan,nan,nan,nan,nan,nan,"Outside update interval [6.00, 8.01)"
z015_rot,iso_9.47.dat,9.47,unchanged,0,0,0,nan,nan,nan,nan,nan,nan,nan,nan,"Outside update interval [6.00, 8.01)"
z015_rot,iso_9.48.dat,9.48,unchanged,0,0,0,nan,nan,nan,nan,nan,nan,nan,nan,"Outside update interval [6.00, 8.01)"
z015_rot,iso_9.49.dat,9.49,unchanged,0,0,0,nan,nan,nan,nan,nan,nan,nan,nan,"Outside update interval [6.00, 8.01)"
z015_rot,iso_9.50.dat,9.5,unchanged,0,0,0,nan,nan,nan,nan,nan,nan,nan,nan,"Outside update interval [6.00, 8.01)"
z015_rot,iso_9.51.dat,9.51,unchanged,0,0,0,nan,nan,nan,nan,nan,nan,nan,nan,"Outside update interval [6.00, 8.01)"
z015_rot,iso_9.52.dat,9.52,unchanged,0,0,0,nan,nan,nan,nan,nan,nan,nan,nan,"Outside update interval [6.00, 8.01)"
z015_rot,iso_9.53.dat,9.53,unchanged,0,0,0,nan,nan,nan,nan,nan,nan,nan,nan,"Outside update interval [6.00, 8.01)"
z015_rot,iso_9.54.dat,9.54,unchanged,0,0,0,nan,nan,nan,nan,nan,nan,nan,nan,"Outside update interval [6.00, 8.01)"
z015_rot,iso_9.55.dat,9.55,unchanged,0,0,0,nan,nan,nan,nan,nan,nan,nan,nan,"Outside update interval [6.00, 8.01)"
z015_rot,iso_9.56.dat,9.56,unchanged,0,0,0,nan,nan,nan,nan,nan,nan,nan,nan,"Outside update interval [6.00, 8.01)"
z015_rot,iso_9.57.dat,9.57,unchanged,0,0,0,nan,nan,nan,nan,nan,nan,nan,nan,"Outside update interval [6.00, 8.01)"
z015_rot,iso_9.58.dat,9.58,unchanged,0,0,0,nan,nan,nan,nan,nan,nan,nan,nan,"Outside update interval [6.00, 8.01)"
z015_rot,iso_9.59.dat,9.59,unchanged,0,0,0,nan,nan,nan,nan,nan,nan,nan,nan,"Outside update interval [6.00, 8.01)"
z015_rot,iso_9.60.dat,9.6,unchanged,0,0,0,nan,nan,nan,nan,nan,nan,nan,nan,"Outside update interval [6.00, 8.01)"
z015_rot,iso_9.61.dat,9.61,unchanged,0,0,0,nan,nan,nan,nan,nan,nan,nan,nan,"Outside update interval [6.00, 8.01)"
z015_rot,iso_9.62.dat,9.62,unchanged,0,0,0,nan,nan,nan,nan,nan,nan,nan,nan,"Outside update interval [6.00, 8.01)"
z015_rot,iso_9.63.dat,9.63,unchanged,0,0,0,nan,nan,nan,nan,nan,nan,nan,nan,"Outside update interval [6.00, 8.01)"
z015_rot,iso_9.64.dat,9.64,unchanged,0,0,0,nan,nan,nan,nan,nan,nan,nan,nan,"Outside update interval [6.00, 8.01)"
z015_rot,iso_9.65.dat,9.65,unchanged,0,0,0,nan,nan,nan,nan,nan,nan,nan,nan,"Outside update interval [6.00, 8.01)"
z015_rot,iso_9.66.dat,9.66,unchanged,0,0,0,nan,nan,nan,nan,nan,nan,nan,nan,"Outside update interval [6.00, 8.01)"
z015_rot,iso_9.67.dat,9.67,unchanged,0,0,0,nan,nan,nan,nan,nan,nan,nan,nan,"Outside update interval [6.00, 8.01)"
z015_rot,iso_9.68.dat,9.68,unchanged,0,0,0,nan,nan,nan,nan,nan,nan,nan,nan,"Outside update interval [6.00, 8.01)"
z015_rot,iso_9.69.dat,9.69,unchanged,0,0,0,nan,nan,nan,nan,nan,nan,nan,nan,"Outside update interval [6.00, 8.01)"
z015_rot,iso_9.70.dat,9.7,unchanged,0,0,0,nan,nan,nan,nan,nan,nan,nan,nan,"Outside update interval [6.00, 8.01)"
z015_rot,iso_9.71.dat,9.71,unchanged,0,0,0,nan,nan,nan,nan,nan,nan,nan,nan,"Outside update interval [6.00, 8.01)"
z015_rot,iso_9.72.dat,9.72,unchanged,0,0,0,nan,nan,nan,nan,nan,nan,nan,nan,"Outside update interval [6.00, 8.01)"
z015_rot,iso_9.73.dat,9.73,unchanged,0,0,0,nan,nan,nan,nan,nan,nan,nan,nan,"Outside update interval [6.00, 8.01)"
z015_rot,iso_9.74.dat,9.74,unchanged,0,0,0,nan,nan,nan,nan,nan,nan,nan,nan,"Outside update interval [6.00, 8.01)"
z015_rot,iso_9.75.dat,9.75,unchanged,0,0,0,nan,nan,nan,nan,nan,nan,nan,nan,"Outside update interval [6.00, 8.01)"
z015_rot,iso_9.76.dat,9.76,unchanged,0,0,0,nan,nan,nan,nan,nan,nan,nan,nan,"Outside update interval [6.00, 8.01)"
z015_rot,iso_9.77.dat,9.77,unchanged,0,0,0,nan,nan,nan,nan,nan,nan,nan,nan,"Outside update interval [6.00, 8.01)"
z015_rot,iso_9.78.dat,9.78,unchanged,0,0,0,nan,nan,nan,nan,nan,nan,nan,nan,"Outside update interval [6.00, 8.01)"
z015_rot,iso_9.79.dat,9.79,unchanged,0,0,0,nan,nan,nan,nan,nan,nan,nan,nan,"Outside update interval [6.00, 8.01)"
z015_rot,iso_9.80.dat,9.8,unchanged,0,0,0,nan,nan,nan,nan,nan,nan,nan,nan,"Outside update interval [6.00, 8.01)"
z015_rot,iso_9.81.dat,9.81,unchanged,0,0,0,nan,nan,nan,nan,nan,nan,nan,nan,"Outside update interval [6.00, 8.01)"
z015_rot,iso_9.82.dat,9.82,unchanged,0,0,0,nan,nan,nan,nan,nan,nan,nan,nan,"Outside update interval [6.00, 8.01)"
z015_rot,iso_9.83.dat,9.83,unchanged,0,0,0,nan,nan,nan,nan,nan,nan,nan,nan,"Outside update interval [6.00, 8.01)"
z015_rot,iso_9.84.dat,9.84,unchanged,0,0,0,nan,nan,nan,nan,nan,nan,nan,nan,"Outside update interval [6.00, 8.01)"
z015_rot,iso_9.85.dat,9.85,unchanged,0,0,0,nan,nan,nan,nan,nan,nan,nan,nan,"Outside update interval [6.00, 8.01)"
z015_rot,iso_9.86.dat,9.86,unchanged,0,0,0,nan,nan,nan,nan,nan,nan,nan,nan,"Outside update interval [6.00, 8.01)"
z015_rot,iso_9.87.dat,9.87,unchanged,0,0,0,nan,nan,nan,nan,nan,nan,nan,nan,"Outside update interval [6.00, 8.01)"
z015_rot,iso_9.88.dat,9.88,unchanged,0,0,0,nan,nan,nan,nan,nan,nan,nan,nan,"Outside update interval [6.00, 8.01)"
z015_rot,iso_9.89.dat,9.89,unchanged,0,0,0,nan,nan,nan,nan,nan,nan,nan,nan,"Outside update interval [6.00, 8.01)"
z015_rot,iso_9.90.dat,9.9,unchanged,0,0,0,nan,nan,nan,nan,nan,nan,nan,nan,"Outside update interval [6.00, 8.01)"
z015_rot,iso_9.91.dat,9.91,unchanged,0,0,0,nan,nan,nan,nan,nan,nan,nan,nan,"Outside update interval [6.00, 8.01)"
z015_rot,iso_9.92.dat,9.92,unchanged,0,0,0,nan,nan,nan,nan,nan,nan,nan,nan,"Outside update interval [6.00, 8.01)"
z015_rot,iso_9.93.dat,9.93,unchanged,0,0,0,nan,nan,nan,nan,nan,nan,nan,nan,"Outside update interval [6.00, 8.01)"
z015_rot,iso_9.94.dat,9.94,unchanged,0,0,0,nan,nan,nan,nan,nan,nan,nan,nan,"Outside update interval [6.00, 8.01)"
z015_rot,iso_9.95.dat,9.95,unchanged,0,0,0,nan,nan,nan,nan,nan,nan,nan,nan,"Outside update interval [6.00, 8.01)"
z015_rot,iso_9.96.dat,9.96,unchanged,0,0,0,nan,nan,nan,nan,nan,nan,nan,nan,"Outside update interval [6.00, 8.01)"
z015_rot,iso_9.97.dat,9.97,unchanged,0,0,0,nan,nan,nan,nan,nan,nan,nan,nan,"Outside update interval [6.00, 8.01)"
z015_rot,iso_9.98.dat,9.98,unchanged,0,0,0,nan,nan,nan,nan,nan,nan,nan,nan,"Outside update interval [6.00, 8.01)"
z015_rot,iso_9.99.dat,9.99,unchanged,0,0,0,nan,nan,nan,nan,nan,nan,nan,nan,"Outside update interval [6.00, 8.01)"
z015_rot,iso_10.00.dat,10.0,unchanged,0,0,0,nan,nan,nan,nan,nan,nan,nan,nan,"Outside update interval [6.00, 8.01)"
z015_rot,iso_10.01.dat,10.01,unchanged,0,0,0,nan,nan,nan,nan,nan,nan,nan,nan,"Outside update interval [6.00, 8.01)"
z015_rot,iso_10.02.dat,10.02,unchanged,0,0,0,nan,nan,nan,nan,nan,nan,nan,nan,"Outside update interval [6.00, 8.01)"
z015_rot,iso_10.03.dat,10.03,unchanged,0,0,0,nan,nan,nan,nan,nan,nan,nan,nan,"Outside update interval [6.00, 8.01)"
z015_rot,iso_10.04.dat,10.04,unchanged,0,0,0,nan,nan,nan,nan,nan,nan,nan,nan,"Outside update interval [6.00, 8.01)"
z015_rot,iso_10.05.dat,10.05,unchanged,0,0,0,nan,nan,nan,nan,nan,nan,nan,nan,"Outside update interval [6.00, 8.01)"
z015_rot,iso_10.06.dat,10.06,unchanged,0,0,0,nan,nan,nan,nan,nan,nan,nan,nan,"Outside update interval [6.00, 8.01)"
z015_rot,iso_10.07.dat,10.07,unchanged,0,0,0,nan,nan,nan,nan,nan,nan,nan,nan,"Outside update interval [6.00, 8.01)"
z015_rot,iso_10.08.dat,10.08,unchanged,0,0,0,nan,nan,nan,nan,nan,nan,nan,nan,"Outside update interval [6.00, 8.01)"
z015_rot,iso_10.09.dat,10.09,unchanged,0,0,0,nan,nan,nan,nan,nan,nan,nan,nan,"Outside update interval [6.00, 8.01)"
