index,file_lineno,best_mass,best_AV,mass_min,mass_max,AV_min,AV_max,intersects,min_chi2,chi2_threshold,dof_gof,passes_gof,p_value,true_AV,true_mass
0,2,0.049090909090909095,8.069573545849687,0.04454545454545455,0.06636363636363636,7.069573545849688,11.269573545849676,True,7.574645631915105,13.566110179023086,1,False,0.00591950165282233,10.5382,0.056206
1,3,0.16272727272727272,9.134297856418137,0.14454545454545453,0.1890909090909091,7.434297856418143,10.634297856418133,True,9.967204966534366,15.958669513642347,1,False,0.0015935321948194507,9.3431,0.171107
2,4,0.02,3.4000000000000004,0.017727272727272727,0.022727272727272728,2.1,4.6000000000000005,True,12.276296704409518,18.267761251517502,1,False,0.00045874779408151465,4.31918,0.020454
3,5,0.11,8.548434149819773,0.09727272727272727,0.12090909090909092,7.048434149819777,9.748434149819767,False,2.128951899628792,8.120416446736769,1,True,0.1445395581700857,6.74386,0.085403
4,6,0.13727272727272727,6.06844221276209,0.11545454545454545,0.1590909090909091,3.868442212762088,8.168442212762091,True,5.450548741383837,11.442013288491815,1,False,0.019562181219040384,6.40226,0.147953
5,7,0.2363636363636364,16.433394720840866,0.1863636363636364,0.2727272727272727,14.933394720840866,17.53339472084086,True,0.40752957652523103,6.3989941236332095,1,True,0.5232260653962628,17.3093,0.20703
6,8,0.3181818181818182,22.198889337504237,0.2909090909090909,0.3636363636363637,21.49888933750423,23.298889337504253,False,2.3276075132545664,8.319072060362545,1,True,0.12709708627546373,25.4049,0.353775
8,10,0.06545454545454546,14.756738670296881,0.05545454545454545,0.07363636363636364,12.956738670296886,16.156738670296875,False,1.007473798404228,6.998938345512206,1,True,0.3155088002634095,14.277,0.053173
9,11,0.7090909090909091,9.349554810270435,0.5545454545454546,0.8545454545454546,7.249554810270437,10.74955481027044,False,10.132631220067562,16.12409576717554,1,False,0.0014566731960015586,5.86181,0.398091
11,13,0.34545454545454546,6.4456880584871685,0.3,0.3818181818181817,5.4456880584871685,7.24568805848717,True,0.17989371658892356,6.171358263696902,1,True,0.6714645947279414,6.47402,0.321926
12,14,0.08636363636363636,20.182900444656237,0.07200000000000001,0.1090909090909091,17.982900444656202,22.682900444656273,False,0.5931015188611715,6.584566065969152,1,True,0.4412222805441518,20.0599,0.070333
13,15,0.017727272727272727,15.913710996406063,0.014545454545454544,0.02090909090909091,14.013710996406072,17.713710996406054,False,3.3541598153055,9.345624362413476,1,True,0.06703541094416388,18.585,0.01878
14,16,0.16272727272727272,8.112274899389956,0.14454545454545453,0.19454545454545452,6.51227489938996,9.612274899389949,True,4.181846141223483,10.173310688331464,1,False,0.040859169679463916,7.98796,0.168693
15,17,0.1863636363636364,9.91187779707408,0.16818181818181818,0.2090909090909091,9.111877797074085,10.711877797074076,True,8.961612036462027,14.953076583570006,1,False,0.0027571150668594816,10.0988,0.185198
16,18,0.3363636363636364,8.760945123749789,0.2909090909090909,0.3727272727272728,7.560945123749793,9.660945123749784,False,3.0404603844092426,9.03192493151722,1,True,0.08121288146926955,10.2079,0.366108
17,19,0.2818181818181818,16.942844907222273,0.2545454545454545,0.3181818181818182,16.242844907222278,17.94284490722227,False,0.046312590190278315,6.037777137298257,1,True,0.8296085829553395,18.1528,0.259832
18,20,0.08818181818181818,12.735051990865973,0.07863636363636364,0.10272727272727274,11.435051990865974,14.135051990865964,False,26.862080319752746,32.853544866860716,1,False,2.1850424766841416e-07,14.8723,0.097278
20,22,1.4,20.585436093035774,1.181818181818182,1.4,19.285436093035788,20.785436093035774,False,1.726515433853564,7.717979980961544,1,True,0.18885652127959576,22.9691,1.31329
21,23,0.4090909090909091,7.956557534344821,0.3636363636363637,0.4636363636363636,6.95655753434482,8.95655753434482,True,0.32779203460400586,6.319256581711985,1,True,0.5669621196091816,8.50713,0.394837
22,24,0.013181818181818182,5.79037681985184,0.011818181818181818,0.014545454545454544,4.4903768198518375,6.990376819851839,False,7.015293853073442,13.006758400181422,1,False,0.008081636819788808,7.83498,0.01503
23,25,1.3636363636363635,18.59846762018552,1.1272727272727274,1.4,17.098467620185524,18.89846762018552,False,1.7862800520814277,7.777744599189407,1,True,0.18138005927036735,20.2002,1.20782
24,26,0.34545454545454546,10.530511849596056,0.3,0.4,9.530511849596063,11.730511849596054,True,0.5297358218066287,6.521200368914608,1,True,0.4667179466456863,11.0896,0.322605
25,27,0.4636363636363636,7.344855655867901,0.3818181818181817,0.5909090909090908,5.644855655867898,9.444855655867904,True,4.058415736878277,10.049880283986257,1,False,0.04395171590428126,6.78875,0.394081
26,28,0.17545454545454547,15.813434668247721,0.16636363636363638,0.2,15.213434668247723,16.713434668247718,False,0.2850359979343425,6.276500545042322,1,True,0.5934192831776652,14.9163,0.158611
27,29,0.12636363636363634,10.343319700229927,0.1190909090909091,0.13727272727272727,9.543319700229931,11.443319700229926,False,1.2518457488665682,7.243310295974548,1,True,0.263200241860993,8.9241,0.106116
28,30,0.01,10.770607596974349,0.01,0.010454545454545454,10.470607596974352,11.270607596974347,False,13.154124319518552,19.14558886662653,1,False,0.00028688707683719345,11.7408,0.010147
29,31,0.3363636363636364,20.539601043008265,0.3,0.3818181818181817,19.639601043008245,21.63960104300828,False,0.3840070786728671,6.375471625780847,1,True,0.5354664791620236,22.939,0.342464
30,32,0.3545454545454545,5.8813242461160335,0.2636363636363636,0.4909090909090909,3.5813242461160337,8.381324246116034,True,0.5261471963286513,6.51761174343663,1,True,0.4682311774071492,4.9614,0.293764
32,34,0.02,14.677076205899837,0.01636363636363636,0.024545454545454544,12.677076205899846,16.67707620589983,True,2.9458862798145624,8.937350826922541,1,True,0.08609645903544033,16.5894,0.019871
33,35,0.8363636363636364,7.7,0.4363636363636364,0.9181818181818182,2.3000000000000003,7.800000000000002,False,2.689912035759612,8.68137658286759,1,True,0.10098538883346182,2.62726,0.39264
34,36,0.017272727272727273,9.388810138109712,0.012272727272727272,0.025454545454545452,5.888810138109722,13.188810138109696,True,0.3709792681590903,6.362443815267071,1,True,0.5424709664121765,10.8478,0.017711
35,37,0.010454545454545454,5.712900709140975,0.01,0.011818181818181818,5.212900709140975,6.812900709140977,False,8.674998497626158,14.666463044734135,1,False,0.0032260512118671425,7.44862,0.01187
36,38,0.11727272727272728,12.244857115448001,0.1090909090909091,0.12636363636363634,11.144857115448003,13.344857115447994,True,13.210336532594294,19.20180107970227,1,False,0.0002784093768454596,12.2681,0.109643
37,39,0.16272727272727272,21.582722007043987,0.15363636363636365,0.1809090909090909,20.582722007043976,22.68272200704401,False,3.3664658672644086,9.357930414372387,1,True,0.06653634542273706,22.8605,0.167637
40,42,0.02181818181818182,9.694272533986311,0.01818181818181818,0.026363636363636363,7.894272533986317,11.594272533986304,False,17.083270384803082,23.07473493191106,1,False,3.577606970887548e-05,11.7529,0.023358
41,43,0.08545454545454545,7.149252374070983,0.07472727272727273,0.11,5.849252374070987,9.949252374070973,True,5.6153699202219745,11.606834467329953,1,False,0.017803622618846743,8.43351,0.089676
42,44,0.12272727272727273,4.506278088782327,0.11363636363636365,0.13363636363636364,3.406278088782328,5.606278088782327,False,9.990402645363453,15.98186719247143,1,False,0.0015735819313068633,3.3925,0.114438
43,45,0.12090909090909092,6.249683115474036,0.10363636363636364,0.14272727272727273,4.249683115474042,8.549683115474027,True,9.216253089415222,15.2077176365232,1,False,0.002398759705874643,7.35146,0.135785
44,46,0.013636363636363636,6.589936843684438,0.012272727272727272,0.015,5.389936843684441,7.889936843684432,False,19.80244415008435,25.79390869719233,1,False,8.58727985152504e-06,10.478,0.018535
45,47,0.10818181818181817,15.487249042746727,0.0981818181818182,0.12272727272727273,14.287249042746732,17.18724904274672,False,2.4688731262918124,8.460337673399794,1,True,0.11612114981441488,15.0886,0.087852
46,48,0.15545454545454546,7.780822548705161,0.1409090909090909,0.16454545454545455,6.480822548705159,8.680822548705162,False,0.2363509821338831,6.227815529241862,1,True,0.6268541400160206,5.56832,0.134795
47,49,0.025454545454545452,8.388388323554327,0.02090909090909091,0.028181818181818183,6.488388323554333,9.488388323554323,True,3.811206910786976,9.802671457894954,1,True,0.05091075385449609,8.92927,0.024008
48,50,0.16272727272727272,9.123999523812813,0.14636363636363636,0.1972727272727273,7.423999523812818,11.023999523812806,False,12.575400123944776,18.566864671052755,1,False,0.000390857553230642,11.3775,0.195263
49,51,0.037272727272727284,9.320084731157312,0.03272727272727273,0.04272727272727273,8.120084731157316,10.720084731157307,False,16.71997082905721,22.71143537616519,1,False,4.3322547465871996e-05,11.3536,0.040398
50,52,0.15545454545454546,7.5315837963053,0.14272727272727273,0.16636363636363638,6.331583796305299,8.731583796305301,True,2.301589877350392,8.293054424458372,1,True,0.1292416489762345,6.79817,0.15319
51,53,0.3636363636363637,5.756465574507129,0.2818181818181818,0.4636363636363636,3.5564655745071274,7.75646557450713,True,0.2341369750933365,6.225601522201315,1,True,0.6284731466840153,6.22197,0.364245
52,54,0.11727272727272728,7.874234793990544,0.10727272727272727,0.13,6.5742347939905486,9.374234793990539,True,10.935759756136386,16.927224303244365,1,False,0.000943257968090112,8.06416,0.116236
53,55,0.09,5.459738104670771,0.07681818181818181,0.1090909090909091,3.7597381046707703,7.259738104670773,True,3.835995868656501,9.827460415764481,1,True,0.05016318303320901,4.91622,0.082613
54,56,0.07590909090909091,4.697936581171216,0.06818181818181819,0.08454545454545455,3.3979365811712143,5.8979365811712166,True,10.798430368271816,16.789894915379797,1,False,0.0010158619249438724,4.17631,0.069229
55,57,0.5727272727272728,11.815560870184234,0.4909090909090909,0.6636363636363636,10.715560870184238,12.915560870184231,True,3.857609431637048,9.849073978745027,1,False,0.04952083923262601,12.0183,0.501966
56,58,0.04363636363636364,11.185202737419408,0.040909090909090916,0.049090909090909095,10.585202737419408,12.6852027374194,False,18.666477112153547,24.65794165926152,1,False,1.556959094397246e-05,14.5721,0.052476
57,59,0.04363636363636364,1.8,0.03636363636363636,0.05545454545454545,0.0,4.4,True,0.5831773008039978,6.574641847911978,1,True,0.4450696084110392,1.31523,0.040538
58,60,1.3363636363636364,15.045856975580056,1.1090909090909091,1.3727272727272726,13.545856975580065,15.045856975580056,False,31.60590766214787,37.59737220925585,1,False,1.88854190132256e-08,11.08,0.645787
59,61,0.19181818181818186,9.6922578860649,0.1590909090909091,0.2363636363636364,7.992257886064904,10.892257886064892,True,0.2603888602581413,6.25185340736612,1,True,0.6098531284214261,8.91214,0.176272
61,63,1.1363636363636365,11.977359492890875,1.009090909090909,1.1636363636363636,10.977359492890873,11.977359492890875,False,21.117836011892305,27.109300559000282,1,False,4.318895045776007e-06,7.58463,0.530846
62,64,0.022727272727272728,5.480763702331281,0.019545454545454543,0.026363636363636363,4.080763702331279,6.980763702331281,True,4.099393999616904,10.090858546724883,1,False,0.04289858690148077,5.96092,0.021623
63,65,0.2818181818181818,3.8,0.24545454545454545,0.3545454545454545,2.7,5.5,True,0.6009404066666855,6.592404953774666,1,True,0.43821944313002703,3.12508,0.245797
64,66,0.3181818181818182,8.354637083915943,0.2818181818181818,0.3545454545454545,7.254637083915941,9.254637083915943,True,0.4879997307405858,6.479464277848566,1,True,0.484820938076507,8.35411,0.2873
65,67,0.13,9.504013022436707,0.11727272727272728,0.14454545454545453,8.004013022436714,10.804013022436703,False,1.5562795532752411,7.54774410038322,1,True,0.21221079772401746,8.02624,0.113136
66,68,0.01,11.382716584119633,0.01,0.011363636363636364,11.182716584119632,12.482716584119627,False,13.373569506888769,19.365034053996748,1,False,0.0002551951966693937,13.7233,0.011521
67,69,0.013636363636363636,15.219948703064153,0.011818181818181818,0.01636363636363636,13.61994870306416,17.319948703064142,False,7.466379195809032,13.45784374291701,1,False,0.0062861853570458995,18.5645,0.015695
69,71,0.01,18.81819784104171,0.01,0.011363636363636364,18.41819784104171,20.118197841041702,False,22.450799007458066,28.44226355456605,1,False,2.155957885762569e-06,22.8529,0.012946
70,72,0.16636363636363638,10.199352956854046,0.15545454545454546,0.19181818181818186,9.099352956854053,11.299352956854046,True,7.669850370690025,13.661314917798007,1,False,0.0056151113235083,9.76368,0.166985
71,73,0.11363636363636365,6.75656210570198,0.10454545454545457,0.12636363636363634,5.7565621057019785,8.156562105701981,True,5.713231277300648,11.704695824408626,1,False,0.01683751928989834,6.17901,0.104763
72,74,0.2818181818181818,5.421872481533411,0.24545454545454545,0.3272727272727273,4.421872481533409,6.62187248153341,True,1.7680993781114318,7.75956392521941,1,True,0.18361747096705586,5.97366,0.284688
73,75,0.01,10.213445119999916,0.01,0.012727272727272728,9.613445119999918,12.713445119999907,False,12.524627149304726,18.516091696412712,1,False,0.0004016230353202584,14.3928,0.014379
74,76,0.06363636363636364,10.379031359816267,0.05454545454545455,0.07390909090909091,8.679031359816276,12.179031359816262,True,8.581906533316626,14.573371080424604,1,False,0.0033951969333320697,11.8002,0.06481
75,77,0.13363636363636364,4.671110098901591,0.11545454545454545,0.15,2.8711100989015907,6.27111009890159,False,0.684040906553184,6.675505453661161,1,True,0.40819871576375577,2.46876,0.113714
77,79,0.03,5.023233767277038,0.027272727272727268,0.034545454545454546,3.9232337672770368,6.22323376727704,True,4.059785892842377,10.051250439950355,1,False,0.043916067292374183,5.12136,0.028294
78,80,0.0609090909090909,6.5074154906424,0.052727272727272734,0.06909090909090909,5.007415490642405,8.007415490642394,True,7.443795994256746,13.435260541364725,1,False,0.006365548809003899,7.62777,0.063378
79,81,0.2090909090909091,8.836425618523332,0.17545454545454547,0.2545454545454545,7.736425618523331,10.136425618523331,False,1.6302463436586052,7.621710890766583,1,True,0.20166897915158802,7.37689,0.174625
80,82,0.8090909090909091,16.196905009560947,0.6454545454545454,1.0272727272727271,14.496905009560953,17.99690500956094,True,6.611944353784533,12.60340890089251,1,False,0.010129699977125655,16.6568,0.674569
81,83,0.013636363636363636,8.188421768338962,0.011818181818181818,0.015454545454545453,6.788421768338967,9.688421768338957,False,27.7327123960465,33.72417694315448,1,False,1.392873518407111e-07,12.5041,0.019064
82,84,0.2909090909090909,6.0285372441269125,0.2636363636363636,0.3181818181818182,5.128537244126912,6.728537244126913,False,1.7982804125534066,7.7897449596613875,1,True,0.17992052371356929,5.43837,0.250973
83,85,0.018636363636363642,13.905824692681186,0.01590909090909091,0.02181818181818182,12.405824692681188,15.405824692681179,False,13.040007987379274,19.03147253448725,1,False,0.00030490679595530495,16.3505,0.01978
84,86,0.1190909090909091,13.581072547322007,0.10636363636363637,0.13181818181818186,12.081072547322009,14.881072547321999,False,1.022127345582799,7.013591892690778,1,True,0.31201492776304984,12.1325,0.092697
85,87,0.040909090909090916,9.327851853168076,0.03818181818181818,0.057272727272727274,8.82785185316808,13.127851853168064,True,5.491340636865415,11.482805183973394,1,False,0.019110883353656124,12.7011,0.049048
87,89,0.01,5.626471212623708,0.01,0.011363636363636364,5.526471212623708,6.72647121262371,False,20.302747301517652,26.29421184862564,1,False,6.610559640901068e-06,8.67125,0.013106
88,90,0.10545454545454544,10.066185451309003,0.08545454545454545,0.12818181818181815,7.866185451309012,12.666185451308994,True,7.9799428813621995,13.971407428470178,1,False,0.004729843424815703,10.6929,0.10164
89,91,0.16636363636363638,9.613167525736099,0.15363636363636365,0.1890909090909091,8.313167525736105,10.613167525736095,True,7.259190353590384,13.250654900698366,1,False,0.007053908532600789,9.59651,0.173357
90,92,0.13181818181818186,8.323923855824425,0.11545454545454545,0.1481818181818182,6.423923855824432,9.82392385582442,True,3.0667598408537584,9.058224387961737,1,True,0.07990859430588322,7.4095,0.123088
92,94,0.01636363636363636,13.507368039494233,0.012727272727272728,0.022727272727272728,10.807368039494245,16.607368039494222,True,0.4814472528597292,6.472911799967707,1,True,0.4877675008807109,15.6105,0.017277
93,95,0.5,7.516764672235444,0.3363636363636364,0.9363636363636364,4.116764672235441,12.416764672235448,True,0.12015993314542815,6.111624480253407,1,True,0.7288610938648792,9.48228,0.579234
94,96,0.2,4.6908437531604585,0.1781818181818182,0.2272727272727273,3.9908437531604593,5.490843753160458,True,4.145164225256458,10.136628772364435,1,False,0.04175360496558084,4.07236,0.18784
95,97,0.08909090909090908,9.714987984753586,0.07772727272727273,0.10272727272727274,8.214987984753591,11.11498798475358,True,12.358788120424206,18.350252667532178,1,False,0.00043891550555383773,9.30849,0.078125
96,98,0.09545454545454546,9.06510409117587,0.07909090909090909,0.11363636363636365,7.065104091175878,11.065104091175863,True,2.9065423115779465,8.898006858685926,1,True,0.08822082847170827,9.05418,0.08666
97,99,0.4,7.264940984263441,0.3545454545454545,0.4636363636363636,6.164940984263438,8.364940984263441,True,0.2623257954730168,6.253790342580996,1,True,0.6085267859095624,7.69816,0.38784
98,100,0.3545454545454545,6.082123597816103,0.3090909090909091,0.3909090909090909,5.0821235978161,6.982123597816103,True,0.8500535911961641,6.841518138304143,1,True,0.3565371775217302,6.84038,0.360001
99,101,0.3363636363636364,5.257552311879671,0.3,0.3818181818181817,4.3575523118796715,6.457552311879673,True,1.0711340893630528,7.062598636471032,1,True,0.30068942234422497,6.06938,0.352549
100,102,0.12272727272727273,3.768455545050493,0.0981818181818182,0.1481818181818182,0.9684555450504928,6.268455545050492,True,1.9467727691739525,7.938237316281931,1,True,0.16293504045613272,2.62518,0.115311
101,103,0.02,9.971675502493753,0.01818181818181818,0.022727272727272728,8.971675502493753,11.171675502493748,False,19.630908097847364,25.62237264495534,1,False,9.393724266765456e-06,12.7504,0.023383
102,104,0.03636363636363636,2.5,0.030909090909090907,0.04181818181818182,1.1,4.0,True,3.514652352564647,9.506116899672627,1,True,0.0608284172349402,3.00835,0.036662
103,105,0.06909090909090909,3.0,0.05545454545454545,0.08181818181818183,0.6000000000000001,5.0,True,1.7555368109727716,7.747001358080751,1,True,0.1851821894217094,1.83744,0.060408
104,106,0.9181818181818182,6.4,0.6,1.0454545454545454,3.0,7.300000000000002,False,3.006160180852833,8.997624727960813,1,True,0.08294857284842222,2.43285,0.500934
105,107,0.01,13.373065541232453,0.01,0.01090909090909091,13.173065541232456,14.07306554123245,False,36.88219289530536,42.87365744241335,1,False,1.2548684024972609e-09,14.7899,0.010328
106,108,0.1809090909090909,8.316204745837886,0.16272727272727272,0.2,7.116204745837885,9.016204745837886,False,0.1797264432791254,6.171190990387103,1,True,0.6716084363095092,6.84536,0.165704
107,109,0.03363636363636364,8.879190128783943,0.028181818181818183,0.04181818181818182,7.079190128783949,10.879190128783936,False,4.822676739200432,10.814141286308413,1,False,0.028087694493955772,11.0379,0.037703
108,110,0.4909090909090909,2.9000000000000004,0.34545454545454546,0.9,0.0,7.7,True,0.485319849211245,6.476784396319224,1,True,0.4860224737678031,4.95815,0.620258
109,111,0.10272727272727274,9.207003976986874,0.09,0.11181818181818183,8.007003976986878,10.50700397698687,False,19.32074187248003,25.312206419588012,1,False,1.1049945020850006e-05,11.4629,0.121196
110,112,0.13545454545454547,3.558205322055437,0.12454545454545456,0.14636363636363636,2.458205322055438,4.5582053220554375,True,6.4972288594463405,12.48869340655432,1,False,0.01080427607621978,3.16361,0.14078
111,113,0.09363636363636364,17.646366956229382,0.08272727272727272,0.10545454545454544,16.346366956229392,18.846366956229375,False,6.483415654967269,12.474880202075248,1,False,0.01088855461471889,17.3897,0.076348
112,114,0.08818181818181818,4.6000000000000005,0.07681818181818181,0.10454545454545457,3.0,6.300000000000002,False,0.05910322083815354,6.0505677679461325,1,True,0.8079189918009774,1.64683,0.065444
113,115,0.024545454545454544,8.272643236736355,0.02090909090909091,0.029090909090909087,6.772643236736361,10.072643236736347,True,4.3890794603221694,10.380544007430148,1,False,0.03616983707514276,9.844,0.02555
114,116,0.06636363636363636,8.992046991726664,0.05454545454545455,0.08363636363636362,6.9920469917266725,11.792046991726654,True,1.5522728630513918,7.5437374101593715,1,True,0.21280021817256786,9.99249,0.066844
119,121,1.2727272727272727,12.100663830399007,0.7818181818181819,1.4,8.100663830399004,13.300663830399008,False,2.634718779914931,8.626183327022911,1,True,0.10455057201099452,9.33179,0.741
120,122,0.1890909090909091,6.54060509015216,0.13545454545454547,0.2818181818181818,2.7406050901521564,9.440605090152163,True,2.4239824771028005,8.415447024210781,1,True,0.11949080794679515,7.35916,0.20042
121,123,0.12090909090909092,8.288867523710406,0.10545454545454544,0.1390909090909091,6.488867523710411,10.188867523710398,True,19.199853472148487,25.191318019256464,1,False,1.177224268330562e-05,8.62908,0.121819
122,124,0.05909090909090909,3.934191975010338,0.049090909090909095,0.07072727272727274,2.0341919750103363,6.03419197501034,True,7.870171874317155,13.861636421425136,1,False,0.00502568760681099,4.72655,0.060716
123,125,0.015,8.670020835612508,0.014090909090909091,0.018636363636363642,8.070020835612508,10.6700208356125,False,23.926324856570158,29.917789403678132,1,False,1.0009365190365931e-06,13.5392,0.022391
124,126,0.24545454545454545,7.778920135146834,0.1863636363636364,0.2909090909090909,6.0789201351468325,9.078920135146836,True,3.6496191534020443,9.641083700510023,1,True,0.05608203413638863,8.60738,0.253938
126,128,0.025454545454545452,10.799495446697913,0.02090909090909091,0.03,8.699495446697918,12.799495446697906,False,17.932802811725107,23.924267358833085,1,False,2.2884274917857762e-05,13.537,0.028275
127,129,0.02090909090909091,7.693549590171276,0.01818181818181818,0.027272727272727268,6.3935495901712756,10.293549590171278,True,2.617500669323433,8.608965216431411,1,True,0.1056907944663764,8.78322,0.020641
128,130,0.05909090909090909,4.636142726250731,0.049090909090909095,0.06909090909090909,2.8361427262507286,6.5361427262507314,True,5.262638475462661,11.254103022570641,1,False,0.02178796396563413,5.16294,0.05856
129,131,0.1590909090909091,8.200893332713756,0.11545454545454545,0.2727272727272727,4.300893332713771,12.40089333271374,True,0.37862409806357145,6.370088645171551,1,True,0.5383405171005438,7.91275,0.162422
130,132,0.2363636363636364,4.1000000000000005,0.19454545454545452,0.2727272727272727,2.8000000000000003,5.2,True,0.09901234279257368,6.090476889900553,1,True,0.7530180958661509,3.3689,0.199559
132,134,0.06363636363636364,4.248579902127753,0.053636363636363635,0.07336363636363635,2.248579902127752,5.948579902127754,True,8.836355083734885,14.827819630842864,1,False,0.0029528830165510057,4.78783,0.063889
133,135,0.013636363636363636,14.827746192645495,0.011363636363636364,0.01636363636363636,12.927746192645508,16.827746192645492,False,12.37369650500393,18.365161052111908,1,False,0.0004354246846671975,17.9853,0.015424
134,136,0.2272727272727273,7.108099654853964,0.1863636363636364,0.2636363636363636,5.8080996548539625,8.208099654853966,True,0.16134858806637242,6.152813135174353,1,True,0.6879179276472245,6.18578,0.190286
135,137,0.3090909090909091,7.378325377956121,0.2727272727272727,0.3636363636363637,6.4783253779561205,8.578325377956123,False,1.0510623122437286,7.042526859351707,1,True,0.3052625536388551,7.10218,0.271911
136,138,0.029090909090909087,11.956772567025835,0.02181818181818182,0.040909090909090916,8.856772567025848,15.056772567025824,True,3.3520215196313474,9.343486066739327,1,True,0.06712253554997469,13.9785,0.030177
137,139,0.12454545454545456,10.063670714948401,0.11,0.1409090909090909,8.363670714948405,11.763670714948391,True,3.074501017369815,9.065965564477796,1,True,0.07952899547178288,9.31098,0.112257
138,140,0.01,14.885267703368964,0.01,0.012727272727272728,14.585267703368965,17.085267703368956,False,3.765752225449649,9.757216772557626,1,True,0.05231232321952186,18.1738,0.01208
139,141,0.12272727272727273,22.04975309906131,0.08909090909090908,0.16454545454545455,18.749753099061266,26.14975309906137,True,1.3078088191190278,7.299273366227008,1,True,0.252791764096493,23.5543,0.122405
140,142,0.1972727272727273,12.121175547401233,0.16636363636363638,0.2363636363636364,10.821175547401237,13.321175547401225,True,3.1422308835569064,9.133695430664886,1,True,0.07628939337628139,12.845,0.193337
141,143,0.14636363636363636,12.389034176426733,0.13545454545454547,0.16090909090909092,11.389034176426735,13.889034176426726,True,7.2089986837355315,13.20046323084351,1,False,0.007253895252017922,12.7388,0.148782
142,144,0.01818181818181818,7.583746341961072,0.01636363636363636,0.02181818181818182,6.683746341961074,9.383746341961064,False,18.689731532650878,24.681196079758863,1,False,1.538085566025208e-05,11.9309,0.025716
143,145,0.03363636363636364,5.276640394210826,0.029090909090909087,0.03818181818181818,3.9766403942108255,6.476640394210827,True,14.405613381649662,20.397077928757643,1,False,0.00014736238244006454,5.93254,0.033205
144,146,0.031818181818181815,7.455806987719695,0.028181818181818183,0.037272727272727284,6.1558069877197,8.85580698771969,False,12.26370287539575,18.25516742250373,1,False,0.00046185414008688457,9.6584,0.036798
145,147,0.05181818181818182,13.050913669828944,0.04454545454545455,0.0609090909090909,11.350913669828946,14.550913669828935,True,3.723992387907401,9.71545693501538,1,True,0.05363598021877677,13.5438,0.047249
146,148,0.1781818181818182,8.656204695048586,0.1572727272727273,0.2,7.156204695048594,9.456204695048584,True,7.283732208826487,13.275196755934465,1,False,0.006958181966155305,8.12828,0.175352
147,149,0.06727272727272728,11.291118303453095,0.05454545454545455,0.08090909090909093,8.991118303453103,13.491118303453089,False,0.14269804397189903,6.134162591079877,1,True,0.7056133885180602,9.52671,0.050372
148,150,0.12818181818181815,12.267037958603627,0.11545454545454545,0.14272727272727273,10.967037958603633,13.667037958603625,False,1.9173942301254987,7.908858777233478,1,True,0.16614420361893384,11.0417,0.108144
149,151,0.027272727272727268,4.912274487287903,0.022727272727272728,0.03272727272727273,3.0122744872879017,6.8122744872879055,True,3.1028343526293325,9.09429889973731,1,True,0.07815611213601918,5.46216,0.02661
150,152,0.02363636363636364,9.834169258797589,0.017727272727272727,0.031818181818181815,7.234169258797598,13.034169258797574,True,3.897395475341885,9.888860022449864,1,False,0.04836102587966519,12.3255,0.026252
151,153,0.16454545454545455,7.480789322374092,0.14454545454545453,0.2,5.4807893223740995,9.180789322374087,True,7.313074753567908,13.304539300675886,1,False,0.006845469770703975,8.58899,0.187903
152,154,0.02363636363636364,4.761951110188995,0.019545454545454543,0.027272727272727268,2.961951110188993,6.361951110188995,True,3.1075856475987904,9.099050194706768,1,True,0.07792839852701444,5.57062,0.023801
153,155,0.025454545454545452,9.694590175265123,0.02181818181818182,0.029090909090909087,8.09459017526513,11.19459017526512,False,4.732125390742307,10.723589937850283,1,False,0.02960428095526245,11.3703,0.026494
154,156,0.19181818181818186,11.97169459058932,0.16818181818181818,0.2181818181818182,11.071694590589322,12.771694590589318,True,1.1156881657170574,7.1071527128250365,1,True,0.290848801429868,11.5548,0.177529
156,158,0.012272727272727272,14.037762249773559,0.010454545454545454,0.014545454545454544,12.437762249773565,16.03776224977355,False,6.452984056752423,12.4444486038604,1,False,0.011076614923427843,17.0474,0.013958
157,159,0.03363636363636364,7.159761784828768,0.03272727272727273,0.04454545454545455,7.059761784828768,9.959761784828755,False,5.623486364326071,11.61495091143405,1,False,0.017721362956508713,10.9663,0.045687
158,160,0.1090909090909091,26.238244472046965,0.09,0.12818181818181815,24.138244472046942,28.438244472047,True,1.0878502547361688,7.079314801844148,1,True,0.2969480141768074,27.4087,0.0928
159,161,0.2090909090909091,11.447049038355827,0.1890909090909091,0.2363636363636364,10.747049038355833,12.247049038355826,False,9.739817845545744,15.731282392653725,1,False,0.0018031876566335864,13.3332,0.240288
160,162,0.5,17.033021550347527,0.4,0.6454545454545454,15.233021550347534,19.03302155034752,True,0.7404393346841341,6.731903881792112,1,True,0.3895201798968445,18.6386,0.486437
161,163,0.09636363636363636,5.414780194600099,0.08181818181818183,0.11181818181818183,3.8147801946000985,7.2147801946001024,False,0.4991659233862343,6.490630470494215,1,True,0.4798668376246178,3.32899,0.075151
162,164,0.08545454545454545,12.639077525555349,0.08363636363636362,0.10363636363636364,12.439077525555348,14.639077525555338,False,20.564513952616288,26.55597849972427,1,False,5.765499531444907e-06,16.4239,0.11131
163,165,0.1390909090909091,23.740015659419488,0.11363636363636365,0.1590909090909091,21.040015659419453,25.640015659419518,False,9.804137489673934,15.795602036781911,1,False,0.0017411968039275187,25.7977,0.146333
164,166,0.15181818181818182,14.09383751343173,0.13727272727272727,0.16454545454545455,12.793837513431734,15.393837513431725,True,9.439360704588852,15.430825251696833,1,False,0.0021237751156032445,14.5128,0.154139
165,167,0.04363636363636364,12.479696596892063,0.03818181818181818,0.04727272727272727,11.079696596892068,13.379696596892057,False,1.610405642661374,7.601870189769353,1,True,0.20443479062371156,12.3389,0.03704
166,168,0.0981818181818182,21.021379443207266,0.075,0.12454545454545456,18.221379443207226,24.021379443207305,False,0.07032655821641587,6.061791105324395,1,True,0.7908619040274503,20.3757,0.074023
167,169,0.17545454545454547,9.173517360013443,0.15363636363636365,0.2272727272727273,7.1735173600134505,10.873517360013436,True,0.07654339864106803,6.068007945749048,1,True,0.7820375206311564,7.49457,0.15941
168,170,0.02,17.482345351631448,0.018636363636363642,0.02363636363636364,16.88234535163144,19.182345351631472,False,27.79333832267752,33.7848028697855,1,False,1.3499012189722252e-07,23.0084,0.028044
169,171,0.4909090909090909,24.223819049869014,0.4272727272727273,0.5727272727272728,23.02381904986899,25.42381904986902,False,0.881374982248057,6.872839529356036,1,True,0.34782535928729663,27.1491,0.512431
170,172,0.11363636363636365,9.378502244122078,0.10363636363636364,0.12454545454545456,8.278502244122082,10.478502244122074,False,1.329371648585851,7.320836195693832,1,True,0.24891703290617975,7.50252,0.087348
171,173,0.04181818181818182,18.52174721921713,0.034545454545454546,0.05,16.521747219217094,20.72174721921716,False,4.980628568076879,10.972093115184858,1,False,0.02563266839420789,21.4838,0.044426
172,174,0.09909090909090908,10.063883433591474,0.08272727272727272,0.11,8.26388343359148,11.363883433591472,False,5.945187892911521,11.9366524400195,1,False,0.014757518080436068,9.39909,0.082715
173,175,0.3,8.411602482511043,0.2636363636363636,0.3363636363636364,7.411602482511041,9.311602482511043,False,0.7844511767544571,6.775915723862437,1,True,0.3757832593647896,8.18233,0.262931
174,176,0.6363636363636364,6.5,0.3545454545454545,0.9090909090909092,1.9,8.700000000000001,True,2.00552497235072,7.996989519458699,1,True,0.15672702862004434,3.55322,0.397854
175,177,0.15181818181818182,13.834437706717415,0.1390909090909091,0.16272727272727272,12.73443770671742,14.834437706717413,False,0.5776270364078354,6.5690915835158155,1,True,0.4472439529185114,12.702,0.135225
176,178,0.045454545454545456,9.496107582112034,0.037272727272727284,0.057272727272727274,7.49610758211204,11.896107582112027,True,0.19803297913601275,6.189497526243992,1,True,0.6563132752427322,9.17557,0.039529
177,179,0.1090909090909091,19.953082973704113,0.08818181818181818,0.12818181818181815,17.753082973704082,22.15308297370414,True,8.871243692006967,14.862708239114944,1,False,0.002896977106065087,21.6871,0.109122
178,180,0.2272727272727273,7.0106490890055815,0.1863636363636364,0.2727272727272727,5.71064908900558,8.510649089005582,True,3.4247873627515797,9.416251909859561,1,True,0.06422451349807914,7.68332,0.226368
180,182,0.17545454545454547,9.921401785572696,0.16454545454545455,0.2,9.121401785572699,10.821401785572696,True,1.6176937625128245,7.6091583096208035,1,True,0.2034136595441932,9.25039,0.170038
181,183,0.15363636363636365,8.752234239252576,0.11545454545454545,0.2363636363636364,5.152234239252588,12.452234239252565,True,0.8570536804883284,6.848518227596308,1,True,0.3545645137251191,8.83741,0.159614
182,184,0.0710909090909091,2.9000000000000004,0.052727272727272734,0.11727272727272728,0.0,8.700000000000001,True,0.4038331126526622,6.395297659760642,1,True,0.5251162878681584,1.97041,0.063472
183,185,0.14272727272727273,4.4279485162647125,0.12818181818181815,0.1572727272727273,3.227948516264713,5.727948516264713,False,2.33079666121856,8.32226120832654,1,True,0.12683694967893874,3.01147,0.135303
184,186,0.01909090909090909,3.538917308409487,0.015454545454545453,0.024545454545454544,1.738917308409485,5.938917308409488,False,11.711962774942565,17.703427322050548,1,False,0.0006209958422434541,6.25179,0.023886
185,187,0.02181818181818182,10.608540955250742,0.01818181818181818,0.025454545454545452,8.808540955250749,12.208540955250735,False,18.657297006074238,24.648761553182222,1,False,1.5644736469607885e-05,13.1899,0.024505
186,188,0.17545454545454547,7.121613679730508,0.15,0.2272727272727273,4.921613679730506,8.72161367973051,True,1.4083236707097124,7.399788217817693,1,True,0.2353348728533629,6.77909,0.179237
187,189,0.10727272727272727,10.287457176203423,0.09,0.12272727272727273,8.587457176203433,11.98745717620342,True,4.204506591821759,10.19597113892974,1,False,0.04031670159609245,9.71431,0.091428
188,190,0.025454545454545452,5.175929692463215,0.02090909090909091,0.029090909090909087,3.2759296924632126,6.775929692463215,True,8.270630688237054,14.262095235345033,1,False,0.004029150767598996,6.06479,0.025411
189,191,0.08727272727272728,11.021311495311782,0.07163636363636364,0.10636363636363637,8.72131149531179,13.021311495311775,True,9.826901590053359,15.818366137161341,1,False,0.0017197780687999446,11.399,0.080407
190,192,0.3727272727272728,5.706068403482478,0.3272727272727273,0.4272727272727273,4.606068403482476,6.906068403482478,True,0.00960593199598954,6.001070479103968,1,True,0.9219244665968196,5.99249,0.362685
191,193,0.025454545454545452,9.467974889516908,0.02181818181818182,0.029090909090909087,7.867974889516914,10.967974889516904,False,29.954971936888164,35.946436483996145,1,False,4.421965659466436e-08,12.2704,0.028873
192,194,0.5545454545454546,1.9,0.4181818181818182,0.9636363636363636,0.0,6.0,True,0.01628574935552331,6.007750296463502,1,True,0.8984531602822385,1.8484,0.54845
193,195,0.039090909090909086,13.726842228909273,0.03272727272727273,0.04636363636363637,12.326842228909275,15.626842228909267,True,0.5077881491527331,6.499252696260712,1,True,0.4760979201678392,14.4896,0.034887
194,196,0.026363636363636363,3.2,0.02363636363636364,0.030909090909090907,2.1,4.9,True,0.9933670571323638,6.984831604240342,1,True,0.3189208264396823,3.18633,0.024886
195,197,0.015,6.918603627177492,0.012727272727272728,0.01818181818181818,5.018603627177491,8.718603627177494,False,21.709394648198174,27.70085919530616,1,False,3.1723388597733522e-06,9.47664,0.017606
196,198,0.03272727272727273,8.980955681671468,0.027272727272727268,0.040909090909090916,7.0809556816714725,11.180955681671458,True,2.9985110233676435,8.989975570475623,1,True,0.08334107829441087,10.4913,0.033931
197,199,0.3818181818181817,7.680395980186624,0.34545454545454546,0.4272727272727273,6.880395980186624,8.580395980186626,True,2.321474436207196,8.312938983315174,1,True,0.1275990272336195,7.81628,0.354089
198,200,0.06,10.325227249388737,0.058181818181818175,0.07181818181818181,10.22522724938874,12.525227249388731,False,10.608897528073614,16.600362075181593,1,False,0.0011254477357043313,13.4498,0.070947
199,201,0.3363636363636364,11.699109669597998,0.3,0.3818181818181817,10.799109669598002,12.699109669597995,True,0.34703655313558096,6.33850110024356,1,True,0.5557954783101241,12.5327,0.323291
200,202,0.01909090909090909,12.620732250196134,0.01636363636363636,0.02090909090909091,11.020732250196142,13.520732250196133,False,16.26332428793455,22.25478883504253,1,False,5.512059415557545e-05,15.6087,0.022042
201,203,0.16818181818181818,8.263892926168674,0.1590909090909091,0.1972727272727273,7.263892926168674,9.363892926168676,True,2.897400917821253,8.888865464929232,1,True,0.0887225024163356,7.60708,0.168851
202,204,0.01818181818181818,10.393543061890316,0.015454545454545453,0.02090909090909091,9.09354306189032,11.693543061890313,False,5.563166879317076,11.554631426425054,1,False,0.018342204944007304,12.4639,0.019502
203,205,0.04636363636363637,4.872240188719459,0.03818181818181818,0.05545454545454545,2.672240188719458,6.872240188719464,True,4.285682244534174,10.277146791642153,1,False,0.03843465463974746,5.21788,0.045316
204,206,0.12272727272727273,6.5036076371337534,0.10818181818181817,0.13545454545454547,4.70360763713375,8.003607637133754,True,9.703952417876142,15.695416964984119,1,False,0.001838721117183461,6.80614,0.128256
205,207,1.009090909090909,8.9,0.6454545454545454,1.1363636363636365,5.2,9.5,False,3.235607611486107,9.227072158594087,1,True,0.07205357079672559,4.827,0.529413
206,208,0.0918181818181818,7.350191410188541,0.07,0.12090909090909092,4.150191410188537,10.550191410188543,True,1.0052079441207775,6.996672491228758,1,True,0.3160536107793252,6.34463,0.077882
207,209,0.02363636363636364,16.259480334920415,0.01636363636363636,0.03272727272727273,12.859480334920427,19.559480334920398,True,1.3123994028732944,7.303863949981273,1,True,0.2519606895314644,18.6688,0.024543
208,210,0.2363636363636364,8.289074788074425,0.16454545454545455,0.3272727272727273,5.589074788074422,10.789074788074426,True,0.7470561075902784,6.738520654698258,1,True,0.3874098881009365,8.80882,0.227345
209,211,0.16272727272727272,8.32346951845217,0.12272727272727273,0.2363636363636364,4.423469518452183,11.223469518452161,True,1.2504520016809957,7.241916548788974,1,True,0.2634661649749419,8.24896,0.170177
210,212,0.015454545454545453,8.271977367535538,0.014090909090909091,0.017727272727272727,7.271977367535541,9.571977367535533,False,10.415943686447763,16.407408233555742,1,False,0.0012493199867900187,10.822,0.018198
211,213,0.07636363636363636,30.20064161673343,0.06818181818181819,0.10363636363636364,29.100641616733423,33.50064161673348,False,6.9907128197370305,12.982177366845008,1,False,0.008193371724621161,34.7439,0.08449
212,214,1.3363636363636364,11.989703792087926,0.8,1.4,7.789703792087921,12.489703792087926,False,2.9691239612700517,8.960588508378029,1,True,0.08486780117640931,8.1492,0.679251
213,215,0.6090909090909089,6.300000000000002,0.4727272727272727,0.8090909090909091,4.1000000000000005,8.5,False,5.194393239349486,11.185857786457463,1,False,0.02265986429189601,3.30871,0.38463
214,216,0.056363636363636366,27.995226343848515,0.052727272727272734,0.08818181818181818,27.995226343848515,33.095226343848594,False,3.872988686473157,9.864453233581136,1,False,0.04906907003051324,33.401,0.069919
215,217,0.13545454545454547,12.197511632556246,0.12090909090909092,0.14636363636363636,10.69751163255625,13.097511632556241,False,1.28479100093249,7.276255548040469,1,True,0.2570101266289051,10.7284,0.115338
216,218,0.04818181818181819,4.720573542748309,0.04272727272727273,0.057272727272727274,3.4205735427483104,6.4205735427483095,False,0.2846298894743213,6.276094436582301,1,True,0.5936825561879262,3.57594,0.041088
217,219,0.7727272727272727,30.12142360261897,0.6090909090909089,0.9727272727272728,28.321423602618946,31.82142360261899,False,0.09129711071717334,6.082761657825153,1,True,0.7625345793663297,34.7551,0.877611
218,220,0.03272727272727273,4.71914702064524,0.028181818181818183,0.039090909090909086,3.3191470206452385,6.319147020645242,True,11.053465067309663,17.04492961441764,1,False,0.0008852160114889145,5.86068,0.034193
219,221,0.3,2.7,0.24545454545454545,0.3909090909090909,1.1,4.800000000000002,True,0.7203661214220098,6.711830668529989,1,True,0.39602384095306187,3.17934,0.315323
220,222,0.08818181818181818,4.606809767125743,0.07,0.12090909090909092,2.10680976712574,8.306809767125745,True,1.4389328948738251,7.430397441981803,1,True,0.23031209931197555,4.36454,0.083205
221,223,0.3545454545454545,12.340605037142684,0.2363636363636364,0.5909090909090908,9.140605037142695,16.44060503714267,True,0.153962408286086,6.145426955394066,1,True,0.6947771375990688,12.8632,0.320629
222,224,1.0909090909090908,12.218778749700244,0.5363636363636364,1.181818181818182,6.518778749700241,12.318778749700249,True,3.88126713400491,9.872731681112887,1,False,0.04882769251921976,8.18201,0.564628
223,225,0.10090909090909092,13.727920489282356,0.08818181818181818,0.11181818181818183,12.42792048928236,15.127920489282351,False,1.9602508810460493,7.951715428154028,1,True,0.16148648973509488,13.0197,0.080372
224,226,0.05181818181818182,10.588295886098797,0.04363636363636364,0.06272727272727273,8.488295886098804,12.588295886098788,True,7.7678393387647535,13.759303885872734,1,False,0.005318462855905613,12.1086,0.053026
225,227,0.05,6.1159716818329946,0.04181818181818182,0.06181818181818183,3.9159716818330015,8.415971681832985,True,5.990231154977586,11.981695702085565,1,False,0.0143853171687409,7.20348,0.05084
227,229,0.15363636363636365,9.655298831034397,0.12454545454545456,0.19454545454545452,6.655298831034408,12.155298831034386,True,2.7260424450572973,8.717506992165276,1,True,0.09872364539481432,9.83942,0.159405
228,230,0.06727272727272728,7.385700793906207,0.058181818181818175,0.10636363636363637,6.085700793906213,12.48570079390619,True,3.933685447417593,9.925149994525572,1,False,0.047328116549175216,8.92587,0.07056
229,231,0.13363636363636364,9.867452551466783,0.11727272727272728,0.15363636363636365,7.967452551466793,11.867452551466778,False,11.317267040876214,17.308731587984195,1,False,0.0007678965029285251,11.7973,0.156721
230,232,0.04,8.249791934858878,0.03363636363636364,0.045454545454545456,6.649791934858883,9.649791934858873,True,8.050333002339686,14.041797549447665,1,False,0.004549529095248184,9.51919,0.040646
231,233,0.015,7.14750517078946,0.010454545454545454,0.02363636363636364,3.3475051707894563,11.347505170789466,True,0.8541849501599892,6.845649497267967,1,True,0.3553711252144753,8.95003,0.016697
232,234,0.07127272727272728,17.431750270069088,0.057272727272727274,0.08818181818181818,14.831750270069096,20.031750270069075,True,1.2910789402596852,7.282543487367665,1,True,0.255849210900172,17.8396,0.061745
233,235,0.34545454545454546,9.864022282405775,0.3090909090909091,0.3818181818181817,9.06402228240578,10.764022282405774,True,0.7071533360457223,6.698617883153702,1,True,0.4003904581800067,10.449,0.325239
234,236,0.06,9.186817471819596,0.05090909090909091,0.07072727272727274,7.4868174718196,11.086817471819586,True,11.385630430596043,17.377094977704026,1,False,0.0007401442915751361,10.4019,0.059896
235,237,0.4090909090909091,5.911024874676143,0.34545454545454546,0.5,4.411024874676143,7.611024874676143,True,2.253248053430656,8.244712600538634,1,True,0.13333427779751142,5.47197,0.363121
236,238,0.24545454545454545,24.412443958426604,0.2090909090909091,0.2727272727272727,23.41244395842659,25.11244395842661,False,0.1637665762820596,6.1552311233900365,1,True,0.6857121331218252,26.0018,0.209504
237,239,0.16272727272727272,13.382057137474954,0.15,0.1863636363636364,12.082057137474955,14.682057137474947,True,0.2236945499946686,6.215159097102648,1,True,0.6362391614157499,12.3432,0.1504
238,240,1.2909090909090908,11.738654753375926,0.7818181818181819,1.3909090909090909,7.8386547533759225,11.938654753375928,False,3.419089773544353,9.410554320652333,1,True,0.0644465379704637,7.60471,0.632756
239,241,0.04727272727272727,12.542321251561921,0.04272727272727273,0.053636363636363635,11.442321251561925,13.842321251561913,True,2.831969453300028,8.823434000408009,1,True,0.09240497686650054,13.0669,0.043291
240,242,0.022727272727272728,12.748474428321972,0.02,0.025454545454545452,11.548474428321976,13.848474428321971,False,12.999678344321776,18.991142891429753,1,False,0.00031154448900236965,15.8741,0.026629
241,243,0.04363636363636364,2.9000000000000004,0.03818181818181818,0.04818181818181819,1.5,4.0,True,6.486590229679898,12.478054776787882,1,False,0.010869126077841455,2.95512,0.04234
242,244,0.028181818181818183,15.598543661413373,0.024545454545454544,0.03272727272727273,13.99854366141338,16.99854366141337,False,8.767344979980251,14.75880952708823,1,False,0.003066715336810204,18.5904,0.031318
244,246,0.034545454545454546,4.181741370026867,0.03,0.040909090909090916,2.981741370026868,5.781741370026867,True,5.972124630563657,11.963589177671635,1,False,0.014533759452427509,4.27424,0.032383
245,247,0.4,0.0,0.3818181818181817,0.509090909090909,0.0,2.0,True,8.08127436276096,14.072738909868939,1,False,0.004472498325824857,1.14525,0.490844
246,248,0.4272727272727273,7.582141174341951,0.3909090909090909,0.4818181818181818,6.782141174341949,8.582141174341952,False,5.249449784632161,11.240914331740141,1,False,0.021953711830498362,7.51441,0.384787
247,249,0.2636363636363636,6.673578868152955,0.2181818181818182,0.3090909090909091,5.373578868152952,8.173578868152955,False,5.17429623430964,11.165760781417621,1,False,0.022923455579273173,8.44308,0.307826
248,250,0.2090909090909091,15.802605298017529,0.17,0.2545454545454545,14.402605298017535,17.102605298017522,False,3.7709738309746905,9.76243837808267,1,True,0.05214926288148758,17.1685,0.201849
249,251,0.2363636363636364,4.0,0.19454545454545452,0.2727272727272727,2.8000000000000003,5.1000000000000005,True,1.1220512967277112,7.113515843835692,1,True,0.2894771851133972,3.63735,0.213754
250,252,0.3363636363636364,4.6000000000000005,0.3,0.3909090909090909,3.8,5.9,False,17.114137530832505,23.10560207794048,1,False,3.5199311989070544e-05,3.77234,0.284252
251,253,0.6454545454545454,25.83669274673536,0.5,0.7909090909090909,23.93669274673533,27.436692746735385,False,2.1746525320947128,8.166117079202692,1,True,0.14030120112802075,27.8617,0.579121
253,255,0.07018181818181819,3.8809008404152965,0.06,0.08090909090909093,2.0809008404152967,5.480900840415296,True,4.598762911867769,10.590227458975749,1,False,0.031995035231959366,3.26746,0.06402
254,256,0.3,18.10902248224489,0.24545454545454545,0.3727272727272728,16.50902248224489,19.709022482244876,True,0.04985493937820752,6.041319486486187,1,True,0.8233158824723826,19.5355,0.281194
255,257,0.028181818181818183,6.169593044936358,0.026363636363636363,0.03272727272727273,5.369593044936357,7.6695930449363585,False,2.27784653193481,8.269311079042788,1,True,0.13123397865531375,6.41858,0.026355
256,258,0.12272727272727273,12.169864236638064,0.11181818181818183,0.13363636363636364,10.969864236638069,13.36986423663806,False,0.4625778134645561,6.454042360572535,1,True,0.4964216865412676,10.5602,0.09673
257,259,0.2181818181818182,13.803440469397511,0.1890909090909091,0.24545454545454545,12.903440469397516,14.603440469397508,False,11.80894058026075,17.800405127368727,1,False,0.000589469652477892,16.0383,0.252598
258,260,0.10454545454545457,36.66199719092447,0.0918181818181818,0.1409090909090909,35.66199719092445,40.96199719092453,False,4.368773835791504,10.360238382899482,1,False,0.03660332175286389,42.6108,0.12709
259,261,0.1863636363636364,11.577887914383854,0.16818181818181818,0.2,10.87788791438386,11.977887914383855,False,0.8538896596696981,6.845354206777677,1,True,0.3554542957053207,10.7586,0.170935
261,263,0.3272727272727273,17.952378490630032,0.2909090909090909,0.3727272727272728,17.152378490630035,19.05237849063003,False,0.5735452708734324,6.565009817981411,1,True,0.4488535494432536,19.7064,0.318568
262,264,0.2818181818181818,6.422049140174817,0.24545454545454545,0.3090909090909091,5.522049140174817,7.222049140174818,True,0.5781919564587253,6.569656503566704,1,True,0.4470218901721684,6.51317,0.264027
263,265,0.15363636363636365,8.920382414827223,0.14272727272727273,0.16454545454545455,7.920382414827229,10.020382414827221,False,2.2799714369848196,8.271435984092799,1,True,0.13105428722898466,7.84282,0.145277
265,267,0.1572727272727273,22.07094836097432,0.1481818181818182,0.16636363636363638,21.070948360974306,22.870948360974324,False,0.0342360327566332,6.025700579864613,1,True,0.8532056496608744,21.654,0.140023
266,268,0.5454545454545454,16.031706123878266,0.4727272727272727,0.6636363636363636,14.83170612387827,17.53170612387826,False,1.0665167912576352,7.057981338365615,1,True,0.3017335476560221,17.6157,0.535745
267,269,0.030909090909090907,4.823452025509472,0.027272727272727268,0.03545454545454545,3.423452025509472,6.0234520255094735,True,7.804461415544081,13.795925962652062,1,False,0.005211739740346882,5.68679,0.031505
268,270,0.16636363636363638,21.222795965314955,0.15363636363636365,0.19181818181818186,19.822795965314935,22.32279596531497,False,0.08122026967207946,6.072684816780058,1,True,0.7756504999979497,20.6584,0.149924
269,271,0.5,5.300000000000002,0.3818181818181817,0.7363636363636363,3.0,8.3,True,4.077024065517808,10.068488612625787,1,False,0.043470155932439115,3.99631,0.398539
270,272,0.02090909090909091,8.951373846463907,0.017272727272727273,0.025454545454545452,7.151373846463914,10.9513738464639,False,10.558885533702368,16.550350080810347,1,False,0.0011563089109809038,11.8599,0.024701
271,273,0.2818181818181818,21.005772148682944,0.24545454545454545,0.3090909090909091,19.905772148682924,21.805772148682948,False,2.5911465119358197,8.5826110590438,1,True,0.10746252223132986,23.2463,0.282247
272,274,0.06363636363636364,3.942055419093396,0.052727272727272734,0.07363636363636364,2.0420554190933946,5.742055419093398,True,4.869440843976609,10.860905391084588,1,False,0.02733635659627254,3.78625,0.05971
274,276,0.15363636363636365,12.462247299968553,0.14454545454545453,0.16454545454545455,11.662247299968556,13.562247299968547,True,6.039320929113058,12.030785476221034,1,False,0.013990664742314142,12.1785,0.149638
275,277,0.015,10.14977976287287,0.014090909090909091,0.017272727272727273,9.349779762872874,11.349779762872865,False,45.31361137652404,51.30507592363202,1,False,1.6787832910179508e-11,13.4064,0.018457
276,278,0.029090909090909087,3.7,0.026363636363636363,0.031818181818181815,2.6,4.6000000000000005,False,0.4455190704426387,6.436983617550617,1,True,0.5044705934876099,2.55597,0.024638
277,279,0.5818181818181818,4.800000000000002,0.3727272727272728,0.9181818181818182,1.0,8.200000000000001,True,0.7735718238185502,6.765036370926528,1,True,0.37911434314983694,3.23936,0.451866
279,281,0.2363636363636364,13.895719516897378,0.2,0.2727272727272727,12.995719516897381,14.795719516897375,False,1.599696493428906,7.591161040536885,1,True,0.20594622733769372,15.037,0.22838
280,282,0.01,13.039825900843331,0.01,0.011818181818181818,12.839825900843332,14.639825900843325,False,13.871166131620972,19.86263067872895,1,False,0.00019577917485680415,16.7526,0.012869
281,283,0.05909090909090909,7.517032565333118,0.053636363636363635,0.06909090909090909,6.617032565333121,9.417032565333109,False,10.08236658700258,16.07383113411056,1,False,0.0014969494673455802,9.60764,0.065644
282,284,0.16272727272727272,13.435253094202745,0.15545454545454546,0.17545454545454547,12.835253094202747,14.33525309420274,False,1.0210206310142953,7.012485178122274,1,True,0.31227703489540826,12.5053,0.151441
283,285,0.18363636363636365,5.828459241426136,0.16818181818181818,0.2090909090909091,5.128459241426135,6.528459241426137,True,11.471034468719154,17.462499015827134,1,False,0.0007068932153010135,6.5213,0.19811
284,286,0.9363636363636364,9.1,0.6909090909090909,0.9818181818181818,6.7,9.1,False,6.6363681586602175,12.627832705768194,1,False,0.009991742721461864,4.03699,0.40714
285,287,0.1863636363636364,20.28930244747302,0.16272727272727272,0.2272727272727273,18.789302447473027,21.589302447473017,True,0.24552157969802346,6.236986126806003,1,True,0.6202462751161031,20.7813,0.175566
286,288,0.4363636363636364,10.692299866813249,0.3909090909090909,0.5,9.792299866813252,11.792299866813245,True,1.3677295262374758,7.359194073345455,1,True,0.24220236583971466,11.2833,0.405095
287,289,0.034545454545454546,3.2989268351199437,0.029090909090909087,0.04272727272727273,1.5989268351199426,5.498926835119946,True,4.729938792435078,10.721403339543057,1,False,0.029641940112298343,4.46489,0.036446
288,290,0.011363636363636364,5.419606878640822,0.01,0.014090909090909091,4.019606878640822,7.819606878640826,True,3.4512190191076986,9.442683566215678,1,True,0.06320513797451463,7.36582,0.013026
289,291,0.6727272727272727,10.22949944175848,0.5454545454545454,0.8636363636363636,8.529499441758478,12.329499441758482,False,14.406716674653456,20.398181221761433,1,False,0.00014727607112074404,8.28644,0.460924
290,292,0.028181818181818183,2.9000000000000004,0.024545454545454544,0.031818181818181815,1.4,4.2,True,2.0143784791504187,8.005843026258397,1,True,0.15581506381814592,2.56491,0.025927
291,293,0.014090909090909091,5.494613065556532,0.012272727272727272,0.01681818181818182,3.994613065556531,7.294613065556533,False,10.761041437475667,16.75250598458365,1,False,0.0010365903737071538,7.5943,0.01613
292,294,0.6,2.8000000000000003,0.4,1.1363636363636365,0.0,7.4,True,0.5323398287536736,6.523804375861652,1,True,0.465624804723175,4.44438,0.706293
293,295,0.3272727272727273,3.8,0.2909090909090909,0.3636363636363637,2.8000000000000003,4.6000000000000005,False,1.4217202949027166,7.413184842010695,1,True,0.2331204584201771,2.9281,0.282857
294,296,1.4,11.923011149241102,1.0272727272727271,1.4,9.323011149241113,12.323011149241099,False,5.130145399615175,11.121609946723154,1,False,0.023513757849329932,10.9687,0.925956
296,298,0.13363636363636364,19.218667945305317,0.11727272727272728,0.14454545454545453,17.41866794530532,20.31866794530531,False,1.107483681700831,7.098948228808809,1,True,0.2926295950667394,18.394,0.110836
297,299,0.7454545454545455,8.4,0.6181818181818182,0.7636363636363637,6.800000000000002,8.4,False,17.465682558092432,23.45714710520041,1,False,2.925409671885774e-05,2.98493,0.318227
298,300,0.44545454545454544,8.711293391163295,0.3909090909090909,0.4909090909090909,7.811293391163298,9.611293391163294,True,0.03160552860701686,6.023070075714996,1,True,0.8588961961282913,9.60489,0.443287
299,301,0.34545454545454546,7.706844671028924,0.2727272727272727,0.4363636363636364,5.806844671028923,9.606844671028927,True,1.4856363596657467,7.477100906773727,1,True,0.22289473949597066,7.16208,0.291543
300,302,0.09636363636363636,8.782865674966951,0.075,0.1190909090909091,6.482865674966957,11.08286567496694,True,5.507992324403548,11.499456871511528,1,False,0.018929764118835846,8.95079,0.089046
302,304,1.4,13.151886035848513,1.3,1.4,12.551886035848515,13.351886035848512,False,24.53682482542613,30.528289372534108,1,False,7.290312375991121e-07,12.4186,0.9284
303,305,0.01,5.7448427215815645,0.01,0.011363636363636364,5.644842721581565,6.9448427215815665,False,13.316616517636824,19.308081064744805,1,False,0.0002630644364563922,7.74925,0.01175
304,306,0.09454545454545454,13.344093659077066,0.08272727272727272,0.10454545454545457,11.944093659077067,14.24409365907706,False,1.687150644598865,7.678615191706845,1,True,0.1939770031722508,11.8727,0.072793
305,307,0.4363636363636364,6.232349730522946,0.3818181818181817,0.4909090909090909,5.1323497305229475,7.232349730522946,False,6.777675033618231,12.769139580726211,1,False,0.0092305045485542,5.11355,0.351264
306,308,0.15363636363636365,3.8,0.13545454545454547,0.16818181818181818,2.0,5.4,True,2.6599636720223807,8.65142821913036,1,True,0.10290308471018944,2.86052,0.153857
307,309,0.2363636363636364,5.0,0.19454545454545452,0.2818181818181818,3.7,6.4,False,0.7665673280078164,6.758031875115797,1,True,0.3812810761631433,3.66366,0.190781
308,310,0.3090909090909091,13.549994432823755,0.2727272727272727,0.3545454545454545,12.54999443282376,14.549994432823752,True,0.07136994206709228,6.062834489175072,1,True,0.7893524906395781,14.4488,0.287995
309,311,0.1409090909090909,6.677836057139813,0.13,0.15545454545454546,5.677836057139813,8.077836057139814,False,2.8640059586744915,8.85547050578247,1,True,0.09058165602977658,5.37594,0.129888
310,312,1.3818181818181818,13.097588956092839,1.2545454545454546,1.4,12.39758895609284,13.097588956092839,False,23.05897700150244,29.050441548610426,1,False,1.5710724109340954e-06,8.7526,0.620898
311,313,1.4,6.2932194360365115,1.0909090909090908,1.4,4.2932194360365115,6.893219436036509,False,11.362424134222556,17.353888681330538,1,False,0.0007494494344467084,6.10097,1.08928
312,314,0.1409090909090909,6.332165408465072,0.12090909090909092,0.15545454545454546,4.132165408465081,7.832165408465067,False,18.31913110005948,24.310595647167464,1,False,1.868216051102052e-05,7.94024,0.166565
313,315,0.08818181818181818,9.594150615957622,0.07590909090909091,0.10363636363636364,7.894150615957629,11.094150615957618,False,0.8019033116413293,6.793367858749307,1,True,0.3705249192100151,7.88829,0.06973
314,316,0.2090909090909091,11.970666125622712,0.1781818181818182,0.24545454545454545,10.970666125622714,12.970666125622705,False,9.054793788741513,15.04625833584949,1,False,0.002620069527972162,13.5731,0.229595
315,317,0.5909090909090908,6.300000000000002,0.4272727272727273,0.6454545454545454,3.4000000000000004,6.6000000000000005,False,9.900262564774364,15.891727111882341,1,False,0.0016525519207776255,1.08928,0.27833
316,318,0.11727272727272728,5.6341059412243295,0.10818181818181817,0.12636363636363634,4.634105941224329,6.63410594122433,True,13.794031697452153,19.785496244560136,1,False,0.00020398320054135468,5.37589,0.116108
317,319,0.2181818181818182,7.48445577074975,0.1863636363636364,0.2636363636363636,6.384455770749749,8.884455770749753,True,1.0389566919361812,7.03042123904416,1,True,0.3080642419431965,7.48673,0.198125
318,320,0.02363636363636364,15.705820446952824,0.01818181818181818,0.029090909090909087,13.105820446952837,18.10582044695282,False,4.139115214211616,10.130579761319595,1,False,0.04190306605168683,18.18,0.024604
319,321,0.16454545454545455,7.236003919967935,0.15,0.19181818181818186,5.6360039199679335,8.436003919967936,True,4.455004684649271,10.44646923175725,1,False,0.03479912076079198,6.98574,0.172364
320,322,0.2181818181818182,7.668201253102219,0.1890909090909091,0.2363636363636364,6.768201253102218,8.168201253102218,True,1.1629518080854626,7.154416355193442,1,True,0.28085420159235663,7.19678,0.192636
321,323,0.04636363636363637,19.227632814337557,0.03818181818181818,0.057272727272727274,17.02763281433753,21.62763281433759,True,2.7557566542750247,8.747221201383004,1,True,0.09690496069995293,21.4138,0.045716
322,324,0.2545454545454545,9.994330431127002,0.2272727272727273,0.2727272727272727,9.294330431127003,10.494330431127,True,0.8222992083834249,6.8137637554914035,1,True,0.3645087878817908,10.1806,0.227933
323,325,0.1090909090909091,9.301683732747811,0.09636363636363636,0.12090909090909092,8.001683732747816,10.701683732747806,False,3.8533637724381564,9.844828319546137,1,False,0.04964632875289035,8.19206,0.088783
324,326,0.19454545454545452,3.7,0.17272727272727273,0.2181818181818182,2.9000000000000004,4.4,False,1.9021777173330805,7.893642264441058,1,True,0.16783476561815502,2.42722,0.179936
326,328,0.18363636363636365,13.451536996822266,0.16454545454545455,0.2,12.351536996822267,14.051536996822266,False,10.992589270477927,16.98405381758591,1,False,0.0009147692153565019,14.249,0.187421
327,329,0.16454545454545455,13.493477270010128,0.15363636363636365,0.18363636363636365,12.293477270010133,14.493477270010125,True,2.1644027298140114,8.15586727692199,1,True,0.14123949145260026,13.2202,0.16271
328,330,0.4363636363636364,5.0,0.34545454545454546,0.5545454545454546,2.9000000000000004,7.1000000000000005,False,9.72210253375857,15.713567080866547,1,False,0.0018206511698701452,1.62657,0.265953
329,331,0.014545454545454544,5.898004857798764,0.013181818181818182,0.01681818181818182,4.7980048577987615,7.298004857798763,False,26.665775546510616,32.657240093618604,1,False,2.4186791234844344e-07,8.51681,0.017592
330,332,0.024545454545454544,3.4447212459345398,0.022727272727272728,0.027272727272727268,2.7447212459345387,4.5447212459345385,True,6.682836862015016,12.674301409122993,1,False,0.009734557790910243,4.47306,0.025467
331,333,0.11363636363636365,9.896026460766848,0.09,0.13363636363636364,7.3960264607668575,12.19602646076684,False,0.18838431542299486,6.1798488625309735,1,True,0.6642647533463579,7.98528,0.086248
332,334,1.4,11.409961979130847,0.8363636363636364,1.4,7.5099619791308605,11.909961979130845,False,0.1801980565752163,6.171662603683195,1,True,0.6712030890896827,12.3416,1.24447
333,335,0.1090909090909091,8.834120036854543,0.10181818181818182,0.1190909090909091,7.934120036854546,10.034120036854539,False,4.108784386280928,10.100248933388908,1,False,0.042661015496864636,8.2831,0.096396
334,336,0.11727272727272728,10.305413957753435,0.10454545454545457,0.12818181818181815,8.805413957753439,11.605413957753429,True,11.533741652499142,17.52520619960712,1,False,0.0006834432173977089,10.8322,0.118758
335,337,0.19181818181818186,13.85121207325507,0.17,0.2181818181818182,13.051212073255071,14.751212073255065,False,3.1872816751781223,9.1787462222861,1,True,0.0742133233548884,14.7917,0.191766
336,338,0.19454545454545452,4.1000000000000005,0.17,0.2181818181818182,3.2,4.9,True,7.698891771921192,13.690356319029169,1,False,0.005525474079670946,4.01046,0.19403
337,339,0.8090909090909091,8.200000000000001,0.5181818181818182,0.8545454545454546,4.5,8.5,False,4.201809599563079,10.193274146671056,1,False,0.04038086653324873,3.63504,0.40222
338,340,0.03363636363636364,15.680255451669115,0.03272727272727273,0.037272727272727284,15.580255451669116,16.680255451669108,False,56.29576306476346,62.28722761187144,1,False,6.234963607763316e-14,20.5696,0.045066
339,341,0.2363636363636364,4.0,0.2181818181818182,0.2727272727272727,3.5,4.9,True,1.3732986400854137,7.364763187193392,1,True,0.24124593927974236,3.82772,0.220449
340,342,0.12454545454545456,9.779377540799018,0.11545454545454545,0.13727272727272727,8.779377540799024,11.079377540799015,False,5.308624665565972,11.300089212673953,1,False,0.021220101774271232,8.84771,0.110302
341,343,0.509090909090909,3.869820066088924,0.5,0.6090909090909089,3.869820066088924,5.369820066088924,False,29.335784801191824,35.327249348299816,1,False,6.086133679027967e-08,9.64171,0.951855
342,344,1.4,3.2,0.9,1.4,0.0,3.7,True,2.4914692159702883,8.482933763078268,1,True,0.11446482503157088,0.723914,0.921114
343,345,0.01,15.893253815927089,0.01,0.011363636363636364,15.593253815927088,17.093253815927085,False,46.234891372505714,52.2263559196137,1,False,1.0489228990426392e-11,21.1365,0.01455
344,346,0.2,9.887392619586779,0.17545454545454547,0.2181818181818182,9.08739261958678,10.487392619586775,True,1.4103929815058618,7.40185752861384,1,True,0.2349911670376393,9.55788,0.184106
345,347,0.8909090909090909,9.9,0.6818181818181818,0.9181818181818182,7.7,9.9,False,13.900548450325697,19.892012997433678,1,False,0.00019274221737269992,4.66521,0.392184
346,348,0.10818181818181817,5.5350287481613645,0.0981818181818182,0.12090909090909092,4.435028748161366,6.9350287481613675,True,20.068121735222867,26.05958628233085,1,False,7.473201338600732e-06,5.36674,0.103231
347,349,0.15545454545454546,6.786874646896878,0.14454545454545453,0.16818181818181818,5.686874646896879,8.086874646896879,True,3.5093703321472223,9.5008348792552,1,True,0.06102264389503325,5.96922,0.153327
348,350,0.031818181818181815,9.577629053738756,0.028181818181818183,0.03636363636363636,8.37762905373876,10.677629053738752,False,0.2599140779909354,6.251378625098915,1,True,0.6101791905014806,8.88136,0.026211
349,351,0.2272727272727273,8.181286632863777,0.2090909090909091,0.24545454545454545,7.6812866328637766,8.681286632863777,False,3.95963530956327,9.951099856671247,1,False,0.04660379899983237,6.69938,0.180308
350,352,0.5545454545454546,3.2,0.3818181818181817,0.9090909090909092,0.0,7.0,True,0.4289982283049583,6.420462775412937,1,True,0.5124809121452695,1.94461,0.459678
351,353,0.07018181818181819,16.35864865385957,0.06363636363636364,0.075,15.258648653859575,17.15864865385957,False,19.44691558109561,25.438380128203587,1,False,1.0343474169172584e-05,17.5537,0.06645
352,354,0.02,13.398237375462205,0.017272727272727273,0.024545454545454544,11.898237375462207,15.198237375462195,False,15.837577194537394,21.829041741645373,1,False,6.901814910755732e-05,16.7506,0.024071
354,356,0.15363636363636365,11.378808757423279,0.1390909090909091,0.17,10.078808757423284,12.878808757423274,False,0.1933969927296,6.184861539837579,1,True,0.6601042414772585,10.0197,0.137932
355,357,0.03363636363636364,9.078829989508696,0.03,0.03818181818181818,8.078829989508701,10.278829989508694,False,17.776467374495887,23.76793192160386,1,False,2.4843711658429597e-05,10.7726,0.035605
357,359,0.15,8.599894908214331,0.14272727272727273,0.1590909090909091,7.999894908214332,9.499894908214332,False,0.9979883853942096,6.9894529325021875,1,True,0.3177977497780869,6.86274,0.132942
358,360,1.4,10.569346385821065,0.9363636363636364,1.4,7.369346385821066,10.769346385821063,False,4.931814561478773,10.923279108586753,1,False,0.026366617207228632,6.39137,0.662956
359,361,0.2,8.936639336465774,0.17272727272727273,0.2363636363636364,7.936639336465776,10.036639336465768,True,1.525389715321814,7.516854262429793,1,True,0.2168056871500182,9.03267,0.191804
360,362,0.0981818181818182,5.211823673527761,0.08818181818181818,0.11,4.111823673527761,6.6118236735277645,True,25.375416907913213,31.366881455021197,1,False,4.718935170591286e-07,6.5286,0.107734
361,363,0.015,2.4000000000000004,0.013181818181818182,0.018636363636363642,0.8,4.4,True,0.1976917746588222,6.189156321766801,1,True,0.6565904654945902,2.78868,0.015144
362,364,0.16272727272727272,16.879334328021045,0.15545454545454546,0.1809090909090909,15.979334328021052,17.979334328021046,False,18.34186199789779,24.333326545005768,1,False,1.8460583140832835e-05,18.961,0.185186
363,365,0.4545454545454546,5.7,0.3727272727272728,0.6090909090909089,3.9,8.1,False,11.986005259623205,17.977469806731182,1,False,0.0005360156916139943,2.61663,0.285649
364,366,0.5454545454545454,5.9,0.4,0.7363636363636363,3.3000000000000003,8.200000000000001,False,6.559806966011561,12.55127151311954,1,False,0.01043076806465112,3.03329,0.357307
365,367,0.4727272727272727,2.9000000000000004,0.3818181818181817,0.6181818181818182,1.0,5.2,True,0.35962928747170597,6.351093834579685,1,True,0.5487121918438809,2.38762,0.433287
366,368,0.7,7.0,0.4818181818181818,0.7272727272727273,4.0,7.0,False,9.425055273569333,15.416519820677312,1,False,0.0021404064670647416,1.59861,0.314603
368,370,0.011818181818181818,10.878989553171415,0.010454545454545454,0.013636363636363636,9.67898955317142,12.378989553171413,False,19.613239446130677,25.60470399323865,1,False,9.480993952023584e-06,14.6146,0.014912
369,371,0.07590909090909091,9.441976179932688,0.06181818181818183,0.09545454545454546,7.041976179932697,11.74197617993268,True,5.901321381772253,11.892785928880231,1,False,0.015129530077689878,10.1329,0.074156
370,372,0.03,7.32891141775865,0.027272727272727268,0.03636363636363636,6.028911417758655,8.928911417758645,False,14.166285497943509,20.15775004505149,1,False,0.00016734228990389794,9.02142,0.032683
371,373,0.03272727272727273,4.6709525194784645,0.027272727272727268,0.040909090909090916,2.870952519478463,6.8709525194784655,True,4.754329351397528,10.745793898505509,1,False,0.02922467914525485,5.7069,0.033703
372,374,0.015,19.20622220921012,0.015,0.01909090909090909,19.20622220921012,21.606222209210163,False,27.3399359376138,33.331400484721776,1,False,1.7065029622669553e-07,25.7492,0.023395
373,375,0.03,8.174777149278757,0.026363636363636363,0.03818181818181818,6.574777149278763,10.27477714927875,True,5.627773100103627,11.619237647211607,1,False,0.017678075571101386,9.82369,0.031531
374,376,0.1572727272727273,9.021533052138642,0.14636363636363636,0.16818181818181818,7.9215330521386464,10.121533052138638,True,5.514532904003625,11.505997451111606,1,False,0.018859108686133448,8.70859,0.158698
375,377,0.029090909090909087,9.015786664604956,0.025454545454545452,0.034545454545454546,7.415786664604965,10.615786664604954,False,8.390467837218662,14.38193238432664,1,False,0.003771938132668565,10.9066,0.031165
376,378,0.09272727272727273,9.386746394238797,0.08181818181818183,0.10454545454545457,7.9867463942388,10.586746394238789,True,29.60923245022767,35.600696997335646,1,False,5.285259839039426e-08,10.3718,0.092124
377,379,0.02363636363636364,8.320148069449933,0.02090909090909091,0.026363636363636363,7.020148069449937,9.520148069449931,False,12.5270883209953,18.51855286810328,1,False,0.00040109435539006016,10.1988,0.02545
378,380,0.040909090909090916,6.095015159230144,0.03545454545454545,0.04454545454545455,4.695015159230144,7.195015159230144,False,7.773288427718942,13.76475297482692,1,False,0.005302443267128532,7.35559,0.042825
379,381,0.1390909090909091,10.193010690397077,0.12818181818181815,0.1481818181818182,9.193010690397081,10.893010690397071,True,17.512336448212615,23.503800995320603,1,False,2.8544949784535688e-05,10.682,0.147559
380,382,0.2181818181818182,2.7,0.2090909090909091,0.2363636363636364,2.4000000000000004,3.2,False,0.6673969009571968,6.658861448065176,1,True,0.4139606405676412,1.74591,0.192892
382,384,0.03363636363636364,2.8574197290058962,0.028181818181818183,0.04,1.157419729005896,4.457419729005896,True,7.118884427247012,13.110348974354991,1,False,0.0076276154314840515,3.87748,0.035569
383,385,0.04454545454545455,9.568975194385203,0.04,0.05545454545454545,8.468975194385207,12.068975194385194,False,6.807568914445491,12.79903346155347,1,False,0.009077226480696874,12.2809,0.050533
384,386,0.017272727272727273,11.335776004388178,0.015,0.02,10.135776004388182,12.935776004388172,False,39.39159938770021,45.383063934808185,1,False,3.467856701552648e-10,14.9979,0.020907
385,387,0.024545454545454544,6.868262475406258,0.02181818181818182,0.027272727272727268,5.568262475406256,7.9682624754062585,False,21.905168498772355,27.896633045880336,1,False,2.8646134734247613e-06,8.37012,0.025806
386,388,0.10272727272727274,9.354949269968095,0.09090909090909093,0.11181818181818183,8.154949269968101,10.454949269968091,False,2.064773506363697,8.056238053471676,1,True,0.15073732280131355,7.77858,0.079968
387,389,0.034545454545454546,6.408823996692924,0.03363636363636364,0.04,6.2088239966929235,7.908823996692918,False,40.90246425889639,46.893928806004375,1,False,1.6001923853222806e-10,10.1562,0.045054
388,390,0.01090909090909091,11.228794794928923,0.01,0.013636363636363636,10.128794794928924,13.628794794928913,False,18.071482304283368,24.062946851391345,1,False,2.1276437636601506e-05,16.2268,0.015508
389,391,0.011818181818181818,9.613281702547605,0.01,0.013636363636363636,7.913281702547609,11.213281702547595,False,20.035823212955016,26.027287760063,1,False,7.6004897585547395e-06,13.5995,0.015694
390,392,0.4909090909090909,4.9,0.3727272727272728,0.7,2.6,7.6,False,6.547428160524284,12.538892707632264,1,False,0.010503587823839285,2.75166,0.358062
391,393,0.19454545454545452,4.800000000000002,0.16272727272727272,0.2363636363636364,3.2,6.1000000000000005,False,0.25336561159401794,6.244830158701997,1,True,0.6147151538376696,2.90691,0.169904
392,394,0.16272727272727272,7.5585244246581755,0.15,0.17272727272727273,6.3585244246581745,8.358524424658178,True,14.593306471567498,20.58477101867548,1,False,0.00013338749455904842,6.96599,0.163993
393,395,0.07909090909090909,6.987512570650718,0.06909090909090909,0.0981818181818182,5.287512570650723,9.187512570650707,True,9.581870958386316,15.573335505494294,1,False,0.001965080529178106,7.75263,0.078724
394,396,0.8090909090909091,7.0651742902439825,0.5545454545454546,1.1545454545454543,3.9651742902439775,9.865174290243985,True,0.14863123640498613,6.140095783512964,1,True,0.6998468443706587,7.12659,0.721981
395,397,0.4090909090909091,8.220957008448162,0.3636363636363637,0.4818181818181818,7.220957008448164,9.620957008448157,False,0.7589993491929959,6.750463896300975,1,True,0.3836418552614854,9.86064,0.451638
396,398,0.1863636363636364,4.2,0.16636363636363638,0.2090909090909091,3.3000000000000003,4.9,False,4.137115154082099,10.128579701190075,1,False,0.04195260782704892,2.91638,0.175856
397,399,0.04818181818181819,11.300743198647806,0.04363636363636364,0.053636363636363635,10.100743198647812,12.400743198647804,True,4.527484700978657,10.518949248086637,1,False,0.03335460767831658,11.7218,0.044551
398,400,0.015,9.823919142418028,0.013636363636363636,0.018636363636363642,8.623919142418032,11.92391914241802,False,22.99373159415568,28.985196141263657,1,False,1.6253048523732562e-06,13.4445,0.018617
399,401,0.1481818181818182,16.603853425963834,0.13545454545454547,0.1572727272727273,15.30385342596384,17.503853425963833,False,14.530135874657777,20.521600421765754,1,False,0.000137935300264427,17.9808,0.15907
400,402,0.16272727272727272,14.525512201903233,0.1481818181818182,0.19454545454545452,12.925512201903238,15.925512201903226,True,0.7138942974577931,6.705358844565773,1,True,0.3981540230465381,13.9504,0.155204
401,403,0.014090909090909091,9.451998413898574,0.012727272727272728,0.01590909090909091,8.351998413898578,10.751998413898571,False,34.968562874271996,40.960027421379976,1,False,3.3507170125431915e-09,12.5571,0.017154
402,404,0.019545454545454543,9.129809650039913,0.017727272727272727,0.02181818181818182,8.129809650039919,10.22980965003991,False,7.331205412585469,13.322669959693446,1,False,0.0067767591140550105,10.6672,0.019849
403,405,0.05181818181818182,5.317779792054858,0.04363636363636364,0.06454545454545453,3.3177797920548566,7.717779792054861,True,3.859628482590161,9.851093029698141,1,False,0.0494612794684776,5.22552,0.047539
404,406,0.026363636363636363,10.648635150909614,0.022727272727272728,0.031818181818181815,9.24863515090962,12.748635150909607,False,13.787302528849914,19.77876707595789,1,False,0.000204715137641904,14.1103,0.03216
405,407,0.045454545454545456,4.534598397792499,0.04,0.049090909090909095,3.2345983977925004,5.534598397792499,True,12.585926816211655,18.577391363319638,1,False,0.0003886622503414625,4.12726,0.041103
406,408,0.9363636363636364,8.124181975259898,0.5545454545454546,1.2727272727272727,3.9241819752598985,10.4241819752599,True,0.9276457797292856,6.919110326837265,1,True,0.3354754158431167,6.01907,0.633023
407,409,0.01,17.000653877361938,0.01,0.011363636363636364,16.700653877361937,18.200653877361933,False,30.30674329517595,36.29820784228393,1,False,3.688413765603707e-08,20.0477,0.011844
408,410,0.028181818181818183,3.5,0.025454545454545452,0.03,2.3000000000000003,4.3,True,5.0838690438082885,11.075333590916266,1,False,0.02414942248382713,3.4944,0.026632
409,411,0.2727272727272727,6.0802439207536345,0.2363636363636364,0.3181818181818182,4.980243920753633,7.380243920753635,True,2.397999575045477,8.389464122153456,1,True,0.12149051804510075,6.60901,0.270032
410,412,0.039090909090909086,9.027070178032083,0.03363636363636364,0.04454545454545455,7.72707017803209,10.52707017803208,False,8.323163870687019,14.314628417794998,1,False,0.003914268339556395,10.8719,0.041609
411,413,0.022727272727272728,3.5773732040378827,0.018636363636363642,0.026363636363636363,1.577373204037881,5.177373204037885,False,10.26552085292816,16.256985400036136,1,False,0.001355394666270915,5.71276,0.026518
412,414,0.16090909090909092,9.08667706601105,0.1481818181818182,0.1781818181818182,7.7866770660110545,10.286677066011046,True,24.622146483898536,30.613611031006517,1,False,6.974556645650496e-07,9.97166,0.177217
413,415,0.029090909090909087,11.308974295356764,0.025454545454545452,0.034545454545454546,9.70897429535677,12.908974295356758,False,7.335875497104897,13.327340044212878,1,False,0.0067591750193062424,13.298,0.030846
414,416,0.34545454545454546,2.8000000000000003,0.2909090909090909,0.4,1.4,4.0,False,23.09274632309134,29.084210870199318,1,False,1.5437197626617727e-06,0.284263,0.24143
415,417,0.12818181818181815,6.050125372651467,0.10727272727272727,0.1481818181818182,3.7501253726514654,7.95012537265147,True,6.07173335240835,12.063197899516327,1,False,0.01373620956579982,5.69949,0.128577
417,419,0.011363636363636364,5.0590167544038325,0.010454545454545454,0.012272727272727272,4.359016754403832,5.859016754403832,False,14.816967311023474,20.80843185813145,1,False,0.00011846485083235349,7.46436,0.01374
418,420,0.17,4.2,0.15181818181818182,0.2090909090909091,2.4000000000000004,5.4,True,2.7252955268223813,8.71676007393036,1,True,0.09876983827874462,3.06611,0.171222
419,421,0.024545454545454544,7.079695445406559,0.02181818181818182,0.026363636363636363,5.979695445406562,7.879695445406556,False,14.50683210704192,20.4982966541499,1,False,0.0001396521396210045,8.61076,0.025813
420,422,0.04818181818181819,12.451389254956315,0.04454545454545455,0.056363636363636366,11.45138925495632,14.051389254956307,True,7.345897631095183,13.337362178203161,1,False,0.006721596180695347,13.5978,0.046545
421,423,0.1090909090909091,4.039437771949526,0.1,0.12090909090909092,2.939437771949525,5.539437771949529,True,13.540322000771283,19.531786547879268,1,False,0.00023349233139296376,3.98427,0.10699
422,424,0.2727272727272727,5.399002941535887,0.2545454545454545,0.2909090909090909,4.899002941535885,5.999002941535887,False,5.792221892045123,11.783686439153099,1,False,0.016097231500870092,6.11069,0.282061
423,425,0.1590909090909091,10.071262345477491,0.14636363636363636,0.18363636363636365,8.671262345477494,11.671262345477484,True,10.875260818250377,16.866725365358356,1,False,0.0009745730363254801,11.0611,0.175172
425,427,0.0918181818181818,10.607383939574854,0.08272727272727272,0.10363636363636364,9.407383939574858,11.80738393957485,False,15.157713503792206,21.149178050900183,1,False,9.889347366410627e-05,11.8647,0.095051
426,428,0.17545454545454547,5.566018326971836,0.15181818181818182,0.2181818181818182,3.4660183269718337,7.066018326971839,True,5.3475216546402295,11.338986201748211,1,False,0.020751747258743916,6.04525,0.190553
427,429,0.02181818181818182,8.519535319848384,0.018636363636363642,0.025454545454545452,7.019535319848388,10.119535319848376,False,13.123051726446825,19.11451627355481,1,False,0.00029168452383453186,11.3974,0.025878
428,430,0.12818181818181815,9.640863570087674,0.11181818181818183,0.14636363636363636,7.740863570087682,11.44086357008767,True,9.390187385245873,15.381651932353853,1,False,0.0021814990687228533,10.9855,0.144802
429,431,0.025454545454545452,5.80114457169963,0.02181818181818182,0.027272727272727268,4.201144571699627,6.50114457169963,True,7.261684602025618,13.253149149133597,1,False,0.007044118492958026,5.89933,0.023617
431,433,0.013636363636363636,4.0366939884778406,0.012727272727272728,0.015454545454545453,3.336693988477841,5.5366939884778406,False,5.012411720409833,11.003876267517812,1,False,0.0251662243002175,6.10158,0.015731
432,434,0.44545454545454544,6.305391772980089,0.3909090909090909,0.4909090909090909,5.10539177298009,7.005391772980089,False,9.398293202407356,15.389757749515336,1,False,0.0021718753472161944,5.43642,0.376892
433,435,0.02090909090909091,8.529893961357946,0.017727272727272727,0.024545454545454544,7.029893961357951,10.029893961357939,True,4.8422291614088095,10.833693708516787,1,False,0.02777097437084396,9.77083,0.020764
434,436,0.013181818181818182,11.007248587851526,0.011363636363636364,0.015,9.507248587851533,12.407248587851525,False,21.247158555495158,27.238623102603132,1,False,4.037083885516723e-06,14.4743,0.01634
435,437,0.1190909090909091,4.639907828429648,0.09909090909090908,0.13727272727272727,2.339907828429645,6.639907828429648,True,7.38586163205133,13.377326179159308,1,False,0.006573856939188115,4.89551,0.12621
436,438,0.06727272727272728,10.604979650464537,0.058181818181818175,0.07590909090909091,8.904979650464544,12.00497965046453,True,11.002667588790805,16.994132135898777,1,False,0.0009098084978133837,11.9331,0.067874
437,439,0.1590909090909091,15.429650179421143,0.1409090909090909,0.1809090909090909,13.629650179421148,16.829650179421133,True,9.547198879705467,15.538663426813445,1,False,0.0020025478295557565,15.9771,0.16288
438,440,0.034545454545454546,7.880169771962392,0.03,0.04,6.780169771962397,9.180169771962387,False,9.284858534811939,15.276323081919918,1,False,0.0023105576494730183,9.24686,0.035831
439,441,0.01,13.131203685848176,0.01,0.01090909090909091,12.831203685848177,14.031203685848173,False,22.338294869886084,28.329759416994065,1,False,2.286021570795399e-06,16.0275,0.01266
440,442,0.019545454545454543,8.728010153927562,0.01636363636363636,0.02363636363636364,7.028010153927567,10.628010153927557,False,7.080451984600304,13.071916531708286,1,False,0.007792935138352359,10.7523,0.02095
441,443,0.8,7.0,0.6272727272727272,0.8272727272727273,5.1000000000000005,7.0,False,8.72535330591713,14.716817853025107,1,False,0.003138152529384575,1.69557,0.347269
442,444,0.049090909090909095,3.554133573886044,0.04181818181818182,0.06181818181818183,1.6541335738860423,6.0541335738860464,True,4.505829204041946,10.497293751149924,1,False,0.03377951424614313,4.66909,0.051462
444,446,0.16818181818181818,7.9795997520193085,0.1572727272727273,0.19181818181818186,6.879599752019309,8.97959975201931,True,2.722955846149754,8.714420393257733,1,True,0.09891468769815884,7.14387,0.166897
445,447,0.01681818181818182,5.0,0.014545454545454544,0.02,3.8,6.6000000000000005,True,0.09558655098797486,6.087051098095954,1,True,0.7571916448054231,5.39755,0.016275
446,448,0.010454545454545454,8.715206601008987,0.01,0.013636363636363636,8.01520660100899,11.615206601008975,False,8.173299824186103,14.164764371294082,1,False,0.004251149726256472,13.1901,0.014582
447,449,0.3545454545454545,5.6000000000000005,0.2818181818181818,0.4363636363636364,3.7,7.4,False,6.742898852759017,12.734363399866993,1,False,0.009412156127704643,4.01829,0.273084
448,450,0.06,4.396630465370138,0.05,0.07090909090909091,2.5966304653701364,6.296630465370139,True,7.315966844642483,13.307431391750463,1,False,0.006834461955470797,4.79692,0.059328
449,451,0.2090909090909091,6.0338863462544365,0.18363636363636365,0.2363636363636364,5.133886346254436,6.833886346254437,True,2.1947946007749093,8.186259147882888,1,True,0.13847766712444634,6.13421,0.198895
450,452,0.14454545454545453,4.147558444781463,0.12090909090909092,0.16636363636363638,1.7475584447814612,6.347558444781464,True,3.175815712051575,9.167280259159554,1,True,0.07473588549717121,3.84948,0.151506
451,453,0.02,8.484627588429804,0.017727272727272727,0.02363636363636364,7.184627588429809,10.084627588429797,False,11.298663774040635,17.290128321148615,1,False,0.0007756289229357174,10.847,0.022761
452,454,0.017727272727272727,8.082103626766031,0.015,0.02,6.582103626766036,9.182103626766027,False,3.488855869832564,9.480320416940543,1,True,0.06178327120957601,9.46714,0.018392
453,455,0.24545454545454545,8.124540168459763,0.2090909090909091,0.2636363636363636,7.024540168459767,8.724540168459761,False,3.8027029720464136,9.794167519154392,1,True,0.05116991633339305,8.78817,0.245175
454,456,0.05090909090909091,8.048157784654109,0.045454545454545456,0.05909090909090909,6.6481577846541136,9.548157784654103,False,0.7870371360845705,6.77850168319255,1,True,0.374997536747111,7.63569,0.045169
455,457,0.03636363636363636,14.289817533286982,0.031818181818181815,0.04272727272727273,13.189817533286984,15.889817533286974,False,16.50025780128725,22.49172234839523,1,False,4.864345973091217e-05,16.3642,0.037282
456,458,0.8636363636363636,3.4000000000000004,0.5363636363636364,1.4,0.0,7.5,True,0.07544932519478477,6.066913872302764,1,True,0.7835617864216795,2.7497,0.743392
457,459,0.2545454545454545,6.5016618316091135,0.2181818181818182,0.2727272727272727,5.601661831609113,7.001661831609115,False,5.1532701395220295,11.144734686630011,1,False,0.023202636935008285,7.22935,0.261949
458,460,0.011363636363636364,9.44375949771352,0.011363636363636364,0.013636363636363636,9.343759497713519,11.443759497713511,False,28.88964884785394,34.88111339496192,1,False,7.662128674054508e-08,15.2628,0.018131
460,462,0.08272727272727272,8.582936040968852,0.07590909090909091,0.1,7.682936040968856,10.482936040968843,False,8.772296537398086,14.763761084506063,1,False,0.0030584012551490274,10.544,0.092046
461,463,0.026363636363636363,8.105349814759244,0.024545454545454544,0.030909090909090907,7.405349814759246,10.105349814759236,False,9.207539352039264,15.199003899147243,1,False,0.0024102043579927873,11.7389,0.033765
462,464,0.6545454545454545,5.300000000000002,0.4545454545454546,0.7181818181818181,2.2,5.9,False,5.830022785190272,11.82148733229825,1,False,0.01575491944210913,0.661824,0.338092
463,465,0.013181818181818182,9.289390331017056,0.011363636363636364,0.01636363636363636,7.889390331017061,11.689390331017046,False,13.838122148017867,19.829586695125847,1,False,0.00019925223862009723,13.5959,0.018075
464,466,0.4,8.532358920125873,0.3545454545454545,0.4727272727272727,7.332358920125878,10.032358920125867,False,1.1772185327806106,7.16868307988859,1,True,0.2779229752499722,10.0674,0.437363
465,467,0.025454545454545452,8.83632021395391,0.02181818181818182,0.030909090909090907,7.2363202139539125,11.1363202139539,False,5.693293562689626,11.684758109797606,1,False,0.01702986329698717,11.4465,0.028835
466,468,0.06,6.2627237822372175,0.049090909090909095,0.075,4.062723782237226,8.862723782237211,True,2.929814387618452,8.92127893472643,1,True,0.08695748950215447,6.92978,0.059509
467,469,0.03363636363636364,8.116003608346894,0.028181818181818183,0.040909090909090916,6.416003608346901,10.016003608346887,True,1.6666479519901167,7.658112499098097,1,True,0.1967081158449876,8.66479,0.031175
468,470,0.509090909090909,0.0,0.4818181818181818,0.7727272727272727,0.0,3.2,True,7.023025832755301,13.014490379863279,1,False,0.00804681372427721,2.11903,0.697999
469,471,0.3636363636363637,4.757786685263946,0.3181818181818182,0.4090909090909091,3.6577866852639462,5.857786685263946,True,0.5620931495369025,6.553557696644883,1,True,0.4534181081286641,5.34427,0.370859
470,472,0.09,4.063930983450377,0.07727272727272727,0.1090909090909091,2.2639309834503774,6.063930983450378,True,1.6205050777653616,7.611969624873342,1,True,0.20302137607717693,3.12363,0.079926
471,473,0.05,8.090587806549317,0.04272727272727273,0.0609090909090909,6.090587806549326,10.090587806549314,True,2.8647717249942786,8.856236272102258,1,True,0.09053855414994247,8.95372,0.04989
472,474,0.03,8.494467856254406,0.027272727272727268,0.037272727272727284,7.29446785625441,10.1944678562544,False,8.075923063304309,14.067387610412288,1,False,0.004485725164259863,10.2581,0.032807
473,475,0.024545454545454544,11.570854776736862,0.024545454545454544,0.027272727272727268,11.570854776736862,12.870854776736858,False,21.242234525507172,27.233699072615146,1,False,4.0474682128900335e-06,16.454,0.035825
474,476,0.11,5.722280817842027,0.09,0.12818181818181815,3.522280817842024,7.7222808178420275,True,4.088659806265972,10.08012435337395,1,False,0.04317186092829578,5.04475,0.10094
475,477,0.06272727272727273,6.4877764991206845,0.052727272727272734,0.07200000000000001,4.887776499120684,8.087776499120686,True,7.462878603245508,13.454343150353484,1,False,0.006298420921912407,6.54651,0.058404
476,478,0.03,4.678843184051041,0.025454545454545452,0.04,2.678843184051039,7.278843184051043,True,3.8749436877178214,9.866408234825801,1,False,0.04901195398226822,6.5724,0.03452
477,479,0.3,5.1000000000000005,0.2545454545454545,0.3727272727272728,3.7,6.7,True,0.4904217564456609,6.481886303553639,1,True,0.4837392288718407,4.652,0.269367
478,480,0.16818181818181818,5.015886597878742,0.14454545454545453,0.2181818181818182,2.61588659787874,6.815886597878745,True,5.699220764475597,11.690685311583573,1,False,0.016972446536278645,5.42353,0.18721
479,481,0.09909090909090908,4.873000481975182,0.08090909090909093,0.12272727272727273,2.9730004819751787,7.573000481975182,True,6.066668809003179,12.05813335611116,1,False,0.013775652979475462,5.64159,0.103323
481,483,0.07909090909090909,3.6074146302797936,0.0609090909090909,0.11545454545454545,0.9074146302797912,8.007414630279797,True,1.7004521915851367,7.6919167386931155,1,True,0.1922288509343249,3.14751,0.072883
482,484,0.017272727272727273,4.4,0.014545454545454544,0.02090909090909091,2.7,6.300000000000002,True,0.08947619650109777,6.0809407436090765,1,True,0.7648441223063679,4.35695,0.01612
483,485,0.1190909090909091,7.129966014834367,0.10272727272727274,0.13727272727272727,5.129966014834375,9.02996601483436,True,4.898933007112582,10.89039755422056,1,False,0.02687329487610518,6.95201,0.117115
484,486,0.028181818181818183,4.373641612413561,0.02363636363636364,0.03363636363636364,2.373641612413559,6.273641612413562,True,4.444838700351415,10.436303247459396,1,False,0.03500689698346718,5.57325,0.029293
486,488,0.2181818181818182,42.00025496103147,0.15545454545454546,0.3181818181818182,38.800254961031435,45.100254961031524,False,0.1204361933838374,6.111900740491817,1,True,0.7285618833747997,46.3125,0.212182
487,489,0.1409090909090909,9.263936117729477,0.12454545454545456,0.1572727272727273,7.663936117729482,10.863936117729471,False,11.757962233184822,17.7494267802928,1,False,0.0006058351646785956,10.559,0.159868
489,491,0.01818181818181818,9.720624764355591,0.015454545454545453,0.02181818181818182,8.320624764355596,11.620624764355586,False,21.70008931527809,27.691553862386066,1,False,3.1877643956844237e-06,13.6115,0.023737
491,493,0.05909090909090909,6.803578405047528,0.052727272727272734,0.07227272727272728,5.703578405047533,9.10357840504752,True,13.683997158215625,19.67546170532361,1,False,0.00021628973705634463,8.64396,0.06414
492,494,0.01,14.03582143528243,0.01,0.012727272727272728,13.635821435282436,16.235821435282425,False,25.766042693640536,31.75750724074852,1,False,3.854100307463775e-07,18.798,0.014044
493,495,0.10636363636363637,5.299336328649443,0.08909090909090908,0.12272727272727273,3.499336328649441,7.299336328649446,True,13.203114501678298,19.19457904878628,1,False,0.0002794842769394527,6.3779,0.115898
494,496,0.024545454545454544,10.95484054753058,0.019545454545454543,0.028181818181818183,8.954840547530589,12.454840547530575,False,12.757901192165376,18.74936573927335,1,False,0.00035450845771691,13.0414,0.02599
495,497,0.03363636363636364,5.208678602514736,0.029090909090909087,0.04272727272727273,3.908678602514741,7.508678602514727,True,5.999884561127884,11.991349108235864,1,False,0.014306814525616359,7.20515,0.038747
496,498,0.09363636363636364,27.34274244800058,0.09,0.10636363636363637,27.34274244800058,28.842742448000603,False,24.989767868610887,30.981232415718864,1,False,5.763537140843049e-07,33.0097,0.128586
497,499,0.028181818181818183,9.388670079026546,0.022727272727272728,0.034545454545454546,7.188670079026557,11.38867007902654,False,18.77596199568413,24.76742654279212,1,False,1.4700837641862952e-05,11.9183,0.031763
498,500,0.02090909090909091,17.603726342731413,0.02,0.025454545454545452,17.40372634273141,19.60372634273144,False,27.305048212271924,33.296512759379894,1,False,1.737571780021122e-07,23.3239,0.029028
499,501,0.014090909090909091,9.773655555180786,0.013181818181818182,0.01818181818181818,9.273655555180786,12.473655555180777,False,17.718175388423365,23.709639935531346,1,False,2.5616726602194204e-05,14.983,0.020712
500,502,0.025454545454545452,10.195859966278883,0.02,0.03,7.7958599662788925,12.195859966278874,False,10.465414994008366,16.456879541116344,1,False,0.0012163022074195534,12.6597,0.027738
501,503,0.07818181818181819,6.294874901442895,0.06818181818181819,0.09272727272727273,4.594874901442894,7.9948749014428975,False,1.0958289606294465,7.087293507737424,1,True,0.2951832987510217,4.67005,0.064485
504,506,0.08090909090909093,4.415031052023418,0.07181818181818181,0.0981818181818182,3.0150310520234167,6.41503105202342,True,9.426969573076672,15.418434120184653,1,False,0.0021381732888669613,5.36452,0.084551
505,507,0.04181818181818182,10.336018413137193,0.034545454545454546,0.04818181818181819,8.4360184131372,12.136018413137188,True,3.2663303459639503,9.25779489307193,1,True,0.07071564297290768,11.692,0.041881
506,508,0.07772727272727273,8.701672233926427,0.07,0.09909090909090908,7.601672233926432,11.301672233926418,True,15.240749754113748,21.232214301221727,1,False,9.463914079542123e-05,10.9507,0.084959
507,509,0.029090909090909087,8.765495340498973,0.025454545454545452,0.03363636363636364,7.265495340498978,10.065495340498968,False,9.677069305078383,15.668533852186362,1,False,0.0018658200779031273,10.2247,0.029674
508,510,0.029090909090909087,8.581109410329143,0.025454545454545452,0.03545454545454545,6.881109410329149,10.381109410329136,False,22.41595723688008,28.407421783988056,1,False,2.1954238568986997e-06,11.4617,0.034713
509,511,0.045454545454545456,25.410650568968844,0.04181818181818182,0.07545454545454545,25.11065056896884,31.21065056896893,True,1.716131871237545,7.707596418345523,1,True,0.19019172043886076,30.5859,0.055729
510,512,0.12090909090909092,7.376826171703573,0.10363636363636364,0.13727272727272727,5.476826171703571,8.976826171703575,False,0.1831669041583559,6.174631451266335,1,True,0.6686656612747379,4.99102,0.091685
511,513,0.15181818181818182,9.849087346551343,0.13181818181818186,0.17272727272727273,7.9490873465513525,11.849087346551338,True,3.8992178910660886,9.89068243817407,1,False,0.048308591877991684,10.0715,0.156885
512,514,0.2727272727272727,3.3000000000000003,0.2272727272727273,0.3181818181818182,1.9,4.6000000000000005,True,0.09839049960561408,6.089855046713593,1,True,0.7537697137028888,2.58566,0.239428
514,516,0.06,2.35486130644019,0.052727272727272734,0.07309090909090908,1.1548613064401891,4.7548613064401914,True,7.40628580115818,13.397750348266161,1,False,0.0064996372130684795,3.52765,0.064672
515,517,0.2909090909090909,3.9,0.2545454545454545,0.3545454545454545,2.8000000000000003,5.4,False,4.137879338553983,10.129343885661964,1,False,0.04193367160626699,2.59389,0.230669
516,518,0.2090909090909091,4.0,0.17272727272727273,0.24545454545454545,2.8000000000000003,5.1000000000000005,True,6.569761904836417,12.561226451944394,1,False,0.01037258263910796,3.80183,0.197648
517,519,0.1390909090909091,9.19540736097886,0.1190909090909091,0.1572727272727273,7.095407360978867,11.195407360978852,True,11.652124029944634,17.64358857705261,1,False,0.0006412927075114536,10.1964,0.151293
518,520,0.026363636363636363,17.465504052360984,0.026363636363636363,0.030909090909090907,17.465504052360984,19.265504052361013,False,26.818840956685467,32.81030550379345,1,False,2.2344816865638185e-07,23.1612,0.038086
519,521,0.17,8.459849796877267,0.15,0.2090909090909091,6.459849796877274,9.759849796877262,True,8.347798725273343,14.339263272381322,1,False,0.003861548814991644,8.71453,0.182241
520,522,0.018636363636363642,9.412130874331107,0.015454545454545453,0.02181818181818182,7.512130874331116,11.012130874331103,False,18.57418991090388,24.565654458011856,1,False,1.6341821117271573e-05,11.7695,0.020433
522,524,0.013181818181818182,9.331593544727061,0.011818181818181818,0.015,8.031593544727066,10.931593544727056,False,22.16536594253502,28.156830489643003,1,False,2.501458186344208e-06,13.4195,0.017577
523,525,0.02,12.263058551178347,0.01590909090909091,0.025454545454545452,9.963058551178351,14.663058551178336,False,3.8796647144314087,9.871129261539387,1,False,0.048874316775882366,14.935,0.02257
524,526,0.01818181818181818,9.629319058111511,0.015454545454545453,0.02181818181818182,8.129319058111518,11.429319058111506,False,21.109599105713,27.10106365282098,1,False,4.33749905967165e-06,13.5383,0.023779
525,527,0.1190909090909091,4.750557479007401,0.10272727272727274,0.13363636363636364,2.8505574790074,6.350557479007403,True,10.56740439216534,16.558868939273314,1,False,0.0011509922684221022,4.00063,0.112246
526,528,0.07472727272727273,4.568735166043132,0.06454545454545453,0.08909090909090908,2.8687351660431304,6.568735166043132,True,5.593494547365632,11.58495909447361,1,False,0.018027296805240667,4.0624,0.068232
527,529,0.040909090909090916,4.0113782200638886,0.03636363636363636,0.04636363636363637,2.7113782200638856,5.5113782200638886,False,10.545145402960273,16.536609950068257,1,False,0.0011649365748138693,5.91485,0.0463
528,530,0.01,13.361076380901947,0.01,0.011818181818181818,13.16107638090195,14.961076380901945,False,26.371952551350798,32.36341709845877,1,False,2.8160004030689e-07,16.7451,0.012321
529,531,0.08090909090909093,4.708957778244957,0.07090909090909091,0.09272727272727273,3.2089577782449563,6.3089577782449595,True,9.821748018731576,15.813212565839555,1,False,0.0017246035666143918,5.43351,0.083041
530,532,0.010454545454545454,16.5596616959001,0.01,0.013181818181818182,15.959661695900106,18.65966169590009,False,19.510229713042527,25.501694260150515,1,False,1.0006238121996183e-05,21.7334,0.01481
531,533,0.3636363636363637,7.780037193239832,0.3272727272727273,0.4181818181818182,6.880037193239831,8.880037193239833,True,0.5934599047906399,6.584924451898619,1,True,0.44108430515120395,8.49886,0.364109
532,534,0.06,3.8,0.04818181818181819,0.0710909090909091,1.5,5.800000000000002,False,4.245844283205261,10.237308830313241,1,False,0.03934650128131332,0.410124,0.042099
533,535,0.04272727272727273,9.005716269315268,0.04181818181818182,0.05,8.905716269315269,10.805716269315264,False,20.513778410348802,26.50524295745678,1,False,5.9203544899674375e-06,12.6676,0.054013
534,536,0.01090909090909091,9.122885948316023,0.01,0.013636363636363636,8.222885948316026,11.422885948316017,False,7.912385593005402,13.90385014011338,1,False,0.004909748199970163,12.3523,0.013546
535,537,0.10545454545454544,11.825933320116851,0.09454545454545454,0.11727272727272728,10.725933320116855,13.325933320116846,False,20.066064141467045,26.057528688575026,1,False,7.4812461084465105e-06,14.4482,0.12612
536,538,0.01,14.717919958164089,0.01,0.01090909090909091,14.517919958164091,15.717919958164089,False,57.122261600835934,63.11372614794391,1,False,4.09543546852023e-14,19.474,0.014072
537,539,0.4727272727272727,7.9089763364267185,0.4,0.5727272727272728,6.508976336426718,9.40897633642672,True,0.0579447366263714,6.049409283734351,1,True,0.8097743615639031,8.63694,0.472881
538,540,0.01681818181818182,11.202675558465268,0.014545454545454544,0.02,9.702675558465275,12.902675558465265,False,17.785019029884367,23.776483576992348,1,False,2.4732295970734008e-05,14.4004,0.019997
539,541,0.1590909090909091,4.3,0.1481818181818182,0.17,3.2,5.300000000000002,False,3.1868836669136806,9.17834821402166,1,True,0.07423139673090139,2.55447,0.149966
540,542,0.2,5.82687827247998,0.1809090909090909,0.2363636363636364,5.226878272479979,6.8268782724799815,True,4.012712342707348,10.004176889815328,1,False,0.045158447474313586,5.53068,0.190281
541,543,0.04727272727272727,9.990959311318171,0.04,0.05545454545454545,8.090959311318178,11.790959311318163,True,3.167993602677724,9.159458149785703,1,True,0.07509464554787251,10.7648,0.045489
542,544,1.1090909090909091,11.862585791307886,0.8545454545454546,1.2818181818181815,9.762585791307883,12.862585791307886,False,8.501858858230307,14.493323405338286,1,False,0.0035478384572059647,8.67659,0.617506
543,545,0.010454545454545454,9.600821290875967,0.01,0.012727272727272728,8.900821290875971,11.500821290875962,False,15.928203462537837,21.91966800964581,1,False,6.579102360615774e-05,14.353,0.015198
544,546,0.1972727272727273,4.504727886055053,0.15363636363636365,0.2545454545454545,1.9047278860550545,6.304727886055052,True,3.8075483155362284,9.799012862644208,1,True,0.05102208115695259,4.63496,0.197094
545,547,0.3,7.638608814512264,0.2727272727272727,0.34545454545454546,6.738608814512265,8.638608814512267,True,0.2726659760532969,6.264130523161277,1,True,0.6015489938209233,8.15,0.292493
546,548,0.17,5.162218584770692,0.1481818181818182,0.2272727272727273,2.8622185847706896,7.062218584770694,True,7.548205209794965,13.539669756902946,1,False,0.0060069875622982775,5.71428,0.189167
547,549,0.053636363636363635,5.214329904643296,0.045454545454545456,0.06454545454545453,3.414329904643294,7.214329904643298,True,18.616981958761585,24.60844650586957,1,False,1.59790795960673e-05,6.11483,0.054052
548,550,0.2090909090909091,8.545769408506997,0.16636363636363638,0.24545454545454545,6.9457694085069965,9.645769408506998,True,0.7771603129546505,6.76862486006263,1,True,0.3780110264223565,8.04265,0.187369
549,551,0.01636363636363636,11.892641041662277,0.014090909090909091,0.01909090909090909,10.292641041662279,13.492641041662269,False,22.66249439108616,28.653958938194137,1,False,1.931004529865401e-06,15.4453,0.019802
550,552,0.02,6.023199682568383,0.017272727272727273,0.024545454545454544,4.423199682568382,8.023199682568388,False,9.117804613020509,15.10926916012849,1,False,0.002531335647242535,8.51597,0.023658
552,554,0.013181818181818182,12.88829074620349,0.012272727272727272,0.01681818181818182,12.28829074620349,15.48829074620348,False,25.224456552872358,31.21592109998033,1,False,5.103096390919064e-07,18.3197,0.019008
553,555,0.09636363636363636,9.410581337775016,0.08272727272727272,0.11363636363636365,7.910581337775022,11.410581337775008,True,11.462927988340752,17.454392535448733,1,False,0.0007099834742373128,11.2974,0.106722
554,556,0.027272727272727268,10.546166341079637,0.02181818181818182,0.03363636363636364,8.146166341079644,12.546166341079626,True,5.135181265130213,11.126645812238193,1,False,0.02344563868816776,12.0604,0.027524
555,557,0.018636363636363642,12.197147638038269,0.01636363636363636,0.02090909090909091,10.897147638038273,13.397147638038266,False,19.34176400127204,25.333228548380013,1,False,1.0928960240771879e-05,14.1034,0.019116
556,558,0.014090909090909091,4.228038168294707,0.012272727272727272,0.01636363636363636,2.428038168294705,5.828038168294707,False,9.053655943799898,15.045120490907873,1,False,0.002621700579080013,6.81141,0.017207
557,559,0.2363636363636364,3.3000000000000003,0.1863636363636364,0.2909090909090909,1.8,5.0,True,2.6190297560742075,8.610494303182188,1,True,0.10558898542936662,3.67681,0.243092
558,560,0.022727272727272728,10.809461715858513,0.019545454545454543,0.027272727272727268,9.409461715858518,12.909461715858505,False,12.74089490745592,18.7323594545639,1,False,0.0003577464782511635,14.5394,0.027907
559,561,0.11363636363636365,8.756063169966804,0.09909090909090908,0.12636363636363634,7.15606316996681,10.1560631699668,True,14.356820200838662,20.348284747946643,1,False,0.00015123087936912252,8.81936,0.109691
560,562,0.03272727272727273,10.79917228798039,0.029090909090909087,0.03818181818181818,9.699172287980394,11.999172287980384,True,7.7188625875863215,13.7103271346943,1,False,0.0054646814039582105,11.7409,0.030987
561,563,0.5727272727272728,2.9000000000000004,0.4,0.8909090909090909,0.0,6.300000000000002,True,1.1048229890905017,7.0962875361984805,1,True,0.2932100909260473,1.0937,0.440786
562,564,0.05,10.46329088202783,0.04636363636363637,0.06,9.663290882027832,12.36329088202782,False,13.47868405067742,19.4701485977854,1,False,0.00024128896762449237,13.2718,0.058365
563,565,0.1090909090909091,9.794585430865848,0.09,0.12454545454545456,7.7945854308658555,11.69458543086584,True,20.459339055706643,26.450803602814627,1,False,6.0911606911262435e-06,11.0248,0.113275
564,566,0.2,3.3000000000000003,0.16818181818181818,0.2545454545454545,2.0,4.9,True,8.760000569409524,14.751465116517501,1,False,0.003079089529709169,3.71339,0.205088
565,567,0.07018181818181819,7.443886410086431,0.0609090909090909,0.07954545454545454,5.643886410086438,9.043886410086426,False,2.0921316944601682,8.083596241568147,1,True,0.1480593504882615,6.67193,0.060122
566,568,0.2727272727272727,8.574825612778469,0.2363636363636364,0.2909090909090909,7.5748256127784686,9.17482561277847,True,1.5356191065465743,7.527083653654554,1,True,0.21527107211148,8.70683,0.248844
567,569,0.04181818181818182,10.753250160419944,0.034545454545454546,0.04818181818181819,8.95325016041995,12.353250160419938,True,8.978013596123233,14.969478143231216,1,False,0.002732475393140083,11.6506,0.039732
568,570,0.02363636363636364,3.111257615477099,0.019545454545454543,0.027272727272727268,1.3112576154770992,4.7112576154770975,False,7.642357953110231,13.63382250021821,1,False,0.005701334034399127,4.85044,0.02652
569,571,0.09363636363636364,8.49981032686368,0.07727272727272727,0.1090909090909091,6.399810326863687,10.199810326863672,True,13.08346639738778,19.07493094449576,1,False,0.00029791363962032943,9.30485,0.092694
570,572,0.2636363636363636,3.6,0.2272727272727273,0.2909090909090909,2.5,4.5,True,1.0047631621114634,6.9962277092194425,1,True,0.3161607004379593,3.29498,0.243295
571,573,0.012272727272727272,9.206751136711052,0.01090909090909091,0.014545454545454544,8.106751136711056,11.206751136711041,False,3.931559572846147,9.923024119954126,1,False,0.047387978171093297,11.791,0.014059
572,574,0.06727272727272728,6.903894302959053,0.057272727272727274,0.07863636363636364,5.103894302959059,8.703894302959046,True,10.384344356132727,16.375808903240703,1,False,0.0012708830869024507,7.94537,0.068796
573,575,0.17272727272727273,3.3000000000000003,0.1590909090909091,0.1972727272727273,2.1,4.1000000000000005,False,0.9461264135379616,6.937590960645942,1,True,0.33070724921522193,1.1075,0.160195
574,576,0.2545454545454545,12.016074831760035,0.2181818181818182,0.2818181818181818,10.916074831760039,12.916074831760032,False,6.954148143396188,12.945612690504166,1,False,0.008362510747618918,13.3992,0.259446
575,577,0.06909090909090909,3.1993015473720154,0.0609090909090909,0.07772727272727273,1.6993015473720154,4.699301547372015,True,6.150672034257734,12.142136581365714,1,False,0.013136217555207604,2.87642,0.064509
577,579,0.02,10.607589542567807,0.01818181818181818,0.02363636363636364,9.607589542567812,12.007589542567803,False,16.413024993630177,22.404489540738158,1,False,5.0934032156677634e-05,12.7773,0.021735
578,580,0.17272727272727273,7.9848989164424315,0.14454545454545453,0.2181818181818182,5.384898916442429,9.48489891644243,True,4.933911459485434,10.92537600659341,1,False,0.026334644435803203,8.4546,0.187543
579,581,0.027272727272727268,11.714578339115267,0.02363636363636364,0.031818181818181815,10.114578339115274,13.314578339115267,False,9.101570578854954,15.093035125962933,1,False,0.0025539010323289944,14.6732,0.031863
580,582,0.07163636363636364,8.827682006258605,0.06272727272727273,0.08181818181818183,7.327682006258612,10.4276820062586,True,23.13548374061583,29.12694828772381,1,False,1.5097867495959542e-06,10.0508,0.07229
581,583,0.07254545454545454,13.466676083306966,0.06454545454545453,0.09272727272727273,12.366676083306967,16.166676083306953,True,6.777601321286497,12.769065868394478,1,False,0.009230885759704068,15.8917,0.078575
582,584,0.026363636363636363,12.083741400752597,0.022727272727272728,0.03,10.583741400752599,13.68374140075259,True,4.309361141127591,10.30082568823557,1,False,0.03790319334841222,13.2682,0.025101
583,585,0.015,9.707746084276016,0.013181818181818182,0.017727272727272727,8.207746084276023,11.307746084276012,False,7.55884031445542,13.5503048615634,1,False,0.005971640680332293,11.7766,0.01636
584,586,0.14636363636363636,8.067599664292437,0.13181818181818186,0.16090909090909092,6.6675996642924344,9.467599664292438,False,1.8387037254386815,7.830168272546661,1,True,0.1751029545660961,6.58846,0.132778
585,587,0.1390909090909091,9.457057871290793,0.12818181818181815,0.15181818181818182,8.357057871290795,10.757057871290787,True,3.88417669348942,9.875641240597401,1,False,0.04874315551029098,9.43643,0.141082
586,588,0.11181818181818183,7.835741437965533,0.09636363636363636,0.12818181818181815,5.93574143796554,9.635741437965525,True,3.2053491447195315,9.19681369182751,1,True,0.07339784141996744,7.25393,0.100715
588,590,0.509090909090909,7.2,0.4181818181818182,0.6545454545454545,5.5,9.1,False,32.991283526521016,38.982748073629,1,False,9.257297692473838e-09,3.85424,0.303633
589,591,0.029090909090909087,9.50799250815446,0.025454545454545452,0.034545454545454546,8.007992508154466,11.107992508154457,False,7.842922100439802,13.83438664754778,1,False,0.005102006838282193,11.2219,0.030123
590,592,0.029090909090909087,13.483693627031426,0.026363636363636363,0.031818181818181815,12.283693627031429,14.28369362703142,False,32.687906533802945,38.67937108091092,1,False,1.08208382544084e-08,16.7549,0.035163
592,594,0.34545454545454546,3.8,0.3,0.3909090909090909,2.7,4.9,False,28.667224849363972,34.65868939647195,1,False,8.594609897246669e-08,1.12957,0.229231
593,595,0.2545454545454545,7.3383597734939405,0.2181818181818182,0.2818181818181818,6.438359773493941,8.138359773493942,True,0.3743143382535289,6.365778885361508,1,True,0.5406619249772759,7.33494,0.229351
594,596,0.026363636363636363,4.9396312001596785,0.022727272727272728,0.029090909090909087,3.2396312001596783,6.13963120015968,False,14.282904667942104,20.274369215050086,1,False,0.00015728688494564896,6.52586,0.028387
595,597,0.06363636363636364,10.825078995164283,0.05454545454545455,0.07363636363636364,9.125078995164287,12.625078995164275,True,8.144816312082384,14.136280859190366,1,False,0.004318442956963276,11.6335,0.060288
596,598,0.011363636363636364,16.423160667725572,0.01,0.014545454545454544,15.023160667725575,19.32316066772556,False,17.663615538210003,23.655080085317984,1,False,2.6362135041327248e-05,21.683,0.015404
597,599,0.24545454545454545,9.140792011257249,0.2090909090909091,0.2818181818181818,8.040792011257253,10.240792011257245,True,5.371830169760112,11.36329471686809,1,False,0.02046449440956949,10.0801,0.24662
598,600,0.2,6.9901936525919925,0.16818181818181818,0.2363636363636364,5.790193652591992,8.090193652591994,True,5.1213345809511015,11.112799128059079,1,False,0.02363343418256929,7.05139,0.19339
599,601,0.027272727272727268,4.39481472163345,0.02363636363636364,0.030909090909090907,2.8948147216334505,5.79481472163345,True,8.64174159341784,14.63320614052582,1,False,0.003285472081961088,5.12363,0.027237
600,602,0.02363636363636364,19.135545280076485,0.02,0.028181818181818183,17.635545280076467,21.035545280076512,False,12.514342231192837,18.505806778300816,1,False,0.0004038399382781525,23.5905,0.028775
601,603,0.015454545454545453,3.0,0.013636363636363636,0.017272727272727273,1.6,4.0,True,1.5683742605031283,7.559838807611108,1,True,0.21044326763898769,3.36684,0.015503
602,604,0.01909090909090909,8.733243294167144,0.015,0.025454545454545452,6.3332432941671515,11.733243294167133,True,6.715819611805964,12.707284158913946,1,False,0.009556136213629692,11.6299,0.022519
604,606,0.12090909090909092,3.5,0.10636363636363637,0.13727272727272727,1.9,5.1000000000000005,True,5.328451725346174,11.319916272454153,1,False,0.02098001458830955,2.33994,0.112798
606,608,1.4,4.0,1.009090909090909,1.4,1.2000000000000002,4.3,False,4.9121501674889005,10.903614714596882,1,False,0.026668423570745625,0.873258,0.825078
607,609,0.04272727272727273,14.213089669291188,0.037272727272727284,0.05,12.913089669291196,16.213089669291186,False,17.911856701293253,23.903321248401237,1,False,2.313751590026669e-05,16.7691,0.045331
608,610,0.053636363636363635,6.853506645391335,0.04454545454545455,0.06454545454545453,4.653506645391333,8.853506645391338,True,3.073870691705177,9.065335238813155,1,True,0.0795598315418171,7.16391,0.051022
609,611,0.15,8.057661344080827,0.13727272727272727,0.16090909090909092,6.957661344080831,9.157661344080823,True,11.603497524175696,17.59496207128368,1,False,0.000658279050785116,8.45021,0.160398
610,612,0.014090909090909091,14.769861748372072,0.013181818181818182,0.01636363636363636,13.969861748372074,16.469861748372068,False,50.51699415651196,56.50845870361994,1,False,1.1813737389851917e-12,20.0967,0.019472
611,613,0.3363636363636364,7.261730304419854,0.2727272727272727,0.4,5.561730304419851,8.861730304419854,True,0.4660776365202873,6.4575421836282665,1,True,0.4947971951047125,7.94809,0.336714
612,614,0.06272727272727273,13.438140697217408,0.0609090909090909,0.07090909090909091,13.338140697217407,15.038140697217402,False,29.570944356114055,35.56240890322203,1,False,5.390698948668686e-08,17.0366,0.073524
613,615,0.2272727272727273,9.794675876684678,0.2090909090909091,0.2545454545454545,9.29467587668468,10.694675876684675,False,2.4232960913204047,8.414760638428383,1,True,0.11954316289986268,10.0311,0.198869
614,616,0.6272727272727272,6.7788164921813845,0.5,0.7818181818181819,4.878816492181384,8.678816492181383,False,3.4336710961947468,9.425135643302728,1,True,0.06387995710137806,5.31291,0.478541
615,617,0.06636363636363636,15.245379029320912,0.0609090909090909,0.07418181818181817,14.445379029320915,16.645379029320907,False,15.677881220240035,21.669345767348013,1,False,7.509727585601707e-05,18.2707,0.074163
616,618,0.029090909090909087,4.067609224843526,0.025454545454545452,0.034545454545454546,2.4676092248435237,5.767609224843527,True,6.044329176112508,12.035793723220484,1,False,0.013951032718302914,5.69178,0.032282
617,619,0.01,15.836443344406039,0.01,0.011363636363636364,15.63644334440604,17.136443344406032,False,18.24965565318353,24.24112020029151,1,False,1.937609741268297e-05,19.2997,0.012174
618,620,0.045454545454545456,8.103767778145432,0.04,0.05,6.703767778145437,9.303767778145428,False,1.1605646538949017,7.152029201002881,1,True,0.28134846697166804,7.77906,0.039982
619,621,0.029090909090909087,12.843637883208606,0.025454545454545452,0.03545454545454545,11.343637883208608,14.643637883208596,False,9.294941855093743,15.286406402201724,1,False,0.0022978743431135377,15.7508,0.033452
620,622,0.06454545454545453,9.265456250458119,0.053636363636363635,0.07590909090909091,7.265456250458122,11.165456250458107,True,8.629301049165827,14.620765596273804,1,False,0.003307984721992051,9.66575,0.060378
622,624,0.24545454545454545,4.6000000000000005,0.2090909090909091,0.2818181818181818,3.5,5.7,True,2.1513074897289868,8.142772036836966,1,True,0.14244853544068112,4.30884,0.223279
623,625,0.2909090909090909,6.605903523741515,0.2545454545454545,0.3272727272727273,5.605903523741514,7.4059035237415145,True,2.9750860463102784,8.966550593418257,1,True,0.0845556305183228,7.39678,0.300303
624,626,0.03818181818181818,5.080964804335329,0.030909090909090907,0.04363636363636364,3.2809648043353272,6.480964804335329,True,6.86247678067317,12.853941327781149,1,False,0.008802445417316606,5.69812,0.03757
625,627,0.08090909090909093,7.469876997893512,0.07072727272727274,0.09727272727272727,5.869876997893519,9.369876997893506,True,5.017747090333211,11.00921163744119,1,False,0.025088791451924185,7.37222,0.074331
626,628,0.015,9.571790834059495,0.013181818181818182,0.017272727272727273,8.1717908340595,10.771790834059491,False,23.33440577736031,29.325870324468287,1,False,1.361427922952234e-06,12.6072,0.018387
627,629,0.4363636363636364,6.2253351112871025,0.3727272727272728,0.5363636363636364,5.025335111287101,7.825335111287101,True,3.5839996315726035,9.575464178680585,1,True,0.058338531623561216,5.62926,0.374195
629,631,0.04363636363636364,2.154111771717205,0.03818181818181818,0.049090909090909095,0.6541117717172052,3.5541117717172046,True,9.767699002110005,15.759163549217984,1,False,0.0017760459300324894,3.33619,0.047277
630,632,0.1590909090909091,13.698787168202848,0.1481818181818182,0.16636363636363638,12.698787168202855,14.598787168202849,False,45.512814553642855,51.50427910075085,1,False,1.516434528784939e-11,14.8895,0.171642
631,633,0.03,12.307515712082052,0.026363636363636363,0.03363636363636364,10.807515712082058,13.10751571208205,False,10.598925865046716,16.590390412154697,1,False,0.001131533778290883,13.6924,0.029824
632,634,0.014090909090909091,12.79785139012805,0.012272727272727272,0.01681818181818182,11.297851390128054,14.597851390128046,False,12.679447727494974,18.67091227460295,1,False,0.0003696967497539154,15.8728,0.016463
633,635,0.07772727272727273,6.478467754961196,0.07,0.08727272727272728,5.278467754961196,7.778467754961198,False,6.432977733633095,12.424442280741074,1,False,0.011202062103000886,5.19584,0.065563
634,636,0.08090909090909093,15.89073680920146,0.06818181818181819,0.10545454545454544,14.090736809201465,18.69073680920145,True,5.319401108679389,11.310865655787367,1,False,0.02108925839652942,17.8818,0.081806
635,637,0.01636363636363636,11.022794189664323,0.014545454545454544,0.01909090909090909,9.822794189664329,12.522794189664314,False,20.55290268861036,26.544367235718326,1,False,5.800576781386523e-06,14.1235,0.019321
636,638,0.01,15.80830937685482,0.01,0.01090909090909091,15.60830937685482,16.708309376854814,False,31.694045550919284,37.68551009802727,1,False,1.8047468474542744e-08,18.7283,0.011722
637,639,0.13,9.197995711901422,0.1190909090909091,0.14272727272727273,8.097995711901426,10.397995711901418,True,19.348624748854704,25.34008929596268,1,False,1.0889764433761093e-05,9.80635,0.138574
638,640,0.2818181818181818,8.352492292874661,0.24545454545454545,0.3181818181818182,7.252492292874662,9.352492292874665,True,1.9783658972543257,7.969830444362304,1,True,0.1595626619862972,8.86601,0.27151
639,641,0.07163636363636364,19.326419937550426,0.06363636363636364,0.08090909090909093,17.826419937550433,20.82641993755042,False,1.861225169561644,7.852689716669623,1,True,0.1724834647114094,19.6334,0.060288
640,642,0.24545454545454545,9.004438018660943,0.2181818181818182,0.2727272727272727,8.104438018660947,9.60443801866094,True,3.398204295401289,9.389668842509268,1,True,0.0652674352448746,9.48841,0.236238
641,643,0.03636363636363636,6.418231961000999,0.030909090909090907,0.04181818181818182,5.118231961000998,7.8182319610010005,False,0.2386416745390943,6.2301062216470715,1,True,0.625188894758125,5.28278,0.028749
642,644,0.16636363636363638,10.764642797983909,0.15545454545454546,0.1890909090909091,9.564642797983913,11.864642797983905,True,12.756635482616293,18.74810002972427,1,False,0.00035474842921577035,11.646,0.1822
643,645,0.052727272727272734,7.5615507143899805,0.04727272727272727,0.06181818181818183,6.361550714389986,9.261550714389974,True,3.5271859925679063,9.518650539675884,1,True,0.0603701670413793,7.55486,0.048102
644,646,0.1572727272727273,4.288968251466803,0.1481818181818182,0.16818181818181818,3.388968251466803,5.388968251466802,False,6.741615550583464,12.733080097691444,1,False,0.009418929014230778,3.09937,0.154103
645,647,0.1572727272727273,8.574481487288523,0.14636363636363636,0.1781818181818182,7.474481487288528,10.174481487288515,True,6.058582425217018,12.050046972324994,1,False,0.0138388726214496,8.65782,0.163774
647,649,0.2,7.846543752613692,0.17545454545454547,0.2272727272727273,7.046543752613691,8.646543752613692,False,0.217459481075715,6.208924028183694,1,True,0.6409825217900482,6.85665,0.178373
648,650,0.12090909090909092,9.073336431345004,0.11181818181818183,0.13181818181818186,8.073336431345007,10.273336431345001,True,10.086920486986797,16.078385034094772,1,False,0.0014932544977151394,9.04201,0.118463
650,652,0.3181818181818182,8.206358311161635,0.2727272727272727,0.3727272727272728,7.006358311161634,9.606358311161637,False,3.977829823534069,9.969294370642046,1,False,0.04610292577322241,7.4,0.253976
651,653,0.3090909090909091,9.142191759854855,0.2818181818181818,0.34545454545454546,8.442191759854857,10.042191759854852,True,0.8279345867677799,6.819399133875758,1,True,0.362870445468881,9.84136,0.300778
652,654,0.06,6.226479783357247,0.05181818181818182,0.07018181818181819,4.6264797833572535,7.926479783357241,True,10.999151048945322,16.990615596053306,1,False,0.0009115363010256557,6.74631,0.058662
653,655,0.11363636363636365,8.446659100346428,0.1,0.12090909090909092,6.946659100346428,9.44665910034643,False,0.8189017343223779,6.810366281430357,1,True,0.3655014686732792,6.08865,0.084054
654,656,0.012272727272727272,13.771618033855118,0.010454545454545454,0.014090909090909091,12.171618033855125,15.271618033855116,False,12.66968909388642,18.6611536409944,1,False,0.00037163132414575265,17.3932,0.014871
655,657,0.1781818181818182,7.290801571075119,0.16090909090909092,0.2,6.090801571075118,8.090801571075119,True,6.3762796585043695,12.367744205612347,1,False,0.011565561838743648,6.21086,0.170539
656,658,0.011818181818181818,8.353511362791394,0.010454545454545454,0.013636363636363636,7.253511362791397,9.753511362791391,False,15.339763580207146,21.33122812731512,1,False,8.980619201543941e-05,11.0474,0.014028
658,660,0.3636363636363637,5.800000000000002,0.3090909090909091,0.4090909090909091,4.4,6.7,False,19.495338253344887,25.48680280045286,1,False,1.0084549418158901e-05,3.64554,0.25906
659,661,0.039090909090909086,4.6680118707493135,0.034545454545454546,0.04272727272727273,3.4680118707493133,5.6680118707493135,True,8.176866059682197,14.168330606790175,1,False,0.004242799901336901,5.4477,0.039626
660,662,0.05,11.649908021990301,0.045454545454545456,0.05545454545454545,10.349908021990306,12.649908021990294,False,22.12183714035527,28.113301687463256,1,False,2.5588235924069388e-06,14.0233,0.056121
662,664,0.2909090909090909,10.964689328072033,0.2727272727272727,0.3272727272727273,10.464689328072033,11.764689328072029,False,0.5640717848797815,6.555536331987761,1,True,0.4526242950139159,12.0407,0.290251
663,665,0.05454545454545455,10.021775939743918,0.049090909090909095,0.06272727272727273,8.821775939743922,11.521775939743913,True,6.650949693390022,12.642414240497999,1,False,0.009910298786319443,10.8146,0.052433
664,666,0.15181818181818182,15.648733288967025,0.1409090909090909,0.16636363636363638,14.54873328896703,17.148733288967026,False,19.598314588910718,25.589779136018702,1,False,9.555345318340594e-06,17.7697,0.173285
665,667,0.16636363636363638,16.245489363703243,0.1572727272727273,0.1890909090909091,15.345489363703251,17.245489363703243,False,21.628935491193968,27.620400038301945,1,False,3.3082319022984e-06,17.4148,0.177725
666,668,0.04818181818181819,11.79562824079789,0.04727272727272727,0.05454545454545455,11.695628240797891,13.095628240797884,False,21.09048828185609,27.08195282896407,1,False,4.380973434560514e-06,15.3537,0.059141
667,669,0.07727272727272727,11.614939201865814,0.0609090909090909,0.10272727272727274,8.714939201865826,14.614939201865804,True,0.6598309676591342,6.651295514767113,1,True,0.4166196243861571,10.8387,0.064644
668,670,0.04363636363636364,9.372947958487057,0.034545454545454546,0.056363636363636366,6.972947958487064,12.172947958487045,True,0.9008687767876012,6.8923333238955795,1,True,0.3425488669509701,9.64378,0.039911
669,671,0.06909090909090909,8.387335520347808,0.056363636363636366,0.08272727272727272,6.087335520347817,10.4873355203478,True,6.033299677195334,12.024764224303315,1,False,0.014038466425471685,8.60149,0.064466
670,672,0.15545454545454546,7.988676731239593,0.14272727272727273,0.16636363636363638,6.78867673123959,9.188676731239592,True,2.588452386073927,8.579916933181906,1,True,0.10764547001287612,6.79293,0.146821
671,673,0.13181818181818186,7.736879352835798,0.1190909090909091,0.14454545454545453,6.336879352835796,8.936879352835799,False,1.8077841142253133,7.7992486613332925,1,True,0.1787742749785672,6.16885,0.116125
672,674,0.01,18.684887918236704,0.01,0.011363636363636364,18.184887918236704,19.984887918236694,False,38.677582970295646,44.669047517403634,1,False,4.999177089838211e-10,22.9161,0.01324
673,675,0.14636363636363636,16.071990126760284,0.13363636363636364,0.1572727272727273,14.871990126760288,17.07199012676028,True,1.1531497889232163,7.1446143360311964,1,True,0.2828907579353803,15.6681,0.13517
674,676,0.01,14.119302889397607,0.01,0.010454545454545454,14.019302889397608,14.519302889397604,False,45.68317045048556,51.674634997593536,1,False,1.3901199905083748e-11,17.3838,0.012355
675,677,0.03,3.5386839989631986,0.028181818181818183,0.03545454545454545,2.8386839989631985,5.038683998963201,False,13.150521908206693,19.14198645531468,1,False,0.0002874391689222746,5.32467,0.034687
676,678,0.05909090909090909,13.221337052787565,0.053636363636363635,0.06818181818181819,12.321337052787571,14.921337052787562,False,21.8177102092707,27.809174756378678,1,False,2.9981986950145037e-06,15.9633,0.065193
678,680,0.24545454545454545,9.499423562100828,0.2181818181818182,0.2818181818181818,8.69942356210083,10.499423562100825,True,3.2332658751155887,9.224730422223567,1,True,0.07215665681577615,10.496,0.251855
679,681,0.4272727272727273,11.003431863333557,0.3272727272727273,0.5909090909090908,8.803431863333564,13.603431863333547,True,0.3872129173511014,6.378677464459081,1,True,0.5337680608414398,11.583,0.393924
680,682,0.24545454545454545,8.223212111143367,0.2181818181818182,0.2818181818181818,7.4232121111433695,9.423212111143364,True,2.787835101083148,8.779299648191127,1,True,0.09498246764114728,8.96206,0.242356
681,683,0.1390909090909091,31.19901921310441,0.12818181818181815,0.15181818181818182,30.09901921310439,32.499019213104425,False,37.84945378112511,43.8409183282331,1,False,7.641977680910168e-10,35.0486,0.15918
682,684,0.13181818181818186,3.5,0.1190909090909091,0.14454545454545453,2.1,4.6000000000000005,False,2.2144920396550978,8.205956586763076,1,True,0.1367200556644928,1.1378,0.112328
683,685,0.015,5.4742279791634765,0.013181818181818182,0.017272727272727273,3.974227979163476,6.874227979163479,False,15.343031476323528,21.334496023431505,1,False,8.965098771312179e-05,7.32901,0.016782
684,686,0.9181818181818182,9.93948020266238,0.7454545454545455,0.9454545454545454,8.23948020266238,10.03948020266238,False,19.60439877252081,25.595863319628787,1,False,9.524965233969801e-06,5.14895,0.432161
686,688,0.03363636363636364,4.793312996984882,0.03,0.037272727272727284,3.7933129969848816,5.693312996984884,True,13.067381525467587,19.05884607257556,1,False,0.00030048290470874897,5.55726,0.034011
687,689,0.09363636363636364,5.630458973811799,0.08272727272727272,0.10545454545454544,4.430458973811799,6.8304589738118,False,6.713063674917282,12.70452822202526,1,False,0.009570915448516602,4.30605,0.078477
688,690,0.04454545454545455,8.723192447001137,0.03818181818181818,0.05090909090909091,7.123192447001142,10.223192447001132,True,8.141044097859849,14.13250864496783,1,False,0.004327435889048747,9.48409,0.043167
689,691,0.019545454545454543,5.556387278952087,0.014545454545454544,0.03363636363636364,3.2563872789520847,11.05638727895209,True,1.4544332247822167,7.445897771890197,1,True,0.22781793407314255,8.21078,0.023607
690,692,0.06272727272727273,12.136573523326778,0.05454545454545455,0.07163636363636364,10.636573523326787,13.636573523326776,False,0.4739124032855933,6.465376950393572,1,True,0.4911927649098111,11.4717,0.051115
691,693,0.014090909090909091,16.150196789754744,0.011818181818181818,0.017727272727272727,14.150196789754753,18.450196789754735,True,0.2152082973813077,6.206672844489288,1,True,0.6427154641535142,18.1968,0.014286
692,694,0.015454545454545453,4.560795138065012,0.014090909090909091,0.017272727272727273,3.5607951380650102,5.560795138065012,False,24.82266675489645,30.814131302004427,1,False,6.285399794011685e-07,6.75972,0.018181
693,695,0.031818181818181815,4.1000000000000005,0.028181818181818183,0.037272727272727284,2.8000000000000003,5.4,True,5.056192303751869,11.047656850859847,1,False,0.0245380931561548,4.0795,0.029403
694,696,0.027272727272727268,9.667233229608007,0.024545454545454544,0.030909090909090907,8.467233229608013,11.067233229608004,False,10.648344714254367,16.639809261362345,1,False,0.0011016946283163907,12.2904,0.031047
695,697,0.2,9.71324262666187,0.17545454545454547,0.2272727272727273,8.913242626661873,10.613242626661867,False,1.379314391404069,7.370778938512047,1,True,0.2402179659290501,8.55421,0.174136
696,698,0.2363636363636364,15.433476070104573,0.19181818181818186,0.2727272727272727,14.033476070104575,16.633476070104567,False,4.588906069947063,10.580370617055044,1,False,0.03217954628761967,17.526,0.257606
697,699,0.07772727272727273,15.518562135970033,0.07309090909090908,0.09363636363636364,14.918562135970035,17.518562135970026,False,18.293982019497086,24.28544656660507,1,False,1.893042453949931e-05,18.7438,0.088913
698,700,0.05545454545454545,4.325652382226952,0.04727272727272727,0.06636363636363636,2.42565238222695,6.325652382226954,True,3.5880311420143247,9.579495689122306,1,True,0.05819715468765005,4.53716,0.053743
699,701,0.06363636363636364,8.438168715385808,0.05545454545454545,0.09090909090909093,7.438168715385813,12.538168715385794,True,3.9126422077594665,9.904106754867446,1,False,0.04792419532579061,10.4803,0.069489
700,702,0.3636363636363637,8.497458451886367,0.2818181818181818,0.4818181818181818,6.497458451886363,10.697458451886366,True,0.14129601838289335,6.132760565490871,1,True,0.7069959790151086,8.70285,0.337219
701,703,0.2545454545454545,5.976770027266426,0.2272727272727273,0.2818181818181818,5.176770027266425,6.876770027266426,True,2.538174433752732,8.52963898086071,1,True,0.11112320062685256,6.33301,0.248413
702,704,0.1809090909090909,6.06072368769234,0.16454545454545455,0.2,5.160723687692339,6.86072368769234,False,0.7811196276850413,6.772584174793019,1,True,0.3767989364513913,4.55449,0.167211
703,705,0.4545454545454546,3.4000000000000004,0.3,0.8181818181818182,0.0,8.1,True,0.0936647951745052,6.0851293422824835,1,True,0.7595688246670576,4.34316,0.494572
705,707,0.02090909090909091,8.799355051611887,0.017727272727272727,0.024545454545454544,6.999355051611895,10.299355051611883,False,18.84426828361988,24.835732830727853,1,False,1.4183666897859018e-05,11.3324,0.02377
706,708,0.015454545454545453,10.740552915837732,0.013636363636363636,0.017727272727272727,9.440552915837737,11.940552915837726,False,5.362649409101789,11.354113956209767,1,False,0.020572496580041327,13.5213,0.018259
707,709,0.2090909090909091,4.4,0.17,0.24545454545454545,3.1,5.4,True,4.445382807734184,10.436847354842165,1,False,0.03499574351721441,4.03255,0.195267
709,711,0.1481818181818182,6.018654179355747,0.13727272727272727,0.16090909090909092,5.018654179355747,7.218654179355746,False,0.3369813487927706,6.3284458959007495,1,True,0.5615768487123609,3.77286,0.128131
710,712,0.3181818181818182,7.853372108232411,0.2909090909090909,0.3545454545454545,7.15337210823241,8.65337210823241,False,0.893642419115192,6.885106966223171,1,True,0.3444921519427012,7.78242,0.283461
711,713,0.1890909090909091,9.91822576124104,0.17,0.2090909090909091,9.418225761241043,10.51822576124104,False,1.2796330557511022,7.271097602859081,1,True,0.25796727350904114,9.04732,0.1731
712,714,0.24545454545454545,8.120643080148081,0.19454545454545452,0.2818181818181818,6.6206430801480805,9.320643080148084,True,0.09528650205200463,6.086751049159983,1,True,0.757561065490417,7.80597,0.205939
713,715,0.1481818181818182,7.649204727040384,0.13545454545454547,0.1590909090909091,6.4492047270403825,8.849204727040386,False,0.4389659664361798,6.430430513544159,1,True,0.507621961986829,5.87452,0.131759
714,716,0.1590909090909091,10.471568597347826,0.14454545454545453,0.16818181818181818,9.07156859734783,11.471568597347822,False,14.525100025954078,20.516564573062052,1,False,0.00013830449330951166,11.1928,0.172347
715,717,0.2090909090909091,10.938519357288596,0.1890909090909091,0.24545454545454545,10.338519357288598,11.938519357288596,True,2.0359694530464028,8.027434000154383,1,True,0.15361621219095573,11.3491,0.19465
716,718,0.8181818181818182,10.259410447894266,0.6636363636363636,0.8454545454545455,8.559410447894267,10.259410447894266,False,20.94167963577185,26.93314418287984,1,False,4.734798073532193e-06,5.24428,0.365859
717,719,0.015454545454545453,11.950277811898609,0.014090909090909091,0.018636363636363642,10.850277811898613,13.650277811898606,False,10.882152703345232,16.87361725045321,1,False,0.000970953286462962,14.8159,0.017874
718,720,0.13727272727272727,13.393936459433831,0.12636363636363634,0.15,12.193936459433838,14.693936459433827,True,5.5265127336383335,11.517977280746312,1,False,0.018730400771794296,13.9877,0.14113
719,721,0.16818181818181818,7.555704609118463,0.1481818181818182,0.2,5.55570460911847,8.855704609118456,True,11.982645255687835,17.974109802795816,1,False,0.0005369830334138097,8.76664,0.194269
720,722,0.8636363636363636,15.044929085123085,0.6545454545454545,1.1090909090909091,12.844929085123091,17.044929085123073,True,0.6374075744351977,6.628872121543178,1,True,0.4246511139760606,16.0246,0.762813
722,724,0.10636363636363637,7.085390353034418,0.09272727272727273,0.11727272727272728,5.785390353034417,8.385390353034419,False,2.6434243314502472,8.634888878558224,1,True,0.10397920597991687,5.70935,0.086759
723,725,0.7272727272727273,17.648497776050846,0.5454545454545454,1.0,15.348497776050856,20.04849777605084,True,1.754340229252969,7.745804776360947,1,True,0.18533203413973365,18.1661,0.60407
725,727,1.2272727272727273,17.696720023215033,0.8454545454545455,1.2818181818181815,14.796720023215046,17.696720023215033,False,20.009787270115414,26.001251817223395,1,False,7.704680084160629e-06,13.7241,0.578629
726,728,0.3,26.10418197660584,0.2636363636363636,0.34545454545454546,25.104181976605826,27.204181976605852,False,1.285843978754786,7.2773085258627646,1,True,0.2568152674102888,27.1878,0.232769
727,729,0.5545454545454546,23.962761307096358,0.4727272727272727,0.6909090909090909,22.762761307096337,25.662761307096385,False,1.2420392878129694,7.233503834920947,1,True,0.265078395004732,29.2513,0.754343
728,730,0.17545454545454547,8.33949381030192,0.16272727272727272,0.2,7.339493810301919,9.03949381030192,True,5.277957839461638,11.269422386569614,1,False,0.021597064776381045,7.78201,0.175496
730,732,0.2363636363636364,5.841764613976988,0.2090909090909091,0.2727272727272727,5.141764613976988,6.841764613976988,True,3.124760424501763,9.116224971609745,1,True,0.07711120557272612,5.89957,0.220227
731,733,0.028181818181818183,17.43398833252723,0.025454545454545452,0.03363636363636364,16.233988332527233,19.033988332527226,False,7.920525263554352,13.911989810662332,1,False,0.004887708004438503,19.8945,0.028839
732,734,0.025454545454545452,8.879133092258623,0.02181818181818182,0.028181818181818183,7.379133092258628,10.079133092258617,False,24.604048407245852,30.595512954353836,1,False,7.040367080655014e-07,11.5111,0.028879
734,736,0.3545454545454545,24.565650078031588,0.3,0.4090909090909091,23.26565007803157,25.965650078031608,False,0.10917993303373676,6.100644480141716,1,True,0.7410797087326135,27.2308,0.353988
735,737,0.014090909090909091,4.0,0.012272727272727272,0.01590909090909091,2.5,5.300000000000002,False,4.698531460126155,10.689996007234132,1,False,0.030188401276317126,5.30615,0.015143
738,740,0.015454545454545453,2.6,0.012727272727272728,0.02090909090909091,0.4,5.5,True,2.918707284929845,8.910171832037824,1,True,0.08755798362622165,4.39314,0.017896
739,741,0.03,3.3000000000000003,0.026363636363636363,0.03545454545454545,1.8,4.6000000000000005,True,8.251314121786532,14.24277866889451,1,False,0.004072250960912897,3.65388,0.02952
741,743,0.16818181818181818,20.97998039166573,0.1572727272727273,0.19454545454545452,19.879980391665715,22.079980391665746,False,18.24714461497274,24.238609162080717,1,False,1.9401657438062835e-05,23.3756,0.188545
742,744,0.06,21.24955320721555,0.052727272727272734,0.06818181818181819,19.94955320721553,22.74955320721557,False,0.22171963511668025,6.2131841822246585,1,True,0.6377327549880007,21.0101,0.046602
743,745,0.06181818181818183,19.329987258215052,0.0609090909090909,0.07309090909090908,19.329987258215052,21.32998725821508,False,15.820205254653056,21.811669801761035,1,False,6.965470220193773e-05,23.5562,0.073328
744,746,0.01636363636363636,11.30174097030342,0.014090909090909091,0.01909090909090909,9.801740970303424,12.801740970303412,False,17.506961240611055,23.49842578771904,1,False,2.8625765309837653e-05,14.5894,0.019871
746,748,0.4727272727272727,35.85363121245533,0.3909090909090909,0.5818181818181818,34.353631212455305,37.353631212455355,False,6.0274037442898685,12.018868291397848,1,False,0.01408543606895476,38.0394,0.379224
747,749,0.4363636363636364,15.643976990218173,0.3909090909090909,0.509090909090909,14.743976990218178,16.943976990218168,False,2.5036562834723557,8.495120830580335,1,True,0.11358232698825255,17.0425,0.419114
749,751,0.3363636363636364,25.12770011793475,0.2818181818181818,0.3909090909090909,23.72770011793473,26.627700117934772,False,2.315407956413047,8.306872503521026,1,True,0.12809768900175522,27.0518,0.300315
750,752,0.14636363636363636,8.505246474539032,0.13363636363636364,0.1572727272727273,7.405246474539036,9.505246474539026,True,7.434297343024437,13.425761890132414,1,False,0.0063992344989181075,7.40619,0.137217
753,755,0.012272727272727272,12.348693782588748,0.01,0.015454545454545453,10.148693782588758,14.94869378258874,True,0.14952794076128534,6.140992487869265,1,True,0.6989868837295985,13.234,0.011675
754,756,0.022727272727272728,9.12443431457706,0.018636363636363642,0.027272727272727268,7.324434314577066,11.224434314577053,True,5.369974899683026,11.361439446791005,1,False,0.020486272356059102,10.9168,0.023788
756,758,0.027272727272727268,7.689590133838682,0.02363636363636364,0.029090909090909087,6.189590133838687,8.589590133838678,False,9.364619667707425,15.356084214815404,1,False,0.002212138952175232,9.20948,0.028447
757,759,0.4636363636363636,15.348836806406078,0.4181818181818182,0.5363636363636364,14.548836806406081,16.548836806406072,False,10.911409377815184,16.902873924923163,1,False,0.0009557378415610783,16.161,0.412897
758,760,0.040909090909090916,10.019826827686632,0.03363636363636364,0.04636363636363637,8.119826827686639,11.319826827686628,True,0.2497590833884922,6.2412236304964726,1,True,0.6172447653318736,9.52514,0.033949
760,762,0.5,8.201935262277818,0.4181818181818182,0.6,6.701935262277816,9.70193526227782,True,0.1311050267701161,6.122569573878095,1,True,0.717289049541753,8.89971,0.492572
761,763,0.028181818181818183,3.718225184647155,0.024545454545454544,0.03363636363636364,2.1182251846471534,5.418225184647156,True,6.678244864849715,12.669709411957696,1,False,0.009759667690642314,4.90323,0.02944
762,764,0.12818181818181815,11.145559970059582,0.1190909090909091,0.1390909090909091,10.145559970059585,12.245559970059574,True,11.724552869161313,17.71601741626929,1,False,0.0006168086681157352,10.8424,0.121177
763,765,0.12272727272727273,5.653907289443227,0.10727272727272727,0.13727272727272727,3.953907289443225,7.153907289443227,True,6.1393212307459875,12.130785777853966,1,False,0.013220805330235402,4.85581,0.116393
764,766,0.11727272727272728,34.004034124375245,0.09363636363636364,0.1390909090909091,31.504034124375213,36.20403412437528,True,5.874223708697832,11.865688255805809,1,False,0.015364146132011184,36.1879,0.107321
765,767,0.9636363636363636,30.154687432431537,0.8363636363636364,1.1272727272727274,28.95468743243152,31.354687432431554,False,3.4744988760848914,9.465963423192873,1,True,0.06232159599755222,33.8151,0.9533
767,769,0.24545454545454545,10.037783535156464,0.2181818181818182,0.2636363636363636,9.237783535156467,10.537783535156464,False,0.4177013512622355,6.4091658983702136,1,True,0.5180862594196958,9.70966,0.199972
768,770,0.06636363636363636,10.766782554526612,0.05909090909090909,0.07545454545454545,9.466782554526617,12.266782554526609,False,0.2396768422250961,6.231141389333075,1,True,0.6244396137929575,9.65815,0.053105
770,772,0.3363636363636364,4.5,0.2909090909090909,0.3818181818181817,3.4000000000000004,5.6000000000000005,False,15.366120558767625,21.357585105875607,1,False,8.85620657330284e-05,3.31225,0.274373
771,773,0.02363636363636364,8.460780853267636,0.02181818181818182,0.026363636363636363,7.660780853267639,9.560780853267632,True,21.467520068006717,27.458984615114694,1,False,3.598728245890682e-06,9.50101,0.023119
773,775,0.1409090909090909,7.672201182351179,0.13,0.15363636363636365,6.5722011823511775,8.87220118235118,False,0.6332683042556078,6.6247328513635875,1,True,0.4261590067585264,5.73992,0.121081
774,776,0.08363636363636362,14.805910371861202,0.07636363636363636,0.09545454545454546,13.705910371861204,16.305910371861195,False,3.4958528649309777,9.487317412038957,1,True,0.06152271119458735,14.8108,0.071882
775,777,0.2090909090909091,25.06129829559382,0.1781818181818182,0.2545454545454545,24.061298295593804,26.46129829559384,False,0.17363703101152833,6.165101578119508,1,True,0.6768994861380824,26.8582,0.192016
776,778,0.8636363636363636,32.68560728551924,0.7090909090909091,1.0363636363636364,31.385607285519217,34.18560728551926,False,2.3640959848411107,8.35556053194909,1,True,0.12415581782996063,36.5854,0.846811
777,779,0.2272727272727273,33.84457802422331,0.19454545454545452,0.24545454545454545,32.844578024223296,34.34457802422332,False,1.235490948064424,7.226955495172403,1,True,0.2663418309970456,35.9337,0.19136
778,780,0.056363636363636366,14.465652125206216,0.04818181818181819,0.06454545454545453,12.765652125206225,15.965652125206214,True,1.1385894694561245,7.130054016564102,1,True,0.28595057710614896,14.7396,0.048908
779,781,0.24545454545454545,7.958430030189576,0.19181818181818186,0.2818181818181818,6.358430030189575,9.058430030189577,True,4.65141380698135,10.64287835408933,1,False,0.031027982059977408,8.28587,0.230489
780,782,0.03,8.140019664025898,0.026363636363636363,0.03545454545454545,6.640019664025902,9.540019664025891,False,16.405090346236072,22.39655489334405,1,False,5.114768791404766e-05,10.9289,0.03694
781,783,0.8454545454545455,12.443825317270347,0.6818181818181818,1.0181818181818183,10.843825317270351,13.84382531727034,False,3.6560813128740652,9.647545859982044,1,True,0.05586488115872227,12.1119,0.66123
782,784,0.9,15.668293435683694,0.6454545454545454,1.2090909090909092,13.1682934356837,17.968293435683684,True,1.5774019777887005,7.568866524896679,1,True,0.20913531484727196,16.2467,0.751626
783,785,0.056363636363636366,4.7879972607920775,0.05,0.06272727272727273,3.587997260792076,5.887997260792076,True,8.767044867193787,14.758509414301765,1,False,0.0030672199888647834,4.56887,0.052594
784,786,0.010454545454545454,9.74800629374078,0.01,0.013181818181818182,9.048006293740782,11.948006293740773,True,0.09599494224024514,6.087459489348223,1,True,0.7566898521683846,10.8856,0.010555
785,787,0.2363636363636364,11.189651798702323,0.2090909090909091,0.2727272727272727,10.489651798702328,12.189651798702323,False,0.3911390831506688,6.382603630258648,1,True,0.5317012582804714,11.4483,0.204244
786,788,0.3,7.9563913649313625,0.2727272727272727,0.3272727272727273,7.256391364931363,8.556391364931363,True,1.886410992436468,7.877875539544448,1,True,0.16960728210214132,8.39972,0.289133
787,789,0.4,0.0,0.3818181818181817,0.5909090909090908,0.0,3.2,True,3.117082954312333,9.108547501420311,1,True,0.07747536181129944,2.12959,0.540695
788,790,0.07,5.0069944800304285,0.06272727272727273,0.07863636363636364,3.6069944800304263,6.406994480030428,True,8.305606126352231,14.297070673460212,1,False,0.003952289008111868,5.14476,0.067674
789,791,0.2272727272727273,11.839634337726011,0.19454545454545452,0.24545454545454545,10.939634337726016,12.439634337726009,False,2.9017175775508615,8.89318212465884,1,True,0.08848522261511056,12.5173,0.209647
790,792,0.14636363636363636,7.295323713559013,0.13,0.16272727272727272,5.695323713559012,8.995323713559015,True,5.113105009764436,11.104569556872416,1,False,0.023745786112727013,7.01301,0.148945
791,793,0.2909090909090909,11.442669610664124,0.2545454545454545,0.3181818181818182,10.442669610664131,12.242669610664125,False,0.8002663986825909,6.79173094579057,1,True,0.37101373263493603,11.4954,0.2492
792,794,0.08727272727272728,42.55832092068421,0.08272727272727272,0.09545454545454546,42.55832092068421,43.25832092068422,False,128.47371186383654,134.46517641094454,1,False,8.841049660695242e-30,51.3712,0.178644
793,795,0.2636363636363636,22.83458369770472,0.2272727272727273,0.3,21.8345836977047,23.83458369770473,False,0.31174638692885104,6.303210934036831,1,True,0.5766105046031116,24.3537,0.230583
795,797,0.15545454545454546,17.8544916795755,0.1390909090909091,0.16818181818181818,16.354491679575506,19.154491679575493,True,7.2186866374028815,13.21015118451086,1,False,0.007214847744028286,18.2178,0.1526
798,800,0.011818181818181818,4.37752444806405,0.01,0.014090909090909091,2.6775244480640508,6.377524448064049,False,5.955752455023204,11.947217002131186,1,False,0.014669340442285166,6.54373,0.013859
799,801,0.2363636363636364,9.544999589543867,0.2090909090909091,0.2727272727272727,8.84499958954387,10.544999589543863,False,1.3618938893075978,7.3533584364155775,1,True,0.2432095235720192,9.04851,0.193667
800,802,0.1863636363636364,4.716215121442762,0.16454545454545455,0.2181818181818182,3.6162151214427616,5.81621512144276,True,7.337371863053202,13.32883641016118,1,False,0.006753550671305717,4.28371,0.183944
801,803,0.014545454545454544,18.053349125904845,0.014090909090909091,0.01909090909090909,17.75334912590484,20.853349125904888,False,15.268171817824523,21.2596363649325,1,False,9.327502389125035e-05,23.7609,0.02052
802,804,0.44545454545454544,9.106569463509329,0.3636363636363637,0.5818181818181818,7.40656946350933,11.306569463509335,True,2.092424248695196,8.083888795803174,1,True,0.1480310056243602,9.11644,0.396344
803,805,0.04818181818181819,15.638682441223896,0.040909090909090916,0.05909090909090909,13.7386824412239,17.738682441223887,False,7.197122409014392,13.188586956122371,1,False,0.007302057627184134,18.1574,0.051258
804,806,0.34545454545454546,7.955571649169023,0.3,0.3909090909090909,6.855571649169023,8.955571649169023,True,0.17917618364710036,6.170640730755078,1,True,0.6720821731782347,8.42571,0.332848
805,807,0.10272727272727274,11.166164680500476,0.0918181818181818,0.11363636363636365,10.16616468050048,12.366164680500471,True,30.755131966639638,36.74659651374761,1,False,2.9272863290317333e-08,11.8772,0.098661
806,808,0.2909090909090909,9.636497393449801,0.2727272727272727,0.3090909090909091,9.136497393449805,10.136497393449801,False,7.130705251056624,13.122169798164606,1,False,0.0075774917532179485,9.46866,0.248601
807,809,0.0981818181818182,10.722945951410589,0.08727272727272728,0.11181818181818183,9.62294595141059,12.32294595141058,False,0.10079239420358058,6.092256941311558,1,True,0.7508807942919278,8.67404,0.072069
808,810,0.01,11.13366694725348,0.01,0.011818181818181818,10.73366694725348,12.733666947253473,False,4.065936188388288,10.057400735496266,1,False,0.043756423774800206,12.7368,0.01086
809,811,0.011818181818181818,8.431895446756945,0.01,0.014545454545454544,6.831895446756951,10.631895446756936,False,7.7788712814289775,13.770335828536954,1,False,0.005286081437870366,11.5981,0.014664
810,812,0.10181818181818182,9.536734961628976,0.08181818181818183,0.12090909090909092,7.436734961628983,11.736734961628967,True,2.85749752939468,8.848962076502659,1,True,0.0909488894672858,9.43362,0.09002
811,813,0.12090909090909092,10.342853647208734,0.11,0.13545454545454547,9.14285364720874,11.842853647208731,False,4.268684339946712,10.260148887054688,1,False,0.03882097722952768,9.78896,0.109288
812,814,1.009090909090909,12.305769744142106,0.8636363636363636,1.1454545454545455,11.105769744142103,13.105769744142108,False,28.42664467514533,34.41810922225331,1,False,9.731669286851633e-08,8.72334,0.529669
813,815,0.07772727272727273,13.433237893822206,0.07036363636363636,0.08636363636363636,12.33323789382221,14.6332378938222,False,0.277999684891358,6.269464231999338,1,True,0.5980153012560847,12.143,0.060605
815,817,0.07390909090909091,23.28207843334259,0.06454545454545453,0.08545454545454545,21.682078433342568,24.98207843334261,False,9.102013423866888,15.093477970974865,1,False,0.002553282774890655,25.2632,0.069913
816,818,0.509090909090909,23.843133074646634,0.44545454545454544,0.6181818181818182,22.54313307464661,25.343133074646648,False,7.6951076148305555,13.686572161938535,1,False,0.005537070830500511,25.0219,0.427674
817,819,0.045454545454545456,14.054905137036505,0.039090909090909086,0.05090909090909091,12.454905137036507,15.454905137036498,False,9.823238775290573,15.814703322398552,1,False,0.0017232063022151144,16.1076,0.046814
818,820,0.2818181818181818,11.182966514130745,0.2545454545454545,0.3,10.382966514130748,11.682966514130745,True,0.6328448721390564,6.624309419247036,1,True,0.42631371238640026,11.6516,0.258586
819,821,0.2727272727272727,3.9,0.2363636363636364,0.3090909090909091,2.8000000000000003,4.9,True,2.3487929279239665,8.340257475031946,1,True,0.12538005841962624,3.89706,0.263667
820,822,1.4,4.40479902284986,1.1272727272727274,1.4,2.60479902284986,4.904799022849859,False,11.433315787396436,17.424780334504412,1,False,0.0007213883432053293,5.25617,1.2286
821,823,0.03636363636363636,17.809521442267155,0.030909090909090907,0.04272727272727273,16.50952144226714,19.40952144226718,False,12.418182613076198,18.409647160184182,1,False,0.00042517380226758796,21.5311,0.042711
823,825,0.027272727272727268,8.235680503027103,0.02363636363636364,0.029090909090909087,6.835680503027108,8.935680503027099,False,6.8630755323809085,12.854540079488888,1,False,0.008799496422504058,9.0278,0.02647
824,826,0.4909090909090909,8.913079645423869,0.4272727272727273,0.5909090909090908,7.713079645423875,10.213079645423868,True,0.06259416941129603,6.054058716519276,1,True,0.8024417576471176,9.88286,0.499542
825,827,0.05545454545454545,7.64934279782374,0.04727272727272727,0.06545454545454546,6.0493427978237415,9.34934279782374,False,3.146204205499409,9.137668752607391,1,True,0.0761038055428154,4.58732,0.037763
826,828,0.031818181818181815,7.272633529882746,0.028181818181818183,0.03818181818181818,6.0726335298827445,8.872633529882748,False,0.33128817842407665,6.322752725532055,1,True,0.5649015446856935,6.97352,0.027703
828,830,0.06818181818181819,16.548993274519948,0.06454545454545453,0.07727272727272727,15.948993274519939,18.04899327451997,False,27.319647767005225,33.311112314113196,1,False,1.724501942558628e-07,19.9347,0.077314
829,831,0.06545454545454546,14.03182154286339,0.05909090909090909,0.07418181818181817,12.931821542863394,15.631821542863385,False,1.5836675220651466,7.575132069173126,1,True,0.2082332065024675,13.8206,0.054719
830,832,0.09636363636363636,13.996145269451047,0.08454545454545455,0.10727272727272727,12.596145269451053,15.196145269451044,True,33.37129986985666,39.36276441696464,1,False,7.613932821761571e-09,14.9508,0.089767
831,833,0.09272727272727273,4.967004950174247,0.08090909090909093,0.10636363636363637,3.4670049501742457,6.46700495017425,False,3.593481965918147,9.584946513026123,1,True,0.0580065837816731,3.35596,0.076239
832,834,0.010454545454545454,10.737162062065837,0.01,0.011818181818181818,10.237162062065837,11.937162062065832,False,103.75545886260198,109.74692340970995,1,False,2.2889355913231603e-24,15.9534,0.015163
833,835,0.045454545454545456,20.751141483366197,0.04272727272727273,0.052727272727272734,19.951141483366193,22.45114148336623,False,13.01631131463092,19.0077758617389,1,False,0.0003087894612441353,24.9725,0.052962
834,836,0.02363636363636364,8.766281469349646,0.02090909090909091,0.026363636363636363,7.66628146934965,9.866281469349644,False,8.045739106623516,14.037203653731494,1,False,0.00456108057286001,10.0594,0.023741
835,837,0.03,4.023907934159014,0.027272727272727268,0.03545454545454545,2.8239079341590125,5.523907934159015,False,13.57519956113217,19.56666410824015,1,False,0.0002291936204887216,6.20206,0.036103
836,838,0.14636363636363636,24.50484315895395,0.13363636363636364,0.1590909090909091,23.204843158953928,25.904843158953966,False,6.1977485195772735,12.189213066685252,1,False,0.01279129251399897,26.7364,0.155917
837,839,0.2545454545454545,3.5,0.2181818181818182,0.2818181818181818,2.5,4.2,True,2.8976878746341765,8.889152421742155,1,True,0.08870670748340394,3.46252,0.249073
838,840,0.09272727272727273,10.261022794326204,0.07954545454545454,0.11,8.66102279432621,12.261022794326196,True,8.557225862651899,14.548690409759876,1,False,0.003441534525093698,12.1341,0.102358
839,841,0.17272727272727273,7.899544743159637,0.15363636363636365,0.2,5.9995447431596425,8.899544743159632,True,18.351498735958835,24.34296328306681,1,False,1.8367444301789803e-05,8.78826,0.192114
840,842,0.029090909090909087,13.266178323899341,0.02363636363636364,0.039090909090909086,10.76617832389935,16.06617832389933,True,1.6624036401664182,7.653868187274398,1,True,0.19727910146087232,14.8783,0.028656
841,843,0.01636363636363636,10.992676191641474,0.014545454545454544,0.018636363636363642,9.792676191641476,12.292676191641467,False,16.524527842015193,22.515992389123173,1,False,4.802479118100756e-05,13.2932,0.017887
842,844,0.2181818181818182,13.558054034953892,0.18363636363636365,0.24545454545454545,12.458054034953895,14.35805403495389,False,6.71128478965379,12.70274933676177,1,False,0.009580467492131563,14.9492,0.221741
843,845,0.5,6.7997097362040115,0.4272727272727273,0.6363636363636364,5.499709736204012,8.59970973620401,False,9.064671085056233,15.056135632164212,1,False,0.002605954065392123,5.64008,0.395493
844,846,0.01,20.233242435260074,0.01,0.013181818181818182,19.633242435260065,23.133242435260115,False,5.415390322397668,11.406854869505649,1,False,0.01995999025477996,24.5965,0.012977
845,847,0.2363636363636364,10.222232845947401,0.2181818181818182,0.2545454545454545,9.722232845947401,10.722232845947397,False,1.2725023713142785,7.263966918422258,1,True,0.2592977611789326,10.3436,0.204342
846,848,0.5727272727272728,14.21999150204659,0.4818181818181818,0.6818181818181818,12.919991502046594,15.719991502046586,False,0.03651416854772253,6.027978715655703,1,True,0.8484575821627695,16.2356,0.604367
847,849,0.07018181818181819,13.771007175007453,0.06272727272727273,0.07954545454545454,12.471007175007458,15.271007175007448,False,0.343274254328234,6.334738801436213,1,True,0.5579453300772141,12.8565,0.055915
848,850,0.12636363636363634,5.679620481555313,0.11545454545454545,0.1390909090909091,4.479620481555312,6.979620481555313,True,9.227294324330398,15.218758871438375,1,False,0.0023843372752381303,5.28195,0.125495
849,851,0.040909090909090916,10.894977080633529,0.034545454545454546,0.04727272727272727,9.194977080633533,12.69497708063352,False,5.850213044356433,11.84167759146441,1,False,0.015575165552162581,12.7413,0.042593
850,852,0.017272727272727273,12.491918123796939,0.014090909090909091,0.02,10.491918123796948,14.191918123796935,False,14.395402537249394,20.38686708435737,1,False,0.0001481636043014257,16.0686,0.02089
851,853,0.06272727272727273,14.845454443968482,0.056363636363636366,0.07054545454545455,13.745454443968484,16.145454443968475,False,12.564417358171625,18.555881905279605,1,False,0.0003931613033239475,16.8094,0.064427
852,854,0.0609090909090909,15.004887296270404,0.05090909090909091,0.07054545454545455,13.10488729627041,16.704887296270403,True,4.536970121892159,10.528434669000136,1,False,0.033170254429720034,16.2387,0.058311
853,855,0.07281818181818181,4.350145081115178,0.06545454545454546,0.08363636363636362,2.9501450811151777,5.95014508111518,True,6.5140373498045125,12.505501896912492,1,False,0.010702624182423287,3.69614,0.066264
854,856,0.2545454545454545,7.796192858243472,0.2363636363636364,0.2909090909090909,7.296192858243474,8.896192858243467,False,6.964810176143399,12.956274723251376,1,False,0.008312825128653679,9.05117,0.27321
855,857,0.10727272727272727,9.630710160002069,0.09454545454545454,0.1190909090909091,8.430710160002072,11.130710160002062,True,11.698692088942066,17.690156636050048,1,False,0.000625440446009038,9.9007,0.101554
856,858,0.16454545454545455,11.060136375528336,0.15545454545454546,0.1863636363636364,10.06013637552834,12.160136375528333,True,1.5062202825766808,7.49768482968466,1,True,0.21971674484516654,10.228,0.158482
857,859,0.1390909090909091,7.057114063310142,0.12818181818181815,0.1481818181818182,6.057114063310142,7.857114063310144,True,6.394053741886946,12.385518288994925,1,False,0.011450324874454713,6.07117,0.132785
858,860,0.02090909090909091,8.179139409969343,0.01818181818181818,0.025454545454545452,6.879139409969343,10.079139409969343,True,0.1783498153412463,6.169814362449225,1,True,0.6727952352503936,8.58859,0.01911
859,861,0.010454545454545454,12.491340383622145,0.01,0.012727272727272728,11.891340383622145,14.391340383622135,False,7.777873094528955,13.769337641636938,1,False,0.005289003069906803,15.0361,0.011938
860,862,0.056363636363636366,9.928681965215548,0.05,0.06454545454545453,8.628681965215549,11.328681965215539,True,4.466683333374559,10.458147880482539,1,False,0.034562018791530605,10.3369,0.052253
861,863,0.04181818181818182,8.784160639200755,0.030909090909090907,0.058181818181818175,6.384160639200765,12.384160639200745,True,0.8511437207931597,6.842608267901139,1,True,0.3562289859628046,10.4258,0.044029
862,864,0.01909090909090909,14.166272564161307,0.015,0.02363636363636364,11.866272564161315,16.3662725641613,False,9.117459662159508,15.108924209267487,1,False,0.0025318130199701552,17.2039,0.021261
863,865,0.13363636363636364,9.596326728021085,0.11363636363636365,0.15181818181818182,7.296326728021093,11.396326728021078,True,1.3593306080022654,7.3507951551102435,1,True,0.2436535267448407,8.56264,0.12157
864,866,0.011363636363636364,10.791544004287191,0.01,0.012727272727272728,9.591544004287194,11.891544004287185,False,0.07658185071418178,6.068046397822161,1,True,0.7819841630591048,12.0171,0.011484
865,867,0.026363636363636363,14.682581369709336,0.022727272727272728,0.03,12.982581369709346,16.182581369709332,False,11.65216309967924,17.643627646787213,1,False,0.000641279239087229,17.3099,0.028133
866,868,0.028181818181818183,3.7,0.026363636363636363,0.030909090909090907,2.9000000000000004,4.7,True,3.01340941437239,9.004873961480369,1,True,0.08257843078354937,3.88656,0.027193
867,869,0.015,15.651495204774065,0.012727272727272728,0.018636363636363642,13.75149520477407,17.651495204774058,False,11.033777106176212,17.02524165328419,1,False,0.0008946667408305854,19.5274,0.018583
868,870,0.4272727272727273,4.800000000000002,0.3181818181818182,0.5909090909090908,2.6,7.300000000000002,True,2.1372184852157114,8.128683032323693,1,True,0.14376234639724556,3.74039,0.355002
869,871,0.06636363636363636,9.577546195152076,0.057272727272727274,0.07545454545454545,7.877546195152083,11.17754619515207,False,0.0180248088544976,6.009489355962478,1,True,0.8931997465955164,8.01397,0.05146
870,872,0.2272727272727273,2.5,0.19181818181818186,0.2545454545454545,1.4,3.4000000000000004,True,1.0012845549946277,6.992749102102607,1,True,0.31699988266776313,1.72425,0.198511
871,873,0.01818181818181818,5.4160479995313295,0.014090909090909091,0.02363636363636364,3.0160479995313274,8.016047999531331,False,5.797095708663822,11.788560255771804,1,False,0.016052668821100815,8.14094,0.022236
872,874,0.2727272727272727,3.3000000000000003,0.2363636363636364,0.3181818181818182,2.2,4.5,True,3.5886532299118,9.58011777701978,1,True,0.05817537175791314,3.84881,0.286368
873,875,0.3545454545454545,6.986308790349944,0.3181818181818182,0.3909090909090909,6.086308790349943,7.786308790349945,True,0.07992757311052016,6.0713921202185,1,True,0.7773955854301655,7.49796,0.350584
874,876,0.014090909090909091,7.96286236719404,0.012272727272727272,0.01636363636363636,6.362862367194046,9.662862367194032,False,20.99770894509644,26.989173492204408,1,False,4.5983291771194206e-06,11.685,0.018365
876,878,0.07590909090909091,4.775425967593164,0.06818181818181819,0.08636363636363636,3.4754259675931634,6.275425967593164,True,7.615941175875461,13.607405722983438,1,False,0.00578545557229816,4.26397,0.069881
877,879,0.11545454545454545,7.313095328936846,0.1,0.13,5.413095328936853,8.91309532893684,True,14.86018128715709,20.85164583426507,1,False,0.00011578140743551399,7.6023,0.117607
878,880,0.014545454545454544,8.852045712953073,0.013636363636363636,0.01681818181818182,8.052045712953076,10.152045712953068,False,10.852454237606224,16.843918784714205,1,False,0.0009866490715154212,10.7633,0.0158
880,882,0.10181818181818182,10.532734575031995,0.08909090909090908,0.11181818181818183,9.232734575032001,11.73273457503199,False,0.27111264845378696,6.262577195561767,1,True,0.6025863731185357,8.43176,0.075244
881,883,0.15,6.085833268046522,0.13363636363636364,0.16272727272727272,4.685833268046522,7.485833268046522,True,3.1710552949925583,9.162519842100536,1,True,0.07495400156731725,4.96474,0.143425
882,884,0.01909090909090909,12.141611929486265,0.01590909090909091,0.02181818181818182,10.54161192948627,13.44161192948626,False,25.71982125073036,31.711285797838343,1,False,3.9475178348364773e-07,16.267,0.025114
883,885,0.058181818181818175,13.572462532663973,0.05090909090909091,0.06727272727272728,12.372462532663974,15.272462532663967,False,17.168025592445296,23.15949013955328,1,False,3.4214712166827065e-05,16.126,0.062742
884,886,0.16272727272727272,12.191838021541436,0.14636363636363636,0.1809090909090909,10.591838021541443,13.19183802154143,True,6.225742730945403,12.217207278053383,1,False,0.012590608393189436,11.7632,0.160129
885,887,0.10818181818181817,5.825630628277843,0.09636363636363636,0.12454545454545456,4.52563062827784,7.725630628277843,True,13.441085930818485,19.432550477926466,1,False,0.00024617308487465963,5.89987,0.105086
886,888,0.028181818181818183,11.231101067018628,0.024545454545454544,0.03272727272727273,9.631101067018633,12.831101067018624,True,2.7745860545621284,8.766050601670107,1,True,0.09577141354244988,11.9273,0.026097
887,889,0.012272727272727272,8.570199915766326,0.010454545454545454,0.013636363636363636,7.070199915766331,9.77019991576632,False,28.595974638566844,34.587439185674825,1,False,8.916735450798139e-08,12.0651,0.015651
888,890,0.5636363636363636,6.4,0.4090909090909091,0.6909090909090909,3.8,7.800000000000002,False,14.078770525483833,20.070235072591807,1,False,0.00017531137172831912,2.35311,0.310601
889,891,0.8,8.5,0.6272727272727272,0.8181818181818182,6.4,8.5,False,14.266292133471625,20.257756680579604,1,False,0.0001586812477686748,3.26466,0.363169
890,892,0.06181818181818183,10.237952119924806,0.053636363636363635,0.07,8.737952119924811,11.637952119924801,True,15.996295897896148,21.98776044500413,1,False,6.34665358872106e-05,11.1569,0.060029
891,893,0.01818181818181818,10.477803899225194,0.015,0.02181818181818182,8.5778038992252,12.277803899225187,True,3.0936390205673314,9.08510356767531,1,True,0.07859885073610841,12.0032,0.018515
892,894,0.010454545454545454,10.543098195099844,0.01,0.012272727272727272,9.943098195099843,11.943098195099838,False,20.836832508117897,26.828297055225878,1,False,5.0011866686320035e-06,14.0306,0.013499
893,895,0.01818181818181818,7.5834635134801625,0.01636363636363636,0.02,6.583463513480165,8.583463513480156,False,7.5666272760415545,13.558091823149535,1,False,0.005945894531539347,8.98201,0.018821
894,896,0.04,11.256206147715266,0.034545454545454546,0.045454545454545456,9.856206147715273,12.75620614771526,True,0.5002572901336662,6.491721837241645,1,True,0.4793870929532439,11.5766,0.03532
895,897,0.04727272727272727,14.161932466308462,0.04181818181818182,0.05454545454545455,12.861932466308467,15.661932466308455,True,5.009538783113531,11.001003330221513,1,False,0.02520802231839821,14.9865,0.043706
896,898,0.028181818181818183,4.477464543882027,0.025454545454545452,0.031818181818181815,3.2774645438820262,5.7774645438820285,True,12.794446063099945,18.785910610207925,1,False,0.0003476499072112166,5.48375,0.028808
897,899,0.3727272727272728,6.055943620949375,0.3363636363636364,0.4090909090909091,5.155943620949373,6.955943620949374,True,0.8722474409087313,6.8637119880167115,1,True,0.3503338725360429,6.12453,0.349815
898,900,0.017727272727272727,4.444598895745868,0.015,0.02,2.8445988957458663,5.7445988957458685,False,12.843620646125816,18.835085193233798,1,False,0.00033863174102371764,6.19964,0.019642
899,901,0.3090909090909091,5.951794178661588,0.2636363636363636,0.3636363636363637,4.8517941786615895,7.151794178661589,True,1.7416245084479511,7.73308905555593,1,True,0.18693312236477708,6.84628,0.327414
900,902,0.15545454545454546,6.623386879862387,0.1390909090909091,0.16636363636363638,5.123386879862384,7.823386879862388,True,9.072875782077153,15.06434032918513,1,False,0.002594287592104632,5.7953,0.153467
901,903,0.013181818181818182,9.053910729575088,0.011818181818181818,0.014545454545454544,7.853910729575093,10.253910729575084,False,13.086010115263178,19.07747466237116,1,False,0.0002975093601283703,12.0449,0.01587
902,904,0.014545454545454544,8.756549489300799,0.013181818181818182,0.01636363636363636,7.5565494893008,9.956549489300793,False,23.272455074197875,29.263919621305853,1,False,1.4059924912624927e-06,11.6347,0.017556
903,905,0.01818181818181818,9.164453147278321,0.015454545454545453,0.02181818181818182,7.6644531472783255,11.064453147278314,False,9.115050539568474,15.106515086676453,1,False,0.0025351495199086465,11.4437,0.019721
904,906,0.012272727272727272,8.488138796356393,0.010454545454545454,0.014090909090909091,6.9881387963564014,10.088138796356391,False,8.593505303799883,14.584969850907862,1,False,0.003373639970775381,10.7045,0.013813
905,907,0.09636363636363636,7.804370548718015,0.08272727272727272,0.11,6.304370548718021,9.30437054871801,False,1.9812382423697923,7.972702789477773,1,True,0.15926002127778033,6.34604,0.077687
906,908,0.015454545454545453,14.905876578043387,0.012727272727272728,0.01818181818181818,12.805876578043394,16.50587657804338,False,11.888993938019789,17.880458485127765,1,False,0.0005646661321233795,17.8041,0.017394
907,909,0.031818181818181815,4.068960479000392,0.029090909090909087,0.03818181818181818,3.268960479000392,5.668960479000393,True,9.259632025390932,15.251096572498913,1,False,0.002342600850318941,4.69359,0.031327
908,910,0.16454545454545455,11.919400941855766,0.15545454545454546,0.1781818181818182,11.019400941855766,12.81940094185576,True,19.68233177777818,25.67379632488616,1,False,9.144292774748056e-06,11.9956,0.167927
909,911,0.013181818181818182,3.2,0.011363636363636364,0.015454545454545453,1.7000000000000002,5.0,True,1.7583678590451757,7.749832406153155,1,True,0.18482822461768544,4.22214,0.013953
910,912,0.04,4.932015542473501,0.03363636363636364,0.045454545454545456,3.4320155424735,6.232015542473503,True,3.528860443625831,9.52032499073381,1,True,0.06030922509484385,4.82584,0.036931
911,913,0.4636363636363636,13.12662614338171,0.4,0.5454545454545454,11.926626143381714,14.526626143381705,True,0.28970392329661904,6.281168470404597,1,True,0.5904103256577475,14.3718,0.454139
912,914,0.017272727272727273,9.853890117792027,0.01590909090909091,0.01909090909090909,9.05389011779203,10.853890117792025,False,32.11735160284249,38.10881614995047,1,False,1.4513525880513188e-08,12.4757,0.019557
913,915,0.049090909090909095,10.950053643598428,0.045454545454545456,0.05454545454545455,10.050053643598432,12.050053643598426,False,10.611606988662649,16.603071535770628,1,False,0.0011237997892889462,12.7094,0.051249
914,916,0.15181818181818182,3.5345746389878188,0.1390909090909091,0.16454545454545455,2.334574638987819,4.934574638987819,True,12.793335011057868,18.784799558165844,1,False,0.00034785643815414134,3.34776,0.160302
916,918,0.2272727272727273,14.2662831985245,0.2090909090909091,0.24545454545454545,13.766283198524507,14.7662831985245,False,1.7219543722327852,7.713418919340763,1,True,0.18944166862042072,14.9195,0.199676
917,919,0.011818181818181818,9.613644236260477,0.01,0.014090909090909091,7.913644236260481,11.613644236260466,False,10.443410040621977,16.434874587729954,1,False,0.0012308781462877813,12.726,0.014262
919,921,0.04454545454545455,4.376298660141272,0.04,0.049090909090909095,3.276298660141272,5.576298660141271,True,3.788942841935734,9.780407389043713,1,True,0.051592223692929214,4.22357,0.04136
920,922,0.12272727272727273,8.262831136170893,0.11181818181818183,0.1390909090909091,7.062831136170896,9.962831136170887,False,22.947990083311854,28.939454630419842,1,False,1.6644414642606343e-06,10.3712,0.14762
921,923,0.12818181818181815,7.5790029360712285,0.10636363636363637,0.15,5.079002936071227,9.67900293607123,False,0.3226320745736025,6.314096621681582,1,True,0.5700301415653678,5.57992,0.106051
922,924,0.2181818181818182,2.9000000000000004,0.16818181818181818,0.2545454545454545,1.2000000000000002,4.0,True,2.649986077586247,8.641450624694228,1,True,0.10355080308496957,2.67099,0.208408
923,925,0.16636363636363638,7.893594068521825,0.15,0.1972727272727273,6.193594068521824,9.193594068521826,True,12.254885173559613,18.246349720667585,1,False,0.00046404170670421083,7.98486,0.175896
924,926,0.01,14.24558891912833,0.01,0.01090909090909091,13.945588919128332,15.145588919128327,False,26.452328038562477,32.443792585670465,1,False,2.70122731746028e-07,16.5997,0.011351
925,927,0.16272727272727272,3.7,0.15363636363636365,0.17545454545454547,2.8000000000000003,4.5,False,3.0847882925999848,9.076252839707964,1,True,0.07902754883580718,2.00578,0.156566
926,928,0.015,3.781051928236215,0.014090909090909091,0.01636363636363636,2.981051928236215,4.581051928236215,False,12.170348292469535,18.161812839577514,1,False,0.00048555238813903934,5.92138,0.018038
927,929,0.01,14.97270485877898,0.01,0.01090909090909091,14.672704858778982,15.872704858778976,False,32.743535608095996,38.735000155203984,1,False,1.0515543052581012e-08,17.0959,0.011042
928,930,0.2909090909090909,12.697750730939484,0.2727272727272727,0.3181818181818182,12.097750730939484,13.297750730939482,False,0.9966582755323052,6.9881228226402845,1,True,0.31812046067369665,13.24,0.263814
929,931,0.029090909090909087,9.53083349975402,0.024545454545454544,0.03636363636363636,7.430833499754027,11.530833499754017,True,0.5914476741011547,6.582912221209134,1,True,0.4418598575121839,9.71645,0.026481
930,932,0.01681818181818182,7.21650411319634,0.014545454545454544,0.019545454545454543,5.6165041131963465,8.616504113196335,False,13.149376795198696,19.140841342306675,1,False,0.00028761488890845184,10.1592,0.020674
931,933,0.02363636363636364,4.066248744693119,0.01909090909090909,0.028181818181818183,1.9662487446931165,6.0662487446931195,True,6.60905019743757,12.600514744545551,1,False,0.010146176432881016,5.75224,0.025778
932,934,0.2818181818181818,8.636398437012312,0.2636363636363636,0.3090909090909091,8.136398437012312,9.436398437012313,False,0.5981814230790651,6.5896459701870445,1,True,0.4392727379885414,8.75912,0.25286
933,935,0.01818181818181818,5.343949489204908,0.01590909090909091,0.02181818181818182,3.9439494892049054,7.243949489204908,False,10.126424293999944,16.11788884110792,1,False,0.0014615867218834638,7.74116,0.021062
934,936,0.2181818181818182,5.2554606471855845,0.2,0.24545454545454545,4.655460647185585,5.9554606471855855,False,1.7774893567572905,7.768953903865269,1,True,0.18245792141404693,5.00055,0.198465
935,937,0.0609090909090909,8.58862958367218,0.053636363636363635,0.07163636363636364,7.288629583672185,10.488629583672171,True,3.392287909289338,9.38375245639732,1,True,0.06550200008498043,8.42342,0.054115
936,938,0.01590909090909091,9.569655383266998,0.014090909090909091,0.01818181818181818,8.169655383267003,10.869655383266993,False,21.15441982136764,27.14588436847561,1,False,4.23722908329273e-06,12.972,0.019863
937,939,0.13181818181818186,11.268270561343545,0.11545454545454545,0.14272727272727273,9.568270561343557,12.168270561343546,True,12.412598292211936,18.404062839319913,1,False,0.00042644710779149913,11.472,0.134072
938,940,0.1409090909090909,10.187101597138302,0.12636363636363634,0.15363636363636365,8.687101597138305,11.387101597138296,True,12.384621848950436,18.376086396058415,1,False,0.00043288429704809865,10.1892,0.141669
939,941,0.1390909090909091,10.057228294782435,0.12636363636363634,0.15181818181818182,8.757228294782442,11.257228294782431,True,15.477913844181002,21.469378391288977,1,False,8.347495383569952e-05,10.01,0.138906
940,942,0.02181818181818182,10.066814253742447,0.018636363636363642,0.026363636363636363,8.566814253742452,11.96681425374244,True,4.044365789675751,10.03583033678373,1,False,0.04431902853454287,11.8246,0.02264
941,943,0.028181818181818183,3.4358422579490395,0.025454545454545452,0.031818181818181815,2.3358422579490394,4.835842257949039,True,13.223037231063044,19.21450177817102,1,False,0.0002765291505052895,4.3895,0.028716
942,944,0.13363636363636364,8.52218464650907,0.11727272727272728,0.15,6.8221846465090765,10.122184646509064,True,1.5520199711262466,7.5434845182342265,1,True,0.2128374860255843,7.27116,0.119683
944,946,0.01818181818181818,6.012465165325247,0.015,0.022727272727272728,4.212465165325245,8.112465165325249,True,4.544054650742903,10.535519197850883,1,False,0.033033258006152484,7.72747,0.019616
945,947,0.3363636363636364,11.900147471890886,0.3,0.3818181818181817,10.900147471890891,12.900147471890884,True,0.34644585121112337,6.337910398319103,1,True,0.5561319758403342,12.6193,0.316421
946,948,1.054545454545455,10.414594489650037,0.7545454545454545,1.0818181818181818,7.514594489650034,10.514594489650033,False,5.257588282802124,11.249052829910102,1,False,0.021851278223980287,6.01061,0.513189
947,949,0.1190909090909091,8.972561375819057,0.10181818181818182,0.13363636363636364,7.072561375819066,10.472561375819053,True,8.287623575044636,14.279088122152615,1,False,0.0039916191727499975,9.32162,0.121532
948,950,0.03,5.956813441167537,0.026363636363636363,0.03818181818181818,4.356813441167535,7.956813441167537,False,8.065871818812022,14.05733636592,1,False,0.004510676653320334,8.06179,0.035255
950,952,0.015454545454545453,12.522458466106634,0.013636363636363636,0.017727272727272727,11.122458466106641,13.822458466106632,False,42.661653308467216,48.653117855575196,1,False,6.507558442341014e-11,16.4273,0.019422
951,953,0.34545454545454546,4.6000000000000005,0.3,0.3818181818181817,3.6,5.4,True,0.18955673782147334,6.181021284929452,1,True,0.6632857970546734,4.6518,0.330315
952,954,0.15363636363636365,9.374115954373243,0.13545454545454547,0.16818181818181818,7.6741159543732484,10.874115954373238,True,4.580161326158863,10.571625873266843,1,False,0.032344169576343784,8.76716,0.149394
953,955,0.7545454545454545,7.800000000000002,0.5363636363636364,0.7727272727272727,4.9,7.800000000000002,False,8.558244854259755,14.549709401367734,1,False,0.0034396087186693305,2.61601,0.339581
954,956,0.034545454545454546,4.0,0.029090909090909087,0.04,2.5,5.300000000000002,True,2.385234688582398,8.376699235690378,1,True,0.1224864963373346,3.44804,0.029854
955,957,0.06272727272727273,9.056231479395418,0.05545454545454545,0.06909090909090909,7.756231479395423,10.156231479395414,False,19.51519614959695,25.50666069670493,1,False,9.980256606646048e-06,10.7,0.066104
957,959,0.027272727272727268,8.187880569320647,0.024545454545454544,0.031818181818181815,6.9878805693206525,9.987880569320641,False,10.754783362582993,16.74624790969097,1,False,0.001040101415822238,11.2733,0.033316
958,960,0.015454545454545453,8.432363199393848,0.013181818181818182,0.018636363636363642,6.632363199393853,10.13236319939384,False,13.79336057954777,19.784825126655747,1,False,0.0002040560800619422,11.2586,0.018481
960,962,0.058181818181818175,6.225165264073321,0.05181818181818182,0.07036363636363636,5.225165264073325,8.425165264073312,True,8.515196717111657,14.506661264219638,1,False,0.003521928501720157,8.17351,0.065058
961,963,0.018636363636363642,11.632472232917664,0.01590909090909091,0.022727272727272728,10.032472232917673,13.532472232917659,False,16.737211617724395,22.728676164832372,1,False,4.293065077127809e-05,15.4366,0.023762
962,964,0.02181818181818182,6.634463358226293,0.01909090909090909,0.024545454545454544,5.334463358226292,7.834463358226294,False,12.511656603300082,18.503121150408067,1,False,0.0004044208523963628,8.12126,0.022778
963,965,0.05545454545454545,10.749302556222858,0.04727272727272727,0.06454545454545453,9.149302556222864,12.34930255622285,True,8.785286190939235,14.776750738047216,1,False,0.0030366991974885623,11.7136,0.053594
964,966,0.03636363636363636,3.797314811058975,0.030909090909090907,0.04272727272727273,2.2973148110589734,5.397314811058977,True,7.342413072446567,13.333877619554546,1,False,0.006734637571760231,4.84853,0.03815
965,967,0.3090909090909091,3.0,0.2909090909090909,0.34545454545454546,2.5,3.8,False,2.03350296288315,8.024967509991129,1,True,0.15386561314920025,2.39935,0.278352
966,968,0.16818181818181818,8.49591019813457,0.1572727272727273,0.1972727272727273,7.395910198134569,9.595910198134572,True,2.494763666887436,8.486228213995414,1,True,0.1142255217900138,7.41957,0.163457
967,969,0.049090909090909095,4.570027176120953,0.04454545454545455,0.056363636363636366,3.4700271761209533,5.9700271761209525,False,2.5805319692934034,8.571996516401382,1,True,0.10818529847065624,3.81709,0.043594
968,970,0.04181818181818182,6.612814897571161,0.03636363636363636,0.04818181818181819,5.212814897571167,8.412814897571154,False,6.85954292423257,12.851007471340546,1,False,0.008816909989617703,8.9103,0.047717
969,971,0.026363636363636363,6.517513717428881,0.022727272727272728,0.03272727272727273,4.917513717428879,8.617513717428881,True,3.98786675489209,9.979331302000071,1,False,0.04582905203386649,7.6259,0.026696
970,972,0.04636363636363637,3.2114796983727514,0.04,0.05454545454545455,1.511479698372752,5.111479698372751,True,5.769819862595225,11.761284409703205,1,False,0.016303705650876483,3.71031,0.046215
971,973,0.13181818181818186,10.30197691479468,0.1190909090909091,0.1409090909090909,9.001976914794685,11.301976914794677,False,31.712363694822603,37.70382824193057,1,False,1.7878043216613238e-08,11.9173,0.151616
973,975,0.10727272727272727,9.496219804565081,0.09636363636363636,0.12090909090909092,8.196219804565084,10.996219804565074,True,19.974549237930272,25.966013785038253,1,False,7.847982598072496e-06,10.3997,0.11028
974,976,0.011363636363636364,9.154953914659188,0.01,0.013181818181818182,7.954953914659192,10.75495391465918,False,35.228317191440354,41.219781738548335,1,False,2.9322869830138936e-09,13.5419,0.015496
975,977,0.4818181818181818,7.166667312220838,0.4090909090909091,0.6181818181818182,5.866667312220838,9.166667312220836,False,25.537418578442868,31.528883125550852,1,False,4.3388607566558216e-07,5.17978,0.347085
976,978,0.13181818181818186,10.0732511342099,0.12090909090909092,0.1409090909090909,8.773251134209906,10.873251134209898,True,18.283759246128493,24.27522379323647,1,False,1.903228557467734e-05,10.2248,0.134661
977,979,0.05909090909090909,4.197731819859102,0.052727272727272734,0.06727272727272728,2.9977318198590988,5.597731819859102,True,7.0340731359081134,13.025537683016093,1,False,0.00799732524615343,4.28258,0.05672
978,980,0.01,10.28802348874032,0.01,0.01090909090909091,9.888023488740323,11.188023488740315,False,10.007504315678997,15.998968862786976,1,False,0.0015590364603159852,11.4148,0.010601
979,981,0.012727272727272728,10.847048445138487,0.011363636363636364,0.014545454545454544,9.647048445138493,12.347048445138485,False,2.7898539764244568,8.781318523532438,1,True,0.0948628713922611,13.5841,0.014622
980,982,0.053636363636363635,7.927200003532415,0.04454545454545455,0.06636363636363636,5.827200003532424,10.327200003532408,True,2.638149202651708,8.629613749759686,1,True,0.1043250156879202,9.12432,0.054959
981,983,0.04181818181818182,11.860699580300722,0.03636363636363636,0.04818181818181819,10.460699580300727,13.560699580300716,False,13.789434115131376,19.780898662239352,1,False,0.000204482997401493,14.3187,0.045414
982,984,0.037272727272727284,6.1313769001761935,0.03,0.045454545454545456,4.331376900176192,8.231376900176196,True,2.0149260896495993,8.006390636757578,1,True,0.15575885485161572,6.68128,0.036195
983,985,0.01,12.764327506159391,0.01,0.012727272727272728,12.464327506159394,15.064327506159385,False,8.183833605680448,14.175298152788427,1,False,0.004226534534631349,15.9594,0.012165
984,986,0.1890909090909091,2.5,0.16636363636363638,0.2181818181818182,1.5,3.4000000000000004,False,1.016995150417896,7.008459697525876,1,True,0.3132328297911822,1.19389,0.179133
985,987,0.011363636363636364,6.793604829085876,0.01,0.014090909090909091,5.3936048290858745,9.193604829085876,False,5.0930159246637645,11.084480471771743,1,False,0.024022379706955272,9.60902,0.013867
986,988,0.10363636363636364,4.536812576700845,0.08818181818181818,0.11727272727272728,2.936812576700844,6.2368125767008475,True,3.7511116158772873,9.742576162985266,1,True,0.0527724043808897,3.85467,0.092133
987,989,0.4181818181818182,5.981465639009997,0.3727272727272728,0.4818181818181818,5.0814656390099975,7.181465639009996,False,3.4197222164366066,9.411186763544585,1,True,0.06442185249631625,5.62894,0.369686
988,990,0.2272727272727273,8.6850239845371,0.18363636363636365,0.2545454545454545,7.385023984537098,9.485023984537099,True,0.6352740560471093,6.626738603155088,1,True,0.4254273291915763,8.39963,0.1965
989,991,0.08454545454545455,7.5611728167133245,0.075,0.09727272727272727,6.261172816713325,8.861172816713326,False,4.031865700993071,10.02333024810105,1,False,0.04464853904560168,6.34476,0.070854
990,992,0.11363636363636365,8.326197727996789,0.1,0.12818181818181815,6.626197727996795,9.926197727996783,True,3.4818686994939894,9.473333246601966,1,True,0.062044638377112216,7.68253,0.102684
992,994,0.1863636363636364,12.409617509306214,0.16636363636363638,0.2090909090909091,11.50961750930622,12.909617509306214,True,5.1451417127006165,11.136606259808595,1,False,0.02331150763736976,12.6591,0.184342
993,995,0.01636363636363636,9.051414325493678,0.014545454545454544,0.01909090909090909,7.851414325493683,10.551414325493672,False,8.072525032381611,14.063989579489588,1,False,0.004494144766735846,11.4522,0.018598
994,996,0.1390909090909091,8.994473968170627,0.13,0.15181818181818182,8.09447396817063,10.094473968170622,True,22.859998256411963,28.851462803519944,1,False,1.7424057908933399e-06,9.1918,0.144854
995,997,0.012272727272727272,9.82914421235308,0.01,0.014545454545454544,7.829144212353087,11.729144212353075,False,10.287892766416887,16.27935731352487,1,False,0.0013390592406983214,13.5532,0.015807
996,998,0.2181818181818182,6.156377906527448,0.1809090909090909,0.2545454545454545,5.0563779065274455,7.156377906527448,False,0.4004884328571735,6.391952979965152,1,True,0.5268371175879494,4.9333,0.184505
998,1000,0.027272727272727268,9.669678774078749,0.02363636363636364,0.03272727272727273,8.169678774078752,11.46967877407874,True,2.2649102503992045,8.256374797507183,1,True,0.13233387837835306,10.6234,0.026377
999,1001,0.03272727272727273,6.528052640073899,0.028181818181818183,0.04,5.0280526400738985,8.4280526400739,True,0.20647964164316107,6.19794418875114,1,True,0.6495407293517803,6.17976,0.0284
1000,1002,0.1809090909090909,5.830096579487329,0.1590909090909091,0.2090909090909091,4.430096579487328,6.730096579487331,True,7.587494648865446,13.578959195973425,1,False,0.005877457342882589,5.86036,0.188343
1001,1003,0.15363636363636365,3.5462096283022584,0.13727272727272727,0.16818181818181818,1.8462096283022584,5.146209628302258,True,5.86796674991415,11.85943129702213,1,False,0.015418850489316419,3.3255,0.162528
1002,1004,0.9272727272727272,7.0,0.4818181818181818,1.1909090909090907,1.6,8.700000000000001,True,0.8335576925200912,6.825022239628071,1,True,0.3612457984117712,4.00556,0.57046
1003,1005,0.04818181818181819,8.735661140670278,0.04272727272727273,0.057272727272727274,7.335661140670282,10.53566114067027,True,3.491013281841852,9.48247782894983,1,True,0.06170280660358252,9.20733,0.045699
1004,1006,0.025454545454545452,9.100984419233676,0.02090909090909091,0.028181818181818183,7.100984419233682,10.200984419233672,False,11.432249154381488,17.42371370148947,1,False,0.000721802583129808,11.5073,0.028573
1005,1007,0.04818181818181819,3.8489618005637767,0.040909090909090916,0.0609090909090909,1.7489618005637748,6.348961800563779,True,3.2855905590248216,9.277055106132801,1,True,0.06989048096147009,4.86996,0.050429
1006,1008,0.1,8.675750383415492,0.07818181818181819,0.11545454545454545,6.175750383415501,10.475750383415487,True,9.028354911918214,15.019819459026193,1,False,0.002658236006587523,9.21532,0.096735
1007,1009,0.053636363636363635,4.301738059683888,0.04727272727272727,0.06181818181818183,2.9017380596838867,5.801738059683889,True,4.927291756665244,10.918756303773222,1,False,0.02643571678732604,4.80703,0.053959
1008,1010,0.025454545454545452,7.352584197953488,0.02181818181818182,0.029090909090909087,5.852584197953492,8.952584197953481,False,9.917919563833415,15.909384110941394,1,False,0.0016367729016320794,10.1974,0.029947
1009,1011,0.010454545454545454,8.891368752614808,0.01,0.013181818181818182,8.191368752614808,11.191368752614796,False,8.245488454113882,14.23695300122186,1,False,0.004085341378390625,11.8551,0.012871
1010,1012,0.04363636363636364,2.8073701043044244,0.03545454545454545,0.052727272727272734,0.7073701043044252,4.907370104304424,True,4.431631066484137,10.423095613592114,1,False,0.035278779168213835,3.84508,0.046332
1011,1013,0.015,8.610256676322889,0.013181818181818182,0.01818181818181818,7.110256676322894,10.310256676322883,False,3.100013200285612,9.09147774739359,1,True,0.07829165932114185,10.3363,0.016171
1012,1014,0.049090909090909095,3.9725411709471437,0.04,0.06363636363636364,1.572541170947142,6.7725411709471475,True,3.2898183158986223,9.281282863006602,1,True,0.0697107355175072,4.68253,0.049725
1013,1015,0.7818181818181819,8.200000000000001,0.5545454545454546,0.9272727272727272,5.4,9.4,False,7.5660356656355185,13.557500212743497,1,False,0.0059478466006425475,4.51548,0.437462
1014,1016,0.5545454545454546,2.5,0.3909090909090909,0.9636363636363636,0.0,6.4,True,0.2075912959473451,6.199055843055325,1,True,0.6486619077718887,1.48688,0.477896
1015,1017,0.1090909090909091,4.15528212725708,0.0981818181818182,0.12272727272727273,2.755282127257079,5.7552821272570815,True,6.4949175525600555,12.486382099668036,1,False,0.0108183313038459,3.79602,0.10513
1016,1018,0.02,11.395102937723674,0.015,0.026363636363636363,8.495102937723686,14.095102937723668,True,1.7656447688721677,7.757109315980147,1,True,0.1839219928914372,13.0846,0.020385
1018,1020,0.04636363636363637,4.6000000000000005,0.039090909090909086,0.05545454545454545,2.6,6.6000000000000005,False,0.6051791739400268,6.596643721048006,1,True,0.4366087318357218,2.26471,0.03445
1020,1022,0.019545454545454543,8.528206752524122,0.015454545454545453,0.024545454545454544,6.328206752524131,10.828206752524114,False,8.06711071043922,14.058575257547199,1,False,0.004507593573728548,11.3123,0.022936
1021,1023,0.15363636363636365,9.345436794432176,0.14272727272727273,0.16818181818181818,8.24543679443218,10.745436794432173,True,7.209809632605878,13.201274179713854,1,False,0.007250618439192696,9.2482,0.156466
1022,1024,0.04272727272727273,3.6570868722566128,0.03636363636363636,0.049090909090909095,2.057086872256613,5.3570868722566125,True,3.5707050504247824,9.562169597532762,1,True,0.058807337568035536,3.96953,0.041821
1023,1025,0.052727272727272734,7.672453662392835,0.04636363636363637,0.06181818181818183,6.272453662392841,9.272453662392829,True,11.503608593544051,17.495073140652035,1,False,0.0006946120662529553,8.96079,0.054636
1024,1026,0.025454545454545452,3.8,0.022727272727272728,0.028181818181818183,2.5,5.0,True,2.3069967434056835,8.298461290513663,1,True,0.12879268015300638,4.3775,0.025388
1025,1027,0.04363636363636364,4.448557832258634,0.037272727272727284,0.05,2.7485578322586317,6.048557832258634,True,2.1755718070738586,8.167036354181837,1,True,0.14021739127486732,4.70607,0.042621
1026,1028,0.014545454545454544,9.440880273595802,0.012727272727272728,0.017727272727272727,7.940880273595807,11.140880273595798,False,6.150973193318487,12.142437740426464,1,False,0.013133980868076432,11.6355,0.016453
1027,1029,0.012727272727272728,5.019839296440568,0.01090909090909091,0.014545454545454544,3.519839296440568,6.51983929644057,False,6.9796075693004385,12.971072116408417,1,False,0.008244368501154965,7.64702,0.015492
1028,1030,0.10272727272727274,9.721875211073677,0.08727272727272728,0.11363636363636365,8.121875211073682,11.121875211073673,True,7.427015149386399,13.418479696494376,1,False,0.006425183014504928,9.2611,0.087514
1029,1031,0.10636363636363637,3.2,0.09272727272727273,0.12090909090909092,1.8,4.9,False,0.21924123476664992,6.210705781874629,1,True,0.6396186685157192,0.571481,0.080213
1030,1032,0.02,12.70395069327112,0.01636363636363636,0.025454545454545452,10.703950693271127,15.103950693271113,True,2.054694024260429,8.046158571368409,1,True,0.15173773381966535,14.3181,0.019775
1031,1033,0.2272727272727273,3.5,0.17545454545454547,0.2727272727272727,1.9,4.800000000000002,True,0.8189945842667425,6.8104591313747225,1,True,0.3654742898171229,2.76585,0.197802
1032,1034,0.13,7.679571274268402,0.11181818181818183,0.1481818181818182,5.5795712742684005,9.279571274268402,False,0.3879096133821942,6.3793741604901735,1,True,0.5334002492450277,5.81235,0.110385
1033,1035,0.2727272727272727,19.31774154674668,0.2272727272727273,0.3272727272727273,18.017741546746663,20.817741546746703,False,6.463079598119186,12.454544145227166,1,False,0.011013860198296236,23.4578,0.364982
1034,1036,0.012727272727272728,10.97101114025322,0.011363636363636364,0.015,9.771011140253224,12.871011140253213,False,17.35171701384691,23.34318156095489,1,False,3.106175121914497e-05,15.8405,0.018322
1036,1038,0.3181818181818182,4.0,0.2545454545454545,0.3909090909090909,2.1,5.800000000000002,True,0.34112287469182623,6.332587421799805,1,True,0.5591817933854127,3.29329,0.281266
1037,1039,1.009090909090909,15.183800908675627,0.7181818181818181,1.4,12.583800908675634,17.683800908675618,False,0.2197032430666682,6.211167790174647,1,True,0.6392661253294611,18.2038,1.12232
1038,1040,0.01090909090909091,9.312296375426493,0.01,0.01590909090909091,8.012296375426496,13.312296375426474,True,2.902423435135299,8.893887982243276,1,True,0.08844648823832893,12.7885,0.013853
1039,1041,0.06272727272727273,9.814821984094394,0.06,0.07336363636363635,9.514821984094397,11.714821984094385,False,18.500042663580366,24.491507210688354,1,False,1.6990049624559306e-05,12.7344,0.072825
1041,1043,1.1909090909090907,12.462213843711616,1.0727272727272728,1.2272727272727273,11.762213843711615,12.462213843711616,False,39.13753208617153,45.128996633279506,1,False,3.949775361650526e-10,8.22863,0.547088
1042,1044,0.026363636363636363,5.154229814355348,0.022727272727272728,0.029090909090909087,3.6542298143553484,6.3542298143553495,True,3.4706045575264883,9.462069104634468,1,True,0.062468475867633724,5.69512,0.025659
1043,1045,0.2090909090909091,3.3000000000000003,0.17,0.2363636363636364,2.1,4.1000000000000005,True,9.388658146275716,15.380122693383695,1,False,0.00218331951866371,3.68005,0.221213
1045,1047,0.04636363636363637,14.038998550012288,0.04,0.06272727272727273,12.738998550012296,17.43899855001228,True,3.7418339948636032,9.733298541971582,1,True,0.05306616924387185,16.9745,0.051643
1046,1048,0.02,3.526081018399984,0.01818181818181818,0.024545454545454544,2.526081018399983,5.626081018399986,False,18.197821085896532,24.189285633004516,1,False,1.9910649339309533e-05,6.44436,0.025064
1047,1049,0.12090909090909092,7.284848139458821,0.10181818181818182,0.13363636363636364,5.084848139458819,8.58484813945882,True,6.224096848122874,12.215561395230852,1,False,0.012602317343374513,6.18093,0.108017
1048,1050,0.08545454545454545,11.464042823261005,0.07090909090909091,0.10727272727272727,9.264042823261011,13.864042823260993,True,2.3045688699691054,8.296033417077084,1,True,0.1289940676950019,10.9121,0.07236
1050,1052,0.01909090909090909,24.63087449850853,0.018636363636363642,0.02363636363636364,24.63087449850853,26.73087449850856,False,32.163345908547484,38.15481045565547,1,False,1.417397021684333e-08,31.4355,0.028947
1051,1053,0.07636363636363636,26.110715036659442,0.07363636363636364,0.08545454545454545,26.110715036659442,27.410715036659454,False,22.724234042309398,28.715698589417382,1,False,1.869946577956081e-06,31.5515,0.105439
1052,1054,0.03,5.685825722106925,0.026363636363636363,0.034545454545454546,4.085825722106923,6.885825722106925,True,10.67401446928135,16.665479016389327,1,False,0.0010865105985834868,5.93153,0.028467
1053,1055,0.017727272727272727,3.0560814416939737,0.015454545454545453,0.02090909090909091,1.7560814416939745,4.8560814416939735,False,7.576674725311098,13.568139272419078,1,False,0.005912841745603742,5.02134,0.020328
1054,1056,1.1454545454545455,11.327541530835823,0.6545454545454545,1.2181818181818185,6.627541530835821,11.527541530835824,False,2.2160906916119414,8.20755523871992,1,True,0.13657850751920472,7.24133,0.578587
1055,1057,0.025454545454545452,9.847081742554712,0.01909090909090909,0.03363636363636364,7.147081742554723,12.747081742554704,True,3.4911531784634544,9.482617725571432,1,True,0.061697592758776135,11.6209,0.026402
1056,1058,0.09,19.315668358202245,0.07909090909090909,0.10454545454545457,17.915668358202247,20.715668358202237,False,5.058795925045129,11.050260472153111,1,False,0.02450125487647192,19.3656,0.07491
1057,1059,0.026363636363636363,16.862504352990126,0.025454545454545452,0.03272727272727273,16.262504352990113,19.16250435299016,False,18.81667456699941,24.80813911410739,1,False,1.4390351723599442e-05,21.9418,0.034782
1059,1061,0.3272727272727273,3.9,0.2727272727272727,0.3818181818181817,2.4000000000000004,5.2,False,9.260484983279266,15.251949530387245,1,False,0.002341510076665586,2.35219,0.260428
1060,1062,0.1090909090909091,11.058654508686047,0.09727272727272727,0.1190909090909091,9.758654508686053,12.158654508686045,True,22.974709180777268,28.966173727885252,1,False,1.6414671291036103e-06,11.8802,0.110496
1061,1063,0.05090909090909091,10.932694225657823,0.04818181818181819,0.05909090909090909,10.532694225657826,12.432694225657821,False,18.78685972607513,24.778324273183106,1,False,1.4617074864728014e-05,14.0568,0.061322
1062,1064,0.013636363636363636,3.7452331223512583,0.012272727272727272,0.015454545454545453,2.4452331223512593,5.0452331223512585,False,8.769645494523523,14.761110041631504,1,False,0.003062849727167113,5.69065,0.015809
1063,1065,0.02,12.063189069563432,0.017272727272727273,0.02363636363636364,10.563189069563435,13.663189069563426,False,19.305036469266135,25.29650101637412,1,False,1.1141208322147844e-05,15.0977,0.023013
1064,1066,0.01909090909090909,12.785989369946087,0.01681818181818182,0.022727272727272728,11.485989369946088,14.485989369946079,False,18.079134850440322,24.0705993975483,1,False,2.1191094210567598e-05,15.781,0.021697
1065,1067,0.09090909090909093,15.672648825725613,0.07818181818181819,0.10545454545454544,13.972648825725619,17.072648825725608,False,11.00464202545728,16.99610657256526,1,False,0.0009088398374393188,17.1921,0.089889
1066,1068,0.026363636363636363,8.449859177800972,0.02363636363636364,0.03,7.249859177800976,9.949859177800967,False,13.681135145728517,19.67259969283649,1,False,0.00021661962494082235,10.218,0.027672
1067,1069,0.05181818181818182,3.5035029806929363,0.04636363636363637,0.06,2.203502980692936,5.003502980692934,True,8.038572913841492,14.030037460949474,1,False,0.00457915983151323,3.51873,0.04941
1068,1070,0.026363636363636363,4.114924580507887,0.022727272727272728,0.029090909090909087,2.614924580507888,5.214924580507887,True,10.057116968103395,16.048581515211374,1,False,0.001517605296110875,4.88145,0.026555
1069,1071,0.034545454545454546,5.083358399360769,0.029090909090909087,0.039090909090909086,3.583358399360767,6.38335839936077,True,4.95694832066773,10.948412867775707,1,False,0.02598602743946035,6.22732,0.036344
1070,1072,0.12818181818181815,7.130921456473224,0.11181818181818183,0.14636363636363636,5.330921456473222,8.730921456473226,True,4.093466698307053,10.084931245415033,1,False,0.043049260097368425,6.56038,0.125241
1071,1073,0.2636363636363636,5.562384312172592,0.2272727272727273,0.2909090909090909,4.562384312172592,6.4623843121725955,True,3.9939557615520576,9.985420308660037,1,False,0.045663739647876816,5.86702,0.257914
1072,1074,0.06636363636363636,9.298724551994582,0.057272727272727274,0.075,7.698724551994588,10.798724551994576,False,2.264071282915546,8.255535830023526,1,True,0.13240556564200234,8.57769,0.056023
1073,1075,0.04636363636363637,12.78740731322984,0.04,0.058181818181818175,11.287407313229844,15.287407313229833,False,6.528006192836133,12.519470739944111,1,False,0.010618892077715238,15.3816,0.050632
1074,1076,0.2090909090909091,3.8,0.1809090909090909,0.2363636363636364,3.0,4.6000000000000005,True,5.131221498735882,11.122686045843858,1,False,0.023499184445991,3.40998,0.195456
1075,1077,0.07127272727272728,6.875868741079973,0.056363636363636366,0.08909090909090908,3.9758687410799696,9.575868741079974,True,0.23472844704110635,6.226192994149085,1,True,0.6280397068735868,5.49721,0.05894
1076,1078,0.09454545454545454,9.292140716449788,0.08,0.10818181818181817,7.592140716449793,10.792140716449783,False,2.9992284915958303,8.990693038703807,1,True,0.08330417733580918,8.14225,0.077226
1077,1079,0.07636363636363636,6.996625477412751,0.06727272727272728,0.08545454545454545,5.596625477412751,8.296625477412753,False,2.4410610462486964,8.432525593356676,1,True,0.11819625187674285,5.66244,0.063372
1078,1080,0.022727272727272728,20.475038561721252,0.02181818181818182,0.031818181818181815,20.475038561721252,24.0750385617213,False,8.97550681600833,14.96697136311631,1,False,0.002736226745157221,26.4947,0.032931
1079,1081,0.3272727272727273,9.154148948273448,0.2909090909090909,0.3727272727272728,8.254148948273453,10.254148948273443,True,0.20121650535855384,6.192681052466532,1,True,0.6537407046077737,9.88675,0.317527
1080,1082,0.16272727272727272,6.4579478384032125,0.13545454545454547,0.2090909090909091,3.85794783840321,8.457947838403214,True,0.6197471782833509,6.611211725391329,1,True,0.43114125159260985,5.29032,0.159149
1081,1083,0.014545454545454544,10.352731342154874,0.012272727272727272,0.01681818181818182,8.352731342154879,11.752731342154867,False,14.45686956628047,20.44833411338845,1,False,0.00014340585731271644,12.8316,0.016564
1082,1084,0.1590909090909091,9.546513780165146,0.14636363636363636,0.17545454545454547,8.24651378016515,10.846513780165141,True,9.366888388283288,15.358352935391268,1,False,0.002209402599415191,9.67572,0.165428
1083,1085,0.3090909090909091,4.5,0.2727272727272727,0.3727272727272728,3.4000000000000004,6.1000000000000005,True,0.7751962554636096,6.766660802571589,1,True,0.37861433388083054,4.02493,0.275265
1084,1086,0.015454545454545453,15.399987592119984,0.013636363636363636,0.01909090909090909,13.999987592119991,17.49998759211998,False,11.425490430975904,17.416954978083886,1,False,0.000724433007393829,18.9693,0.018429
1085,1087,0.15,16.583379130640054,0.12818181818181815,0.16636363636363638,14.383379130640064,18.38337913064005,True,5.424067674163863,11.41553222127184,1,False,0.019861037067787697,17.5467,0.154194
1086,1088,0.04727272727272727,4.503127417058735,0.040909090909090916,0.05545454545454545,2.9031274170587342,6.303127417058738,True,8.216390561274624,14.207855108382606,1,False,0.004151369056762303,5.25203,0.047828
1087,1089,0.027272727272727268,8.716958318413651,0.024545454545454544,0.031818181818181815,7.516958318413656,10.216958318413646,False,11.484591816415875,17.47605636352385,1,False,0.0007017553730688575,10.8214,0.029569
1089,1091,0.14454545454545453,6.7545039914460805,0.13,0.15545454545454546,5.454503991446085,7.854503991446077,False,8.346973570649434,14.338438117757413,1,False,0.003863302930887174,7.57273,0.16194
1090,1092,0.04818181818181819,12.139765779510007,0.04181818181818182,0.05909090909090909,10.43976577951001,14.339765779509994,False,13.350293197282983,19.341757744390964,1,False,0.00025838222486075733,14.4554,0.051704
1091,1093,0.030909090909090907,4.653131273337177,0.028181818181818183,0.03818181818181818,3.5531312733371765,6.553131273337178,True,9.514329157415672,15.505793704523649,1,False,0.0020387362149165327,5.84142,0.031973
