index,file_lineno,best_mass,best_AV,mass_min,mass_max,AV_min,AV_max,intersects,min_chi2,chi2_threshold,dof_gof,passes_gof,p_value
0,2,0.049090909090909095,8.069573545849686,0.04454545454545455,0.06636363636363636,7.069573545849689,11.269573545849674,True,7.574645631915105,13.566110179023084,1,False,0.00591950165282233
1,3,0.16272727272727272,9.134297856418137,0.14454545454545453,0.1890909090909091,7.434297856418143,10.634297856418131,True,9.967204966534366,15.958669513642345,1,False,0.0015935321948194504
2,4,0.02,3.4000000000000004,0.017727272727272727,0.022727272727272728,2.1,4.6000000000000005,True,12.276296704409518,18.2677612515175,1,False,0.0004587477940815147
3,5,0.11,8.548434149819773,0.09727272727272727,0.12090909090909091,7.048434149819778,9.748434149819769,False,2.1289518996287917,8.12041644673677,1,True,0.1445395581700857
4,6,0.13727272727272727,6.06844221276209,0.11545454545454546,0.1590909090909091,3.8684422127620874,8.168442212762091,True,5.450548741383837,11.442013288491816,1,False,0.019562181219040384
5,7,0.23636363636363636,16.433394720840862,0.18636363636363637,0.2727272727272727,14.933394720840868,17.53339472084086,True,0.40752957652523103,6.39899412363321,1,True,0.5232260653962628
6,8,0.3181818181818182,22.19888933750424,0.2909090909090909,0.36363636363636365,21.49888933750423,23.298889337504257,False,2.3276075132545664,8.319072060362545,1,True,0.12709708627546373
8,10,0.06545454545454546,14.756738670296881,0.05545454545454545,0.07363636363636364,12.956738670296888,16.156738670296875,False,1.0074737984042281,6.998938345512207,1,True,0.3155088002634095
9,11,0.7090909090909091,9.349554810270437,0.5545454545454546,0.8545454545454546,7.249554810270438,10.749554810270439,False,10.132631220067562,16.12409576717554,1,False,0.0014566731960015586
11,13,0.34545454545454546,6.445688058487169,0.3,0.38181818181818183,5.4456880584871685,7.24568805848717,True,0.17989371658892356,6.171358263696902,1,True,0.6714645947279414
12,14,0.08636363636363636,20.182900444656237,0.072,0.1090909090909091,17.982900444656206,22.682900444656273,False,0.5931015188611715,6.584566065969151,1,True,0.4412222805441518
13,15,0.017727272727272727,15.913710996406063,0.014545454545454545,0.02090909090909091,14.01371099640607,17.713710996406057,False,3.3541598153054997,9.345624362413478,1,True,0.06703541094416388
14,16,0.16272727272727272,8.112274899389956,0.14454545454545453,0.19454545454545455,6.512274899389961,9.61227489938995,True,4.181846141223483,10.173310688331462,1,False,0.04085916967946392
15,17,0.18636363636363637,9.91187779707408,0.16818181818181818,0.2090909090909091,9.111877797074083,10.711877797074077,True,8.961612036462027,14.953076583570006,1,False,0.0027571150668594816
16,18,0.33636363636363636,8.760945123749789,0.2909090909090909,0.37272727272727274,7.560945123749793,9.660945123749785,False,3.0404603844092426,9.03192493151722,1,True,0.08121288146926955
17,19,0.2818181818181818,16.942844907222273,0.2545454545454545,0.3181818181818182,16.242844907222278,17.94284490722227,False,0.04631259019027831,6.037777137298257,1,True,0.8296085829553395
18,20,0.08818181818181818,12.735051990865971,0.07863636363636364,0.10272727272727274,11.435051990865976,14.135051990865966,False,26.862080319752746,32.85354486686072,1,False,2.1850424766841414e-07
20,22,1.4,20.585436093035778,1.1818181818181819,1.4,19.285436093035784,20.785436093035777,False,1.726515433853564,7.717979980961543,1,True,0.18885652127959576
21,23,0.4090909090909091,7.956557534344821,0.36363636363636365,0.4636363636363636,6.95655753434482,8.956557534344821,True,0.32779203460400586,6.319256581711985,1,True,0.5669621196091816
22,24,0.013181818181818182,5.79037681985184,0.011818181818181818,0.014545454545454545,4.490376819851838,6.99037681985184,False,7.015293853073443,13.006758400181422,1,False,0.008081636819788808
23,25,1.3636363636363635,18.59846762018552,1.1272727272727274,1.4,17.098467620185524,18.89846762018552,False,1.7862800520814277,7.777744599189407,1,True,0.18138005927036738
24,26,0.34545454545454546,10.530511849596058,0.3,0.4,9.530511849596062,11.730511849596054,True,0.5297358218066287,6.521200368914608,1,True,0.46671794664568633
25,27,0.4636363636363636,7.3448556558679,0.38181818181818183,0.5909090909090908,5.644855655867899,9.444855655867903,True,4.058415736878277,10.049880283986255,1,False,0.04395171590428126
26,28,0.17545454545454547,15.813434668247721,0.16636363636363638,0.2,15.213434668247723,16.713434668247718,False,0.28503599793434253,6.276500545042322,1,True,0.5934192831776652
27,29,0.12636363636363637,10.343319700229928,0.1190909090909091,0.13727272727272727,9.543319700229931,11.443319700229925,False,1.2518457488665682,7.243310295974547,1,True,0.263200241860993
28,30,0.01,10.77060759697435,0.01,0.010454545454545454,10.470607596974352,11.270607596974349,False,13.154124319518553,19.145588866626532,1,False,0.00028688707683719345
29,31,0.33636363636363636,20.539601043008265,0.3,0.38181818181818183,19.639601043008252,21.63960104300828,False,0.3840070786728671,6.375471625780846,1,True,0.5354664791620236
30,32,0.35454545454545455,5.8813242461160335,0.2636363636363636,0.4909090909090909,3.581324246116034,8.381324246116034,True,0.5261471963286513,6.51761174343663,1,True,0.46823117740714915
32,34,0.02,14.677076205899837,0.016363636363636365,0.024545454545454544,12.677076205899844,16.67707620589983,True,2.945886279814562,8.937350826922541,1,True,0.08609645903544033
33,35,0.8363636363636364,7.7,0.4363636363636364,0.9181818181818182,2.3000000000000003,7.800000000000001,False,2.6899120357596122,8.68137658286759,1,True,0.10098538883346182
34,36,0.017272727272727273,9.38881013810971,0.012272727272727272,0.025454545454545455,5.888810138109722,13.188810138109696,True,0.3709792681590903,6.36244381526707,1,True,0.5424709664121765
35,37,0.010454545454545454,5.712900709140975,0.01,0.011818181818181818,5.212900709140975,6.812900709140976,False,8.674998497626158,14.666463044734137,1,False,0.0032260512118671425
36,38,0.11727272727272728,12.244857115448,0.1090909090909091,0.12636363636363637,11.144857115448003,13.344857115447995,True,13.210336532594294,19.20180107970227,1,False,0.00027840937684545965
37,39,0.16272727272727272,21.58272200704399,0.15363636363636363,0.1809090909090909,20.582722007043976,22.682722007044006,False,3.366465867264408,9.357930414372387,1,True,0.06653634542273706
40,42,0.02181818181818182,9.69427253398631,0.01818181818181818,0.026363636363636363,7.894272533986316,11.594272533986302,False,17.083270384803082,23.07473493191106,1,False,3.577606970887548e-05
41,43,0.08545454545454545,7.149252374070983,0.07472727272727273,0.11,5.849252374070987,9.949252374070973,True,5.615369920221975,11.606834467329953,1,False,0.017803622618846743
42,44,0.12272727272727273,4.506278088782327,0.11363636363636363,0.13363636363636364,3.4062780887823276,5.606278088782327,False,9.990402645363451,15.98186719247143,1,False,0.0015735819313068631
43,45,0.12090909090909091,6.249683115474035,0.10363636363636364,0.14272727272727273,4.249683115474042,8.549683115474027,True,9.21625308941522,15.2077176365232,1,False,0.002398759705874643
44,46,0.013636363636363636,6.589936843684438,0.012272727272727272,0.015,5.389936843684442,7.889936843684433,False,19.80244415008435,25.79390869719233,1,False,8.58727985152504e-06
45,47,0.10818181818181818,15.487249042746727,0.09818181818181819,0.12272727272727273,14.287249042746732,17.18724904274672,False,2.4688731262918124,8.460337673399792,1,True,0.11612114981441488
46,48,0.15545454545454546,7.780822548705161,0.1409090909090909,0.16454545454545455,6.480822548705159,8.680822548705162,False,0.23635098213388311,6.227815529241862,1,True,0.6268541400160206
47,49,0.025454545454545455,8.388388323554327,0.02090909090909091,0.028181818181818183,6.488388323554334,9.488388323554323,True,3.8112069107869755,9.802671457894954,1,True,0.05091075385449609
48,50,0.16272727272727272,9.123999523812813,0.14636363636363636,0.1972727272727273,7.423999523812819,11.023999523812806,False,12.575400123944775,18.566864671052755,1,False,0.00039085755323064195
49,51,0.03727272727272728,9.320084731157312,0.03272727272727273,0.04272727272727273,8.120084731157316,10.720084731157307,False,16.71997082905721,22.71143537616519,1,False,4.3322547465871996e-05
50,52,0.15545454545454546,7.5315837963053,0.14272727272727273,0.16636363636363638,6.331583796305299,8.731583796305301,True,2.301589877350392,8.293054424458372,1,True,0.1292416489762345
51,53,0.36363636363636365,5.756465574507129,0.2818181818181818,0.4636363636363636,3.5564655745071274,7.756465574507131,True,0.23413697509333647,6.225601522201315,1,True,0.6284731466840153
52,54,0.11727272727272728,7.874234793990544,0.10727272727272727,0.13,6.5742347939905486,9.374234793990539,True,10.935759756136386,16.927224303244365,1,False,0.0009432579680901121
53,55,0.09,5.459738104670771,0.07681818181818181,0.1090909090909091,3.75973810467077,7.259738104670773,True,3.8359958686565014,9.827460415764481,1,True,0.05016318303320901
54,56,0.07590909090909091,4.6979365811712155,0.06818181818181819,0.08454545454545455,3.3979365811712143,5.8979365811712166,True,10.798430368271815,16.789894915379794,1,False,0.0010158619249438724
55,57,0.5727272727272728,11.815560870184234,0.4909090909090909,0.6636363636363636,10.715560870184238,12.91556087018423,True,3.857609431637048,9.849073978745027,1,False,0.04952083923262601
56,58,0.04363636363636364,11.185202737419406,0.04090909090909091,0.049090909090909095,10.585202737419408,12.6852027374194,False,18.666477112153544,24.657941659261525,1,False,1.556959094397246e-05
57,59,0.04363636363636364,1.8,0.03636363636363636,0.05545454545454545,0.0,4.4,True,0.5831773008039978,6.574641847911977,1,True,0.44506960841103915
58,60,1.3363636363636364,15.045856975580058,1.1090909090909091,1.3727272727272726,13.545856975580064,15.045856975580058,False,31.60590766214787,37.59737220925585,1,False,1.88854190132256e-08
59,61,0.19181818181818183,9.692257886064898,0.1590909090909091,0.23636363636363636,7.992257886064904,10.892257886064893,True,0.26038886025814134,6.25185340736612,1,True,0.6098531284214261
61,63,1.1363636363636365,11.977359492890876,1.009090909090909,1.1636363636363636,10.977359492890873,11.977359492890876,False,21.117836011892305,27.109300559000282,1,False,4.318895045776007e-06
62,64,0.022727272727272728,5.48076370233128,0.019545454545454546,0.026363636363636363,4.080763702331279,6.980763702331281,True,4.099393999616904,10.090858546724883,1,False,0.042898586901480774
63,65,0.2818181818181818,3.8000000000000003,0.24545454545454545,0.35454545454545455,2.7,5.5,True,0.6009404066666855,6.592404953774665,1,True,0.43821944313002703
64,66,0.3181818181818182,8.354637083915943,0.2818181818181818,0.35454545454545455,7.2546370839159415,9.254637083915943,True,0.48799973074058584,6.479464277848565,1,True,0.48482093807650695
65,67,0.13,9.504013022436709,0.11727272727272728,0.14454545454545453,8.004013022436714,10.804013022436704,False,1.5562795532752411,7.54774410038322,1,True,0.21221079772401746
66,68,0.01,11.382716584119631,0.01,0.011363636363636364,11.182716584119632,12.482716584119627,False,13.373569506888767,19.365034053996744,1,False,0.0002551951966693937
67,69,0.013636363636363636,15.219948703064153,0.011818181818181818,0.016363636363636365,13.619948703064159,17.319948703064146,False,7.466379195809032,13.45784374291701,1,False,0.006286185357045899
69,71,0.01,18.81819784104171,0.01,0.011363636363636364,18.41819784104171,20.118197841041702,False,22.450799007458066,28.442263554566047,1,False,2.155957885762569e-06
70,72,0.16636363636363638,10.199352956854048,0.15545454545454546,0.19181818181818183,9.099352956854052,11.299352956854044,True,7.669850370690025,13.661314917798004,1,False,0.0056151113235083
71,73,0.11363636363636363,6.75656210570198,0.10454545454545455,0.12636363636363637,5.756562105701979,8.156562105701981,True,5.713231277300648,11.704695824408628,1,False,0.01683751928989834
72,74,0.2818181818181818,5.42187248153341,0.24545454545454545,0.32727272727272727,4.421872481533409,6.621872481533411,True,1.7680993781114318,7.75956392521941,1,True,0.18361747096705583
73,75,0.01,10.213445119999916,0.01,0.012727272727272728,9.613445119999918,12.713445119999907,False,12.524627149304727,18.51609169641271,1,False,0.0004016230353202584
74,76,0.06363636363636364,10.379031359816269,0.05454545454545455,0.07390909090909091,8.679031359816275,12.179031359816262,True,8.581906533316626,14.573371080424605,1,False,0.0033951969333320697
75,77,0.13363636363636364,4.671110098901591,0.11545454545454546,0.15,2.8711100989015907,6.27111009890159,False,0.684040906553184,6.675505453661163,1,True,0.40819871576375577
77,79,0.03,5.023233767277038,0.02727272727272727,0.034545454545454546,3.923233767277037,6.223233767277039,True,4.059785892842377,10.051250439950355,1,False,0.04391606729237418
78,80,0.060909090909090906,6.5074154906423995,0.05272727272727273,0.06909090909090909,5.007415490642405,8.007415490642394,True,7.443795994256746,13.435260541364725,1,False,0.006365548809003899
79,81,0.2090909090909091,8.836425618523332,0.17545454545454547,0.2545454545454545,7.736425618523331,10.136425618523333,False,1.6302463436586052,7.621710890766584,1,True,0.201668979151588
80,82,0.8090909090909091,16.196905009560947,0.6454545454545454,1.0272727272727273,14.496905009560953,17.99690500956094,True,6.611944353784532,12.60340890089251,1,False,0.010129699977125655
81,83,0.013636363636363636,8.188421768338962,0.011818181818181818,0.015454545454545453,6.788421768338967,9.688421768338957,False,27.7327123960465,33.72417694315448,1,False,1.392873518407111e-07
82,84,0.2909090909090909,6.0285372441269125,0.2636363636363636,0.3181818181818182,5.128537244126912,6.728537244126912,False,1.7982804125534066,7.789744959661386,1,True,0.17992052371356929
83,85,0.01863636363636364,13.905824692681184,0.015909090909090907,0.02181818181818182,12.40582469268119,15.405824692681179,False,13.040007987379271,19.03147253448725,1,False,0.00030490679595530495
84,86,0.1190909090909091,13.581072547322005,0.10636363636363637,0.13181818181818183,12.08107254732201,14.881072547322,False,1.022127345582799,7.013591892690778,1,True,0.31201492776304984
85,87,0.04090909090909091,9.327851853168076,0.038181818181818185,0.057272727272727274,8.827851853168077,13.127851853168062,True,5.491340636865414,11.482805183973394,1,False,0.019110883353656124
87,89,0.01,5.626471212623708,0.01,0.011363636363636364,5.526471212623708,6.726471212623709,False,20.302747301517655,26.294211848625636,1,False,6.610559640901068e-06
88,90,0.10545454545454545,10.066185451309003,0.08545454545454545,0.12818181818181817,7.866185451309011,12.666185451308994,True,7.979942881362199,13.971407428470178,1,False,0.004729843424815702
89,91,0.16636363636363638,9.6131675257361,0.15363636363636363,0.1890909090909091,8.313167525736105,10.613167525736097,True,7.259190353590384,13.250654900698363,1,False,0.007053908532600789
90,92,0.13181818181818183,8.323923855824425,0.11545454545454546,0.1481818181818182,6.423923855824432,9.82392385582442,True,3.0667598408537584,9.058224387961737,1,True,0.07990859430588323
92,94,0.016363636363636365,13.507368039494233,0.012727272727272728,0.022727272727272728,10.807368039494243,16.607368039494222,True,0.4814472528597292,6.472911799967708,1,True,0.48776750088071086
93,95,0.5,7.516764672235445,0.33636363636363636,0.9363636363636364,4.116764672235442,12.41676467223545,True,0.12015993314542815,6.111624480253407,1,True,0.7288610938648792
94,96,0.2,4.690843753160459,0.1781818181818182,0.2272727272727273,3.9908437531604593,5.490843753160459,True,4.145164225256458,10.136628772364437,1,False,0.04175360496558084
95,97,0.08909090909090908,9.714987984753586,0.07772727272727273,0.10272727272727274,8.214987984753591,11.114987984753581,True,12.358788120424204,18.35025266753218,1,False,0.00043891550555383784
96,98,0.09545454545454546,9.06510409117587,0.07909090909090909,0.11363636363636363,7.065104091175877,11.065104091175863,True,2.9065423115779465,8.898006858685925,1,True,0.08822082847170827
97,99,0.4,7.26494098426344,0.35454545454545455,0.4636363636363636,6.164940984263438,8.364940984263441,True,0.2623257954730168,6.253790342580996,1,True,0.6085267859095624
98,100,0.35454545454545455,6.082123597816102,0.3090909090909091,0.39090909090909093,5.0821235978161,6.982123597816102,True,0.8500535911961641,6.841518138304143,1,True,0.3565371775217302
99,101,0.33636363636363636,5.257552311879671,0.3,0.38181818181818183,4.357552311879671,6.457552311879672,True,1.0711340893630528,7.062598636471032,1,True,0.30068942234422497
100,102,0.12272727272727273,3.768455545050493,0.09818181818181819,0.1481818181818182,0.9684555450504929,6.268455545050493,True,1.9467727691739523,7.938237316281931,1,True,0.16293504045613272
101,103,0.02,9.971675502493751,0.01818181818181818,0.022727272727272728,8.971675502493754,11.171675502493747,False,19.630908097847364,25.62237264495534,1,False,9.393724266765456e-06
102,104,0.03636363636363636,2.5,0.030909090909090907,0.04181818181818182,1.1,4.0,True,3.514652352564647,9.506116899672627,1,True,0.0608284172349402
103,105,0.06909090909090909,3.0,0.05545454545454545,0.08181818181818182,0.6000000000000001,5.0,True,1.7555368109727716,7.747001358080751,1,True,0.1851821894217094
104,106,0.9181818181818182,6.4,0.6,1.0454545454545454,3.0,7.300000000000001,False,3.0061601808528335,8.997624727960812,1,True,0.08294857284842223
105,107,0.01,13.373065541232453,0.01,0.01090909090909091,13.173065541232454,14.07306554123245,False,36.88219289530536,42.87365744241334,1,False,1.2548684024972609e-09
106,108,0.1809090909090909,8.316204745837886,0.16272727272727272,0.2,7.116204745837885,9.016204745837886,False,0.1797264432791254,6.171190990387104,1,True,0.6716084363095092
107,109,0.03363636363636364,8.879190128783943,0.028181818181818183,0.04181818181818182,7.079190128783949,10.879190128783936,False,4.822676739200432,10.814141286308411,1,False,0.028087694493955775
108,110,0.4909090909090909,2.9000000000000004,0.34545454545454546,0.9,0.0,7.7,True,0.48531984921124505,6.476784396319224,1,True,0.48602247376780305
109,111,0.10272727272727274,9.207003976986874,0.09,0.11181818181818182,8.007003976986878,10.50700397698687,False,19.32074187248003,25.31220641958801,1,False,1.1049945020850006e-05
110,112,0.13545454545454547,3.5582053220554375,0.12454545454545454,0.14636363636363636,2.458205322055438,4.5582053220554375,True,6.497228859446341,12.48869340655432,1,False,0.01080427607621978
111,113,0.09363636363636364,17.646366956229382,0.08272727272727273,0.10545454545454545,16.34636695622939,18.846366956229378,False,6.483415654967269,12.474880202075248,1,False,0.01088855461471889
112,114,0.08818181818181818,4.6000000000000005,0.07681818181818181,0.10454545454545455,3.0,6.300000000000001,False,0.05910322083815354,6.0505677679461325,1,True,0.8079189918009774
113,115,0.024545454545454544,8.272643236736355,0.02090909090909091,0.02909090909090909,6.772643236736361,10.072643236736349,True,4.389079460322169,10.380544007430148,1,False,0.036169837075142756
114,116,0.06636363636363636,8.992046991726665,0.05454545454545455,0.08363636363636363,6.9920469917266725,11.792046991726655,True,1.552272863051392,7.5437374101593715,1,True,0.21280021817256783
119,121,1.2727272727272727,12.100663830399007,0.7818181818181819,1.4,8.100663830399004,13.300663830399007,False,2.634718779914931,8.626183327022911,1,True,0.10455057201099452
120,122,0.1890909090909091,6.54060509015216,0.13545454545454547,0.2818181818181818,2.7406050901521564,9.440605090152163,True,2.4239824771028005,8.41544702421078,1,True,0.11949080794679517
121,123,0.12090909090909091,8.288867523710405,0.10545454545454545,0.1390909090909091,6.488867523710411,10.188867523710398,True,19.199853472148487,25.191318019256464,1,False,1.1772242683305621e-05
122,124,0.05909090909090909,3.934191975010338,0.049090909090909095,0.07072727272727274,2.0341919750103363,6.03419197501034,True,7.870171874317155,13.861636421425134,1,False,0.005025687606810991
123,125,0.015,8.670020835612508,0.014090909090909091,0.01863636363636364,8.07002083561251,10.670020835612501,False,23.926324856570155,29.917789403678135,1,False,1.0009365190365933e-06
124,126,0.24545454545454545,7.7789201351468344,0.18636363636363637,0.2909090909090909,6.0789201351468325,9.078920135146836,True,3.649619153402044,9.641083700510023,1,True,0.05608203413638863
126,128,0.025454545454545455,10.799495446697911,0.02090909090909091,0.03,8.699495446697918,12.799495446697904,False,17.932802811725104,23.924267358833085,1,False,2.2884274917857756e-05
127,129,0.02090909090909091,7.693549590171276,0.01818181818181818,0.02727272727272727,6.393549590171275,10.293549590171278,True,2.617500669323433,8.608965216431411,1,True,0.10569079446637639
128,130,0.05909090909090909,4.63614272625073,0.049090909090909095,0.06909090909090909,2.8361427262507286,6.5361427262507314,True,5.262638475462661,11.25410302257064,1,False,0.021787963965634132
129,131,0.1590909090909091,8.200893332713756,0.11545454545454546,0.2727272727272727,4.30089333271377,12.400893332713741,True,0.37862409806357145,6.370088645171551,1,True,0.5383405171005438
130,132,0.23636363636363636,4.1000000000000005,0.19454545454545455,0.2727272727272727,2.8000000000000003,5.2,True,0.09901234279257369,6.090476889900553,1,True,0.7530180958661509
132,134,0.06363636363636364,4.248579902127753,0.053636363636363635,0.07336363636363635,2.248579902127752,5.948579902127755,True,8.836355083734885,14.827819630842864,1,False,0.002952883016551006
133,135,0.013636363636363636,14.827746192645497,0.011363636363636364,0.016363636363636365,12.927746192645504,16.827746192645492,False,12.37369650500393,18.365161052111908,1,False,0.0004354246846671975
134,136,0.2272727272727273,7.108099654853964,0.18636363636363637,0.2636363636363636,5.808099654853963,8.208099654853966,True,0.16134858806637242,6.152813135174352,1,True,0.6879179276472245
135,137,0.3090909090909091,7.378325377956121,0.2727272727272727,0.36363636363636365,6.4783253779561205,8.578325377956123,False,1.0510623122437286,7.042526859351708,1,True,0.3052625536388551
136,138,0.02909090909090909,11.956772567025837,0.02181818181818182,0.04090909090909091,8.856772567025848,15.056772567025826,True,3.3520215196313474,9.343486066739327,1,True,0.06712253554997469
137,139,0.12454545454545454,10.0636707149484,0.11,0.1409090909090909,8.363670714948405,11.763670714948393,True,3.074501017369815,9.065965564477795,1,True,0.07952899547178288
138,140,0.01,14.885267703368964,0.01,0.012727272727272728,14.585267703368965,17.085267703368956,False,3.765752225449649,9.757216772557628,1,True,0.05231232321952186
139,141,0.12272727272727273,22.04975309906131,0.08909090909090908,0.16454545454545455,18.749753099061262,26.149753099061368,True,1.3078088191190278,7.299273366227007,1,True,0.252791764096493
140,142,0.1972727272727273,12.121175547401231,0.16636363636363638,0.23636363636363636,10.821175547401236,13.321175547401227,True,3.1422308835569064,9.133695430664886,1,True,0.07628939337628139
141,143,0.14636363636363636,12.389034176426733,0.13545454545454547,0.16090909090909092,11.389034176426737,13.889034176426728,True,7.2089986837355315,13.20046323084351,1,False,0.007253895252017922
142,144,0.01818181818181818,7.583746341961071,0.016363636363636365,0.02181818181818182,6.683746341961074,9.383746341961064,False,18.68973153265088,24.681196079758863,1,False,1.538085566025208e-05
143,145,0.03363636363636364,5.276640394210826,0.02909090909090909,0.038181818181818185,3.9766403942108255,6.476640394210827,True,14.405613381649662,20.39707792875764,1,False,0.00014736238244006456
144,146,0.031818181818181815,7.455806987719695,0.028181818181818183,0.03727272727272728,6.1558069877197,8.85580698771969,False,12.26370287539575,18.25516742250373,1,False,0.00046185414008688457
145,147,0.05181818181818182,13.050913669828942,0.04454545454545455,0.060909090909090906,11.350913669828948,14.550913669828937,True,3.7239923879074013,9.71545693501538,1,True,0.05363598021877677
146,148,0.1781818181818182,8.656204695048588,0.1572727272727273,0.2,7.156204695048594,9.456204695048585,True,7.283732208826487,13.275196755934466,1,False,0.006958181966155305
147,149,0.06727272727272728,11.291118303453095,0.05454545454545455,0.08090909090909092,8.991118303453103,13.491118303453087,False,0.142698043971899,6.134162591079878,1,True,0.7056133885180602
148,150,0.12818181818181817,12.267037958603629,0.11545454545454546,0.14272727272727273,10.967037958603633,13.667037958603624,False,1.9173942301254987,7.908858777233478,1,True,0.16614420361893384
149,151,0.02727272727272727,4.912274487287904,0.022727272727272728,0.03272727272727273,3.012274487287902,6.8122744872879055,True,3.1028343526293325,9.09429889973731,1,True,0.07815611213601918
150,152,0.023636363636363636,9.834169258797589,0.017727272727272727,0.031818181818181815,7.234169258797598,13.034169258797577,True,3.8973954753418854,9.888860022449865,1,False,0.04836102587966519
151,153,0.16454545454545455,7.480789322374093,0.14454545454545453,0.2,5.4807893223741,9.180789322374087,True,7.313074753567907,13.304539300675886,1,False,0.006845469770703975
152,154,0.023636363636363636,4.761951110188995,0.019545454545454546,0.02727272727272727,2.961951110188993,6.361951110188996,True,3.1075856475987904,9.09905019470677,1,True,0.07792839852701444
153,155,0.025454545454545455,9.694590175265125,0.02181818181818182,0.02909090909090909,8.09459017526513,11.19459017526512,False,4.732125390742306,10.723589937850285,1,False,0.02960428095526245
154,156,0.19181818181818183,11.97169459058932,0.16818181818181818,0.2181818181818182,11.071694590589324,12.771694590589318,True,1.1156881657170574,7.1071527128250365,1,True,0.29084880142986796
156,158,0.012272727272727272,14.037762249773559,0.010454545454545454,0.014545454545454545,12.437762249773565,16.03776224977355,False,6.452984056752422,12.444448603860401,1,False,0.011076614923427843
157,159,0.03363636363636364,7.159761784828767,0.03272727272727273,0.04454545454545455,7.059761784828767,9.959761784828757,False,5.623486364326072,11.61495091143405,1,False,0.017721362956508713
158,160,0.1090909090909091,26.23824447204697,0.09,0.12818181818181817,24.13824447204694,28.438244472047,True,1.0878502547361688,7.079314801844148,1,True,0.2969480141768074
159,161,0.2090909090909091,11.447049038355829,0.1890909090909091,0.23636363636363636,10.747049038355831,12.247049038355826,False,9.739817845545744,15.731282392653723,1,False,0.0018031876566335866
160,162,0.5,17.033021550347527,0.4,0.6454545454545454,15.233021550347532,19.03302155034752,True,0.7404393346841341,6.731903881792113,1,True,0.3895201798968445
161,163,0.09636363636363636,5.4147801946001,0.08181818181818182,0.11181818181818182,3.814780194600099,7.2147801946001024,False,0.49916592338623433,6.490630470494214,1,True,0.4798668376246178
162,164,0.08545454545454545,12.639077525555347,0.08363636363636363,0.10363636363636364,12.439077525555348,14.63907752555534,False,20.56451395261629,26.55597849972427,1,False,5.765499531444906e-06
163,165,0.1390909090909091,23.74001565941949,0.11363636363636363,0.1590909090909091,21.040015659419453,25.640015659419518,False,9.804137489673934,15.795602036781913,1,False,0.0017411968039275187
164,166,0.15181818181818182,14.09383751343173,0.13727272727272727,0.16454545454545455,12.793837513431734,15.393837513431725,True,9.439360704588852,15.430825251696831,1,False,0.0021237751156032445
165,167,0.04363636363636364,12.479696596892062,0.038181818181818185,0.04727272727272727,11.079696596892067,13.379696596892058,False,1.610405642661374,7.601870189769353,1,True,0.20443479062371153
166,168,0.09818181818181819,21.021379443207266,0.075,0.12454545454545454,18.221379443207226,24.02137944320731,False,0.07032655821641587,6.061791105324395,1,True,0.7908619040274503
167,169,0.17545454545454547,9.173517360013443,0.15363636363636363,0.2272727272727273,7.1735173600134505,10.873517360013437,True,0.07654339864106802,6.068007945749047,1,True,0.7820375206311564
168,170,0.02,17.482345351631448,0.01863636363636364,0.023636363636363636,16.88234535163144,19.182345351631472,False,27.79333832267752,33.7848028697855,1,False,1.3499012189722252e-07
169,171,0.4909090909090909,24.223819049869007,0.4272727272727273,0.5727272727272728,23.02381904986899,25.423819049869024,False,0.881374982248057,6.872839529356036,1,True,0.34782535928729663
170,172,0.11363636363636363,9.378502244122078,0.10363636363636364,0.12454545454545454,8.278502244122082,10.478502244122074,False,1.3293716485858513,7.320836195693831,1,True,0.24891703290617978
171,173,0.04181818181818182,18.521747219217126,0.034545454545454546,0.05,16.521747219217097,20.721747219217157,False,4.980628568076879,10.972093115184858,1,False,0.02563266839420789
172,174,0.09909090909090909,10.063883433591474,0.08272727272727273,0.11,8.26388343359148,11.36388343359147,False,5.945187892911521,11.9366524400195,1,False,0.014757518080436067
173,175,0.3,8.411602482511043,0.2636363636363636,0.33636363636363636,7.411602482511041,9.311602482511043,False,0.7844511767544571,6.775915723862436,1,True,0.3757832593647896
174,176,0.6363636363636364,6.5,0.35454545454545455,0.9090909090909091,1.9000000000000001,8.700000000000001,True,2.0055249723507202,7.996989519458699,1,True,0.15672702862004434
175,177,0.15181818181818182,13.834437706717415,0.1390909090909091,0.16272727272727272,12.734437706717419,14.834437706717411,False,0.5776270364078354,6.569091583515815,1,True,0.4472439529185114
176,178,0.045454545454545456,9.496107582112032,0.03727272727272728,0.057272727272727274,7.496107582112039,11.896107582112023,True,0.19803297913601275,6.189497526243992,1,True,0.6563132752427322
177,179,0.1090909090909091,19.953082973704113,0.08818181818181818,0.12818181818181817,17.753082973704082,22.153082973704144,True,8.871243692006967,14.862708239114946,1,False,0.002896977106065087
178,180,0.2272727272727273,7.010649089005581,0.18636363636363637,0.2727272727272727,5.71064908900558,8.510649089005582,True,3.42478736275158,9.41625190985956,1,True,0.06422451349807914
180,182,0.17545454545454547,9.921401785572698,0.16454545454545455,0.2,9.1214017855727,10.821401785572695,True,1.6176937625128243,7.6091583096208035,1,True,0.20341365954419316
181,183,0.15363636363636363,8.752234239252576,0.11545454545454546,0.23636363636363636,5.152234239252589,12.452234239252563,True,0.8570536804883284,6.8485182275963075,1,True,0.3545645137251191
182,184,0.0710909090909091,2.9000000000000004,0.05272727272727273,0.11727272727272728,0.0,8.700000000000001,True,0.4038331126526622,6.395297659760641,1,True,0.5251162878681584
183,185,0.14272727272727273,4.4279485162647125,0.12818181818181817,0.1572727272727273,3.227948516264713,5.727948516264713,False,2.33079666121856,8.32226120832654,1,True,0.12683694967893877
184,186,0.019090909090909092,3.538917308409487,0.015454545454545453,0.024545454545454544,1.7389173084094853,5.938917308409489,False,11.711962774942565,17.703427322050544,1,False,0.0006209958422434541
185,187,0.02181818181818182,10.608540955250742,0.01818181818181818,0.025454545454545455,8.808540955250749,12.208540955250736,False,18.657297006074238,24.64876155318222,1,False,1.5644736469607885e-05
186,188,0.17545454545454547,7.121613679730508,0.15,0.2272727272727273,4.921613679730506,8.72161367973051,True,1.4083236707097124,7.399788217817692,1,True,0.2353348728533629
187,189,0.10727272727272727,10.287457176203425,0.09,0.12272727272727273,8.587457176203431,11.987457176203419,True,4.204506591821759,10.195971138929739,1,False,0.04031670159609245
188,190,0.025454545454545455,5.175929692463215,0.02090909090909091,0.02909090909090909,3.275929692463213,6.775929692463216,True,8.270630688237054,14.262095235345033,1,False,0.004029150767598996
189,191,0.08727272727272727,11.021311495311782,0.07163636363636364,0.10636363636363637,8.72131149531179,13.021311495311775,True,9.82690159005336,15.81836613716134,1,False,0.0017197780687999444
190,192,0.37272727272727274,5.706068403482477,0.32727272727272727,0.4272727272727273,4.606068403482477,6.906068403482477,True,0.00960593199598954,6.001070479103968,1,True,0.9219244665968195
191,193,0.025454545454545455,9.467974889516908,0.02181818181818182,0.02909090909090909,7.867974889516914,10.967974889516903,False,29.954971936888164,35.946436483996145,1,False,4.4219656594664355e-08
192,194,0.5545454545454546,1.9000000000000001,0.4181818181818182,0.9636363636363636,0.0,6.0,True,0.016285749355523314,6.007750296463502,1,True,0.8984531602822385
193,195,0.03909090909090909,13.726842228909272,0.03272727272727273,0.046363636363636364,12.326842228909276,15.626842228909265,True,0.5077881491527331,6.4992526962607124,1,True,0.47609792016783914
194,196,0.026363636363636363,3.2,0.023636363636363636,0.030909090909090907,2.1,4.9,True,0.9933670571323638,6.984831604240343,1,True,0.3189208264396823
195,197,0.015,6.918603627177493,0.012727272727272728,0.01818181818181818,5.018603627177491,8.718603627177494,False,21.709394648198177,27.70085919530616,1,False,3.1723388597733522e-06
196,198,0.03272727272727273,8.980955681671466,0.02727272727272727,0.04090909090909091,7.0809556816714725,11.180955681671458,True,2.998511023367643,8.989975570475622,1,True,0.08334107829441088
197,199,0.38181818181818183,7.680395980186625,0.34545454545454546,0.4272727272727273,6.880395980186624,8.580395980186626,True,2.321474436207196,8.312938983315174,1,True,0.1275990272336195
198,200,0.06,10.325227249388737,0.05818181818181818,0.07181818181818181,10.225227249388738,12.52522724938873,False,10.608897528073614,16.600362075181593,1,False,0.0011254477357043313
199,201,0.33636363636363636,11.699109669597998,0.3,0.38181818181818183,10.799109669598002,12.699109669597995,True,0.34703655313558096,6.33850110024356,1,True,0.555795478310124
200,202,0.019090909090909092,12.620732250196136,0.016363636363636365,0.02090909090909091,11.020732250196142,13.520732250196133,False,16.26332428793455,22.254788835042532,1,False,5.512059415557545e-05
201,203,0.16818181818181818,8.263892926168674,0.1590909090909091,0.1972727272727273,7.263892926168674,9.363892926168676,True,2.897400917821253,8.888865464929232,1,True,0.0887225024163356
202,204,0.01818181818181818,10.393543061890316,0.015454545454545453,0.02090909090909091,9.09354306189032,11.693543061890312,False,5.563166879317076,11.554631426425054,1,False,0.018342204944007304
203,205,0.046363636363636364,4.872240188719459,0.038181818181818185,0.05545454545454545,2.672240188719458,6.872240188719462,True,4.285682244534173,10.277146791642153,1,False,0.03843465463974746
204,206,0.12272727272727273,6.503607637133753,0.10818181818181818,0.13545454545454547,4.70360763713375,8.003607637133754,True,9.703952417876142,15.69541696498412,1,False,0.0018387211171834606
205,207,1.009090909090909,8.9,0.6454545454545454,1.1363636363636365,5.2,9.5,False,3.235607611486107,9.227072158594087,1,True,0.07205357079672559
206,208,0.09181818181818181,7.35019141018854,0.07,0.12090909090909091,4.150191410188537,10.550191410188543,True,1.0052079441207777,6.996672491228757,1,True,0.3160536107793252
207,209,0.023636363636363636,16.259480334920415,0.016363636363636365,0.03272727272727273,12.859480334920427,19.5594803349204,True,1.3123994028732944,7.303863949981274,1,True,0.2519606895314644
208,210,0.23636363636363636,8.289074788074425,0.16454545454545455,0.32727272727272727,5.589074788074422,10.789074788074426,True,0.7470561075902784,6.738520654698258,1,True,0.38740988810093646
209,211,0.16272727272727272,8.32346951845217,0.12272727272727273,0.23636363636363636,4.423469518452183,11.22346951845216,True,1.2504520016809957,7.241916548788975,1,True,0.2634661649749419
210,212,0.015454545454545453,8.271977367535538,0.014090909090909091,0.017727272727272727,7.271977367535541,9.571977367535533,False,10.415943686447765,16.407408233555742,1,False,0.0012493199867900187
211,213,0.07636363636363636,30.200641616733435,0.06818181818181819,0.10363636363636364,29.10064161673342,33.50064161673348,False,6.99071281973703,12.982177366845008,1,False,0.008193371724621161
212,214,1.3363636363636364,11.989703792087926,0.8,1.4,7.789703792087921,12.489703792087926,False,2.9691239612700513,8.96058850837803,1,True,0.08486780117640931
213,215,0.609090909090909,6.300000000000001,0.4727272727272727,0.8090909090909091,4.1000000000000005,8.5,False,5.194393239349485,11.185857786457465,1,False,0.022659864291896006
214,216,0.056363636363636366,27.995226343848515,0.05272727272727273,0.08818181818181818,27.995226343848515,33.09522634384859,False,3.872988686473157,9.864453233581136,1,False,0.04906907003051324
215,217,0.13545454545454547,12.197511632556244,0.12090909090909091,0.14636363636363636,10.69751163255625,13.097511632556241,False,1.2847910009324899,7.276255548040469,1,True,0.2570101266289051
216,218,0.04818181818181819,4.72057354274831,0.04272727272727273,0.057272727272727274,3.4205735427483104,6.4205735427483095,False,0.28462988947432133,6.276094436582301,1,True,0.5936825561879262
217,219,0.7727272727272727,30.121423602618968,0.609090909090909,0.9727272727272728,28.321423602618943,31.821423602618992,False,0.09129711071717334,6.082761657825152,1,True,0.7625345793663297
218,220,0.03272727272727273,4.71914702064524,0.028181818181818183,0.03909090909090909,3.3191470206452385,6.319147020645241,True,11.053465067309663,17.04492961441764,1,False,0.0008852160114889145
219,221,0.3,2.7,0.24545454545454545,0.39090909090909093,1.1,4.800000000000001,True,0.7203661214220098,6.711830668529989,1,True,0.39602384095306187
220,222,0.08818181818181818,4.606809767125743,0.07,0.12090909090909091,2.10680976712574,8.306809767125745,True,1.4389328948738251,7.430397441981804,1,True,0.23031209931197555
221,223,0.35454545454545455,12.340605037142685,0.23636363636363636,0.5909090909090908,9.140605037142697,16.44060503714267,True,0.153962408286086,6.145426955394065,1,True,0.6947771375990688
222,224,1.090909090909091,12.218778749700245,0.5363636363636364,1.1818181818181819,6.518778749700241,12.318778749700247,True,3.88126713400491,9.872731681112889,1,False,0.04882769251921976
223,225,0.10090909090909092,13.727920489282354,0.08818181818181818,0.11181818181818182,12.427920489282359,15.12792048928235,False,1.9602508810460493,7.951715428154028,1,True,0.16148648973509488
224,226,0.05181818181818182,10.588295886098795,0.04363636363636364,0.06272727272727273,8.488295886098802,12.588295886098788,True,7.767839338764753,13.759303885872733,1,False,0.005318462855905613
225,227,0.05,6.115971681832994,0.04181818181818182,0.06181818181818182,3.9159716818330015,8.415971681832985,True,5.990231154977586,11.981695702085565,1,False,0.014385317168740901
227,229,0.15363636363636363,9.655298831034397,0.12454545454545454,0.19454545454545455,6.655298831034408,12.155298831034388,True,2.7260424450572973,8.717506992165276,1,True,0.09872364539481433
228,230,0.06727272727272728,7.385700793906208,0.05818181818181818,0.10636363636363637,6.085700793906213,12.48570079390619,True,3.9336854474175933,9.925149994525572,1,False,0.047328116549175216
229,231,0.13363636363636364,9.867452551466785,0.11727272727272728,0.15363636363636363,7.967452551466792,11.867452551466778,False,11.317267040876215,17.308731587984195,1,False,0.0007678965029285251
230,232,0.04,8.249791934858878,0.03363636363636364,0.045454545454545456,6.649791934858884,9.649791934858873,True,8.050333002339686,14.041797549447665,1,False,0.004549529095248184
231,233,0.015,7.14750517078946,0.010454545454545454,0.023636363636363636,3.3475051707894563,11.347505170789463,True,0.8541849501599892,6.845649497267968,1,True,0.35537112521447534
232,234,0.07127272727272727,17.431750270069085,0.057272727272727274,0.08818181818181818,14.831750270069094,20.031750270069075,True,1.291078940259685,7.282543487367664,1,True,0.255849210900172
233,235,0.34545454545454546,9.864022282405777,0.3090909090909091,0.38181818181818183,9.06402228240578,10.764022282405774,True,0.7071533360457223,6.698617883153702,1,True,0.40039045818000674
234,236,0.06,9.186817471819595,0.05090909090909091,0.07072727272727274,7.4868174718196006,11.086817471819588,True,11.385630430596045,17.377094977704026,1,False,0.0007401442915751361
235,237,0.4090909090909091,5.911024874676142,0.34545454545454546,0.5,4.4110248746761425,7.611024874676142,True,2.2532480534306556,8.244712600538634,1,True,0.13333427779751142
236,238,0.24545454545454545,24.412443958426604,0.2090909090909091,0.2727272727272727,23.41244395842659,25.112443958426613,False,0.1637665762820596,6.155231123390038,1,True,0.6857121331218252
237,239,0.16272727272727272,13.382057137474952,0.15,0.18636363636363637,12.082057137474957,14.682057137474947,True,0.2236945499946686,6.215159097102648,1,True,0.6362391614157499
238,240,1.290909090909091,11.738654753375926,0.7818181818181819,1.3909090909090909,7.838654753375923,11.938654753375927,False,3.419089773544353,9.410554320652333,1,True,0.0644465379704637
239,241,0.04727272727272727,12.542321251561921,0.04272727272727273,0.053636363636363635,11.442321251561925,13.842321251561916,True,2.8319694533000277,8.823434000408007,1,True,0.09240497686650054
240,242,0.022727272727272728,12.748474428321973,0.02,0.025454545454545455,11.548474428321978,13.84847442832197,False,12.999678344321776,18.991142891429753,1,False,0.00031154448900236965
241,243,0.04363636363636364,2.9000000000000004,0.038181818181818185,0.04818181818181819,1.5,4.0,True,6.486590229679899,12.478054776787879,1,False,0.010869126077841454
242,244,0.028181818181818183,15.598543661413373,0.024545454545454544,0.03272727272727273,13.998543661413379,16.99854366141337,False,8.767344979980251,14.75880952708823,1,False,0.003066715336810204
244,246,0.034545454545454546,4.181741370026867,0.03,0.04090909090909091,2.9817413700268673,5.781741370026867,True,5.972124630563658,11.963589177671636,1,False,0.01453375945242751
245,247,0.4,0.0,0.38181818181818183,0.509090909090909,0.0,2.0,True,8.08127436276096,14.072738909868939,1,False,0.004472498325824857
246,248,0.4272727272727273,7.58214117434195,0.39090909090909093,0.4818181818181818,6.782141174341949,8.582141174341952,False,5.249449784632161,11.24091433174014,1,False,0.021953711830498365
247,249,0.2636363636363636,6.673578868152954,0.2181818181818182,0.3090909090909091,5.373578868152952,8.173578868152955,False,5.17429623430964,11.16576078141762,1,False,0.022923455579273177
248,250,0.2090909090909091,15.802605298017529,0.17,0.2545454545454545,14.402605298017534,17.102605298017522,False,3.7709738309746905,9.76243837808267,1,True,0.05214926288148758
249,251,0.23636363636363636,4.0,0.19454545454545455,0.2727272727272727,2.8000000000000003,5.1000000000000005,True,1.1220512967277112,7.113515843835691,1,True,0.2894771851133972
250,252,0.33636363636363636,4.6000000000000005,0.3,0.39090909090909093,3.8000000000000003,5.9,False,17.114137530832505,23.105602077940482,1,False,3.5199311989070544e-05
251,253,0.6454545454545454,25.83669274673536,0.5,0.790909090909091,23.936692746735332,27.436692746735382,False,2.1746525320947128,8.166117079202692,1,True,0.14030120112802077
253,255,0.07018181818181819,3.880900840415296,0.06,0.08090909090909092,2.0809008404152967,5.480900840415296,True,4.598762911867768,10.590227458975747,1,False,0.031995035231959366
254,256,0.3,18.109022482244885,0.24545454545454545,0.37272727272727274,16.50902248224489,19.70902248224488,True,0.049854939378207515,6.041319486486187,1,True,0.8233158824723826
255,257,0.028181818181818183,6.169593044936357,0.026363636363636363,0.03272727272727273,5.369593044936356,7.6695930449363585,False,2.27784653193481,8.269311079042788,1,True,0.13123397865531375
256,258,0.12272727272727273,12.169864236638064,0.11181818181818182,0.13363636363636364,10.969864236638069,13.36986423663806,False,0.46257781346455606,6.454042360572535,1,True,0.4964216865412676
257,259,0.2181818181818182,13.803440469397513,0.1890909090909091,0.24545454545454545,12.903440469397516,14.60344046939751,False,11.808940580260748,17.800405127368727,1,False,0.000589469652477892
258,260,0.10454545454545455,36.66199719092447,0.09181818181818181,0.1409090909090909,35.66199719092445,40.96199719092453,False,4.368773835791503,10.360238382899482,1,False,0.036603321752863884
259,261,0.18636363636363637,11.577887914383856,0.16818181818181818,0.2,10.877887914383859,11.977887914383855,False,0.8538896596696981,6.845354206777677,1,True,0.3554542957053207
261,263,0.32727272727272727,17.952378490630032,0.2909090909090909,0.37272727272727274,17.152378490630035,19.05237849063003,False,0.5735452708734324,6.565009817981411,1,True,0.4488535494432536
262,264,0.2818181818181818,6.422049140174818,0.24545454545454545,0.3090909090909091,5.522049140174817,7.222049140174819,True,0.5781919564587253,6.569656503566704,1,True,0.4470218901721684
263,265,0.15363636363636363,8.920382414827225,0.14272727272727273,0.16454545454545455,7.920382414827229,10.020382414827221,False,2.27997143698482,8.271435984092799,1,True,0.13105428722898466
265,267,0.1572727272727273,22.070948360974317,0.1481818181818182,0.16636363636363638,21.070948360974302,22.870948360974328,False,0.0342360327566332,6.025700579864612,1,True,0.8532056496608744
266,268,0.5454545454545454,16.031706123878266,0.4727272727272727,0.6636363636363636,14.83170612387827,17.53170612387826,False,1.0665167912576352,7.0579813383656145,1,True,0.3017335476560221
267,269,0.030909090909090907,4.823452025509473,0.02727272727272727,0.035454545454545454,3.4234520255094716,6.023452025509474,True,7.804461415544081,13.79592596265206,1,False,0.005211739740346882
268,270,0.16636363636363638,21.222795965314955,0.15363636363636363,0.19181818181818183,19.822795965314935,22.32279596531497,False,0.08122026967207946,6.0726848167800584,1,True,0.7756504999979497
269,271,0.5,5.300000000000001,0.38181818181818183,0.7363636363636363,3.0,8.3,True,4.077024065517808,10.068488612625787,1,False,0.04347015593243911
270,272,0.02090909090909091,8.951373846463907,0.017272727272727273,0.025454545454545455,7.151373846463914,10.9513738464639,False,10.558885533702368,16.550350080810347,1,False,0.0011563089109809038
271,273,0.2818181818181818,21.00577214868294,0.24545454545454545,0.3090909090909091,19.905772148682924,21.80577214868295,False,2.59114651193582,8.5826110590438,1,True,0.10746252223132986
272,274,0.06363636363636364,3.9420554190933963,0.05272727272727273,0.07363636363636364,2.0420554190933946,5.742055419093398,True,4.869440843976609,10.860905391084588,1,False,0.02733635659627254
274,276,0.15363636363636363,12.462247299968551,0.14454545454545453,0.16454545454545455,11.662247299968554,13.562247299968547,True,6.039320929113057,12.030785476221036,1,False,0.013990664742314142
275,277,0.015,10.14977976287287,0.014090909090909091,0.017272727272727273,9.349779762872872,11.349779762872865,False,45.31361137652404,51.30507592363202,1,False,1.6787832910179505e-11
276,278,0.02909090909090909,3.7,0.026363636363636363,0.031818181818181815,2.6,4.6000000000000005,False,0.4455190704426387,6.436983617550617,1,True,0.5044705934876099
277,279,0.5818181818181818,4.800000000000001,0.37272727272727274,0.9181818181818182,1.0,8.200000000000001,True,0.77357182381855,6.765036370926529,1,True,0.37911434314983694
279,281,0.23636363636363636,13.895719516897378,0.2,0.2727272727272727,12.995719516897381,14.795719516897375,False,1.599696493428906,7.5911610405368855,1,True,0.20594622733769374
280,282,0.01,13.039825900843331,0.01,0.011818181818181818,12.839825900843332,14.639825900843325,False,13.871166131620972,19.86263067872895,1,False,0.00019577917485680418
281,283,0.05909090909090909,7.517032565333118,0.053636363636363635,0.06909090909090909,6.617032565333121,9.41703256533311,False,10.08236658700258,16.07383113411056,1,False,0.0014969494673455802
282,284,0.16272727272727272,13.435253094202745,0.15545454545454546,0.17545454545454547,12.835253094202747,14.335253094202741,False,1.0210206310142953,7.012485178122274,1,True,0.31227703489540826
283,285,0.18363636363636365,5.828459241426135,0.16818181818181818,0.2090909090909091,5.1284592414261345,6.528459241426136,True,11.471034468719157,17.462499015827134,1,False,0.0007068932153010135
284,286,0.9363636363636364,9.1,0.6909090909090909,0.9818181818181818,6.7,9.1,False,6.636368158660218,12.627832705768197,1,False,0.009991742721461864
285,287,0.18636363636363637,20.28930244747302,0.16272727272727272,0.2272727272727273,18.789302447473027,21.589302447473017,True,0.24552157969802343,6.236986126806002,1,True,0.6202462751161031
286,288,0.4363636363636364,10.692299866813249,0.39090909090909093,0.5,9.792299866813252,11.792299866813245,True,1.367729526237476,7.359194073345455,1,True,0.24220236583971463
287,289,0.034545454545454546,3.298926835119944,0.02909090909090909,0.04272727272727273,1.5989268351199426,5.498926835119946,True,4.729938792435078,10.721403339543057,1,False,0.029641940112298343
288,290,0.011363636363636364,5.419606878640822,0.01,0.014090909090909091,4.019606878640822,7.819606878640825,True,3.4512190191076986,9.442683566215678,1,True,0.06320513797451463
289,291,0.6727272727272727,10.22949944175848,0.5454545454545454,0.8636363636363636,8.529499441758478,12.329499441758482,False,14.406716674653456,20.398181221761433,1,False,0.00014727607112074404
290,292,0.028181818181818183,2.9000000000000004,0.024545454545454544,0.031818181818181815,1.4000000000000001,4.2,True,2.0143784791504187,8.005843026258397,1,True,0.15581506381814592
291,293,0.014090909090909091,5.494613065556532,0.012272727272727272,0.01681818181818182,3.994613065556531,7.2946130655565335,False,10.761041437475669,16.75250598458365,1,False,0.0010365903737071538
292,294,0.6,2.8000000000000003,0.4,1.1363636363636365,0.0,7.4,True,0.5323398287536736,6.523804375861653,1,True,0.465624804723175
293,295,0.32727272727272727,3.8000000000000003,0.2909090909090909,0.36363636363636365,2.8000000000000003,4.6000000000000005,False,1.4217202949027166,7.413184842010695,1,True,0.2331204584201771
294,296,1.4,11.923011149241102,1.0272727272727273,1.4,9.323011149241111,12.3230111492411,False,5.130145399615176,11.121609946723154,1,False,0.02351375784932993
296,298,0.13363636363636364,19.218667945305313,0.11727272727272728,0.14454545454545453,17.41866794530532,20.318667945305307,False,1.1074836817008307,7.09894822880881,1,True,0.2926295950667394
297,299,0.7454545454545455,8.4,0.6181818181818182,0.7636363636363637,6.800000000000001,8.4,False,17.465682558092432,23.457147105200413,1,False,2.925409671885774e-05
298,300,0.44545454545454544,8.711293391163295,0.39090909090909093,0.4909090909090909,7.811293391163298,9.611293391163292,True,0.03160552860701686,6.023070075714996,1,True,0.8588961961282913
299,301,0.34545454545454546,7.706844671028924,0.2727272727272727,0.4363636363636364,5.806844671028923,9.606844671028927,True,1.485636359665747,7.477100906773726,1,True,0.22289473949597063
300,302,0.09636363636363636,8.78286567496695,0.075,0.1190909090909091,6.482865674966957,11.082865674966941,True,5.507992324403549,11.499456871511528,1,False,0.018929764118835846
302,304,1.4,13.151886035848513,1.3,1.4,12.551886035848515,13.351886035848512,False,24.536824825426134,30.52828937253411,1,False,7.29031237599112e-07
303,305,0.01,5.7448427215815645,0.01,0.011363636363636364,5.644842721581565,6.944842721581566,False,13.316616517636824,19.308081064744805,1,False,0.0002630644364563922
304,306,0.09454545454545454,13.344093659077064,0.08272727272727273,0.10454545454545455,11.944093659077069,14.24409365907706,False,1.6871506445988653,7.678615191706845,1,True,0.19397700317225078
305,307,0.4363636363636364,6.232349730522946,0.38181818181818183,0.4909090909090909,5.132349730522947,7.232349730522946,False,6.77767503361823,12.76913958072621,1,False,0.0092305045485542
306,308,0.15363636363636363,3.8000000000000003,0.13545454545454547,0.16818181818181818,2.0,5.4,True,2.6599636720223807,8.65142821913036,1,True,0.10290308471018945
307,309,0.23636363636363636,5.0,0.19454545454545455,0.2818181818181818,3.7,6.4,False,0.7665673280078164,6.758031875115796,1,True,0.38128107616314333
308,310,0.3090909090909091,13.549994432823755,0.2727272727272727,0.35454545454545455,12.549994432823759,14.549994432823752,True,0.07136994206709228,6.062834489175072,1,True,0.7893524906395781
309,311,0.1409090909090909,6.677836057139813,0.13,0.15545454545454546,5.677836057139812,8.077836057139814,False,2.864005958674492,8.85547050578247,1,True,0.09058165602977658
310,312,1.3818181818181818,13.09758895609284,1.2545454545454546,1.4,12.39758895609284,13.09758895609284,False,23.05897700150244,29.050441548610422,1,False,1.5710724109340954e-06
311,313,1.4,6.293219436036511,1.090909090909091,1.4,4.293219436036511,6.89321943603651,False,11.362424134222557,17.353888681330538,1,False,0.0007494494344467084
312,314,0.1409090909090909,6.332165408465073,0.12090909090909091,0.15545454545454546,4.132165408465081,7.832165408465068,False,18.31913110005948,24.31059564716746,1,False,1.8682160511020516e-05
313,315,0.08818181818181818,9.594150615957622,0.07590909090909091,0.10363636363636364,7.894150615957628,11.094150615957616,False,0.8019033116413293,6.793367858749308,1,True,0.37052491921001507
314,316,0.2090909090909091,11.97066612562271,0.1781818181818182,0.24545454545454545,10.970666125622714,12.970666125622706,False,9.054793788741511,15.04625833584949,1,False,0.002620069527972162
315,317,0.5909090909090908,6.300000000000001,0.4272727272727273,0.6454545454545454,3.4000000000000004,6.6000000000000005,False,9.900262564774362,15.891727111882341,1,False,0.0016525519207776257
316,318,0.11727272727272728,5.634105941224329,0.10818181818181818,0.12636363636363637,4.634105941224329,6.63410594122433,True,13.794031697452157,19.785496244560136,1,False,0.0002039832005413547
317,319,0.2181818181818182,7.48445577074975,0.18636363636363637,0.2636363636363636,6.384455770749749,8.884455770749753,True,1.0389566919361812,7.03042123904416,1,True,0.30806424194319654
318,320,0.023636363636363636,15.705820446952826,0.01818181818181818,0.02909090909090909,13.105820446952835,18.10582044695282,False,4.139115214211616,10.130579761319595,1,False,0.04190306605168683
319,321,0.16454545454545455,7.236003919967935,0.15,0.19181818181818183,5.6360039199679335,8.436003919967936,True,4.455004684649271,10.44646923175725,1,False,0.03479912076079198
320,322,0.2181818181818182,7.668201253102219,0.1890909090909091,0.23636363636363636,6.768201253102218,8.168201253102218,True,1.1629518080854626,7.154416355193442,1,True,0.28085420159235663
321,323,0.046363636363636364,19.22763281433756,0.038181818181818185,0.057272727272727274,17.02763281433753,21.627632814337595,True,2.7557566542750247,8.747221201383004,1,True,0.09690496069995293
322,324,0.2545454545454545,9.994330431127002,0.2272727272727273,0.2727272727272727,9.294330431127005,10.494330431127,True,0.8222992083834249,6.813763755491404,1,True,0.36450878788179075
323,325,0.1090909090909091,9.301683732747811,0.09636363636363636,0.12090909090909091,8.001683732747816,10.701683732747806,False,3.853363772438157,9.844828319546135,1,False,0.04964632875289035
324,326,0.19454545454545455,3.7,0.17272727272727273,0.2181818181818182,2.9000000000000004,4.4,False,1.9021777173330805,7.893642264441059,1,True,0.16783476561815502
326,328,0.18363636363636365,13.451536996822265,0.16454545454545455,0.2,12.351536996822269,14.051536996822263,False,10.992589270477929,16.98405381758591,1,False,0.0009147692153565021
327,329,0.16454545454545455,13.493477270010127,0.15363636363636363,0.18363636363636365,12.293477270010131,14.493477270010123,True,2.1644027298140114,8.15586727692199,1,True,0.14123949145260026
328,330,0.4363636363636364,5.0,0.34545454545454546,0.5545454545454546,2.9000000000000004,7.1000000000000005,False,9.72210253375857,15.713567080866548,1,False,0.0018206511698701457
329,331,0.014545454545454545,5.898004857798764,0.013181818181818182,0.01681818181818182,4.798004857798762,7.298004857798764,False,26.665775546510616,32.6572400936186,1,False,2.4186791234844344e-07
330,332,0.024545454545454544,3.4447212459345393,0.022727272727272728,0.02727272727272727,2.744721245934539,4.544721245934539,True,6.682836862015016,12.674301409122995,1,False,0.009734557790910243
331,333,0.11363636363636363,9.896026460766848,0.09,0.13363636363636364,7.396026460766857,12.19602646076684,False,0.18838431542299483,6.1798488625309735,1,True,0.6642647533463579
332,334,1.4,11.409961979130847,0.8363636363636364,1.4,7.5099619791308605,11.909961979130845,False,0.1801980565752163,6.171662603683195,1,True,0.6712030890896827
333,335,0.1090909090909091,8.834120036854543,0.10181818181818182,0.1190909090909091,7.934120036854546,10.034120036854539,False,4.108784386280928,10.100248933388908,1,False,0.04266101549686464
334,336,0.11727272727272728,10.305413957753435,0.10454545454545455,0.12818181818181817,8.80541395775344,11.60541395775343,True,11.533741652499142,17.52520619960712,1,False,0.000683443217397709
335,337,0.19181818181818183,13.851212073255068,0.17,0.2181818181818182,13.051212073255071,14.751212073255065,False,3.1872816751781223,9.178746222286101,1,True,0.0742133233548884
336,338,0.19454545454545455,4.1000000000000005,0.17,0.2181818181818182,3.2,4.9,True,7.6988917719211925,13.69035631902917,1,False,0.005525474079670946
337,339,0.8090909090909091,8.200000000000001,0.5181818181818182,0.8545454545454546,4.5,8.5,False,4.201809599563079,10.193274146671058,1,False,0.04038086653324873
338,340,0.03363636363636364,15.680255451669117,0.03272727272727273,0.03727272727272728,15.580255451669117,16.68025545166911,False,56.29576306476346,62.287227611871444,1,False,6.234963607763316e-14
339,341,0.23636363636363636,4.0,0.2181818181818182,0.2727272727272727,3.5,4.9,True,1.3732986400854137,7.364763187193393,1,True,0.24124593927974233
340,342,0.12454545454545454,9.779377540799018,0.11545454545454546,0.13727272727272727,8.779377540799022,11.079377540799014,False,5.308624665565972,11.300089212673951,1,False,0.021220101774271232
341,343,0.509090909090909,3.8698200660889235,0.5,0.609090909090909,3.8698200660889235,5.369820066088925,False,29.33578480119183,35.32724934829981,1,False,6.086133679027967e-08
342,344,1.4,3.2,0.9,1.4,0.0,3.7,True,2.4914692159702883,8.482933763078268,1,True,0.11446482503157088
343,345,0.01,15.893253815927087,0.01,0.011363636363636364,15.593253815927088,17.093253815927085,False,46.234891372505714,52.226355919613695,1,False,1.0489228990426392e-11
344,346,0.2,9.887392619586779,0.17545454545454547,0.2181818181818182,9.087392619586781,10.487392619586776,True,1.4103929815058618,7.40185752861384,1,True,0.23499116703763934
345,347,0.8909090909090909,9.9,0.6818181818181818,0.9181818181818182,7.7,9.9,False,13.900548450325697,19.892012997433675,1,False,0.00019274221737269992
346,348,0.10818181818181818,5.535028748161365,0.09818181818181819,0.12090909090909091,4.435028748161365,6.935028748161367,True,20.068121735222867,26.059586282330848,1,False,7.473201338600732e-06
347,349,0.15545454545454546,6.786874646896878,0.14454545454545453,0.16818181818181818,5.686874646896877,8.086874646896879,True,3.5093703321472223,9.500834879255201,1,True,0.06102264389503325
348,350,0.031818181818181815,9.577629053738756,0.028181818181818183,0.03636363636363636,8.37762905373876,10.677629053738752,False,0.2599140779909354,6.251378625098915,1,True,0.6101791905014806
349,351,0.2272727272727273,8.181286632863776,0.2090909090909091,0.24545454545454545,7.681286632863776,8.681286632863776,False,3.95963530956327,9.951099856671249,1,False,0.046603798999832365
350,352,0.5545454545454546,3.2,0.38181818181818183,0.9090909090909091,0.0,7.0,True,0.42899822830495826,6.420462775412937,1,True,0.5124809121452695
351,353,0.07018181818181819,16.35864865385957,0.06363636363636364,0.075,15.258648653859575,17.15864865385957,False,19.44691558109561,25.43838012820359,1,False,1.0343474169172582e-05
352,354,0.02,13.398237375462204,0.017272727272727273,0.024545454545454544,11.898237375462209,15.198237375462197,False,15.837577194537397,21.829041741645376,1,False,6.901814910755732e-05
354,356,0.15363636363636363,11.37880875742328,0.1390909090909091,0.17,10.078808757423285,12.878808757423275,False,0.1933969927296,6.184861539837579,1,True,0.6601042414772585
355,357,0.03363636363636364,9.078829989508698,0.03,0.038181818181818185,8.078829989508701,10.278829989508694,False,17.776467374495883,23.76793192160386,1,False,2.4843711658429593e-05
357,359,0.15,8.599894908214331,0.14272727272727273,0.1590909090909091,7.999894908214332,9.499894908214333,False,0.9979883853942095,6.989452932502188,1,True,0.31779774977808695
358,360,1.4,10.569346385821063,0.9363636363636364,1.4,7.369346385821065,10.769346385821065,False,4.931814561478774,10.923279108586753,1,False,0.02636661720722863
359,361,0.2,8.936639336465772,0.17272727272727273,0.23636363636363636,7.936639336465776,10.036639336465768,True,1.5253897153218139,7.516854262429793,1,True,0.2168056871500182
360,362,0.09818181818181819,5.211823673527762,0.08818181818181818,0.11,4.111823673527761,6.611823673527764,True,25.375416907913213,31.366881455021193,1,False,4.718935170591286e-07
361,363,0.015,2.4000000000000004,0.013181818181818182,0.01863636363636364,0.8,4.4,True,0.1976917746588222,6.189156321766801,1,True,0.6565904654945902
362,364,0.16272727272727272,16.879334328021045,0.15545454545454546,0.1809090909090909,15.97933432802105,17.979334328021043,False,18.341861997897787,24.333326545005768,1,False,1.8460583140832835e-05
363,365,0.4545454545454546,5.7,0.37272727272727274,0.609090909090909,3.9000000000000004,8.1,False,11.986005259623205,17.977469806731186,1,False,0.0005360156916139943
364,366,0.5454545454545454,5.9,0.4,0.7363636363636363,3.3000000000000003,8.200000000000001,False,6.559806966011561,12.551271513119541,1,False,0.01043076806465112
365,367,0.4727272727272727,2.9000000000000004,0.38181818181818183,0.6181818181818182,1.0,5.2,True,0.359629287471706,6.351093834579685,1,True,0.5487121918438809
366,368,0.7,7.0,0.4818181818181818,0.7272727272727273,4.0,7.0,False,9.425055273569333,15.416519820677312,1,False,0.0021404064670647416
368,370,0.011818181818181818,10.878989553171417,0.010454545454545454,0.013636363636363636,9.678989553171421,12.378989553171412,False,19.613239446130674,25.60470399323865,1,False,9.480993952023583e-06
369,371,0.07590909090909091,9.441976179932688,0.06181818181818182,0.09545454545454546,7.041976179932696,11.74197617993268,True,5.901321381772252,11.892785928880231,1,False,0.015129530077689878
370,372,0.03,7.3289114177586505,0.02727272727272727,0.03636363636363636,6.028911417758655,8.928911417758645,False,14.166285497943507,20.157750045051486,1,False,0.00016734228990389796
371,373,0.03272727272727273,4.6709525194784645,0.02727272727272727,0.04090909090909091,2.870952519478463,6.870952519478466,True,4.754329351397528,10.745793898505507,1,False,0.029224679145254853
372,374,0.015,19.20622220921012,0.015,0.019090909090909092,19.20622220921012,21.606222209210156,False,27.339935937613795,33.331400484721776,1,False,1.7065029622669555e-07
373,375,0.03,8.174777149278757,0.026363636363636363,0.038181818181818185,6.574777149278763,10.27477714927875,True,5.627773100103627,11.619237647211605,1,False,0.017678075571101386
374,376,0.1572727272727273,9.021533052138642,0.14636363636363636,0.16818181818181818,7.921533052138646,10.121533052138638,True,5.514532904003625,11.505997451111604,1,False,0.018859108686133448
375,377,0.02909090909090909,9.015786664604958,0.025454545454545455,0.034545454545454546,7.415786664604964,10.615786664604952,False,8.390467837218663,14.381932384326642,1,False,0.0037719381326685644
376,378,0.09272727272727273,9.386746394238795,0.08181818181818182,0.10454545454545455,7.9867463942388,10.58674639423879,True,29.60923245022767,35.600696997335646,1,False,5.2852598390394264e-08
377,379,0.023636363636363636,8.320148069449933,0.02090909090909091,0.026363636363636363,7.020148069449938,9.52014806944993,False,12.5270883209953,18.518552868103278,1,False,0.00040109435539006016
378,380,0.04090909090909091,6.095015159230145,0.035454545454545454,0.04454545454545455,4.6950151592301435,7.195015159230145,False,7.773288427718942,13.764752974826921,1,False,0.0053024432671285315
379,381,0.1390909090909091,10.193010690397076,0.12818181818181817,0.1481818181818182,9.19301069039708,10.893010690397073,True,17.512336448212615,23.503800995320596,1,False,2.8544949784535684e-05
380,382,0.2181818181818182,2.7,0.2090909090909091,0.23636363636363636,2.4000000000000004,3.2,False,0.6673969009571968,6.658861448065176,1,True,0.41396064056764115
382,384,0.03363636363636364,2.857419729005896,0.028181818181818183,0.04,1.157419729005896,4.4574197290058954,True,7.1188844272470115,13.110348974354991,1,False,0.007627615431484052
383,385,0.04454545454545455,9.568975194385203,0.04,0.05545454545454545,8.468975194385207,12.068975194385194,False,6.807568914445491,12.79903346155347,1,False,0.009077226480696874
384,386,0.017272727272727273,11.335776004388178,0.015,0.02,10.135776004388182,12.935776004388172,False,39.39159938770021,45.38306393480819,1,False,3.467856701552648e-10
385,387,0.024545454545454544,6.868262475406257,0.02181818181818182,0.02727272727272727,5.5682624754062555,7.968262475406258,False,21.905168498772355,27.896633045880336,1,False,2.864613473424761e-06
386,388,0.10272727272727274,9.354949269968097,0.09090909090909091,0.11181818181818182,8.154949269968101,10.454949269968093,False,2.064773506363697,8.056238053471676,1,True,0.15073732280131355
387,389,0.034545454545454546,6.408823996692922,0.03363636363636364,0.04,6.208823996692923,7.908823996692917,False,40.90246425889639,46.89392880600437,1,False,1.6001923853222806e-10
388,390,0.01090909090909091,11.228794794928922,0.01,0.013636363636363636,10.128794794928925,13.628794794928913,False,18.071482304283368,24.062946851391345,1,False,2.1276437636601506e-05
389,391,0.011818181818181818,9.613281702547603,0.01,0.013636363636363636,7.913281702547609,11.213281702547597,False,20.035823212955016,26.027287760062997,1,False,7.60048975855474e-06
390,392,0.4909090909090909,4.9,0.37272727272727274,0.7,2.6,7.6000000000000005,False,6.547428160524284,12.538892707632263,1,False,0.010503587823839283
391,393,0.19454545454545455,4.800000000000001,0.16272727272727272,0.23636363636363636,3.2,6.1000000000000005,False,0.25336561159401794,6.244830158701997,1,True,0.6147151538376696
392,394,0.16272727272727272,7.558524424658176,0.15,0.17272727272727273,6.358524424658175,8.358524424658178,True,14.593306471567498,20.584771018675475,1,False,0.0001333874945590484
393,395,0.07909090909090909,6.987512570650717,0.06909090909090909,0.09818181818181819,5.287512570650723,9.187512570650709,True,9.581870958386316,15.573335505494295,1,False,0.001965080529178106
394,396,0.8090909090909091,7.065174290243982,0.5545454545454546,1.1545454545454545,3.9651742902439784,9.865174290243985,True,0.14863123640498613,6.140095783512965,1,True,0.6998468443706587
395,397,0.4090909090909091,8.220957008448162,0.36363636363636365,0.4818181818181818,7.220957008448165,9.620957008448157,False,0.7589993491929959,6.750463896300975,1,True,0.3836418552614854
396,398,0.18636363636363637,4.2,0.16636363636363638,0.2090909090909091,3.3000000000000003,4.9,False,4.137115154082099,10.128579701190077,1,False,0.04195260782704892
397,399,0.04818181818181819,11.300743198647808,0.04363636363636364,0.053636363636363635,10.100743198647812,12.400743198647804,True,4.527484700978656,10.518949248086635,1,False,0.033354607678316585
398,400,0.015,9.823919142418028,0.013636363636363636,0.01863636363636364,8.623919142418032,11.92391914241802,False,22.993731594155676,28.985196141263657,1,False,1.6253048523732565e-06
399,401,0.1481818181818182,16.603853425963834,0.13545454545454547,0.1572727272727273,15.30385342596384,17.503853425963833,False,14.530135874657777,20.521600421765754,1,False,0.000137935300264427
400,402,0.16272727272727272,14.525512201903233,0.1481818181818182,0.19454545454545455,12.925512201903238,15.925512201903228,True,0.7138942974577931,6.705358844565772,1,True,0.39815402304653813
401,403,0.014090909090909091,9.451998413898574,0.012727272727272728,0.015909090909090907,8.351998413898578,10.75199841389857,False,34.968562874271996,40.960027421379976,1,False,3.3507170125431915e-09
402,404,0.019545454545454546,9.129809650039913,0.017727272727272727,0.02181818181818182,8.129809650039917,10.22980965003991,False,7.331205412585467,13.322669959693446,1,False,0.00677675911405501
403,405,0.05181818181818182,5.317779792054858,0.04363636363636364,0.06454545454545454,3.317779792054856,7.71777979205486,True,3.8596284825901606,9.85109302969814,1,False,0.0494612794684776
404,406,0.026363636363636363,10.648635150909614,0.022727272727272728,0.031818181818181815,9.24863515090962,12.748635150909607,False,13.787302528849914,19.778767075957894,1,False,0.000204715137641904
405,407,0.045454545454545456,4.534598397792499,0.04,0.049090909090909095,3.2345983977925,5.534598397792499,True,12.585926816211654,18.577391363319634,1,False,0.00038866225034146247
406,408,0.9363636363636364,8.124181975259898,0.5545454545454546,1.2727272727272727,3.9241819752598985,10.424181975259899,True,0.9276457797292857,6.919110326837265,1,True,0.3354754158431167
407,409,0.01,17.000653877361938,0.01,0.011363636363636364,16.700653877361937,18.200653877361933,False,30.30674329517595,36.29820784228393,1,False,3.688413765603707e-08
408,410,0.028181818181818183,3.5,0.025454545454545455,0.03,2.3000000000000003,4.3,True,5.0838690438082885,11.075333590916268,1,False,0.024149422483827135
409,411,0.2727272727272727,6.0802439207536345,0.23636363636363636,0.3181818181818182,4.980243920753633,7.380243920753635,True,2.397999575045477,8.389464122153456,1,True,0.12149051804510075
410,412,0.03909090909090909,9.027070178032085,0.03363636363636364,0.04454545454545455,7.72707017803209,10.52707017803208,False,8.323163870687019,14.314628417794998,1,False,0.003914268339556395
411,413,0.022727272727272728,3.5773732040378827,0.01863636363636364,0.026363636363636363,1.577373204037881,5.177373204037885,False,10.265520852928159,16.256985400036136,1,False,0.001355394666270915
412,414,0.16090909090909092,9.08667706601105,0.1481818181818182,0.1781818181818182,7.786677066011055,10.286677066011046,True,24.622146483898536,30.613611031006513,1,False,6.974556645650496e-07
413,415,0.02909090909090909,11.308974295356764,0.025454545454545455,0.034545454545454546,9.70897429535677,12.908974295356758,False,7.335875497104898,13.327340044212878,1,False,0.0067591750193062424
414,416,0.34545454545454546,2.8000000000000003,0.2909090909090909,0.4,1.4000000000000001,4.0,False,23.09274632309134,29.08421087019932,1,False,1.5437197626617727e-06
415,417,0.12818181818181817,6.050125372651468,0.10727272727272727,0.1481818181818182,3.7501253726514663,7.95012537265147,True,6.07173335240835,12.063197899516329,1,False,0.013736209565799818
417,419,0.011363636363636364,5.0590167544038325,0.010454545454545454,0.012272727272727272,4.359016754403832,5.859016754403833,False,14.816967311023472,20.80843185813145,1,False,0.00011846485083235349
418,420,0.17,4.2,0.15181818181818182,0.2090909090909091,2.4000000000000004,5.4,True,2.7252955268223813,8.71676007393036,1,True,0.09876983827874462
419,421,0.024545454545454544,7.079695445406559,0.02181818181818182,0.026363636363636363,5.979695445406563,7.879695445406556,False,14.506832107041921,20.4982966541499,1,False,0.00013965213962100447
420,422,0.04818181818181819,12.451389254956315,0.04454545454545455,0.056363636363636366,11.451389254956318,14.051389254956309,True,7.345897631095182,13.337362178203161,1,False,0.006721596180695348
421,423,0.1090909090909091,4.039437771949526,0.1,0.12090909090909091,2.9394377719495255,5.539437771949528,True,13.540322000771283,19.531786547879264,1,False,0.00023349233139296376
422,424,0.2727272727272727,5.399002941535886,0.2545454545454545,0.2909090909090909,4.899002941535885,5.9990029415358865,False,5.792221892045122,11.7836864391531,1,False,0.01609723150087009
423,425,0.1590909090909091,10.07126234547749,0.14636363636363636,0.18363636363636365,8.671262345477494,11.671262345477484,True,10.875260818250375,16.866725365358356,1,False,0.00097457303632548
425,427,0.09181818181818181,10.607383939574854,0.08272727272727273,0.10363636363636364,9.407383939574858,11.80738393957485,False,15.157713503792206,21.149178050900183,1,False,9.889347366410627e-05
426,428,0.17545454545454547,5.566018326971836,0.15181818181818182,0.2181818181818182,3.466018326971834,7.066018326971837,True,5.3475216546402295,11.33898620174821,1,False,0.020751747258743913
427,429,0.02181818181818182,8.519535319848384,0.01863636363636364,0.025454545454545455,7.019535319848389,10.119535319848378,False,13.123051726446825,19.114516273554806,1,False,0.00029168452383453186
428,430,0.12818181818181817,9.640863570087674,0.11181818181818182,0.14636363636363636,7.740863570087681,11.440863570087668,True,9.390187385245873,15.381651932353853,1,False,0.002181499068722853
429,431,0.025454545454545455,5.80114457169963,0.02181818181818182,0.02727272727272727,4.201144571699628,6.50114457169963,True,7.261684602025617,13.253149149133595,1,False,0.007044118492958027
431,433,0.013636363636363636,4.0366939884778406,0.012727272727272728,0.015454545454545453,3.336693988477841,5.5366939884778406,False,5.012411720409833,11.003876267517812,1,False,0.0251662243002175
432,434,0.44545454545454544,6.305391772980089,0.39090909090909093,0.4909090909090909,5.10539177298009,7.005391772980089,False,9.398293202407356,15.389757749515335,1,False,0.0021718753472161944
433,435,0.02090909090909091,8.529893961357946,0.017727272727272727,0.024545454545454544,7.029893961357951,10.02989396135794,True,4.8422291614088095,10.833693708516789,1,False,0.027770974370843957
434,436,0.013181818181818182,11.007248587851528,0.011363636363636364,0.015,9.507248587851533,12.407248587851523,False,21.247158555495155,27.238623102603135,1,False,4.037083885516723e-06
435,437,0.1190909090909091,4.6399078284296476,0.09909090909090909,0.13727272727272727,2.339907828429645,6.639907828429649,True,7.385861632051329,13.377326179159308,1,False,0.006573856939188115
436,438,0.06727272727272728,10.604979650464536,0.05818181818181818,0.07590909090909091,8.904979650464542,12.00497965046453,True,11.002667588790803,16.99413213589878,1,False,0.0009098084978133838
437,439,0.1590909090909091,15.429650179421142,0.1409090909090909,0.1809090909090909,13.629650179421148,16.829650179421137,True,9.547198879705466,15.538663426813445,1,False,0.0020025478295557565
438,440,0.034545454545454546,7.880169771962393,0.03,0.04,6.780169771962397,9.180169771962388,False,9.284858534811939,15.276323081919918,1,False,0.0023105576494730183
439,441,0.01,13.131203685848176,0.01,0.01090909090909091,12.831203685848177,14.031203685848173,False,22.338294869886084,28.329759416994065,1,False,2.286021570795399e-06
440,442,0.019545454545454546,8.728010153927562,0.016363636363636365,0.023636363636363636,7.028010153927568,10.628010153927555,False,7.080451984600304,13.071916531708283,1,False,0.007792935138352359
441,443,0.8,7.0,0.6272727272727272,0.8272727272727273,5.1000000000000005,7.0,False,8.72535330591713,14.716817853025109,1,False,0.0031381525293845748
442,444,0.049090909090909095,3.5541335738860442,0.04181818181818182,0.06181818181818182,1.6541335738860425,6.0541335738860464,True,4.505829204041946,10.497293751149925,1,False,0.03377951424614313
444,446,0.16818181818181818,7.979599752019309,0.1572727272727273,0.19181818181818183,6.879599752019309,8.979599752019311,True,2.722955846149754,8.714420393257733,1,True,0.09891468769815885
445,447,0.01681818181818182,5.0,0.014545454545454545,0.02,3.8000000000000003,6.6000000000000005,True,0.09558655098797486,6.087051098095954,1,True,0.7571916448054231
446,448,0.010454545454545454,8.715206601008987,0.01,0.013636363636363636,8.01520660100899,11.615206601008977,False,8.173299824186103,14.164764371294082,1,False,0.004251149726256472
447,449,0.35454545454545455,5.6000000000000005,0.2818181818181818,0.4363636363636364,3.7,7.4,False,6.742898852759016,12.734363399866995,1,False,0.009412156127704643
448,450,0.06,4.396630465370138,0.05,0.07090909090909091,2.5966304653701364,6.296630465370139,True,7.315966844642482,13.30743139175046,1,False,0.006834461955470797
449,451,0.2090909090909091,6.033886346254437,0.18363636363636365,0.23636363636363636,5.133886346254436,6.833886346254438,True,2.194794600774909,8.186259147882888,1,True,0.13847766712444634
450,452,0.14454545454545453,4.147558444781463,0.12090909090909091,0.16636363636363638,1.7475584447814612,6.347558444781465,True,3.175815712051575,9.167280259159554,1,True,0.07473588549717121
451,453,0.02,8.484627588429804,0.017727272727272727,0.023636363636363636,7.184627588429809,10.084627588429798,False,11.298663774040637,17.290128321148615,1,False,0.0007756289229357175
452,454,0.017727272727272727,8.082103626766033,0.015,0.02,6.582103626766038,9.182103626766029,False,3.4888558698325642,9.480320416940543,1,True,0.061783271209576024
453,455,0.24545454545454545,8.124540168459763,0.2090909090909091,0.2636363636363636,7.024540168459767,8.724540168459761,False,3.802702972046414,9.794167519154392,1,True,0.05116991633339305
454,456,0.05090909090909091,8.048157784654109,0.045454545454545456,0.05909090909090909,6.6481577846541136,9.548157784654103,False,0.7870371360845705,6.77850168319255,1,True,0.374997536747111
455,457,0.03636363636363636,14.28981753328698,0.031818181818181815,0.04272727272727273,13.189817533286984,15.889817533286974,False,16.50025780128725,22.49172234839523,1,False,4.864345973091217e-05
456,458,0.8636363636363636,3.4000000000000004,0.5363636363636364,1.4,0.0,7.5,True,0.07544932519478476,6.066913872302764,1,True,0.7835617864216795
457,459,0.2545454545454545,6.501661831609114,0.2181818181818182,0.2727272727272727,5.601661831609114,7.001661831609115,False,5.1532701395220295,11.14473468663001,1,False,0.023202636935008285
458,460,0.011363636363636364,9.44375949771352,0.011363636363636364,0.013636363636363636,9.34375949771352,11.443759497713513,False,28.88964884785394,34.88111339496192,1,False,7.662128674054508e-08
460,462,0.08272727272727273,8.582936040968852,0.07590909090909091,0.1,7.682936040968855,10.482936040968845,False,8.772296537398086,14.763761084506065,1,False,0.0030584012551490274
461,463,0.026363636363636363,8.105349814759244,0.024545454545454544,0.030909090909090907,7.405349814759246,10.105349814759236,False,9.207539352039264,15.199003899147243,1,False,0.0024102043579927873
462,464,0.6545454545454545,5.300000000000001,0.4545454545454546,0.7181818181818181,2.2,5.9,False,5.830022785190272,11.82148733229825,1,False,0.01575491944210913
463,465,0.013181818181818182,9.289390331017056,0.011363636363636364,0.016363636363636365,7.889390331017061,11.689390331017048,False,13.838122148017867,19.829586695125847,1,False,0.00019925223862009723
464,466,0.4,8.532358920125873,0.35454545454545455,0.4727272727272727,7.332358920125877,10.032358920125867,False,1.1772185327806106,7.16868307988859,1,True,0.2779229752499722
465,467,0.025454545454545455,8.836320213953908,0.02181818181818182,0.030909090909090907,7.236320213953913,11.1363202139539,False,5.693293562689626,11.684758109797606,1,False,0.01702986329698717
466,468,0.06,6.262723782237218,0.049090909090909095,0.075,4.062723782237226,8.86272378223721,True,2.929814387618452,8.92127893472643,1,True,0.08695748950215448
467,469,0.03363636363636364,8.116003608346894,0.028181818181818183,0.04090909090909091,6.4160036083469,10.016003608346887,True,1.666647951990117,7.658112499098096,1,True,0.19670811584498762
468,470,0.509090909090909,0.0,0.4818181818181818,0.7727272727272727,0.0,3.2,True,7.023025832755301,13.014490379863279,1,False,0.00804681372427721
469,471,0.36363636363636365,4.757786685263946,0.3181818181818182,0.4090909090909091,3.6577866852639467,5.857786685263946,True,0.5620931495369025,6.553557696644882,1,True,0.4534181081286641
470,472,0.09,4.063930983450377,0.07727272727272727,0.1090909090909091,2.2639309834503774,6.063930983450377,True,1.6205050777653616,7.611969624873341,1,True,0.20302137607717693
471,473,0.05,8.090587806549319,0.04272727272727273,0.060909090909090906,6.090587806549326,10.090587806549312,True,2.864771724994278,8.856236272102258,1,True,0.09053855414994247
472,474,0.03,8.494467856254406,0.02727272727272727,0.03727272727272728,7.2944678562544105,10.1944678562544,False,8.075923063304309,14.067387610412288,1,False,0.004485725164259863
473,475,0.024545454545454544,11.570854776736862,0.024545454545454544,0.02727272727272727,11.570854776736862,12.870854776736858,False,21.24223452550717,27.233699072615146,1,False,4.0474682128900335e-06
474,476,0.11,5.722280817842026,0.09,0.12818181818181817,3.5222808178420237,7.7222808178420275,True,4.088659806265972,10.08012435337395,1,False,0.04317186092829578
475,477,0.06272727272727273,6.4877764991206845,0.05272727272727273,0.072,4.887776499120683,8.087776499120686,True,7.462878603245507,13.454343150353486,1,False,0.006298420921912408
476,478,0.03,4.678843184051041,0.025454545454545455,0.04,2.678843184051039,7.278843184051043,True,3.874943687717822,9.866408234825801,1,False,0.04901195398226822
477,479,0.3,5.1000000000000005,0.2545454545454545,0.37272727272727274,3.7,6.7,True,0.4904217564456609,6.48188630355364,1,True,0.48373922887184073
478,480,0.16818181818181818,5.015886597878742,0.14454545454545453,0.2181818181818182,2.61588659787874,6.815886597878744,True,5.699220764475598,11.690685311583577,1,False,0.016972446536278645
479,481,0.09909090909090909,4.873000481975181,0.08090909090909092,0.12272727272727273,2.9730004819751787,7.573000481975183,True,6.066668809003179,12.058133356111158,1,False,0.013775652979475462
481,483,0.07909090909090909,3.6074146302797936,0.060909090909090906,0.11545454545454546,0.9074146302797912,8.007414630279797,True,1.7004521915851367,7.6919167386931155,1,True,0.1922288509343249
482,484,0.017272727272727273,4.4,0.014545454545454545,0.02090909090909091,2.7,6.300000000000001,True,0.08947619650109777,6.0809407436090765,1,True,0.764844122306368
483,485,0.1190909090909091,7.129966014834368,0.10272727272727274,0.13727272727272727,5.129966014834375,9.029966014834361,True,4.898933007112582,10.890397554220561,1,False,0.02687329487610518
484,486,0.028181818181818183,4.373641612413561,0.023636363636363636,0.03363636363636364,2.373641612413559,6.273641612413562,True,4.444838700351415,10.436303247459394,1,False,0.03500689698346718
486,488,0.2181818181818182,42.00025496103148,0.15545454545454546,0.3181818181818182,38.800254961031435,45.100254961031524,False,0.1204361933838374,6.111900740491817,1,True,0.7285618833747997
487,489,0.1409090909090909,9.263936117729475,0.12454545454545454,0.1572727272727273,7.663936117729481,10.86393611772947,False,11.757962233184822,17.7494267802928,1,False,0.0006058351646785956
489,491,0.01818181818181818,9.720624764355591,0.015454545454545453,0.02181818181818182,8.320624764355596,11.620624764355584,False,21.700089315278085,27.691553862386066,1,False,3.1877643956844237e-06
491,493,0.05909090909090909,6.803578405047528,0.05272727272727273,0.07227272727272727,5.703578405047532,9.10357840504752,True,13.683997158215625,19.675461705323606,1,False,0.00021628973705634466
492,494,0.01,14.035821435282433,0.01,0.012727272727272728,13.635821435282434,16.235821435282425,False,25.766042693640536,31.757507240748517,1,False,3.854100307463775e-07
493,495,0.10636363636363637,5.299336328649443,0.08909090909090908,0.12272727272727273,3.4993363286494414,7.299336328649445,True,13.203114501678298,19.194579048786277,1,False,0.0002794842769394527
494,496,0.024545454545454544,10.95484054753058,0.019545454545454546,0.028181818181818183,8.954840547530587,12.454840547530575,False,12.757901192165374,18.74936573927335,1,False,0.00035450845771691
495,497,0.03363636363636364,5.208678602514736,0.02909090909090909,0.04272727272727273,3.9086786025147404,7.508678602514728,True,5.9998845611278835,11.991349108235863,1,False,0.01430681452561636
496,498,0.09363636363636364,27.34274244800058,0.09,0.10636363636363637,27.34274244800058,28.8427424480006,False,24.989767868610883,30.981232415718864,1,False,5.763537140843049e-07
497,499,0.028181818181818183,9.388670079026548,0.022727272727272728,0.034545454545454546,7.188670079026556,11.388670079026541,False,18.775961995684135,24.767426542792116,1,False,1.4700837641862952e-05
498,500,0.02090909090909091,17.603726342731413,0.02,0.025454545454545455,17.40372634273141,19.60372634273144,False,27.30504821227192,33.2965127593799,1,False,1.737571780021122e-07
499,501,0.014090909090909091,9.773655555180786,0.013181818181818182,0.01818181818181818,9.273655555180788,12.473655555180777,False,17.718175388423365,23.709639935531342,1,False,2.5616726602194204e-05
500,502,0.025454545454545455,10.195859966278883,0.02,0.03,7.795859966278892,12.195859966278876,False,10.465414994008366,16.456879541116344,1,False,0.0012163022074195532
501,503,0.07818181818181819,6.294874901442895,0.06818181818181819,0.09272727272727273,4.594874901442894,7.994874901442897,False,1.0958289606294465,7.087293507737425,1,True,0.29518329875102167
504,506,0.08090909090909092,4.415031052023418,0.07181818181818181,0.09818181818181819,3.015031052023417,6.41503105202342,True,9.426969573076672,15.418434120184651,1,False,0.0021381732888669618
505,507,0.04181818181818182,10.336018413137193,0.034545454545454546,0.04818181818181819,8.4360184131372,12.136018413137187,True,3.2663303459639503,9.25779489307193,1,True,0.07071564297290767
506,508,0.07772727272727273,8.701672233926427,0.07,0.09909090909090909,7.601672233926431,11.301672233926418,True,15.240749754113747,21.232214301221724,1,False,9.463914079542125e-05
507,509,0.02909090909090909,8.765495340498973,0.025454545454545455,0.03363636363636364,7.265495340498978,10.065495340498968,False,9.677069305078383,15.668533852186362,1,False,0.0018658200779031271
508,510,0.02909090909090909,8.581109410329143,0.025454545454545455,0.035454545454545454,6.881109410329149,10.381109410329136,False,22.41595723688008,28.407421783988056,1,False,2.1954238568986997e-06
509,511,0.045454545454545456,25.410650568968844,0.04181818181818182,0.07545454545454545,25.11065056896884,31.210650568968926,True,1.716131871237545,7.707596418345524,1,True,0.19019172043886073
510,512,0.12090909090909091,7.376826171703573,0.10363636363636364,0.13727272727272727,5.476826171703571,8.976826171703575,False,0.1831669041583559,6.174631451266335,1,True,0.6686656612747379
511,513,0.15181818181818182,9.849087346551345,0.13181818181818183,0.17272727272727273,7.949087346551352,11.849087346551338,True,3.8992178910660886,9.890682438174068,1,False,0.04830859187799168
512,514,0.2727272727272727,3.3000000000000003,0.2272727272727273,0.3181818181818182,1.9000000000000001,4.6000000000000005,True,0.09839049960561409,6.089855046713593,1,True,0.7537697137028888
514,516,0.06,2.35486130644019,0.05272727272727273,0.07309090909090908,1.1548613064401891,4.754861306440192,True,7.40628580115818,13.39775034826616,1,False,0.00649963721306848
515,517,0.2909090909090909,3.9000000000000004,0.2545454545454545,0.35454545454545455,2.8000000000000003,5.4,False,4.137879338553983,10.129343885661962,1,False,0.04193367160626699
516,518,0.2090909090909091,4.0,0.17272727272727273,0.24545454545454545,2.8000000000000003,5.1000000000000005,True,6.569761904836417,12.561226451944396,1,False,0.010372582639107961
517,519,0.1390909090909091,9.19540736097886,0.1190909090909091,0.1572727272727273,7.095407360978868,11.195407360978853,True,11.652124029944634,17.64358857705261,1,False,0.0006412927075114536
518,520,0.026363636363636363,17.465504052360984,0.026363636363636363,0.030909090909090907,17.465504052360984,19.26550405236101,False,26.81884095668547,32.81030550379345,1,False,2.2344816865638185e-07
519,521,0.17,8.459849796877267,0.15,0.2090909090909091,6.459849796877274,9.759849796877262,True,8.347798725273343,14.339263272381322,1,False,0.0038615488149916443
520,522,0.01863636363636364,9.412130874331108,0.015454545454545453,0.02181818181818182,7.512130874331115,11.012130874331103,False,18.574189910903876,24.565654458011856,1,False,1.6341821117271573e-05
522,524,0.013181818181818182,9.331593544727061,0.011818181818181818,0.015,8.031593544727066,10.931593544727056,False,22.16536594253502,28.156830489643,1,False,2.501458186344208e-06
523,525,0.02,12.263058551178343,0.015909090909090907,0.025454545454545455,9.963058551178351,14.663058551178334,False,3.879664714431409,9.871129261539387,1,False,0.048874316775882366
524,526,0.01818181818181818,9.629319058111513,0.015454545454545453,0.02181818181818182,8.129319058111518,11.429319058111506,False,21.109599105713,27.101063652820976,1,False,4.33749905967165e-06
525,527,0.1190909090909091,4.750557479007401,0.10272727272727274,0.13363636363636364,2.8505574790073998,6.350557479007403,True,10.56740439216534,16.558868939273317,1,False,0.0011509922684221022
526,528,0.07472727272727273,4.5687351660431315,0.06454545454545454,0.08909090909090908,2.8687351660431304,6.568735166043133,True,5.593494547365632,11.58495909447361,1,False,0.018027296805240667
527,529,0.04090909090909091,4.011378220063888,0.03636363636363636,0.046363636363636364,2.711378220063886,5.5113782200638886,False,10.545145402960273,16.536609950068254,1,False,0.0011649365748138693
528,530,0.01,13.361076380901949,0.01,0.011818181818181818,13.16107638090195,14.961076380901943,False,26.371952551350795,32.363417098458775,1,False,2.8160004030689e-07
529,531,0.08090909090909092,4.708957778244957,0.07090909090909091,0.09272727272727273,3.208957778244956,6.308957778244959,True,9.821748018731576,15.813212565839555,1,False,0.0017246035666143918
530,532,0.010454545454545454,16.5596616959001,0.01,0.013181818181818182,15.959661695900103,18.65966169590009,False,19.510229713042527,25.501694260150508,1,False,1.0006238121996185e-05
531,533,0.36363636363636365,7.780037193239832,0.32727272727272727,0.4181818181818182,6.880037193239831,8.880037193239833,True,0.5934599047906399,6.584924451898619,1,True,0.441084305151204
532,534,0.06,3.8000000000000003,0.04818181818181819,0.0710909090909091,1.5,5.800000000000001,False,4.245844283205261,10.23730883031324,1,False,0.03934650128131332
533,535,0.04272727272727273,9.00571626931527,0.04181818181818182,0.05,8.90571626931527,10.805716269315264,False,20.5137784103488,26.50524295745678,1,False,5.9203544899674375e-06
534,536,0.01090909090909091,9.122885948316025,0.01,0.013636363636363636,8.222885948316028,11.422885948316017,False,7.912385593005403,13.90385014011338,1,False,0.004909748199970163
535,537,0.10545454545454545,11.825933320116853,0.09454545454545454,0.11727272727272728,10.725933320116857,13.325933320116848,False,20.066064141467045,26.057528688575026,1,False,7.48124610844651e-06
536,538,0.01,14.71791995816409,0.01,0.01090909090909091,14.517919958164091,15.717919958164087,False,57.12226160083593,63.11372614794391,1,False,4.09543546852023e-14
537,539,0.4727272727272727,7.9089763364267185,0.4,0.5727272727272728,6.508976336426717,9.40897633642672,True,0.057944736626371396,6.0494092837343505,1,True,0.8097743615639031
538,540,0.01681818181818182,11.20267555846527,0.014545454545454545,0.02,9.702675558465275,12.902675558465264,False,17.785019029884367,23.776483576992348,1,False,2.4732295970734008e-05
539,541,0.1590909090909091,4.3,0.1481818181818182,0.17,3.2,5.300000000000001,False,3.1868836669136806,9.17834821402166,1,True,0.07423139673090139
540,542,0.2,5.82687827247998,0.1809090909090909,0.23636363636363636,5.226878272479979,6.8268782724799815,True,4.012712342707349,10.004176889815328,1,False,0.04515844747431359
541,543,0.04727272727272727,9.990959311318171,0.04,0.05545454545454545,8.090959311318178,11.790959311318165,True,3.1679936026777233,9.159458149785703,1,True,0.07509464554787251
542,544,1.1090909090909091,11.862585791307886,0.8545454545454546,1.2818181818181817,9.762585791307885,12.862585791307888,False,8.501858858230307,14.493323405338286,1,False,0.0035478384572059647
543,545,0.010454545454545454,9.600821290875967,0.01,0.012727272727272728,8.90082129087597,11.50082129087596,False,15.928203462537834,21.91966800964581,1,False,6.579102360615774e-05
544,546,0.1972727272727273,4.504727886055054,0.15363636363636363,0.2545454545454545,1.9047278860550545,6.304727886055053,True,3.807548315536229,9.799012862644208,1,True,0.05102208115695259
545,547,0.3,7.638608814512265,0.2727272727272727,0.34545454545454546,6.738608814512265,8.638608814512267,True,0.27266597605329695,6.264130523161276,1,True,0.6015489938209233
546,548,0.17,5.162218584770692,0.1481818181818182,0.2272727272727273,2.8622185847706896,7.062218584770694,True,7.548205209794965,13.539669756902944,1,False,0.006006987562298277
547,549,0.053636363636363635,5.214329904643296,0.045454545454545456,0.06454545454545454,3.414329904643294,7.214329904643297,True,18.616981958761585,24.608446505869566,1,False,1.59790795960673e-05
548,550,0.2090909090909091,8.545769408506997,0.16636363636363638,0.24545454545454545,6.945769408506996,9.645769408506998,True,0.7771603129546505,6.76862486006263,1,True,0.3780110264223565
549,551,0.016363636363636365,11.892641041662275,0.014090909090909091,0.019090909090909092,10.29264104166228,13.492641041662269,False,22.66249439108616,28.653958938194137,1,False,1.9310045298654013e-06
550,552,0.02,6.023199682568383,0.017272727272727273,0.024545454545454544,4.423199682568382,8.023199682568386,False,9.117804613020509,15.109269160128488,1,False,0.0025313356472425348
552,554,0.013181818181818182,12.888290746203488,0.012272727272727272,0.01681818181818182,12.28829074620349,15.488290746203479,False,25.224456552872354,31.215921099980335,1,False,5.103096390919063e-07
553,555,0.09636363636363636,9.410581337775016,0.08272727272727273,0.11363636363636363,7.910581337775021,11.410581337775008,True,11.462927988340752,17.454392535448733,1,False,0.0007099834742373128
554,556,0.02727272727272727,10.546166341079635,0.02181818181818182,0.03363636363636364,8.146166341079644,12.546166341079628,True,5.135181265130213,11.126645812238191,1,False,0.023445638688167757
555,557,0.01863636363636364,12.197147638038269,0.016363636363636365,0.02090909090909091,10.897147638038273,13.397147638038264,False,19.341764001272036,25.333228548380013,1,False,1.0928960240771879e-05
556,558,0.014090909090909091,4.228038168294707,0.012272727272727272,0.016363636363636365,2.428038168294705,5.828038168294708,False,9.053655943799898,15.045120490907877,1,False,0.0026217005790800134
557,559,0.23636363636363636,3.3000000000000003,0.18636363636363637,0.2909090909090909,1.8,5.0,True,2.6190297560742075,8.610494303182186,1,True,0.10558898542936662
558,560,0.022727272727272728,10.809461715858513,0.019545454545454546,0.02727272727272727,9.409461715858518,12.909461715858505,False,12.740894907455921,18.7323594545639,1,False,0.0003577464782511635
559,561,0.11363636363636363,8.756063169966804,0.09909090909090909,0.12636363636363637,7.15606316996681,10.1560631699668,True,14.356820200838659,20.348284747946636,1,False,0.00015123087936912252
560,562,0.03272727272727273,10.79917228798039,0.02909090909090909,0.038181818181818185,9.699172287980394,11.999172287980386,True,7.718862587586322,13.710327134694301,1,False,0.005464681403958211
561,563,0.5727272727272728,2.9000000000000004,0.4,0.8909090909090909,0.0,6.300000000000001,True,1.1048229890905017,7.0962875361984805,1,True,0.29321009092604733
562,564,0.05,10.46329088202783,0.046363636363636364,0.06,9.663290882027832,12.363290882027822,False,13.478684050677419,19.470148597785396,1,False,0.00024128896762449242
563,565,0.1090909090909091,9.794585430865848,0.09,0.12454545454545454,7.794585430865855,11.69458543086584,True,20.459339055706643,26.450803602814624,1,False,6.091160691126244e-06
564,566,0.2,3.3000000000000003,0.16818181818181818,0.2545454545454545,2.0,4.9,True,8.760000569409522,14.751465116517501,1,False,0.003079089529709169
565,567,0.07018181818181819,7.4438864100864315,0.060909090909090906,0.07954545454545454,5.643886410086438,9.043886410086426,False,2.092131694460168,8.083596241568147,1,True,0.1480593504882615
566,568,0.2727272727272727,8.574825612778469,0.23636363636363636,0.2909090909090909,7.574825612778468,9.17482561277847,True,1.5356191065465745,7.527083653654554,1,True,0.21527107211147997
567,569,0.04181818181818182,10.753250160419944,0.034545454545454546,0.04818181818181819,8.95325016041995,12.353250160419938,True,8.978013596123235,14.969478143231214,1,False,0.002732475393140083
568,570,0.023636363636363636,3.111257615477099,0.019545454545454546,0.02727272727272727,1.311257615477099,4.711257615477098,False,7.642357953110231,13.63382250021821,1,False,0.005701334034399127
569,571,0.09363636363636364,8.49981032686368,0.07727272727272727,0.1090909090909091,6.399810326863687,10.199810326863673,True,13.083466397387781,19.07493094449576,1,False,0.00029791363962032943
570,572,0.2636363636363636,3.6,0.2272727272727273,0.2909090909090909,2.5,4.5,True,1.0047631621114634,6.9962277092194425,1,True,0.3161607004379593
571,573,0.012272727272727272,9.206751136711052,0.01090909090909091,0.014545454545454545,8.106751136711056,11.206751136711045,False,3.9315595728461474,9.923024119954126,1,False,0.047387978171093297
572,574,0.06727272727272728,6.903894302959053,0.057272727272727274,0.07863636363636364,5.103894302959059,8.703894302959046,True,10.384344356132727,16.375808903240706,1,False,0.0012708830869024507
573,575,0.17272727272727273,3.3000000000000003,0.1590909090909091,0.1972727272727273,2.1,4.1000000000000005,False,0.9461264135379617,6.937590960645941,1,True,0.33070724921522193
574,576,0.2545454545454545,12.016074831760035,0.2181818181818182,0.2818181818181818,10.916074831760039,12.916074831760032,False,6.954148143396189,12.945612690504168,1,False,0.008362510747618918
575,577,0.06909090909090909,3.1993015473720154,0.060909090909090906,0.07772727272727273,1.6993015473720154,4.6993015473720146,True,6.150672034257734,12.142136581365712,1,False,0.013136217555207604
577,579,0.02,10.607589542567808,0.01818181818181818,0.023636363636363636,9.607589542567812,12.007589542567803,False,16.413024993630177,22.404489540738155,1,False,5.0934032156677634e-05
578,580,0.17272727272727273,7.984898916442431,0.14454545454545453,0.2181818181818182,5.384898916442429,9.484898916442432,True,4.933911459485433,10.925376006593412,1,False,0.026334644435803203
579,581,0.02727272727272727,11.714578339115269,0.023636363636363636,0.031818181818181815,10.114578339115274,13.314578339115263,False,9.101570578854952,15.093035125962931,1,False,0.0025539010323289944
580,582,0.07163636363636364,8.827682006258605,0.06272727272727273,0.08181818181818182,7.327682006258611,10.4276820062586,True,23.135483740615832,29.126948287723813,1,False,1.509786749595954e-06
581,583,0.07254545454545454,13.466676083306963,0.06454545454545454,0.09272727272727273,12.366676083306967,16.166676083306953,True,6.777601321286498,12.769065868394478,1,False,0.009230885759704068
582,584,0.026363636363636363,12.083741400752595,0.022727272727272728,0.03,10.5837414007526,13.68374140075259,True,4.309361141127591,10.30082568823557,1,False,0.03790319334841222
583,585,0.015,9.707746084276017,0.013181818181818182,0.017727272727272727,8.207746084276023,11.307746084276012,False,7.55884031445542,13.550304861563399,1,False,0.0059716406803322925
584,586,0.14636363636363636,8.067599664292437,0.13181818181818183,0.16090909090909092,6.667599664292435,9.467599664292438,False,1.8387037254386818,7.830168272546661,1,True,0.1751029545660961
585,587,0.1390909090909091,9.457057871290791,0.12818181818181817,0.15181818181818182,8.357057871290795,10.757057871290787,True,3.8841766934894197,9.8756412405974,1,False,0.048743155510290986
586,588,0.11181818181818182,7.835741437965533,0.09636363636363636,0.12818181818181817,5.9357414379655395,9.635741437965526,True,3.205349144719531,9.19681369182751,1,True,0.07339784141996744
588,590,0.509090909090909,7.2,0.4181818181818182,0.6545454545454545,5.5,9.1,False,32.991283526521016,38.982748073629,1,False,9.257297692473838e-09
589,591,0.02909090909090909,9.50799250815446,0.025454545454545455,0.034545454545454546,8.007992508154466,11.107992508154455,False,7.842922100439802,13.834386647547781,1,False,0.005102006838282193
590,592,0.02909090909090909,13.483693627031423,0.026363636363636363,0.031818181818181815,12.283693627031427,14.28369362703142,False,32.68790653380294,38.67937108091092,1,False,1.08208382544084e-08
592,594,0.34545454545454546,3.8000000000000003,0.3,0.39090909090909093,2.7,4.9,False,28.66722484936397,34.65868939647195,1,False,8.594609897246667e-08
593,595,0.2545454545454545,7.338359773493941,0.2181818181818182,0.2818181818181818,6.438359773493941,8.138359773493942,True,0.3743143382535289,6.365778885361508,1,True,0.5406619249772759
594,596,0.026363636363636363,4.939631200159679,0.022727272727272728,0.02909090909090909,3.239631200159678,6.1396312001596804,False,14.282904667942104,20.274369215050083,1,False,0.00015728688494564896
595,597,0.06363636363636364,10.825078995164283,0.05454545454545455,0.07363636363636364,9.125078995164289,12.625078995164277,True,8.144816312082384,14.136280859190363,1,False,0.004318442956963276
596,598,0.011363636363636364,16.423160667725572,0.01,0.014545454545454545,15.023160667725577,19.32316066772556,False,17.663615538210006,23.655080085317984,1,False,2.6362135041327248e-05
597,599,0.24545454545454545,9.140792011257249,0.2090909090909091,0.2818181818181818,8.040792011257253,10.240792011257245,True,5.371830169760111,11.36329471686809,1,False,0.020464494409569493
598,600,0.2,6.990193652591993,0.16818181818181818,0.23636363636363636,5.7901936525919915,8.090193652591994,True,5.1213345809511015,11.11279912805908,1,False,0.02363343418256929
599,601,0.02727272727272727,4.39481472163345,0.023636363636363636,0.030909090909090907,2.8948147216334505,5.79481472163345,True,8.64174159341784,14.63320614052582,1,False,0.003285472081961088
600,602,0.023636363636363636,19.135545280076485,0.02,0.028181818181818183,17.635545280076464,21.035545280076512,False,12.514342231192837,18.505806778300816,1,False,0.00040383993827815257
601,603,0.015454545454545453,3.0,0.013636363636363636,0.017272727272727273,1.6,4.0,True,1.5683742605031283,7.559838807611108,1,True,0.21044326763898769
602,604,0.019090909090909092,8.733243294167142,0.015,0.025454545454545455,6.333243294167151,11.733243294167131,True,6.715819611805964,12.707284158913943,1,False,0.009556136213629692
604,606,0.12090909090909091,3.5,0.10636363636363637,0.13727272727272727,1.9000000000000001,5.1000000000000005,True,5.328451725346174,11.319916272454153,1,False,0.02098001458830955
606,608,1.4,4.0,1.009090909090909,1.4,1.2000000000000002,4.3,False,4.9121501674889005,10.90361471459688,1,False,0.026668423570745625
607,609,0.04272727272727273,14.21308966929119,0.03727272727272728,0.05,12.913089669291194,16.213089669291183,False,17.911856701293253,23.903321248401234,1,False,2.3137515900266692e-05
608,610,0.053636363636363635,6.853506645391335,0.04454545454545455,0.06454545454545454,4.653506645391333,8.853506645391338,True,3.073870691705177,9.065335238813155,1,True,0.0795598315418171
609,611,0.15,8.057661344080827,0.13727272727272727,0.16090909090909092,6.957661344080831,9.157661344080823,True,11.603497524175696,17.594962071283675,1,False,0.000658279050785116
610,612,0.014090909090909091,14.769861748372072,0.013181818181818182,0.016363636363636365,13.969861748372075,16.469861748372068,False,50.51699415651196,56.508458703619944,1,False,1.1813737389851915e-12
611,613,0.33636363636363636,7.261730304419854,0.2727272727272727,0.4,5.561730304419852,8.861730304419854,True,0.46607763652028733,6.4575421836282665,1,True,0.49479719510471254
612,614,0.06272727272727273,13.438140697217408,0.060909090909090906,0.07090909090909091,13.338140697217408,15.038140697217402,False,29.570944356114058,35.562408903222035,1,False,5.390698948668687e-08
613,615,0.2272727272727273,9.794675876684678,0.2090909090909091,0.2545454545454545,9.29467587668468,10.694675876684675,False,2.423296091320405,8.414760638428383,1,True,0.11954316289986269
614,616,0.6272727272727272,6.7788164921813845,0.5,0.7818181818181819,4.878816492181385,8.678816492181383,False,3.4336710961947468,9.425135643302726,1,True,0.06387995710137806
615,617,0.06636363636363636,15.245379029320912,0.060909090909090906,0.07418181818181818,14.445379029320915,16.645379029320907,False,15.677881220240035,21.669345767348013,1,False,7.509727585601707e-05
616,618,0.02909090909090909,4.067609224843526,0.025454545454545455,0.034545454545454546,2.467609224843524,5.767609224843527,True,6.044329176112508,12.035793723220486,1,False,0.013951032718302914
617,619,0.01,15.836443344406039,0.01,0.011363636363636364,15.63644334440604,17.136443344406032,False,18.249655653183535,24.241120200291512,1,False,1.937609741268297e-05
618,620,0.045454545454545456,8.103767778145432,0.04,0.05,6.703767778145437,9.303767778145428,False,1.1605646538949015,7.152029201002881,1,True,0.28134846697166804
619,621,0.02909090909090909,12.843637883208604,0.025454545454545455,0.035454545454545454,11.34363788320861,14.643637883208598,False,9.294941855093745,15.286406402201724,1,False,0.002297874343113538
620,622,0.06454545454545454,9.265456250458115,0.053636363636363635,0.07590909090909091,7.265456250458122,11.165456250458108,True,8.629301049165827,14.620765596273806,1,False,0.0033079847219920507
622,624,0.24545454545454545,4.6000000000000005,0.2090909090909091,0.2818181818181818,3.5,5.7,True,2.151307489728987,8.142772036836966,1,True,0.14244853544068112
623,625,0.2909090909090909,6.605903523741515,0.2545454545454545,0.32727272727272727,5.605903523741514,7.405903523741515,True,2.9750860463102784,8.966550593418258,1,True,0.0845556305183228
624,626,0.038181818181818185,5.080964804335329,0.030909090909090907,0.04363636363636364,3.2809648043353272,6.48096480433533,True,6.86247678067317,12.853941327781149,1,False,0.008802445417316607
625,627,0.08090909090909092,7.469876997893513,0.07072727272727274,0.09727272727272727,5.869876997893519,9.369876997893506,True,5.017747090333211,11.00921163744119,1,False,0.025088791451924185
626,628,0.015,9.571790834059495,0.013181818181818182,0.017272727272727273,8.1717908340595,10.771790834059491,False,23.33440577736031,29.32587032446829,1,False,1.3614279229522339e-06
627,629,0.4363636363636364,6.225335111287102,0.37272727272727274,0.5363636363636364,5.025335111287101,7.825335111287101,True,3.5839996315726035,9.575464178680583,1,True,0.058338531623561216
629,631,0.04363636363636364,2.154111771717205,0.038181818181818185,0.049090909090909095,0.6541117717172052,3.5541117717172046,True,9.767699002110005,15.759163549217984,1,False,0.0017760459300324896
630,632,0.1590909090909091,13.69878716820285,0.1481818181818182,0.16636363636363638,12.698787168202854,14.598787168202847,False,45.51281455364286,51.50427910075084,1,False,1.516434528784939e-11
631,633,0.03,12.307515712082052,0.026363636363636363,0.03363636363636364,10.807515712082058,13.10751571208205,False,10.598925865046715,16.590390412154694,1,False,0.001131533778290883
632,634,0.014090909090909091,12.79785139012805,0.012272727272727272,0.01681818181818182,11.297851390128056,14.597851390128044,False,12.679447727494976,18.670912274602955,1,False,0.0003696967497539154
633,635,0.07772727272727273,6.478467754961196,0.07,0.08727272727272727,5.278467754961195,7.778467754961197,False,6.432977733633095,12.424442280741074,1,False,0.011202062103000886
634,636,0.08090909090909092,15.89073680920146,0.06818181818181819,0.10545454545454545,14.090736809201466,18.69073680920145,True,5.31940110867939,11.310865655787369,1,False,0.02108925839652942
635,637,0.016363636363636365,11.022794189664323,0.014545454545454545,0.019090909090909092,9.822794189664327,12.522794189664317,False,20.552902688610356,26.544367235718333,1,False,5.800576781386522e-06
636,638,0.01,15.80830937685482,0.01,0.01090909090909091,15.608309376854821,16.708309376854817,False,31.694045550919284,37.685510098027265,1,False,1.804746847454274e-08
637,639,0.13,9.197995711901422,0.1190909090909091,0.14272727272727273,8.097995711901426,10.397995711901418,True,19.348624748854704,25.340089295962684,1,False,1.0889764433761093e-05
638,640,0.2818181818181818,8.352492292874663,0.24545454545454545,0.3181818181818182,7.252492292874662,9.352492292874663,True,1.9783658972543257,7.969830444362305,1,True,0.1595626619862972
639,641,0.07163636363636364,19.326419937550426,0.06363636363636364,0.08090909090909092,17.826419937550433,20.82641993755042,False,1.861225169561644,7.852689716669623,1,True,0.1724834647114094
640,642,0.24545454545454545,9.004438018660943,0.2181818181818182,0.2727272727272727,8.104438018660947,9.604438018660941,True,3.398204295401289,9.389668842509268,1,True,0.0652674352448746
641,643,0.03636363636363636,6.418231961000999,0.030909090909090907,0.04181818181818182,5.118231961000998,7.818231961001,False,0.2386416745390943,6.230106221647073,1,True,0.625188894758125
642,644,0.16636363636363638,10.764642797983909,0.15545454545454546,0.1890909090909091,9.564642797983913,11.864642797983905,True,12.756635482616293,18.74810002972427,1,False,0.0003547484292157704
643,645,0.05272727272727273,7.5615507143899805,0.04727272727272727,0.06181818181818182,6.361550714389985,9.261550714389974,True,3.5271859925679063,9.518650539675885,1,True,0.0603701670413793
644,646,0.1572727272727273,4.288968251466803,0.1481818181818182,0.16818181818181818,3.388968251466803,5.388968251466803,False,6.741615550583464,12.733080097691442,1,False,0.009418929014230778
645,647,0.1572727272727273,8.574481487288523,0.14636363636363636,0.1781818181818182,7.474481487288527,10.174481487288517,True,6.058582425217017,12.050046972324996,1,False,0.013838872621449599
647,649,0.2,7.846543752613692,0.17545454545454547,0.2272727272727273,7.046543752613691,8.646543752613692,False,0.217459481075715,6.208924028183694,1,True,0.6409825217900482
648,650,0.12090909090909091,9.073336431345004,0.11181818181818182,0.13181818181818183,8.073336431345007,10.273336431345,True,10.086920486986795,16.078385034094772,1,False,0.0014932544977151391
650,652,0.3181818181818182,8.206358311161635,0.2727272727272727,0.37272727272727274,7.006358311161634,9.606358311161637,False,3.977829823534069,9.969294370642048,1,False,0.04610292577322241
651,653,0.3090909090909091,9.142191759854855,0.2818181818181818,0.34545454545454546,8.442191759854857,10.042191759854852,True,0.8279345867677799,6.819399133875759,1,True,0.36287044546888103
652,654,0.06,6.226479783357247,0.05181818181818182,0.07018181818181819,4.626479783357253,7.926479783357241,True,10.999151048945322,16.990615596053303,1,False,0.0009115363010256557
653,655,0.11363636363636363,8.446659100346428,0.1,0.12090909090909091,6.9466591003464275,9.44665910034643,False,0.818901734322378,6.810366281430357,1,True,0.36550146867327915
654,656,0.012272727272727272,13.77161803385512,0.010454545454545454,0.014090909090909091,12.171618033855125,15.271618033855114,False,12.669689093886419,18.6611536409944,1,False,0.0003716313241457526
655,657,0.1781818181818182,7.290801571075119,0.16090909090909092,0.2,6.090801571075118,8.090801571075119,True,6.3762796585043695,12.367744205612349,1,False,0.011565561838743648
656,658,0.011818181818181818,8.353511362791394,0.010454545454545454,0.013636363636363636,7.253511362791398,9.75351136279139,False,15.339763580207144,21.33122812731512,1,False,8.98061920154394e-05
658,660,0.36363636363636365,5.800000000000001,0.3090909090909091,0.4090909090909091,4.4,6.7,False,19.495338253344887,25.486802800452864,1,False,1.0084549418158901e-05
659,661,0.03909090909090909,4.668011870749314,0.034545454545454546,0.04272727272727273,3.468011870749313,5.668011870749314,True,8.176866059682197,14.168330606790176,1,False,0.004242799901336901
660,662,0.05,11.6499080219903,0.045454545454545456,0.05545454545454545,10.349908021990304,12.649908021990296,False,22.121837140355275,28.113301687463256,1,False,2.5588235924069388e-06
662,664,0.2909090909090909,10.964689328072032,0.2727272727272727,0.32727272727272727,10.464689328072033,11.764689328072029,False,0.5640717848797815,6.555536331987761,1,True,0.4526242950139159
663,665,0.05454545454545455,10.021775939743918,0.049090909090909095,0.06272727272727273,8.821775939743922,11.521775939743913,True,6.650949693390021,12.642414240497999,1,False,0.009910298786319445
664,666,0.15181818181818182,15.648733288967026,0.1409090909090909,0.16636363636363638,14.54873328896703,17.148733288967023,False,19.59831458891072,25.5897791360187,1,False,9.555345318340592e-06
665,667,0.16636363636363638,16.245489363703246,0.1572727272727273,0.1890909090909091,15.34548936370325,17.245489363703243,False,21.628935491193964,27.620400038301945,1,False,3.3082319022984e-06
666,668,0.04818181818181819,11.79562824079789,0.04727272727272727,0.05454545454545455,11.695628240797891,13.095628240797886,False,21.09048828185609,27.08195282896407,1,False,4.380973434560514e-06
667,669,0.07727272727272727,11.614939201865816,0.060909090909090906,0.10272727272727274,8.714939201865826,14.614939201865806,True,0.6598309676591342,6.651295514767114,1,True,0.4166196243861571
668,670,0.04363636363636364,9.372947958487055,0.034545454545454546,0.056363636363636366,6.9729479584870635,12.172947958487045,True,0.9008687767876011,6.89233332389558,1,True,0.3425488669509701
669,671,0.06909090909090909,8.387335520347808,0.056363636363636366,0.08272727272727273,6.087335520347816,10.4873355203478,True,6.033299677195335,12.024764224303315,1,False,0.014038466425471683
670,672,0.15545454545454546,7.988676731239592,0.14272727272727273,0.16636363636363638,6.788676731239591,9.188676731239592,True,2.588452386073927,8.579916933181906,1,True,0.10764547001287612
671,673,0.13181818181818183,7.736879352835798,0.1190909090909091,0.14454545454545453,6.336879352835796,8.936879352835799,False,1.8077841142253135,7.7992486613332925,1,True,0.1787742749785672
672,674,0.01,18.684887918236704,0.01,0.011363636363636364,18.184887918236704,19.984887918236698,False,38.677582970295646,44.66904751740363,1,False,4.999177089838211e-10
673,675,0.14636363636363636,16.071990126760284,0.13363636363636364,0.1572727272727273,14.871990126760288,17.07199012676028,True,1.1531497889232165,7.144614336031196,1,True,0.2828907579353803
674,676,0.01,14.119302889397607,0.01,0.010454545454545454,14.019302889397608,14.519302889397606,False,45.683170450485555,51.674634997593536,1,False,1.3901199905083748e-11
675,677,0.03,3.538683998963199,0.028181818181818183,0.035454545454545454,2.8386839989631985,5.038683998963201,False,13.150521908206697,19.141986455314676,1,False,0.0002874391689222746
676,678,0.05909090909090909,13.221337052787566,0.053636363636363635,0.06818181818181819,12.32133705278757,14.92133705278756,False,21.8177102092707,27.80917475637868,1,False,2.998198695014504e-06
678,680,0.24545454545454545,9.499423562100827,0.2181818181818182,0.2818181818181818,8.69942356210083,10.499423562100823,True,3.233265875115589,9.224730422223569,1,True,0.07215665681577615
679,681,0.4272727272727273,11.003431863333557,0.32727272727272727,0.5909090909090908,8.803431863333564,13.603431863333547,True,0.3872129173511014,6.378677464459081,1,True,0.5337680608414398
680,682,0.24545454545454545,8.223212111143367,0.2181818181818182,0.2818181818181818,7.4232121111433695,9.423212111143362,True,2.787835101083148,8.779299648191127,1,True,0.09498246764114729
681,683,0.1390909090909091,31.199019213104407,0.12818181818181817,0.15181818181818182,30.09901921310439,32.499019213104425,False,37.84945378112512,43.8409183282331,1,False,7.641977680910167e-10
682,684,0.13181818181818183,3.5,0.1190909090909091,0.14454545454545453,2.1,4.6000000000000005,False,2.2144920396550978,8.205956586763076,1,True,0.1367200556644928
683,685,0.015,5.474227979163477,0.013181818181818182,0.017272727272727273,3.974227979163476,6.874227979163479,False,15.343031476323528,21.334496023431505,1,False,8.965098771312179e-05
684,686,0.9181818181818182,9.939480202662379,0.7454545454545455,0.9454545454545454,8.23948020266238,10.039480202662379,False,19.60439877252081,25.59586331962879,1,False,9.5249652339698e-06
686,688,0.03363636363636364,4.7933129969848824,0.03,0.03727272727272728,3.793312996984882,5.693312996984884,True,13.067381525467583,19.058846072575562,1,False,0.00030048290470874897
687,689,0.09363636363636364,5.6304589738118,0.08272727272727273,0.10545454545454545,4.430458973811799,6.830458973811801,False,6.713063674917283,12.704528222025262,1,False,0.009570915448516602
688,690,0.04454545454545455,8.723192447001137,0.038181818181818185,0.05090909090909091,7.123192447001143,10.223192447001132,True,8.14104409785985,14.13250864496783,1,False,0.004327435889048747
689,691,0.019545454545454546,5.556387278952087,0.014545454545454545,0.03363636363636364,3.2563872789520847,11.05638727895209,True,1.4544332247822167,7.445897771890196,1,True,0.22781793407314258
690,692,0.06272727272727273,12.136573523326781,0.05454545454545455,0.07163636363636364,10.636573523326787,13.636573523326776,False,0.47391240328559325,6.465376950393573,1,True,0.4911927649098111
691,693,0.014090909090909091,16.150196789754744,0.011818181818181818,0.017727272727272727,14.150196789754752,18.450196789754735,True,0.2152082973813077,6.206672844489287,1,True,0.6427154641535142
692,694,0.015454545454545453,4.560795138065011,0.014090909090909091,0.017272727272727273,3.5607951380650102,5.560795138065012,False,24.822666754896446,30.814131302004427,1,False,6.285399794011685e-07
693,695,0.031818181818181815,4.1000000000000005,0.028181818181818183,0.03727272727272728,2.8000000000000003,5.4,True,5.056192303751869,11.047656850859848,1,False,0.0245380931561548
694,696,0.02727272727272727,9.667233229608009,0.024545454545454544,0.030909090909090907,8.467233229608013,11.067233229608004,False,10.648344714254366,16.639809261362345,1,False,0.0011016946283163907
695,697,0.2,9.71324262666187,0.17545454545454547,0.2272727272727273,8.913242626661873,10.613242626661867,False,1.379314391404069,7.370778938512048,1,True,0.24021796592905006
696,698,0.23636363636363636,15.433476070104572,0.19181818181818183,0.2727272727272727,14.033476070104577,16.633476070104567,False,4.588906069947063,10.580370617055042,1,False,0.03217954628761967
697,699,0.07772727272727273,15.518562135970033,0.07309090909090908,0.09363636363636364,14.918562135970035,17.518562135970026,False,18.293982019497086,24.285446566605067,1,False,1.893042453949931e-05
698,700,0.05545454545454545,4.325652382226952,0.04727272727272727,0.06636363636363636,2.42565238222695,6.325652382226954,True,3.5880311420143247,9.579495689122304,1,True,0.058197154687650056
699,701,0.06363636363636364,8.438168715385808,0.05545454545454545,0.09090909090909091,7.438168715385812,12.538168715385794,True,3.9126422077594665,9.904106754867446,1,False,0.04792419532579061
700,702,0.36363636363636365,8.497458451886367,0.2818181818181818,0.4818181818181818,6.497458451886364,10.697458451886368,True,0.14129601838289335,6.132760565490872,1,True,0.7069959790151086
701,703,0.2545454545454545,5.976770027266426,0.2272727272727273,0.2818181818181818,5.176770027266425,6.876770027266426,True,2.538174433752732,8.52963898086071,1,True,0.11112320062685255
702,704,0.1809090909090909,6.060723687692339,0.16454545454545455,0.2,5.160723687692339,6.86072368769234,False,0.7811196276850413,6.77258417479302,1,True,0.3767989364513913
703,705,0.4545454545454546,3.4000000000000004,0.3,0.8181818181818182,0.0,8.1,True,0.0936647951745052,6.085129342282484,1,True,0.7595688246670576
705,707,0.02090909090909091,8.799355051611888,0.017727272727272727,0.024545454545454544,6.999355051611895,10.299355051611883,False,18.844268283619876,24.835732830727856,1,False,1.4183666897859018e-05
706,708,0.015454545454545453,10.740552915837732,0.013636363636363636,0.017727272727272727,9.440552915837737,11.940552915837728,False,5.362649409101789,11.354113956209769,1,False,0.020572496580041323
707,709,0.2090909090909091,4.4,0.17,0.24545454545454545,3.1,5.4,True,4.445382807734184,10.436847354842163,1,False,0.03499574351721441
709,711,0.1481818181818182,6.018654179355747,0.13727272727272727,0.16090909090909092,5.018654179355747,7.218654179355746,False,0.3369813487927706,6.3284458959007495,1,True,0.561576848712361
710,712,0.3181818181818182,7.853372108232411,0.2909090909090909,0.35454545454545455,7.15337210823241,8.65337210823241,False,0.893642419115192,6.885106966223171,1,True,0.3444921519427012
711,713,0.1890909090909091,9.918225761241041,0.17,0.2090909090909091,9.418225761241043,10.51822576124104,False,1.279633055751102,7.271097602859081,1,True,0.25796727350904114
712,714,0.24545454545454545,8.120643080148083,0.19454545454545455,0.2818181818181818,6.620643080148081,9.320643080148084,True,0.09528650205200465,6.086751049159984,1,True,0.757561065490417
713,715,0.1481818181818182,7.6492047270403845,0.13545454545454547,0.1590909090909091,6.449204727040383,8.849204727040386,False,0.4389659664361798,6.430430513544159,1,True,0.507621961986829
714,716,0.1590909090909091,10.471568597347826,0.14454545454545453,0.16818181818181818,9.07156859734783,11.471568597347822,False,14.525100025954078,20.516564573062055,1,False,0.00013830449330951163
715,717,0.2090909090909091,10.938519357288598,0.1890909090909091,0.24545454545454545,10.3385193572886,11.938519357288595,True,2.035969453046403,8.027434000154383,1,True,0.15361621219095573
716,718,0.8181818181818182,10.259410447894266,0.6636363636363636,0.8454545454545455,8.559410447894267,10.259410447894266,False,20.941679635771855,26.933144182879836,1,False,4.734798073532193e-06
717,719,0.015454545454545453,11.950277811898609,0.014090909090909091,0.01863636363636364,10.850277811898613,13.650277811898603,False,10.882152703345232,16.87361725045321,1,False,0.000970953286462962
718,720,0.13727272727272727,13.393936459433831,0.12636363636363637,0.15,12.193936459433836,14.693936459433827,True,5.526512733638333,11.517977280746312,1,False,0.018730400771794296
719,721,0.16818181818181818,7.555704609118463,0.1481818181818182,0.2,5.55570460911847,8.855704609118458,True,11.982645255687835,17.974109802795816,1,False,0.0005369830334138096
720,722,0.8636363636363636,15.044929085123083,0.6545454545454545,1.1090909090909091,12.844929085123091,17.044929085123076,True,0.6374075744351977,6.628872121543177,1,True,0.4246511139760606
722,724,0.10636363636363637,7.085390353034418,0.09272727272727273,0.11727272727272728,5.785390353034417,8.385390353034419,False,2.643424331450247,8.634888878558225,1,True,0.10397920597991687
723,725,0.7272727272727273,17.648497776050846,0.5454545454545454,1.0,15.348497776050856,20.048497776050837,True,1.754340229252969,7.7458047763609486,1,True,0.18533203413973365
725,727,1.2272727272727273,17.696720023215033,0.8454545454545455,1.2818181818181817,14.796720023215043,17.696720023215033,False,20.009787270115417,26.001251817223398,1,False,7.70468008416063e-06
726,728,0.3,26.10418197660584,0.2636363636363636,0.34545454545454546,25.104181976605826,27.204181976605856,False,1.285843978754786,7.2773085258627646,1,True,0.2568152674102888
727,729,0.5545454545454546,23.962761307096358,0.4727272727272727,0.6909090909090909,22.76276130709634,25.662761307096382,False,1.2420392878129694,7.233503834920948,1,True,0.26507839500473196
728,730,0.17545454545454547,8.33949381030192,0.16272727272727272,0.2,7.339493810301919,9.03949381030192,True,5.277957839461638,11.269422386569616,1,False,0.021597064776381045
730,732,0.23636363636363636,5.841764613976987,0.2090909090909091,0.2727272727272727,5.141764613976987,6.841764613976988,True,3.124760424501763,9.116224971609743,1,True,0.07711120557272612
731,733,0.028181818181818183,17.43398833252723,0.025454545454545455,0.03363636363636364,16.233988332527233,19.033988332527223,False,7.920525263554353,13.911989810662332,1,False,0.004887708004438502
732,734,0.025454545454545455,8.879133092258622,0.02181818181818182,0.028181818181818183,7.379133092258627,10.079133092258617,False,24.604048407245855,30.595512954353836,1,False,7.040367080655014e-07
734,736,0.35454545454545455,24.565650078031585,0.3,0.4090909090909091,23.265650078031566,25.965650078031604,False,0.10917993303373677,6.100644480141716,1,True,0.7410797087326135
735,737,0.014090909090909091,4.0,0.012272727272727272,0.015909090909090907,2.5,5.300000000000001,False,4.698531460126155,10.689996007234134,1,False,0.030188401276317132
738,740,0.015454545454545453,2.6,0.012727272727272728,0.02090909090909091,0.4,5.5,True,2.9187072849298454,8.910171832037825,1,True,0.08755798362622165
739,741,0.03,3.3000000000000003,0.026363636363636363,0.035454545454545454,1.8,4.6000000000000005,True,8.251314121786532,14.24277866889451,1,False,0.004072250960912898
741,743,0.16818181818181818,20.97998039166573,0.1572727272727273,0.19454545454545455,19.879980391665715,22.079980391665746,False,18.24714461497274,24.23860916208072,1,False,1.9401657438062835e-05
742,744,0.06,21.24955320721555,0.05272727272727273,0.06818181818181819,19.94955320721553,22.74955320721557,False,0.22171963511668025,6.213184182224659,1,True,0.6377327549880007
743,745,0.06181818181818182,19.32998725821505,0.060909090909090906,0.07309090909090908,19.32998725821505,21.329987258215077,False,15.820205254653054,21.811669801761035,1,False,6.965470220193773e-05
744,746,0.016363636363636365,11.301740970303419,0.014090909090909091,0.019090909090909092,9.801740970303424,12.801740970303413,False,17.506961240611055,23.498425787719036,1,False,2.862576530983765e-05
746,748,0.4727272727272727,35.853631212455326,0.39090909090909093,0.5818181818181818,34.353631212455305,37.35363121245535,False,6.0274037442898685,12.018868291397848,1,False,0.01408543606895476
747,749,0.4363636363636364,15.643976990218173,0.39090909090909093,0.509090909090909,14.743976990218176,16.943976990218168,False,2.503656283472356,8.495120830580335,1,True,0.11358232698825256
749,751,0.33636363636363636,25.127700117934747,0.2818181818181818,0.39090909090909093,23.727700117934727,26.62770011793477,False,2.315407956413047,8.306872503521026,1,True,0.12809768900175522
750,752,0.14636363636363636,8.505246474539032,0.13363636363636364,0.1572727272727273,7.405246474539036,9.505246474539028,True,7.434297343024438,13.425761890132417,1,False,0.006399234498918108
753,755,0.012272727272727272,12.34869378258875,0.01,0.015454545454545453,10.148693782588758,14.948693782588741,True,0.14952794076128537,6.140992487869265,1,True,0.6989868837295985
754,756,0.022727272727272728,9.124434314577059,0.01863636363636364,0.02727272727272727,7.324434314577065,11.224434314577051,True,5.369974899683026,11.361439446791005,1,False,0.020486272356059106
756,758,0.02727272727272727,7.689590133838681,0.023636363636363636,0.02909090909090909,6.189590133838687,8.589590133838678,False,9.364619667707425,15.356084214815404,1,False,0.002212138952175232
757,759,0.4636363636363636,15.348836806406078,0.4181818181818182,0.5363636363636364,14.548836806406081,16.548836806406072,False,10.911409377815184,16.902873924923163,1,False,0.0009557378415610785
758,760,0.04090909090909091,10.019826827686632,0.03363636363636364,0.046363636363636364,8.119826827686639,11.319826827686628,True,0.2497590833884922,6.241223630496472,1,True,0.6172447653318736
760,762,0.5,8.201935262277818,0.4181818181818182,0.6,6.701935262277816,9.701935262277818,True,0.1311050267701161,6.122569573878095,1,True,0.717289049541753
761,763,0.028181818181818183,3.718225184647155,0.024545454545454544,0.03363636363636364,2.1182251846471534,5.418225184647156,True,6.678244864849716,12.669709411957694,1,False,0.009759667690642314
762,764,0.12818181818181817,11.14555997005958,0.1190909090909091,0.1390909090909091,10.145559970059583,12.245559970059576,True,11.724552869161311,17.71601741626929,1,False,0.0006168086681157351
763,765,0.12272727272727273,5.653907289443226,0.10727272727272727,0.13727272727272727,3.9539072894432246,7.153907289443227,True,6.139321230745987,12.130785777853966,1,False,0.013220805330235402
764,766,0.11727272727272728,34.00403412437525,0.09363636363636364,0.1390909090909091,31.504034124375217,36.20403412437528,True,5.874223708697833,11.86568825580581,1,False,0.015364146132011184
765,767,0.9636363636363636,30.154687432431537,0.8363636363636364,1.1272727272727274,28.95468743243152,31.354687432431554,False,3.4744988760848914,9.465963423192871,1,True,0.06232159599755223
767,769,0.24545454545454545,10.037783535156464,0.2181818181818182,0.2636363636363636,9.237783535156467,10.537783535156462,False,0.4177013512622355,6.409165898370214,1,True,0.5180862594196958
768,770,0.06636363636363636,10.766782554526612,0.05909090909090909,0.07545454545454545,9.466782554526617,12.266782554526607,False,0.2396768422250961,6.231141389333075,1,True,0.6244396137929575
770,772,0.33636363636363636,4.5,0.2909090909090909,0.38181818181818183,3.4000000000000004,5.6000000000000005,False,15.366120558767625,21.357585105875604,1,False,8.85620657330284e-05
771,773,0.023636363636363636,8.460780853267636,0.02181818181818182,0.026363636363636363,7.660780853267639,9.560780853267632,True,21.467520068006714,27.458984615114694,1,False,3.5987282458906825e-06
773,775,0.1409090909090909,7.672201182351179,0.13,0.15363636363636363,6.5722011823511775,8.87220118235118,False,0.6332683042556078,6.624732851363587,1,True,0.42615900675852636
774,776,0.08363636363636363,14.805910371861202,0.07636363636363636,0.09545454545454546,13.705910371861206,16.305910371861195,False,3.4958528649309777,9.487317412038957,1,True,0.06152271119458735
775,777,0.2090909090909091,25.06129829559382,0.1781818181818182,0.2545454545454545,24.061298295593804,26.46129829559384,False,0.17363703101152833,6.165101578119508,1,True,0.6768994861380824
776,778,0.8636363636363636,32.68560728551924,0.7090909090909091,1.0363636363636364,31.38560728551922,34.18560728551926,False,2.3640959848411107,8.35556053194909,1,True,0.12415581782996062
777,779,0.2272727272727273,33.84457802422331,0.19454545454545455,0.24545454545454545,32.844578024223296,34.34457802422332,False,1.235490948064424,7.226955495172403,1,True,0.26634183099704556
778,780,0.056363636363636366,14.465652125206217,0.04818181818181819,0.06454545454545454,12.765652125206223,15.965652125206212,True,1.1385894694561245,7.130054016564103,1,True,0.285950577106149
779,781,0.24545454545454545,7.958430030189576,0.19181818181818183,0.2818181818181818,6.358430030189575,9.058430030189577,True,4.65141380698135,10.64287835408933,1,False,0.031027982059977404
780,782,0.03,8.140019664025898,0.026363636363636363,0.035454545454545454,6.640019664025903,9.540019664025893,False,16.405090346236076,22.396554893344053,1,False,5.1147687914047656e-05
781,783,0.8454545454545455,12.443825317270347,0.6818181818181818,1.0181818181818183,10.843825317270353,13.843825317270342,False,3.656081312874065,9.647545859982044,1,True,0.05586488115872227
782,784,0.9,15.668293435683692,0.6454545454545454,1.209090909090909,13.168293435683701,17.968293435683684,True,1.5774019777887003,7.568866524896679,1,True,0.20913531484727194
783,785,0.056363636363636366,4.787997260792077,0.05,0.06272727272727273,3.587997260792076,5.887997260792078,True,8.767044867193787,14.758509414301766,1,False,0.0030672199888647834
784,786,0.010454545454545454,9.74800629374078,0.01,0.013181818181818182,9.048006293740782,11.948006293740772,True,0.09599494224024514,6.087459489348224,1,True,0.7566898521683846
785,787,0.23636363636363636,11.189651798702325,0.2090909090909091,0.2727272727272727,10.489651798702328,12.189651798702322,False,0.3911390831506688,6.3826036302586475,1,True,0.5317012582804714
786,788,0.3,7.956391364931363,0.2727272727272727,0.32727272727272727,7.256391364931362,8.556391364931363,True,1.8864109924364676,7.877875539544447,1,True,0.16960728210214132
787,789,0.4,0.0,0.38181818181818183,0.5909090909090908,0.0,3.2,True,3.117082954312333,9.108547501420311,1,True,0.07747536181129944
788,790,0.07,5.0069944800304285,0.06272727272727273,0.07863636363636364,3.6069944800304268,6.406994480030429,True,8.305606126352231,14.29707067346021,1,False,0.003952289008111868
789,791,0.2272727272727273,11.839634337726013,0.19454545454545455,0.24545454545454545,10.939634337726016,12.43963433772601,False,2.901717577550861,8.89318212465884,1,True,0.08848522261511056
790,792,0.14636363636363636,7.295323713559014,0.13,0.16272727272727272,5.695323713559013,8.995323713559015,True,5.113105009764437,11.104569556872416,1,False,0.023745786112727013
791,793,0.2909090909090909,11.442669610664126,0.2545454545454545,0.3181818181818182,10.44266961066413,12.242669610664123,False,0.800266398682591,6.79173094579057,1,True,0.371013732634936
792,794,0.08727272727272727,42.55832092068421,0.08272727272727273,0.09545454545454546,42.55832092068421,43.25832092068422,False,128.47371186383657,134.46517641094454,1,False,8.841049660695242e-30
793,795,0.2636363636363636,22.834583697704716,0.2272727272727273,0.3,21.8345836977047,23.83458369770473,False,0.31174638692885104,6.30321093403683,1,True,0.5766105046031116
795,797,0.15545454545454546,17.8544916795755,0.1390909090909091,0.16818181818181818,16.354491679575503,19.154491679575493,True,7.218686637402881,13.21015118451086,1,False,0.007214847744028286
798,800,0.011818181818181818,4.37752444806405,0.01,0.014090909090909091,2.6775244480640508,6.37752444806405,False,5.9557524550232035,11.947217002131183,1,False,0.014669340442285166
799,801,0.23636363636363636,9.544999589543867,0.2090909090909091,0.2727272727272727,8.84499958954387,10.544999589543863,False,1.361893889307598,7.3533584364155775,1,True,0.2432095235720192
800,802,0.18636363636363637,4.716215121442761,0.16454545454545455,0.2181818181818182,3.616215121442761,5.81621512144276,True,7.337371863053203,13.328836410161182,1,False,0.006753550671305717
801,803,0.014545454545454545,18.053349125904845,0.014090909090909091,0.019090909090909092,17.75334912590484,20.853349125904884,False,15.268171817824522,21.2596363649325,1,False,9.327502389125035e-05
802,804,0.44545454545454544,9.10656946350933,0.36363636363636365,0.5818181818181818,7.40656946350933,11.306569463509334,True,2.092424248695196,8.083888795803174,1,True,0.1480310056243602
803,805,0.04818181818181819,15.638682441223894,0.04090909090909091,0.05909090909090909,13.7386824412239,17.738682441223887,False,7.1971224090143915,13.188586956122371,1,False,0.007302057627184135
804,806,0.34545454545454546,7.955571649169023,0.3,0.39090909090909093,6.855571649169022,8.955571649169023,True,0.17917618364710036,6.170640730755079,1,True,0.6720821731782347
805,807,0.10272727272727274,11.166164680500478,0.09181818181818181,0.11363636363636363,10.166164680500481,12.366164680500473,True,30.755131966639635,36.74659651374761,1,False,2.9272863290317333e-08
806,808,0.2909090909090909,9.636497393449801,0.2727272727272727,0.3090909090909091,9.136497393449803,10.1364973934498,False,7.130705251056625,13.122169798164604,1,False,0.0075774917532179485
807,809,0.09818181818181819,10.722945951410587,0.08727272727272727,0.11181818181818182,9.62294595141059,12.322945951410581,False,0.10079239420358058,6.092256941311559,1,True,0.7508807942919278
808,810,0.01,11.133666947253479,0.01,0.011818181818181818,10.73366694725348,12.733666947253473,False,4.065936188388288,10.057400735496266,1,False,0.043756423774800206
809,811,0.011818181818181818,8.431895446756945,0.01,0.014545454545454545,6.831895446756951,10.631895446756937,False,7.778871281428977,13.770335828536956,1,False,0.005286081437870366
810,812,0.10181818181818182,9.536734961628976,0.08181818181818182,0.12090909090909091,7.436734961628984,11.736734961628969,True,2.8574975293946796,8.848962076502659,1,True,0.0909488894672858
811,813,0.12090909090909091,10.342853647208734,0.11,0.13545454545454547,9.142853647208739,11.84285364720873,False,4.268684339946711,10.26014888705469,1,False,0.038820977229527674
812,814,1.009090909090909,12.305769744142106,0.8636363636363636,1.1454545454545455,11.105769744142105,13.105769744142107,False,28.426644675145326,34.41810922225331,1,False,9.731669286851631e-08
813,815,0.07772727272727273,13.433237893822206,0.07036363636363636,0.08636363636363636,12.33323789382221,14.633237893822201,False,0.277999684891358,6.269464231999337,1,True,0.5980153012560847
815,817,0.07390909090909091,23.28207843334259,0.06454545454545454,0.08545454545454545,21.682078433342568,24.982078433342615,False,9.102013423866886,15.093477970974865,1,False,0.0025532827748906547
816,818,0.509090909090909,23.843133074646634,0.44545454545454544,0.6181818181818182,22.543133074646615,25.343133074646655,False,7.6951076148305555,13.686572161938535,1,False,0.005537070830500511
817,819,0.045454545454545456,14.054905137036503,0.03909090909090909,0.05090909090909091,12.454905137036508,15.454905137036498,False,9.823238775290573,15.814703322398552,1,False,0.0017232063022151146
818,820,0.2818181818181818,11.182966514130745,0.2545454545454545,0.3,10.382966514130748,11.682966514130744,True,0.6328448721390564,6.6243094192470355,1,True,0.42631371238640026
819,821,0.2727272727272727,3.9000000000000004,0.23636363636363636,0.3090909090909091,2.8000000000000003,4.9,True,2.3487929279239665,8.340257475031946,1,True,0.12538005841962624
820,822,1.4,4.4047990228498595,1.1272727272727274,1.4,2.6047990228498596,4.904799022849859,False,11.433315787396436,17.424780334504415,1,False,0.0007213883432053293
821,823,0.03636363636363636,17.809521442267158,0.030909090909090907,0.04272727272727273,16.50952144226714,19.40952144226718,False,12.418182613076198,18.40964716018418,1,False,0.00042517380226758796
823,825,0.02727272727272727,8.235680503027103,0.023636363636363636,0.02909090909090909,6.835680503027108,8.9356805030271,False,6.8630755323809085,12.854540079488888,1,False,0.008799496422504058
824,826,0.4909090909090909,8.91307964542387,0.4272727272727273,0.5909090909090908,7.713079645423875,10.213079645423866,True,0.06259416941129602,6.054058716519275,1,True,0.8024417576471176
825,827,0.05545454545454545,7.64934279782374,0.04727272727272727,0.06545454545454546,6.049342797823741,9.34934279782374,False,3.1462042054994095,9.13766875260739,1,True,0.0761038055428154
826,828,0.031818181818181815,7.2726335298827465,0.028181818181818183,0.038181818181818185,6.072633529882745,8.872633529882748,False,0.33128817842407665,6.322752725532055,1,True,0.5649015446856935
828,830,0.06818181818181819,16.548993274519948,0.06454545454545454,0.07727272727272727,15.948993274519939,18.04899327451997,False,27.319647767005222,33.3111123141132,1,False,1.724501942558628e-07
829,831,0.06545454545454546,14.03182154286339,0.05909090909090909,0.07418181818181818,12.931821542863394,15.631821542863385,False,1.5836675220651466,7.575132069173126,1,True,0.2082332065024675
830,832,0.09636363636363636,13.996145269451047,0.08454545454545455,0.10727272727272727,12.596145269451052,15.196145269451042,True,33.37129986985666,39.36276441696464,1,False,7.613932821761571e-09
831,833,0.09272727272727273,4.967004950174247,0.08090909090909092,0.10636363636363637,3.4670049501742457,6.467004950174249,False,3.593481965918147,9.584946513026125,1,True,0.0580065837816731
832,834,0.010454545454545454,10.737162062065837,0.01,0.011818181818181818,10.237162062065838,11.937162062065832,False,103.75545886260198,109.74692340970996,1,False,2.28893559132316e-24
833,835,0.045454545454545456,20.7511414833662,0.04272727272727273,0.05272727272727273,19.95114148336619,22.451141483366225,False,13.016311314630922,19.0077758617389,1,False,0.0003087894612441353
834,836,0.023636363636363636,8.766281469349646,0.02090909090909091,0.026363636363636363,7.66628146934965,9.866281469349643,False,8.045739106623518,14.037203653731497,1,False,0.00456108057286001
835,837,0.03,4.023907934159014,0.02727272727272727,0.035454545454545454,2.8239079341590125,5.5239079341590145,False,13.57519956113217,19.566664108240147,1,False,0.0002291936204887216
836,838,0.14636363636363636,24.50484315895395,0.13363636363636364,0.1590909090909091,23.20484315895393,25.90484315895397,False,6.197748519577274,12.189213066685253,1,False,0.012791292513998968
837,839,0.2545454545454545,3.5,0.2181818181818182,0.2818181818181818,2.5,4.2,True,2.897687874634176,8.889152421742155,1,True,0.08870670748340394
838,840,0.09272727272727273,10.261022794326204,0.07954545454545454,0.11,8.66102279432621,12.261022794326196,True,8.557225862651899,14.548690409759878,1,False,0.003441534525093698
839,841,0.17272727272727273,7.899544743159636,0.15363636363636363,0.2,5.9995447431596425,8.899544743159632,True,18.351498735958835,24.342963283066815,1,False,1.83674443017898e-05
840,842,0.02909090909090909,13.266178323899341,0.023636363636363636,0.03909090909090909,10.76617832389935,16.06617832389933,True,1.6624036401664182,7.653868187274397,1,True,0.19727910146087232
841,843,0.016363636363636365,10.992676191641474,0.014545454545454545,0.01863636363636364,9.792676191641478,12.292676191641469,False,16.524527842015193,22.51599238912317,1,False,4.8024791181007556e-05
842,844,0.2181818181818182,13.558054034953892,0.18363636363636365,0.24545454545454545,12.458054034953896,14.35805403495389,False,6.71128478965379,12.70274933676177,1,False,0.009580467492131565
843,845,0.5,6.799709736204011,0.4272727272727273,0.6363636363636364,5.499709736204011,8.59970973620401,False,9.064671085056231,15.05613563216421,1,False,0.002605954065392123
844,846,0.01,20.233242435260074,0.01,0.013181818181818182,19.633242435260065,23.133242435260115,False,5.415390322397668,11.406854869505647,1,False,0.019959990254779965
845,847,0.23636363636363636,10.2222328459474,0.2181818181818182,0.2545454545454545,9.722232845947401,10.722232845947397,False,1.2725023713142785,7.263966918422257,1,True,0.2592977611789326
846,848,0.5727272727272728,14.21999150204659,0.4818181818181818,0.6818181818181818,12.919991502046594,15.719991502046584,False,0.036514168547722534,6.027978715655702,1,True,0.8484575821627695
847,849,0.07018181818181819,13.771007175007453,0.06272727272727273,0.07954545454545454,12.471007175007458,15.271007175007448,False,0.343274254328234,6.334738801436213,1,True,0.5579453300772141
848,850,0.12636363636363637,5.679620481555312,0.11545454545454546,0.1390909090909091,4.479620481555311,6.979620481555313,True,9.227294324330398,15.218758871438377,1,False,0.0023843372752381303
849,851,0.04090909090909091,10.894977080633527,0.034545454545454546,0.04727272727272727,9.194977080633533,12.694977080633521,False,5.850213044356432,11.84167759146441,1,False,0.01557516555216258
850,852,0.017272727272727273,12.49191812379694,0.014090909090909091,0.02,10.491918123796948,14.191918123796935,False,14.395402537249392,20.38686708435737,1,False,0.00014816360430142567
851,853,0.06272727272727273,14.845454443968482,0.056363636363636366,0.07054545454545455,13.745454443968486,16.145454443968475,False,12.564417358171626,18.555881905279605,1,False,0.0003931613033239475
852,854,0.060909090909090906,15.004887296270406,0.05090909090909091,0.07054545454545455,13.104887296270412,16.7048872962704,True,4.536970121892159,10.528434669000138,1,False,0.03317025442972003
853,855,0.07281818181818181,4.350145081115179,0.06545454545454546,0.08363636363636363,2.9501450811151777,5.95014508111518,True,6.5140373498045125,12.505501896912492,1,False,0.010702624182423287
854,856,0.2545454545454545,7.796192858243472,0.23636363636363636,0.2909090909090909,7.296192858243474,8.896192858243468,False,6.9648101761433985,12.956274723251378,1,False,0.008312825128653679
855,857,0.10727272727272727,9.630710160002067,0.09454545454545454,0.1190909090909091,8.430710160002072,11.130710160002062,True,11.698692088942066,17.690156636050045,1,False,0.000625440446009038
856,858,0.16454545454545455,11.060136375528336,0.15545454545454546,0.18636363636363637,10.060136375528339,12.160136375528332,True,1.5062202825766808,7.49768482968466,1,True,0.21971674484516657
857,859,0.1390909090909091,7.057114063310143,0.12818181818181817,0.1481818181818182,6.057114063310142,7.857114063310144,True,6.394053741886946,12.385518288994925,1,False,0.011450324874454711
858,860,0.02090909090909091,8.179139409969343,0.01818181818181818,0.025454545454545455,6.879139409969342,10.079139409969345,True,0.1783498153412463,6.169814362449225,1,True,0.6727952352503936
859,861,0.010454545454545454,12.491340383622143,0.01,0.012727272727272728,11.891340383622145,14.391340383622136,False,7.777873094528955,13.769337641636934,1,False,0.005289003069906803
860,862,0.056363636363636366,9.928681965215546,0.05,0.06454545454545454,8.62868196521555,11.32868196521554,True,4.466683333374559,10.458147880482539,1,False,0.034562018791530605
861,863,0.04181818181818182,8.784160639200756,0.030909090909090907,0.05818181818181818,6.384160639200765,12.384160639200744,True,0.8511437207931597,6.842608267901139,1,True,0.3562289859628046
862,864,0.019090909090909092,14.166272564161309,0.015,0.023636363636363636,11.866272564161317,16.3662725641613,False,9.117459662159508,15.108924209267487,1,False,0.002531813019970155
863,865,0.13363636363636364,9.596326728021085,0.11363636363636363,0.15181818181818182,7.296326728021093,11.396326728021078,True,1.3593306080022654,7.350795155110244,1,True,0.24365352674484067
864,866,0.011363636363636364,10.79154400428719,0.01,0.012727272727272728,9.591544004287194,11.891544004287185,False,0.07658185071418178,6.068046397822161,1,True,0.7819841630591048
865,867,0.026363636363636363,14.682581369709338,0.022727272727272728,0.03,12.982581369709344,16.182581369709332,False,11.652163099679239,17.643627646787216,1,False,0.000641279239087229
866,868,0.028181818181818183,3.7,0.026363636363636363,0.030909090909090907,2.9000000000000004,4.7,True,3.01340941437239,9.004873961480369,1,True,0.08257843078354937
867,869,0.015,15.651495204774063,0.012727272727272728,0.01863636363636364,13.75149520477407,17.651495204774058,False,11.03377710617621,17.02524165328419,1,False,0.0008946667408305854
868,870,0.4272727272727273,4.800000000000001,0.3181818181818182,0.5909090909090908,2.6,7.300000000000001,True,2.1372184852157114,8.128683032323691,1,True,0.14376234639724556
869,871,0.06636363636363636,9.577546195152076,0.057272727272727274,0.07545454545454545,7.877546195152082,11.17754619515207,False,0.0180248088544976,6.009489355962477,1,True,0.8931997465955164
870,872,0.2272727272727273,2.5,0.19181818181818183,0.2545454545454545,1.4000000000000001,3.4000000000000004,True,1.0012845549946277,6.992749102102607,1,True,0.31699988266776313
871,873,0.01818181818181818,5.4160479995313295,0.014090909090909091,0.023636363636363636,3.0160479995313274,8.016047999531331,False,5.797095708663823,11.788560255771802,1,False,0.016052668821100815
872,874,0.2727272727272727,3.3000000000000003,0.23636363636363636,0.3181818181818182,2.2,4.5,True,3.5886532299117997,9.58011777701978,1,True,0.05817537175791314
873,875,0.35454545454545455,6.986308790349944,0.3181818181818182,0.39090909090909093,6.086308790349943,7.786308790349945,True,0.07992757311052016,6.0713921202184995,1,True,0.7773955854301655
874,876,0.014090909090909091,7.96286236719404,0.012272727272727272,0.016363636363636365,6.362862367194046,9.662862367194034,False,20.997708945096438,26.989173492204415,1,False,4.5983291771194206e-06
876,878,0.07590909090909091,4.775425967593164,0.06818181818181819,0.08636363636363636,3.475425967593163,6.275425967593165,True,7.615941175875461,13.60740572298344,1,False,0.00578545557229816
877,879,0.11545454545454546,7.313095328936846,0.1,0.13,5.413095328936853,8.91309532893684,True,14.86018128715709,20.85164583426507,1,False,0.000115781407435514
878,880,0.014545454545454545,8.852045712953073,0.013636363636363636,0.01681818181818182,8.052045712953076,10.152045712953068,False,10.852454237606224,16.843918784714205,1,False,0.0009866490715154214
880,882,0.10181818181818182,10.532734575031997,0.08909090909090908,0.11181818181818182,9.232734575032001,11.732734575031992,False,0.271112648453787,6.262577195561766,1,True,0.6025863731185357
881,883,0.15,6.085833268046522,0.13363636363636364,0.16272727272727272,4.685833268046521,7.485833268046523,True,3.171055294992558,9.162519842100536,1,True,0.07495400156731725
882,884,0.019090909090909092,12.141611929486265,0.015909090909090907,0.02181818181818182,10.54161192948627,13.44161192948626,False,25.719821250730362,31.711285797838343,1,False,3.947517834836477e-07
883,885,0.05818181818181818,13.572462532663973,0.05090909090909091,0.06727272727272728,12.372462532663977,15.272462532663967,False,17.168025592445296,23.159490139553277,1,False,3.421471216682706e-05
884,886,0.16272727272727272,12.191838021541436,0.14636363636363636,0.1809090909090909,10.591838021541442,13.191838021541432,True,6.225742730945404,12.217207278053383,1,False,0.012590608393189436
885,887,0.10818181818181818,5.825630628277842,0.09636363636363636,0.12454545454545454,4.52563062827784,7.725630628277843,True,13.441085930818485,19.432550477926462,1,False,0.00024617308487465963
886,888,0.028181818181818183,11.231101067018628,0.024545454545454544,0.03272727272727273,9.631101067018633,12.831101067018622,True,2.774586054562128,8.766050601670107,1,True,0.09577141354244989
887,889,0.012272727272727272,8.570199915766326,0.010454545454545454,0.013636363636363636,7.070199915766331,9.770199915766321,False,28.595974638566844,34.587439185674825,1,False,8.916735450798139e-08
888,890,0.5636363636363636,6.4,0.4090909090909091,0.6909090909090909,3.8000000000000003,7.800000000000001,False,14.078770525483831,20.07023507259181,1,False,0.00017531137172831912
889,891,0.8,8.5,0.6272727272727272,0.8181818181818182,6.4,8.5,False,14.266292133471625,20.257756680579604,1,False,0.0001586812477686748
890,892,0.06181818181818182,10.237952119924806,0.053636363636363635,0.07,8.737952119924811,11.637952119924801,True,15.996295897896148,21.987760445004128,1,False,6.346653588721059e-05
891,893,0.01818181818181818,10.477803899225194,0.015,0.02181818181818182,8.5778038992252,12.277803899225187,True,3.093639020567331,9.08510356767531,1,True,0.07859885073610841
892,894,0.010454545454545454,10.543098195099843,0.01,0.012272727272727272,9.943098195099845,11.943098195099838,False,20.8368325081179,26.82829705522588,1,False,5.001186668632004e-06
893,895,0.01818181818181818,7.583463513480162,0.016363636363636365,0.02,6.583463513480165,8.583463513480158,False,7.566627276041555,13.558091823149535,1,False,0.005945894531539347
894,896,0.04,11.256206147715266,0.034545454545454546,0.045454545454545456,9.856206147715271,12.756206147715261,True,0.5002572901336662,6.491721837241645,1,True,0.4793870929532439
895,897,0.04727272727272727,14.161932466308462,0.04181818181818182,0.05454545454545455,12.861932466308467,15.661932466308457,True,5.009538783113531,11.001003330221511,1,False,0.025208022318398207
896,898,0.028181818181818183,4.477464543882027,0.025454545454545455,0.031818181818181815,3.277464543882026,5.7774645438820285,True,12.794446063099945,18.785910610207925,1,False,0.0003476499072112166
897,899,0.37272727272727274,6.055943620949374,0.33636363636363636,0.4090909090909091,5.155943620949373,6.955943620949375,True,0.8722474409087313,6.863711988016711,1,True,0.35033387253604287
898,900,0.017727272727272727,4.444598895745868,0.015,0.02,2.8445988957458663,5.7445988957458685,False,12.843620646125817,18.835085193233795,1,False,0.00033863174102371764
899,901,0.3090909090909091,5.951794178661589,0.2636363636363636,0.36363636363636365,4.851794178661589,7.15179417866159,True,1.7416245084479511,7.73308905555593,1,True,0.18693312236477708
900,902,0.15545454545454546,6.623386879862386,0.1390909090909091,0.16636363636363638,5.123386879862384,7.823386879862387,True,9.072875782077151,15.06434032918513,1,False,0.0025942875921046316
901,903,0.013181818181818182,9.053910729575088,0.011818181818181818,0.014545454545454545,7.853910729575093,10.253910729575084,False,13.086010115263178,19.07747466237116,1,False,0.0002975093601283703
902,904,0.014545454545454545,8.756549489300797,0.013181818181818182,0.016363636363636365,7.556549489300801,9.956549489300793,False,23.272455074197875,29.263919621305853,1,False,1.4059924912624927e-06
903,905,0.01818181818181818,9.16445314727832,0.015454545454545453,0.02181818181818182,7.664453147278325,11.064453147278313,False,9.115050539568474,15.106515086676453,1,False,0.0025351495199086465
904,906,0.012272727272727272,8.488138796356395,0.010454545454545454,0.014090909090909091,6.988138796356401,10.08813879635639,False,8.593505303799883,14.584969850907862,1,False,0.003373639970775381
905,907,0.09636363636363636,7.8043705487180155,0.08272727272727273,0.11,6.304370548718021,9.30437054871801,False,1.9812382423697925,7.972702789477772,1,True,0.15926002127778033
906,908,0.015454545454545453,14.905876578043387,0.012727272727272728,0.01818181818181818,12.805876578043394,16.50587657804338,False,11.88899393801979,17.880458485127768,1,False,0.0005646661321233795
907,909,0.031818181818181815,4.068960479000392,0.02909090909090909,0.038181818181818185,3.268960479000392,5.668960479000392,True,9.259632025390932,15.251096572498911,1,False,0.002342600850318941
908,910,0.16454545454545455,11.919400941855764,0.15545454545454546,0.1781818181818182,11.019400941855768,12.819400941855761,True,19.68233177777818,25.673796324886162,1,False,9.144292774748055e-06
909,911,0.013181818181818182,3.2,0.011363636363636364,0.015454545454545453,1.7000000000000002,5.0,True,1.7583678590451757,7.749832406153155,1,True,0.18482822461768544
910,912,0.04,4.932015542473501,0.03363636363636364,0.045454545454545456,3.4320155424734997,6.232015542473502,True,3.528860443625831,9.52032499073381,1,True,0.060309225094843856
911,913,0.4636363636363636,13.12662614338171,0.4,0.5454545454545454,11.926626143381714,14.526626143381705,True,0.28970392329661904,6.281168470404598,1,True,0.5904103256577475
912,914,0.017272727272727273,9.853890117792027,0.015909090909090907,0.019090909090909092,9.05389011779203,10.853890117792023,False,32.11735160284249,38.10881614995047,1,False,1.4513525880513188e-08
913,915,0.049090909090909095,10.950053643598428,0.045454545454545456,0.05454545454545455,10.050053643598432,12.050053643598424,False,10.611606988662649,16.603071535770628,1,False,0.0011237997892889462
914,916,0.15181818181818182,3.5345746389878188,0.1390909090909091,0.16454545454545455,2.334574638987819,4.934574638987819,True,12.793335011057867,18.784799558165844,1,False,0.0003478564381541414
916,918,0.2272727272727273,14.266283198524501,0.2090909090909091,0.24545454545454545,13.766283198524503,14.7662831985245,False,1.7219543722327852,7.713418919340764,1,True,0.18944166862042072
917,919,0.011818181818181818,9.613644236260475,0.01,0.014090909090909091,7.913644236260481,11.613644236260468,False,10.443410040621975,16.434874587729954,1,False,0.0012308781462877813
919,921,0.04454545454545455,4.376298660141272,0.04,0.049090909090909095,3.276298660141272,5.576298660141272,True,3.788942841935734,9.780407389043713,1,True,0.05159222369292921
920,922,0.12272727272727273,8.262831136170892,0.11181818181818182,0.1390909090909091,7.062831136170896,9.962831136170886,False,22.947990083311858,28.93945463041984,1,False,1.6644414642606345e-06
921,923,0.12818181818181817,7.5790029360712285,0.10636363636363637,0.15,5.079002936071226,9.67900293607123,False,0.32263207457360255,6.314096621681582,1,True,0.5700301415653678
922,924,0.2181818181818182,2.9000000000000004,0.16818181818181818,0.2545454545454545,1.2000000000000002,4.0,True,2.649986077586247,8.641450624694226,1,True,0.10355080308496958
923,925,0.16636363636363638,7.893594068521825,0.15,0.1972727272727273,6.193594068521824,9.193594068521826,True,12.254885173559611,18.246349720667588,1,False,0.00046404170670421083
924,926,0.01,14.24558891912833,0.01,0.01090909090909091,13.945588919128332,15.145588919128327,False,26.45232803856248,32.44379258567046,1,False,2.7012273174602797e-07
925,927,0.16272727272727272,3.7,0.15363636363636363,0.17545454545454547,2.8000000000000003,4.5,False,3.0847882925999848,9.076252839707964,1,True,0.07902754883580718
926,928,0.015,3.7810519282362147,0.014090909090909091,0.016363636363636365,2.981051928236215,4.5810519282362145,False,12.170348292469534,18.161812839577514,1,False,0.00048555238813903934
927,929,0.01,14.97270485877898,0.01,0.01090909090909091,14.672704858778982,15.872704858778977,False,32.743535608096,38.735000155203984,1,False,1.0515543052581012e-08
928,930,0.2909090909090909,12.697750730939484,0.2727272727272727,0.3181818181818182,12.097750730939486,13.297750730939482,False,0.9966582755323051,6.9881228226402845,1,True,0.31812046067369665
929,931,0.02909090909090909,9.53083349975402,0.024545454545454544,0.03636363636363636,7.430833499754028,11.530833499754014,True,0.5914476741011547,6.582912221209134,1,True,0.44185985751218393
930,932,0.01681818181818182,7.21650411319634,0.014545454545454545,0.019545454545454546,5.616504113196346,8.616504113196335,False,13.149376795198696,19.140841342306675,1,False,0.00028761488890845184
931,933,0.023636363636363636,4.066248744693118,0.019090909090909092,0.028181818181818183,1.9662487446931163,6.06624874469312,True,6.60905019743757,12.60051474454555,1,False,0.010146176432881017
932,934,0.2818181818181818,8.636398437012312,0.2636363636363636,0.3090909090909091,8.136398437012312,9.436398437012313,False,0.5981814230790651,6.5896459701870445,1,True,0.4392727379885414
933,935,0.01818181818181818,5.343949489204908,0.015909090909090907,0.02181818181818182,3.9439494892049063,7.243949489204909,False,10.126424293999943,16.11788884110792,1,False,0.0014615867218834638
934,936,0.2181818181818182,5.2554606471855845,0.2,0.24545454545454545,4.655460647185585,5.955460647185585,False,1.7774893567572905,7.7689539038652695,1,True,0.18245792141404693
935,937,0.060909090909090906,8.58862958367218,0.053636363636363635,0.07163636363636364,7.288629583672185,10.488629583672173,True,3.392287909289338,9.383752456397318,1,True,0.06550200008498042
936,938,0.015909090909090907,9.569655383266998,0.014090909090909091,0.01818181818181818,8.169655383267003,10.869655383266993,False,21.154419821367636,27.145884368475613,1,False,4.23722908329273e-06
937,939,0.13181818181818183,11.268270561343549,0.11545454545454546,0.14272727272727273,9.568270561343555,12.168270561343546,True,12.412598292211934,18.404062839319913,1,False,0.0004264471077914991
938,940,0.1409090909090909,10.1871015971383,0.12636363636363637,0.15363636363636363,8.687101597138305,11.387101597138296,True,12.384621848950436,18.376086396058415,1,False,0.00043288429704809865
939,941,0.1390909090909091,10.057228294782437,0.12636363636363637,0.15181818181818182,8.757228294782442,11.257228294782433,True,15.477913844181,21.469378391288977,1,False,8.347495383569952e-05
940,942,0.02181818181818182,10.066814253742447,0.01863636363636364,0.026363636363636363,8.566814253742452,11.96681425374244,True,4.044365789675751,10.03583033678373,1,False,0.04431902853454287
941,943,0.028181818181818183,3.4358422579490395,0.025454545454545455,0.031818181818181815,2.3358422579490394,4.835842257949039,True,13.223037231063042,19.21450177817102,1,False,0.0002765291505052895
942,944,0.13363636363636364,8.52218464650907,0.11727272727272728,0.15,6.822184646509076,10.122184646509064,True,1.5520199711262466,7.543484518234226,1,True,0.2128374860255843
944,946,0.01818181818181818,6.0124651653252466,0.015,0.022727272727272728,4.212465165325245,8.112465165325249,True,4.544054650742904,10.535519197850883,1,False,0.033033258006152484
945,947,0.33636363636363636,11.900147471890886,0.3,0.38181818181818183,10.90014747189089,12.900147471890882,True,0.34644585121112337,6.337910398319102,1,True,0.5561319758403342
946,948,1.0545454545454547,10.414594489650035,0.7545454545454545,1.0818181818181818,7.514594489650034,10.514594489650033,False,5.257588282802124,11.249052829910102,1,False,0.021851278223980287
947,949,0.1190909090909091,8.972561375819058,0.10181818181818182,0.13363636363636364,7.072561375819065,10.472561375819053,True,8.287623575044636,14.279088122152615,1,False,0.003991619172749998
948,950,0.03,5.956813441167537,0.026363636363636363,0.038181818181818185,4.356813441167535,7.956813441167538,False,8.065871818812022,14.057336365920001,1,False,0.0045106766533203335
950,952,0.015454545454545453,12.522458466106634,0.013636363636363636,0.017727272727272727,11.12245846610664,13.82245846610663,False,42.661653308467216,48.653117855575196,1,False,6.507558442341014e-11
951,953,0.34545454545454546,4.6000000000000005,0.3,0.38181818181818183,3.6,5.4,True,0.18955673782147336,6.181021284929453,1,True,0.6632857970546734
952,954,0.15363636363636363,9.374115954373243,0.13545454545454547,0.16818181818181818,7.674115954373249,10.874115954373238,True,4.580161326158864,10.571625873266843,1,False,0.03234416957634379
953,955,0.7545454545454545,7.800000000000001,0.5363636363636364,0.7727272727272727,4.9,7.800000000000001,False,8.558244854259755,14.549709401367734,1,False,0.0034396087186693305
954,956,0.034545454545454546,4.0,0.02909090909090909,0.04,2.5,5.300000000000001,True,2.385234688582398,8.376699235690378,1,True,0.12248649633733459
955,957,0.06272727272727273,9.056231479395418,0.05545454545454545,0.06909090909090909,7.756231479395423,10.156231479395414,False,19.51519614959695,25.506660696704927,1,False,9.980256606646048e-06
957,959,0.02727272727272727,8.187880569320647,0.024545454545454544,0.031818181818181815,6.987880569320652,9.987880569320641,False,10.754783362582994,16.74624790969097,1,False,0.001040101415822238
958,960,0.015454545454545453,8.432363199393846,0.013181818181818182,0.01863636363636364,6.632363199393852,10.13236319939384,False,13.79336057954777,19.784825126655747,1,False,0.0002040560800619422
960,962,0.05818181818181818,6.22516526407332,0.05181818181818182,0.07036363636363636,5.225165264073324,8.425165264073312,True,8.515196717111658,14.506661264219638,1,False,0.003521928501720157
961,963,0.01863636363636364,11.632472232917666,0.015909090909090907,0.022727272727272728,10.032472232917671,13.532472232917659,False,16.737211617724395,22.728676164832372,1,False,4.293065077127809e-05
962,964,0.02181818181818182,6.634463358226293,0.019090909090909092,0.024545454545454544,5.334463358226292,7.834463358226294,False,12.511656603300082,18.503121150408063,1,False,0.0004044208523963628
963,965,0.05545454545454545,10.749302556222858,0.04727272727272727,0.06454545454545454,9.149302556222864,12.349302556222852,True,8.785286190939235,14.776750738047214,1,False,0.003036699197488562
964,966,0.03636363636363636,3.7973148110589747,0.030909090909090907,0.04272727272727273,2.2973148110589734,5.397314811058976,True,7.3424130724465675,13.333877619554546,1,False,0.006734637571760231
965,967,0.3090909090909091,3.0,0.2909090909090909,0.34545454545454546,2.5,3.8000000000000003,False,2.03350296288315,8.024967509991129,1,True,0.15386561314920025
966,968,0.16818181818181818,8.49591019813457,0.1572727272727273,0.1972727272727273,7.395910198134569,9.595910198134572,True,2.4947636668874353,8.486228213995414,1,True,0.11422552179001381
967,969,0.049090909090909095,4.570027176120953,0.04454545454545455,0.056363636363636366,3.4700271761209533,5.970027176120953,False,2.580531969293403,8.571996516401382,1,True,0.10818529847065624
968,970,0.04181818181818182,6.612814897571161,0.03636363636363636,0.04818181818181819,5.212814897571166,8.412814897571154,False,6.85954292423257,12.851007471340548,1,False,0.008816909989617703
969,971,0.026363636363636363,6.517513717428881,0.022727272727272728,0.03272727272727273,4.917513717428879,8.617513717428881,True,3.98786675489209,9.97933130200007,1,False,0.04582905203386649
970,972,0.046363636363636364,3.2114796983727514,0.04,0.05454545454545455,1.5114796983727519,5.111479698372751,True,5.769819862595225,11.761284409703205,1,False,0.01630370565087648
971,973,0.13181818181818183,10.30197691479468,0.1190909090909091,0.1409090909090909,9.001976914794685,11.301976914794677,False,31.712363694822596,37.70382824193057,1,False,1.787804321661324e-08
973,975,0.10727272727272727,9.49621980456508,0.09636363636363636,0.12090909090909091,8.196219804565084,10.996219804565074,True,19.974549237930272,25.96601378503825,1,False,7.847982598072496e-06
974,976,0.011363636363636364,9.154953914659187,0.01,0.013181818181818182,7.954953914659191,10.75495391465918,False,35.228317191440354,41.219781738548335,1,False,2.9322869830138936e-09
975,977,0.4818181818181818,7.166667312220838,0.4090909090909091,0.6181818181818182,5.866667312220838,9.166667312220836,False,25.53741857844287,31.52888312555085,1,False,4.3388607566558216e-07
976,978,0.13181818181818183,10.073251134209901,0.12090909090909091,0.1409090909090909,8.773251134209906,10.873251134209898,True,18.283759246128493,24.27522379323647,1,False,1.903228557467734e-05
977,979,0.05909090909090909,4.197731819859101,0.05272727272727273,0.06727272727272728,2.997731819859099,5.597731819859101,True,7.034073135908114,13.025537683016093,1,False,0.007997325246153432
978,980,0.01,10.28802348874032,0.01,0.01090909090909091,9.888023488740322,11.188023488740317,False,10.007504315678997,15.998968862786976,1,False,0.0015590364603159852
979,981,0.012727272727272728,10.847048445138489,0.011363636363636364,0.014545454545454545,9.647048445138493,12.347048445138483,False,2.7898539764244568,8.781318523532436,1,True,0.0948628713922611
980,982,0.053636363636363635,7.927200003532416,0.04454545454545455,0.06636363636363636,5.827200003532424,10.327200003532408,True,2.638149202651708,8.629613749759688,1,True,0.1043250156879202
981,983,0.04181818181818182,11.860699580300722,0.03636363636363636,0.04818181818181819,10.460699580300727,13.560699580300716,False,13.789434115131375,19.780898662239352,1,False,0.000204482997401493
982,984,0.03727272727272728,6.131376900176194,0.03,0.045454545454545456,4.331376900176192,8.231376900176196,True,2.014926089649599,8.006390636757578,1,True,0.15575885485161572
983,985,0.01,12.764327506159393,0.01,0.012727272727272728,12.464327506159394,15.064327506159385,False,8.183833605680448,14.175298152788427,1,False,0.004226534534631349
984,986,0.1890909090909091,2.5,0.16636363636363638,0.2181818181818182,1.5,3.4000000000000004,False,1.016995150417896,7.0084596975258755,1,True,0.3132328297911822
985,987,0.011363636363636364,6.793604829085876,0.01,0.014090909090909091,5.3936048290858745,9.193604829085878,False,5.093015924663765,11.084480471771744,1,False,0.024022379706955272
986,988,0.10363636363636364,4.536812576700845,0.08818181818181818,0.11727272727272728,2.9368125767008437,6.236812576700847,True,3.751111615877287,9.742576162985266,1,True,0.052772404380889704
987,989,0.4181818181818182,5.981465639009998,0.37272727272727274,0.4818181818181818,5.081465639009998,7.181465639009998,False,3.4197222164366066,9.411186763544585,1,True,0.06442185249631625
988,990,0.2272727272727273,8.6850239845371,0.18363636363636365,0.2545454545454545,7.385023984537099,9.4850239845371,True,0.6352740560471093,6.626738603155088,1,True,0.42542732919157633
989,991,0.08454545454545455,7.561172816713325,0.075,0.09727272727272727,6.261172816713324,8.861172816713326,False,4.031865700993072,10.02333024810105,1,False,0.04464853904560168
990,992,0.11363636363636363,8.326197727996789,0.1,0.12818181818181817,6.626197727996795,9.926197727996783,True,3.4818686994939894,9.473333246601968,1,True,0.062044638377112216
992,994,0.18636363636363637,12.409617509306216,0.16636363636363638,0.2090909090909091,11.509617509306219,12.909617509306214,True,5.1451417127006165,11.136606259808595,1,False,0.023311507637369756
993,995,0.016363636363636365,9.051414325493678,0.014545454545454545,0.019090909090909092,7.851414325493682,10.551414325493672,False,8.072525032381611,14.06398957948959,1,False,0.004494144766735846
994,996,0.1390909090909091,8.994473968170627,0.13,0.15181818181818182,8.09447396817063,10.094473968170623,True,22.859998256411963,28.851462803519944,1,False,1.7424057908933399e-06
995,997,0.012272727272727272,9.82914421235308,0.01,0.014545454545454545,7.829144212353087,11.729144212353074,False,10.287892766416888,16.27935731352487,1,False,0.0013390592406983216
996,998,0.2181818181818182,6.156377906527447,0.1809090909090909,0.2545454545454545,5.0563779065274455,7.156377906527448,False,0.40048843285717345,6.391952979965152,1,True,0.5268371175879494
998,1000,0.02727272727272727,9.669678774078747,0.023636363636363636,0.03272727272727273,8.169678774078752,11.46967877407874,True,2.2649102503992045,8.256374797507183,1,True,0.13233387837835306
999,1001,0.03272727272727273,6.528052640073899,0.028181818181818183,0.04,5.028052640073898,8.4280526400739,True,0.20647964164316107,6.19794418875114,1,True,0.6495407293517803
1000,1002,0.1809090909090909,5.83009657948733,0.1590909090909091,0.2090909090909091,4.430096579487328,6.730096579487331,True,7.587494648865446,13.578959195973425,1,False,0.005877457342882588
1001,1003,0.15363636363636363,3.5462096283022584,0.13727272727272727,0.16818181818181818,1.8462096283022582,5.146209628302258,True,5.86796674991415,11.85943129702213,1,False,0.01541885048931642
1002,1004,0.9272727272727272,7.0,0.4818181818181818,1.190909090909091,1.6,8.700000000000001,True,0.8335576925200912,6.82502223962807,1,True,0.3612457984117712
1003,1005,0.04818181818181819,8.735661140670276,0.04272727272727273,0.057272727272727274,7.335661140670281,10.53566114067027,True,3.4910132818418513,9.48247782894983,1,True,0.06170280660358252
1004,1006,0.025454545454545455,9.100984419233676,0.02090909090909091,0.028181818181818183,7.100984419233683,10.200984419233672,False,11.432249154381488,17.42371370148947,1,False,0.000721802583129808
1005,1007,0.04818181818181819,3.8489618005637767,0.04090909090909091,0.060909090909090906,1.7489618005637748,6.348961800563779,True,3.285590559024822,9.277055106132801,1,True,0.06989048096147009
1006,1008,0.1,8.675750383415492,0.07818181818181819,0.11545454545454546,6.175750383415501,10.475750383415486,True,9.028354911918212,15.019819459026191,1,False,0.002658236006587523
1007,1009,0.053636363636363635,4.301738059683888,0.04727272727272727,0.06181818181818182,2.901738059683887,5.80173805968389,True,4.927291756665244,10.918756303773222,1,False,0.026435716787326036
1008,1010,0.025454545454545455,7.352584197953487,0.02181818181818182,0.02909090909090909,5.852584197953492,8.952584197953481,False,9.917919563833415,15.909384110941394,1,False,0.0016367729016320794
1009,1011,0.010454545454545454,8.891368752614806,0.01,0.013181818181818182,8.191368752614808,11.191368752614798,False,8.245488454113882,14.236953001221861,1,False,0.004085341378390626
1010,1012,0.04363636363636364,2.8073701043044244,0.035454545454545454,0.05272727272727273,0.707370104304425,4.907370104304424,True,4.431631066484136,10.423095613592114,1,False,0.03527877916821384
1011,1013,0.015,8.610256676322889,0.013181818181818182,0.01818181818181818,7.110256676322894,10.310256676322883,False,3.100013200285612,9.09147774739359,1,True,0.07829165932114185
1012,1014,0.049090909090909095,3.972541170947144,0.04,0.06363636363636364,1.572541170947142,6.772541170947147,True,3.2898183158986223,9.281282863006602,1,True,0.0697107355175072
1013,1015,0.7818181818181819,8.200000000000001,0.5545454545454546,0.9272727272727272,5.4,9.4,False,7.5660356656355185,13.557500212743498,1,False,0.005947846600642548
1014,1016,0.5545454545454546,2.5,0.39090909090909093,0.9636363636363636,0.0,6.4,True,0.2075912959473451,6.199055843055324,1,True,0.6486619077718887
1015,1017,0.1090909090909091,4.15528212725708,0.09818181818181819,0.12272727272727273,2.755282127257079,5.7552821272570815,True,6.494917552560055,12.486382099668035,1,False,0.010818331303845899
1016,1018,0.02,11.395102937723676,0.015,0.026363636363636363,8.495102937723686,14.095102937723667,True,1.7656447688721675,7.757109315980147,1,True,0.18392199289143718
1018,1020,0.046363636363636364,4.6000000000000005,0.03909090909090909,0.05545454545454545,2.6,6.6000000000000005,False,0.6051791739400268,6.596643721048006,1,True,0.4366087318357218
1020,1022,0.019545454545454546,8.528206752524122,0.015454545454545453,0.024545454545454544,6.32820675252413,10.828206752524114,False,8.06711071043922,14.058575257547199,1,False,0.004507593573728548
1021,1023,0.15363636363636363,9.345436794432176,0.14272727272727273,0.16818181818181818,8.24543679443218,10.745436794432171,True,7.209809632605877,13.201274179713856,1,False,0.0072506184391926964
1022,1024,0.04272727272727273,3.6570868722566128,0.03636363636363636,0.049090909090909095,2.057086872256613,5.3570868722566125,True,3.5707050504247824,9.562169597532762,1,True,0.05880733756803554
1023,1025,0.05272727272727273,7.672453662392835,0.046363636363636364,0.06181818181818182,6.27245366239284,9.272453662392829,True,11.503608593544051,17.495073140652032,1,False,0.0006946120662529554
1024,1026,0.025454545454545455,3.8000000000000003,0.022727272727272728,0.028181818181818183,2.5,5.0,True,2.3069967434056835,8.298461290513663,1,True,0.12879268015300638
1025,1027,0.04363636363636364,4.448557832258634,0.03727272727272728,0.05,2.748557832258632,6.048557832258635,True,2.1755718070738586,8.167036354181837,1,True,0.14021739127486732
1026,1028,0.014545454545454545,9.440880273595802,0.012727272727272728,0.017727272727272727,7.940880273595807,11.140880273595796,False,6.150973193318487,12.142437740426466,1,False,0.013133980868076432
1027,1029,0.012727272727272728,5.019839296440569,0.01090909090909091,0.014545454545454545,3.5198392964405674,6.51983929644057,False,6.979607569300439,12.971072116408418,1,False,0.008244368501154965
1028,1030,0.10272727272727274,9.721875211073677,0.08727272727272727,0.11363636363636363,8.121875211073682,11.121875211073672,True,7.427015149386399,13.418479696494378,1,False,0.006425183014504928
1029,1031,0.10636363636363637,3.2,0.09272727272727273,0.12090909090909091,1.8,4.9,False,0.21924123476664992,6.210705781874629,1,True,0.6396186685157192
1030,1032,0.02,12.70395069327112,0.016363636363636365,0.025454545454545455,10.703950693271127,15.103950693271111,True,2.054694024260429,8.046158571368409,1,True,0.15173773381966535
1031,1033,0.2272727272727273,3.5,0.17545454545454547,0.2727272727272727,1.9000000000000001,4.800000000000001,True,0.8189945842667425,6.810459131374722,1,True,0.36547428981712293
1032,1034,0.13,7.679571274268402,0.11181818181818182,0.1481818181818182,5.5795712742684,9.279571274268402,False,0.3879096133821942,6.3793741604901735,1,True,0.5334002492450277
1033,1035,0.2727272727272727,19.31774154674668,0.2272727272727273,0.32727272727272727,18.017741546746663,20.817741546746703,False,6.463079598119186,12.454544145227164,1,False,0.011013860198296236
1034,1036,0.012727272727272728,10.97101114025322,0.011363636363636364,0.015,9.771011140253224,12.871011140253213,False,17.35171701384691,23.34318156095489,1,False,3.106175121914497e-05
1036,1038,0.3181818181818182,4.0,0.2545454545454545,0.39090909090909093,2.1,5.800000000000001,True,0.34112287469182623,6.332587421799805,1,True,0.5591817933854127
1037,1039,1.009090909090909,15.183800908675627,0.7181818181818181,1.4,12.583800908675636,17.683800908675618,False,0.2197032430666682,6.211167790174647,1,True,0.6392661253294611
1038,1040,0.01090909090909091,9.312296375426492,0.01,0.015909090909090907,8.012296375426496,13.312296375426477,True,2.902423435135299,8.893887982243278,1,True,0.08844648823832893
1039,1041,0.06272727272727273,9.814821984094394,0.06,0.07336363636363635,9.514821984094395,11.714821984094387,False,18.500042663580366,24.491507210688347,1,False,1.6990049624559306e-05
1041,1043,1.190909090909091,12.462213843711618,1.0727272727272728,1.2272727272727273,11.762213843711617,12.462213843711618,False,39.13753208617153,45.12899663327951,1,False,3.949775361650526e-10
1042,1044,0.026363636363636363,5.154229814355349,0.022727272727272728,0.02909090909090909,3.654229814355348,6.35422981435535,True,3.4706045575264883,9.462069104634468,1,True,0.06246847586763373
1043,1045,0.2090909090909091,3.3000000000000003,0.17,0.23636363636363636,2.1,4.1000000000000005,True,9.388658146275718,15.380122693383697,1,False,0.00218331951866371
1045,1047,0.046363636363636364,14.03899855001229,0.04,0.06272727272727273,12.738998550012294,17.43899855001228,True,3.741833994863603,9.733298541971582,1,True,0.05306616924387185
1046,1048,0.02,3.526081018399984,0.01818181818181818,0.024545454545454544,2.526081018399983,5.626081018399986,False,18.197821085896535,24.189285633004516,1,False,1.9910649339309536e-05
1047,1049,0.12090909090909091,7.28484813945882,0.10181818181818182,0.13363636363636364,5.084848139458818,8.58484813945882,True,6.2240968481228744,12.215561395230853,1,False,0.012602317343374513
1048,1050,0.08545454545454545,11.464042823261003,0.07090909090909091,0.10727272727272727,9.264042823261011,13.864042823260995,True,2.3045688699691054,8.296033417077084,1,True,0.1289940676950019
1050,1052,0.019090909090909092,24.63087449850853,0.01863636363636364,0.023636363636363636,24.63087449850853,26.73087449850856,False,32.163345908547484,38.154810455655465,1,False,1.4173970216843333e-08
1051,1053,0.07636363636363636,26.11071503665944,0.07363636363636364,0.08545454545454545,26.11071503665944,27.410715036659457,False,22.724234042309398,28.71569858941738,1,False,1.8699465779560812e-06
1052,1054,0.03,5.685825722106925,0.026363636363636363,0.034545454545454546,4.085825722106923,6.885825722106926,True,10.67401446928135,16.665479016389327,1,False,0.0010865105985834868
1053,1055,0.017727272727272727,3.056081441693974,0.015454545454545453,0.02090909090909091,1.7560814416939743,4.8560814416939735,False,7.576674725311099,13.568139272419078,1,False,0.005912841745603742
1054,1056,1.1454545454545455,11.327541530835823,0.6545454545454545,1.2181818181818183,6.627541530835821,11.527541530835826,False,2.2160906916119414,8.20755523871992,1,True,0.13657850751920472
1055,1057,0.025454545454545455,9.847081742554712,0.019090909090909092,0.03363636363636364,7.147081742554722,12.747081742554702,True,3.4911531784634544,9.482617725571433,1,True,0.061697592758776135
1056,1058,0.09,19.315668358202245,0.07909090909090909,0.10454545454545455,17.915668358202247,20.715668358202237,False,5.058795925045129,11.05026047215311,1,False,0.024501254876471916
1057,1059,0.026363636363636363,16.862504352990126,0.025454545454545455,0.03272727272727273,16.262504352990117,19.162504352990158,False,18.81667456699941,24.80813911410739,1,False,1.4390351723599442e-05
1059,1061,0.32727272727272727,3.9000000000000004,0.2727272727272727,0.38181818181818183,2.4000000000000004,5.2,False,9.260484983279266,15.251949530387245,1,False,0.002341510076665586
1060,1062,0.1090909090909091,11.058654508686047,0.09727272727272727,0.1190909090909091,9.758654508686051,12.158654508686043,True,22.97470918077727,28.96617372788525,1,False,1.6414671291036103e-06
1061,1063,0.05090909090909091,10.932694225657825,0.04818181818181819,0.05909090909090909,10.532694225657826,12.43269422565782,False,18.78685972607513,24.77832427318311,1,False,1.4617074864728016e-05
1062,1064,0.013636363636363636,3.7452331223512587,0.012272727272727272,0.015454545454545453,2.445233122351259,5.0452331223512585,False,8.769645494523523,14.761110041631502,1,False,0.0030628497271671133
1063,1065,0.02,12.063189069563432,0.017272727272727273,0.023636363636363636,10.563189069563437,13.663189069563426,False,19.305036469266135,25.296501016374116,1,False,1.1141208322147844e-05
1064,1066,0.019090909090909092,12.785989369946085,0.01681818181818182,0.022727272727272728,11.48598936994609,14.485989369946079,False,18.07913485044032,24.0705993975483,1,False,2.1191094210567598e-05
1065,1067,0.09090909090909091,15.672648825725613,0.07818181818181819,0.10545454545454545,13.972648825725619,17.072648825725608,False,11.00464202545728,16.99610657256526,1,False,0.0009088398374393189
1066,1068,0.026363636363636363,8.449859177800972,0.023636363636363636,0.03,7.249859177800976,9.949859177800967,False,13.681135145728515,19.672599692836492,1,False,0.00021661962494082235
1067,1069,0.05181818181818182,3.503502980692936,0.046363636363636364,0.06,2.203502980692936,5.003502980692935,True,8.038572913841493,14.030037460949472,1,False,0.00457915983151323
1068,1070,0.026363636363636363,4.114924580507887,0.022727272727272728,0.02909090909090909,2.6149245805078873,5.214924580507887,True,10.057116968103394,16.048581515211374,1,False,0.001517605296110875
1069,1071,0.034545454545454546,5.083358399360769,0.02909090909090909,0.03909090909090909,3.583358399360767,6.38335839936077,True,4.95694832066773,10.948412867775708,1,False,0.02598602743946035
1070,1072,0.12818181818181817,7.130921456473224,0.11181818181818182,0.14636363636363636,5.330921456473222,8.730921456473226,True,4.093466698307054,10.084931245415033,1,False,0.043049260097368425
1071,1073,0.2636363636363636,5.562384312172593,0.2272727272727273,0.2909090909090909,4.562384312172593,6.462384312172595,True,3.9939557615520584,9.985420308660037,1,False,0.04566373964787682
1072,1074,0.06636363636363636,9.298724551994582,0.057272727272727274,0.075,7.698724551994587,10.798724551994576,False,2.264071282915546,8.255535830023526,1,True,0.13240556564200234
1073,1075,0.046363636363636364,12.78740731322984,0.04,0.05818181818181818,11.287407313229846,15.287407313229831,False,6.528006192836132,12.519470739944111,1,False,0.010618892077715238
1074,1076,0.2090909090909091,3.8000000000000003,0.1809090909090909,0.23636363636363636,3.0,4.6000000000000005,True,5.131221498735882,11.12268604584386,1,False,0.023499184445991
1075,1077,0.07127272727272727,6.875868741079972,0.056363636363636366,0.08909090909090908,3.9758687410799696,9.575868741079974,True,0.23472844704110635,6.226192994149085,1,True,0.6280397068735868
1076,1078,0.09454545454545454,9.292140716449788,0.08,0.10818181818181818,7.592140716449794,10.792140716449783,False,2.99922849159583,8.990693038703808,1,True,0.08330417733580918
1077,1079,0.07636363636363636,6.996625477412751,0.06727272727272728,0.08545454545454545,5.596625477412751,8.296625477412753,False,2.4410610462486964,8.432525593356676,1,True,0.11819625187674285
1078,1080,0.022727272727272728,20.47503856172125,0.02181818181818182,0.031818181818181815,20.47503856172125,24.0750385617213,False,8.97550681600833,14.96697136311631,1,False,0.0027362267451572207
1079,1081,0.32727272727272727,9.154148948273448,0.2909090909090909,0.37272727272727274,8.254148948273452,10.254148948273444,True,0.20121650535855384,6.192681052466533,1,True,0.6537407046077737
1080,1082,0.16272727272727272,6.4579478384032125,0.13545454545454547,0.2090909090909091,3.8579478384032106,8.457947838403214,True,0.6197471782833509,6.61121172539133,1,True,0.43114125159260985
1081,1083,0.014545454545454545,10.352731342154874,0.012272727272727272,0.01681818181818182,8.35273134215488,11.752731342154869,False,14.45686956628047,20.448334113388448,1,False,0.00014340585731271644
1082,1084,0.1590909090909091,9.546513780165146,0.14636363636363636,0.17545454545454547,8.24651378016515,10.846513780165141,True,9.366888388283288,15.358352935391267,1,False,0.002209402599415191
1083,1085,0.3090909090909091,4.5,0.2727272727272727,0.37272727272727274,3.4000000000000004,6.1000000000000005,True,0.7751962554636096,6.766660802571589,1,True,0.37861433388083054
1084,1086,0.015454545454545453,15.399987592119986,0.013636363636363636,0.019090909090909092,13.999987592119991,17.49998759211998,False,11.425490430975904,17.416954978083883,1,False,0.000724433007393829
1085,1087,0.15,16.583379130640054,0.12818181818181817,0.16636363636363638,14.383379130640064,18.38337913064005,True,5.424067674163863,11.415532221271842,1,False,0.019861037067787697
1086,1088,0.04727272727272727,4.503127417058735,0.04090909090909091,0.05545454545454545,2.9031274170587342,6.303127417058737,True,8.216390561274624,14.207855108382603,1,False,0.004151369056762303
1087,1089,0.02727272727272727,8.716958318413651,0.024545454545454544,0.031818181818181815,7.516958318413655,10.216958318413646,False,11.484591816415874,17.476056363523853,1,False,0.0007017553730688575
1089,1091,0.14454545454545453,6.7545039914460805,0.13,0.15545454545454546,5.454503991446085,7.854503991446077,False,8.346973570649435,14.338438117757415,1,False,0.003863302930887174
1090,1092,0.04818181818181819,12.139765779510004,0.04181818181818182,0.05909090909090909,10.43976577951001,14.339765779509996,False,13.350293197282985,19.341757744390964,1,False,0.00025838222486075733
1091,1093,0.030909090909090907,4.653131273337177,0.028181818181818183,0.038181818181818185,3.5531312733371765,6.553131273337179,True,9.514329157415672,15.50579370452365,1,False,0.002038736214916533
