index,file_lineno,best_mass,best_AV,mass_min,mass_max,AV_min,AV_max,intersects,min_chi2,chi2_threshold,dof_gof,passes_gof,p_value,true_AV,true_mass
0,2,0.07363636363636364,12.169573545849671,0.04363636363636364,0.11727272727272728,7.269573545849688,16.669573545849655,True,0.0007276690208224281,5.992192216128801,0,,,10.5382,0.056206
1,3,0.19181818181818186,10.434297856418132,0.1572727272727273,0.24545454545454545,8.734297856418138,11.734297856418127,True,0.0035935018867081616,5.995058048994688,0,,,9.3431,0.171107
2,4,0.02363636363636364,4.800000000000002,0.01909090909090909,0.029090909090909087,3.2,6.800000000000002,True,0.05418878451993068,6.04565333162791,0,,,4.31918,0.020454
3,5,0.11727272727272728,9.24843414981977,0.09636363636363636,0.13545454545454547,7.2484341498197775,10.848434149819763,False,0.006169345431807358,5.9976338925397865,0,,,6.74386,0.085403
4,6,0.16454545454545455,8.36844221276209,0.12636363636363634,0.2363636363636364,5.368442212762089,10.368442212762094,True,0.0004594150496246758,5.991923962157603,0,,,6.40226,0.147953
5,7,0.2363636363636364,16.433394720840866,0.17545454545454547,0.3181818181818182,15.133394720840867,18.033394720840853,True,0.0769103735359113,6.0683749206438895,0,,,17.3093,0.20703
6,8,0.34545454545454546,22.79888933750425,0.2909090909090909,0.4272727272727273,21.698889337504234,24.19888933750427,False,0.08099690005537985,6.072461447163359,0,,,25.4049,0.353775
8,10,0.06727272727272728,15.05673867029688,0.053636363636363635,0.08727272727272728,12.956738670296886,17.65673867029687,False,0.06558638972809121,6.057050936836069,0,,,14.277,0.053173
9,11,0.4090909090909091,5.549554810270438,0.2909090909090909,0.6545454545454545,3.34955481027044,8.549554810270436,True,0.004363693083345096,5.995828240191324,0,,,5.86181,0.398091
11,13,0.3363636363636364,6.245688058487168,0.2909090909090909,0.3909090909090909,5.345688058487168,7.24568805848717,True,0.008058713852075386,5.9995232609600535,0,,,6.47402,0.321926
12,14,0.09636363636363636,21.08290044465625,0.06454545454545453,0.13181818181818186,17.282900444656196,24.482900444656302,True,0.0010514056282717934,5.992515952736252,0,,,20.0599,0.070333
13,15,0.02181818181818182,17.713710996406054,0.015,0.03,14.71371099640607,20.513710996406047,True,0.03740520689353168,6.02886975400151,0,,,18.585,0.01878
14,16,0.19181818181818186,9.412274899389953,0.15181818181818182,0.24545454545454545,7.3122748993899584,10.712274899389945,True,0.01936611070906409,6.010830657817043,0,,,7.98796,0.168693
15,17,0.2090909090909091,10.611877797074078,0.1781818181818182,0.2545454545454545,9.811877797074079,11.411877797074075,True,0.12357568517865858,6.1150402322866375,0,,,10.0988,0.185198
16,18,0.3818181818181817,9.560945123749786,0.3,0.4818181818181818,7.960945123749791,11.160945123749778,True,0.06198114875781609,6.053445695865794,0,,,10.2079,0.366108
17,19,0.2818181818181818,16.942844907222273,0.2272727272727273,0.34545454545454546,15.842844907222275,18.14284490722227,False,0.025811580075128286,6.0172761271831074,0,,,18.1528,0.259832
18,20,0.12636363636363634,16.335051990865956,0.10454545454545457,0.1481818181818182,14.235051990865966,18.135051990865954,False,0.011571230563233751,6.003035777671213,0,,,14.8723,0.097278
20,22,1.2272727272727273,19.78543609303578,0.8909090909090909,1.4,17.58543609303579,20.885436093035782,False,0.020370569156763014,6.011835116264742,0,,,22.9691,1.31329
21,23,0.4090909090909091,7.956557534344821,0.34545454545454546,0.4818181818181818,6.75655753434482,9.056557534344822,True,0.09371187874837499,6.085176425856353,0,,,8.50713,0.394837
22,24,0.015454545454545453,7.19037681985184,0.012727272727272728,0.02,5.39037681985184,9.190376819851842,True,0.06732422907056737,6.058788776178546,0,,,7.83498,0.01503
23,25,1.1454545454545455,17.398467620185524,0.7818181818181819,1.4,14.798467620185535,18.79846762018552,False,0.046094856234890215,6.037559403342869,0,,,20.2002,1.20782
24,26,0.3363636363636364,10.33051184959606,0.2636363636363636,0.4363636363636364,8.930511849596064,12.030511849596053,True,0.018357998226206197,6.0098225453341865,0,,,11.0896,0.322605
25,27,0.4,6.344855655867901,0.3090909090909091,0.5636363636363636,4.544855655867899,8.4448556558679,True,0.01636650522574566,6.0078310523337235,0,,,6.78875,0.394081
26,28,0.17545454545454547,15.813434668247721,0.15545454545454546,0.2090909090909091,14.613434668247724,16.713434668247718,True,0.011881884704200707,6.003346431812179,0,,,14.9163,0.158611
27,29,0.13363636363636364,11.043319700229926,0.11727272727272728,0.15,9.543319700229931,12.243319700229922,False,1.6704134673371828e-05,5.991481251242652,0,,,8.9241,0.106116
28,30,0.01,10.470607596974352,0.01,0.012727272727272728,10.170607596974351,12.370607596974347,True,0.06327473395553206,6.054739281063512,0,,,11.7408,0.010147
29,31,0.34545454545454546,20.739601043008264,0.2818181818181818,0.4272727272727273,19.53960104300825,22.23960104300829,False,0.08190584448228096,6.07337039159026,0,,,22.939,0.342464
30,32,0.3181818181818182,5.081324246116035,0.1863636363636364,0.5818181818181818,2.2813242461160343,9.081324246116035,True,0.004105452213033642,5.995569999321012,0,,,4.9614,0.293764
32,34,0.02363636363636364,15.977076205899833,0.01681818181818182,0.031818181818181815,13.377076205899842,18.677076205899827,True,0.013901759215548877,6.005366306323527,0,,,16.5894,0.019871
33,35,0.4,2.6,0.2181818181818182,1.0181818181818183,0.0,7.800000000000002,True,0.0030775130374468837,5.994542060145426,0,,,2.62726,0.39264
34,36,0.01909090909090909,10.288810138109707,0.010454545454545454,0.03636363636363636,5.388810138109723,14.988810138109688,True,0.004698533788290011,5.996163080896269,0,,,10.8478,0.017711
35,37,0.011818181818181818,6.7129007091409765,0.01,0.013636363636363636,5.3129007091409735,7.9129007091409775,True,0.1870542381481387,6.178518785256117,0,,,7.44862,0.01187
36,38,0.13727272727272727,14.044857115447993,0.1190909090909091,0.15363636363636365,12.444857115448,15.244857115447989,False,0.017042826265281513,6.008507373373259,0,,,12.2681,0.109643
37,39,0.1863636363636364,22.68272200704401,0.15545454545454546,0.2272727272727273,20.982722007043986,23.68272200704402,True,0.048611957594275466,6.040076504702253,0,,,22.8605,0.167637
40,42,0.027272727272727268,11.794272533986303,0.02090909090909091,0.03636363636363636,9.494272533986312,14.094272533986294,True,0.005987095985666297,5.997451643093647,0,,,11.7529,0.023358
41,43,0.12090909090909092,10.64925237407097,0.07309090909090908,0.16818181818181818,5.849252374070987,14.449252374070955,True,0.00697490935782944,5.998439456465809,0,,,8.43351,0.089676
42,44,0.1390909090909091,5.906278088782327,0.12090909090909092,0.1572727272727273,4.4062780887823285,7.406278088782327,False,0.021749845309866792,6.0132143924178445,0,,,3.3925,0.114438
43,45,0.15545454545454546,9.249683115474024,0.11727272727272728,0.2090909090909091,6.149683115474036,11.649683115474017,True,0.015197104157117391,6.006661651265096,0,,,7.35146,0.135785
44,46,0.02,9.889936843684426,0.015,0.028181818181818183,7.589936843684434,12.889936843684414,True,0.033588934468938285,6.025053481576919,0,,,10.478,0.018535
45,47,0.1190909090909091,16.68724904274672,0.09727272727272727,0.1390909090909091,14.58724904274673,18.48724904274672,False,0.0040155859713438815,5.995480133079322,0,,,15.0886,0.087852
46,48,0.15545454545454546,7.780822548705161,0.13727272727272727,0.17545454545454547,6.380822548705161,9.08082254870516,False,0.0037993487228020905,5.9952638958307825,0,,,5.56832,0.134795
47,49,0.028181818181818183,9.288388323554324,0.02181818181818182,0.03636363636363636,7.088388323554332,11.388388323554315,True,0.039423636878972816,6.030888183986952,0,,,8.92927,0.024008
48,50,0.2272727272727273,11.323999523812804,0.16636363636363638,0.3090909090909091,9.723999523812813,13.023999523812801,True,0.018596341389136784,6.010060888497117,0,,,11.3775,0.195263
49,51,0.049090909090909095,12.020084731157302,0.039090909090909086,0.06363636363636364,9.82008473115731,14.420084731157296,True,0.008643075878505227,6.0001076229864845,0,,,11.3536,0.040398
50,52,0.16818181818181818,8.631583796305302,0.1409090909090909,0.2181818181818182,6.431583796305299,10.031583796305302,True,0.0017637098096535079,5.993228256917633,0,,,6.79817,0.15319
51,53,0.3818181818181817,6.056465574507129,0.2545454545454545,0.6636363636363636,3.4564655745071278,9.556465574507133,True,0.013557224956011958,6.005021772063991,0,,,6.22197,0.364245
52,54,0.14272727272727273,10.274234793990537,0.11727272727272728,0.16272727272727272,8.174234793990543,11.874234793990528,False,0.025774661885085915,6.0172392089930655,0,,,8.06416,0.116236
53,55,0.11545454545454545,7.759738104670774,0.08181818181818183,0.14454545454545453,4.4597381046707705,10.159738104670774,True,0.024377531676655424,6.015842078784634,0,,,4.91622,0.082613
54,56,0.09363636363636364,6.897936581171218,0.07545454545454545,0.11545454545454545,4.797936581171216,8.797936581171221,False,0.01546942826027004,6.006933975368249,0,,,4.17631,0.069229
55,57,0.4727272727272727,10.515560870184238,0.4,0.6272727272727272,9.315560870184244,12.315560870184234,True,0.0968168653258326,6.088281412433813,0,,,12.0183,0.501966
56,58,0.06818181818181819,15.58520273741939,0.049090909090909095,0.0918181818181818,12.5852027374194,18.58520273741938,True,0.0007145190914482027,5.992179066199427,0,,,14.5721,0.052476
57,59,0.05090909090909091,3.4000000000000004,0.03363636363636364,0.08181818181818183,0.0,7.9,True,0.04410205537963822,6.035566602487617,0,,,1.31523,0.040538
58,60,0.6090909090909089,9.545856975580078,0.4272727272727273,1.0727272727272728,7.145856975580085,13.345856975580066,True,0.028097083678284968,6.019561630786264,0,,,11.08,0.645787
59,61,0.2,9.792257886064897,0.15181818181818182,0.2727272727272727,7.592257886064905,11.492257886064891,True,0.01708795687952734,6.008552503987508,0,,,8.91214,0.176272
61,63,0.509090909090909,6.577359492890871,0.3636363636363637,0.9,4.377359492890869,10.377359492890877,True,0.02618201768683435,6.017646564794814,0,,,7.58463,0.530846
62,64,0.024545454545454544,6.180763702331281,0.02,0.030909090909090907,4.580763702331279,8.380763702331281,True,0.11408236362722375,6.105546910735201,0,,,5.96092,0.021623
63,65,0.2727272727272727,3.6,0.2,0.3727272727272728,2.1,5.5,True,0.02403200947443033,6.015496556582409,0,,,3.12508,0.245797
64,66,0.3,7.954637083915943,0.2636363636363636,0.3727272727272728,7.054637083915941,9.254637083915943,True,0.036740189156210766,6.028204736264191,0,,,8.35411,0.2873
65,67,0.1390909090909091,10.204013022436706,0.11363636363636365,0.16272727272727272,8.004013022436714,12.0040130224367,False,0.002441481585831968,5.993906028693812,0,,,8.02624,0.113136
66,68,0.011363636363636364,12.282716584119628,0.01,0.014090909090909091,11.082716584119632,14.082716584119623,True,0.008703454168489064,6.000168001276468,0,,,13.7233,0.011521
67,69,0.01681818181818182,17.119948703064143,0.012727272727272728,0.022727272727272728,14.719948703064153,19.519948703064138,True,0.02223416277756875,6.0136987098855474,0,,,18.5645,0.015695
69,71,0.013181818181818182,20.718197841041697,0.01,0.02090909090909091,18.11819784104171,24.618197841041685,True,0.010027867070444242,6.001492414178423,0,,,22.8529,0.012946
70,72,0.1863636363636364,10.899352956854043,0.16090909090909092,0.2181818181818182,9.799352956854051,11.799352956854044,False,0.0436208358622157,6.035085382970195,0,,,9.76368,0.166985
71,73,0.13363636363636364,8.656562105701981,0.11,0.15363636363636365,6.556562105701981,10.156562105701985,False,0.018399655478148636,6.009864202586128,0,,,6.17901,0.104763
72,74,0.3090909090909091,6.021872481533411,0.24545454545454545,0.3909090909090909,4.621872481533409,7.421872481533412,True,0.03207004533601388,6.023534592443992,0,,,5.97366,0.284688
73,75,0.014545454545454544,13.013445119999904,0.01,0.028181818181818183,9.11344511999992,17.71344511999989,True,0.008603333605975365,6.000067880713956,0,,,14.3928,0.014379
74,76,0.08818181818181818,13.779031359816255,0.06272727272727273,0.11727272727272728,10.379031359816267,16.479031359816247,True,0.031338026774176686,6.0228025738821565,0,,,11.8002,0.06481
75,77,0.13727272727272727,4.97111009890159,0.11181818181818183,0.16636363636363638,2.6711100989015906,7.27111009890159,False,0.03678420677257314,6.028248753880553,0,,,2.46876,0.113714
77,79,0.034545454545454546,6.02323376727704,0.028181818181818183,0.04181818181818182,4.423233767277038,7.723233767277041,True,0.019104196516143555,6.010568743624122,0,,,5.12136,0.028294
78,80,0.08454545454545455,9.807415490642386,0.06,0.11545454545454545,6.407415490642401,12.807415490642375,True,0.008585218321080678,6.000049765429058,0,,,7.62777,0.063378
79,81,0.1972727272727273,8.536425618523332,0.1572727272727273,0.2545454545454545,6.8364256185233305,9.836425618523332,True,0.004094720842925068,5.995559267950903,0,,,7.37689,0.174625
80,82,0.6363636363636364,14.496905009560953,0.4818181818181818,0.9181818181818182,12.596905009560961,16.896905009560946,True,0.005673440238265066,5.997137987346244,0,,,16.6568,0.674569
81,83,0.02181818181818182,12.088421768338947,0.015454545454545453,0.03,9.488421768338958,14.988421768338938,True,0.0029505111460673555,5.994415058254046,0,,,12.5041,0.019064
82,84,0.2818181818181818,5.728537244126913,0.2363636363636364,0.3272727272727273,4.828537244126912,6.628537244126912,True,0.15473340117518727,6.146197948283168,0,,,5.43837,0.250973
83,85,0.022727272727272728,15.605824692681177,0.01818181818181818,0.029090909090909087,13.705824692681187,17.80582469268117,True,0.02935035837808192,6.020814905486062,0,,,16.3505,0.01978
84,86,0.12454545454545456,14.081072547322007,0.10272727272727274,0.14454545454545453,11.981072547322011,15.681072547322,False,0.010725594530086258,6.002190141638065,0,,,12.1325,0.092697
85,87,0.06272727272727273,13.62785185316806,0.03545454545454545,0.11181818181818183,8.82785185316808,18.82785185316804,True,0.002994215665449275,5.994458762773428,0,,,12.7011,0.049048
87,89,0.012727272727272728,7.52647121262371,0.01090909090909091,0.01590909090909091,6.3264712126237095,9.526471212623713,True,0.21111413999303294,6.2025786871010125,0,,,8.67125,0.013106
88,90,0.13,12.666185451308994,0.09636363636363636,0.16090909090909092,9.566185451309003,15.066185451308984,True,0.009254734731546643,6.000719281839527,0,,,10.6929,0.10164
89,91,0.19454545454545452,10.613167525736095,0.16090909090909092,0.2363636363636364,9.213167525736102,11.613167525736095,True,0.0007377215240870887,5.992202268632067,0,,,9.59651,0.173357
90,92,0.14636363636363636,9.523923855824421,0.11727272727272728,0.1781818181818182,7.02392385582443,11.723923855824413,True,0.0069709124940230145,5.998435459602003,0,,,7.4095,0.123088
92,94,0.01818181818181818,14.30736803949423,0.011363636363636364,0.03363636363636364,10.307368039494245,19.207368039494213,True,0.013534198690036258,6.004998745798014,0,,,15.6105,0.017277
93,95,0.5545454545454546,8.316764672235447,0.2818181818181818,1.3909090909090909,4.0167646722354435,13.716764672235449,True,0.007464709061486755,5.998929256169466,0,,,9.48228,0.579234
94,96,0.2181818181818182,5.1908437531604585,0.18363636363636365,0.2545454545454545,4.39084375316046,5.990843753160458,False,0.1416685828828685,6.133133129990847,0,,,4.07236,0.18784
95,97,0.10818181818181817,11.51498798475358,0.08818181818181818,0.12636363636363634,9.714987984753586,13.314987984753573,False,0.017147042869606822,6.008611589977586,0,,,9.30849,0.078125
96,98,0.1190909090909091,11.365104091175864,0.07909090909090909,0.15363636363636365,7.465104091175876,14.265104091175852,True,0.003928118762217029,5.995392665870197,0,,,9.05418,0.08666
97,99,0.3909090909090909,7.064940984263438,0.3363636363636364,0.4727272727272727,6.064940984263438,8.364940984263441,True,0.01829405810076216,6.0097586052087415,0,,,7.69816,0.38784
98,100,0.3636363636363637,6.3821235978161015,0.3,0.4636363636363636,5.1821235978160995,7.982123597816103,True,0.0564767990891679,6.047941346197147,0,,,6.84038,0.360001
99,101,0.3727272727272728,5.95755231187967,0.2909090909090909,0.4727272727272727,4.45755231187967,7.557552311879673,True,0.06809641666005152,6.059560963768032,0,,,6.06938,0.352549
100,102,0.1409090909090909,5.3684555450504945,0.09545454545454546,0.19181818181818186,1.2684555450504928,8.168455545050492,True,0.008948637249329228,6.000413184357308,0,,,2.62518,0.115311
101,103,0.027272727272727268,12.67167550249374,0.02181818181818182,0.034545454545454546,10.671675502493747,14.571675502493735,True,0.03588373156893744,6.027348278676916,0,,,12.7504,0.023383
102,104,0.04454545454545455,4.4,0.031818181818181815,0.06363636363636364,1.6,7.7,True,0.08015408758229192,6.071618634690272,0,,,3.00835,0.036662
103,105,0.07954545454545454,4.5,0.053636363636363635,0.11363636363636365,0.7000000000000001,7.9,True,0.005459861861208502,5.996924408969187,0,,,1.83744,0.060408
104,106,0.4909090909090909,2.2,0.3181818181818182,1.1636363636363636,0.0,7.300000000000002,True,0.0033485174015855245,5.9948130645095645,0,,,2.43285,0.500934
105,107,0.01,13.173065541232456,0.01,0.013181818181818182,12.773065541232455,15.273065541232445,True,0.054898005810135986,6.046362552918115,0,,,14.7899,0.010328
106,108,0.18363636363636365,8.416204745837886,0.15363636363636365,0.2363636363636364,6.6162047458378845,9.616204745837887,True,0.01792269614169609,6.009387243249675,0,,,6.84536,0.165704
107,109,0.045454545454545456,11.579190128783932,0.03,0.07127272727272728,8.179190128783945,15.779190128783917,True,0.02084684311154187,6.012311390219521,0,,,11.0379,0.037703
108,110,0.6090909090909089,4.4,0.2909090909090909,1.4,0.0,9.5,True,0.0007180089828139329,5.992182556090793,0,,,4.95815,0.620258
109,111,0.14636363636363636,13.20700397698686,0.11727272727272728,0.17,10.807003976986866,15.207003976986853,True,0.024104177224259983,6.015568724332239,0,,,11.4629,0.121196
110,112,0.16090909090909092,5.5582053220554375,0.13363636363636364,0.2,3.4582053220554374,7.158205322055437,False,0.05999454724256455,6.051459094350545,0,,,3.16361,0.14078
111,113,0.10636363636363637,18.846366956229375,0.08727272727272728,0.12272727272727273,17.146366956229382,20.44636695622937,False,0.06655592709585183,6.058020474203831,0,,,17.3897,0.076348
112,114,0.08636363636363636,4.4,0.05545454545454545,0.12818181818181815,0.1,8.3,True,0.009862723641062313,6.0013272707490435,0,,,1.64683,0.065444
113,115,0.03,10.272643236736348,0.022727272727272728,0.04272727272727273,7.672643236736357,12.97264323673634,True,0.06713769769722157,6.0586022448052015,0,,,9.844,0.02555
114,116,0.09090909090909093,12.192046991726654,0.05181818181818182,0.15,6.9920469917266725,16.992046991726642,True,0.003399038863652469,5.9948635859716335,0,,,9.99249,0.066844
119,121,0.7363636363636363,8.100663830399004,0.3545454545454545,1.4,3.5006638303989988,13.000663830399008,True,0.001523081070942303,5.992987628178923,0,,,9.33179,0.741
120,122,0.2363636363636364,7.740605090152161,0.13727272727272727,0.44545454545454544,3.440605090152157,11.440605090152163,True,0.0037500476553857694,5.995214594763365,0,,,7.35916,0.20042
121,123,0.14636363636363636,10.688867523710396,0.12272727272727273,0.16818181818181818,8.688867523710401,12.388867523710392,False,0.008921271429141849,6.00038581853712,0,,,8.62908,0.121819
122,124,0.07954545454545454,7.034191975010342,0.05454545454545455,0.11363636363636365,3.4341919750103376,10.534191975010344,True,0.006329440901096175,5.997793988009075,0,,,4.72655,0.060716
123,125,0.026363636363636363,13.370020835612493,0.01818181818181818,0.03818181818181818,10.370020835612502,16.37002083561248,True,0.006702816580595549,5.998167363688575,0,,,13.5392,0.022391
124,126,0.2727272727272727,8.378920135146835,0.1972727272727273,0.3818181818181817,6.678920135146834,10.478920135146836,True,0.04132311786559509,6.032787664973574,0,,,8.60738,0.253938
126,128,0.034545454545454546,13.599495446697901,0.025454545454545452,0.04727272727272727,10.89949544669791,16.29949544669789,True,0.02601558379341357,6.017480130901393,0,,,13.537,0.028275
127,129,0.024545454545454544,9.093549590171275,0.01818181818181818,0.031818181818181815,6.6935495901712745,11.393549590171279,True,0.008927665960112052,6.000392213068091,0,,,8.78322,0.020641
128,130,0.07727272727272727,7.436142726250732,0.053636363636363635,0.1090909090909091,3.9361427262507296,10.636142726250737,True,0.002072991035051837,5.993537538143031,0,,,5.16294,0.05856
129,131,0.1809090909090909,9.500893332713751,0.10272727272727274,0.44545454545454544,4.300893332713771,14.300893332713736,True,0.0003286415459605345,5.99179318865394,0,,,7.91275,0.162422
130,132,0.2363636363636364,4.1000000000000005,0.1781818181818182,0.3,2.8000000000000003,5.5,True,0.03103539710757048,6.022499944215549,0,,,3.3689,0.199559
132,134,0.08363636363636362,7.148579902127756,0.0609090909090909,0.11545454545454545,3.9485799021277534,10.148579902127759,True,0.013654775529768988,6.005119322637747,0,,,4.78783,0.063889
133,135,0.01636363636363636,16.52774619264549,0.012272727272727272,0.022727272727272728,14.1277461926455,19.02774619264548,True,0.01531337051554601,6.006777917623526,0,,,17.9853,0.015424
134,136,0.2272727272727273,7.0080996548539645,0.17,0.2727272727272727,5.8080996548539625,8.108099654853966,True,0.03461381833815856,6.026078365446137,0,,,6.18578,0.190286
135,137,0.3,7.1783253779561225,0.2363636363636364,0.3727272727272728,5.7783253779561194,8.578325377956123,True,0.09812142479588937,6.089585971903868,0,,,7.10218,0.271911
136,138,0.037272727272727284,13.956772567025832,0.022727272727272728,0.06363636363636364,9.856772567025844,18.756772567025813,True,0.008084789974245866,5.999549337082225,0,,,13.9785,0.030177
137,139,0.1390909090909091,11.363670714948395,0.11181818181818183,0.16454545454545455,8.963670714948403,13.363670714948388,True,0.005283842623927133,5.9967483897319065,0,,,9.31098,0.112257
138,140,0.012272727272727272,16.485267703368958,0.01,0.017272727272727273,14.585267703368965,19.285267703368948,True,0.03956566536039508,6.031030212468374,0,,,18.1738,0.01208
139,141,0.14272727272727273,23.849753099061328,0.08181818181818183,0.2545454545454545,18.749753099061266,27.849753099061388,True,0.010017341252898822,6.001481888360878,0,,,23.5543,0.122405
140,142,0.2272727272727273,12.921175547401226,0.16818181818181818,0.2909090909090909,11.421175547401235,14.121175547401226,True,0.049328548965532584,6.0407930960735134,0,,,12.845,0.193337
141,143,0.16636363636363638,14.189034176426725,0.14272727272727273,0.2,12.289034176426735,15.189034176426725,True,0.04576411984592589,6.037228666953906,0,,,12.7388,0.148782
142,144,0.029090909090909087,11.783746341961054,0.02090909090909091,0.04636363636363637,8.783746341961066,15.583746341961042,True,0.024709803406939648,6.016174350514919,0,,,11.9309,0.025716
143,145,0.040909090909090916,6.876640394210828,0.03272727272727273,0.049090909090909095,5.1766403942108274,8.67664039421083,True,0.23234578094454586,6.223810328052526,0,,,5.93254,0.033205
144,146,0.04454545454545455,10.255806987719684,0.03363636363636364,0.0609090909090909,7.855806987719693,13.155806987719677,True,0.032989306436913585,6.024453853544892,0,,,9.6584,0.036798
145,147,0.058181818181818175,14.05091366982894,0.04636363636363637,0.07681818181818181,11.950913669828944,16.850913669828927,True,0.10450675277665923,6.095971299884639,0,,,13.5438,0.047249
146,148,0.1972727272727273,9.156204695048586,0.16454545454545455,0.24545454545454545,8.05620469504859,10.156204695048583,True,0.01393849129130596,6.005403038399285,0,,,8.12828,0.175352
147,149,0.06545454545454546,10.891118303453094,0.04727272727272727,0.08818181818181818,7.991118303453107,13.991118303453085,True,0.011400885418810798,6.00286543252679,0,,,9.52671,0.050372
148,150,0.13727272727272727,13.067037958603626,0.11545454545454545,0.15545454545454546,11.167037958603633,14.467037958603617,False,0.059459771237872085,6.050924318345852,0,,,11.0417,0.108144
149,151,0.030909090909090907,6.1122744872879045,0.02363636363636364,0.04454545454545455,3.612274487287903,9.01227448728791,True,0.009645544819737822,6.001110091927718,0,,,5.46216,0.02661
150,152,0.030909090909090907,12.434169258797581,0.017727272727272727,0.056363636363636366,7.634169258797598,17.234169258797564,True,0.021436771619568345,6.012901318727548,0,,,12.3255,0.026252
151,153,0.2181818181818182,9.180789322374087,0.1572727272727273,0.3,7.080789322374095,10.88078932237408,True,0.01808151216428989,6.009546059272269,0,,,8.58899,0.187903
152,154,0.028181818181818183,6.361951110188995,0.02,0.039090909090909086,3.461951110188993,8.961951110188998,True,0.11493459560148606,6.106399142709465,0,,,5.57062,0.023801
153,155,0.031818181818181815,11.694590175265116,0.022727272727272728,0.04454545454545455,8.694590175265127,14.394590175265106,True,0.04148480787445513,6.032949354982433,0,,,11.3703,0.026494
154,156,0.2,12.17169459058932,0.16636363636363638,0.24545454545454545,11.171694590589324,13.071694590589313,True,0.0021655124081559392,5.993630059516135,0,,,11.5548,0.177529
156,158,0.014090909090909091,15.437762249773554,0.011363636363636364,0.018636363636363642,13.43776224977356,17.737762249773546,True,0.023160122047667875,6.014624669155648,0,,,17.0474,0.013958
157,159,0.057272727272727274,11.959761784828752,0.031818181818181815,0.10181818181818182,7.059761784828768,17.05976178482873,True,0.0015660802701385045,5.9930306273781175,0,,,10.9663,0.045687
158,160,0.12090909090909092,27.438244472046986,0.08181818181818183,0.16090909090909092,23.73824447204693,30.738244472047032,True,0.013674727120627112,6.005139274228606,0,,,27.4087,0.0928
159,161,0.2636363636363636,12.747049038355826,0.2181818181818182,0.3272727272727273,11.747049038355827,13.94704903835582,True,0.05493009372200615,6.046394640829985,0,,,13.3332,0.240288
160,162,0.4636363636363636,16.433021550347526,0.3545454545454545,0.6909090909090909,14.633021550347536,19.133021550347518,True,0.002604151477512486,5.994068698585491,0,,,18.6386,0.486437
161,163,0.10454545454545457,6.214780194600102,0.075,0.13181818181818186,3.2147801946000985,8.714780194600102,True,0.007958948824577344,5.9994234959325565,0,,,3.32899,0.075151
162,164,0.1390909090909091,17.83907752555533,0.10363636363636364,0.16818181818181818,14.639077525555338,20.23907752555532,True,0.03760520705980671,6.029069754167786,0,,,16.4239,0.11131
163,165,0.16272727272727272,25.740015659419516,0.12818181818181815,0.2181818181818182,23.040015659419478,27.540015659419545,True,0.016329506454064877,6.007794053562044,0,,,25.7977,0.146333
164,166,0.17,15.693837513431726,0.14636363636363636,0.2090909090909091,13.693837513431733,16.69383751343172,True,0.018763946936549904,6.0102284940445285,0,,,14.5128,0.154139
165,167,0.04454545454545455,12.679696596892061,0.037272727272727284,0.05454545454545455,11.079696596892068,14.579696596892054,False,0.08509738781857971,6.076561934926559,0,,,12.3389,0.03704
166,168,0.1,21.22137944320727,0.06454545454545453,0.14272727272727273,17.021379443207213,25.021379443207326,True,0.016236766717009816,6.007701313824988,0,,,20.3757,0.074023
167,169,0.17545454545454547,9.173517360013443,0.13,0.2636363636363636,5.873517360013455,11.173517360013435,True,0.0018405874442650376,5.993305134552244,0,,,7.49457,0.15941
168,170,0.03363636363636364,21.982345351631512,0.02363636363636364,0.05,18.88234535163147,25.582345351631567,True,0.01648377400604079,6.007948321114019,0,,,23.0084,0.028044
169,171,0.4727272727272727,23.923819049869003,0.3909090909090909,0.5909090909090908,22.723819049868982,25.42381904986902,False,0.02033482529511772,6.011799372403098,0,,,27.1491,0.512431
170,172,0.12090909090909092,10.078502244122076,0.10363636363636364,0.13363636363636364,8.378502244122082,11.178502244122072,False,0.09829013460564004,6.089754681713619,0,,,7.50252,0.087348
171,173,0.053636363636363635,21.121747219217166,0.03636363636363636,0.08363636363636362,17.521747219217108,25.421747219217227,True,0.013713211824903794,6.0051777589328825,0,,,21.4838,0.044426
172,174,0.11545454545454545,11.763883433591467,0.08818181818181818,0.13727272727272727,9.263883433591477,13.663883433591463,False,0.03518672379156258,6.026651270899541,0,,,9.39909,0.082715
173,175,0.2909090909090909,8.111602482511044,0.2363636363636364,0.3545454545454545,6.911602482511041,9.411602482511043,True,0.10558061326567003,6.097045160373648,0,,,8.18233,0.262931
174,176,0.4090909090909091,3.5,0.2090909090909091,1.0181818181818183,0.0,8.700000000000001,True,0.0011478049791158445,5.992612352087095,0,,,3.55322,0.397854
175,177,0.1572727272727273,14.234437706717413,0.13545454545454547,0.1781818181818182,12.53443770671742,15.634437706717408,False,0.07512286903464374,6.066587416142622,0,,,12.702,0.135225
176,178,0.04818181818181819,10.09610758211203,0.03363636363636364,0.07018181818181819,6.996107582112041,13.596107582112017,True,0.043916619219269266,6.035381166327247,0,,,9.17557,0.039529
177,179,0.13727272727272727,22.553082973704146,0.10363636363636364,0.16454545454545455,19.453082973704106,24.853082973704186,True,0.020776300530959583,6.012240847638939,0,,,21.6871,0.109122
178,180,0.2545454545454545,7.810649089005581,0.1890909090909091,0.3363636363636364,6.410649089005581,9.510649089005582,True,0.02350318395428724,6.014967731062267,0,,,7.68332,0.226368
180,182,0.1890909090909091,10.321401785572696,0.16272727272727272,0.2272727272727273,9.221401785572699,11.221401785572693,True,0.03825643068064993,6.029720977788628,0,,,9.25039,0.170038
181,183,0.17545454545454547,10.35223423925257,0.10454545454545457,0.3545454545454545,5.152234239252588,14.052234239252558,True,0.002663598935883425,5.994128146043862,0,,,8.83741,0.159614
182,184,0.08454545454545455,4.800000000000002,0.04636363636363637,0.1481818181818182,0.0,9.7,True,0.002961363395334547,5.994425910503312,0,,,1.97041,0.063472
183,185,0.15545454545454546,5.4279485162647125,0.13181818181818186,0.1890909090909091,3.5279485162647126,7.127948516264713,False,0.004918762007718474,5.996383309115697,0,,,3.01147,0.135303
184,186,0.027272727272727268,6.638917308409488,0.01818181818181818,0.04363636363636364,3.3389173084094868,10.538917308409491,True,0.013402006984109595,6.0048665540920885,0,,,6.25179,0.023886
185,187,0.029090909090909087,13.308540955250733,0.02181818181818182,0.03818181818181818,10.80854095525074,15.408540955250725,True,0.09612302114847728,6.087587568256455,0,,,13.1899,0.024505
186,188,0.2,7.8216136797305085,0.14454545454545453,0.3,5.021613679730507,9.921613679730509,True,0.013760914463241413,6.0052254615712215,0,,,6.77909,0.179237
187,189,0.12090909090909092,11.68745717620342,0.09545454545454546,0.1481818181818182,9.287457176203427,13.887457176203412,False,0.03443108597947618,6.0258956330874565,0,,,9.71431,0.091428
188,190,0.029090909090909087,6.575929692463216,0.022727272727272728,0.04,4.375929692463214,8.975929692463216,True,0.06877436364358641,6.060238910751567,0,,,6.06479,0.025411
189,191,0.1090909090909091,13.221311495311776,0.08181818181818183,0.1390909090909091,10.621311495311783,15.821311495311766,False,0.02745949923890396,6.018924046346883,0,,,11.399,0.080407
190,192,0.3727272727272728,5.706068403482478,0.3,0.4636363636363636,4.406068403482476,7.206068403482478,True,0.0005813075052735593,5.992045854613253,0,,,5.99249,0.362685
191,193,0.034545454545454546,12.2679748895169,0.027272727272727268,0.045454545454545456,10.367974889516905,14.56797488951689,True,0.02845459184867142,6.01991913895665,0,,,12.2704,0.028873
192,194,0.5545454545454546,1.9,0.3818181818181817,1.2545454545454546,0.0,6.800000000000002,True,0.018788468956652843,6.010253016064633,0,,,1.8484,0.54845
193,195,0.04272727272727273,14.626842228909268,0.03,0.0609090909090909,11.826842228909278,17.926842228909262,True,0.1582759811027716,6.149740528210749,0,,,14.4896,0.034887
194,196,0.029090909090909087,4.2,0.022727272727272728,0.03818181818181818,1.9,6.300000000000002,True,0.030375663425101312,6.02184021053308,0,,,3.18633,0.024886
195,197,0.019545454545454543,9.218603627177494,0.014090909090909091,0.026363636363636363,6.718603627177492,11.818603627177493,True,0.038861194100832816,6.030325741208812,0,,,9.47664,0.017606
196,198,0.04181818181818182,10.980955681671462,0.027272727272727268,0.06363636363636364,7.580955681671472,14.980955681671446,True,0.005761038768211901,5.997225585876192,0,,,10.4913,0.033931
197,199,0.3727272727272728,7.480395980186625,0.3181818181818182,0.4181818181818182,6.480395980186622,8.280395980186626,True,0.17360096236819286,6.165065509476173,0,,,7.81628,0.354089
198,200,0.1,15.325227249388721,0.057272727272727274,0.14272727272727273,10.22522724938874,19.325227249388703,True,0.011270050581225278,6.002734597689204,0,,,13.4498,0.070947
199,201,0.3272727272727273,11.399109669598,0.2818181818181818,0.4,10.599109669598002,12.799109669597994,True,0.09092550604330668,6.082390053151285,0,,,12.5327,0.323291
200,202,0.025454545454545452,15.120732250196127,0.019545454545454543,0.03363636363636364,13.020732250196135,17.420732250196117,True,0.0421870667835904,6.0336516138915695,0,,,15.6087,0.022042
201,203,0.1890909090909091,8.963892926168676,0.1590909090909091,0.2272727272727273,7.663892926168674,9.863892926168676,False,0.014878511144400919,6.00634305825238,0,,,7.60708,0.168851
202,204,0.022727272727272728,12.193543061890312,0.017272727272727273,0.029090909090909087,9.993543061890318,14.493543061890302,True,0.08975636467791663,6.081220911785897,0,,,12.4639,0.019502
203,205,0.056363636363636366,6.672240188719461,0.04,0.08,3.5722401887194586,10.172240188719464,True,0.001051085707280864,5.99251563281526,0,,,5.21788,0.045316
204,206,0.15,8.903607637133756,0.12090909090909092,0.1863636363636364,6.5036076371337534,10.803607637133755,True,0.002095373492046589,5.993559920600027,0,,,6.80614,0.128256
205,207,0.509090909090909,4.2,0.2727272727272727,1.2272727272727273,0.2,9.5,True,0.0036280973543002634,5.9950926444622805,0,,,4.827,0.529413
206,208,0.10727272727272727,8.850191410188541,0.06363636363636364,0.15363636363636365,3.850191410188537,12.750191410188544,True,0.0015405262857665484,5.993005073393745,0,,,6.34463,0.077882
207,209,0.028181818181818183,17.859480334920413,0.015454545454545453,0.05181818181818182,12.959480334920428,22.85948033492039,True,0.017796322354047437,6.009260869462026,0,,,18.6688,0.024543
208,210,0.2545454545454545,8.689074788074425,0.1572727272727273,0.4272727272727273,5.889074788074423,11.989074788074428,True,0.01602058173643575,6.007485128844415,0,,,8.80882,0.227345
209,211,0.1890909090909091,9.523469518452163,0.11545454545454545,0.34545454545454546,4.523469518452184,12.723469518452154,True,0.007543448621081999,5.999007995729062,0,,,8.24896,0.170177
210,212,0.02,10.371977367535528,0.015454545454545453,0.026363636363636363,8.371977367535537,12.571977367535524,True,0.04575741072593058,6.03722195783391,0,,,10.822,0.018198
211,213,0.11181818181818183,34.10064161673349,0.06909090909090909,0.1572727272727273,29.400641616733427,37.90064161673353,True,0.009100928579990534,6.00056547568797,0,,,34.7439,0.08449
212,214,0.6727272727272727,7.189703792087921,0.3181818181818182,1.4,2.4897037920879166,12.489703792087926,True,2.354751202614397e-05,5.9914880946200055,0,,,8.1492,0.679251
213,215,0.3909090909090909,3.2,0.2636363636363636,0.7272727272727273,0.8,7.300000000000002,True,0.012311876125721644,6.003776423233701,0,,,3.30871,0.38463
214,216,0.09272727272727273,32.995226343848586,0.05,0.1590909090909091,27.995226343848515,37.99522634384866,True,0.0015427296538026304,5.993007276761782,0,,,33.401,0.069919
215,217,0.1390909090909091,12.497511632556245,0.1190909090909091,0.16090909090909092,10.79751163255625,14.097511632556238,False,0.09419414953346596,6.085658696641445,0,,,10.7284,0.115338
216,218,0.04818181818181819,4.720573542748309,0.040909090909090916,0.06272727272727273,3.2205735427483098,7.220573542748308,True,0.14924640624911792,6.1407109533570985,0,,,3.57594,0.041088
217,219,0.7454545454545455,29.821423602618967,0.5363636363636364,1.1272727272727274,27.721423602618927,32.521423602619,False,0.009103119921201974,6.000567667029181,0,,,34.7551,0.877611
218,220,0.04181818181818182,6.819147020645242,0.030909090909090907,0.05545454545454545,4.51914702064524,9.519147020645244,True,0.015492204451014903,6.006956751558994,0,,,5.86068,0.034193
219,221,0.3363636363636364,3.4000000000000004,0.2363636363636364,0.5181818181818182,1.3,6.300000000000002,True,0.008064537118299391,5.9995290842262765,0,,,3.17934,0.315323
220,222,0.11363636363636365,7.006809767125744,0.06545454545454546,0.1809090909090909,2.10680976712574,11.906809767125747,True,0.007983952911480734,5.99944850001946,0,,,4.36454,0.083205
221,223,0.3363636363636364,11.940605037142687,0.17,0.7818181818181819,8.4406050371427,17.14060503714267,True,0.0013740585192640025,5.9928386056272425,0,,,12.8632,0.320629
222,224,0.5363636363636364,7.118778749700241,0.2636363636363636,1.3272727272727274,2.5187787497002367,12.318778749700249,True,0.007262633205731749,5.998727180313711,0,,,8.18201,0.564628
223,225,0.11181818181818183,15.02792048928235,0.08636363636363636,0.13363636363636364,12.52792048928236,16.927920489282346,False,0.02645553741241093,6.01792008452039,0,,,13.0197,0.080372
224,226,0.06818181818181819,13.288295886098785,0.04727272727272727,0.09909090909090908,9.788295886098798,16.788295886098773,True,0.003449728764202243,5.9949142758721825,0,,,12.1086,0.053026
225,227,0.06454545454545453,8.615971681832987,0.04454545454545455,0.0981818181818182,5.115971681832997,12.515971681832971,True,0.014537225891098324,6.006001772999077,0,,,7.20348,0.05084
227,229,0.17545454545454547,11.255298831034393,0.12636363636363634,0.2727272727272727,7.655298831034403,13.355298831034384,True,0.0008333087797539558,5.992297855887733,0,,,9.83942,0.159405
228,230,0.09727272727272727,11.185700793906195,0.052727272727272734,0.1590909090909091,6.085700793906213,16.085700793906177,True,0.0009381616308101972,5.99240270873879,0,,,8.92587,0.07056
229,231,0.17,13.067452551466776,0.13363636363636364,0.24545454545454545,10.267452551466784,14.767452551466768,True,0.004173154971608045,5.995637702079589,0,,,11.7973,0.156721
230,232,0.049090909090909095,10.349791934858873,0.037272727272727284,0.06727272727272728,7.84979193485888,13.249791934858859,True,0.002619234651122109,5.994083781759101,0,,,9.51919,0.040646
231,233,0.017272727272727273,8.247505170789461,0.01,0.03363636363636364,3.647505170789457,13.147505170789467,True,0.012410846773066165,6.003875393881044,0,,,8.95003,0.016697
232,234,0.08090909090909093,18.831750270069076,0.053636363636363635,0.1190909090909091,14.831750270069096,22.531750270069068,True,0.012516428196805157,6.003980975304785,0,,,17.8396,0.061745
233,235,0.34545454545454546,9.864022282405775,0.2909090909090909,0.3909090909090909,8.864022282405779,10.764022282405774,True,0.1242737840667591,6.115738331174737,0,,,10.449,0.325239
234,236,0.07954545454545454,12.286817471819587,0.05909090909090909,0.10545454545454544,9.286817471819594,14.786817471819575,True,0.0056159797043622214,5.997080526812341,0,,,10.4019,0.059896
235,237,0.3727272727272728,5.211024874676141,0.2909090909090909,0.5,3.611024874676142,7.211024874676141,True,0.023776696390500656,6.0152412434984806,0,,,5.47197,0.363121
236,238,0.2363636363636364,24.2124439584266,0.19454545454545452,0.2818181818181818,23.31244395842659,25.11244395842661,False,0.02537476242567228,6.016839309533651,0,,,26.0018,0.209504
237,239,0.16636363636363638,13.682057137474954,0.14272727272727273,0.2090909090909091,11.782057137474956,14.882057137474947,True,0.013605481962970655,6.005070029070951,0,,,12.3432,0.1504
238,240,0.6272727272727272,6.738654753375922,0.3,1.4,2.0386547533759183,11.938654753375928,True,0.0027846942323563307,5.994249241340334,0,,,7.60471,0.632756
239,241,0.053636363636363635,13.742321251561913,0.04363636363636364,0.06545454545454546,11.742321251561926,15.642321251561912,False,0.026247786212695443,6.017712333320675,0,,,13.0669,0.043291
240,242,0.030909090909090907,15.548474428321965,0.024545454545454544,0.04181818181818182,13.348474428321971,17.848474428321953,True,0.04612800869230139,6.0375925558002805,0,,,15.8741,0.026629
241,243,0.05090909090909091,4.5,0.040909090909090916,0.06636363636363636,2.3000000000000003,6.9,True,0.035172381770536436,6.026636928878514,0,,,2.95512,0.04234
242,244,0.039090909090909086,18.198543661413364,0.027272727272727268,0.053636363636363635,15.298543661413374,21.298543661413355,True,0.01584070092948028,6.00730524803746,0,,,18.5904,0.031318
244,246,0.039090909090909086,5.1817413700268675,0.031818181818181815,0.04818181818181819,3.681741370026868,7.1817413700268675,True,0.09778591124096717,6.089250458348946,0,,,4.27424,0.032383
245,247,0.4909090909090909,1.2000000000000002,0.3727272727272728,1.1454545454545455,0.0,6.300000000000002,True,0.004106570670400561,5.99557111777838,0,,,1.14525,0.490844
246,248,0.4,7.082141174341951,0.3363636363636364,0.4636363636363636,5.982141174341949,8.08214117434195,True,0.1536653762254283,6.145129923333408,0,,,7.51441,0.384787
247,249,0.3272727272727273,8.073578868152955,0.2363636363636364,0.4727272727272727,6.0735788681529534,10.573578868152957,True,0.01843740739347419,6.009901954501452,0,,,8.44308,0.307826
248,250,0.2363636363636364,16.402605298017527,0.17545454545454547,0.3090909090909091,15.102605298017533,18.002605298017517,True,0.07790269652380714,6.0693672436317865,0,,,17.1685,0.201849
249,251,0.2545454545454545,4.4,0.1890909090909091,0.3181818181818182,3.0,5.7,True,0.03408141770081969,6.0255459648087975,0,,,3.63735,0.213754
250,252,0.3090909090909091,4.1000000000000005,0.2636363636363636,0.3636363636363637,3.1,5.1000000000000005,True,0.048665848091002,6.0401303951989815,0,,,3.77234,0.284252
251,253,0.5,24.03669274673533,0.3818181818181817,0.8272727272727273,22.33669274673531,27.336692746735377,False,0.06901229977374068,6.06047684688172,0,,,27.8617,0.579121
253,255,0.08454545454545455,5.880900840415295,0.06363636363636364,0.11181818181818183,2.980900840415297,8.480900840415295,True,0.035752519776866824,6.0272170668848455,0,,,3.26746,0.06402
254,256,0.3,18.10902248224489,0.2181818181818182,0.4090909090909091,16.309022482244888,20.209022482244876,True,0.061778025302097424,6.053242572410077,0,,,19.5355,0.281194
255,257,0.030909090909090907,7.069593044936358,0.026363636363636363,0.03818181818181818,5.469593044936357,8.66959304493636,False,0.06195632944460861,6.053420876552588,0,,,6.41858,0.026355
256,258,0.12454545454545456,12.369864236638064,0.10363636363636364,0.1481818181818182,10.36986423663807,14.269864236638055,False,0.05098070260702706,6.042445249715007,0,,,10.5602,0.09673
257,259,0.2727272727272727,15.103440469397507,0.2181818181818182,0.34545454545454546,13.803440469397511,16.403440469397502,True,0.06910725694133807,6.060571804049318,0,,,16.0383,0.252598
258,260,0.14454545454545453,40.86199719092453,0.08181818181818183,0.24545454545454545,35.66199719092445,44.66199719092458,True,0.0023516087616455845,5.993816155869625,0,,,42.6108,0.12709
259,261,0.19454545454545452,11.777887914383856,0.16818181818181818,0.2181818181818182,10.977887914383857,12.377887914383852,False,0.07654299432270567,6.068007541430684,0,,,10.7586,0.170935
261,263,0.3363636363636364,18.152378490630035,0.2818181818181818,0.3818181818181817,17.052378490630037,19.05237849063003,False,0.18269162248978496,6.174156169597764,0,,,19.7064,0.318568
262,264,0.2909090909090909,6.622049140174817,0.24545454545454545,0.34545454545454546,5.622049140174817,7.722049140174818,True,0.04902653200039747,6.040491079108376,0,,,6.51317,0.264027
263,265,0.16272727272727272,9.620382414827224,0.14272727272727273,0.19454545454545452,8.020382414827228,10.820382414827217,False,0.06536533180434477,6.056829878912324,0,,,7.84282,0.145277
265,267,0.1572727272727273,22.07094836097432,0.14272727272727273,0.17272727272727273,20.9709483609743,23.170948360974325,False,0.055940187835557736,6.0474047349435365,0,,,21.654,0.140023
266,268,0.5,15.531706123878267,0.3909090909090909,0.7090909090909091,13.831706123878273,17.73170612387826,True,0.00845374753989549,5.999918294647873,0,,,17.6157,0.535745
267,269,0.039090909090909086,6.623452025509473,0.03,0.049090909090909095,4.623452025509472,8.923452025509476,True,0.02255419612571102,6.014018743233691,0,,,5.68679,0.031505
268,270,0.16636363636363638,21.222795965314955,0.1409090909090909,0.2,19.222795965314926,22.32279596531497,True,0.01076110720367536,6.002225654311656,0,,,20.6584,0.149924
269,271,0.4181818181818182,4.0,0.2909090909090909,0.6727272727272727,1.6,7.1000000000000005,True,0.0174327055766549,6.008897252684633,0,,,3.99631,0.398539
270,272,0.029090909090909087,12.051373846463894,0.02090909090909091,0.04181818181818182,9.051373846463909,14.951373846463886,True,0.07408485164001892,6.065549398747997,0,,,11.8599,0.024701
271,273,0.2909090909090909,21.305772148682944,0.24545454545454545,0.3545454545454545,20.30577214868293,22.40577214868296,False,0.00631253617925317,5.997777083287232,0,,,23.2463,0.282247
272,274,0.07863636363636364,6.242055419093398,0.056363636363636366,0.10818181818181817,2.9420554190933954,9.142055419093401,True,0.0015159757407631588,5.992980522848742,0,,,3.78625,0.05971
274,276,0.16636363636363638,13.562247299968547,0.15,0.19454545454545452,12.162247299968552,14.462247299968546,False,0.04233581558924583,6.0338003626972245,0,,,12.1785,0.149638
275,277,0.02,12.549779762872861,0.017272727272727273,0.025454545454545452,11.349779762872865,14.449779762872856,True,0.11062415590322286,6.102088703011201,0,,,13.4064,0.018457
276,278,0.028181818181818183,3.4000000000000004,0.02363636363636364,0.03545454545454545,1.8,5.2,True,0.014842918472077478,6.006307465580058,0,,,2.55597,0.024638
277,279,0.4545454545454546,3.1,0.2545454545454545,1.1090909090909091,0.0,8.200000000000001,True,0.002405281586078748,5.9938698286940575,0,,,3.23936,0.451866
279,281,0.2545454545454545,14.195719516897375,0.2,0.3272727272727273,13.09571951689738,15.795719516897373,True,0.05747708826673707,6.0489416353747165,0,,,15.037,0.22838
280,282,0.013181818181818182,15.239825900843325,0.01,0.01818181818181818,12.839825900843332,17.939825900843317,True,0.016928053041018836,6.008392600148997,0,,,16.7526,0.012869
281,283,0.08636363636363636,11.517032565333107,0.06181818181818183,0.12090909090909092,8.117032565333115,14.717032565333092,True,0.023641796519163448,6.015106343627143,0,,,9.60764,0.065644
282,284,0.16636363636363638,13.735253094202745,0.15363636363636365,0.19181818181818186,12.735253094202747,14.53525309420274,False,0.03106510884845972,6.022529655956439,0,,,12.5053,0.151441
283,285,0.2363636363636364,7.028459241426137,0.1890909090909091,0.2818181818181818,6.028459241426137,8.028459241426138,True,0.12444117740190888,6.115905724509887,0,,,6.5213,0.19811
284,286,0.4181818181818182,3.9,0.2090909090909091,0.9818181818181818,0.0,9.1,True,0.0008928518705651609,5.992357398978545,0,,,4.03699,0.40714
285,287,0.1972727272727273,20.489302447473023,0.15181818181818182,0.2636363636363636,18.289302447473027,21.989302447473012,True,0.004492081795802946,5.995956628903782,0,,,20.7813,0.175566
286,288,0.4090909090909091,10.29229986681325,0.3363636363636364,0.5181818181818182,8.992299866813255,11.792299866813245,True,0.009629600938604006,6.001094148046581,0,,,11.2833,0.405095
287,289,0.04454545454545455,5.698926835119948,0.03,0.06636363636363636,2.4989268351199434,9.39892683511995,True,0.002061394090485068,5.993525941198463,0,,,4.46489,0.036446
288,290,0.013181818181818182,6.719606878640825,0.01,0.01909090909090909,4.319606878640822,9.619606878640829,True,0.007447939747110276,5.9989124868550885,0,,,7.36582,0.013026
289,291,0.4545454545454546,7.429499441758478,0.3545454545454545,0.6545454545454545,5.8294994417584745,9.729499441758476,True,0.012804749849435896,6.004269296957415,0,,,8.28644,0.460924
290,292,0.03,3.6,0.024545454545454544,0.039090909090909086,1.7000000000000002,5.5,True,0.010041197681250915,6.001505744789231,0,,,2.56491,0.025927
291,293,0.01681818181818182,6.994613065556535,0.013181818181818182,0.022727272727272728,5.0946130655565325,9.494613065556537,True,0.0070682732018408035,5.99853282030982,0,,,7.5943,0.01613
292,294,0.7181818181818181,4.0,0.3727272727272728,1.4,0.0,8.9,True,0.0014672817179472387,5.992931828825928,0,,,4.44438,0.706293
293,295,0.3,3.2,0.2545454545454545,0.3727272727272728,2.3000000000000003,4.5,True,0.009460244724567864,6.000924791832548,0,,,2.9281,0.282857
294,296,0.9454545454545454,9.623011149241108,0.4181818181818182,1.4,5.123011149241126,13.323011149241095,True,3.269508185019406e-05,5.991497242189829,0,,,10.9687,0.925956
296,298,0.1390909090909091,19.618667945305308,0.11181818181818183,0.16090909090909092,17.21866794530532,21.31866794530531,False,0.0435363841015674,6.035000931209546,0,,,18.394,0.110836
297,299,0.3363636363636364,3.2,0.2090909090909091,0.6181818181818182,0.6000000000000001,7.2,True,0.0012234863838963574,5.992688033491875,0,,,2.98493,0.318227
298,300,0.44545454545454544,8.711293391163295,0.3636363636363637,0.5727272727272728,7.4112933911633005,10.411293391163287,True,0.05216627241789755,6.0436308195258786,0,,,9.60489,0.443287
299,301,0.3090909090909091,6.906844671028924,0.2272727272727273,0.44545454545454544,5.206844671028922,9.206844671028923,True,0.014634993926854672,6.006099541034835,0,,,7.16208,0.291543
300,302,0.12090909090909092,11.182865674966939,0.08545454545454545,0.15363636363636365,7.8828656749669515,13.782865674966931,True,0.02327582723642549,6.014740374344404,0,,,8.95079,0.089046
302,304,0.9363636363636364,10.85188603584852,0.4909090909090909,1.4,6.651886035848537,13.85188603584851,True,0.0036867851099987212,5.9951513322179775,0,,,12.4186,0.9284
303,305,0.011818181818181818,7.044842721581565,0.01,0.013636363636363636,5.644842721581565,8.344842721581568,True,0.11935154238731148,6.11081608949529,0,,,7.74925,0.01175
304,306,0.10090909090909092,13.744093659077064,0.08181818181818183,0.11727272727272728,11.944093659077067,15.444093659077055,False,0.03328115680213253,6.024745703910113,0,,,11.8727,0.072793
305,307,0.3545454545454545,4.832349730522948,0.3,0.44545454545454544,3.8323497305229473,6.332349730522948,True,0.10830789124362193,6.099772438351601,0,,,5.11355,0.351264
306,308,0.16818181818181818,5.1000000000000005,0.13363636363636364,0.2363636363636364,2.4000000000000004,6.9,True,0.004539261772801732,5.996003808880781,0,,,2.86052,0.153857
307,309,0.2272727272727273,4.800000000000002,0.16090909090909092,0.3,2.8000000000000003,6.4,True,0.014331803802616519,6.005796350910597,0,,,3.66366,0.190781
308,310,0.3,13.349994432823756,0.2545454545454545,0.3818181818181817,12.34999443282376,14.84999443282375,True,0.04607352481004268,6.037538071918021,0,,,14.4488,0.287995
309,311,0.15,7.477836057139814,0.13181818181818186,0.17272727272727273,6.0778360571398125,9.177836057139814,False,0.047358837391532634,6.038823384499513,0,,,5.37594,0.129888
310,312,0.6090909090909089,7.797588956092835,0.4,1.1090909090909091,4.997588956092834,11.69758895609284,True,0.0007073578522546472,5.992171904960233,0,,,8.7526,0.620898
311,313,1.1636363636363636,5.493219436036512,0.509090909090909,1.4,0.7932194360365115,7.5932194360365095,True,0.0001755425792032959,5.991640089687183,0,,,6.10097,1.08928
312,314,0.1863636363636364,9.332165408465062,0.14636363636363636,0.2545454545454545,7.032165408465071,10.832165408465057,True,0.0017233077312283893,5.993187854839207,0,,,7.94024,0.166565
313,315,0.09636363636363636,10.29415061595762,0.07200000000000001,0.12090909090909092,7.594150615957629,12.594150615957613,False,0.016577343894305832,6.008041891002286,0,,,7.88829,0.06973
314,316,0.2545454545454545,12.970666125622705,0.2,0.3272727272727273,11.77066612562271,14.370666125622703,True,0.041177650226866064,6.032642197334845,0,,,13.5731,0.229595
315,317,0.3,1.7000000000000002,0.19454545454545452,0.6,0.0,6.1000000000000005,True,0.013693191668343676,6.005157738776322,0,,,1.08928,0.27833
316,318,0.1390909090909091,7.534105941224331,0.12272727272727273,0.1590909090909091,6.234105941224331,9.134105941224332,False,0.1271749225762167,6.118639469684196,0,,,5.37589,0.116108
317,319,0.2363636363636364,7.88445577074975,0.17545454545454547,0.3,6.484455770749749,9.184455770749752,True,0.031422699514898615,6.0228872466228776,0,,,7.48673,0.198125
318,320,0.029090909090909087,17.70582044695282,0.01909090909090909,0.04454545454545455,14.205820446952831,21.305820446952808,True,0.031359697420401136,6.022824244528381,0,,,18.18,0.024604
319,321,0.19181818181818186,8.236003919967937,0.15363636363636365,0.2545454545454545,6.436003919967934,9.636003919967935,True,0.00876650713296202,6.000231054240942,0,,,6.98574,0.172364
320,322,0.2181818181818182,7.668201253102219,0.18363636363636365,0.2727272727272727,6.868201253102218,8.76820125310222,True,0.19315773728759172,6.184622284395571,0,,,7.19678,0.192636
321,323,0.056363636363636366,21.22763281433759,0.03818181818181818,0.08454545454545455,17.627632814337538,25.127632814337645,True,0.003740464155294973,5.995205011263274,0,,,21.4138,0.045716
322,324,0.2545454545454545,9.894330431127003,0.2272727272727273,0.2909090909090909,9.294330431127003,10.794330431127,True,0.11506345580711964,6.1065280029150975,0,,,10.1806,0.227933
323,325,0.1190909090909091,10.301683732747806,0.1,0.1409090909090909,8.501683732747814,12.201683732747801,False,0.02884204176018808,6.020306588868167,0,,,8.19206,0.088783
324,326,0.2090909090909091,4.0,0.17272727272727273,0.24545454545454545,3.2,4.800000000000002,False,0.11058284743719143,6.1020473945451705,0,,,2.42722,0.179936
326,328,0.2181818181818182,14.35153699682226,0.1781818181818182,0.2545454545454545,13.351536996822267,15.151536996822259,True,0.0860610668798509,6.07752561398783,0,,,14.249,0.187421
327,329,0.17545454545454547,14.093477270010126,0.15181818181818182,0.2272727272727273,12.49347727001013,15.293477270010118,True,0.05689146828897738,6.0483560153969576,0,,,13.2202,0.16271
328,330,0.2909090909090909,2.2,0.19454545454545452,0.4363636363636364,0.2,4.800000000000002,True,0.011366826939974987,6.002831374047954,0,,,1.62657,0.265953
329,331,0.01909090909090909,8.198004857798765,0.015454545454545453,0.02363636363636364,6.498004857798764,9.998004857798767,True,0.030842940186999162,6.022307487294978,0,,,8.51681,0.017592
330,332,0.03,5.44472124593454,0.024545454545454544,0.03818181818181818,3.4447212459345398,7.2447212459345405,True,0.1872199067229509,6.17868445383093,0,,,4.47306,0.025467
331,333,0.11727272727272728,10.296026460766846,0.07681818181818181,0.15545454545454546,6.39602646076686,13.496026460766835,True,0.00785342429105543,5.9993179713990346,0,,,7.98528,0.086248
332,334,1.2818181818181815,10.809961979130847,0.6272727272727272,1.4,6.709961979130862,12.209961979130846,False,0.0008779158306856433,5.992342462938665,0,,,12.3416,1.24447
333,335,0.12454545454545456,10.334120036854536,0.10454545454545457,0.1481818181818182,8.434120036854544,12.234120036854529,False,0.06513811139864101,6.05660265850662,0,,,8.2831,0.096396
334,336,0.14272727272727273,12.505413957753428,0.1190909090909091,0.16636363636363638,10.605413957753434,14.50541395775342,False,0.004773423721703239,5.996237970829682,0,,,10.8322,0.118758
335,337,0.2272727272727273,14.651212073255065,0.17272727272727273,0.2727272727272727,13.45121207325507,15.75121207325506,True,0.04249706323389252,6.033961610341872,0,,,14.7917,0.191766
336,338,0.2272727272727273,4.9,0.18363636363636365,0.2727272727272727,3.9,5.9,True,0.03139105002432077,6.0228555971323,0,,,4.01046,0.19403
337,339,0.4090909090909091,3.5,0.2272727272727273,0.9454545454545454,0.0,8.5,True,0.0018127239724262175,5.993277271080406,0,,,3.63504,0.40222
338,340,0.057272727272727274,20.780255451669102,0.04181818181818182,0.07681818181818181,17.680255451669108,23.580255451669093,True,0.04240785368356721,6.033872400791546,0,,,20.5696,0.045066
339,341,0.2545454545454545,4.4,0.2181818181818182,0.2909090909090909,3.6,5.2,True,0.20455385904876475,6.1960184061567425,0,,,3.82772,0.220449
340,342,0.1390909090909091,11.079377540799015,0.1190909090909091,0.15363636363636365,9.37937754079902,12.27937754079901,False,0.11576984067278212,6.107234387780761,0,,,8.84771,0.110302
341,343,1.0,8.669820066088928,0.5272727272727272,1.4,4.469820066088924,11.369820066088929,True,0.002225585435323409,5.993690132543303,0,,,9.64171,0.951855
342,344,0.990909090909091,0.9,0.7636363636363637,1.4,0.0,3.9,True,0.00025040858836758385,5.991714955696348,0,,,0.723914,0.921114
343,345,0.014545454545454544,18.99325381592708,0.010454545454545454,0.022727272727272728,16.293253815927088,22.593253815927067,True,0.021522760221373283,6.012987307329353,0,,,21.1365,0.01455
344,346,0.2090909090909091,10.187392619586776,0.17272727272727273,0.2545454545454545,9.287392619586779,11.087392619586772,True,0.1338545368652064,6.125319083973185,0,,,9.55788,0.184106
345,347,0.4090909090909091,4.6000000000000005,0.2636363636363636,0.7545454545454545,1.9,8.6,True,0.01619303919311791,6.0076575863010975,0,,,4.66521,0.392184
346,348,0.13,7.835028748161367,0.11363636363636365,0.1481818181818182,6.2350287481613655,9.135028748161368,False,0.034565207645986765,6.026029754753965,0,,,5.36674,0.103231
347,349,0.17,8.086874646896879,0.14636363636363636,0.2090909090909091,6.086874646896878,9.08687464689688,False,0.01916369625241415,6.010628243360393,0,,,5.96922,0.153327
348,350,0.03,9.177629053738757,0.025454545454545452,0.03818181818181818,7.577629053738762,10.877629053738751,True,0.010469796952997348,6.0019343440609765,0,,,8.88136,0.026211
349,351,0.2,7.6812866328637766,0.17545454545454547,0.24545454545454545,7.081286632863773,8.581286632863776,False,0.2929937866352804,6.28445833374326,0,,,6.69938,0.180308
350,352,0.4545454545454546,1.8,0.3,1.1272727272727274,0.0,7.0,True,0.003638846653336307,5.995103393761315,0,,,1.94461,0.459678
351,353,0.09090909090909093,19.058648653859564,0.07445454545454545,0.10636363636363637,17.05864865385957,20.358648653859557,False,0.07500180034680276,6.0664663474547815,0,,,17.5537,0.06645
352,354,0.027272727272727268,15.998237375462196,0.02090909090909091,0.03818181818181818,13.698237375462202,18.698237375462185,True,0.060778472638951676,6.052243019746932,0,,,16.7506,0.024071
354,356,0.1572727272727273,11.67880875742328,0.13363636363636364,0.19181818181818186,9.878808757423288,13.278808757423274,True,0.05654594590947835,6.048010493017457,0,,,10.0197,0.137932
355,357,0.04363636363636364,11.378829989508688,0.03545454545454545,0.053636363636363635,9.578829989508696,13.278829989508687,True,0.13329744497718995,6.124761992085168,0,,,10.7726,0.035605
357,359,0.15545454545454546,9.099894908214331,0.1409090909090909,0.16636363636363638,7.999894908214332,9.999894908214332,False,0.1837649449743951,6.175229492082374,0,,,6.86274,0.132942
358,360,0.6636363636363636,5.669346385821066,0.2909090909090909,1.4,0.7693463858210663,10.769346385821063,True,0.00025106399933922004,5.991715611107319,0,,,6.39137,0.662956
359,361,0.2181818181818182,9.33663933646577,0.17,0.2818181818181818,8.136639336465777,10.736639336465766,True,0.0622761865472797,6.053740733655259,0,,,9.03267,0.191804
360,362,0.13363636363636364,8.711823673527766,0.11181818181818183,0.1572727272727273,6.811823673527764,10.611823673527764,False,0.022159694209708224,6.013624241317687,0,,,6.5286,0.107734
361,363,0.015454545454545453,2.6,0.012727272727272728,0.02,0.8,4.7,True,0.023741253538465703,6.015205800646446,0,,,2.78868,0.015144
362,364,0.2090909090909091,18.57933432802104,0.17272727272727273,0.2545454545454545,17.679334328021042,19.37933432802104,True,0.1294276961190433,6.120892243227023,0,,,18.961,0.185186
363,365,0.3090909090909091,3.0,0.2181818181818182,0.4636363636363636,1.0,5.6000000000000005,True,0.01591672428125716,6.007381271389236,0,,,2.61663,0.285649
364,366,0.3636363636363637,3.0,0.24545454545454545,0.6545454545454545,0.7000000000000001,6.800000000000002,True,0.012845390878619752,6.0043099379866,0,,,3.03329,0.357307
365,367,0.4363636363636364,2.3000000000000003,0.3,0.7727272727272727,0.0,6.0,True,0.012435408426822009,6.0038999555348,0,,,2.38762,0.433287
366,368,0.3363636363636364,2.0,0.2181818181818182,0.7,0.0,6.800000000000002,True,0.005988691303656056,5.997453238411636,0,,,1.59861,0.314603
368,370,0.015454545454545453,13.378989553171408,0.012727272727272728,0.019545454545454543,11.578989553171413,15.278989553171401,True,0.005462140677334624,5.996926687785312,0,,,14.6146,0.014912
369,371,0.10181818181818182,12.141976179932678,0.06818181818181819,0.1390909090909091,8.441976179932691,15.541976179932663,True,0.0037486107686184296,5.995213157876598,0,,,10.1329,0.074156
370,372,0.040909090909090916,9.728911417758642,0.03,0.05181818181818182,7.428911417758651,12.028911417758634,True,0.04035933567455015,6.031823882782528,0,,,9.02142,0.032683
371,373,0.04181818181818182,6.770952519478465,0.029090909090909087,0.05909090909090909,3.870952519478464,9.970952519478471,True,0.02657118708436412,6.018035734192343,0,,,5.7069,0.033703
372,374,0.027272727272727268,24.406222209210195,0.015454545454545453,0.049090909090909095,19.70622220921013,29.206222209210267,True,0.02076770665652259,6.012232253764503,0,,,25.7492,0.023395
373,375,0.03818181818181818,10.17477714927875,0.028181818181818183,0.05454545454545455,7.674777149278759,13.37477714927874,True,0.05619942735772287,6.047663974465702,0,,,9.82369,0.031531
374,376,0.17545454545454547,10.221533052138637,0.15,0.2181818181818182,8.521533052138642,11.221533052138634,True,0.032768940195083314,6.024233487303063,0,,,8.70859,0.158698
375,377,0.03818181818181818,11.21578666460495,0.028181818181818183,0.05090909090909091,8.815786664604959,14.01578666460494,True,0.00711558331673132,5.998580130424711,0,,,10.9066,0.031165
376,378,0.12272727272727273,12.386746394238784,0.10454545454545457,0.1409090909090909,10.686746394238789,13.886746394238779,False,0.007050608790758417,5.998515155898737,0,,,10.3718,0.092124
377,379,0.029090909090909087,10.220148069449928,0.02363636363636364,0.039090909090909086,8.420148069449933,12.42014806944992,True,0.02654403656867361,6.018008583676653,0,,,10.1988,0.02545
378,380,0.05181818181818182,8.495015159230146,0.04,0.0710909090909091,5.8950151592301445,11.395015159230152,True,0.005023544637898216,5.996488091745879,0,,,7.35559,0.042825
379,381,0.16272727272727272,11.99301069039707,0.14636363636363636,0.19454545454545452,10.793010690397074,13.293010690397065,False,0.09650446640520076,6.08796901351318,0,,,10.682,0.147559
380,382,0.2272727272727273,2.9000000000000004,0.1972727272727273,0.2545454545454545,2.3000000000000003,3.5,False,0.22587924787763897,6.217343794985617,0,,,1.74591,0.192892
382,384,0.04363636363636364,5.1574197290058965,0.03,0.06181818181818183,2.2574197290058957,8.357419729005894,True,0.056852189844178676,6.048316736952157,0,,,3.87748,0.035569
383,385,0.06454545454545453,13.26897519438519,0.04181818181818182,0.10181818181818182,9.168975194385203,17.568975194385175,True,0.004928634625154729,5.996393181733134,0,,,12.2809,0.050533
384,386,0.024545454545454544,14.535776004388168,0.01909090909090909,0.030909090909090907,12.435776004388176,16.735776004388153,True,0.001213722828959496,5.992678269936937,0,,,14.9979,0.020907
385,387,0.03,8.868262475406258,0.025454545454545452,0.037272727272727284,7.168262475406258,10.36826247540626,True,0.11355311148917376,6.105017658597152,0,,,8.37012,0.025806
386,388,0.11181818181818183,10.254949269968094,0.09090909090909093,0.12818181818181815,8.354949269968099,11.854949269968088,False,0.07597439812593301,6.067438945233913,0,,,7.77858,0.079968
387,389,0.05545454545454545,11.108823996692905,0.04363636363636364,0.07363636363636364,8.708823996692914,13.808823996692894,True,0.012848349352268121,6.004312896460247,0,,,10.1562,0.045054
388,390,0.01636363636363636,14.928794794928908,0.011363636363636364,0.025454545454545452,11.82879479492892,18.428794794928894,True,0.005361882392742224,5.9968264295007225,0,,,16.2268,0.015508
389,391,0.01681818181818182,12.71328170254759,0.012727272727272728,0.022727272727272728,10.213281702547599,15.113281702547585,True,0.02388929658470776,6.015353843692687,0,,,13.5995,0.015694
390,392,0.3727272727272728,2.9000000000000004,0.2545454545454545,0.6090909090909089,0.6000000000000001,6.1000000000000005,True,0.001242664862085578,5.992707211970066,0,,,2.75166,0.358062
391,393,0.1890909090909091,4.7,0.15181818181818182,0.2545454545454545,2.7,6.1000000000000005,True,0.017313295264562455,6.008777842372543,0,,,2.90691,0.169904
392,394,0.18363636363636365,8.558524424658177,0.16090909090909092,0.2090909090909091,7.458524424658176,9.258524424658178,False,0.014366867657170315,6.005831414765148,0,,,6.96599,0.163993
393,395,0.1090909090909091,10.187512570650703,0.07818181818181819,0.1390909090909091,7.087512570650716,12.787512570650694,True,0.0010291225624208967,5.9924936696704005,0,,,7.75263,0.078724
394,396,0.7181818181818181,6.265174290243981,0.3909090909090909,1.4,2.165174290243977,10.965174290243986,True,0.00025991269469962,5.991724459802679,0,,,7.12659,0.721981
395,397,0.44545454545454544,8.920957008448159,0.3545454545454545,0.6181818181818182,7.320957008448165,11.120957008448153,True,0.004259951423847467,5.9957244985318265,0,,,9.86064,0.451638
396,398,0.1972727272727273,4.5,0.16818181818181818,0.2363636363636364,3.7,5.300000000000002,False,0.03437504487013023,6.0258395919781105,0,,,2.91638,0.175856
397,399,0.05545454545454545,12.500743198647804,0.045454545454545456,0.06818181818181819,10.70074319864781,14.600743198647795,False,0.05213820607066575,6.043602753178644,0,,,11.7218,0.044551
398,400,0.02,12.523919142418018,0.015454545454545453,0.028181818181818183,10.523919142418023,15.523919142418007,True,0.06422609791206528,6.055690645020045,0,,,13.4445,0.018617
399,401,0.17545454545454547,18.603853425963827,0.15181818181818182,0.2181818181818182,17.003853425963833,19.503853425963825,True,0.10314667179812093,6.0946112189061,0,,,17.9808,0.15907
400,402,0.16818181818181818,15.025512201903233,0.14272727272727273,0.2181818181818182,12.925512201903238,16.325512201903223,True,0.026389712428933947,6.017854259536913,0,,,13.9504,0.155204
401,403,0.018636363636363642,11.851998413898563,0.015,0.022727272727272728,10.151998413898571,13.451998413898561,True,0.04496729087582636,6.036431837983805,0,,,12.5571,0.017154
402,404,0.022727272727272728,10.429809650039907,0.01909090909090909,0.028181818181818183,9.029809650039914,12.329809650039902,True,0.08301169204564071,6.0744762391536185,0,,,10.6672,0.019849
403,405,0.05909090909090909,6.717779792054858,0.04454545454545455,0.08181818181818183,4.017779792054856,10.017779792054863,True,0.036190724403789364,6.027655271511768,0,,,5.22552,0.047539
404,406,0.039090909090909086,14.048635150909602,0.027272727272727268,0.05909090909090909,11.048635150909613,17.948635150909592,True,0.0208318374138314,6.01229638452181,0,,,14.1103,0.03216
405,407,0.05,5.6345983977925,0.04272727272727273,0.05909090909090909,4.0345983977925,7.134598397792499,False,0.0447078684312544,6.036172415539234,0,,,4.12726,0.041103
406,408,0.6363636363636364,5.4241819752598985,0.2909090909090909,1.4,0.4241819752598994,10.4241819752599,True,0.004919903419817903,5.996384450527798,0,,,6.01907,0.633023
407,409,0.012272727272727272,18.30065387736193,0.01,0.01818181818181818,16.20065387736194,21.500653877361923,True,0.0372926879770978,6.028757235085076,0,,,20.0477,0.011844
408,410,0.030909090909090907,4.4,0.026363636363636363,0.039090909090909086,2.9000000000000004,6.0,True,0.03358984891356572,6.0250543960215435,0,,,3.4944,0.026632
409,411,0.2909090909090909,6.5802439207536345,0.2363636363636364,0.3636363636363637,5.480243920753634,7.9802439207536375,True,0.08878938659232077,6.080253933700299,0,,,6.60901,0.270032
410,412,0.05,11.627070178032074,0.03818181818181818,0.06909090909090909,9.027070178032083,14.527070178032064,True,0.0219104396719239,6.013374986779902,0,,,10.8719,0.041609
411,413,0.03,6.277373204037884,0.02181818181818182,0.04636363636363637,3.3773732040378825,9.677373204037886,True,0.02543343114961019,6.01689797825759,0,,,5.71276,0.026518
412,414,0.2,10.786677066011043,0.16636363636363638,0.24545454545454545,9.686677066011047,11.78667706601104,True,0.0024175275398222377,5.993882074647801,0,,,9.97166,0.177217
413,415,0.03818181818181818,13.408974295356755,0.028181818181818183,0.05181818181818182,10.908974295356765,16.308974295356748,True,0.016459670414644606,6.007924217522624,0,,,13.298,0.030846
414,416,0.2727272727272727,1.2000000000000002,0.2181818181818182,0.3363636363636364,0.0,2.5,True,0.010592039438254543,6.0020565865462325,0,,,0.284263,0.24143
415,417,0.15,7.85012537265147,0.11727272727272728,0.19454545454545452,5.150125372651468,10.050125372651472,True,0.01043780722723522,6.001902354335214,0,,,5.69949,0.128577
417,419,0.014090909090909091,6.9590167544038355,0.011818181818181818,0.01636363636363636,5.459016754403833,8.159016754403838,True,0.08953488759617699,6.080999434704156,0,,,7.46436,0.01374
418,420,0.19181818181818186,4.800000000000002,0.15363636363636365,0.2545454545454545,2.9000000000000004,6.300000000000002,True,0.0011261393234264056,5.992590686431407,0,,,3.06611,0.171222
419,421,0.03,9.079695445406552,0.025454545454545452,0.03818181818181818,7.479695445406557,10.779695445406547,True,0.0626197085105015,6.0540842556184815,0,,,8.61076,0.025813
420,422,0.058181818181818175,14.251389254956308,0.04727272727272727,0.07254545454545454,12.351389254956315,16.4513892549563,False,0.03194976793778338,6.0234143150457635,0,,,13.5978,0.046545
421,423,0.13363636363636364,6.539437771949529,0.11363636363636365,0.15363636363636365,4.639437771949528,8.039437771949531,False,0.0163872537168622,6.0078518008248425,0,,,3.98427,0.10699
422,424,0.3,5.999002941535887,0.2636363636363636,0.3636363636363637,5.199002941535887,7.199002941535888,True,0.07566166502001244,6.067126212127992,0,,,6.11069,0.282061
423,425,0.19454545454545452,11.771262345477483,0.1590909090909091,0.2545454545454545,10.171262345477489,13.07126234547748,True,0.019478506351763614,6.010943053459742,0,,,11.0611,0.175172
425,427,0.12636363636363634,13.807383939574844,0.10181818181818182,0.1481818181818182,11.407383939574853,15.607383939574836,False,0.008229763991737749,5.9996943110997165,0,,,11.8647,0.095051
426,428,0.2272727272727273,6.966018326971838,0.1590909090909091,0.3090909090909091,4.6660183269718365,8.66601832697184,True,0.012790176428070284,6.004254723536049,0,,,6.04525,0.190553
427,429,0.03,11.519535319848373,0.022727272727272728,0.04181818181818182,9.019535319848382,14.019535319848366,True,0.006570736862632175,5.998035283970611,0,,,11.3974,0.025878
428,430,0.16272727272727272,12.540863570087664,0.12818181818181815,0.2181818181818182,9.740863570087674,14.440863570087654,True,0.017726793766144416,6.009191340874122,0,,,10.9855,0.144802
429,431,0.027272727272727268,6.40114457169963,0.02363636363636364,0.03272727272727273,5.1011445716996295,8.001144571699632,False,0.017011462140072087,6.00847600924805,0,,,5.89933,0.023617
431,433,0.01636363636363636,5.736693988477841,0.013181818181818182,0.02090909090909091,3.936693988477841,7.736693988477841,True,0.015430500480590931,6.0068950475885705,0,,,6.10158,0.015731
432,434,0.3818181818181817,5.10539177298009,0.3272727272727273,0.4545454545454546,4.10539177298009,6.305391772980089,True,0.02748749105356149,6.01895203816154,0,,,5.43642,0.376892
433,435,0.024545454545454544,9.929893961357939,0.01909090909090909,0.030909090909090907,7.929893961357948,11.929893961357935,True,0.02635667081093728,6.017821217918915,0,,,9.77083,0.020764
434,436,0.017272727272727273,13.40724858785152,0.013636363636363636,0.022727272727272728,11.407248587851527,15.607248587851512,True,0.013203335114763308,6.0046678822227415,0,,,14.4743,0.01634
435,437,0.1481818181818182,7.239907828429649,0.11181818181818183,0.19454545454545452,4.039907828429646,9.539907828429653,True,0.007379959457564062,5.998844506565543,0,,,4.89551,0.12621
436,438,0.0918181818181818,13.804979650464524,0.06818181818181819,0.1190909090909091,10.904979650464536,16.304979650464517,False,0.0034709141743414786,5.994935461282322,0,,,11.9331,0.067874
437,439,0.1809090909090909,16.729650179421135,0.15181818181818182,0.2272727272727273,14.829650179421144,17.729650179421135,True,0.004537261466314818,5.9960018085742925,0,,,15.9771,0.16288
438,440,0.04363636363636364,9.880169771962386,0.034545454545454546,0.05545454545454545,7.980169771962393,12.180169771962378,True,0.02861539648315347,6.020079943591133,0,,,9.24686,0.035831
439,441,0.012727272727272728,14.531203685848169,0.01,0.022727272727272728,12.03120368584818,19.13120368584816,True,0.00016040580369244657,5.991624952911671,0,,,16.0275,0.01266
440,442,0.024545454545454544,10.728010153927556,0.017727272727272727,0.03363636363636364,8.128010153927564,13.428010153927545,True,0.034410497314838924,6.0258750444228175,0,,,10.7523,0.02095
441,443,0.3636363636363637,2.0,0.24545454545454545,0.8181818181818182,0.0,7.0,True,0.0015484330786004034,5.993012980186579,0,,,1.69557,0.347269
442,444,0.06545454545454546,6.454133573886048,0.04363636363636364,0.1,2.7541335738860435,10.45413357388605,True,0.011061513863448686,6.002526060971428,0,,,4.66909,0.051462
444,446,0.1890909090909091,8.67959975201931,0.1572727272727273,0.2272727272727273,7.079599752019309,9.57959975201931,True,0.02783498284118258,6.019299529949162,0,,,7.14387,0.166897
445,447,0.017727272727272727,5.4,0.014090909090909091,0.02181818181818182,3.5,7.1000000000000005,True,0.0974570276923599,6.088921574800339,0,,,5.39755,0.016275
446,448,0.015,12.115206601008975,0.01,0.025454545454545452,8.615206601008987,16.215206601008962,True,0.01362037529398243,6.005084922401961,0,,,13.1901,0.014582
447,449,0.2909090909090909,4.2,0.2181818181818182,0.4,2.7,6.300000000000002,True,0.010973569177781023,6.002438116285759,0,,,4.01829,0.273084
448,450,0.07818181818181819,7.09663046537014,0.057272727272727274,0.10636363636363637,4.096630465370138,9.896630465370142,True,0.005321600560340848,5.99678614766832,0,,,4.79692,0.059328
449,451,0.2363636363636364,6.633886346254437,0.18363636363636365,0.2909090909090909,5.5338863462544365,7.833886346254437,True,0.004841426474968987,5.996305973582947,0,,,6.13421,0.198895
450,452,0.16454545454545455,5.847558444781464,0.12272727272727273,0.2545454545454545,2.447558444781462,8.147558444781469,True,0.031313884738013616,6.0227784318459925,0,,,3.84948,0.151506
451,453,0.026363636363636363,10.884627588429797,0.02,0.03545454545454545,8.684627588429803,13.184627588429787,True,0.05971577723015312,6.051180324338134,0,,,10.847,0.022761
452,454,0.02,9.08210362676603,0.015454545454545453,0.027272727272727268,7.0821036267660356,11.582103626766019,True,0.036151738757728286,6.027616285865707,0,,,9.46714,0.018392
453,455,0.2727272727272727,8.624540168459761,0.2181818181818182,0.34545454545454546,7.424540168459767,10.124540168459756,True,0.06599523826718819,6.057459785375168,0,,,8.78817,0.245175
454,456,0.057272727272727274,9.048157784654103,0.04181818181818182,0.07681818181818181,6.148157784654115,11.948157784654095,True,0.023157368955045658,6.0146219160630245,0,,,7.63569,0.045169
455,457,0.04363636363636364,15.989817533286974,0.037272727272727284,0.056363636363636366,14.58981753328698,18.38981753328697,True,0.18106588325623532,6.1725304303642154,0,,,16.3642,0.037282
456,458,0.7727272727272727,2.6,0.4545454545454546,1.4,0.0,7.4,True,0.0012789882251281266,5.992743535333108,0,,,2.7497,0.743392
457,459,0.2818181818181818,7.101661831609117,0.2363636363636364,0.3545454545454545,6.101661831609113,8.501661831609116,True,0.0243501208321778,6.015814667940158,0,,,7.22935,0.261949
458,460,0.02,14.4437594977135,0.013181818181818182,0.03363636363636364,10.843759497713515,18.643759497713486,True,0.027495813430536826,6.018960360538516,0,,,15.2628,0.018131
460,462,0.12090909090909092,12.382936040968838,0.08363636363636362,0.1590909090909091,8.782936040968849,15.482936040968829,True,0.02505129562151192,6.016515842729491,0,,,10.544,0.092046
461,463,0.04181818181818182,12.205349814759225,0.026363636363636363,0.06727272727272728,8.405349814759242,16.605349814759215,True,0.005110504537518234,5.996575051645497,0,,,11.7389,0.033765
462,464,0.3545454545454545,1.1,0.2636363636363636,0.7727272727272727,0.0,5.9,True,0.00562896839129309,5.997093515499272,0,,,0.661824,0.338092
463,465,0.019545454545454543,12.789390331017046,0.013181818181818182,0.031818181818181815,9.489390331017058,16.88939033101703,True,0.012640395314627488,6.004104942422607,0,,,13.5959,0.018075
464,466,0.44545454545454544,9.23235892012587,0.3363636363636364,0.6181818181818182,7.332358920125878,11.332358920125866,True,0.06323254551499201,6.0546970926229715,0,,,10.0674,0.437363
465,467,0.034545454545454546,11.536320213953898,0.02363636363636364,0.053636363636363635,8.436320213953909,15.536320213953884,True,0.007202691655586547,5.9986672387635664,0,,,11.4465,0.028835
466,468,0.07772727272727273,8.962723782237209,0.04818181818181819,0.12090909090909092,4.462723782237225,13.162723782237196,True,0.001592962808076169,5.993057509916056,0,,,6.92978,0.059509
467,469,0.03818181818181818,9.11600360834689,0.027272727272727268,0.05454545454545455,6.416003608346901,12.416003608346882,True,0.004756283934677935,5.996220831042657,0,,,8.66479,0.031175
468,470,0.7181818181818181,2.0,0.4636363636363636,1.4,0.0,6.9,True,6.840493772421389e-05,5.991532952045702,0,,,2.11903,0.697999
469,471,0.3818181818181817,5.057786685263946,0.3,0.4909090909090909,3.6577866852639462,6.857786685263946,True,0.05204382728335537,6.043508374391334,0,,,5.34427,0.370859
470,472,0.11181818181818183,6.063930983450378,0.0710909090909091,0.15,1.7639309834503778,9.363930983450377,True,0.013339720779532485,6.004804267887511,0,,,3.12363,0.079926
471,473,0.06363636363636364,10.290587806549313,0.04272727272727273,0.09636363636363636,6.490587806549325,14.190587806549294,True,0.025005326300368048,6.016469873408347,0,,,8.95372,0.04989
472,474,0.04,10.694467856254398,0.03,0.053636363636363635,8.494467856254406,13.394467856254387,True,0.05822159924114063,6.04968614634912,0,,,10.2581,0.032807
473,475,0.04363636363636364,16.370854776736845,0.026363636363636363,0.07545454545454545,12.17085477673686,21.570854776736827,True,0.011309817307181877,6.002774364415162,0,,,16.454,0.035825
474,476,0.13,7.622280817842027,0.09545454545454546,0.16090909090909092,4.422280817842023,10.122280817842027,True,0.0009367475702322837,5.992401294678213,0,,,5.04475,0.10094
475,477,0.07590909090909091,8.587776499120686,0.06,0.09909090909090908,6.187776499120684,10.887776499120688,False,0.045720250460224286,6.037184797568202,0,,,6.54651,0.058404
476,478,0.04181818181818182,7.378843184051043,0.026363636363636363,0.06909090909090909,3.57884318405104,12.178843184051047,True,0.00930398298450366,6.000768530092483,0,,,6.5724,0.03452
477,479,0.2909090909090909,4.9,0.2181818181818182,0.3909090909090909,3.3000000000000003,6.800000000000002,True,0.08091592411942104,6.0723804712274,0,,,4.652,0.269367
478,480,0.2181818181818182,6.4158865978787425,0.15363636363636365,0.3090909090909091,4.015886597878741,8.415886597878746,True,0.010674878719908885,6.002139425827888,0,,,5.42353,0.18721
479,481,0.13363636363636364,8.273000481975183,0.08636363636363636,0.17545454545454547,3.97300048197518,11.273000481975188,True,0.01611170099126049,6.007576248099239,0,,,5.64159,0.103323
481,483,0.10090909090909092,5.9074146302797965,0.056363636363636366,0.1590909090909091,0.9074146302797912,10.907414630279801,True,0.0010252754472002362,5.99248982255518,0,,,3.14751,0.072883
482,484,0.01681818181818182,4.2,0.013181818181818182,0.022727272727272728,2.1,6.6000000000000005,True,0.024961009384485432,6.0164255564924645,0,,,4.35695,0.01612
483,485,0.1409090909090909,9.02996601483436,0.10818181818181817,0.17545454545454547,6.22996601483437,11.629966014834352,True,0.006834976586882028,5.998299523694861,0,,,6.95201,0.117115
484,486,0.03545454545454545,6.373641612413563,0.024545454545454544,0.05454545454545455,3.2736416124135603,10.173641612413565,True,0.03889595636300259,6.030360503470981,0,,,5.57325,0.029293
486,488,0.2272727272727273,42.40025496103149,0.13727272727272727,0.4,38.50025496103143,45.60025496103153,False,0.014120962344757413,6.005585509452738,0,,,46.3125,0.212182
487,489,0.17545454545454547,11.863936117729466,0.14272727272727273,0.2363636363636364,9.563936117729474,13.263936117729461,True,0.0029855410483408725,5.99445008815632,0,,,10.559,0.159868
489,491,0.027272727272727268,13.320624764355578,0.02,0.039090909090909086,10.720624764355588,16.22062476435557,True,0.0533623435074559,6.044826890615434,0,,,13.6115,0.023737
491,493,0.08545454545454545,10.803578405047514,0.06,0.11727272727272728,7.303578405047526,13.803578405047505,True,0.0003245184298930506,5.991789065537873,0,,,8.64396,0.06414
492,494,0.014545454545454544,17.23582143528242,0.01,0.02181818181818182,14.03582143528243,20.43582143528241,True,0.02649534740112335,6.017959894509102,0,,,18.798,0.014044
493,495,0.14272727272727273,8.699336328649446,0.1090909090909091,0.17272727272727273,5.899336328649444,10.999336328649447,True,0.015503960677542285,6.006968507785523,0,,,6.3779,0.115898
494,496,0.03,12.954840547530573,0.02363636363636364,0.04181818181818182,10.65484054753058,15.454840547530566,True,0.001808292584892732,5.993272839692872,0,,,13.0414,0.02599
495,497,0.04727272727272727,8.308678602514725,0.03,0.07445454545454545,4.508678602514738,12.50867860251471,True,0.014536723658209724,6.0060012707661885,0,,,7.20515,0.038747
496,498,0.15,32.44274244800065,0.09727272727272727,0.2181818181818182,27.842742448000585,35.34274244800069,True,0.005931558286116005,5.997396105394095,0,,,33.0097,0.128586
497,499,0.039090909090909086,12.188670079026537,0.028181818181818183,0.05545454545454545,9.488670079026546,15.388670079026527,True,0.006567021494965264,5.9980315686029435,0,,,11.9183,0.031763
498,500,0.03545454545454545,22.30372634273148,0.025454545454545452,0.049090909090909095,19.503726342731444,25.30372634273152,True,0.06311656354334215,6.054581110651322,0,,,23.3239,0.029028
499,501,0.024545454545454544,14.57365555518077,0.014545454545454544,0.04363636363636364,10.373655555180783,19.273655555180756,True,0.020902088277471656,6.012366635385451,0,,,14.983,0.020712
500,502,0.03272727272727273,12.595859966278875,0.022727272727272728,0.049090909090909095,9.595859966278883,16.195859966278856,True,0.013829061645009615,6.0052936087529885,0,,,12.6597,0.027738
501,503,0.08636363636363636,7.294874901442896,0.06636363636363636,0.11,4.594874901442894,9.494874901442898,False,0.01448124678388589,6.005945793891865,0,,,4.67005,0.064485
504,506,0.11363636363636365,7.8150310520234205,0.08181818181818183,0.1481818181818182,4.715031052023418,10.715031052023424,True,0.03682524191815967,6.028289789026139,0,,,5.36452,0.084551
505,507,0.05181818181818182,12.536018413137185,0.03545454545454545,0.075,9.136018413137196,16.136018413137172,True,0.0259779812220191,6.0174425283299975,0,,,11.692,0.041881
506,508,0.11363636363636365,12.801672233926412,0.08090909090909093,0.15,9.601672233926424,15.801672233926404,True,0.0340314699620568,6.025496017070036,0,,,10.9507,0.084959
507,509,0.03636363636363636,10.565495340498968,0.028181818181818183,0.04727272727272727,8.465495340498974,12.965495340498958,True,0.10765503612387532,6.099119583231856,0,,,10.2247,0.029674
508,510,0.04181818181818182,11.781109410329131,0.029090909090909087,0.06181818181818183,8.881109410329143,15.38110941032912,True,0.03254536324907902,6.024009910357058,0,,,11.4617,0.034713
509,511,0.07163636363636364,30.010650568968913,0.039090909090909086,0.13,25.11065056896884,35.110650568968985,True,0.00020011737713493017,5.991664664485113,0,,,30.5859,0.055729
510,512,0.12272727272727273,7.5768261717035745,0.09454545454545454,0.15,4.976826171703571,9.776826171703576,False,0.0015312135620027091,5.992995760669983,0,,,4.99102,0.091685
511,513,0.17272727272727273,11.649087346551337,0.13545454545454547,0.24545454545454545,8.849087346551348,13.149087346551333,True,0.0006736578077291924,5.992138204915707,0,,,10.0715,0.156885
512,514,0.2727272727272727,3.3000000000000003,0.1972727272727273,0.3636363636363637,1.7000000000000002,5.0,True,0.019185798115160437,6.01065034522314,0,,,2.58566,0.239428
514,516,0.08636363636363636,6.154861306440194,0.05454545454545455,0.12818181818181815,1.6548613064401896,10.054861306440195,True,0.0009900653654893333,5.992454612473469,0,,,3.52765,0.064672
515,517,0.2636363636363636,3.3000000000000003,0.2,0.3363636363636364,2.0,4.7,True,0.0016826619160711894,5.99314720902405,0,,,2.59389,0.230669
516,518,0.2363636363636364,4.6000000000000005,0.18363636363636365,0.2909090909090909,3.5,5.800000000000002,True,0.06608817089682052,6.0575527180048,0,,,3.80183,0.197648
517,519,0.16818181818181818,11.895407360978849,0.13545454545454547,0.2272727272727273,9.19540736097886,13.395407360978847,True,0.020248216151950837,6.011712763259929,0,,,10.1964,0.151293
518,520,0.04636363636363637,22.565504052361053,0.03,0.07090909090909091,18.865504052361004,26.56550405236111,True,0.009091580826048804,6.000556127934028,0,,,23.1612,0.038086
519,521,0.2090909090909091,9.459849796877263,0.16090909090909092,0.2727272727272727,7.859849796877269,10.859849796877258,True,0.03406944117784199,6.025533988285821,0,,,8.71453,0.182241
520,522,0.02363636363636364,11.5121308743311,0.01818181818181818,0.031818181818181815,9.412130874331107,14.012130874331094,True,0.03899859500848102,6.030463142116459,0,,,11.7695,0.020433
522,524,0.01909090909090909,12.631593544727052,0.014545454545454544,0.025454545454545452,10.331593544727058,15.03159354472704,True,0.004415040955064939,5.995879588063043,0,,,13.4195,0.017577
523,525,0.026363636363636363,14.563058551178337,0.01681818181818182,0.04272727272727273,10.963058551178348,18.56305855117832,True,0.0004163804203386129,5.991880927528317,0,,,14.935,0.02257
524,526,0.027272727272727268,13.2293190581115,0.02,0.039090909090909086,10.729319058111509,16.12931905811149,True,0.013321488211032542,6.004786035319013,0,,,13.5383,0.023779
525,527,0.1390909090909091,6.650557479007403,0.11363636363636365,0.16272727272727272,4.450557479007402,8.450557479007404,False,0.024587552525249003,6.016052099633227,0,,,4.00063,0.112246
526,528,0.09272727272727273,6.768735166043133,0.06909090909090909,0.1190909090909091,3.8687351660431313,9.268735166043138,False,0.0020706917918110732,5.99353523889979,0,,,4.0624,0.068232
527,529,0.05909090909090909,7.51137822006389,0.04181818181818182,0.08090909090909093,4.311378220063888,10.711378220063892,True,0.022142845890025062,6.013607392998004,0,,,5.91485,0.0463
528,530,0.012272727272727272,15.061076380901945,0.01,0.017727272727272727,13.06107638090195,18.06107638090193,True,0.011444058080862532,6.002908605188843,0,,,16.7451,0.012321
529,531,0.11545454545454545,8.10895777824496,0.08363636363636362,0.14272727272727273,5.208957778244958,10.508957778244962,False,0.03112122621406593,6.022585773322045,0,,,5.43351,0.083041
530,532,0.015,19.65966169590009,0.011363636363636364,0.022727272727272728,17.1596616959001,22.859661695900076,True,0.01405799745226256,6.005522544560241,0,,,21.7334,0.01481
531,533,0.3818181818181817,8.080037193239832,0.3090909090909091,0.4545454545454546,6.680037193239832,9.180037193239832,True,0.11745957058427398,6.108924117692252,0,,,8.49886,0.364109
532,534,0.05181818181818182,2.4000000000000004,0.04,0.06818181818181819,0.0,4.9,True,0.016845706289967774,6.008310253397948,0,,,0.410124,0.042099
533,535,0.07054545454545455,14.005716269315252,0.04818181818181819,0.10090909090909092,10.305716269315266,17.30571626931524,True,0.004547219806812078,5.9960117669147905,0,,,12.6676,0.054013
534,536,0.013636363636363636,11.222885948316016,0.010454545454545454,0.018636363636363642,8.922885948316026,13.622885948316007,True,0.0037701406248602633,5.99523468773284,0,,,12.3523,0.013546
535,537,0.15,15.825933320116839,0.12090909090909092,0.1781818181818182,13.525933320116847,17.725933320116827,True,0.01255133675377532,6.004015883861754,0,,,14.4482,0.12612
536,538,0.014090909090909091,17.51791995816408,0.010454545454545454,0.02090909090909091,14.917919958164088,20.717919958164067,True,0.017176422299080896,6.00864096940706,0,,,19.474,0.014072
537,539,0.4727272727272727,7.9089763364267185,0.3727272727272728,0.6363636363636364,6.308976336426718,9.708976336426721,True,0.042322887238439265,6.033787434346419,0,,,8.63694,0.472881
538,540,0.02363636363636364,14.10267555846526,0.017727272727272727,0.031818181818181815,11.702675558465268,16.60267555846525,True,0.08759471590948552,6.079059263017465,0,,,14.4004,0.019997
539,541,0.16454545454545455,4.800000000000002,0.15,0.19454545454545452,3.6,5.800000000000002,False,0.061773053306076464,6.0532376004140565,0,,,2.55447,0.149966
540,542,0.2181818181818182,6.3268782724799815,0.1863636363636364,0.2545454545454545,5.62687827247998,7.226878272479983,False,0.18056380626438107,6.172028353372361,0,,,5.53068,0.190281
541,543,0.056363636363636366,11.690959311318164,0.04,0.08,8.490959311318178,15.190959311318151,True,0.0045535951027403975,5.996018142210718,0,,,10.7648,0.045489
542,544,0.6,7.662585791307883,0.4,1.1181818181818182,4.9625857913078795,11.762585791307886,True,0.008958875828374525,6.000423422936354,0,,,8.67659,0.617506
543,545,0.01590909090909091,13.100821290875954,0.011363636363636364,0.02363636363636364,10.300821290875962,16.300821290875945,True,0.005506684055284111,5.996971231163262,0,,,14.353,0.015198
544,546,0.2363636363636364,5.404727886055054,0.1590909090909091,0.34545454545454546,3.0047278860550533,7.504727886055052,True,0.0050007241894675725,5.996465271297446,0,,,4.63496,0.197094
545,547,0.3181818181818182,7.938608814512267,0.2636363636363636,0.3818181818181817,6.738608814512265,9.138608814512267,True,0.0730301414111882,6.064494688519168,0,,,8.15,0.292493
546,548,0.2181818181818182,6.562218584770693,0.1590909090909091,0.3,4.4622185847706906,8.262218584770695,True,0.007831961180705406,5.999296508288684,0,,,5.71428,0.189167
547,549,0.07036363636363636,8.014329904643299,0.053636363636363635,0.09090909090909093,5.414329904643296,10.6143299046433,True,0.003336205731475696,5.994800752839455,0,,,6.11483,0.054052
548,550,0.2181818181818182,8.745769408506996,0.16272727272727272,0.2818181818181818,7.045769408506995,10.145769408506998,True,0.024032484276616056,6.015497031384594,0,,,8.04265,0.187369
549,551,0.02363636363636364,15.092641041662267,0.017272727272727273,0.030909090909090907,12.492641041662273,17.492641041662253,True,0.02953053166293555,6.020995078770914,0,,,15.4453,0.019802
550,552,0.027272727272727268,8.723199682568385,0.019545454545454543,0.04,6.023199682568383,11.723199682568385,True,0.008608255263628945,6.000072802371607,0,,,8.51597,0.023658
552,554,0.02181818181818182,17.48829074620347,0.014090909090909091,0.03545454545454545,13.788290746203485,21.38829074620346,True,0.03142006948381578,6.022884616591795,0,,,18.3197,0.019008
553,555,0.13545454545454547,13.310581337775002,0.09636363636363636,0.17,9.710581337775016,15.910581337774993,True,0.010383607249361809,6.00184815435734,0,,,11.2974,0.106722
554,556,0.03272727272727273,12.146166341079631,0.02363636363636364,0.04727272727272727,9.24616634107964,15.246166341079617,True,0.0018524451689142405,5.993316992276894,0,,,12.0604,0.027524
555,557,0.02181818181818182,13.597147638038265,0.01818181818181818,0.026363636363636363,11.997147638038271,15.197147638038258,True,0.06174045894208924,6.053205006050067,0,,,14.1034,0.019116
556,558,0.018636363636363642,6.628038168294709,0.013636363636363636,0.026363636363636363,4.028038168294707,9.528038168294712,True,0.018621016319949803,6.0100855634279275,0,,,6.81141,0.017207
557,559,0.2727272727272727,4.2,0.1890909090909091,0.3818181818181817,2.4000000000000004,6.300000000000002,True,0.01003121404317217,6.001495761151151,0,,,3.67681,0.243092
558,560,0.03272727272727273,14.2094617158585,0.02363636363636364,0.049090909090909095,11.409461715858509,17.709461715858488,True,0.029636873168099133,6.021101420276077,0,,,14.5394,0.027907
559,561,0.13727272727272727,10.956063169966798,0.11363636363636365,0.1572727272727273,8.956063169966805,12.556063169966789,False,0.009371246174746665,6.000835793282727,0,,,8.81936,0.109691
560,562,0.037272727272727284,11.799172287980387,0.030909090909090907,0.04636363636363637,10.299172287980394,13.69917228798038,True,0.09522311062418036,6.08668765773216,0,,,11.7409,0.030987
561,563,0.44545454545454544,1.2000000000000002,0.3363636363636364,1.0181818181818183,0.0,6.300000000000002,True,0.00035496172037837587,5.991819508828358,0,,,1.0937,0.440786
562,564,0.07636363636363636,14.663290882027814,0.053636363636363635,0.10727272727272727,11.263290882027825,17.763290882027803,True,0.007339101624837079,5.9988036487328165,0,,,13.2718,0.058365
563,565,0.1390909090909091,12.894585430865837,0.11181818181818183,0.16454545454545455,10.394585430865844,14.89458543086583,True,0.01819742302251034,6.009661970130489,0,,,11.0248,0.113275
564,566,0.24545454545454545,4.5,0.1809090909090909,0.3090909090909091,3.1,5.800000000000002,True,0.017625339492705186,6.009089886600684,0,,,3.71339,0.205088
565,567,0.07909090909090909,8.843886410086428,0.057272727272727274,0.10818181818181817,5.643886410086438,11.643886410086415,True,0.003033656302498219,5.994498203410478,0,,,6.67193,0.060122
566,568,0.2727272727272727,8.574825612778469,0.2363636363636364,0.3272727272727273,7.774825612778468,9.574825612778467,True,0.03993381835140914,6.0313983654593875,0,,,8.70683,0.248844
567,569,0.04818181818181819,12.253250160419938,0.037272727272727284,0.06363636363636364,9.953250160419946,14.75325016041993,True,0.0074725300637519575,5.998937077171731,0,,,11.6506,0.039732
568,570,0.030909090909090907,5.611257615477098,0.022727272727272728,0.045454545454545456,2.9112576154770986,8.711257615477098,True,0.0005632446737912723,5.99202779178177,0,,,4.85044,0.02652
569,571,0.12454545454545456,11.499810326863669,0.09272727272727273,0.15181818181818182,8.599810326863679,13.69981032686366,False,0.0038598544597682493,5.995324401567747,0,,,9.30485,0.092694
570,572,0.2727272727272727,3.8,0.2181818181818182,0.3363636363636364,2.7,5.1000000000000005,True,0.05174208670831651,6.043206633816296,0,,,3.29498,0.243295
571,573,0.014090909090909091,10.606751136711047,0.011363636363636364,0.01909090909090909,8.606751136711054,13.006751136711037,True,0.06293117381762986,6.0543957209256085,0,,,11.791,0.014059
572,574,0.09272727272727273,10.20389430295904,0.06727272727272728,0.12454545454545456,7.003894302959052,13.103894302959029,True,0.03052942824795622,6.021993975355935,0,,,7.94537,0.068796
573,575,0.17545454545454547,3.4000000000000004,0.1572727272727273,0.2090909090909091,2.2,4.2,False,0.019647410293099937,6.011111957401079,0,,,1.1075,0.160195
574,576,0.2818181818181818,12.716074831760032,0.2363636363636364,0.34545454545454546,11.716074831760034,14.016074831760028,True,0.06367386101607886,6.055138408124057,0,,,13.3992,0.259446
575,577,0.08545454545454545,5.4993015473720135,0.06545454545454546,0.11181818181818183,2.799301547372015,7.9993015473720135,False,0.004753445099921994,5.996217992207901,0,,,2.87642,0.064509
577,579,0.025454545454545452,12.507589542567803,0.02090909090909091,0.030909090909090907,10.907589542567806,14.407589542567795,True,0.08412263782843789,6.075587184936419,0,,,12.7773,0.021735
578,580,0.2181818181818182,9.084898916442432,0.15363636363636365,0.3090909090909091,6.58489891644243,11.084898916442432,True,0.02099939418712966,6.012463941295109,0,,,8.4546,0.187543
579,581,0.04,14.714578339115258,0.027272727272727268,0.057272727272727274,11.714578339115267,18.114578339115244,True,0.06855406413649573,6.060018611244475,0,,,14.6732,0.031863
580,582,0.1,12.127682006258595,0.07727272727272727,0.12090909090909092,9.827682006258602,14.127682006258588,False,0.018512440931118503,6.009976988039098,0,,,10.0508,0.07229
581,583,0.10727272727272727,17.36667608330695,0.06727272727272728,0.15181818181818182,12.766676083306965,21.066676083306934,True,0.01399986729694434,6.005464414404924,0,,,15.8917,0.078575
582,584,0.028181818181818183,12.883741400752593,0.02363636363636364,0.03818181818181818,11.183741400752599,15.183741400752584,True,0.12514723112957166,6.116611778237551,0,,,13.2682,0.025101
583,585,0.017272727272727273,10.807746084276014,0.014090909090909091,0.02181818181818182,9.20774608427602,12.907746084276006,True,0.09830764633719156,6.089772193445171,0,,,11.7766,0.01636
584,586,0.15363636363636365,8.667599664292439,0.13181818181818186,0.1781818181818182,7.067599664292437,10.267599664292439,False,0.0014512976629263822,5.992915844770906,0,,,6.58846,0.132778
585,587,0.16090909090909092,11.257057871290783,0.13,0.2,8.857057871290793,12.85705787129078,True,0.017905641109768642,6.009370188217747,0,,,9.43643,0.141082
586,588,0.13181818181818186,9.735741437965526,0.09636363636363636,0.16090909090909092,6.535741437965537,11.935741437965516,True,0.032734359990518165,6.024198907098497,0,,,7.25393,0.100715
588,590,0.3272727272727273,4.1000000000000005,0.2545454545454545,0.4181818181818182,2.6,5.800000000000002,True,0.031334176514125386,6.022798723622104,0,,,3.85424,0.303633
589,591,0.037272727272727284,11.407992508154454,0.028181818181818183,0.049090909090909095,9.207992508154463,14.107992508154444,True,0.007558244462747534,5.999022791570726,0,,,11.2219,0.030123
590,592,0.04272727272727273,16.583693627031412,0.03363636363636364,0.052727272727272734,14.683693627031419,18.683693627031406,True,0.101585614789144,6.093050161897121,0,,,16.7549,0.035163
592,594,0.2636363636363636,2.0,0.2090909090909091,0.3181818181818182,0.9,3.1,True,0.028047187072523783,6.019511734180503,0,,,1.12957,0.229231
593,595,0.2636363636363636,7.538359773493942,0.2181818181818182,0.3090909090909091,6.538359773493941,8.538359773493942,True,0.028421399422900638,6.01988594653088,0,,,7.33494,0.229351
594,596,0.03363636363636364,7.039631200159682,0.026363636363636363,0.04636363636363637,5.039631200159678,9.739631200159684,True,0.020742263812287626,6.012206810920267,0,,,6.52586,0.028387
595,597,0.08,13.425078995164275,0.06,0.10545454545454544,10.425078995164284,15.825078995164265,True,0.0055658521349657136,5.997030399242945,0,,,11.6335,0.060288
596,598,0.01590909090909091,19.72316066772556,0.01090909090909091,0.026363636363636363,16.323160667725574,23.82316066772555,True,0.021845230260703227,6.013309777368683,0,,,21.683,0.015404
597,599,0.2727272727272727,9.840792011257246,0.2272727272727273,0.3363636363636364,8.74079201125725,11.140792011257243,True,0.08621157934309051,6.0776761264510695,0,,,10.0801,0.24662
598,600,0.2272727272727273,7.590193652591992,0.17545454545454547,0.2818181818181818,6.4901936525919925,8.890193652591995,True,0.002816640831911753,5.994281187939892,0,,,7.05139,0.19339
599,601,0.03272727272727273,5.99481472163345,0.025454545454545452,0.04181818181818182,3.8948147216334505,7.99481472163345,True,0.040624950617420566,6.0320894977254005,0,,,5.12363,0.027237
600,602,0.034545454545454546,22.43554528007653,0.025454545454545452,0.049090909090909095,19.83554528007649,25.635545280076574,True,0.02185517594739517,6.013319723055373,0,,,23.5905,0.028775
601,603,0.01590909090909091,3.2,0.013636363636363636,0.01909090909090909,1.9,4.6000000000000005,True,0.05604282129445067,6.04750736840243,0,,,3.36684,0.015503
602,604,0.026363636363636363,11.633243294167132,0.01636363636363636,0.04363636363636364,7.833243294167144,15.833243294167115,True,0.03448877101483324,6.025953318122813,0,,,11.6299,0.022519
604,606,0.1390909090909091,5.1000000000000005,0.11363636363636365,0.16090909090909092,2.9000000000000004,6.9,False,0.00790922709460122,5.9993737742025814,0,,,2.33994,0.112798
606,608,0.8727272727272728,1.0,0.6454545454545454,1.4,0.0,5.1000000000000005,True,0.0004268214130809359,5.99189136852106,0,,,0.873258,0.825078
607,609,0.05545454545454545,16.913089669291182,0.04363636363636364,0.07309090909090908,14.713089669291186,19.61308966929117,True,0.01736666994016766,6.008831217048146,0,,,16.7691,0.045331
608,610,0.06636363636363636,8.853506645391338,0.04454545454545455,0.09727272727272727,5.053506645391334,12.45350664539134,True,0.03783650721970784,6.029301054327687,0,,,7.16391,0.051022
609,611,0.17545454545454547,9.95766134408082,0.15181818181818182,0.2181818181818182,8.357661344080826,11.057661344080815,True,0.040293720549147816,6.0317582676571275,0,,,8.45021,0.160398
610,612,0.022727272727272728,19.069861748372052,0.01636363636363636,0.030909090909090907,16.469861748372068,21.769861748372044,True,0.053956165969039,6.045420713077017,0,,,20.0967,0.019472
611,613,0.34545454545454546,7.461730304419854,0.2545454545454545,0.5,5.561730304419851,9.861730304419854,True,0.024029132716436013,6.015493679824416,0,,,7.94809,0.336714
612,614,0.10181818181818182,18.438140697217392,0.07227272727272728,0.13,15.3381406972174,21.138140697217377,True,0.0014916710351620026,5.992956218143141,0,,,17.0366,0.073524
613,615,0.2363636363636364,10.194675876684675,0.2090909090909091,0.2636363636363636,9.49467587668468,10.794675876684675,False,0.15424309215966314,6.145707639267642,0,,,10.0311,0.198869
614,616,0.4636363636363636,4.678816492181385,0.34545454545454546,0.7909090909090909,2.6788164921813844,8.178816492181383,True,0.035423534681892965,6.026888081789872,0,,,5.31291,0.478541
615,617,0.10363636363636364,19.645379029320896,0.07309090909090908,0.13,16.445379029320907,22.245379029320887,True,0.02230471451846055,6.01376926162644,0,,,18.2707,0.074163
616,618,0.039090909090909086,6.467609224843527,0.028181818181818183,0.057272727272727274,3.867609224843525,9.967609224843534,True,0.045869638730478966,6.037334185838457,0,,,5.69178,0.032282
617,619,0.012272727272727272,17.436443344406033,0.01,0.01636363636363636,15.63644334440604,19.936443344406023,True,0.0031359755424455863,5.994600522650424,0,,,19.2997,0.012174
618,620,0.04818181818181819,8.70376777814543,0.03818181818181818,0.06272727272727273,6.603767778145437,11.203767778145421,True,0.01985266655991706,6.011317213667897,0,,,7.77906,0.039982
619,621,0.040909090909090916,15.643637883208596,0.029090909090909087,0.057272727272727274,12.943637883208606,18.843637883208586,True,0.024738006369491677,6.016202553477472,0,,,15.7508,0.033452
620,622,0.07954545454545454,11.565456250458107,0.06,0.10545454545454544,8.765456250458119,14.065456250458098,True,9.750691388893504e-05,5.991562054021868,0,,,9.66575,0.060378
622,624,0.2545454545454545,4.800000000000002,0.2090909090909091,0.3181818181818182,3.7,6.0,True,0.010884395804595241,6.002348942912573,0,,,4.30884,0.223279
623,625,0.3181818181818182,7.105903523741515,0.2636363636363636,0.4,5.905903523741514,8.605903523741517,True,0.0038049406151509954,5.99526948772313,0,,,7.39678,0.300303
624,626,0.045454545454545456,6.780964804335331,0.034545454545454546,0.06181818181818183,4.380964804335329,9.580964804335334,True,0.013523763391803173,6.004988310499782,0,,,5.69812,0.03757
625,627,0.10181818181818182,9.669876997893503,0.07418181818181817,0.13,6.7698769978935145,12.369876997893494,True,0.03542900964957982,6.026893556757559,0,,,7.37222,0.074331
626,628,0.02,11.871790834059489,0.01590909090909091,0.026363636363636363,10.071790834059492,14.171790834059482,True,0.14457705097604348,6.136041598084023,0,,,12.6072,0.018387
627,629,0.3818181818181817,5.325335111287101,0.3,0.509090909090909,3.825335111287102,7.2253351112871025,True,0.012887639857758369,6.004352186965737,0,,,5.62926,0.374195
629,631,0.06,5.154111771717204,0.04454545454545455,0.08090909090909093,2.354111771717205,8.154111771717204,True,0.010945734888514894,6.002410281996495,0,,,3.33619,0.047277
630,632,0.19181818181818186,15.298787168202846,0.16818181818181818,0.2181818181818182,14.698787168202848,15.998787168202842,True,0.0018772889180228528,5.993341836026003,0,,,14.8895,0.171642
631,633,0.037272727272727284,13.707515712082047,0.029090909090909087,0.045454545454545456,11.907515712082054,15.607515712082037,True,0.03514253300347715,6.0266070801114555,0,,,13.6924,0.029824
632,634,0.017272727272727273,14.597851390128046,0.014090909090909091,0.022727272727272728,12.79785139012805,16.797851390128038,True,0.026233052544716598,6.0176975996526965,0,,,15.8728,0.016463
633,635,0.08727272727272728,7.678467754961197,0.07363636363636364,0.10454545454545457,5.978467754961195,9.178467754961195,False,0.014083288422882591,6.005547835530861,0,,,5.19584,0.065563
634,636,0.11363636363636365,19.29073680920145,0.07181818181818181,0.15181818181818182,14.990736809201465,22.49073680920144,True,0.005666239280566652,5.997130786388547,0,,,17.8818,0.081806
635,637,0.022727272727272728,13.722794189664311,0.017727272727272727,0.028181818181818183,11.822794189664322,15.622794189664305,True,0.04131357567238582,6.032778122780365,0,,,14.1235,0.019321
636,638,0.011818181818181818,16.908309376854817,0.01,0.015,15.408309376854822,19.10830937685481,True,0.0407887182132935,6.032253265321272,0,,,18.7283,0.011722
637,639,0.16090909090909092,11.797995711901413,0.13727272727272727,0.18363636363636365,9.89799571190142,12.897995711901407,False,0.1582302766395456,6.1496948237475255,0,,,9.80635,0.138574
638,640,0.2909090909090909,8.552492292874662,0.24545454545454545,0.3636363636363637,7.552492292874661,9.852492292874665,True,0.00021012765726424764,5.9916746747652425,0,,,8.86601,0.27151
639,641,0.07818181818181819,20.326419937550426,0.06181818181818183,0.10272727272727274,17.92641993755043,22.72641993755041,False,0.01694071236265356,6.008405259470633,0,,,19.6334,0.060288
640,642,0.2636363636363636,9.304438018660944,0.2272727272727273,0.3090909090909091,8.504438018660945,10.20443801866094,True,0.006756927882887394,5.998221474990866,0,,,9.48841,0.236238
641,643,0.034545454545454546,6.018231961000999,0.028181818181818183,0.04363636363636364,4.418231961000997,7.918231961001,True,0.013099733785077977,6.0045642808930575,0,,,5.28278,0.028749
642,644,0.2090909090909091,12.164642797983904,0.16818181818181818,0.2545454545454545,11.06464279798391,13.164642797983902,True,0.09018732708647646,6.081651874194455,0,,,11.646,0.1822
643,645,0.0609090909090909,8.961550714389976,0.04818181818181819,0.07772727272727273,6.7615507143899825,11.361550714389969,False,0.013867763731843036,6.005332310839822,0,,,7.55486,0.048102
644,646,0.17,5.388968251466802,0.15181818181818182,0.2,3.988968251466803,6.288968251466803,False,0.022699699376309043,6.014164246484286,0,,,3.09937,0.154103
645,647,0.1781818181818182,9.974481487288518,0.15181818181818182,0.2272727272727273,8.274481487288524,11.174481487288514,True,0.03814178769074636,6.029606334798725,0,,,8.65782,0.163774
647,649,0.2,7.846543752613692,0.16818181818181818,0.24545454545454545,7.046543752613691,8.846543752613693,False,0.13820117042511815,6.129665717533097,0,,,6.85665,0.178373
648,650,0.14272727272727273,10.973336431344995,0.12272727272727273,0.16272727272727272,9.373336431345,12.573336431344993,False,0.031250727919414786,6.022715275027393,0,,,9.04201,0.118463
650,652,0.2727272727272727,7.306358311161635,0.2181818181818182,0.3545454545454545,6.1063583111616335,8.906358311161638,True,0.0566516738030113,6.04811622091099,0,,,7.4,0.253976
651,653,0.3181818181818182,9.342191759854853,0.2727272727272727,0.3727272727272728,8.442191759854857,10.342191759854849,True,0.0383691597004591,6.029833706808437,0,,,9.84136,0.300778
652,654,0.07727272727272727,8.92647978335724,0.06,0.1,6.3264797833572475,11.226479783357231,False,0.0019118606356439355,5.9933764077436225,0,,,6.74631,0.058662
653,655,0.11545454545454545,8.64665910034643,0.09636363636363636,0.13363636363636364,6.846659100346428,10.246659100346431,False,0.011800192019553728,6.003264739127532,0,,,6.08865,0.084054
654,656,0.015454545454545453,15.871618033855114,0.012272727272727272,0.02,13.771618033855118,18.071618033855103,True,0.038242365696377054,6.0297069128043566,0,,,17.3932,0.014871
655,657,0.19181818181818186,7.690801571075119,0.16454545454545455,0.2272727272727273,6.590801571075118,8.49080157107512,False,0.01300739061914009,6.004471937727119,0,,,6.21086,0.170539
656,658,0.014090909090909091,9.953511362791387,0.012272727272727272,0.017272727272727273,8.653511362791393,11.553511362791385,True,0.05903484785064622,6.050499394958625,0,,,11.0474,0.014028
658,660,0.2818181818181818,4.0,0.2363636363636364,0.34545454545454546,3.0,5.2,True,0.013116582259305952,6.004581129367285,0,,,3.64554,0.25906
659,661,0.04818181818181819,6.668011870749315,0.03818181818181818,0.06181818181818183,4.468011870749313,8.968011870749319,True,0.005940250740806475,5.9974047978487866,0,,,5.4477,0.039626
660,662,0.07254545454545454,15.149908021990287,0.056363636363636366,0.09454545454545454,12.749908021990294,17.649908021990278,False,0.003489792736341736,5.994954339844321,0,,,14.0233,0.056121
662,664,0.3090909090909091,11.364689328072028,0.2545454545454545,0.3727272727272728,10.264689328072032,12.564689328072026,True,0.06432438132783594,6.055788928435816,0,,,12.0407,0.290251
663,665,0.06727272727272728,12.021775939743913,0.052727272727272734,0.08545454545454545,9.72177593974392,14.521775939743902,False,0.01352053840860336,6.004985085516582,0,,,10.8146,0.052433
664,666,0.19181818181818186,17.848733288967022,0.1590909090909091,0.2363636363636364,16.448733288967027,18.84873328896701,True,0.0161301195436217,6.007594666651602,0,,,17.7697,0.173285
665,667,0.2,17.445489363703242,0.17,0.2272727272727273,16.745489363703243,18.04548936370324,True,0.01665616653553094,6.00812071364351,0,,,17.4148,0.177725
666,668,0.07727272727272727,16.495628240797874,0.05454545454545455,0.1090909090909091,13.095628240797884,19.695628240797863,True,0.0015657166697212823,5.993030263777701,0,,,15.3537,0.059141
667,669,0.08636363636363636,12.814939201865812,0.05454545454545455,0.12818181818181815,8.214939201865826,16.714939201865796,True,1.765533087687495e-05,5.991482202438856,0,,,10.8387,0.064644
668,670,0.04818181818181819,10.472947958487053,0.031818181818181815,0.07472727272727273,6.972947958487064,14.572947958487037,True,0.015305534210587153,6.006770081318567,0,,,9.64378,0.039911
669,671,0.08545454545454545,10.6873355203478,0.06181818181818183,0.11545454545454545,7.487335520347811,13.587335520347787,True,0.007856707695807173,5.999321254803786,0,,,8.60149,0.064466
670,672,0.16454545454545455,8.688676731239592,0.14454545454545453,0.1972727272727273,7.088676731239591,9.788676731239594,False,0.0616943585472955,6.053158905655273,0,,,6.79293,0.146821
671,673,0.14272727272727273,8.536879352835799,0.11727272727272728,0.16454545454545455,6.4368793528357955,10.236879352835802,False,0.022151467589997784,6.013616014697977,0,,,6.16885,0.116125
672,674,0.013181818181818182,20.584887918236696,0.01,0.022727272727272728,17.784887918236702,25.08488791823668,True,0.02372943680654969,6.0151939839145285,0,,,22.9161,0.01324
673,675,0.15363636363636365,16.67199012676028,0.12818181818181815,0.19181818181818186,14.671990126760287,18.57199012676028,True,0.03735484373550809,6.028819390843487,0,,,15.6681,0.13517
674,676,0.012272727272727272,15.619302889397602,0.01,0.014545454545454544,14.119302889397607,17.319302889397598,False,0.0541493681071276,6.045613915215108,0,,,17.3838,0.012355
675,677,0.04272727272727273,6.438683998963202,0.03272727272727273,0.05454545454545455,4.338683998963201,8.738683998963205,True,0.007489422403457143,5.998953969511437,0,,,5.32467,0.034687
676,678,0.08727272727272728,17.421337052787553,0.06727272727272728,0.11181818181818183,14.721337052787561,19.721337052787547,False,0.052447906219326185,6.043912453327304,0,,,15.9633,0.065193
678,680,0.2727272727272727,10.099423562100824,0.2272727272727273,0.34545454545454546,9.099423562100828,11.39942356210082,True,0.03873759958034223,6.030202146688322,0,,,10.496,0.251855
679,681,0.3909090909090909,10.40343186333356,0.2727272727272727,0.6909090909090909,8.103431863333567,14.103431863333546,True,0.006919188551872701,5.998383735659852,0,,,11.583,0.393924
680,682,0.2727272727272727,8.923212111143364,0.2181818181818182,0.3272727272727273,7.823212111143367,10.123212111143358,True,0.1351069105029313,6.12657145761091,0,,,8.96206,0.242356
681,683,0.16818181818181818,33.69901921310444,0.15181818181818182,0.2,32.29901921310442,34.699019213104464,False,0.06274931170672796,6.054213858814707,0,,,35.0486,0.15918
682,684,0.13727272727272727,3.9,0.1190909090909091,0.1572727272727273,2.4000000000000004,5.4,False,0.029332202709067386,6.020796749817047,0,,,1.1378,0.112328
683,685,0.017727272727272727,6.974227979163478,0.014545454545454544,0.022727272727272728,5.374227979163476,8.974227979163482,True,0.01236475260652958,6.003829299714509,0,,,7.32901,0.016782
684,686,0.4363636363636364,4.839480202662379,0.3090909090909091,0.7272727272727273,2.439480202662379,8.139480202662376,True,0.0003150432970198705,5.991779590404999,0,,,5.14895,0.432161
686,688,0.04272727272727273,6.793312996984885,0.03363636363636364,0.05,4.893312996984883,8.393312996984887,True,0.1596728977707313,6.15113744487871,0,,,5.55726,0.034011
687,689,0.10727272727272727,6.9304589738118025,0.08818181818181818,0.12636363636363634,5.1304589738118,8.730458973811803,False,0.03907058809670296,6.0305351352046825,0,,,4.30605,0.078477
688,690,0.052727272727272734,10.423192447001133,0.04181818181818182,0.06818181818181819,8.12319244700114,12.923192447001126,True,0.008124440395093512,5.999588987503072,0,,,9.48409,0.043167
689,691,0.027272727272727268,8.45638727895209,0.013181818181818182,0.052727272727272734,3.2563872789520847,13.256387278952095,True,0.00315715947638869,5.994621706584367,0,,,8.21078,0.023607
690,692,0.06545454545454546,12.536573523326778,0.05,0.08545454545454545,10.136573523326787,15.236573523326769,True,0.02553149521768164,6.016996042325661,0,,,11.4717,0.051115
691,693,0.014545454545454544,16.550196789754743,0.011363636363636364,0.02,14.250196789754753,19.050196789754732,True,0.005925660943968813,5.9973902080519474,0,,,18.1968,0.014286
692,694,0.02,6.660795138065013,0.01636363636363636,0.024545454545454544,5.060795138065012,8.360795138065015,True,0.05402354744593201,6.045488094553912,0,,,6.75972,0.018181
693,695,0.03636363636363636,5.1000000000000005,0.029090909090909087,0.045454545454545456,3.4000000000000004,7.0,True,0.014048410677069991,6.005512957785048,0,,,4.0795,0.029403
694,696,0.039090909090909086,12.667233229607996,0.028181818181818183,0.05181818181818182,10.067233229608007,15.367233229607987,True,0.02169180000017449,6.0131563471081515,0,,,12.2904,0.031047
695,697,0.19454545454545452,9.613242626661869,0.16818181818181818,0.2272727272727273,8.713242626661874,10.313242626661866,False,0.02682469088921304,6.018289237997192,0,,,8.55421,0.174136
696,698,0.2727272727272727,16.23347607010457,0.2090909090909091,0.3727272727272728,14.833476070104576,18.133476070104564,True,0.02718182969492985,6.018646376802909,0,,,17.526,0.257606
697,699,0.1190909090909091,19.81856213597002,0.08818181818181818,0.15,16.918562135970028,22.318562135970012,True,0.011294250727798884,6.002758797835777,0,,,18.7438,0.088913
698,700,0.07,6.625652382226954,0.04818181818181819,0.1,3.12565238222695,10.025652382226957,True,0.001721468082145944,5.993186015190124,0,,,4.53716,0.053743
699,701,0.09545454545454546,12.538168715385794,0.053636363636363635,0.15181818181818182,7.438168715385813,17.438168715385782,True,0.0008068372175307339,5.992271384325511,0,,,10.4803,0.069489
700,702,0.3545454545454545,8.297458451886365,0.24545454545454545,0.5454545454545454,5.997458451886362,11.097458451886368,True,0.00668608522266442,5.998150632330644,0,,,8.70285,0.337219
701,703,0.2727272727272727,6.476770027266426,0.2272727272727273,0.3363636363636364,5.476770027266425,7.676770027266428,True,0.012351642409489265,6.003816189517468,0,,,6.33301,0.248413
702,704,0.1890909090909091,6.36072368769234,0.16272727272727272,0.2181818181818182,5.160723687692339,7.060723687692341,False,0.026909609842409858,6.018374156950389,0,,,4.55449,0.167211
703,705,0.4909090909090909,4.0,0.24545454545454545,1.2,0.0,9.1,True,0.003729551487571285,5.99519409859555,0,,,4.34316,0.494572
705,707,0.027272727272727268,11.299355051611881,0.02090909090909091,0.03818181818181818,8.999355051611888,13.899355051611868,True,0.029200058949450887,6.020664606057429,0,,,11.3324,0.02377
706,708,0.019545454545454543,12.540552915837724,0.014545454545454544,0.028181818181818183,10.240552915837736,15.640552915837715,True,0.07453771552805041,6.0660022626360295,0,,,13.5213,0.018259
707,709,0.2363636363636364,5.0,0.17545454545454547,0.2909090909090909,3.6,6.2,True,0.034503302106050335,6.0259678492140285,0,,,4.03255,0.195267
709,711,0.15,6.1186541793557465,0.13363636363636364,0.16636363636363638,4.918654179355746,7.418654179355746,False,0.07970333687724858,6.071167883985227,0,,,3.77286,0.128131
710,712,0.3090909090909091,7.753372108232411,0.2636363636363636,0.3636363636363637,6.65337210823241,8.65337210823241,True,0.1411403900871474,6.132604937195128,0,,,7.78242,0.283461
711,713,0.19454545454545452,10.118225761241039,0.17,0.2181818181818182,9.518225761241043,10.718225761241039,False,0.1279275260645656,6.119392073172546,0,,,9.04732,0.1731
712,714,0.24545454545454545,8.020643080148082,0.17272727272727273,0.3272727272727273,6.520643080148082,9.720643080148085,True,0.07006473735514862,6.061529284463128,0,,,7.80597,0.205939
713,715,0.15363636363636365,8.049204727040385,0.12818181818181815,0.1809090909090909,6.149204727040384,9.749204727040386,False,0.035496614162674606,6.026961161270653,0,,,5.87452,0.131759
714,716,0.19454545454545452,12.07156859734782,0.16090909090909092,0.2363636363636364,10.671568597347825,13.071568597347815,True,0.006094032682200506,5.997558579790178,0,,,11.1928,0.172347
715,717,0.2272727272727273,11.338519357288597,0.19181818181818186,0.2636363636363636,10.6385193572886,12.238519357288597,True,0.1435812828604371,6.1350458299684165,0,,,11.3491,0.19465
716,718,0.3727272727272728,4.959410447894268,0.2636363636363636,0.6,2.859410447894268,8.059410447894264,True,0.02889081248936789,6.020355359597348,0,,,5.24428,0.365859
717,719,0.019545454545454543,13.950277811898598,0.015,0.025454545454545452,11.850277811898609,16.150277811898597,True,0.039763318860364515,6.0312278659683445,0,,,14.8159,0.017874
718,720,0.1590909090909091,15.193936459433825,0.13181818181818186,0.2,13.093936459433833,16.893936459433814,True,0.022273461142574644,6.013738008250554,0,,,13.9877,0.14113
719,721,0.2363636363636364,9.355704609118456,0.16636363636363638,0.3,7.455704609118463,10.655704609118454,True,0.09329018307935424,6.084754730187331,0,,,8.76664,0.194269
720,722,0.7363636363636363,13.94492908512309,0.4545454545454546,1.3272727272727274,10.7449290851231,17.844929085123074,True,0.0036384142811754228,5.995102961389153,0,,,16.0246,0.762813
722,724,0.1190909090909091,8.385390353034419,0.09363636363636364,0.1409090909090909,5.9853903530344175,10.18539035303442,False,0.021343957142913608,6.012808504250892,0,,,5.70935,0.086759
723,725,0.5636363636363636,15.848497776050856,0.3727272727272728,1.0818181818181818,13.148497776050865,20.14849777605084,True,0.0007531080353647633,5.992217655143343,0,,,18.1661,0.60407
725,727,0.5545454545454546,11.996720023215053,0.3545454545454545,1.1181818181818182,9.196720023215065,16.696720023215033,True,0.013999100840656852,6.005463647948637,0,,,13.7241,0.578629
726,728,0.2545454545454545,25.104181976605826,0.16636363636363638,0.3818181818181817,22.9041819766058,27.604181976605858,True,0.027060443586341538,6.0185249906943215,0,,,27.1878,0.232769
727,729,0.6727272727272727,25.362761307096378,0.4545454545454546,1.1181818181818182,22.762761307096337,28.662761307096424,False,0.017309417651080933,6.00877396475906,0,,,29.2513,0.754343
728,730,0.1972727272727273,8.93949381030192,0.16636363636363638,0.2363636363636364,7.93949381030192,9.73949381030192,False,0.00659940661023985,5.998063953718219,0,,,7.78201,0.175496
730,732,0.2545454545454545,6.341764613976988,0.2090909090909091,0.3,5.341764613976986,7.241764613976987,True,0.1480151299157858,6.139479677023765,0,,,5.89957,0.220227
731,733,0.034545454545454546,19.133988332527228,0.027272727272727268,0.04454545454545455,17.23398833252723,21.33398833252721,True,0.012663524172841379,6.00412807128082,0,,,19.8945,0.028839
732,734,0.03545454545454545,11.779133092258613,0.027272727272727268,0.045454545454545456,9.679133092258619,13.979133092258605,True,0.007096751671716356,5.998561298779697,0,,,11.5111,0.028879
734,736,0.34545454545454546,24.365650078031578,0.2727272727272727,0.4636363636363636,22.965650078031558,26.265650078031612,False,0.012994245695945894,6.004458792803925,0,,,27.2308,0.353988
735,737,0.015454545454545453,4.9,0.012727272727272728,0.019545454545454543,3.2,6.800000000000002,True,0.018131816935402174,6.009596364043381,0,,,5.30615,0.015143
738,740,0.019545454545454543,4.6000000000000005,0.013181818181818182,0.030909090909090907,1.2000000000000002,8.5,True,0.013683420724000106,6.005147967831979,0,,,4.39314,0.017896
739,741,0.03636363636363636,4.7,0.028181818181818183,0.04636363636363637,2.8000000000000003,6.9,True,0.0034966328654349177,5.994961179973414,0,,,3.65388,0.02952
741,743,0.2181818181818182,22.37998039166575,0.17545454545454547,0.2545454545454545,21.479980391665734,23.279980391665763,False,0.10381765675247212,6.095282203860451,0,,,23.3756,0.188545
742,744,0.058181818181818175,20.949553207215548,0.04636363636363637,0.07363636363636364,18.849553207215518,23.249553207215577,True,0.01245018982957087,6.00391473693755,0,,,21.0101,0.046602
743,745,0.09909090909090908,24.02998725821511,0.06363636363636364,0.1390909090909091,19.929987258215057,27.82998725821517,True,0.017893019144361432,6.0093575662523415,0,,,23.5562,0.073328
744,746,0.02363636363636364,14.201740970303408,0.017727272727272727,0.03,12.001740970303414,16.501740970303402,True,0.03158015205840616,6.023044699166385,0,,,14.5894,0.019871
746,748,0.3636363636363637,33.9536312124553,0.2727272727272727,0.4909090909090909,32.153631212455274,36.05363121245533,False,0.020299784158125802,6.0117643312661055,0,,,38.0394,0.379224
747,749,0.4181818181818182,15.343976990218177,0.34545454545454546,0.5,14.043976990218177,16.64397699021817,False,0.05608567194050232,6.047550219048482,0,,,17.0425,0.419114
749,751,0.3,24.427700117934734,0.24545454545454545,0.3909090909090909,23.227700117934717,26.227700117934766,False,0.08541251999508434,6.076877067103063,0,,,27.0518,0.300315
750,752,0.15545454545454546,9.20524647453903,0.1409090909090909,0.17545454545454547,8.105246474539031,10.605246474539024,False,0.10611716679790972,6.097581713905889,0,,,7.40619,0.137217
753,755,0.011818181818181818,11.948693782588752,0.01,0.017727272727272727,10.148693782588758,15.548693782588739,True,0.034312614396090436,6.0257771615040685,0,,,13.234,0.011675
754,756,0.027272727272727268,10.824434314577053,0.02,0.04,8.224434314577062,13.924434314577043,True,0.009293079414797498,6.000757626522777,0,,,10.9168,0.023788
756,758,0.034545454545454546,9.689590133838674,0.027272727272727268,0.045454545454545456,7.589590133838682,11.989590133838663,True,0.024191926619367404,6.015656473727347,0,,,9.20948,0.028447
757,759,0.4,14.448836806406081,0.3545454545454545,0.4727272727272727,13.548836806406085,15.548836806406078,False,0.12550425414372904,6.1169688012517085,0,,,16.161,0.412897
758,760,0.040909090909090916,10.019826827686632,0.03,0.05545454545454545,7.619826827686642,12.919826827686622,True,0.03351568409915131,6.02498023120713,0,,,9.52514,0.033949
760,762,0.4818181818181818,8.001935262277819,0.3636363636363637,0.7454545454545455,6.001935262277815,10.80193526227782,True,0.04734902645447055,6.038813573562449,0,,,8.89971,0.492572
761,763,0.03636363636363636,5.818225184647156,0.026363636363636363,0.05,3.2182251846471543,8.91822518464716,True,0.0009258798744612689,5.992390426982441,0,,,4.90323,0.02944
762,764,0.14454545454545453,12.545559970059573,0.12818181818181815,0.16090909090909092,11.245559970059581,13.845559970059572,False,0.02300293822135736,6.0144674853293365,0,,,10.8424,0.121177
763,765,0.14272727272727273,7.353907289443227,0.11545454545454545,0.16636363636363638,5.0539072894432255,9.25390728944323,False,0.014003479860194713,6.005468026968174,0,,,4.85581,0.116393
764,766,0.13181818181818186,35.40403412437527,0.10181818181818182,0.1590909090909091,32.50403412437523,37.604034124375296,True,0.0029750327363656194,5.994439579844345,0,,,36.1879,0.107321
765,767,0.8363636363636364,29.154687432431523,0.6545454545454545,1.1,27.454687432431502,30.95468743243155,False,0.006935515886058995,5.998400062994037,0,,,33.8151,0.9533
767,769,0.2363636363636364,9.737783535156463,0.2090909090909091,0.2636363636363636,9.137783535156467,10.437783535156463,False,0.018201912877698668,6.009666459985678,0,,,9.70966,0.199972
768,770,0.06818181818181819,11.066782554526613,0.053636363636363635,0.08636363636363636,8.866782554526619,13.466782554526606,False,0.023734329948116775,6.015198877056097,0,,,9.65815,0.053105
770,772,0.3,3.7,0.2545454545454545,0.3636363636363637,2.7,4.9,True,0.10356540227078603,6.095029949378764,0,,,3.31225,0.274373
771,773,0.026363636363636363,9.460780853267632,0.02363636363636364,0.030909090909090907,8.460780853267636,10.960780853267627,False,0.30643445584624296,6.297899002954223,0,,,9.50101,0.023119
773,775,0.14454545454545453,7.972201182351179,0.12454545454545456,0.16454545454545455,6.472201182351178,9.57220118235118,False,0.02968561126977407,6.021150158377753,0,,,5.73992,0.121081
774,776,0.1,16.405910371861196,0.07727272727272727,0.12090909090909092,14.205910371861204,18.50591037186119,False,0.03815220477932195,6.029616751887302,0,,,14.8108,0.071882
775,777,0.2181818181818182,25.361298295593823,0.16636363636363638,0.2818181818181818,23.8612982955938,26.661298295593838,False,0.06458933477965995,6.056053881887639,0,,,26.8582,0.192016
776,778,0.7181818181818181,31.48560728551923,0.5181818181818182,1.0636363636363635,29.28560728551919,34.18560728551926,False,0.04830461222960904,6.039769159337587,0,,,36.5854,0.846811
777,779,0.2181818181818182,33.544578024223306,0.1781818181818182,0.2545454545454545,32.64457802422329,34.34457802422332,False,0.13779840397482598,6.129262951082804,0,,,35.9337,0.19136
778,780,0.06181818181818183,15.365652125206216,0.045454545454545456,0.08454545454545455,12.565652125206224,18.565652125206203,True,0.011130301466142715,6.002594848574121,0,,,14.7396,0.048908
779,781,0.2636363636363636,8.358430030189577,0.2,0.3363636363636364,7.058430030189575,9.758430030189578,True,0.016194388510617608,6.007658935618597,0,,,8.28587,0.230489
780,782,0.04454545454545455,11.340019664025887,0.03272727272727273,0.06272727272727273,8.840019664025894,14.540019664025873,True,0.05443155948808657,6.045896106596066,0,,,10.9289,0.03694
781,783,0.6272727272727272,10.543825317270354,0.4636363636363636,0.9636363636363636,8.443825317270361,13.343825317270346,True,0.01522863943593189,6.006693186543911,0,,,12.1119,0.66123
782,784,0.7272727272727273,14.168293435683696,0.4636363636363636,1.2727272727272727,11.168293435683708,17.868293435683686,True,0.01349974973745652,6.004964296845436,0,,,16.2467,0.751626
783,785,0.07,6.887997260792079,0.05545454545454545,0.08272727272727272,4.587997260792077,8.587997260792081,False,0.13499545732871995,6.126460004436699,0,,,4.56887,0.052594
784,786,0.010454545454545454,9.74800629374078,0.01,0.014545454545454544,9.048006293740782,12.548006293740768,True,0.00416909962086408,5.995633646728843,0,,,10.8856,0.010555
785,787,0.2363636363636364,11.289651798702323,0.19181818181818186,0.2909090909090909,10.289651798702328,12.389651798702321,True,0.2123882349918019,6.203852782099781,0,,,11.4483,0.204244
786,788,0.3,7.9563913649313625,0.2727272727272727,0.3545454545454545,7.356391364931363,8.956391364931363,True,0.12181952180794425,6.113284068915923,0,,,8.39972,0.289133
787,789,0.5363636363636364,2.0,0.3545454545454545,1.2727272727272727,0.0,7.1000000000000005,True,0.00034980542885952717,5.9918143525368395,0,,,2.12959,0.540695
788,790,0.0918181818181818,7.806994480030432,0.07,0.11727272727272728,5.106994480030427,10.106994480030432,False,0.007316081032242833,5.998780628140223,0,,,5.14476,0.067674
789,791,0.2363636363636364,12.039634337726012,0.1972727272727273,0.2909090909090909,11.239634337726017,13.23963433772601,True,0.1813325674068784,6.172797114514857,0,,,12.5173,0.209647
790,792,0.16454545454545455,8.895323713559016,0.13727272727272727,0.2181818181818182,6.595323713559012,10.395323713559016,True,0.01555102510565064,6.007015572213629,0,,,7.01301,0.148945
791,793,0.2727272727272727,11.042669610664127,0.2272727272727273,0.3272727272727273,10.04266961066413,12.242669610664125,True,0.0034354139829764433,5.994899961090956,0,,,11.4954,0.2492
792,794,0.1863636363636364,47.75832092068429,0.10454545454545457,0.44545454545454544,42.55832092068421,52.558320920684345,True,0.0007225389827754706,5.9921870860907545,0,,,51.3712,0.178644
793,795,0.2545454545454545,22.634583697704716,0.2,0.3181818181818182,21.434583697704696,23.93458369770473,False,0.023650078247391192,6.015114625355372,0,,,24.3537,0.230583
795,797,0.16636363636363638,18.854491679575496,0.14636363636363636,0.2,17.2544916795755,19.95449167957549,True,0.03418677967047555,6.025651326778455,0,,,18.2178,0.1526
798,800,0.014090909090909091,5.97752444806405,0.010454545454545454,0.019545454545454543,3.4775244480640506,8.677524448064048,True,0.009105409400134993,6.000569956508113,0,,,6.54373,0.013859
799,801,0.2272727272727273,9.444999589543867,0.1809090909090909,0.2727272727272727,8.44499958954387,10.544999589543863,True,0.16812383080702012,6.159588377914998,0,,,9.04851,0.193667
800,802,0.2090909090909091,5.416215121442762,0.17,0.2636363636363636,4.5162151214427615,6.5162151214427615,False,0.029223603563848906,6.020688150671827,0,,,4.28371,0.183944
801,803,0.024545454545454544,22.55334912590491,0.013636363636363636,0.04636363636363637,17.75334912590484,27.753349125904986,True,0.006355564762700354,5.99782011187068,0,,,23.7609,0.02052
802,804,0.4,8.406569463509332,0.3,0.5909090909090908,6.506569463509329,10.806569463509334,True,0.01187253103927993,6.003337078147259,0,,,9.11644,0.396344
803,805,0.06727272727272728,18.838682441223877,0.045454545454545456,0.09545454545454546,15.138682441223896,22.23868244122387,True,0.020880034195490716,6.01234458130347,0,,,18.1574,0.051258
804,806,0.34545454545454546,7.955571649169023,0.2818181818181818,0.4272727272727273,6.655571649169023,9.355571649169026,True,0.05388257431605991,6.045347121424039,0,,,8.42571,0.332848
805,807,0.12818181818181815,13.766164680500466,0.11181818181818183,0.14272727272727273,12.266164680500474,14.866164680500464,False,0.031301169438563314,6.022765716546543,0,,,11.8772,0.098661
806,808,0.2727272727272727,9.236497393449802,0.24545454545454545,0.3,8.636497393449805,9.8364973934498,True,0.18864756036182231,6.1801121074698,0,,,9.46866,0.248601
807,809,0.0981818181818182,10.722945951410589,0.08181818181818183,0.11545454545454545,9.12294595141059,12.42294595141058,False,0.025806358672356828,6.017270905780336,0,,,8.67404,0.072069
808,810,0.01090909090909091,11.533666947253478,0.01,0.01681818181818182,10.233666947253482,15.033666947253465,True,0.009413890150679923,6.00087843725866,0,,,12.7368,0.01086
809,811,0.015,10.631895446756936,0.011363636363636364,0.02181818181818182,8.031895446756947,13.431895446756927,True,0.08906068112225456,6.080525228230234,0,,,11.5981,0.014664
810,812,0.12272727272727273,11.736734961628967,0.08363636363636362,0.1572727272727273,7.936734961628982,14.43673496162896,True,0.006933694473932873,5.998398241581912,0,,,9.43362,0.09002
811,813,0.13727272727272727,11.842853647208731,0.11363636363636365,0.1572727272727273,9.742853647208737,13.442853647208723,False,0.016569431281330982,6.008033978389309,0,,,9.78896,0.109288
812,814,0.5,7.505769744142102,0.4,0.7272727272727273,6.1057697441420995,10.005769744142103,True,0.03340302277389755,6.024867569881875,0,,,8.72334,0.529669
813,815,0.07909090909090909,13.633237893822205,0.06636363636363636,0.0981818181818182,11.833237893822211,15.633237893822198,False,0.018393488119259213,6.009858035227237,0,,,12.143,0.060605
815,817,0.09363636363636364,25.682078433342625,0.07181818181818181,0.1190909090909091,23.18207843334259,28.082078433342662,False,0.013996085759658907,6.005460632867638,0,,,25.2632,0.069913
816,818,0.4181818181818182,22.343133074646612,0.3272727272727273,0.5363636363636364,20.84313307464659,23.943133074646635,False,0.07086600923260827,6.062330556340588,0,,,25.0219,0.427674
817,819,0.06,16.754905137036495,0.04454545454545455,0.07727272727272727,13.954905137036505,19.354905137036482,True,0.026198542428836912,6.017663089536816,0,,,16.1076,0.046814
818,820,0.2818181818181818,11.182966514130745,0.2545454545454545,0.3181818181818182,10.482966514130748,11.882966514130745,True,0.022879986207454846,6.014344533315433,0,,,11.6516,0.258586
819,821,0.2909090909090909,4.3,0.2363636363636364,0.3636363636363637,3.1,5.6000000000000005,True,0.026578939693631023,6.01804348680161,0,,,3.89706,0.263667
820,822,1.3,4.704799022849858,0.6,1.4,0.50479902284986,6.304799022849858,True,0.0003947314344599727,5.991859278542439,0,,,5.25617,1.2286
821,823,0.05181818181818182,21.309521442267208,0.03818181818181818,0.07309090909090908,18.309521442267165,24.50952144226725,True,0.0013818853176228668,5.992846432425603,0,,,21.5311,0.042711
823,825,0.030909090909090907,9.435680503027099,0.025454545454545452,0.039090909090909086,7.635680503027105,11.135680503027091,True,0.0836001100568615,6.075064657164839,0,,,9.0278,0.02647
824,826,0.4909090909090909,8.813079645423871,0.3909090909090909,0.6727272727272727,7.313079645423876,10.813079645423864,True,0.028746517289975886,6.020211064397955,0,,,9.88286,0.499542
825,827,0.045454545454545456,5.74934279782374,0.03363636363636364,0.06363636363636364,3.2493427978237412,8.84934279782374,True,0.02318378934053468,6.014648336448514,0,,,4.58732,0.037763
826,828,0.03363636363636364,7.672633529882747,0.027272727272727268,0.04181818181818182,5.972633529882745,9.472633529882748,True,0.12211115117035412,6.113575698278332,0,,,6.97352,0.027703
828,830,0.10636363636363637,21.04899327452001,0.08090909090909093,0.13,18.548993274519976,23.24899327452005,False,0.006542230501006787,5.998006777608986,0,,,19.9347,0.077314
829,831,0.07072727272727274,14.931821542863386,0.058181818181818175,0.08636363636363636,13.031821542863396,16.931821542863382,False,0.0029409042007270555,5.9944054513087055,0,,,13.8206,0.054719
830,832,0.12272727272727273,16.696145269451033,0.10454545454545457,0.13727272727272727,14.796145269451046,17.996145269451034,False,0.030560368906175944,6.022024916014155,0,,,14.9508,0.089767
831,833,0.10545454545454544,6.167004950174247,0.08363636363636362,0.12636363636363634,4.067004950174246,8.167004950174249,False,0.07054250992156598,6.062007057029545,0,,,3.35596,0.076239
832,834,0.01590909090909091,14.637162062065823,0.013181818181818182,0.019545454545454543,13.037162062065828,16.237162062065813,True,0.0684219557546264,6.059886502862606,0,,,15.9534,0.015163
833,835,0.06636363636363636,24.55114148336625,0.04727272727272727,0.09727272727272727,21.45114148336621,28.251141483366307,True,0.02988153385432825,6.021346080962307,0,,,24.9725,0.052962
834,836,0.027272727272727268,10.066281469349644,0.022727272727272728,0.034545454545454546,8.466281469349648,11.966281469349635,True,0.2054093615147684,6.196873908622748,0,,,10.0594,0.023741
835,837,0.04363636363636364,7.123907934159017,0.031818181818181815,0.06,4.623907934159013,10.12390793415902,True,0.003253482634101057,5.99471802974208,0,,,6.20206,0.036103
836,838,0.16818181818181818,26.404843158953977,0.1409090909090909,0.2181818181818182,24.204843158953942,27.804843158954,True,0.02017150974606605,6.011636056854045,0,,,26.7364,0.155917
837,839,0.2727272727272727,3.9,0.2272727272727273,0.34545454545454546,2.8000000000000003,5.2,True,0.23366279945580065,6.22512734656378,0,,,3.46252,0.249073
838,840,0.13,13.861022794326189,0.09,0.16636363636363638,10.261022794326204,16.76102279432618,True,0.025458586439025925,6.016923133547005,0,,,12.1341,0.102358
839,841,0.2272727272727273,9.199544743159633,0.17545454545454547,0.2818181818181818,8.099544743159635,10.399544743159627,True,0.011523424129435971,6.002987971237415,0,,,8.78826,0.192114
840,842,0.034545454545454546,14.666178323899336,0.022727272727272728,0.057272727272727274,11.066178323899347,19.16617832389932,True,0.0007655965301142857,5.992230143638094,0,,,14.8783,0.028656
841,843,0.01909090909090909,12.392676191641467,0.01590909090909091,0.024545454545454544,10.892676191641474,14.392676191641462,True,0.07819662350771145,6.069661170615691,0,,,13.2932,0.017887
842,844,0.2545454545454545,14.35805403495389,0.1972727272727273,0.3090909090909091,13.158054034953894,15.458054034953886,True,0.03925463560616485,6.030719182714144,0,,,14.9492,0.221741
843,845,0.3909090909090909,5.099709736204011,0.3181818181818182,0.5454545454545454,3.799709736204012,7.2997097362040115,True,0.09696446601018896,6.088429013118168,0,,,5.64008,0.395493
844,846,0.012727272727272728,21.933242435260095,0.01,0.02363636363636364,19.333242435260058,26.533242435260163,True,0.013850561399974448,6.005315108507952,0,,,24.5965,0.012977
845,847,0.24545454545454545,10.4222328459474,0.2090909090909091,0.2727272727272727,9.6222328459474,11.122232845947396,False,0.08815666694495589,6.079621214052935,0,,,10.3436,0.204342
846,848,0.5727272727272728,14.21999150204659,0.4181818181818182,0.8909090909090909,12.119991502046595,17.11999150204658,True,0.026395521673826087,6.017860068781805,0,,,16.2356,0.604367
847,849,0.07336363636363635,14.271007175007453,0.05909090909090909,0.09,12.07100717500746,16.271007175007444,False,0.01469998283497614,6.0061645299429545,0,,,12.8565,0.055915
848,850,0.1481818181818182,7.579620481555314,0.12636363636363634,0.17,5.879620481555313,9.379620481555314,False,0.022797208689753826,6.014261755797732,0,,,5.28195,0.125495
849,851,0.05181818181818182,13.394977080633518,0.037272727272727284,0.07472727272727273,10.29497708063353,16.794977080633508,True,0.024898006177458267,6.016362553285438,0,,,12.7413,0.042593
850,852,0.024545454545454544,15.59191812379693,0.017272727272727273,0.03545454545454545,12.59191812379694,18.59191812379692,True,0.028604117295228375,6.020068664403207,0,,,16.0686,0.02089
851,853,0.08363636363636362,17.845454443968467,0.06727272727272728,0.1090909090909091,15.645454443968479,20.345454443968464,False,0.0641181628142567,6.055582709922236,0,,,16.8094,0.064427
852,854,0.07636363636363636,17.404887296270395,0.053636363636363635,0.10727272727272727,13.904887296270411,20.404887296270388,True,8.578268063554637e-06,5.991473125376043,0,,,16.2387,0.058311
853,855,0.08818181818181818,6.350145081115182,0.07,0.11181818181818183,3.9501450811151786,8.450145081115183,False,0.004502739422983222,5.995967286530963,0,,,3.69614,0.066264
854,856,0.3,8.896192858243467,0.2545454545454545,0.3545454545454545,7.896192858243473,9.896192858243463,True,0.17789065618365674,6.1693552032916354,0,,,9.05117,0.27321
855,857,0.13,11.930710160002059,0.10818181818181817,0.15181818181818182,9.830710160002068,13.530710160002053,False,0.0418528204670789,6.033317367575058,0,,,9.9007,0.101554
856,858,0.17545454545454547,11.660136375528333,0.15363636363636365,0.2090909090909091,10.16013637552834,12.56013637552833,True,0.005176346381243778,5.996640893489222,0,,,10.228,0.158482
857,859,0.15545454545454546,8.357114063310146,0.13545454545454547,0.17545454545454547,6.757114063310143,9.657114063310146,False,0.10282599307806882,6.094290540186048,0,,,6.07117,0.132785
858,860,0.02181818181818182,8.579139409969343,0.01681818181818182,0.028181818181818183,6.5791394099693425,10.779139409969346,True,0.022142580766913424,6.013607127874893,0,,,8.58859,0.01911
859,861,0.011818181818181818,13.491340383622141,0.01,0.015454545454545453,11.891340383622145,15.791340383622133,True,0.007473886052123584,5.998938433160102,0,,,15.0361,0.011938
860,862,0.06727272727272728,11.72868196521554,0.05181818181818182,0.08636363636363636,9.228681965215547,14.12868196521553,True,0.0082472057638136,5.999711752871794,0,,,10.3369,0.052253
861,863,0.05545454545454545,11.484160639200747,0.029090909090909087,0.09636363636363636,6.384160639200765,16.38416063920073,True,0.0033747651194484013,5.994839312227428,0,,,10.4258,0.044029
862,864,0.025454545454545452,16.766272564161294,0.01681818181818182,0.037272727272727284,13.466272564161313,19.86627256416129,True,0.033795836877829,6.025260383985808,0,,,17.2039,0.021261
863,865,0.14454545454545453,10.49632672802108,0.10636363636363637,0.19181818181818186,7.0963267280210935,12.996326728021073,True,0.007692316323767436,5.999156863431747,0,,,8.56264,0.12157
864,866,0.011363636363636364,10.791544004287191,0.01,0.013636363636363636,9.691544004287193,12.391544004287185,True,0.019781594218604717,6.011246141326583,0,,,12.0171,0.011484
865,867,0.03363636363636364,16.882581369709328,0.025454545454545452,0.04636363636363637,14.482581369709337,19.58258136970932,True,0.0194687783325008,6.01093332544048,0,,,17.3099,0.028133
866,868,0.03272727272727273,4.9,0.026363636363636363,0.040909090909090916,3.1,6.6000000000000005,True,0.10617979439103804,6.097644341499017,0,,,3.88656,0.027193
867,869,0.02,18.051495204774056,0.014545454545454544,0.029090909090909087,15.551495204774065,21.351495204774046,True,0.03812777565040798,6.029592322758387,0,,,19.5274,0.018583
868,870,0.3636363636363637,3.7,0.2636363636363636,0.5818181818181818,1.7000000000000002,6.7,True,0.033412601496204994,6.024877148604183,0,,,3.74039,0.355002
869,871,0.06636363636363636,9.577546195152076,0.05,0.08727272727272728,7.077546195152085,12.277546195152063,True,0.0027778325851725923,5.994242379693151,0,,,8.01397,0.05146
870,872,0.2363636363636364,2.7,0.18363636363636365,0.2909090909090909,1.6,3.9,True,0.03506129443621879,6.026525841544198,0,,,1.72425,0.198511
871,873,0.025454545454545452,8.316047999531332,0.015454545454545453,0.045454545454545456,4.316047999531328,13.016047999531336,True,0.008899352859970806,6.000363899967951,0,,,8.14094,0.022236
872,874,0.3090909090909091,4.1000000000000005,0.24545454545454545,0.4,2.7,5.800000000000002,True,0.011380577181850851,6.00284512428983,0,,,3.84881,0.286368
873,875,0.3545454545454545,6.986308790349944,0.3,0.4545454545454546,5.8863087903499425,8.586308790349946,True,0.06758532625160586,6.059049873359585,0,,,7.49796,0.350584
874,876,0.02,11.062862367194027,0.015,0.028181818181818183,8.762862367194037,13.962862367194019,True,0.020757538206225255,6.012222085314205,0,,,11.685,0.018365
876,878,0.09545454545454546,6.975425967593166,0.07472727272727273,0.11727272727272728,4.675425967593164,8.975425967593168,False,0.00839171927802613,5.999856266386005,0,,,4.26397,0.069881
877,879,0.14272727272727273,9.713095328936838,0.11727272727272728,0.16636363636363638,7.5130953289368465,11.713095328936829,True,0.01371101329552892,6.005175560403508,0,,,7.6023,0.117607
878,880,0.01636363636363636,9.852045712953071,0.014090909090909091,0.019545454545454543,8.652045712953074,11.252045712953064,True,0.02400303066411045,6.015467577772091,0,,,10.7633,0.0158
880,882,0.10454545454545457,10.732734575031996,0.08545454545454545,0.12090909090909092,9.032734575032002,12.33273457503199,False,0.025553769448477974,6.017018316556458,0,,,8.43176,0.075244
881,883,0.1590909090909091,6.985833268046522,0.13727272727272727,0.2,5.185833268046522,8.585833268046526,False,0.06214908658479399,6.053613633692772,0,,,4.96474,0.143425
882,884,0.029090909090909087,15.84161192948625,0.02181818181818182,0.040909090909090916,13.241611929486261,18.541611929486248,True,0.014972910297375687,6.0064374574053545,0,,,16.267,0.025114
883,885,0.08181818181818183,17.272462532663962,0.06181818181818183,0.11,14.47246253266397,20.07246253266395,True,0.029891918524859836,6.021356465632839,0,,,16.126,0.062742
884,886,0.17272727272727273,12.891838021541432,0.15181818181818182,0.2181818181818182,11.39183802154144,13.991838021541428,True,0.05235908190899792,6.043823629016978,0,,,11.7632,0.160129
885,887,0.13181818181818186,8.325630628277844,0.11,0.15363636363636365,6.3256306282778425,10.025630628277844,False,0.020825154840420367,6.012289701948401,0,,,5.89987,0.105086
886,888,0.030909090909090907,12.131101067018626,0.024545454545454544,0.04,10.031101067018632,14.031101067018616,True,0.055913086520289534,6.047377633628268,0,,,11.9273,0.026097
887,889,0.01636363636363636,11.070199915766315,0.013181818181818182,0.02090909090909091,9.270199915766323,13.070199915766311,True,0.08945209859807679,6.080916645706056,0,,,12.0651,0.015651
888,890,0.3272727272727273,2.6,0.2181818181818182,0.5363636363636364,0.4,5.800000000000002,True,0.0049521263984135646,5.996416673506392,0,,,2.35311,0.310601
889,891,0.3818181818181817,3.4000000000000004,0.24545454545454545,0.7090909090909091,0.7000000000000001,7.4,True,0.012265383439926378,6.003729930547905,0,,,3.26466,0.363169
890,892,0.08,12.937952119924796,0.06363636363636364,0.1,10.637952119924805,14.837952119924788,False,0.04046660007035717,6.031931147178336,0,,,11.1569,0.060029
891,893,0.02,11.277803899225189,0.015,0.028181818181818183,9.077803899225199,14.27780389922518,True,0.07954478325129016,6.071009330359268,0,,,12.0032,0.018515
892,894,0.013636363636363636,12.743098195099835,0.01090909090909091,0.017272727272727273,10.843098195099843,14.543098195099828,True,0.05749029673580569,6.048954843843784,0,,,14.0306,0.013499
893,895,0.02181818181818182,9.083463513480156,0.017727272727272727,0.025454545454545452,7.383463513480162,10.383463513480152,True,0.10527942337811992,6.096743970486099,0,,,8.98201,0.018821
894,896,0.04363636363636364,12.156206147715265,0.030909090909090907,0.05909090909090909,9.456206147715273,14.956206147715251,True,0.036188694914980286,6.027653242022959,0,,,11.5766,0.03532
895,897,0.052727272727272734,15.261932466308458,0.04363636363636364,0.06727272727272728,13.461932466308465,17.56193246630845,True,0.02749327740412773,6.018957824512108,0,,,14.9865,0.043706
896,898,0.034545454545454546,6.177464543882028,0.028181818181818183,0.04363636363636364,4.5774645438820265,8.177464543882031,True,0.02419725275611956,6.015661799864098,0,,,5.48375,0.028808
897,899,0.3545454545454545,5.755943620949375,0.3090909090909091,0.4272727272727273,4.955943620949373,6.955943620949374,True,0.103093726153396,6.094558273261376,0,,,6.12453,0.349815
898,900,0.022727272727272728,6.544598895745868,0.017727272727272727,0.029090909090909087,4.5445988957458665,8.644598895745872,True,0.02725922900915213,6.01872377611713,0,,,6.19964,0.019642
899,901,0.34545454545454546,6.651794178661589,0.2636363636363636,0.4545454545454546,5.051794178661589,8.451794178661594,True,0.005214698160112391,5.996679245268092,0,,,6.84628,0.327414
900,902,0.16818181818181818,7.823386879862388,0.1481818181818182,0.2,6.123386879862387,8.723386879862387,False,0.01874992291948336,6.010214470027464,0,,,5.7953,0.153467
901,903,0.01681818181818182,11.153910729575081,0.013636363636363636,0.02181818181818182,9.353910729575087,13.253910729575074,True,0.02465777137465999,6.016122318482639,0,,,12.0449,0.01587
902,904,0.01909090909090909,11.056549489300787,0.015,0.024545454545454544,9.156549489300797,12.956549489300782,True,0.003009610914074698,5.9944741580220535,0,,,11.6347,0.017556
903,905,0.022727272727272728,11.164453147278314,0.017272727272727273,0.03,8.96445314727832,13.764453147278305,True,0.015164125296049387,6.0066286724040285,0,,,11.4437,0.019721
904,906,0.013636363636363636,9.488138796356393,0.011363636363636364,0.017727272727272727,7.888138796356398,11.688138796356386,True,0.10964485669973446,6.101109403807714,0,,,10.7045,0.013813
905,907,0.10636363636363637,8.704370548718012,0.08181818181818183,0.13181818181818186,6.4043705487180205,11.104370548718004,False,0.01743463712796602,6.008899184235945,0,,,6.34604,0.077687
906,908,0.018636363636363642,16.405876578043383,0.014090909090909091,0.026363636363636363,14.205876578043387,19.20587657804337,True,0.013256094075430198,6.004720641183409,0,,,17.8041,0.017394
907,909,0.039090909090909086,5.768960479000392,0.03,0.04727272727272727,3.868960479000392,7.668960479000392,True,0.06960973776697335,6.061074284874952,0,,,4.69359,0.031327
908,910,0.1863636363636364,12.91940094185576,0.16636363636363638,0.2090909090909091,12.119400941855767,13.41940094185576,False,0.05130224787429605,6.042766794982276,0,,,11.9956,0.167927
909,911,0.014090909090909091,3.9,0.011363636363636364,0.01818181818181818,2.0,5.9,True,0.013334029419195663,6.004798576527175,0,,,4.22214,0.013953
910,912,0.04454545454545455,5.9320155424735015,0.03545454545454545,0.058181818181818175,3.9320155424734997,8.432015542473504,True,0.0057392710225722425,5.9972038181305525,0,,,4.82584,0.036931
911,913,0.4545454545454546,12.92662614338171,0.34545454545454546,0.6181818181818182,11.226626143381717,15.026626143381705,True,0.08505004728483523,6.076514594392815,0,,,14.3718,0.454139
912,914,0.02181818181818182,11.85389011779202,0.01909090909090909,0.026363636363636363,10.753890117792025,13.553890117792013,True,0.2390115825200601,6.230476129628039,0,,,12.4757,0.019557
913,915,0.06545454545454546,13.65005364359842,0.05090909090909091,0.08363636363636362,11.450053643598428,16.15005364359841,True,0.020947334259635526,6.0124118813676155,0,,,12.7094,0.051249
914,916,0.1781818181818182,5.434574638987818,0.15181818181818182,0.2181818181818182,3.8345746389878186,6.434574638987818,False,0.0204133762621322,6.011877923370111,0,,,3.34776,0.160302
916,918,0.2363636363636364,14.466283198524499,0.2090909090909091,0.2636363636363636,13.866283198524506,15.066283198524498,False,0.02285109116980516,6.014315638277784,0,,,14.9195,0.199676
917,919,0.014545454545454544,11.613644236260466,0.01090909090909091,0.019545454545454543,9.213644236260476,14.013644236260461,True,0.03629354619740415,6.0277580933053825,0,,,12.726,0.014262
919,921,0.05,5.676298660141272,0.040909090909090916,0.06363636363636364,3.676298660141272,7.776298660141271,True,0.04819187279613947,6.039656419904119,0,,,4.22357,0.04136
920,922,0.16454545454545455,11.96283113617088,0.13727272727272727,0.2090909090909091,9.862831136170886,13.362831136170875,True,0.011966468634944764,6.003431015742923,0,,,10.3712,0.14762
921,923,0.13363636363636364,8.079002936071229,0.09454545454545454,0.17,4.4790029360712245,10.879002936071231,True,0.021308248800502808,6.012772795908482,0,,,5.57992,0.106051
922,924,0.24545454545454545,3.5,0.17272727272727273,0.3363636363636364,1.8,5.300000000000002,True,0.016151819499350278,6.007616366607329,0,,,2.67099,0.208408
923,925,0.2,9.093594068521826,0.16090909090909092,0.24545454545454545,7.593594068521825,10.19359406852183,True,0.013382429995954364,6.004846977103933,0,,,7.98486,0.175896
924,926,0.011363636363636364,14.945588919128328,0.01,0.015454545454545453,13.545588919128333,17.645588919128322,True,0.02068590520915593,6.012150452317135,0,,,16.5997,0.011351
925,927,0.17,4.3,0.15545454545454546,0.2,3.1,5.0,False,0.03219651996790488,6.023661067075884,0,,,2.00578,0.156566
926,928,0.019545454545454543,5.881051928236214,0.015454545454545453,0.025454545454545452,4.081051928236215,7.981051928236214,True,0.16721420938002274,6.158678756488002,0,,,5.92138,0.018038
927,929,0.01090909090909091,15.37270485877898,0.01,0.015454545454545453,14.172704858778985,18.27270485877897,True,0.025299465281917285,6.0167640123898956,0,,,17.0959,0.011042
928,930,0.2818181818181818,12.497750730939483,0.2545454545454545,0.3181818181818182,11.897750730939489,13.19775073093948,False,0.022214769239704186,6.013679316347682,0,,,13.24,0.263814
929,931,0.030909090909090907,10.03083349975402,0.022727272727272728,0.045454545454545456,7.230833499754028,13.130833499754006,True,0.03748901972420481,6.0289535668321825,0,,,9.71645,0.026481
930,932,0.024545454545454544,10.21650411319633,0.017272727272727273,0.03363636363636364,7.516504113196339,13.016504113196321,True,0.025778284680331824,6.017242831788311,0,,,10.1592,0.020674
931,933,0.029090909090909087,6.166248744693119,0.02090909090909091,0.045454545454545456,3.266248744693117,9.766248744693122,True,0.025586488421109024,6.0170510355290885,0,,,5.75224,0.025778
932,934,0.2818181818181818,8.636398437012312,0.2363636363636364,0.3272727272727273,7.8363984370123125,9.536398437012313,True,0.12470598938252606,6.116170536490505,0,,,8.75912,0.25286
933,935,0.024545454545454544,7.9439494892049085,0.01818181818181818,0.03363636363636364,5.543949489204907,10.643949489204912,True,0.02264688806438457,6.014111435172364,0,,,7.74116,0.021062
934,936,0.2363636363636364,5.555460647185584,0.2,0.2727272727272727,4.955460647185585,6.455460647185585,False,0.06741717409876191,6.058881721206741,0,,,5.00055,0.198465
935,937,0.07,10.088629583672175,0.05454545454545455,0.08909090909090908,7.688629583672182,12.488629583672164,False,0.0021558804002130283,5.993620427508192,0,,,8.42342,0.054115
936,938,0.02363636363636364,12.769655383266985,0.017272727272727273,0.030909090909090907,10.369655383266997,15.169655383266976,True,0.047143969822867074,6.038608516930847,0,,,12.972,0.019863
937,939,0.15363636363636365,12.968270561343546,0.13181818181818186,0.1809090909090909,11.268270561343545,14.568270561343533,True,0.02400185552964043,6.015466402637618,0,,,11.472,0.134072
938,940,0.16090909090909092,11.887101597138296,0.1390909090909091,0.1890909090909091,10.187101597138302,13.087101597138288,True,0.03338932002349508,6.024853867131474,0,,,10.1892,0.141669
939,941,0.1590909090909091,11.757228294782431,0.1390909090909091,0.18363636363636365,10.157228294782437,12.957228294782428,False,0.013558659623694885,6.005023206731673,0,,,10.01,0.138906
940,942,0.026363636363636363,11.76681425374244,0.019545454545454543,0.03636363636363636,9.26681425374245,14.366814253742433,True,0.011901882115738595,6.003366429223718,0,,,11.8246,0.02264
941,943,0.034545454545454546,5.23584225794904,0.028181818181818183,0.04363636363636364,3.53584225794904,7.23584225794904,True,0.013171243972958413,6.004635791080937,0,,,4.3895,0.028716
942,944,0.14454545454545453,9.522184646509066,0.11545454545454545,0.17272727272727273,7.022184646509075,11.62218464650906,True,0.013419029918598887,6.004883577026577,0,,,7.27116,0.119683
944,946,0.022727272727272728,7.912465165325247,0.01590909090909091,0.03272727272727273,5.112465165325245,11.012465165325253,True,0.017097595800972767,6.008562142908953,0,,,7.72747,0.019616
945,947,0.3272727272727273,11.700147471890887,0.2818181818181818,0.3909090909090909,10.80014747189089,12.900147471890884,True,0.00831091284200018,5.999775459949978,0,,,12.6193,0.316421
946,948,0.4909090909090909,5.214594489650035,0.2818181818181818,1.1727272727272726,1.6145944896500355,10.514594489650033,True,0.0049864980742800324,5.996451045182259,0,,,6.01061,0.513189
947,949,0.14454545454545453,11.17256137581905,0.11545454545454545,0.1781818181818182,8.67256137581906,13.372561375819044,True,0.0047673328298888035,5.996231879937867,0,,,9.32162,0.121532
948,950,0.04272727272727273,8.756813441167541,0.029090909090909087,0.06272727272727273,5.756813441167536,12.356813441167542,True,0.002314368642946105,5.993778915750926,0,,,8.06179,0.035255
950,952,0.022727272727272728,15.722458466106625,0.017727272727272727,0.028181818181818183,13.722458466106632,17.722458466106612,True,0.0518288071107876,6.0432933542187675,0,,,16.4273,0.019422
951,953,0.34545454545454546,4.6000000000000005,0.2909090909090909,0.4090909090909091,3.6,5.800000000000002,True,0.031141859319399445,6.0226064064273785,0,,,4.6518,0.330315
952,954,0.16636363636363638,10.57411595437324,0.1409090909090909,0.2090909090909091,8.474115954373246,11.774115954373233,True,0.03132212886501901,6.022786675972997,0,,,8.76716,0.149394
953,955,0.3545454545454545,2.8000000000000003,0.1890909090909091,0.8272727272727273,0.0,7.800000000000002,True,0.0006447278777710255,5.99210927498575,0,,,2.61601,0.339581
954,956,0.037272727272727284,4.6000000000000005,0.029090909090909087,0.045454545454545456,2.8000000000000003,6.4,True,0.02167763369544345,6.013142180803423,0,,,3.44804,0.029854
955,957,0.08818181818181818,12.656231479395403,0.06909090909090909,0.11181818181818183,10.156231479395414,14.856231479395394,False,0.010793839385371965,6.002258386493351,0,,,10.7,0.066104
957,959,0.040909090909090916,11.687880569320637,0.028181818181818183,0.0609090909090909,8.687880569320647,15.287880569320624,True,0.012293662873745366,6.003758209981724,0,,,11.2733,0.033316
958,960,0.02090909090909091,10.932363199393835,0.015,0.028181818181818183,8.432363199393848,13.432363199393828,True,0.016287233016770566,6.0077517801247495,0,,,11.2586,0.018481
960,962,0.08727272727272728,10.425165264073305,0.057272727272727274,0.12454545454545456,6.325165264073321,13.925165264073293,True,0.006132756920062179,5.997597304028042,0,,,8.17351,0.065058
961,963,0.027272727272727268,14.932472232917654,0.02,0.04,12.332472232917665,17.932472232917647,True,0.006123057025152929,5.997587604133133,0,,,15.4366,0.023762
962,964,0.027272727272727268,8.634463358226295,0.02090909090909091,0.03363636363636364,6.434463358226293,10.534463358226297,True,0.1276690171608757,6.119133564268855,0,,,8.12126,0.022778
963,965,0.06909090909090909,12.949302556222849,0.053636363636363635,0.08818181818181818,10.649302556222857,15.54930255622284,False,0.006599084008415614,5.998063631116395,0,,,11.7136,0.053594
964,966,0.04636363636363637,6.097314811058976,0.034545454545454546,0.06363636363636364,3.4973148110589745,9.09731481105898,True,0.042010270027014456,6.0334748171349935,0,,,4.84853,0.03815
965,967,0.3,2.8000000000000003,0.2727272727272727,0.34545454545454546,2.2,3.6,True,0.1619080358336635,6.153372582941643,0,,,2.39935,0.278352
966,968,0.1809090909090909,8.99591019813457,0.1572727272727273,0.2181818181818182,7.595910198134569,9.795910198134573,False,0.01937392222050776,6.010838469328487,0,,,7.41957,0.163457
967,969,0.05454545454545455,5.470027176120953,0.045454545454545456,0.06454545454545453,3.8700271761209537,7.170027176120953,False,0.13263126332634226,6.124095810434321,0,,,3.81709,0.043594
968,970,0.0609090909090909,10.21281489757115,0.04,0.0918181818181818,6.4128148975711605,14.312814897571132,True,0.009767828136216862,6.0012323752441965,0,,,8.9103,0.047717
969,971,0.030909090909090907,8.017513717428884,0.02363636363636364,0.04363636363636364,5.61751371742888,10.717513717428883,True,0.00415993826976356,5.995624485377742,0,,,7.6259,0.026696
970,972,0.057272727272727274,5.311479698372751,0.04272727272727273,0.07909090909090909,2.511479698372752,8.51147969837275,True,0.011074370412319129,6.0025389175202974,0,,,3.71031,0.046215
971,973,0.16818181818181818,13.40197691479467,0.14636363636363636,0.2,11.601976914794676,14.301976914794665,True,0.011035681174528396,6.002500228282508,0,,,11.9173,0.151616
973,975,0.13727272727272727,12.396219804565067,0.11545454545454545,0.1572727272727273,10.396219804565076,13.896219804565066,False,0.03502519541326772,6.026489742521247,0,,,10.3997,0.11028
974,976,0.01636363636363636,12.454953914659177,0.013181818181818182,0.02090909090909091,10.554953914659182,14.554953914659169,True,0.06743367755031336,6.058898224658293,0,,,13.5419,0.015496
975,977,0.3636363636363637,5.066667312220838,0.2909090909090909,0.4545454545454546,3.6666673122208384,6.566667312220838,True,0.007652708027648055,5.999117255135628,0,,,5.17978,0.347085
976,978,0.15545454545454546,11.973251134209896,0.13727272727272727,0.17545454545454547,10.4732511342099,13.27325113420989,False,0.05156171038305359,6.043026257491032,0,,,10.2248,0.134661
977,979,0.07472727272727273,6.597731819859103,0.057272727272727274,0.09545454545454546,3.9977318198591,8.897731819859104,False,0.019517980706336736,6.010982527814317,0,,,4.28258,0.05672
978,980,0.010454545454545454,10.18802348874032,0.01,0.015454545454545453,9.288023488740324,13.588023488740307,True,0.0250784084429932,6.016542955550972,0,,,11.4148,0.010601
979,981,0.014545454545454544,12.147048445138486,0.011363636363636364,0.02090909090909091,10.047048445138493,14.947048445138474,True,0.04938676315389004,6.0408513102618695,0,,,13.5841,0.014622
980,982,0.07127272727272728,10.727200003532406,0.04272727272727273,0.11727272727272728,5.827200003532424,15.627200003532385,True,0.0009116757381777568,5.992376222846158,0,,,9.12432,0.054959
981,983,0.056363636363636366,14.860699580300713,0.04272727272727273,0.075,12.26069958030072,17.660699580300697,True,0.014019676202335804,6.005484223310315,0,,,14.3187,0.045414
982,984,0.04363636363636364,7.531376900176195,0.03,0.06636363636363636,4.531376900176193,11.431376900176199,True,0.027390863340992142,6.018855410448972,0,,,6.68128,0.036195
983,985,0.012272727272727272,14.464327506159387,0.01,0.017272727272727273,12.464327506159394,17.364327506159373,True,0.015312905824264091,6.006777452932242,0,,,15.9594,0.012165
984,986,0.2,2.8000000000000003,0.16272727272727272,0.2636363636363636,1.4,4.1000000000000005,False,0.036467304736917734,6.0279318518448965,0,,,1.19389,0.179133
985,987,0.014090909090909091,8.693604829085878,0.01,0.02,5.993604829085875,11.693604829085881,True,0.0039885859598639386,5.995453133067842,0,,,9.60902,0.013867
986,988,0.12272727272727273,6.536812576700847,0.09090909090909093,0.15181818181818182,3.5368125767008443,8.93681257670085,True,0.007114832982894319,5.998579380090875,0,,,3.85467,0.092133
987,989,0.3727272727272728,5.281465639009998,0.3181818181818182,0.4636363636363636,4.281465639009999,6.681465639009996,True,0.06977604275184797,6.0612405898598265,0,,,5.62894,0.369686
988,990,0.2363636363636364,8.785023984537101,0.17272727272727273,0.2909090909090909,7.385023984537098,10.085023984537102,True,0.019550177572008543,6.011014724679987,0,,,8.39963,0.1965
989,991,0.0981818181818182,8.861172816713326,0.07772727272727273,0.11727272727272728,6.761172816713325,10.661172816713329,False,0.008760793549875282,6.000225340657854,0,,,6.34476,0.070854
990,992,0.13,9.826197727996783,0.10272727272727274,0.1572727272727273,7.326197727996793,11.926197727996776,False,0.014642557570238544,6.006107104678218,0,,,7.68253,0.102684
992,994,0.2090909090909091,12.909617509306214,0.17272727272727273,0.2545454545454545,12.009617509306214,13.909617509306212,True,0.13745298146293844,6.128917528570918,0,,,12.6591,0.184342
993,995,0.02,10.751414325493672,0.01590909090909091,0.027272727272727268,8.951414325493678,13.351414325493662,True,0.06698987198729102,6.05845441909527,0,,,11.4522,0.018598
994,996,0.16090909090909092,10.79447396817062,0.14636363636363636,0.1863636363636364,9.594473968170622,11.894473968170614,False,0.07762856205253697,6.069093109160517,0,,,9.1918,0.144854
995,997,0.01681818181818182,12.529144212353069,0.011818181818181818,0.025454545454545452,9.629144212353081,15.92914421235306,True,0.005499490527341819,5.996964037635322,0,,,13.5532,0.015807
996,998,0.2090909090909091,5.956377906527448,0.16818181818181818,0.2636363636363636,4.956377906527447,7.156377906527448,False,0.09304774453953993,6.084512291647519,0,,,4.9333,0.184505
998,1000,0.03,10.669678774078745,0.02363636363636364,0.04181818181818182,8.469678774078751,13.169678774078735,True,0.011783539393276195,6.003248086501255,0,,,10.6234,0.026377
999,1001,0.034545454545454546,6.928052640073901,0.026363636363636363,0.045454545454545456,4.728052640073899,9.2280526400739,True,0.016236798718808967,6.007701345826787,0,,,6.17976,0.0284
1000,1002,0.2181818181818182,6.730096579487331,0.17,0.2727272727272727,5.630096579487328,7.930096579487332,True,0.007886889685449995,5.999351436793429,0,,,5.86036,0.188343
1001,1003,0.1809090909090909,5.346209628302257,0.14454545454545453,0.24545454545454545,2.9462096283022583,6.846209628302258,True,0.006763042925062035,5.998227590033041,0,,,3.3255,0.162528
1002,1004,0.5545454545454546,3.5,0.2727272727272727,1.4,0.0,8.700000000000001,True,0.002443342934543109,5.993907890042522,0,,,4.00556,0.57046
1003,1005,0.057272727272727274,10.33566114067027,0.04454545454545455,0.07545454545454545,7.935661140670278,13.035661140670259,True,0.005674217559361636,5.997138764667341,0,,,9.20733,0.045699
1004,1006,0.034545454545454546,11.700984419233668,0.025454545454545452,0.04818181818181819,9.100984419233676,14.700984419233654,True,0.0006464467294590455,5.9921109938374375,0,,,11.5073,0.028573
1005,1007,0.06454545454545453,6.648961800563779,0.040909090909090916,0.10454545454545457,2.2489618005637757,11.148961800563784,True,0.002683832117788025,5.994148379225768,0,,,4.86996,0.050429
1006,1008,0.12454545454545456,11.175750383415485,0.09272727272727273,0.1572727272727273,8.275750383415494,13.775750383415476,True,0.02397244326441609,6.015436990372394,0,,,9.21532,0.096735
1007,1009,0.07,6.9017380596838915,0.05,0.09636363636363636,3.801738059683888,9.801738059683895,True,0.018948327127255624,6.010412874235236,0,,,4.80703,0.053959
1008,1010,0.03636363636363636,10.452584197953477,0.026363636363636363,0.05454545454545455,7.852584197953485,14.052584197953465,True,0.03725620022793319,6.028720747335912,0,,,10.1974,0.029947
1009,1011,0.012727272727272728,10.591368752614802,0.01,0.01681818181818182,8.591368752614809,12.991368752614793,True,0.019404759669846203,6.010869306777825,0,,,11.8551,0.012871
1010,1012,0.057272727272727274,5.407370104304423,0.03818181818181818,0.08909090909090908,1.7073701043044247,9.707370104304424,True,0.00754897569195954,5.999013522799938,0,,,3.84508,0.046332
1011,1013,0.01681818181818182,9.510256676322888,0.013181818181818182,0.022727272727272728,7.510256676322893,11.910256676322875,True,0.09854782590203977,6.090012373010019,0,,,10.3363,0.016171
1012,1014,0.06363636363636364,6.472541170947147,0.04,0.10181818181818182,2.1725411709471425,10.872541170947152,True,0.0080306966845222,5.9994952437925,0,,,4.68253,0.049725
1013,1015,0.44545454545454544,4.3,0.2909090909090909,0.8363636363636364,1.6,8.4,True,0.0044733146851929926,5.9959378617931725,0,,,4.51548,0.437462
1014,1016,0.4727272727272727,1.4,0.3272727272727273,1.1727272727272726,0.0,6.4,True,0.001020134293723656,5.992484681401702,0,,,1.48688,0.477896
1015,1017,0.13363636363636364,6.555282127257082,0.10636363636363637,0.1590909090909091,3.95528212725708,8.455282127257085,False,0.059715516531776175,6.051180063639755,0,,,3.79602,0.10513
1016,1018,0.02363636363636364,12.695102937723673,0.014545454545454544,0.04181818181818182,8.895102937723685,17.395102937723653,True,0.02439613612196681,6.0158606832299455,0,,,13.0846,0.020385
1018,1020,0.04181818181818182,3.5,0.028181818181818183,0.06272727272727273,0.4,7.4,True,0.06646349576358787,6.057928042871567,0,,,2.26471,0.03445
1020,1022,0.026363636363636363,11.228206752524114,0.017727272727272727,0.04181818181818182,7.928206752524124,15.028206752524099,True,0.018216594324479043,6.009681141432457,0,,,11.3123,0.022936
1021,1023,0.17272727272727273,10.845436794432173,0.15,0.2090909090909091,9.145436794432177,11.745436794432168,True,0.006787034481292406,5.998251581589272,0,,,9.2482,0.156466
1022,1024,0.05181818181818182,5.557086872256613,0.037272727272727284,0.07181818181818181,2.5570868722566136,8.657086872256611,True,0.024046920540873228,6.015511467648853,0,,,3.96953,0.041821
1023,1025,0.07127272727272728,10.672453662392824,0.053636363636363635,0.09272727272727273,7.972453662392835,13.172453662392813,True,0.002805779259953069,5.994270326367933,0,,,8.96079,0.054636
1024,1026,0.029090909090909087,5.1000000000000005,0.02181818181818182,0.04181818181818182,2.6,7.9,True,0.009524684300542341,6.000989231408521,0,,,4.3775,0.025388
1025,1027,0.053636363636363635,6.4485578322586345,0.03636363636363636,0.07727272727272727,2.848557832258632,9.948557832258636,True,0.043548916234297186,6.035013463342277,0,,,4.70607,0.042621
1026,1028,0.017272727272727273,10.740880273595797,0.013636363636363636,0.022727272727272728,8.840880273595806,12.940880273595788,True,0.04356587865852762,6.035030425766506,0,,,11.6355,0.016453
1027,1029,0.015454545454545453,6.819839296440571,0.012272727272727272,0.022727272727272728,4.619839296440569,9.819839296440573,True,0.07274177374081285,6.064206320848792,0,,,7.64702,0.015492
1028,1030,0.1190909090909091,11.42187521107367,0.09545454545454546,0.1409090909090909,9.221875211073678,13.321875211073664,False,0.0031128476319971354,5.994577394739977,0,,,9.2611,0.087514
1029,1031,0.11181818181818183,3.8,0.08090909090909093,0.1390909090909091,0.8,6.2,False,0.014156213911749625,6.0056207610197285,0,,,0.571481,0.080213
1030,1032,0.02363636363636364,14.103950693271115,0.01636363636363636,0.03272727272727273,11.203950693271121,16.903950693271106,True,0.02832551029816385,6.019790057406143,0,,,14.3181,0.019775
1031,1033,0.2363636363636364,3.7,0.17,0.3090909090909091,2.2,5.2,True,0.0003814089721343543,5.9918459560801125,0,,,2.76585,0.197802
1032,1034,0.13727272727272727,8.179571274268401,0.09909090909090908,0.17272727272727273,4.679571274268398,10.879571274268406,True,0.002548975081783673,5.994013522189762,0,,,5.81235,0.110385
1033,1035,0.3636363636363637,21.117741546746707,0.2545454545454545,0.5636363636363636,18.91774154674668,24.01774154674675,True,0.002253519473672937,5.9937180665816525,0,,,23.4578,0.364982
1034,1036,0.02,14.871011140253206,0.014090909090909091,0.030909090909090907,11.871011140253215,18.57101114025319,True,0.012464786455159015,6.003929333563138,0,,,15.8405,0.018322
1036,1038,0.3,3.6,0.2272727272727273,0.4272727272727273,1.9,5.800000000000002,True,0.02383448639821176,6.01529903350619,0,,,3.29329,0.281266
1037,1039,1.1,15.783800908675625,0.5909090909090908,1.4,11.68380090867564,17.783800908675612,False,0.004462207240104172,5.9959267543480825,0,,,18.2038,1.12232
1038,1040,0.014090909090909091,11.712296375426485,0.01,0.025454545454545452,8.212296375426495,16.112296375426467,True,0.0057182803568502005,5.99718282746483,0,,,12.7885,0.013853
1039,1041,0.1,14.514821984094374,0.07090909090909091,0.13,11.314821984094387,17.414821984094367,True,0.005603132906335543,5.9970676800143154,0,,,12.7344,0.072825
1041,1043,0.5363636363636364,7.362213843711612,0.3636363636363637,0.9727272727272728,4.762213843711613,11.262213843711615,True,0.011513762781880136,6.002978309889859,0,,,8.22863,0.547088
1042,1044,0.029090909090909087,6.154229814355349,0.02363636363636364,0.040909090909090916,4.254229814355348,8.854229814355351,True,0.05693723573218045,6.048401782840159,0,,,5.69512,0.025659
1043,1045,0.2545454545454545,4.3,0.19454545454545452,0.3181818181818182,3.0,5.6000000000000005,True,0.013213888289435392,6.004678435397414,0,,,3.68005,0.221213
1045,1047,0.06727272727272728,17.738998550012273,0.03818181818181818,0.11545454545454545,12.738998550012296,22.73899855001226,True,0.0023515573658349893,5.993816104473813,0,,,16.9745,0.051643
1046,1048,0.029090909090909087,7.026081018399987,0.022727272727272728,0.04,4.626081018399986,9.526081018399989,True,0.021447778357149856,6.012912325465129,0,,,6.44436,0.025064
1047,1049,0.13545454545454547,8.58484813945882,0.1090909090909091,0.1590909090909091,6.1848481394588175,10.484848139458824,False,0.008586945837934323,6.0000514929459134,0,,,6.18093,0.108017
1048,1050,0.1,12.864042823260998,0.07036363636363636,0.13,9.66404282326101,15.76404282326099,True,0.004631654869714116,5.996096201977693,0,,,10.9121,0.07236
1050,1052,0.034545454545454546,29.530874498508602,0.017727272727272727,0.06636363636363636,24.63087449850853,34.630874498508675,True,8.713318222701942e-05,5.991551680290206,0,,,31.4355,0.028947
1051,1053,0.13,31.21071503665951,0.07590909090909091,0.2,26.110715036659442,35.21071503665956,True,0.003948291049407924,5.995412838157388,0,,,31.5515,0.105439
1052,1054,0.034545454545454546,6.6858257221069275,0.028181818181818183,0.04272727272727273,5.085825722106924,8.485825722106927,True,0.0577020235174151,6.0491665706253945,0,,,5.93153,0.028467
1053,1055,0.024545454545454544,5.8560814416939735,0.017272727272727273,0.03272727272727273,2.9560814416939736,8.256081441693972,True,0.07941468348029665,6.070879230588275,0,,,5.02134,0.020328
1054,1056,0.5727272727272728,6.527541530835822,0.24545454545454545,1.4,1.5275415308358165,11.527541530835824,True,0.001645031014170793,5.993109578122151,0,,,7.24133,0.578587
1055,1057,0.03,11.647081742554706,0.02,0.049090909090909095,8.047081742554719,15.647081742554693,True,0.009100113733018764,6.000564660840997,0,,,11.6209,0.026402
1056,1058,0.10363636363636364,20.515668358202237,0.08363636363636362,0.12090909090909092,18.615668358202246,22.315668358202227,False,0.004934987058727581,5.996399534166707,0,,,19.3656,0.07491
1057,1059,0.04181818181818182,21.062504352990185,0.027272727272727268,0.06636363636363636,17.762504352990142,25.46250435299025,True,0.00507497202018113,5.99653951912816,0,,,21.9418,0.034782
1059,1061,0.2818181818181818,2.8000000000000003,0.2272727272727273,0.3636363636363637,1.7000000000000002,4.3,True,0.02092926194712848,6.012393809055108,0,,,2.35219,0.260428
1060,1062,0.13727272727272727,13.658654508686038,0.11727272727272728,0.15545454545454546,11.958654508686044,15.058654508686033,False,0.0037969822973579273,5.9952615294053375,0,,,11.8802,0.110496
1061,1063,0.07909090909090909,15.232694225657811,0.06,0.1090909090909091,12.432694225657821,18.232694225657802,True,0.05374679806453535,6.045211345172515,0,,,14.0568,0.061322
1062,1064,0.01636363636363636,5.3452331223512575,0.013181818181818182,0.02090909090909091,3.445233122351259,7.245233122351258,True,0.02427829357608813,6.015742840684067,0,,,5.69065,0.015809
1063,1065,0.026363636363636363,14.563189069563427,0.02,0.03545454545454545,12.363189069563429,17.063189069563414,True,0.020082241063283227,6.011546788171263,0,,,15.0977,0.023013
1064,1066,0.025454545454545452,15.285989369946074,0.019545454545454543,0.03272727272727273,13.185989369946087,17.48598936994607,True,0.08135112411867194,6.0728156712266514,0,,,15.781,0.021697
1065,1067,0.1190909090909091,18.272648825725607,0.09363636363636364,0.1481818181818182,15.972648825725612,20.7726488257256,False,0.04885394420336007,6.040318491311339,0,,,17.1921,0.089889
1066,1068,0.03272727272727273,10.449859177800963,0.026363636363636363,0.04272727272727273,8.549859177800972,12.549859177800958,True,0.004374670356289158,5.995839217464267,0,,,10.218,0.027672
1067,1069,0.06272727272727273,5.303502980692937,0.049090909090909095,0.08,3.203502980692936,7.803502980692935,True,0.017912276059233373,6.009376823167213,0,,,3.51873,0.04941
1068,1070,0.030909090909090907,5.614924580507887,0.025454545454545452,0.04,3.914924580507887,7.514924580507888,True,0.017950110665454756,6.0094146577734335,0,,,4.88145,0.026555
1069,1071,0.04363636363636364,7.08335839936077,0.030909090909090907,0.06272727272727273,4.383358399360768,10.483358399360776,True,0.05264775078837554,6.044112297896356,0,,,6.22732,0.036344
1070,1072,0.14636363636363636,8.530921456473225,0.11727272727272728,0.18363636363636365,6.130921456473223,10.830921456473227,True,0.024792091569183185,6.016256638677162,0,,,6.56038,0.125241
1071,1073,0.2909090909090909,6.162384312172596,0.2363636363636364,0.34545454545454546,4.962384312172594,7.262384312172595,True,0.18828601049862875,6.179750557606607,0,,,5.86702,0.257914
1072,1074,0.07309090909090908,10.298724551994578,0.057272727272727274,0.09363636363636364,7.998724551994586,12.69872455199457,False,0.001460780146746207,5.992925327254724,0,,,8.57769,0.056023
1073,1075,0.06545454545454546,16.187407313229823,0.04272727272727273,0.09909090909090908,12.187407313229842,20.087407313229814,True,0.0003699577202598016,5.991834504828239,0,,,15.3816,0.050632
1074,1076,0.2363636363636364,4.4,0.1890909090909091,0.2727272727272727,3.4000000000000004,5.2,True,0.1742019699267583,6.165666517034737,0,,,3.40998,0.195456
1075,1077,0.07772727272727273,7.775868741079973,0.045454545454545456,0.12454545454545456,2.6758687410799684,12.375868741079975,True,0.0004925984348428436,5.9919571455428216,0,,,5.49721,0.05894
1076,1078,0.10636363636363637,10.392140716449783,0.08181818181818183,0.13,8.092140716449792,12.692140716449776,False,0.003911703512404378,5.995376250620383,0,,,8.14225,0.077226
1077,1079,0.08363636363636362,7.996625477412753,0.06818181818181819,0.10545454545454544,5.8966254774127504,10.096625477412754,False,0.07149134493484091,6.062955892042821,0,,,5.66244,0.063372
1078,1080,0.04,25.175038561721315,0.02090909090909091,0.07590909090909091,20.475038561721252,30.47503856172139,True,0.005940692724498107,5.997405239832478,0,,,26.4947,0.032931
1079,1081,0.3363636363636364,9.354148948273448,0.2727272727272727,0.4090909090909091,8.154148948273452,10.654148948273443,True,0.10705980823246596,6.098524355340445,0,,,9.88675,0.317527
1080,1082,0.1781818181818182,7.257947838403213,0.12454545454545456,0.2727272727272727,3.4579478384032103,9.357947838403216,True,0.004957910654771864,5.99642245776275,0,,,5.29032,0.159149
1081,1083,0.017727272727272727,11.952731342154868,0.013636363636363636,0.02363636363636364,9.852731342154877,14.352731342154861,True,0.0011284810417265935,5.992593028149706,0,,,12.8316,0.016564
1082,1084,0.1863636363636364,10.94651378016514,0.15545454545454546,0.2272727272727273,9.346513780165148,11.946513780165136,True,0.018953444819771917,6.010417991927751,0,,,9.67572,0.165428
1083,1085,0.2909090909090909,4.2,0.2272727272727273,0.3909090909090909,2.8000000000000003,6.0,True,0.06630543036284911,6.057769977470827,0,,,4.02493,0.275265
1084,1086,0.02,17.59998759211998,0.015,0.028181818181818183,15.29998759211999,20.499987592119968,True,0.02221597987009357,6.013680526978072,0,,,18.9693,0.018429
1085,1087,0.17,18.38337913064005,0.13545454545454547,0.2363636363636364,15.583379130640061,19.783379130640046,True,0.008393069107467826,5.999857616215447,0,,,17.5467,0.154194
1086,1088,0.06,6.803127417058738,0.045454545454545456,0.08,4.303127417058736,9.703127417058742,True,0.023231589618948653,6.014696136726927,0,,,5.25203,0.047828
1087,1089,0.03636363636363636,11.11695831841364,0.028181818181818183,0.04727272727272727,9.11695831841365,13.416958318413634,True,0.08234230661404135,6.0738068537220204,0,,,10.8214,0.029569
1089,1091,0.17545454545454547,9.054503991446072,0.14454545454545453,0.24545454545454545,6.85450399144608,10.554503991446069,True,0.032155348852877234,6.023619895960858,0,,,7.57273,0.16194
1090,1092,0.06727272727272728,15.439765779509992,0.04727272727272727,0.09363636363636364,12.139765779510007,18.63976577950998,True,0.00787519329424748,5.9993397404022275,0,,,14.4554,0.051704
1091,1093,0.04,6.85313127333718,0.03,0.05090909090909091,4.653131273337177,9.153131273337179,True,0.032247974143464565,6.023712521251444,0,,,5.84142,0.031973
