index,file_lineno,best_mass,best_AV,mass_min,mass_max,AV_min,AV_max,intersects,min_chi2,chi2_threshold,dof_gof,passes_gof,p_value
0,2,0.07363636363636364,12.169573545849671,0.04363636363636364,0.11727272727272728,7.269573545849688,16.669573545849655,True,0.0007276690208224281,5.992192216128801,0,,
1,3,0.19181818181818183,10.434297856418132,0.1572727272727273,0.24545454545454545,8.734297856418138,11.734297856418127,True,0.0035935018867081616,5.995058048994688,0,,
2,4,0.023636363636363636,4.800000000000001,0.019090909090909092,0.02909090909090909,3.2,6.800000000000001,True,0.05418878451993068,6.04565333162791,0,,
3,5,0.11727272727272728,9.24843414981977,0.09636363636363636,0.13545454545454547,7.2484341498197775,10.848434149819765,False,0.006169345431807358,5.9976338925397865,0,,
4,6,0.16454545454545455,8.36844221276209,0.12636363636363637,0.23636363636363636,5.368442212762089,10.368442212762094,True,0.0004594150496246758,5.991923962157604,0,,
5,7,0.23636363636363636,16.433394720840862,0.17545454545454547,0.3181818181818182,15.133394720840867,18.033394720840857,True,0.0769103735359113,6.06837492064389,0,,
6,8,0.34545454545454546,22.79888933750425,0.2909090909090909,0.4272727272727273,21.698889337504234,24.19888933750427,False,0.08099690005537985,6.072461447163359,0,,
8,10,0.06727272727272728,15.05673867029688,0.053636363636363635,0.08727272727272727,12.956738670296888,17.65673867029687,False,0.06558638972809121,6.05705093683607,0,,
9,11,0.4090909090909091,5.549554810270439,0.2909090909090909,0.6545454545454545,3.3495548102704396,8.549554810270438,True,0.004363693083345095,5.995828240191324,0,,
11,13,0.33636363636363636,6.245688058487169,0.2909090909090909,0.39090909090909093,5.345688058487168,7.24568805848717,True,0.008058713852075386,5.999523260960054,0,,
12,14,0.09636363636363636,21.08290044465625,0.06454545454545454,0.13181818181818183,17.282900444656196,24.4829004446563,True,0.0010514056282717934,5.992515952736251,0,,
13,15,0.02181818181818182,17.713710996406057,0.015,0.03,14.713710996406068,20.513710996406047,True,0.03740520689353168,6.02886975400151,0,,
14,16,0.19181818181818183,9.412274899389951,0.15181818181818182,0.24545454545454545,7.3122748993899584,10.712274899389946,True,0.019366110709064095,6.010830657817043,0,,
15,17,0.2090909090909091,10.611877797074078,0.1781818181818182,0.2545454545454545,9.81187779707408,11.411877797074075,True,0.12357568517865858,6.1150402322866375,0,,
16,18,0.38181818181818183,9.560945123749786,0.3,0.4818181818181818,7.9609451237497915,11.16094512374978,True,0.06198114875781609,6.053445695865795,0,,
17,19,0.2818181818181818,16.942844907222273,0.2272727272727273,0.34545454545454546,15.842844907222277,18.14284490722227,False,0.025811580075128286,6.0172761271831074,0,,
18,20,0.12636363636363637,16.335051990865956,0.10454545454545455,0.1481818181818182,14.235051990865966,18.135051990865954,False,0.011571230563233751,6.003035777671212,0,,
20,22,1.2272727272727273,19.78543609303578,0.8909090909090909,1.4,17.58543609303579,20.88543609303578,False,0.020370569156763014,6.011835116264742,0,,
21,23,0.4090909090909091,7.956557534344821,0.34545454545454546,0.4818181818181818,6.75655753434482,9.056557534344822,True,0.093711878748375,6.085176425856354,0,,
22,24,0.015454545454545453,7.190376819851841,0.012727272727272728,0.02,5.39037681985184,9.190376819851842,True,0.06732422907056737,6.058788776178546,0,,
23,25,1.1454545454545455,17.398467620185524,0.7818181818181819,1.4,14.798467620185534,18.79846762018552,False,0.04609485623489021,6.037559403342869,0,,
24,26,0.33636363636363636,10.330511849596059,0.2636363636363636,0.4363636363636364,8.930511849596064,12.030511849596053,True,0.018357998226206193,6.009822545334186,0,,
25,27,0.4,6.3448556558679,0.3090909090909091,0.5636363636363636,4.544855655867899,8.4448556558679,True,0.016366505225745665,6.007831052333724,0,,
26,28,0.17545454545454547,15.813434668247721,0.15545454545454546,0.2090909090909091,14.613434668247725,16.713434668247718,True,0.011881884704200707,6.003346431812179,0,,
27,29,0.13363636363636364,11.043319700229926,0.11727272727272728,0.15,9.543319700229931,12.243319700229922,False,1.670413467337183e-05,5.991481251242653,0,,
28,30,0.01,10.470607596974352,0.01,0.012727272727272728,10.170607596974353,12.370607596974345,True,0.06327473395553206,6.054739281063511,0,,
29,31,0.34545454545454546,20.739601043008268,0.2818181818181818,0.4272727272727273,19.53960104300825,22.23960104300829,False,0.08190584448228096,6.07337039159026,0,,
30,32,0.3181818181818182,5.081324246116034,0.18636363636363637,0.5818181818181818,2.2813242461160343,9.081324246116033,True,0.004105452213033642,5.995569999321012,0,,
32,34,0.023636363636363636,15.977076205899833,0.01681818181818182,0.031818181818181815,13.377076205899842,18.677076205899823,True,0.013901759215548875,6.005366306323528,0,,
33,35,0.4,2.6,0.2181818181818182,1.0181818181818183,0.0,7.800000000000001,True,0.0030775130374468833,5.994542060145426,0,,
34,36,0.019090909090909092,10.288810138109707,0.010454545454545454,0.03636363636363636,5.388810138109724,14.98881013810969,True,0.004698533788290011,5.996163080896269,0,,
35,37,0.011818181818181818,6.712900709140976,0.01,0.013636363636363636,5.312900709140974,7.912900709140977,True,0.1870542381481387,6.178518785256117,0,,
36,38,0.13727272727272727,14.044857115447993,0.1190909090909091,0.15363636363636363,12.444857115447999,15.244857115447989,False,0.017042826265281513,6.00850737337326,0,,
37,39,0.18636363636363637,22.682722007044006,0.15545454545454546,0.2272727272727273,20.982722007043982,23.68272200704402,True,0.04861195759427547,6.040076504702254,0,,
40,42,0.02727272727272727,11.794272533986302,0.02090909090909091,0.03636363636363636,9.49427253398631,14.094272533986294,True,0.005987095985666298,5.997451643093646,0,,
41,43,0.12090909090909091,10.64925237407097,0.07309090909090908,0.16818181818181818,5.849252374070987,14.449252374070957,True,0.00697490935782944,5.998439456465809,0,,
42,44,0.1390909090909091,5.906278088782327,0.12090909090909091,0.1572727272727273,4.406278088782328,7.406278088782327,False,0.02174984530986679,6.013214392417845,0,,
43,45,0.15545454545454546,9.249683115474024,0.11727272727272728,0.2090909090909091,6.149683115474035,11.649683115474016,True,0.015197104157117391,6.006661651265096,0,,
44,46,0.02,9.889936843684426,0.015,0.028181818181818183,7.589936843684434,12.889936843684415,True,0.03358893446893829,6.025053481576918,0,,
45,47,0.1190909090909091,16.68724904274672,0.09727272727272727,0.1390909090909091,14.58724904274673,18.48724904274672,False,0.004015585971343881,5.995480133079323,0,,
46,48,0.15545454545454546,7.780822548705161,0.13727272727272727,0.17545454545454547,6.38082254870516,9.08082254870516,False,0.003799348722802091,5.995263895830782,0,,
47,49,0.028181818181818183,9.288388323554324,0.02181818181818182,0.03636363636363636,7.088388323554332,11.388388323554317,True,0.03942363687897282,6.030888183986952,0,,
48,50,0.2272727272727273,11.323999523812805,0.16636363636363638,0.3090909090909091,9.723999523812811,13.0239995238128,True,0.018596341389136784,6.010060888497116,0,,
49,51,0.049090909090909095,12.020084731157302,0.03909090909090909,0.06363636363636364,9.82008473115731,14.420084731157294,True,0.008643075878505227,6.0001076229864845,0,,
50,52,0.16818181818181818,8.631583796305302,0.1409090909090909,0.2181818181818182,6.431583796305299,10.031583796305302,True,0.0017637098096535079,5.993228256917632,0,,
51,53,0.38181818181818183,6.056465574507129,0.2545454545454545,0.6636363636363636,3.4564655745071273,9.556465574507133,True,0.013557224956011958,6.005021772063991,0,,
52,54,0.14272727272727273,10.274234793990535,0.11727272727272728,0.16272727272727272,8.174234793990543,11.87423479399053,False,0.025774661885085915,6.017239208993065,0,,
53,55,0.11545454545454546,7.759738104670774,0.08181818181818182,0.14454545454545453,4.4597381046707705,10.159738104670776,True,0.024377531676655424,6.015842078784634,0,,
54,56,0.09363636363636364,6.897936581171217,0.07545454545454545,0.11545454545454546,4.797936581171216,8.79793658117122,False,0.015469428260270042,6.006933975368249,0,,
55,57,0.4727272727272727,10.515560870184238,0.4,0.6272727272727272,9.315560870184243,12.315560870184232,True,0.09681686532583259,6.088281412433812,0,,
56,58,0.06818181818181819,15.58520273741939,0.049090909090909095,0.09181818181818181,12.5852027374194,18.58520273741938,True,0.0007145190914482026,5.992179066199427,0,,
57,59,0.05090909090909091,3.4000000000000004,0.03363636363636364,0.08181818181818182,0.0,7.9,True,0.04410205537963822,6.035566602487617,0,,
58,60,0.609090909090909,9.545856975580078,0.4272727272727273,1.0727272727272728,7.145856975580086,13.345856975580064,True,0.02809708367828497,6.019561630786264,0,,
59,61,0.2,9.792257886064897,0.15181818181818182,0.2727272727272727,7.592257886064905,11.492257886064891,True,0.01708795687952734,6.008552503987507,0,,
61,63,0.509090909090909,6.577359492890871,0.36363636363636365,0.9,4.377359492890869,10.377359492890875,True,0.02618201768683435,6.017646564794814,0,,
62,64,0.024545454545454544,6.18076370233128,0.02,0.030909090909090907,4.580763702331279,8.380763702331283,True,0.11408236362722375,6.105546910735203,0,,
63,65,0.2727272727272727,3.6,0.2,0.37272727272727274,2.1,5.5,True,0.024032009474430332,6.015496556582409,0,,
64,66,0.3,7.954637083915943,0.2636363636363636,0.37272727272727274,7.054637083915941,9.254637083915943,True,0.03674018915621077,6.02820473626419,0,,
65,67,0.1390909090909091,10.204013022436706,0.11363636363636363,0.16272727272727272,8.004013022436714,12.0040130224367,False,0.002441481585831968,5.993906028693811,0,,
66,68,0.011363636363636364,12.282716584119628,0.01,0.014090909090909091,11.082716584119632,14.082716584119622,True,0.008703454168489064,6.000168001276468,0,,
67,69,0.01681818181818182,17.119948703064146,0.012727272727272728,0.022727272727272728,14.719948703064155,19.519948703064138,True,0.02223416277756875,6.0136987098855474,0,,
69,71,0.013181818181818182,20.7181978410417,0.01,0.02090909090909091,18.11819784104171,24.618197841041685,True,0.010027867070444242,6.001492414178423,0,,
70,72,0.18636363636363637,10.899352956854045,0.16090909090909092,0.2181818181818182,9.79935295685405,11.799352956854042,False,0.0436208358622157,6.035085382970195,0,,
71,73,0.13363636363636364,8.656562105701981,0.11,0.15363636363636363,6.55656210570198,10.156562105701983,False,0.018399655478148633,6.009864202586128,0,,
72,74,0.3090909090909091,6.021872481533411,0.24545454545454545,0.39090909090909093,4.621872481533409,7.421872481533412,True,0.03207004533601388,6.023534592443993,0,,
73,75,0.014545454545454545,13.013445119999906,0.01,0.028181818181818183,9.11344511999992,17.71344511999989,True,0.008603333605975365,6.000067880713955,0,,
74,76,0.08818181818181818,13.779031359816257,0.06272727272727273,0.11727272727272728,10.379031359816269,16.479031359816247,True,0.03133802677417669,6.022802573882156,0,,
75,77,0.13727272727272727,4.97111009890159,0.11181818181818182,0.16636363636363638,2.671110098901591,7.27111009890159,False,0.03678420677257314,6.028248753880552,0,,
77,79,0.034545454545454546,6.0232337672770395,0.028181818181818183,0.04181818181818182,4.423233767277038,7.723233767277041,True,0.019104196516143555,6.010568743624122,0,,
78,80,0.08454545454545455,9.807415490642388,0.06,0.11545454545454546,6.4074154906424,12.807415490642377,True,0.008585218321080678,6.000049765429059,0,,
79,81,0.1972727272727273,8.536425618523332,0.1572727272727273,0.2545454545454545,6.8364256185233305,9.836425618523332,True,0.004094720842925068,5.995559267950904,0,,
80,82,0.6363636363636364,14.496905009560953,0.4818181818181818,0.9181818181818182,12.59690500956096,16.896905009560946,True,0.005673440238265066,5.997137987346244,0,,
81,83,0.02181818181818182,12.088421768338948,0.015454545454545453,0.03,9.488421768338958,14.988421768338938,True,0.0029505111460673555,5.994415058254046,0,,
82,84,0.2818181818181818,5.728537244126912,0.23636363636363636,0.32727272727272727,4.828537244126912,6.628537244126912,True,0.15473340117518727,6.146197948283167,0,,
83,85,0.022727272727272728,15.605824692681178,0.01818181818181818,0.02909090909090909,13.705824692681185,17.80582469268117,True,0.02935035837808192,6.020814905486061,0,,
84,86,0.12454545454545454,14.081072547322004,0.10272727272727274,0.14454545454545453,11.981072547322011,15.681072547321998,False,0.010725594530086258,6.002190141638065,0,,
85,87,0.06272727272727273,13.62785185316806,0.035454545454545454,0.11181818181818182,8.827851853168077,18.827851853168042,True,0.002994215665449275,5.994458762773428,0,,
87,89,0.012727272727272728,7.52647121262371,0.01090909090909091,0.015909090909090907,6.326471212623709,9.526471212623711,True,0.21111413999303297,6.202578687101012,0,,
88,90,0.13,12.666185451308994,0.09636363636363636,0.16090909090909092,9.566185451309005,15.066185451308986,True,0.009254734731546645,6.000719281839526,0,,
89,91,0.19454545454545455,10.613167525736097,0.16090909090909092,0.23636363636363636,9.213167525736102,11.613167525736094,True,0.0007377215240870886,5.992202268632066,0,,
90,92,0.14636363636363636,9.523923855824421,0.11727272727272728,0.1781818181818182,7.02392385582443,11.723923855824413,True,0.006970912494023014,5.998435459602002,0,,
92,94,0.01818181818181818,14.30736803949423,0.011363636363636364,0.03363636363636364,10.307368039494245,19.207368039494213,True,0.013534198690036258,6.004998745798015,0,,
93,95,0.5545454545454546,8.316764672235447,0.2818181818181818,1.3909090909090909,4.016764672235443,13.71676467223545,True,0.007464709061486754,5.998929256169466,0,,
94,96,0.2181818181818182,5.190843753160459,0.18363636363636365,0.2545454545454545,4.39084375316046,5.990843753160459,False,0.1416685828828685,6.133133129990847,0,,
95,97,0.10818181818181818,11.51498798475358,0.08818181818181818,0.12636363636363637,9.714987984753586,13.314987984753573,False,0.017147042869606822,6.008611589977586,0,,
96,98,0.1190909090909091,11.365104091175862,0.07909090909090909,0.15363636363636363,7.465104091175876,14.265104091175852,True,0.003928118762217029,5.995392665870196,0,,
97,99,0.39090909090909093,7.064940984263439,0.33636363636363636,0.4727272727272727,6.064940984263439,8.364940984263441,True,0.018294058100762164,6.0097586052087415,0,,
98,100,0.36363636363636365,6.3821235978161015,0.3,0.4636363636363636,5.1821235978161,7.982123597816103,True,0.0564767990891679,6.047941346197147,0,,
99,101,0.37272727272727274,5.957552311879671,0.2909090909090909,0.4727272727272727,4.45755231187967,7.557552311879673,True,0.06809641666005153,6.059560963768031,0,,
100,102,0.1409090909090909,5.368455545050494,0.09545454545454546,0.19181818181818183,1.268455545050493,8.168455545050492,True,0.008948637249329228,6.000413184357308,0,,
101,103,0.02727272727272727,12.671675502493741,0.02181818181818182,0.034545454545454546,10.671675502493748,14.571675502493735,True,0.035883731568937434,6.027348278676916,0,,
102,104,0.04454545454545455,4.4,0.031818181818181815,0.06363636363636364,1.6,7.7,True,0.08015408758229192,6.071618634690271,0,,
103,105,0.07954545454545454,4.5,0.053636363636363635,0.11363636363636363,0.7000000000000001,7.9,True,0.005459861861208502,5.996924408969187,0,,
104,106,0.4909090909090909,2.2,0.3181818181818182,1.1636363636363636,0.0,7.300000000000001,True,0.0033485174015855245,5.9948130645095645,0,,
105,107,0.01,13.173065541232454,0.01,0.013181818181818182,12.773065541232455,15.273065541232446,True,0.05489800581013599,6.046362552918115,0,,
106,108,0.18363636363636365,8.416204745837886,0.15363636363636363,0.23636363636363636,6.6162047458378845,9.616204745837887,True,0.01792269614169609,6.009387243249675,0,,
107,109,0.045454545454545456,11.579190128783933,0.03,0.07127272727272727,8.179190128783945,15.779190128783918,True,0.02084684311154187,6.012311390219521,0,,
108,110,0.609090909090909,4.4,0.2909090909090909,1.4,0.0,9.5,True,0.0007180089828139329,5.992182556090793,0,,
109,111,0.14636363636363636,13.20700397698686,0.11727272727272728,0.17,10.807003976986868,15.207003976986853,True,0.024104177224259983,6.015568724332239,0,,
110,112,0.16090909090909092,5.5582053220554375,0.13363636363636364,0.2,3.4582053220554374,7.158205322055437,False,0.05999454724256455,6.051459094350544,0,,
111,113,0.10636363636363637,18.846366956229378,0.08727272727272727,0.12272727272727273,17.146366956229386,20.446366956229372,False,0.06655592709585183,6.058020474203831,0,,
112,114,0.08636363636363636,4.4,0.05545454545454545,0.12818181818181817,0.1,8.3,True,0.009862723641062313,6.001327270749042,0,,
113,115,0.03,10.272643236736348,0.022727272727272728,0.04272727272727273,7.6726432367363575,12.972643236736339,True,0.06713769769722158,6.058602244805201,0,,
114,116,0.09090909090909091,12.192046991726654,0.05181818181818182,0.15,6.9920469917266725,16.99204699172664,True,0.0033990388636524686,5.994863585971632,0,,
119,121,0.7363636363636363,8.100663830399004,0.35454545454545455,1.4,3.5006638303989988,13.000663830399008,True,0.001523081070942303,5.992987628178922,0,,
120,122,0.23636363636363636,7.740605090152161,0.13727272727272727,0.44545454545454544,3.440605090152157,11.440605090152165,True,0.0037500476553857694,5.995214594763365,0,,
121,123,0.14636363636363636,10.688867523710396,0.12272727272727273,0.16818181818181818,8.688867523710403,12.38886752371039,False,0.008921271429141849,6.000385818537121,0,,
122,124,0.07954545454545454,7.034191975010341,0.05454545454545455,0.11363636363636363,3.4341919750103376,10.534191975010344,True,0.006329440901096175,5.997793988009075,0,,
123,125,0.026363636363636363,13.370020835612491,0.01818181818181818,0.038181818181818185,10.370020835612502,16.37002083561248,True,0.0067028165805955485,5.998167363688575,0,,
124,126,0.2727272727272727,8.378920135146835,0.1972727272727273,0.38181818181818183,6.678920135146834,10.478920135146836,True,0.04132311786559509,6.032787664973574,0,,
126,128,0.034545454545454546,13.599495446697901,0.025454545454545455,0.04727272727272727,10.89949544669791,16.29949544669789,True,0.026015583793413566,6.017480130901393,0,,
127,129,0.024545454545454544,9.093549590171277,0.01818181818181818,0.031818181818181815,6.6935495901712745,11.393549590171279,True,0.008927665960112052,6.000392213068091,0,,
128,130,0.07727272727272727,7.436142726250733,0.053636363636363635,0.1090909090909091,3.9361427262507296,10.636142726250736,True,0.002072991035051837,5.9935375381430305,0,,
129,131,0.1809090909090909,9.500893332713751,0.10272727272727274,0.44545454545454544,4.30089333271377,14.300893332713734,True,0.00032864154596053455,5.99179318865394,0,,
130,132,0.23636363636363636,4.1000000000000005,0.1781818181818182,0.3,2.8000000000000003,5.5,True,0.03103539710757048,6.022499944215549,0,,
132,134,0.08363636363636363,7.148579902127756,0.060909090909090906,0.11545454545454546,3.9485799021277534,10.148579902127759,True,0.013654775529768987,6.005119322637748,0,,
133,135,0.016363636363636365,16.52774619264549,0.012272727272727272,0.022727272727272728,14.1277461926455,19.02774619264548,True,0.01531337051554601,6.006777917623525,0,,
134,136,0.2272727272727273,7.0080996548539645,0.17,0.2727272727272727,5.808099654853963,8.108099654853966,True,0.03461381833815856,6.026078365446137,0,,
135,137,0.3,7.178325377956122,0.23636363636363636,0.37272727272727274,5.77832537795612,8.578325377956123,True,0.09812142479588935,6.089585971903868,0,,
136,138,0.03727272727272728,13.95677256702583,0.022727272727272728,0.06363636363636364,9.856772567025844,18.756772567025813,True,0.008084789974245865,5.999549337082225,0,,
137,139,0.1390909090909091,11.363670714948395,0.11181818181818182,0.16454545454545455,8.963670714948403,13.363670714948388,True,0.005283842623927133,5.9967483897319065,0,,
138,140,0.012272727272727272,16.485267703368958,0.01,0.017272727272727273,14.585267703368965,19.285267703368948,True,0.03956566536039508,6.031030212468374,0,,
139,141,0.14272727272727273,23.849753099061335,0.08181818181818182,0.2545454545454545,18.749753099061262,27.84975309906139,True,0.010017341252898822,6.001481888360878,0,,
140,142,0.2272727272727273,12.921175547401228,0.16818181818181818,0.2909090909090909,11.421175547401234,14.121175547401224,True,0.04932854896553259,6.040793096073512,0,,
141,143,0.16636363636363638,14.189034176426727,0.14272727272727273,0.2,12.289034176426734,15.189034176426723,True,0.045764119845925884,6.037228666953905,0,,
142,144,0.02909090909090909,11.783746341961056,0.02090909090909091,0.046363636363636364,8.783746341961066,15.583746341961042,True,0.024709803406939648,6.016174350514919,0,,
143,145,0.04090909090909091,6.876640394210828,0.03272727272727273,0.049090909090909095,5.176640394210827,8.67664039421083,True,0.23234578094454583,6.223810328052525,0,,
144,146,0.04454545454545455,10.255806987719685,0.03363636363636364,0.060909090909090906,7.855806987719694,13.155806987719675,True,0.03298930643691359,6.024453853544893,0,,
145,147,0.05818181818181818,14.050913669828939,0.046363636363636364,0.07681818181818181,11.950913669828946,16.850913669828927,True,0.10450675277665925,6.0959712998846385,0,,
146,148,0.1972727272727273,9.156204695048586,0.16454545454545455,0.24545454545454545,8.05620469504859,10.156204695048583,True,0.013938491291305961,6.005403038399285,0,,
147,149,0.06545454545454546,10.891118303453096,0.04727272727272727,0.08818181818181818,7.991118303453106,13.991118303453085,True,0.011400885418810798,6.00286543252679,0,,
148,150,0.13727272727272727,13.067037958603626,0.11545454545454546,0.15545454545454546,11.167037958603633,14.46703795860362,False,0.05945977123787209,6.050924318345851,0,,
149,151,0.030909090909090907,6.1122744872879045,0.023636363636363636,0.04454545454545455,3.6122744872879027,9.012274487287907,True,0.009645544819737822,6.001110091927717,0,,
150,152,0.030909090909090907,12.43416925879758,0.017727272727272727,0.056363636363636366,7.634169258797597,17.234169258797564,True,0.021436771619568345,6.012901318727548,0,,
151,153,0.2181818181818182,9.180789322374087,0.1572727272727273,0.3,7.080789322374095,10.880789322374081,True,0.018081512164289895,6.009546059272269,0,,
152,154,0.028181818181818183,6.361951110188996,0.02,0.03909090909090909,3.4619511101889935,8.961951110188998,True,0.11493459560148606,6.106399142709465,0,,
153,155,0.031818181818181815,11.694590175265118,0.022727272727272728,0.04454545454545455,8.694590175265128,14.394590175265108,True,0.04148480787445513,6.032949354982434,0,,
154,156,0.2,12.17169459058932,0.16636363636363638,0.24545454545454545,11.171694590589324,13.071694590589317,True,0.002165512408155939,5.993630059516135,0,,
156,158,0.014090909090909091,15.437762249773554,0.011363636363636364,0.01863636363636364,13.437762249773561,17.737762249773546,True,0.023160122047667875,6.014624669155647,0,,
157,159,0.057272727272727274,11.95976178482875,0.031818181818181815,0.10181818181818182,7.059761784828767,17.05976178482873,True,0.0015660802701385043,5.9930306273781175,0,,
158,160,0.12090909090909091,27.438244472046986,0.08181818181818182,0.16090909090909092,23.738244472046933,30.738244472047032,True,0.013674727120627112,6.005139274228606,0,,
159,161,0.2636363636363636,12.747049038355824,0.2181818181818182,0.32727272727272727,11.747049038355827,13.94704903835582,True,0.05493009372200615,6.046394640829985,0,,
160,162,0.4636363636363636,16.433021550347526,0.35454545454545455,0.6909090909090909,14.633021550347534,19.133021550347518,True,0.002604151477512486,5.994068698585491,0,,
161,163,0.10454545454545455,6.214780194600101,0.075,0.13181818181818183,3.2147801946000985,8.714780194600102,True,0.007958948824577344,5.9994234959325565,0,,
162,164,0.1390909090909091,17.83907752555533,0.10363636363636364,0.16818181818181818,14.63907752555534,20.23907752555532,True,0.03760520705980671,6.029069754167786,0,,
163,165,0.16272727272727272,25.74001565941952,0.12818181818181817,0.2181818181818182,23.04001565941948,27.540015659419545,True,0.016329506454064877,6.007794053562044,0,,
164,166,0.17,15.693837513431724,0.14636363636363636,0.2090909090909091,13.693837513431731,16.69383751343172,True,0.018763946936549904,6.0102284940445285,0,,
165,167,0.04454545454545455,12.679696596892061,0.03727272727272728,0.05454545454545455,11.079696596892067,14.579696596892054,False,0.08509738781857971,6.076561934926559,0,,
166,168,0.1,21.22137944320727,0.06454545454545454,0.14272727272727273,17.02137944320721,25.021379443207323,True,0.016236766717009816,6.007701313824989,0,,
167,169,0.17545454545454547,9.173517360013443,0.13,0.2636363636363636,5.873517360013455,11.173517360013436,True,0.0018405874442650378,5.993305134552244,0,,
168,170,0.03363636363636364,21.982345351631512,0.023636363636363636,0.05,18.882345351631468,25.582345351631563,True,0.016483774006040793,6.00794832111402,0,,
169,171,0.4727272727272727,23.923819049869003,0.39090909090909093,0.5909090909090908,22.723819049868986,25.423819049869024,False,0.02033482529511772,6.011799372403097,0,,
170,172,0.12090909090909091,10.078502244122076,0.10363636363636364,0.13363636363636364,8.378502244122082,11.178502244122072,False,0.09829013460564005,6.089754681713619,0,,
171,173,0.053636363636363635,21.121747219217163,0.03636363636363636,0.08363636363636363,17.52174721921711,25.421747219217224,True,0.013713211824903794,6.0051777589328825,0,,
172,174,0.11545454545454546,11.763883433591468,0.08818181818181818,0.13727272727272727,9.263883433591477,13.663883433591462,False,0.03518672379156258,6.026651270899541,0,,
173,175,0.2909090909090909,8.111602482511042,0.23636363636363636,0.35454545454545455,6.911602482511041,9.411602482511043,True,0.10558061326567002,6.097045160373649,0,,
174,176,0.4090909090909091,3.5,0.2090909090909091,1.0181818181818183,0.0,8.700000000000001,True,0.0011478049791158445,5.992612352087095,0,,
175,177,0.1572727272727273,14.234437706717413,0.13545454545454547,0.1781818181818182,12.53443770671742,15.634437706717408,False,0.07512286903464374,6.066587416142623,0,,
176,178,0.04818181818181819,10.09610758211203,0.03363636363636364,0.07018181818181819,6.996107582112041,13.596107582112017,True,0.04391661921926927,6.035381166327248,0,,
177,179,0.13727272727272727,22.55308297370415,0.10363636363636364,0.16454545454545455,19.453082973704106,24.853082973704183,True,0.020776300530959586,6.012240847638939,0,,
178,180,0.2545454545454545,7.810649089005581,0.1890909090909091,0.33636363636363636,6.410649089005581,9.510649089005582,True,0.023503183954287236,6.014967731062266,0,,
180,182,0.1890909090909091,10.321401785572696,0.16272727272727272,0.2272727272727273,9.2214017855727,11.221401785572693,True,0.03825643068064993,6.029720977788629,0,,
181,183,0.17545454545454547,10.35223423925257,0.10454545454545455,0.35454545454545455,5.152234239252589,14.052234239252558,True,0.0026635989358834247,5.994128146043862,0,,
182,184,0.08454545454545455,4.800000000000001,0.046363636363636364,0.1481818181818182,0.0,9.700000000000001,True,0.002961363395334547,5.994425910503313,0,,
183,185,0.15545454545454546,5.427948516264713,0.13181818181818183,0.1890909090909091,3.527948516264713,7.127948516264713,False,0.0049187620077184736,5.996383309115697,0,,
184,186,0.02727272727272727,6.638917308409489,0.01818181818181818,0.04363636363636364,3.3389173084094868,10.538917308409493,True,0.013402006984109597,6.0048665540920885,0,,
185,187,0.02909090909090909,13.308540955250733,0.02181818181818182,0.038181818181818185,10.808540955250741,15.408540955250725,True,0.09612302114847729,6.087587568256456,0,,
186,188,0.2,7.821613679730509,0.14454545454545453,0.3,5.021613679730507,9.92161367973051,True,0.013760914463241413,6.005225461571221,0,,
187,189,0.12090909090909091,11.68745717620342,0.09545454545454546,0.1481818181818182,9.287457176203429,13.887457176203412,False,0.03443108597947618,6.025895633087456,0,,
188,190,0.02909090909090909,6.575929692463216,0.022727272727272728,0.04,4.375929692463214,8.975929692463218,True,0.06877436364358641,6.060238910751566,0,,
189,191,0.1090909090909091,13.221311495311774,0.08181818181818182,0.1390909090909091,10.621311495311783,15.821311495311765,False,0.02745949923890396,6.018924046346883,0,,
190,192,0.37272727272727274,5.706068403482477,0.3,0.4636363636363636,4.406068403482477,7.206068403482477,True,0.0005813075052735592,5.992045854613252,0,,
191,193,0.034545454545454546,12.267974889516898,0.02727272727272727,0.045454545454545456,10.367974889516905,14.56797488951689,True,0.02845459184867142,6.01991913895665,0,,
192,194,0.5545454545454546,1.9000000000000001,0.38181818181818183,1.2545454545454546,0.0,6.800000000000001,True,0.018788468956652843,6.010253016064632,0,,
193,195,0.04272727272727273,14.626842228909268,0.03,0.060909090909090906,11.826842228909278,17.92684222890926,True,0.1582759811027716,6.14974052821075,0,,
194,196,0.02909090909090909,4.2,0.022727272727272728,0.038181818181818185,1.9000000000000001,6.300000000000001,True,0.030375663425101312,6.02184021053308,0,,
195,197,0.019545454545454546,9.218603627177494,0.014090909090909091,0.026363636363636363,6.718603627177492,11.818603627177497,True,0.03886119410083282,6.030325741208812,0,,
196,198,0.04181818181818182,10.980955681671459,0.02727272727272727,0.06363636363636364,7.580955681671471,14.980955681671444,True,0.005761038768211901,5.997225585876191,0,,
197,199,0.37272727272727274,7.480395980186624,0.3181818181818182,0.4181818181818182,6.480395980186623,8.280395980186626,True,0.17360096236819283,6.165065509476172,0,,
198,200,0.1,15.32522724938872,0.057272727272727274,0.14272727272727273,10.225227249388738,19.325227249388703,True,0.011270050581225278,6.002734597689204,0,,
199,201,0.32727272727272727,11.399109669598,0.2818181818181818,0.4,10.599109669598002,12.799109669597994,True,0.09092550604330668,6.082390053151285,0,,
200,202,0.025454545454545455,15.120732250196127,0.019545454545454546,0.03363636363636364,13.020732250196135,17.420732250196117,True,0.042187066783590396,6.0336516138915695,0,,
201,203,0.1890909090909091,8.963892926168676,0.1590909090909091,0.2272727272727273,7.663892926168675,9.863892926168676,False,0.014878511144400919,6.00634305825238,0,,
202,204,0.022727272727272728,12.19354306189031,0.017272727272727273,0.02909090909090909,9.993543061890318,14.493543061890302,True,0.08975636467791663,6.081220911785896,0,,
203,205,0.056363636363636366,6.672240188719461,0.04,0.08,3.5722401887194586,10.172240188719464,True,0.0010510857072808639,5.99251563281526,0,,
204,206,0.15,8.903607637133755,0.12090909090909091,0.18636363636363637,6.503607637133753,10.803607637133755,True,0.002095373492046589,5.993559920600026,0,,
205,207,0.509090909090909,4.2,0.2727272727272727,1.2272727272727273,0.2,9.5,True,0.003628097354300263,5.99509264446228,0,,
206,208,0.10727272727272727,8.850191410188541,0.06363636363636364,0.15363636363636363,3.850191410188537,12.750191410188545,True,0.0015405262857665486,5.993005073393745,0,,
207,209,0.028181818181818183,17.85948033492041,0.015454545454545453,0.05181818181818182,12.959480334920427,22.85948033492039,True,0.017796322354047437,6.009260869462026,0,,
208,210,0.2545454545454545,8.689074788074425,0.1572727272727273,0.4272727272727273,5.8890747880744225,11.989074788074428,True,0.01602058173643575,6.007485128844415,0,,
209,211,0.1890909090909091,9.523469518452165,0.11545454545454546,0.34545454545454546,4.523469518452183,12.723469518452154,True,0.0075434486210819995,5.999007995729061,0,,
210,212,0.02,10.37197736753553,0.015454545454545453,0.026363636363636363,8.371977367535537,12.571977367535522,True,0.045757410725930585,6.03722195783391,0,,
211,213,0.11181818181818182,34.10064161673349,0.06909090909090909,0.1572727272727273,29.400641616733424,37.900641616733544,True,0.009100928579990534,6.00056547568797,0,,
212,214,0.6727272727272727,7.189703792087921,0.3181818181818182,1.4,2.4897037920879166,12.489703792087926,True,2.354751202614397e-05,5.9914880946200055,0,,
213,215,0.39090909090909093,3.2,0.2636363636363636,0.7272727272727273,0.8,7.300000000000001,True,0.012311876125721643,6.003776423233701,0,,
214,216,0.09272727272727273,32.995226343848586,0.05,0.1590909090909091,27.995226343848515,37.99522634384866,True,0.0015427296538026302,5.993007276761782,0,,
215,217,0.1390909090909091,12.497511632556243,0.1190909090909091,0.16090909090909092,10.79751163255625,14.097511632556238,False,0.09419414953346597,6.085658696641445,0,,
216,218,0.04818181818181819,4.72057354274831,0.04090909090909091,0.06272727272727273,3.22057354274831,7.220573542748309,True,0.14924640624911792,6.140710953357097,0,,
217,219,0.7454545454545455,29.821423602618964,0.5363636363636364,1.1272727272727274,27.721423602618934,32.521423602619,False,0.009103119921201974,6.000567667029181,0,,
218,220,0.04181818181818182,6.819147020645242,0.030909090909090907,0.05545454545454545,4.5191470206452395,9.519147020645244,True,0.015492204451014905,6.006956751558994,0,,
219,221,0.33636363636363636,3.4000000000000004,0.23636363636363636,0.5181818181818182,1.3,6.300000000000001,True,0.008064537118299391,5.999529084226278,0,,
220,222,0.11363636363636363,7.006809767125744,0.06545454545454546,0.1809090909090909,2.10680976712574,11.906809767125747,True,0.007983952911480735,5.99944850001946,0,,
221,223,0.33636363636363636,11.940605037142687,0.17,0.7818181818181819,8.4406050371427,17.14060503714267,True,0.0013740585192640025,5.992838605627243,0,,
222,224,0.5363636363636364,7.118778749700241,0.2636363636363636,1.3272727272727274,2.518778749700237,12.318778749700247,True,0.007262633205731748,5.998727180313711,0,,
223,225,0.11181818181818182,15.02792048928235,0.08636363636363636,0.13363636363636364,12.527920489282359,16.927920489282343,False,0.026455537412410933,6.01792008452039,0,,
224,226,0.06818181818181819,13.288295886098785,0.04727272727272727,0.09909090909090909,9.788295886098798,16.788295886098773,True,0.003449728764202243,5.994914275872182,0,,
225,227,0.06454545454545454,8.615971681832985,0.04454545454545455,0.09818181818181819,5.115971681832997,12.515971681832971,True,0.014537225891098324,6.006001772999078,0,,
227,229,0.17545454545454547,11.255298831034391,0.12636363636363637,0.2727272727272727,7.655298831034404,13.355298831034384,True,0.0008333087797539558,5.992297855887733,0,,
228,230,0.09727272727272727,11.185700793906195,0.05272727272727273,0.1590909090909091,6.085700793906213,16.085700793906177,True,0.0009381616308101971,5.99240270873879,0,,
229,231,0.17,13.067452551466774,0.13363636363636364,0.24545454545454545,10.267452551466784,14.767452551466768,True,0.004173154971608045,5.995637702079587,0,,
230,232,0.049090909090909095,10.349791934858871,0.03727272727272728,0.06727272727272728,7.84979193485888,13.24979193485886,True,0.0026192346511221087,5.994083781759101,0,,
231,233,0.017272727272727273,8.247505170789461,0.01,0.03363636363636364,3.6475051707894566,13.147505170789465,True,0.012410846773066163,6.003875393881045,0,,
232,234,0.08090909090909092,18.83175027006908,0.053636363636363635,0.1190909090909091,14.831750270069094,22.531750270069068,True,0.012516428196805157,6.003980975304784,0,,
233,235,0.34545454545454546,9.864022282405777,0.2909090909090909,0.39090909090909093,8.86402228240578,10.764022282405774,True,0.1242737840667591,6.115738331174738,0,,
234,236,0.07954545454545454,12.286817471819584,0.05909090909090909,0.10545454545454545,9.286817471819594,14.786817471819575,True,0.005615979704362221,5.997080526812341,0,,
235,237,0.37272727272727274,5.211024874676142,0.2909090909090909,0.5,3.611024874676142,7.211024874676141,True,0.023776696390500656,6.01524124349848,0,,
236,238,0.23636363636363636,24.2124439584266,0.19454545454545455,0.2818181818181818,23.312443958426588,25.112443958426613,False,0.025374762425672277,6.016839309533651,0,,
237,239,0.16636363636363638,13.682057137474951,0.14272727272727273,0.2090909090909091,11.782057137474958,14.882057137474947,True,0.013605481962970657,6.00507002907095,0,,
238,240,0.6272727272727272,6.738654753375922,0.3,1.4,2.038654753375918,11.938654753375927,True,0.0027846942323563302,5.994249241340335,0,,
239,241,0.053636363636363635,13.742321251561917,0.04363636363636364,0.06545454545454546,11.742321251561924,15.64232125156191,False,0.026247786212695443,6.017712333320675,0,,
240,242,0.030909090909090907,15.548474428321963,0.024545454545454544,0.04181818181818182,13.348474428321971,17.848474428321957,True,0.04612800869230139,6.0375925558002805,0,,
241,243,0.05090909090909091,4.5,0.04090909090909091,0.06636363636363636,2.3000000000000003,6.9,True,0.035172381770536436,6.026636928878515,0,,
242,244,0.03909090909090909,18.198543661413364,0.02727272727272727,0.053636363636363635,15.298543661413374,21.298543661413355,True,0.01584070092948028,6.00730524803746,0,,
244,246,0.03909090909090909,5.181741370026867,0.031818181818181815,0.04818181818181819,3.6817413700268675,7.181741370026867,True,0.09778591124096715,6.089250458348946,0,,
245,247,0.4909090909090909,1.2000000000000002,0.37272727272727274,1.1454545454545455,0.0,6.300000000000001,True,0.004106570670400561,5.99557111777838,0,,
246,248,0.4,7.08214117434195,0.33636363636363636,0.4636363636363636,5.982141174341949,8.08214117434195,True,0.1536653762254283,6.145129923333407,0,,
247,249,0.32727272727272727,8.073578868152955,0.23636363636363636,0.4727272727272727,6.0735788681529534,10.573578868152957,True,0.01843740739347419,6.009901954501453,0,,
248,250,0.23636363636363636,16.402605298017527,0.17545454545454547,0.3090909090909091,15.102605298017531,18.00260529801752,True,0.07790269652380714,6.0693672436317865,0,,
249,251,0.2545454545454545,4.4,0.1890909090909091,0.3181818181818182,3.0,5.7,True,0.03408141770081969,6.025545964808798,0,,
250,252,0.3090909090909091,4.1000000000000005,0.2636363636363636,0.36363636363636365,3.1,5.1000000000000005,True,0.048665848091001995,6.040130395198981,0,,
251,253,0.5,24.036692746735334,0.38181818181818183,0.8272727272727273,22.33669274673531,27.33669274673538,False,0.06901229977374067,6.06047684688172,0,,
253,255,0.08454545454545455,5.880900840415296,0.06363636363636364,0.11181818181818182,2.9809008404152966,8.480900840415295,True,0.035752519776866824,6.0272170668848455,0,,
254,256,0.3,18.109022482244885,0.2181818181818182,0.4090909090909091,16.30902248224489,20.209022482244876,True,0.06177802530209743,6.053242572410077,0,,
255,257,0.030909090909090907,7.069593044936357,0.026363636363636363,0.038181818181818185,5.469593044936357,8.66959304493636,False,0.061956329444608604,6.053420876552588,0,,
256,258,0.12454545454545454,12.369864236638064,0.10363636363636364,0.1481818181818182,10.36986423663807,14.269864236638057,False,0.05098070260702706,6.042445249715006,0,,
257,259,0.2727272727272727,15.103440469397508,0.2181818181818182,0.34545454545454546,13.803440469397513,16.403440469397502,True,0.06910725694133807,6.060571804049317,0,,
258,260,0.14454545454545453,40.86199719092453,0.08181818181818182,0.24545454545454545,35.66199719092445,44.66199719092458,True,0.0023516087616455845,5.993816155869625,0,,
259,261,0.19454545454545455,11.777887914383856,0.16818181818181818,0.2181818181818182,10.977887914383858,12.377887914383853,False,0.07654299432270567,6.068007541430685,0,,
261,263,0.33636363636363636,18.152378490630035,0.2818181818181818,0.38181818181818183,17.052378490630037,19.05237849063003,False,0.18269162248978496,6.174156169597764,0,,
262,264,0.2909090909090909,6.622049140174817,0.24545454545454545,0.34545454545454546,5.622049140174816,7.722049140174819,True,0.04902653200039747,6.040491079108376,0,,
263,265,0.16272727272727272,9.620382414827223,0.14272727272727273,0.19454545454545455,8.020382414827228,10.820382414827218,False,0.06536533180434478,6.056829878912324,0,,
265,267,0.1572727272727273,22.070948360974317,0.14272727272727273,0.17272727272727273,20.9709483609743,23.170948360974332,False,0.055940187835557736,6.0474047349435365,0,,
266,268,0.5,15.531706123878267,0.39090909090909093,0.7090909090909091,13.831706123878273,17.73170612387826,True,0.00845374753989549,5.999918294647874,0,,
267,269,0.03909090909090909,6.623452025509474,0.03,0.049090909090909095,4.623452025509472,8.923452025509476,True,0.02255419612571102,6.01401874323369,0,,
268,270,0.16636363636363638,21.222795965314955,0.1409090909090909,0.2,19.222795965314926,22.32279596531497,True,0.01076110720367536,6.002225654311655,0,,
269,271,0.4181818181818182,4.0,0.2909090909090909,0.6727272727272727,1.6,7.1000000000000005,True,0.0174327055766549,6.008897252684634,0,,
270,272,0.02909090909090909,12.051373846463896,0.02090909090909091,0.04181818181818182,9.051373846463907,14.951373846463886,True,0.07408485164001892,6.065549398747998,0,,
271,273,0.2909090909090909,21.305772148682944,0.24545454545454545,0.35454545454545455,20.30577214868293,22.40577214868296,False,0.00631253617925317,5.997777083287232,0,,
272,274,0.07863636363636364,6.242055419093399,0.056363636363636366,0.10818181818181818,2.9420554190933954,9.142055419093401,True,0.0015159757407631588,5.992980522848742,0,,
274,276,0.16636363636363638,13.562247299968547,0.15,0.19454545454545455,12.162247299968552,14.462247299968544,False,0.042335815589245825,6.0338003626972245,0,,
275,277,0.02,12.549779762872861,0.017272727272727273,0.025454545454545455,11.349779762872865,14.449779762872854,True,0.11062415590322286,6.102088703011202,0,,
276,278,0.028181818181818183,3.4000000000000004,0.023636363636363636,0.035454545454545454,1.8,5.2,True,0.014842918472077478,6.006307465580057,0,,
277,279,0.4545454545454546,3.1,0.2545454545454545,1.1090909090909091,0.0,8.200000000000001,True,0.0024052815860787476,5.9938698286940575,0,,
279,281,0.2545454545454545,14.195719516897377,0.2,0.32727272727272727,13.09571951689738,15.795719516897371,True,0.05747708826673707,6.0489416353747165,0,,
280,282,0.013181818181818182,15.239825900843323,0.01,0.01818181818181818,12.839825900843332,17.939825900843314,True,0.016928053041018836,6.008392600148998,0,,
281,283,0.08636363636363636,11.517032565333103,0.06181818181818182,0.12090909090909091,8.117032565333115,14.717032565333092,True,0.023641796519163448,6.015106343627142,0,,
282,284,0.16636363636363638,13.735253094202744,0.15363636363636363,0.19181818181818183,12.735253094202747,14.53525309420274,False,0.031065108848459713,6.022529655956439,0,,
283,285,0.23636363636363636,7.028459241426136,0.1890909090909091,0.2818181818181818,6.028459241426136,8.028459241426138,True,0.12444117740190888,6.115905724509888,0,,
284,286,0.4181818181818182,3.9000000000000004,0.2090909090909091,0.9818181818181818,0.0,9.1,True,0.000892851870565161,5.992357398978545,0,,
285,287,0.1972727272727273,20.489302447473023,0.15181818181818182,0.2636363636363636,18.289302447473027,21.989302447473015,True,0.004492081795802946,5.995956628903782,0,,
286,288,0.4090909090909091,10.29229986681325,0.33636363636363636,0.5181818181818182,8.992299866813255,11.792299866813245,True,0.009629600938604006,6.001094148046583,0,,
287,289,0.04454545454545455,5.698926835119947,0.03,0.06636363636363636,2.4989268351199434,9.39892683511995,True,0.002061394090485068,5.993525941198464,0,,
288,290,0.013181818181818182,6.719606878640824,0.01,0.019090909090909092,4.319606878640822,9.619606878640827,True,0.007447939747110276,5.998912486855089,0,,
289,291,0.4545454545454546,7.429499441758477,0.35454545454545455,0.6545454545454545,5.829499441758475,9.729499441758477,True,0.012804749849435896,6.004269296957415,0,,
290,292,0.03,3.6,0.024545454545454544,0.03909090909090909,1.7000000000000002,5.5,True,0.010041197681250915,6.00150574478923,0,,
291,293,0.01681818181818182,6.994613065556534,0.013181818181818182,0.022727272727272728,5.094613065556532,9.494613065556536,True,0.007068273201840803,5.99853282030982,0,,
292,294,0.7181818181818181,4.0,0.37272727272727274,1.4,0.0,8.9,True,0.0014672817179472387,5.992931828825927,0,,
293,295,0.3,3.2,0.2545454545454545,0.37272727272727274,2.3000000000000003,4.5,True,0.009460244724567864,6.000924791832547,0,,
294,296,0.9454545454545454,9.62301114924111,0.4181818181818182,1.4,5.123011149241126,13.323011149241097,True,3.269508185019406e-05,5.991497242189829,0,,
296,298,0.1390909090909091,19.61866794530531,0.11181818181818182,0.16090909090909092,17.21866794530532,21.318667945305307,False,0.0435363841015674,6.035000931209546,0,,
297,299,0.33636363636363636,3.2,0.2090909090909091,0.6181818181818182,0.6000000000000001,7.2,True,0.0012234863838963576,5.992688033491875,0,,
298,300,0.44545454545454544,8.711293391163295,0.36363636363636365,0.5727272727272728,7.4112933911633,10.411293391163289,True,0.05216627241789755,6.043630819525877,0,,
299,301,0.3090909090909091,6.9068446710289235,0.2272727272727273,0.44545454545454544,5.206844671028922,9.206844671028925,True,0.014634993926854672,6.006099541034834,0,,
300,302,0.12090909090909091,11.18286567496694,0.08545454545454545,0.15363636363636363,7.882865674966952,13.782865674966931,True,0.023275827236425493,6.014740374344404,0,,
302,304,0.9363636363636364,10.851886035848521,0.4909090909090909,1.4,6.651886035848536,13.85188603584851,True,0.0036867851099987212,5.9951513322179775,0,,
303,305,0.011818181818181818,7.044842721581565,0.01,0.013636363636363636,5.644842721581565,8.344842721581568,True,0.11935154238731147,6.11081608949529,0,,
304,306,0.10090909090909092,13.744093659077063,0.08181818181818182,0.11727272727272728,11.944093659077069,15.444093659077057,False,0.03328115680213253,6.024745703910112,0,,
305,307,0.35454545454545455,4.832349730522947,0.3,0.44545454545454544,3.8323497305229473,6.332349730522947,True,0.10830789124362193,6.099772438351601,0,,
306,308,0.16818181818181818,5.1000000000000005,0.13363636363636364,0.23636363636363636,2.4000000000000004,6.9,True,0.004539261772801732,5.996003808880781,0,,
307,309,0.2272727272727273,4.800000000000001,0.16090909090909092,0.3,2.8000000000000003,6.4,True,0.014331803802616519,6.005796350910596,0,,
308,310,0.3,13.349994432823756,0.2545454545454545,0.38181818181818183,12.34999443282376,14.84999443282375,True,0.046073524810042676,6.037538071918021,0,,
309,311,0.15,7.477836057139814,0.13181818181818183,0.17272727272727273,6.0778360571398125,9.177836057139814,False,0.04735883739153263,6.038823384499512,0,,
310,312,0.609090909090909,7.797588956092836,0.4,1.1090909090909091,4.997588956092834,11.69758895609284,True,0.0007073578522546471,5.992171904960234,0,,
311,313,1.1636363636363636,5.493219436036511,0.509090909090909,1.4,0.7932194360365115,7.59321943603651,True,0.0001755425792032959,5.991640089687182,0,,
312,314,0.18636363636363637,9.332165408465062,0.14636363636363636,0.2545454545454545,7.032165408465071,10.832165408465057,True,0.0017233077312283893,5.993187854839207,0,,
313,315,0.09636363636363636,10.29415061595762,0.072,0.12090909090909091,7.594150615957629,12.594150615957611,False,0.01657734389430583,6.008041891002285,0,,
314,316,0.2545454545454545,12.970666125622706,0.2,0.32727272727272727,11.77066612562271,14.370666125622702,True,0.04117765022686606,6.032642197334845,0,,
315,317,0.3,1.7000000000000002,0.19454545454545455,0.6,0.0,6.1000000000000005,True,0.013693191668343676,6.005157738776322,0,,
316,318,0.1390909090909091,7.534105941224331,0.12272727272727273,0.1590909090909091,6.23410594122433,9.134105941224332,False,0.1271749225762167,6.1186394696841955,0,,
317,319,0.23636363636363636,7.88445577074975,0.17545454545454547,0.3,6.484455770749749,9.184455770749752,True,0.031422699514898615,6.0228872466228776,0,,
318,320,0.02909090909090909,17.70582044695282,0.019090909090909092,0.04454545454545455,14.205820446952831,21.305820446952808,True,0.031359697420401136,6.022824244528381,0,,
319,321,0.19181818181818183,8.236003919967937,0.15363636363636363,0.2545454545454545,6.436003919967934,9.636003919967937,True,0.00876650713296202,6.000231054240941,0,,
320,322,0.2181818181818182,7.668201253102219,0.18363636363636365,0.2727272727272727,6.868201253102218,8.76820125310222,True,0.19315773728759175,6.184622284395571,0,,
321,323,0.056363636363636366,21.22763281433759,0.038181818181818185,0.08454545454545455,17.627632814337538,25.127632814337645,True,0.0037404641552949724,5.995205011263274,0,,
322,324,0.2545454545454545,9.894330431127003,0.2272727272727273,0.2909090909090909,9.294330431127005,10.794330431127,True,0.11506345580711966,6.106528002915098,0,,
323,325,0.1190909090909091,10.301683732747808,0.1,0.1409090909090909,8.501683732747814,12.201683732747801,False,0.028842041760188085,6.020306588868167,0,,
324,326,0.2090909090909091,4.0,0.17272727272727273,0.24545454545454545,3.2,4.800000000000001,False,0.11058284743719143,6.1020473945451705,0,,
326,328,0.2181818181818182,14.351536996822261,0.1781818181818182,0.2545454545454545,13.351536996822265,15.151536996822259,True,0.0860610668798509,6.07752561398783,0,,
327,329,0.17545454545454547,14.093477270010125,0.15181818181818182,0.2272727272727273,12.49347727001013,15.29347727001012,True,0.05689146828897738,6.048356015396957,0,,
328,330,0.2909090909090909,2.2,0.19454545454545455,0.4363636363636364,0.2,4.800000000000001,True,0.011366826939974988,6.002831374047954,0,,
329,331,0.019090909090909092,8.198004857798765,0.015454545454545453,0.023636363636363636,6.4980048577987635,9.998004857798767,True,0.030842940186999165,6.022307487294978,0,,
330,332,0.03,5.44472124593454,0.024545454545454544,0.038181818181818185,3.4447212459345393,7.24472124593454,True,0.1872199067229509,6.17868445383093,0,,
331,333,0.11727272727272728,10.296026460766846,0.07681818181818181,0.15545454545454546,6.39602646076686,13.496026460766835,True,0.00785342429105543,5.9993179713990346,0,,
332,334,1.2818181818181817,10.809961979130849,0.6272727272727272,1.4,6.709961979130863,12.209961979130844,False,0.0008779158306856432,5.992342462938665,0,,
333,335,0.12454545454545454,10.334120036854538,0.10454545454545455,0.1481818181818182,8.434120036854544,12.23412003685453,False,0.065138111398641,6.05660265850662,0,,
334,336,0.14272727272727273,12.505413957753428,0.1190909090909091,0.16636363636363638,10.605413957753434,14.50541395775342,False,0.004773423721703239,5.996237970829682,0,,
335,337,0.2272727272727273,14.651212073255065,0.17272727272727273,0.2727272727272727,13.45121207325507,15.751212073255061,True,0.04249706323389252,6.033961610341872,0,,
336,338,0.2272727272727273,4.9,0.18363636363636365,0.2727272727272727,3.9000000000000004,5.9,True,0.03139105002432077,6.0228555971323,0,,
337,339,0.4090909090909091,3.5,0.2272727272727273,0.9454545454545454,0.0,8.5,True,0.0018127239724262177,5.993277271080405,0,,
338,340,0.057272727272727274,20.7802554516691,0.04181818181818182,0.07681818181818181,17.68025545166911,23.58025545166909,True,0.04240785368356721,6.033872400791546,0,,
339,341,0.2545454545454545,4.4,0.2181818181818182,0.2909090909090909,3.6,5.2,True,0.20455385904876475,6.196018406156743,0,,
340,342,0.1390909090909091,11.079377540799014,0.1190909090909091,0.15363636363636363,9.37937754079902,12.27937754079901,False,0.11576984067278213,6.107234387780761,0,,
341,343,1.0,8.669820066088928,0.5272727272727272,1.4,4.469820066088924,11.36982006608893,True,0.0022255854353234092,5.9936901325433025,0,,
342,344,0.990909090909091,0.9,0.7636363636363637,1.4,0.0,3.9000000000000004,True,0.00025040858836758385,5.991714955696347,0,,
343,345,0.014545454545454545,18.993253815927076,0.010454545454545454,0.022727272727272728,16.293253815927088,22.593253815927063,True,0.021522760221373283,6.012987307329352,0,,
344,346,0.2090909090909091,10.187392619586777,0.17272727272727273,0.2545454545454545,9.28739261958678,11.087392619586774,True,0.1338545368652064,6.125319083973185,0,,
345,347,0.4090909090909091,4.6000000000000005,0.2636363636363636,0.7545454545454545,1.9000000000000001,8.6,True,0.01619303919311791,6.007657586301097,0,,
346,348,0.13,7.835028748161368,0.11363636363636363,0.1481818181818182,6.2350287481613655,9.135028748161368,False,0.034565207645986765,6.026029754753965,0,,
347,349,0.17,8.086874646896879,0.14636363636363636,0.2090909090909091,6.086874646896877,9.08687464689688,False,0.01916369625241415,6.010628243360393,0,,
348,350,0.03,9.177629053738757,0.025454545454545455,0.038181818181818185,7.577629053738763,10.877629053738751,True,0.010469796952997348,6.0019343440609765,0,,
349,351,0.2,7.681286632863776,0.17545454545454547,0.24545454545454545,7.081286632863774,8.581286632863776,False,0.29299378663528036,6.28445833374326,0,,
350,352,0.4545454545454546,1.8,0.3,1.1272727272727274,0.0,7.0,True,0.003638846653336307,5.995103393761315,0,,
351,353,0.09090909090909091,19.058648653859564,0.07445454545454545,0.10636363636363637,17.05864865385957,20.358648653859557,False,0.07500180034680276,6.0664663474547815,0,,
352,354,0.02727272727272727,15.998237375462194,0.02090909090909091,0.038181818181818185,13.698237375462202,18.698237375462185,True,0.06077847263895168,6.052243019746931,0,,
354,356,0.1572727272727273,11.67880875742328,0.13363636363636364,0.19181818181818183,9.878808757423286,13.278808757423274,True,0.056545945909478354,6.048010493017458,0,,
355,357,0.04363636363636364,11.37882998950869,0.035454545454545454,0.053636363636363635,9.578829989508696,13.278829989508683,True,0.13329744497718995,6.124761992085169,0,,
357,359,0.15545454545454546,9.099894908214331,0.1409090909090909,0.16636363636363638,7.999894908214332,9.999894908214333,False,0.1837649449743951,6.175229492082374,0,,
358,360,0.6636363636363636,5.669346385821065,0.2909090909090909,1.4,0.7693463858210663,10.769346385821065,True,0.00025106399933922004,5.991715611107319,0,,
359,361,0.2181818181818182,9.33663933646577,0.17,0.2818181818181818,8.136639336465775,10.736639336465766,True,0.062276186547279705,6.053740733655259,0,,
360,362,0.13363636363636364,8.711823673527766,0.11181818181818182,0.1572727272727273,6.811823673527764,10.611823673527766,False,0.022159694209708224,6.013624241317688,0,,
361,363,0.015454545454545453,2.6,0.012727272727272728,0.02,0.8,4.7,True,0.023741253538465706,6.015205800646445,0,,
362,364,0.2090909090909091,18.57933432802104,0.17272727272727273,0.2545454545454545,17.679334328021042,19.379334328021038,True,0.1294276961190433,6.120892243227022,0,,
363,365,0.3090909090909091,3.0,0.2181818181818182,0.4636363636363636,1.0,5.6000000000000005,True,0.01591672428125716,6.007381271389236,0,,
364,366,0.36363636363636365,3.0,0.24545454545454545,0.6545454545454545,0.7000000000000001,6.800000000000001,True,0.012845390878619753,6.004309937986599,0,,
365,367,0.4363636363636364,2.3000000000000003,0.3,0.7727272727272727,0.0,6.0,True,0.012435408426822009,6.003899955534801,0,,
366,368,0.33636363636363636,2.0,0.2181818181818182,0.7,0.0,6.800000000000001,True,0.005988691303656056,5.9974532384116355,0,,
368,370,0.015454545454545453,13.378989553171408,0.012727272727272728,0.019545454545454546,11.578989553171414,15.278989553171401,True,0.005462140677334624,5.996926687785313,0,,
369,371,0.10181818181818182,12.141976179932678,0.06818181818181819,0.1390909090909091,8.441976179932691,15.541976179932666,True,0.0037486107686184296,5.995213157876598,0,,
370,372,0.04090909090909091,9.728911417758642,0.03,0.05181818181818182,7.42891141775865,12.028911417758634,True,0.04035933567455015,6.031823882782529,0,,
371,373,0.04181818181818182,6.770952519478466,0.02909090909090909,0.05909090909090909,3.8709525194784637,9.97095251947847,True,0.026571187084364116,6.018035734192343,0,,
372,374,0.02727272727272727,24.406222209210195,0.015454545454545453,0.049090909090909095,19.70622220921013,29.206222209210264,True,0.02076770665652259,6.012232253764502,0,,
373,375,0.038181818181818185,10.17477714927875,0.028181818181818183,0.05454545454545455,7.674777149278759,13.374777149278739,True,0.05619942735772287,6.047663974465702,0,,
374,376,0.17545454545454547,10.221533052138637,0.15,0.2181818181818182,8.521533052138643,11.221533052138634,True,0.03276894019508331,6.0242334873030625,0,,
375,377,0.038181818181818185,11.21578666460495,0.028181818181818183,0.05090909090909091,8.815786664604959,14.01578666460494,True,0.00711558331673132,5.998580130424711,0,,
376,378,0.12272727272727273,12.386746394238784,0.10454545454545455,0.1409090909090909,10.68674639423879,13.886746394238779,False,0.007050608790758417,5.998515155898738,0,,
377,379,0.02909090909090909,10.220148069449927,0.023636363636363636,0.03909090909090909,8.420148069449933,12.420148069449919,True,0.026544036568673615,6.018008583676653,0,,
378,380,0.05181818181818182,8.495015159230146,0.04,0.0710909090909091,5.8950151592301445,11.39501515923015,True,0.005023544637898216,5.996488091745877,0,,
379,381,0.16272727272727272,11.99301069039707,0.14636363636363636,0.19454545454545455,10.793010690397074,13.293010690397065,False,0.09650446640520075,6.08796901351318,0,,
380,382,0.2272727272727273,2.9000000000000004,0.1972727272727273,0.2545454545454545,2.3000000000000003,3.5,False,0.225879247877639,6.217343794985618,0,,
382,384,0.04363636363636364,5.157419729005896,0.03,0.06181818181818182,2.257419729005896,8.357419729005894,True,0.05685218984417868,6.048316736952158,0,,
383,385,0.06454545454545454,13.26897519438519,0.04181818181818182,0.10181818181818182,9.168975194385204,17.568975194385175,True,0.004928634625154729,5.996393181733134,0,,
384,386,0.024545454545454544,14.535776004388167,0.019090909090909092,0.030909090909090907,12.435776004388174,16.735776004388157,True,0.0012137228289594959,5.992678269936938,0,,
385,387,0.03,8.868262475406258,0.025454545454545455,0.03727272727272728,7.168262475406257,10.36826247540626,True,0.11355311148917377,6.105017658597153,0,,
386,388,0.11181818181818182,10.254949269968094,0.09090909090909091,0.12818181818181817,8.3549492699681,11.854949269968088,False,0.07597439812593301,6.067438945233912,0,,
387,389,0.05545454545454545,11.108823996692905,0.04363636363636364,0.07363636363636364,8.708823996692914,13.808823996692896,True,0.01284834935226812,6.004312896460247,0,,
388,390,0.016363636363636365,14.928794794928908,0.011363636363636364,0.025454545454545455,11.82879479492892,18.428794794928898,True,0.005361882392742224,5.996826429500722,0,,
389,391,0.01681818181818182,12.713281702547592,0.012727272727272728,0.022727272727272728,10.2132817025476,15.113281702547583,True,0.02388929658470776,6.0153538436926866,0,,
390,392,0.37272727272727274,2.9000000000000004,0.2545454545454545,0.609090909090909,0.6000000000000001,6.1000000000000005,True,0.001242664862085578,5.992707211970065,0,,
391,393,0.1890909090909091,4.7,0.15181818181818182,0.2545454545454545,2.7,6.1000000000000005,True,0.017313295264562455,6.008777842372542,0,,
392,394,0.18363636363636365,8.558524424658177,0.16090909090909092,0.2090909090909091,7.458524424658176,9.258524424658178,False,0.014366867657170317,6.005831414765149,0,,
393,395,0.1090909090909091,10.187512570650705,0.07818181818181819,0.1390909090909091,7.087512570650716,12.787512570650696,True,0.0010291225624208967,5.9924936696704,0,,
394,396,0.7181818181818181,6.265174290243981,0.39090909090909093,1.4,2.165174290243977,10.965174290243986,True,0.00025991269469961993,5.991724459802679,0,,
395,397,0.44545454545454544,8.920957008448159,0.35454545454545455,0.6181818181818182,7.320957008448165,11.120957008448151,True,0.004259951423847467,5.9957244985318265,0,,
396,398,0.1972727272727273,4.5,0.16818181818181818,0.23636363636363636,3.7,5.300000000000001,False,0.03437504487013023,6.02583959197811,0,,
397,399,0.05545454545454545,12.500743198647804,0.045454545454545456,0.06818181818181819,10.70074319864781,14.600743198647796,False,0.05213820607066575,6.043602753178645,0,,
398,400,0.02,12.523919142418018,0.015454545454545453,0.028181818181818183,10.523919142418025,15.523919142418007,True,0.06422609791206527,6.055690645020045,0,,
399,401,0.17545454545454547,18.603853425963827,0.15181818181818182,0.2181818181818182,17.003853425963833,19.503853425963825,True,0.10314667179812093,6.0946112189061,0,,
400,402,0.16818181818181818,15.025512201903231,0.14272727272727273,0.2181818181818182,12.925512201903238,16.325512201903226,True,0.026389712428933947,6.017854259536913,0,,
401,403,0.01863636363636364,11.851998413898565,0.015,0.022727272727272728,10.151998413898571,13.45199841389856,True,0.044967290875826356,6.036431837983805,0,,
402,404,0.022727272727272728,10.429809650039909,0.019090909090909092,0.028181818181818183,9.029809650039914,12.329809650039902,True,0.08301169204564071,6.074476239153619,0,,
403,405,0.05909090909090909,6.717779792054859,0.04454545454545455,0.08181818181818182,4.017779792054856,10.017779792054863,True,0.036190724403789364,6.027655271511769,0,,
404,406,0.03909090909090909,14.048635150909602,0.02727272727272727,0.05909090909090909,11.048635150909613,17.94863515090959,True,0.0208318374138314,6.01229638452181,0,,
405,407,0.05,5.6345983977925,0.04272727272727273,0.05909090909090909,4.0345983977925,7.134598397792499,False,0.0447078684312544,6.036172415539234,0,,
406,408,0.6363636363636364,5.4241819752598985,0.2909090909090909,1.4,0.4241819752598994,10.424181975259899,True,0.004919903419817903,5.996384450527797,0,,
407,409,0.012272727272727272,18.30065387736193,0.01,0.01818181818181818,16.20065387736194,21.50065387736192,True,0.0372926879770978,6.028757235085076,0,,
408,410,0.030909090909090907,4.4,0.026363636363636363,0.03909090909090909,2.9000000000000004,6.0,True,0.03358984891356572,6.025054396021544,0,,
409,411,0.2909090909090909,6.5802439207536345,0.23636363636363636,0.36363636363636365,5.480243920753634,7.980243920753637,True,0.08878938659232077,6.0802539337003,0,,
410,412,0.05,11.627070178032076,0.038181818181818185,0.06909090909090909,9.027070178032085,14.527070178032066,True,0.0219104396719239,6.013374986779903,0,,
411,413,0.03,6.277373204037885,0.02181818181818182,0.046363636363636364,3.3773732040378825,9.677373204037888,True,0.02543343114961019,6.016897978257589,0,,
412,414,0.2,10.786677066011045,0.16636363636363638,0.24545454545454545,9.686677066011049,11.786677066011041,True,0.002417527539822238,5.993882074647801,0,,
413,415,0.038181818181818185,13.408974295356757,0.028181818181818183,0.05181818181818182,10.908974295356765,16.308974295356748,True,0.016459670414644606,6.007924217522624,0,,
414,416,0.2727272727272727,1.2000000000000002,0.2181818181818182,0.33636363636363636,0.0,2.5,True,0.010592039438254545,6.002056586546233,0,,
415,417,0.15,7.85012537265147,0.11727272727272728,0.19454545454545455,5.150125372651468,10.050125372651472,True,0.010437807227235219,6.001902354335214,0,,
417,419,0.014090909090909091,6.959016754403835,0.011818181818181818,0.016363636363636365,5.459016754403833,8.159016754403837,True,0.089534887596177,6.080999434704156,0,,
418,420,0.19181818181818183,4.800000000000001,0.15363636363636363,0.2545454545454545,2.9000000000000004,6.300000000000001,True,0.0011261393234264058,5.992590686431406,0,,
419,421,0.03,9.079695445406552,0.025454545454545455,0.038181818181818185,7.479695445406557,10.779695445406546,True,0.0626197085105015,6.054084255618481,0,,
420,422,0.05818181818181818,14.251389254956308,0.04727272727272727,0.07254545454545454,12.351389254956315,16.4513892549563,False,0.03194976793778338,6.023414315045763,0,,
421,423,0.13363636363636364,6.539437771949529,0.11363636363636363,0.15363636363636363,4.6394377719495274,8.03943777194953,False,0.0163872537168622,6.007851800824842,0,,
422,424,0.3,5.9990029415358865,0.2636363636363636,0.36363636363636365,5.199002941535886,7.199002941535888,True,0.07566166502001244,6.067126212127992,0,,
423,425,0.19454545454545455,11.771262345477483,0.1590909090909091,0.2545454545454545,10.171262345477489,13.071262345477479,True,0.019478506351763618,6.010943053459743,0,,
425,427,0.12636363636363637,13.807383939574843,0.10181818181818182,0.1481818181818182,11.407383939574851,15.607383939574836,False,0.008229763991737749,5.9996943110997165,0,,
426,428,0.2272727272727273,6.966018326971837,0.1590909090909091,0.3090909090909091,4.666018326971836,8.666018326971837,True,0.012790176428070284,6.004254723536049,0,,
427,429,0.03,11.519535319848373,0.022727272727272728,0.04181818181818182,9.019535319848382,14.019535319848364,True,0.006570736862632175,5.998035283970611,0,,
428,430,0.16272727272727272,12.540863570087664,0.12818181818181817,0.2181818181818182,9.740863570087674,14.440863570087657,True,0.017726793766144416,6.009191340874123,0,,
429,431,0.02727272727272727,6.40114457169963,0.023636363636363636,0.03272727272727273,5.1011445716996295,8.001144571699632,False,0.017011462140072087,6.008476009248051,0,,
431,433,0.016363636363636365,5.736693988477841,0.013181818181818182,0.02090909090909091,3.936693988477841,7.73669398847784,True,0.01543050048059093,6.00689504758857,0,,
432,434,0.38181818181818183,5.10539177298009,0.32727272727272727,0.4545454545454546,4.10539177298009,6.305391772980089,True,0.027487491053561495,6.01895203816154,0,,
433,435,0.024545454545454544,9.92989396135794,0.019090909090909092,0.030909090909090907,7.929893961357948,11.929893961357934,True,0.02635667081093728,6.017821217918916,0,,
434,436,0.017272727272727273,13.40724858785152,0.013636363636363636,0.022727272727272728,11.407248587851527,15.607248587851512,True,0.013203335114763307,6.004667882222742,0,,
435,437,0.1481818181818182,7.239907828429649,0.11181818181818182,0.19454545454545455,4.039907828429646,9.539907828429651,True,0.007379959457564063,5.998844506565543,0,,
436,438,0.09181818181818181,13.804979650464524,0.06818181818181819,0.1190909090909091,10.904979650464535,16.304979650464517,False,0.0034709141743414786,5.994935461282321,0,,
437,439,0.1809090909090909,16.729650179421135,0.15181818181818182,0.2272727272727273,14.829650179421144,17.729650179421135,True,0.004537261466314818,5.996001808574293,0,,
438,440,0.04363636363636364,9.880169771962386,0.034545454545454546,0.05545454545454545,7.980169771962393,12.180169771962378,True,0.02861539648315347,6.020079943591132,0,,
439,441,0.012727272727272728,14.53120368584817,0.01,0.022727272727272728,12.03120368584818,19.131203685848156,True,0.0001604058036924466,5.991624952911671,0,,
440,442,0.024545454545454544,10.728010153927555,0.017727272727272727,0.03363636363636364,8.128010153927564,13.428010153927545,True,0.034410497314838924,6.025875044422818,0,,
441,443,0.36363636363636365,2.0,0.24545454545454545,0.8181818181818182,0.0,7.0,True,0.0015484330786004036,5.993012980186579,0,,
442,444,0.06545454545454546,6.454133573886047,0.04363636363636364,0.1,2.7541335738860435,10.45413357388605,True,0.011061513863448686,6.0025260609714275,0,,
444,446,0.1890909090909091,8.67959975201931,0.1572727272727273,0.2272727272727273,7.079599752019309,9.57959975201931,True,0.02783498284118258,6.019299529949162,0,,
445,447,0.017727272727272727,5.4,0.014090909090909091,0.02181818181818182,3.5,7.1000000000000005,True,0.0974570276923599,6.088921574800339,0,,
446,448,0.015,12.115206601008975,0.01,0.025454545454545455,8.615206601008987,16.21520660100896,True,0.01362037529398243,6.005084922401961,0,,
447,449,0.2909090909090909,4.2,0.2181818181818182,0.4,2.7,6.300000000000001,True,0.010973569177781023,6.00243811628576,0,,
448,450,0.07818181818181819,7.09663046537014,0.057272727272727274,0.10636363636363637,4.096630465370138,9.896630465370142,True,0.005321600560340848,5.9967861476683195,0,,
449,451,0.23636363636363636,6.633886346254437,0.18363636363636365,0.2909090909090909,5.5338863462544365,7.833886346254438,True,0.004841426474968987,5.996305973582948,0,,
450,452,0.16454545454545455,5.847558444781464,0.12272727272727273,0.2545454545454545,2.447558444781462,8.147558444781467,True,0.03131388473801361,6.0227784318459925,0,,
451,453,0.026363636363636363,10.884627588429796,0.02,0.035454545454545454,8.684627588429803,13.184627588429787,True,0.05971577723015312,6.051180324338132,0,,
452,454,0.02,9.08210362676603,0.015454545454545453,0.02727272727272727,7.082103626766036,11.58210362676602,True,0.03615173875772829,6.027616285865707,0,,
453,455,0.2727272727272727,8.624540168459761,0.2181818181818182,0.34545454545454546,7.424540168459766,10.124540168459756,True,0.06599523826718819,6.057459785375167,0,,
454,456,0.057272727272727274,9.048157784654105,0.04181818181818182,0.07681818181818181,6.148157784654115,11.948157784654095,True,0.02315736895504566,6.0146219160630245,0,,
455,457,0.04363636363636364,15.989817533286974,0.03727272727272728,0.056363636363636366,14.589817533286979,18.389817533286966,True,0.18106588325623535,6.172530430364215,0,,
456,458,0.7727272727272727,2.6,0.4545454545454546,1.4,0.0,7.4,True,0.0012789882251281266,5.9927435353331076,0,,
457,459,0.2818181818181818,7.101661831609116,0.23636363636363636,0.35454545454545455,6.101661831609114,8.501661831609116,True,0.0243501208321778,6.015814667940157,0,,
458,460,0.02,14.443759497713502,0.013181818181818182,0.03363636363636364,10.843759497713515,18.64375949771349,True,0.027495813430536822,6.018960360538516,0,,
460,462,0.12090909090909091,12.382936040968838,0.08363636363636363,0.1590909090909091,8.78293604096885,15.482936040968827,True,0.025051295621511916,6.016515842729491,0,,
461,463,0.04181818181818182,12.205349814759229,0.026363636363636363,0.06727272727272728,8.405349814759242,16.605349814759215,True,0.005110504537518234,5.996575051645498,0,,
462,464,0.35454545454545455,1.1,0.2636363636363636,0.7727272727272727,0.0,5.9,True,0.00562896839129309,5.997093515499272,0,,
463,465,0.019545454545454546,12.789390331017044,0.013181818181818182,0.031818181818181815,9.489390331017056,16.88939033101703,True,0.012640395314627488,6.0041049424226065,0,,
464,466,0.44545454545454544,9.23235892012587,0.33636363636363636,0.6181818181818182,7.332358920125877,11.332358920125863,True,0.06323254551499201,6.054697092622971,0,,
465,467,0.034545454545454546,11.536320213953898,0.023636363636363636,0.053636363636363635,8.436320213953909,15.536320213953884,True,0.007202691655586547,5.998667238763566,0,,
466,468,0.07772727272727273,8.962723782237209,0.04818181818181819,0.12090909090909091,4.462723782237225,13.162723782237194,True,0.001592962808076169,5.9930575099160555,0,,
467,469,0.038181818181818185,9.11600360834689,0.02727272727272727,0.05454545454545455,6.4160036083469,12.416003608346879,True,0.004756283934677935,5.996220831042657,0,,
468,470,0.7181818181818181,2.0,0.4636363636363636,1.4,0.0,6.9,True,6.840493772421389e-05,5.991532952045703,0,,
469,471,0.38181818181818183,5.057786685263946,0.3,0.4909090909090909,3.6577866852639467,6.857786685263946,True,0.05204382728335537,6.043508374391334,0,,
470,472,0.11181818181818182,6.063930983450377,0.0710909090909091,0.15,1.7639309834503778,9.363930983450377,True,0.013339720779532483,6.004804267887511,0,,
471,473,0.06363636363636364,10.290587806549311,0.04272727272727273,0.09636363636363636,6.490587806549325,14.190587806549297,True,0.025005326300368048,6.016469873408347,0,,
472,474,0.04,10.694467856254398,0.03,0.053636363636363635,8.494467856254406,13.394467856254389,True,0.05822159924114062,6.04968614634912,0,,
473,475,0.04363636363636364,16.370854776736845,0.026363636363636363,0.07545454545454545,12.17085477673686,21.570854776736827,True,0.011309817307181875,6.002774364415161,0,,
474,476,0.13,7.622280817842027,0.09545454545454546,0.16090909090909092,4.422280817842024,10.122280817842029,True,0.0009367475702322838,5.992401294678212,0,,
475,477,0.07590909090909091,8.587776499120686,0.06,0.09909090909090909,6.187776499120684,10.887776499120688,False,0.04572025046022429,6.037184797568203,0,,
476,478,0.04181818181818182,7.378843184051043,0.026363636363636363,0.06909090909090909,3.5788431840510397,12.178843184051047,True,0.00930398298450366,6.000768530092483,0,,
477,479,0.2909090909090909,4.9,0.2181818181818182,0.39090909090909093,3.3000000000000003,6.800000000000001,True,0.08091592411942104,6.0723804712274,0,,
478,480,0.2181818181818182,6.415886597878743,0.15363636363636363,0.3090909090909091,4.015886597878741,8.415886597878746,True,0.010674878719908885,6.002139425827888,0,,
479,481,0.13363636363636364,8.273000481975183,0.08636363636363636,0.17545454545454547,3.9730004819751796,11.273000481975187,True,0.016111700991260493,6.007576248099239,0,,
481,483,0.10090909090909092,5.907414630279796,0.056363636363636366,0.1590909090909091,0.9074146302797912,10.9074146302798,True,0.0010252754472002364,5.9924898225551795,0,,
482,484,0.01681818181818182,4.2,0.013181818181818182,0.022727272727272728,2.1,6.6000000000000005,True,0.024961009384485432,6.0164255564924645,0,,
483,485,0.1409090909090909,9.029966014834361,0.10818181818181818,0.17545454545454547,6.229966014834371,11.629966014834352,True,0.006834976586882027,5.998299523694861,0,,
484,486,0.035454545454545454,6.373641612413563,0.024545454545454544,0.05454545454545455,3.27364161241356,10.173641612413565,True,0.03889595636300259,6.030360503470981,0,,
486,488,0.2272727272727273,42.400254961031486,0.13727272727272727,0.4,38.50025496103143,45.60025496103153,False,0.014120962344757413,6.005585509452737,0,,
487,489,0.17545454545454547,11.863936117729466,0.14272727272727273,0.23636363636363636,9.563936117729474,13.263936117729461,True,0.0029855410483408725,5.99445008815632,0,,
489,491,0.02727272727272727,13.320624764355578,0.02,0.03909090909090909,10.720624764355588,16.22062476435557,True,0.0533623435074559,6.044826890615435,0,,
491,493,0.08545454545454545,10.803578405047514,0.06,0.11727272727272728,7.303578405047526,13.803578405047503,True,0.0003245184298930506,5.991789065537872,0,,
492,494,0.014545454545454545,17.23582143528242,0.01,0.02181818181818182,14.035821435282433,20.43582143528241,True,0.02649534740112335,6.017959894509103,0,,
493,495,0.14272727272727273,8.699336328649446,0.1090909090909091,0.17272727272727273,5.899336328649444,10.999336328649449,True,0.015503960677542283,6.006968507785522,0,,
494,496,0.03,12.954840547530573,0.023636363636363636,0.04181818181818182,10.654840547530581,15.454840547530564,True,0.0018082925848927319,5.993272839692872,0,,
495,497,0.04727272727272727,8.308678602514725,0.03,0.07445454545454545,4.508678602514738,12.50867860251471,True,0.014536723658209726,6.0060012707661885,0,,
496,498,0.15,32.44274244800065,0.09727272727272727,0.2181818181818182,27.842742448000585,35.34274244800069,True,0.005931558286116005,5.997396105394095,0,,
497,499,0.03909090909090909,12.188670079026538,0.028181818181818183,0.05545454545454545,9.488670079026548,15.388670079026527,True,0.006567021494965264,5.998031568602944,0,,
498,500,0.035454545454545454,22.30372634273148,0.025454545454545455,0.049090909090909095,19.50372634273144,25.303726342731522,True,0.06311656354334215,6.054581110651321,0,,
499,501,0.024545454545454544,14.57365555518077,0.014545454545454545,0.04363636363636364,10.373655555180784,19.273655555180753,True,0.020902088277471656,6.012366635385451,0,,
500,502,0.03272727272727273,12.595859966278875,0.022727272727272728,0.049090909090909095,9.595859966278885,16.19585996627886,True,0.013829061645009615,6.0052936087529885,0,,
501,503,0.08636363636363636,7.294874901442896,0.06636363636363636,0.11,4.594874901442894,9.494874901442898,False,0.01448124678388589,6.005945793891865,0,,
504,506,0.11363636363636363,7.815031052023421,0.08181818181818182,0.1481818181818182,4.715031052023418,10.715031052023424,True,0.03682524191815967,6.028289789026139,0,,
505,507,0.05181818181818182,12.536018413137185,0.035454545454545454,0.075,9.136018413137197,16.136018413137172,True,0.025977981222019105,6.017442528329998,0,,
506,508,0.11363636363636363,12.801672233926412,0.08090909090909092,0.15,9.601672233926424,15.801672233926402,True,0.0340314699620568,6.025496017070036,0,,
507,509,0.03636363636363636,10.565495340498966,0.028181818181818183,0.04727272727272727,8.465495340498974,12.965495340498958,True,0.10765503612387531,6.099119583231855,0,,
508,510,0.04181818181818182,11.781109410329131,0.02909090909090909,0.06181818181818182,8.881109410329142,15.381109410329119,True,0.03254536324907902,6.024009910357058,0,,
509,511,0.07163636363636364,30.01065056896891,0.03909090909090909,0.13,25.11065056896884,35.11065056896898,True,0.0002001173771349302,5.991664664485114,0,,
510,512,0.12272727272727273,7.576826171703574,0.09454545454545454,0.15,4.976826171703571,9.776826171703576,False,0.0015312135620027091,5.992995760669982,0,,
511,513,0.17272727272727273,11.649087346551338,0.13545454545454547,0.24545454545454545,8.849087346551348,13.149087346551333,True,0.0006736578077291924,5.992138204915708,0,,
512,514,0.2727272727272727,3.3000000000000003,0.1972727272727273,0.36363636363636365,1.7000000000000002,5.0,True,0.019185798115160434,6.01065034522314,0,,
514,516,0.08636363636363636,6.154861306440194,0.05454545454545455,0.12818181818181817,1.6548613064401896,10.054861306440197,True,0.0009900653654893333,5.992454612473469,0,,
515,517,0.2636363636363636,3.3000000000000003,0.2,0.33636363636363636,2.0,4.7,True,0.0016826619160711894,5.99314720902405,0,,
516,518,0.23636363636363636,4.6000000000000005,0.18363636363636365,0.2909090909090909,3.5,5.800000000000001,True,0.06608817089682052,6.0575527180048,0,,
517,519,0.16818181818181818,11.89540736097885,0.13545454545454547,0.2272727272727273,9.19540736097886,13.395407360978846,True,0.020248216151950833,6.01171276325993,0,,
518,520,0.046363636363636364,22.565504052361057,0.03,0.07090909090909091,18.865504052361004,26.565504052361113,True,0.009091580826048804,6.000556127934028,0,,
519,521,0.2090909090909091,9.459849796877263,0.16090909090909092,0.2727272727272727,7.859849796877269,10.859849796877258,True,0.03406944117784199,6.025533988285821,0,,
520,522,0.023636363636363636,11.5121308743311,0.01818181818181818,0.031818181818181815,9.412130874331108,14.012130874331092,True,0.03899859500848102,6.03046314211646,0,,
522,524,0.019090909090909092,12.63159354472705,0.014545454545454545,0.025454545454545455,10.331593544727058,15.031593544727041,True,0.004415040955064939,5.995879588063044,0,,
523,525,0.026363636363636363,14.563058551178335,0.01681818181818182,0.04272727272727273,10.963058551178348,18.563058551178322,True,0.00041638042033861303,5.991880927528317,0,,
524,526,0.02727272727272727,13.2293190581115,0.02,0.03909090909090909,10.729319058111509,16.12931905811149,True,0.013321488211032542,6.004786035319012,0,,
525,527,0.1390909090909091,6.650557479007403,0.11363636363636363,0.16272727272727272,4.450557479007401,8.450557479007404,False,0.024587552525249,6.016052099633228,0,,
526,528,0.09272727272727273,6.768735166043134,0.06909090909090909,0.1190909090909091,3.8687351660431313,9.268735166043136,False,0.0020706917918110737,5.99353523889979,0,,
527,529,0.05909090909090909,7.51137822006389,0.04181818181818182,0.08090909090909092,4.3113782200638875,10.711378220063892,True,0.022142845890025062,6.013607392998004,0,,
528,530,0.012272727272727272,15.061076380901943,0.01,0.017727272727272727,13.06107638090195,18.06107638090193,True,0.011444058080862532,6.002908605188842,0,,
529,531,0.11545454545454546,8.10895777824496,0.08363636363636363,0.14272727272727273,5.208957778244958,10.508957778244962,False,0.031121226214065933,6.022585773322045,0,,
530,532,0.015,19.65966169590009,0.011363636363636364,0.022727272727272728,17.1596616959001,22.85966169590008,True,0.01405799745226256,6.005522544560241,0,,
531,533,0.38181818181818183,8.080037193239832,0.3090909090909091,0.4545454545454546,6.680037193239832,9.180037193239833,True,0.11745957058427398,6.108924117692253,0,,
532,534,0.05181818181818182,2.4000000000000004,0.04,0.06818181818181819,0.0,4.9,True,0.016845706289967774,6.008310253397947,0,,
533,535,0.07054545454545455,14.005716269315252,0.04818181818181819,0.10090909090909092,10.305716269315266,17.30571626931524,True,0.004547219806812078,5.996011766914791,0,,
534,536,0.013636363636363636,11.222885948316017,0.010454545454545454,0.01863636363636364,8.922885948316026,13.622885948316009,True,0.003770140624860263,5.9952346877328395,0,,
535,537,0.15,15.825933320116839,0.12090909090909091,0.1781818181818182,13.525933320116847,17.72593332011683,True,0.012551336753775321,6.004015883861754,0,,
536,538,0.014090909090909091,17.51791995816408,0.010454545454545454,0.02090909090909091,14.91791995816409,20.717919958164067,True,0.017176422299080896,6.00864096940706,0,,
537,539,0.4727272727272727,7.9089763364267185,0.37272727272727274,0.6363636363636364,6.308976336426717,9.70897633642672,True,0.04232288723843926,6.033787434346419,0,,
538,540,0.023636363636363636,14.10267555846526,0.017727272727272727,0.031818181818181815,11.702675558465268,16.60267555846525,True,0.08759471590948553,6.079059263017465,0,,
539,541,0.16454545454545455,4.800000000000001,0.15,0.19454545454545455,3.6,5.800000000000001,False,0.061773053306076464,6.053237600414056,0,,
540,542,0.2181818181818182,6.326878272479981,0.18636363636363637,0.2545454545454545,5.62687827247998,7.226878272479982,False,0.18056380626438107,6.17202835337236,0,,
541,543,0.056363636363636366,11.690959311318165,0.04,0.08,8.490959311318177,15.190959311318153,True,0.004553595102740398,5.996018142210719,0,,
542,544,0.6,7.662585791307883,0.4,1.1181818181818182,4.96258579130788,11.762585791307886,True,0.008958875828374525,6.000423422936354,0,,
543,545,0.015909090909090907,13.100821290875954,0.011363636363636364,0.023636363636363636,10.300821290875964,16.300821290875945,True,0.005506684055284111,5.996971231163263,0,,
544,546,0.23636363636363636,5.404727886055054,0.1590909090909091,0.34545454545454546,3.004727886055054,7.504727886055053,True,0.005000724189467573,5.996465271297446,0,,
545,547,0.3181818181818182,7.938608814512266,0.2636363636363636,0.38181818181818183,6.738608814512265,9.138608814512267,True,0.0730301414111882,6.064494688519167,0,,
546,548,0.2181818181818182,6.562218584770693,0.1590909090909091,0.3,4.4622185847706906,8.262218584770695,True,0.007831961180705406,5.999296508288684,0,,
547,549,0.07036363636363636,8.014329904643297,0.053636363636363635,0.09090909090909091,5.414329904643296,10.6143299046433,True,0.003336205731475696,5.9948007528394545,0,,
548,550,0.2181818181818182,8.745769408506998,0.16272727272727272,0.2818181818181818,7.045769408506995,10.145769408506998,True,0.024032484276616056,6.015497031384595,0,,
549,551,0.023636363636363636,15.092641041662263,0.017272727272727273,0.030909090909090907,12.492641041662273,17.492641041662253,True,0.029530531662935552,6.020995078770914,0,,
550,552,0.02727272727272727,8.723199682568385,0.019545454545454546,0.04,6.023199682568383,11.723199682568389,True,0.008608255263628945,6.000072802371608,0,,
552,554,0.02181818181818182,17.48829074620347,0.014090909090909091,0.035454545454545454,13.788290746203485,21.38829074620346,True,0.03142006948381578,6.022884616591795,0,,
553,555,0.13545454545454547,13.310581337775002,0.09636363636363636,0.17,9.710581337775015,15.910581337774993,True,0.010383607249361807,6.001848154357341,0,,
554,556,0.03272727272727273,12.14616634107963,0.023636363636363636,0.04727272727272727,9.24616634107964,15.246166341079618,True,0.0018524451689142412,5.993316992276894,0,,
555,557,0.02181818181818182,13.597147638038264,0.01818181818181818,0.026363636363636363,11.99714763803827,15.197147638038258,True,0.06174045894208924,6.053205006050068,0,,
556,558,0.01863636363636364,6.628038168294709,0.013636363636363636,0.026363636363636363,4.028038168294707,9.52803816829471,True,0.018621016319949803,6.010085563427928,0,,
557,559,0.2727272727272727,4.2,0.1890909090909091,0.38181818181818183,2.4000000000000004,6.300000000000001,True,0.01003121404317217,6.001495761151151,0,,
558,560,0.03272727272727273,14.2094617158585,0.023636363636363636,0.049090909090909095,11.40946171585851,17.709461715858488,True,0.029636873168099133,6.021101420276078,0,,
559,561,0.13727272727272727,10.956063169966797,0.11363636363636363,0.1572727272727273,8.956063169966804,12.55606316996679,False,0.009371246174746663,6.000835793282726,0,,
560,562,0.03727272727272728,11.799172287980387,0.030909090909090907,0.046363636363636364,10.299172287980392,13.69917228798038,True,0.09522311062418035,6.08668765773216,0,,
561,563,0.44545454545454544,1.2000000000000002,0.33636363636363636,1.0181818181818183,0.0,6.300000000000001,True,0.0003549617203783759,5.991819508828358,0,,
562,564,0.07636363636363636,14.663290882027814,0.053636363636363635,0.10727272727272727,11.263290882027826,17.763290882027803,True,0.00733910162483708,5.9988036487328165,0,,
563,565,0.1390909090909091,12.894585430865837,0.11181818181818182,0.16454545454545455,10.394585430865845,14.89458543086583,True,0.01819742302251034,6.009661970130489,0,,
564,566,0.24545454545454545,4.5,0.1809090909090909,0.3090909090909091,3.1,5.800000000000001,True,0.017625339492705186,6.009089886600684,0,,
565,567,0.07909090909090909,8.843886410086427,0.057272727272727274,0.10818181818181818,5.643886410086438,11.643886410086417,True,0.0030336563024982188,5.994498203410477,0,,
566,568,0.2727272727272727,8.574825612778469,0.23636363636363636,0.32727272727272727,7.774825612778468,9.574825612778469,True,0.03993381835140914,6.031398365459388,0,,
567,569,0.04818181818181819,12.253250160419938,0.03727272727272728,0.06363636363636364,9.953250160419946,14.75325016041993,True,0.007472530063751958,5.998937077171731,0,,
568,570,0.030909090909090907,5.611257615477098,0.022727272727272728,0.045454545454545456,2.9112576154770986,8.711257615477097,True,0.0005632446737912722,5.99202779178177,0,,
569,571,0.12454545454545454,11.499810326863669,0.09272727272727273,0.15181818181818182,8.599810326863679,13.69981032686366,False,0.0038598544597682498,5.995324401567747,0,,
570,572,0.2727272727272727,3.8000000000000003,0.2181818181818182,0.33636363636363636,2.7,5.1000000000000005,True,0.05174208670831651,6.043206633816296,0,,
571,573,0.014090909090909091,10.606751136711047,0.011363636363636364,0.019090909090909092,8.606751136711054,13.006751136711038,True,0.06293117381762986,6.0543957209256085,0,,
572,574,0.09272727272727273,10.203894302959041,0.06727272727272728,0.12454545454545454,7.003894302959052,13.10389430295903,True,0.03052942824795622,6.021993975355935,0,,
573,575,0.17545454545454547,3.4000000000000004,0.1572727272727273,0.2090909090909091,2.2,4.2,False,0.019647410293099937,6.011111957401079,0,,
574,576,0.2818181818181818,12.716074831760032,0.23636363636363636,0.34545454545454546,11.716074831760036,14.016074831760028,True,0.06367386101607886,6.055138408124058,0,,
575,577,0.08545454545454545,5.499301547372014,0.06545454545454546,0.11181818181818182,2.799301547372015,7.999301547372014,False,0.0047534450999219945,5.996217992207901,0,,
577,579,0.025454545454545455,12.507589542567802,0.02090909090909091,0.030909090909090907,10.907589542567807,14.407589542567795,True,0.08412263782843789,6.075587184936417,0,,
578,580,0.2181818181818182,9.084898916442432,0.15363636363636363,0.3090909090909091,6.58489891644243,11.084898916442434,True,0.02099939418712966,6.012463941295109,0,,
579,581,0.04,14.714578339115258,0.02727272727272727,0.057272727272727274,11.714578339115269,18.114578339115248,True,0.06855406413649573,6.060018611244475,0,,
580,582,0.1,12.127682006258594,0.07727272727272727,0.12090909090909091,9.827682006258602,14.127682006258587,False,0.018512440931118503,6.009976988039098,0,,
581,583,0.10727272727272727,17.36667608330695,0.06727272727272728,0.15181818181818182,12.766676083306965,21.066676083306938,True,0.01399986729694434,6.005464414404924,0,,
582,584,0.028181818181818183,12.883741400752593,0.023636363636363636,0.038181818181818185,11.183741400752599,15.183741400752584,True,0.12514723112957163,6.116611778237551,0,,
583,585,0.017272727272727273,10.807746084276014,0.014090909090909091,0.02181818181818182,9.20774608427602,12.907746084276006,True,0.09830764633719155,6.089772193445171,0,,
584,586,0.15363636363636363,8.667599664292437,0.13181818181818183,0.1781818181818182,7.067599664292436,10.267599664292439,False,0.0014512976629263822,5.992915844770906,0,,
585,587,0.16090909090909092,11.257057871290785,0.13,0.2,8.857057871290793,12.85705787129078,True,0.017905641109768642,6.009370188217748,0,,
586,588,0.13181818181818183,9.735741437965526,0.09636363636363636,0.16090909090909092,6.535741437965537,11.935741437965518,True,0.032734359990518165,6.024198907098497,0,,
588,590,0.32727272727272727,4.1000000000000005,0.2545454545454545,0.4181818181818182,2.6,5.800000000000001,True,0.03133417651412539,6.022798723622104,0,,
589,591,0.03727272727272728,11.407992508154454,0.028181818181818183,0.049090909090909095,9.207992508154462,14.107992508154444,True,0.007558244462747534,5.999022791570726,0,,
590,592,0.04272727272727273,16.583693627031412,0.03363636363636364,0.05272727272727273,14.683693627031419,18.683693627031403,True,0.10158561478914399,6.093050161897123,0,,
592,594,0.2636363636363636,2.0,0.2090909090909091,0.3181818181818182,0.9,3.1,True,0.028047187072523783,6.019511734180503,0,,
593,595,0.2636363636363636,7.538359773493942,0.2181818181818182,0.3090909090909091,6.538359773493941,8.538359773493942,True,0.028421399422900638,6.01988594653088,0,,
594,596,0.03363636363636364,7.039631200159681,0.026363636363636363,0.046363636363636364,5.039631200159679,9.739631200159684,True,0.020742263812287626,6.012206810920267,0,,
595,597,0.08,13.425078995164274,0.06,0.10545454545454545,10.425078995164284,15.825078995164265,True,0.005565852134965713,5.997030399242945,0,,
596,598,0.015909090909090907,19.72316066772556,0.01090909090909091,0.026363636363636363,16.323160667725574,23.823160667725546,True,0.021845230260703227,6.013309777368682,0,,
597,599,0.2727272727272727,9.840792011257246,0.2272727272727273,0.33636363636363636,8.74079201125725,11.140792011257242,True,0.08621157934309051,6.0776761264510695,0,,
598,600,0.2272727272727273,7.590193652591993,0.17545454545454547,0.2818181818181818,6.4901936525919925,8.890193652591995,True,0.002816640831911753,5.994281187939891,0,,
599,601,0.03272727272727273,5.99481472163345,0.025454545454545455,0.04181818181818182,3.89481472163345,7.99481472163345,True,0.040624950617420566,6.0320894977254,0,,
600,602,0.034545454545454546,22.435545280076532,0.025454545454545455,0.049090909090909095,19.835545280076495,25.635545280076578,True,0.021855175947395174,6.013319723055374,0,,
601,603,0.015909090909090907,3.2,0.013636363636363636,0.019090909090909092,1.9000000000000001,4.6000000000000005,True,0.05604282129445067,6.04750736840243,0,,
602,604,0.026363636363636363,11.633243294167132,0.016363636363636365,0.04363636363636364,7.833243294167145,15.833243294167117,True,0.03448877101483324,6.025953318122812,0,,
604,606,0.1390909090909091,5.1000000000000005,0.11363636363636363,0.16090909090909092,2.9000000000000004,6.9,False,0.00790922709460122,5.999373774202581,0,,
606,608,0.8727272727272728,1.0,0.6454545454545454,1.4,0.0,5.1000000000000005,True,0.00042682141308093586,5.99189136852106,0,,
607,609,0.05545454545454545,16.913089669291182,0.04363636363636364,0.07309090909090908,14.713089669291188,19.61308966929117,True,0.01736666994016766,6.008831217048146,0,,
608,610,0.06636363636363636,8.853506645391338,0.04454545454545455,0.09727272727272727,5.053506645391334,12.453506645391341,True,0.037836507219707834,6.029301054327687,0,,
609,611,0.17545454545454547,9.95766134408082,0.15181818181818182,0.2181818181818182,8.357661344080826,11.057661344080817,True,0.040293720549147816,6.031758267657127,0,,
610,612,0.022727272727272728,19.069861748372055,0.016363636363636365,0.030909090909090907,16.469861748372068,21.769861748372048,True,0.053956165969038995,6.045420713077018,0,,
611,613,0.34545454545454546,7.461730304419854,0.2545454545454545,0.5,5.561730304419852,9.861730304419856,True,0.024029132716436013,6.015493679824415,0,,
612,614,0.10181818181818182,18.438140697217392,0.07227272727272727,0.13,15.338140697217401,21.13814069721738,True,0.0014916710351620026,5.992956218143141,0,,
613,615,0.23636363636363636,10.194675876684677,0.2090909090909091,0.2636363636363636,9.49467587668468,10.794675876684675,False,0.15424309215966314,6.145707639267642,0,,
614,616,0.4636363636363636,4.678816492181385,0.34545454545454546,0.790909090909091,2.6788164921813844,8.178816492181383,True,0.035423534681892965,6.026888081789872,0,,
615,617,0.10363636363636364,19.645379029320896,0.07309090909090908,0.13,16.445379029320907,22.245379029320887,True,0.02230471451846055,6.0137692616264395,0,,
616,618,0.03909090909090909,6.467609224843528,0.028181818181818183,0.057272727272727274,3.8676092248435254,9.967609224843532,True,0.045869638730478966,6.037334185838458,0,,
617,619,0.012272727272727272,17.436443344406033,0.01,0.016363636363636365,15.63644334440604,19.936443344406023,True,0.0031359755424455863,5.994600522650424,0,,
618,620,0.04818181818181819,8.70376777814543,0.038181818181818185,0.06272727272727273,6.603767778145437,11.203767778145421,True,0.01985266655991706,6.011317213667896,0,,
619,621,0.04090909090909091,15.643637883208594,0.02909090909090909,0.057272727272727274,12.943637883208604,18.843637883208583,True,0.024738006369491673,6.016202553477471,0,,
620,622,0.07954545454545454,11.565456250458107,0.06,0.10545454545454545,8.765456250458117,14.065456250458098,True,9.750691388893505e-05,5.991562054021868,0,,
622,624,0.2545454545454545,4.800000000000001,0.2090909090909091,0.3181818181818182,3.7,6.0,True,0.01088439580459524,6.002348942912574,0,,
623,625,0.3181818181818182,7.105903523741515,0.2636363636363636,0.4,5.905903523741514,8.605903523741517,True,0.003804940615150995,5.99526948772313,0,,
624,626,0.045454545454545456,6.780964804335331,0.034545454545454546,0.06181818181818182,4.380964804335328,9.580964804335334,True,0.013523763391803174,6.004988310499782,0,,
625,627,0.10181818181818182,9.669876997893505,0.07418181818181818,0.13,6.769876997893515,12.369876997893495,True,0.03542900964957982,6.026893556757559,0,,
626,628,0.02,11.871790834059487,0.015909090909090907,0.026363636363636363,10.071790834059493,14.171790834059479,True,0.14457705097604348,6.136041598084023,0,,
627,629,0.38181818181818183,5.325335111287102,0.3,0.509090909090909,3.825335111287102,7.225335111287102,True,0.012887639857758369,6.004352186965737,0,,
629,631,0.06,5.154111771717204,0.04454545454545455,0.08090909090909092,2.354111771717205,8.154111771717204,True,0.010945734888514894,6.002410281996494,0,,
630,632,0.19181818181818183,15.298787168202844,0.16818181818181818,0.2181818181818182,14.698787168202847,15.998787168202842,True,0.0018772889180228528,5.993341836026002,0,,
631,633,0.03727272727272728,13.707515712082047,0.02909090909090909,0.045454545454545456,11.907515712082054,15.60751571208204,True,0.03514253300347715,6.026607080111456,0,,
632,634,0.017272727272727273,14.597851390128044,0.014090909090909091,0.022727272727272728,12.79785139012805,16.797851390128038,True,0.026233052544716595,6.017697599652696,0,,
633,635,0.08727272727272727,7.678467754961197,0.07363636363636364,0.10454545454545455,5.978467754961195,9.178467754961197,False,0.01408328842288259,6.005547835530861,0,,
634,636,0.11363636363636363,19.290736809201448,0.07181818181818181,0.15181818181818182,14.990736809201463,22.490736809201437,True,0.0056662392805666515,5.997130786388546,0,,
635,637,0.022727272727272728,13.722794189664313,0.017727272727272727,0.028181818181818183,11.82279418966432,15.622794189664306,True,0.04131357567238582,6.032778122780365,0,,
636,638,0.011818181818181818,16.908309376854817,0.01,0.015,15.408309376854822,19.10830937685481,True,0.0407887182132935,6.032253265321272,0,,
637,639,0.16090909090909092,11.797995711901413,0.13727272727272727,0.18363636363636365,9.89799571190142,12.897995711901409,False,0.15823027663954561,6.149694823747525,0,,
638,640,0.2909090909090909,8.552492292874662,0.24545454545454545,0.36363636363636365,7.552492292874662,9.852492292874665,True,0.00021012765726424764,5.991674674765243,0,,
639,641,0.07818181818181819,20.326419937550423,0.06181818181818182,0.10272727272727274,17.92641993755043,22.726419937550414,False,0.01694071236265356,6.008405259470632,0,,
640,642,0.2636363636363636,9.304438018660942,0.2272727272727273,0.3090909090909091,8.504438018660945,10.20443801866094,True,0.0067569278828873945,5.998221474990866,0,,
641,643,0.034545454545454546,6.018231961000999,0.028181818181818183,0.04363636363636364,4.418231961000997,7.918231961001,True,0.013099733785077975,6.004564280893057,0,,
642,644,0.2090909090909091,12.164642797983904,0.16818181818181818,0.2545454545454545,11.064642797983907,13.1646427979839,True,0.09018732708647646,6.081651874194455,0,,
643,645,0.060909090909090906,8.961550714389976,0.04818181818181819,0.07772727272727273,6.761550714389983,11.361550714389967,False,0.013867763731843036,6.005332310839822,0,,
644,646,0.17,5.388968251466803,0.15181818181818182,0.2,3.988968251466803,6.288968251466803,False,0.022699699376309043,6.014164246484288,0,,
645,647,0.1781818181818182,9.974481487288518,0.15181818181818182,0.2272727272727273,8.274481487288524,11.174481487288514,True,0.03814178769074636,6.029606334798725,0,,
647,649,0.2,7.846543752613692,0.16818181818181818,0.24545454545454545,7.046543752613691,8.846543752613693,False,0.13820117042511815,6.129665717533097,0,,
648,650,0.14272727272727273,10.973336431344997,0.12272727272727273,0.16272727272727272,9.373336431345002,12.573336431344991,False,0.03125072791941479,6.022715275027394,0,,
650,652,0.2727272727272727,7.306358311161635,0.2181818181818182,0.35454545454545455,6.1063583111616335,8.906358311161636,True,0.056651673803011296,6.04811622091099,0,,
651,653,0.3181818181818182,9.342191759854854,0.2727272727272727,0.37272727272727274,8.442191759854857,10.34219175985485,True,0.0383691597004591,6.029833706808438,0,,
652,654,0.07727272727272727,8.926479783357237,0.06,0.1,6.326479783357247,11.22647978335723,False,0.0019118606356439355,5.993376407743623,0,,
653,655,0.11545454545454546,8.64665910034643,0.09636363636363636,0.13363636363636364,6.846659100346427,10.246659100346431,False,0.011800192019553728,6.003264739127533,0,,
654,656,0.015454545454545453,15.871618033855112,0.012272727272727272,0.02,13.77161803385512,18.071618033855103,True,0.038242365696377054,6.029706912804356,0,,
655,657,0.19181818181818183,7.690801571075119,0.16454545454545455,0.2272727272727273,6.590801571075118,8.49080157107512,False,0.01300739061914009,6.004471937727119,0,,
656,658,0.014090909090909091,9.953511362791389,0.012272727272727272,0.017272727272727273,8.653511362791393,11.553511362791383,True,0.05903484785064622,6.050499394958625,0,,
658,660,0.2818181818181818,4.0,0.23636363636363636,0.34545454545454546,3.0,5.2,True,0.013116582259305953,6.004581129367285,0,,
659,661,0.04818181818181819,6.668011870749315,0.038181818181818185,0.06181818181818182,4.468011870749313,8.968011870749319,True,0.005940250740806476,5.997404797848786,0,,
660,662,0.07254545454545454,15.149908021990287,0.056363636363636366,0.09454545454545454,12.749908021990295,17.649908021990278,False,0.003489792736341736,5.994954339844321,0,,
662,664,0.3090909090909091,11.36468932807203,0.2545454545454545,0.37272727272727274,10.264689328072034,12.564689328072026,True,0.06432438132783594,6.055788928435815,0,,
663,665,0.06727272727272728,12.021775939743911,0.05272727272727273,0.08545454545454545,9.72177593974392,14.521775939743902,False,0.01352053840860336,6.004985085516583,0,,
664,666,0.19181818181818183,17.84873328896702,0.1590909090909091,0.23636363636363636,16.448733288967023,18.848733288967015,True,0.0161301195436217,6.007594666651601,0,,
665,667,0.2,17.445489363703242,0.17,0.2272727272727273,16.745489363703243,18.04548936370324,True,0.01665616653553094,6.00812071364351,0,,
666,668,0.07727272727272727,16.495628240797874,0.05454545454545455,0.1090909090909091,13.095628240797886,19.695628240797863,True,0.0015657166697212823,5.9930302637777,0,,
667,669,0.08636363636363636,12.814939201865812,0.05454545454545455,0.12818181818181817,8.214939201865828,16.714939201865796,True,1.765533087687495e-05,5.991482202438856,0,,
668,670,0.04818181818181819,10.472947958487051,0.031818181818181815,0.07472727272727273,6.9729479584870635,14.572947958487037,True,0.015305534210587151,6.0067700813185665,0,,
669,671,0.08545454545454545,10.6873355203478,0.06181818181818182,0.11545454545454546,7.487335520347811,13.58733552034779,True,0.007856707695807173,5.999321254803786,0,,
670,672,0.16454545454545455,8.688676731239592,0.14454545454545453,0.1972727272727273,7.088676731239591,9.788676731239594,False,0.0616943585472955,6.053158905655274,0,,
671,673,0.14272727272727273,8.536879352835799,0.11727272727272728,0.16454545454545455,6.436879352835796,10.2368793528358,False,0.022151467589997784,6.013616014697977,0,,
672,674,0.013181818181818182,20.584887918236696,0.01,0.022727272727272728,17.784887918236706,25.08488791823668,True,0.023729436806549695,6.0151939839145285,0,,
673,675,0.15363636363636363,16.67199012676028,0.12818181818181817,0.19181818181818183,14.671990126760289,18.571990126760276,True,0.03735484373550809,6.028819390843487,0,,
674,676,0.012272727272727272,15.619302889397602,0.01,0.014545454545454545,14.119302889397607,17.319302889397598,False,0.0541493681071276,6.045613915215107,0,,
675,677,0.04272727272727273,6.438683998963202,0.03272727272727273,0.05454545454545455,4.3386839989632,8.738683998963204,True,0.0074894224034571435,5.998953969511436,0,,
676,678,0.08727272727272727,17.42133705278755,0.06727272727272728,0.11181818181818182,14.721337052787561,19.721337052787543,False,0.052447906219326185,6.043912453327305,0,,
678,680,0.2727272727272727,10.099423562100824,0.2272727272727273,0.34545454545454546,9.099423562100828,11.39942356210082,True,0.03873759958034223,6.030202146688321,0,,
679,681,0.39090909090909093,10.403431863333559,0.2727272727272727,0.6909090909090909,8.103431863333567,14.103431863333546,True,0.006919188551872701,5.998383735659852,0,,
680,682,0.2727272727272727,8.923212111143364,0.2181818181818182,0.32727272727272727,7.823212111143368,10.12321211114336,True,0.1351069105029313,6.12657145761091,0,,
681,683,0.16818181818181818,33.69901921310444,0.15181818181818182,0.2,32.29901921310442,34.69901921310446,False,0.06274931170672796,6.054213858814707,0,,
682,684,0.13727272727272727,3.9000000000000004,0.1190909090909091,0.1572727272727273,2.4000000000000004,5.4,False,0.02933220270906739,6.0207967498170465,0,,
683,685,0.017727272727272727,6.974227979163479,0.014545454545454545,0.022727272727272728,5.374227979163477,8.97422797916348,True,0.01236475260652958,6.003829299714509,0,,
684,686,0.4363636363636364,4.839480202662379,0.3090909090909091,0.7272727272727273,2.439480202662379,8.139480202662378,True,0.00031504329701987054,5.991779590404999,0,,
686,688,0.04272727272727273,6.793312996984885,0.03363636363636364,0.05,4.893312996984883,8.393312996984886,True,0.1596728977707313,6.15113744487871,0,,
687,689,0.10727272727272727,6.930458973811802,0.08818181818181818,0.12636363636363637,5.1304589738118,8.730458973811803,False,0.039070588096702955,6.030535135204682,0,,
688,690,0.05272727272727273,10.423192447001131,0.04181818181818182,0.06818181818181819,8.12319244700114,12.923192447001123,True,0.008124440395093512,5.999588987503072,0,,
689,691,0.02727272727272727,8.45638727895209,0.013181818181818182,0.05272727272727273,3.2563872789520847,13.256387278952094,True,0.00315715947638869,5.994621706584367,0,,
690,692,0.06545454545454546,12.53657352332678,0.05,0.08545454545454545,10.136573523326788,15.23657352332677,True,0.025531495217681638,6.016996042325661,0,,
691,693,0.014545454545454545,16.550196789754743,0.011363636363636364,0.02,14.250196789754751,19.050196789754736,True,0.005925660943968813,5.9973902080519474,0,,
692,694,0.02,6.660795138065013,0.016363636363636365,0.024545454545454544,5.060795138065012,8.360795138065015,True,0.05402354744593201,6.045488094553911,0,,
693,695,0.03636363636363636,5.1000000000000005,0.02909090909090909,0.045454545454545456,3.4000000000000004,7.0,True,0.01404841067706999,6.005512957785049,0,,
694,696,0.03909090909090909,12.667233229607998,0.028181818181818183,0.05181818181818182,10.067233229608007,15.367233229607988,True,0.02169180000017449,6.013156347108153,0,,
695,697,0.19454545454545455,9.61324262666187,0.16818181818181818,0.2272727272727273,8.713242626661874,10.313242626661868,False,0.02682469088921304,6.018289237997192,0,,
696,698,0.2727272727272727,16.23347607010457,0.2090909090909091,0.37272727272727274,14.833476070104574,18.133476070104564,True,0.02718182969492985,6.018646376802909,0,,
697,699,0.1190909090909091,19.81856213597002,0.08818181818181818,0.15,16.918562135970028,22.31856213597001,True,0.011294250727798884,6.002758797835778,0,,
698,700,0.07,6.625652382226954,0.04818181818181819,0.1,3.1256523822269506,10.025652382226957,True,0.001721468082145944,5.993186015190125,0,,
699,701,0.09545454545454546,12.538168715385794,0.053636363636363635,0.15181818181818182,7.438168715385812,17.43816871538578,True,0.0008068372175307339,5.99227138432551,0,,
700,702,0.35454545454545455,8.297458451886365,0.24545454545454545,0.5454545454545454,5.997458451886363,11.097458451886368,True,0.00668608522266442,5.998150632330644,0,,
701,703,0.2727272727272727,6.476770027266426,0.2272727272727273,0.33636363636363636,5.476770027266425,7.676770027266427,True,0.012351642409489263,6.003816189517468,0,,
702,704,0.1890909090909091,6.36072368769234,0.16272727272727272,0.2181818181818182,5.160723687692339,7.060723687692341,False,0.02690960984240986,6.018374156950389,0,,
703,705,0.4909090909090909,4.0,0.24545454545454545,1.2,0.0,9.1,True,0.003729551487571285,5.99519409859555,0,,
705,707,0.02727272727272727,11.29935505161188,0.02090909090909091,0.038181818181818185,8.999355051611888,13.89935505161187,True,0.029200058949450887,6.02066460605743,0,,
706,708,0.019545454545454546,12.540552915837726,0.014545454545454545,0.028181818181818183,10.240552915837734,15.640552915837715,True,0.07453771552805041,6.0660022626360295,0,,
707,709,0.23636363636363636,5.0,0.17545454545454547,0.2909090909090909,3.6,6.2,True,0.03450330210605034,6.025967849214029,0,,
709,711,0.15,6.1186541793557465,0.13363636363636364,0.16636363636363638,4.918654179355746,7.418654179355746,False,0.07970333687724858,6.071167883985227,0,,
710,712,0.3090909090909091,7.753372108232411,0.2636363636363636,0.36363636363636365,6.65337210823241,8.65337210823241,True,0.1411403900871474,6.132604937195127,0,,
711,713,0.19454545454545455,10.11822576124104,0.17,0.2181818181818182,9.518225761241043,10.718225761241039,False,0.1279275260645656,6.119392073172545,0,,
712,714,0.24545454545454545,8.020643080148083,0.17272727272727273,0.32727272727272727,6.520643080148082,9.720643080148085,True,0.07006473735514863,6.061529284463128,0,,
713,715,0.15363636363636363,8.049204727040385,0.12818181818181817,0.1809090909090909,6.149204727040384,9.749204727040386,False,0.035496614162674606,6.026961161270654,0,,
714,716,0.19454545454545455,12.07156859734782,0.16090909090909092,0.23636363636363636,10.671568597347825,13.071568597347817,True,0.006094032682200506,5.997558579790179,0,,
715,717,0.2272727272727273,11.338519357288597,0.19181818181818183,0.2636363636363636,10.6385193572886,12.238519357288594,True,0.1435812828604371,6.1350458299684165,0,,
716,718,0.37272727272727274,4.9594104478942675,0.2636363636363636,0.6,2.859410447894268,8.059410447894265,True,0.02889081248936789,6.020355359597347,0,,
717,719,0.019545454545454546,13.950277811898601,0.015,0.025454545454545455,11.850277811898609,16.150277811898594,True,0.03976331886036451,6.031227865968344,0,,
718,720,0.1590909090909091,15.193936459433825,0.13181818181818183,0.2,13.093936459433833,16.893936459433817,True,0.022273461142574644,6.013738008250554,0,,
719,721,0.23636363636363636,9.355704609118456,0.16636363636363638,0.3,7.455704609118463,10.655704609118452,True,0.09329018307935423,6.084754730187333,0,,
720,722,0.7363636363636363,13.944929085123087,0.4545454545454546,1.3272727272727274,10.744929085123099,17.844929085123074,True,0.0036384142811754223,5.995102961389154,0,,
722,724,0.1190909090909091,8.385390353034419,0.09363636363636364,0.1409090909090909,5.985390353034417,10.185390353034421,False,0.021343957142913608,6.012808504250892,0,,
723,725,0.5636363636363636,15.848497776050854,0.37272727272727274,1.0818181818181818,13.148497776050863,20.14849777605084,True,0.0007531080353647633,5.992217655143344,0,,
725,727,0.5545454545454546,11.996720023215053,0.35454545454545455,1.1181818181818182,9.196720023215063,16.696720023215036,True,0.013999100840656852,6.005463647948636,0,,
726,728,0.2545454545454545,25.104181976605826,0.16636363636363638,0.38181818181818183,22.904181976605795,27.60418197660586,True,0.027060443586341538,6.018524990694321,0,,
727,729,0.6727272727272727,25.362761307096378,0.4545454545454546,1.1181818181818182,22.76276130709634,28.662761307096424,False,0.017309417651080933,6.00877396475906,0,,
728,730,0.1972727272727273,8.93949381030192,0.16636363636363638,0.23636363636363636,7.93949381030192,9.739493810301921,False,0.00659940661023985,5.998063953718219,0,,
730,732,0.2545454545454545,6.341764613976988,0.2090909090909091,0.3,5.341764613976986,7.241764613976988,True,0.1480151299157858,6.139479677023765,0,,
731,733,0.034545454545454546,19.133988332527224,0.02727272727272727,0.04454545454545455,17.23398833252723,21.333988332527213,True,0.01266352417284138,6.00412807128082,0,,
732,734,0.035454545454545454,11.779133092258611,0.02727272727272727,0.045454545454545456,9.679133092258619,13.979133092258603,True,0.007096751671716356,5.998561298779696,0,,
734,736,0.34545454545454546,24.36565007803158,0.2727272727272727,0.4636363636363636,22.96565007803156,26.26565007803161,False,0.012994245695945894,6.004458792803925,0,,
735,737,0.015454545454545453,4.9,0.012727272727272728,0.019545454545454546,3.2,6.800000000000001,True,0.018131816935402178,6.009596364043381,0,,
738,740,0.019545454545454546,4.6000000000000005,0.013181818181818182,0.030909090909090907,1.2000000000000002,8.5,True,0.013683420724000106,6.005147967831979,0,,
739,741,0.03636363636363636,4.7,0.028181818181818183,0.046363636363636364,2.8000000000000003,6.9,True,0.0034966328654349177,5.994961179973414,0,,
741,743,0.2181818181818182,22.37998039166575,0.17545454545454547,0.2545454545454545,21.479980391665737,23.279980391665763,False,0.10381765675247212,6.095282203860451,0,,
742,744,0.05818181818181818,20.949553207215544,0.046363636363636364,0.07363636363636364,18.849553207215514,23.249553207215577,True,0.01245018982957087,6.00391473693755,0,,
743,745,0.09909090909090909,24.029987258215115,0.06363636363636364,0.1390909090909091,19.929987258215057,27.82998725821517,True,0.01789301914436143,6.009357566252341,0,,
744,746,0.023636363636363636,14.201740970303408,0.017727272727272727,0.03,12.001740970303416,16.501740970303402,True,0.03158015205840616,6.023044699166385,0,,
746,748,0.36363636363636365,33.9536312124553,0.2727272727272727,0.4909090909090909,32.153631212455274,36.05363121245533,False,0.020299784158125805,6.011764331266105,0,,
747,749,0.4181818181818182,15.343976990218174,0.34545454545454546,0.5,14.043976990218178,16.64397699021817,False,0.05608567194050232,6.047550219048482,0,,
749,751,0.3,24.427700117934737,0.24545454545454545,0.39090909090909093,23.22770011793472,26.227700117934763,False,0.08541251999508434,6.076877067103063,0,,
750,752,0.15545454545454546,9.20524647453903,0.1409090909090909,0.17545454545454547,8.105246474539033,10.605246474539024,False,0.10611716679790972,6.097581713905889,0,,
753,755,0.011818181818181818,11.948693782588752,0.01,0.017727272727272727,10.148693782588758,15.548693782588739,True,0.034312614396090436,6.025777161504069,0,,
754,756,0.02727272727272727,10.824434314577053,0.02,0.04,8.224434314577062,13.924434314577042,True,0.009293079414797498,6.000757626522777,0,,
756,758,0.034545454545454546,9.689590133838674,0.02727272727272727,0.045454545454545456,7.589590133838682,11.989590133838666,True,0.024191926619367404,6.015656473727346,0,,
757,759,0.4,14.448836806406081,0.35454545454545455,0.4727272727272727,13.548836806406085,15.548836806406078,False,0.12550425414372904,6.1169688012517085,0,,
758,760,0.04090909090909091,10.019826827686632,0.03,0.05545454545454545,7.619826827686641,12.919826827686622,True,0.03351568409915131,6.02498023120713,0,,
760,762,0.4818181818181818,8.001935262277817,0.36363636363636365,0.7454545454545455,6.001935262277815,10.80193526227782,True,0.04734902645447055,6.038813573562449,0,,
761,763,0.03636363636363636,5.818225184647156,0.026363636363636363,0.05,3.2182251846471543,8.91822518464716,True,0.000925879874461269,5.99239042698244,0,,
762,764,0.14454545454545453,12.545559970059575,0.12818181818181817,0.16090909090909092,11.24555997005958,13.84555997005957,False,0.02300293822135736,6.0144674853293365,0,,
763,765,0.14272727272727273,7.353907289443228,0.11545454545454546,0.16636363636363638,5.0539072894432255,9.25390728944323,False,0.014003479860194713,6.005468026968174,0,,
764,766,0.13181818181818183,35.40403412437527,0.10181818181818182,0.1590909090909091,32.50403412437523,37.6040341243753,True,0.0029750327363656194,5.994439579844345,0,,
765,767,0.8363636363636364,29.154687432431523,0.6545454545454545,1.1,27.4546874324315,30.954687432431548,False,0.006935515886058995,5.998400062994038,0,,
767,769,0.23636363636363636,9.737783535156465,0.2090909090909091,0.2636363636363636,9.137783535156467,10.437783535156463,False,0.01820191287769867,6.009666459985677,0,,
768,770,0.06818181818181819,11.066782554526611,0.053636363636363635,0.08636363636363636,8.866782554526619,13.466782554526603,False,0.023734329948116778,6.015198877056096,0,,
770,772,0.3,3.7,0.2545454545454545,0.36363636363636365,2.7,4.9,True,0.10356540227078603,6.095029949378765,0,,
771,773,0.026363636363636363,9.460780853267632,0.023636363636363636,0.030909090909090907,8.460780853267636,10.960780853267627,False,0.306434455846243,6.297899002954222,0,,
773,775,0.14454545454545453,7.97220118235118,0.12454545454545454,0.16454545454545455,6.472201182351178,9.572201182351181,False,0.02968561126977407,6.021150158377753,0,,
774,776,0.1,16.405910371861196,0.07727272727272727,0.12090909090909091,14.205910371861204,18.50591037186119,False,0.03815220477932195,6.029616751887301,0,,
775,777,0.2181818181818182,25.361298295593823,0.16636363636363638,0.2818181818181818,23.8612982955938,26.66129829559384,False,0.06458933477965995,6.056053881887639,0,,
776,778,0.7181818181818181,31.485607285519222,0.5181818181818182,1.0636363636363637,29.28560728551919,34.18560728551926,False,0.04830461222960904,6.039769159337588,0,,
777,779,0.2181818181818182,33.544578024223306,0.1781818181818182,0.2545454545454545,32.64457802422329,34.34457802422332,False,0.137798403974826,6.129262951082805,0,,
778,780,0.06181818181818182,15.365652125206214,0.045454545454545456,0.08454545454545455,12.565652125206224,18.565652125206203,True,0.011130301466142717,6.002594848574121,0,,
779,781,0.2636363636363636,8.358430030189577,0.2,0.33636363636363636,7.058430030189575,9.758430030189578,True,0.01619438851061761,6.007658935618597,0,,
780,782,0.04454545454545455,11.340019664025887,0.03272727272727273,0.06272727272727273,8.840019664025895,14.540019664025875,True,0.05443155948808657,6.045896106596065,0,,
781,783,0.6272727272727272,10.543825317270354,0.4636363636363636,0.9636363636363636,8.443825317270361,13.343825317270344,True,0.015228639435931893,6.006693186543911,0,,
782,784,0.7272727272727273,14.168293435683697,0.4636363636363636,1.2727272727272727,11.168293435683708,17.868293435683682,True,0.013499749737456518,6.0049642968454355,0,,
783,785,0.07,6.887997260792079,0.05545454545454545,0.08272727272727273,4.587997260792077,8.58799726079208,False,0.13499545732871995,6.126460004436699,0,,
784,786,0.010454545454545454,9.74800629374078,0.01,0.014545454545454545,9.048006293740782,12.54800629374077,True,0.00416909962086408,5.995633646728843,0,,
785,787,0.23636363636363636,11.289651798702325,0.19181818181818183,0.2909090909090909,10.289651798702328,12.389651798702321,True,0.2123882349918019,6.203852782099781,0,,
786,788,0.3,7.956391364931363,0.2727272727272727,0.35454545454545455,7.356391364931362,8.956391364931363,True,0.12181952180794424,6.113284068915923,0,,
787,789,0.5363636363636364,2.0,0.35454545454545455,1.2727272727272727,0.0,7.1000000000000005,True,0.00034980542885952717,5.991814352536839,0,,
788,790,0.09181818181818181,7.806994480030431,0.07,0.11727272727272728,5.106994480030428,10.106994480030433,False,0.007316081032242833,5.998780628140222,0,,
789,791,0.23636363636363636,12.039634337726012,0.1972727272727273,0.2909090909090909,11.239634337726015,13.239634337726008,True,0.1813325674068784,6.172797114514857,0,,
790,792,0.16454545454545455,8.895323713559016,0.13727272727272727,0.2181818181818182,6.595323713559013,10.395323713559016,True,0.01555102510565064,6.007015572213629,0,,
791,793,0.2727272727272727,11.042669610664127,0.2272727272727273,0.32727272727272727,10.04266961066413,12.242669610664123,True,0.0034354139829764433,5.9948999610909555,0,,
792,794,0.18636363636363637,47.758320920684284,0.10454545454545455,0.44545454545454544,42.55832092068421,52.55832092068435,True,0.0007225389827754706,5.9921870860907545,0,,
793,795,0.2545454545454545,22.634583697704713,0.2,0.3181818181818182,21.434583697704696,23.93458369770473,False,0.02365007824739119,6.015114625355371,0,,
795,797,0.16636363636363638,18.854491679575496,0.14636363636363636,0.2,17.2544916795755,19.95449167957549,True,0.03418677967047555,6.025651326778455,0,,
798,800,0.014090909090909091,5.97752444806405,0.010454545454545454,0.019545454545454546,3.4775244480640506,8.677524448064048,True,0.009105409400134991,6.000569956508114,0,,
799,801,0.2272727272727273,9.444999589543867,0.1809090909090909,0.2727272727272727,8.44499958954387,10.544999589543863,True,0.16812383080702012,6.159588377914999,0,,
800,802,0.2090909090909091,5.416215121442761,0.17,0.2636363636363636,4.516215121442761,6.516215121442761,False,0.029223603563848906,6.020688150671828,0,,
801,803,0.024545454545454544,22.55334912590491,0.013636363636363636,0.046363636363636364,17.75334912590484,27.753349125904982,True,0.006355564762700354,5.99782011187068,0,,
802,804,0.4,8.406569463509332,0.3,0.5909090909090908,6.506569463509329,10.806569463509334,True,0.01187253103927993,6.003337078147259,0,,
803,805,0.06727272727272728,18.83868244122388,0.045454545454545456,0.09545454545454546,15.138682441223896,22.238682441223872,True,0.020880034195490713,6.01234458130347,0,,
804,806,0.34545454545454546,7.955571649169023,0.2818181818181818,0.4272727272727273,6.655571649169023,9.355571649169026,True,0.05388257431605991,6.045347121424039,0,,
805,807,0.12818181818181817,13.766164680500468,0.11181818181818182,0.14272727272727273,12.266164680500474,14.866164680500464,False,0.03130116943856331,6.022765716546543,0,,
806,808,0.2727272727272727,9.236497393449802,0.24545454545454545,0.3,8.636497393449805,9.8364973934498,True,0.18864756036182231,6.180112107469801,0,,
807,809,0.09818181818181819,10.722945951410587,0.08181818181818182,0.11545454545454546,9.122945951410593,12.422945951410581,False,0.025806358672356828,6.017270905780336,0,,
808,810,0.01090909090909091,11.533666947253478,0.01,0.01681818181818182,10.233666947253482,15.033666947253465,True,0.009413890150679923,6.000878437258659,0,,
809,811,0.015,10.631895446756937,0.011363636363636364,0.02181818181818182,8.031895446756947,13.431895446756927,True,0.08906068112225456,6.080525228230234,0,,
810,812,0.12272727272727273,11.736734961628969,0.08363636363636363,0.1572727272727273,7.936734961628982,14.436734961628959,True,0.006933694473932873,5.998398241581912,0,,
811,813,0.13727272727272727,11.84285364720873,0.11363636363636363,0.1572727272727273,9.742853647208737,13.442853647208723,False,0.01656943128133098,6.00803397838931,0,,
812,814,0.5,7.505769744142102,0.4,0.7272727272727273,6.1057697441421,10.005769744142103,True,0.03340302277389755,6.024867569881876,0,,
813,815,0.07909090909090909,13.633237893822205,0.06636363636363636,0.09818181818181819,11.833237893822211,15.633237893822198,False,0.018393488119259213,6.009858035227238,0,,
815,817,0.09363636363636364,25.682078433342625,0.07181818181818181,0.1190909090909091,23.18207843334259,28.08207843334266,False,0.013996085759658907,6.005460632867638,0,,
816,818,0.4181818181818182,22.343133074646612,0.32727272727272727,0.5363636363636364,20.84313307464659,23.943133074646635,False,0.07086600923260827,6.062330556340587,0,,
817,819,0.06,16.754905137036495,0.04454545454545455,0.07727272727272727,13.954905137036503,19.354905137036482,True,0.026198542428836912,6.017663089536816,0,,
818,820,0.2818181818181818,11.182966514130745,0.2545454545454545,0.3181818181818182,10.482966514130748,11.882966514130743,True,0.022879986207454846,6.014344533315434,0,,
819,821,0.2909090909090909,4.3,0.23636363636363636,0.36363636363636365,3.1,5.6000000000000005,True,0.026578939693631023,6.01804348680161,0,,
820,822,1.3,4.704799022849859,0.6,1.4,0.50479902284986,6.304799022849859,True,0.00039473143445997266,5.991859278542439,0,,
821,823,0.05181818181818182,21.309521442267208,0.038181818181818185,0.07309090909090908,18.309521442267165,24.509521442267253,True,0.0013818853176228668,5.992846432425602,0,,
823,825,0.030909090909090907,9.435680503027099,0.025454545454545455,0.03909090909090909,7.635680503027105,11.135680503027093,True,0.0836001100568615,6.07506465716484,0,,
824,826,0.4909090909090909,8.813079645423871,0.39090909090909093,0.6727272727272727,7.313079645423876,10.813079645423864,True,0.028746517289975886,6.020211064397955,0,,
825,827,0.045454545454545456,5.74934279782374,0.03363636363636364,0.06363636363636364,3.249342797823741,8.84934279782374,True,0.023183789340534677,6.014648336448514,0,,
826,828,0.03363636363636364,7.672633529882747,0.02727272727272727,0.04181818181818182,5.972633529882745,9.472633529882748,True,0.12211115117035412,6.113575698278333,0,,
828,830,0.10636363636363637,21.04899327452001,0.08090909090909092,0.13,18.548993274519976,23.248993274520043,False,0.006542230501006787,5.998006777608986,0,,
829,831,0.07072727272727274,14.931821542863387,0.05818181818181818,0.08636363636363636,13.031821542863394,16.931821542863382,False,0.0029409042007270555,5.994405451308706,0,,
830,832,0.12272727272727273,16.696145269451037,0.10454545454545455,0.13727272727272727,14.796145269451044,17.996145269451034,False,0.030560368906175944,6.022024916014155,0,,
831,833,0.10545454545454545,6.167004950174248,0.08363636363636363,0.12636363636363637,4.067004950174246,8.167004950174249,False,0.07054250992156597,6.062007057029545,0,,
832,834,0.015909090909090907,14.637162062065823,0.013181818181818182,0.019545454545454546,13.037162062065828,16.237162062065817,True,0.0684219557546264,6.059886502862605,0,,
833,835,0.06636363636363636,24.551141483366255,0.04727272727272727,0.09727272727272727,21.45114148336621,28.251141483366307,True,0.029881533854328252,6.021346080962307,0,,
834,836,0.02727272727272727,10.066281469349642,0.022727272727272728,0.034545454545454546,8.466281469349648,11.966281469349635,True,0.20540936151476838,6.196873908622748,0,,
835,837,0.04363636363636364,7.123907934159016,0.031818181818181815,0.06,4.623907934159014,10.12390793415902,True,0.003253482634101057,5.99471802974208,0,,
836,838,0.16818181818181818,26.404843158953977,0.1409090909090909,0.2181818181818182,24.204843158953945,27.804843158953997,True,0.02017150974606605,6.011636056854045,0,,
837,839,0.2727272727272727,3.9000000000000004,0.2272727272727273,0.34545454545454546,2.8000000000000003,5.2,True,0.23366279945580062,6.22512734656378,0,,
838,840,0.13,13.86102279432619,0.09,0.16636363636363638,10.261022794326204,16.76102279432618,True,0.025458586439025925,6.016923133547005,0,,
839,841,0.2272727272727273,9.199544743159631,0.17545454545454547,0.2818181818181818,8.099544743159635,10.399544743159627,True,0.011523424129435973,6.002987971237415,0,,
840,842,0.034545454545454546,14.666178323899336,0.022727272727272728,0.057272727272727274,11.066178323899349,19.16617832389932,True,0.0007655965301142857,5.992230143638094,0,,
841,843,0.019090909090909092,12.392676191641469,0.015909090909090907,0.024545454545454544,10.892676191641474,14.392676191641462,True,0.07819662350771145,6.06966117061569,0,,
842,844,0.2545454545454545,14.35805403495389,0.1972727272727273,0.3090909090909091,13.158054034953894,15.458054034953886,True,0.03925463560616485,6.030719182714144,0,,
843,845,0.39090909090909093,5.099709736204011,0.3181818181818182,0.5454545454545454,3.7997097362040115,7.299709736204011,True,0.09696446601018895,6.088429013118168,0,,
844,846,0.012727272727272728,21.933242435260098,0.01,0.023636363636363636,19.33324243526006,26.533242435260163,True,0.013850561399974447,6.005315108507953,0,,
845,847,0.24545454545454545,10.422232845947399,0.2090909090909091,0.2727272727272727,9.622232845947401,11.122232845947396,False,0.08815666694495589,6.079621214052935,0,,
846,848,0.5727272727272728,14.21999150204659,0.4181818181818182,0.8909090909090909,12.119991502046597,17.11999150204658,True,0.026395521673826087,6.017860068781805,0,,
847,849,0.07336363636363635,14.271007175007451,0.05909090909090909,0.09,12.071007175007459,16.271007175007444,False,0.01469998283497614,6.006164529942955,0,,
848,850,0.1481818181818182,7.579620481555314,0.12636363636363637,0.17,5.879620481555312,9.379620481555314,False,0.022797208689753826,6.014261755797733,0,,
849,851,0.05181818181818182,13.394977080633518,0.03727272727272728,0.07472727272727273,10.29497708063353,16.794977080633508,True,0.02489800617745827,6.016362553285437,0,,
850,852,0.024545454545454544,15.59191812379693,0.017272727272727273,0.035454545454545454,12.59191812379694,18.59191812379692,True,0.028604117295228375,6.020068664403207,0,,
851,853,0.08363636363636363,17.84545444396847,0.06727272727272728,0.1090909090909091,15.645454443968479,20.345454443968464,False,0.0641181628142567,6.055582709922236,0,,
852,854,0.07636363636363636,17.404887296270395,0.053636363636363635,0.10727272727272727,13.90488729627041,20.404887296270388,True,8.578268063554638e-06,5.991473125376043,0,,
853,855,0.08818181818181818,6.350145081115181,0.07,0.11181818181818182,3.9501450811151786,8.450145081115183,False,0.004502739422983222,5.995967286530962,0,,
854,856,0.3,8.896192858243468,0.2545454545454545,0.35454545454545455,7.896192858243472,9.896192858243465,True,0.17789065618365676,6.1693552032916354,0,,
855,857,0.13,11.930710160002059,0.10818181818181818,0.15181818181818182,9.830710160002067,13.530710160002053,False,0.0418528204670789,6.033317367575058,0,,
856,858,0.17545454545454547,11.660136375528333,0.15363636363636363,0.2090909090909091,10.160136375528339,12.56013637552833,True,0.005176346381243778,5.996640893489223,0,,
857,859,0.15545454545454546,8.357114063310146,0.13545454545454547,0.17545454545454547,6.7571140633101425,9.657114063310146,False,0.10282599307806882,6.094290540186048,0,,
858,860,0.02181818181818182,8.579139409969343,0.01681818181818182,0.028181818181818183,6.579139409969342,10.779139409969346,True,0.022142580766913424,6.013607127874892,0,,
859,861,0.011818181818181818,13.49134038362214,0.01,0.015454545454545453,11.891340383622145,15.791340383622131,True,0.007473886052123584,5.998938433160102,0,,
860,862,0.06727272727272728,11.72868196521554,0.05181818181818182,0.08636363636363636,9.228681965215548,14.12868196521553,True,0.0082472057638136,5.999711752871793,0,,
861,863,0.05545454545454545,11.484160639200747,0.02909090909090909,0.09636363636363636,6.384160639200765,16.38416063920073,True,0.0033747651194484013,5.994839312227428,0,,
862,864,0.025454545454545455,16.766272564161298,0.01681818181818182,0.03727272727272728,13.466272564161311,19.86627256416129,True,0.033795836877829,6.025260383985808,0,,
863,865,0.14454545454545453,10.496326728021081,0.10636363636363637,0.19181818181818183,7.0963267280210935,12.996326728021073,True,0.007692316323767436,5.999156863431747,0,,
864,866,0.011363636363636364,10.79154400428719,0.01,0.013636363636363636,9.691544004287193,12.391544004287184,True,0.019781594218604717,6.011246141326584,0,,
865,867,0.03363636363636364,16.882581369709328,0.025454545454545455,0.046363636363636364,14.482581369709338,19.58258136970932,True,0.019468778332500797,6.0109333254404795,0,,
866,868,0.03272727272727273,4.9,0.026363636363636363,0.04090909090909091,3.1,6.6000000000000005,True,0.10617979439103804,6.097644341499017,0,,
867,869,0.02,18.051495204774056,0.014545454545454545,0.02909090909090909,15.551495204774064,21.351495204774043,True,0.03812777565040798,6.029592322758387,0,,
868,870,0.36363636363636365,3.7,0.2636363636363636,0.5818181818181818,1.7000000000000002,6.7,True,0.033412601496204994,6.024877148604184,0,,
869,871,0.06636363636363636,9.577546195152076,0.05,0.08727272727272727,7.077546195152085,12.277546195152066,True,0.002777832585172592,5.994242379693151,0,,
870,872,0.23636363636363636,2.7,0.18363636363636365,0.2909090909090909,1.6,3.9000000000000004,True,0.03506129443621879,6.026525841544198,0,,
871,873,0.025454545454545455,8.316047999531332,0.015454545454545453,0.045454545454545456,4.316047999531328,13.016047999531336,True,0.008899352859970807,6.00036389996795,0,,
872,874,0.3090909090909091,4.1000000000000005,0.24545454545454545,0.4,2.7,5.800000000000001,True,0.011380577181850853,6.00284512428983,0,,
873,875,0.35454545454545455,6.986308790349944,0.3,0.4545454545454546,5.886308790349943,8.586308790349946,True,0.06758532625160586,6.059049873359585,0,,
874,876,0.02,11.062862367194029,0.015,0.028181818181818183,8.762862367194037,13.962862367194019,True,0.020757538206225255,6.012222085314204,0,,
876,878,0.09545454545454546,6.975425967593166,0.07472727272727273,0.11727272727272728,4.6754259675931635,8.975425967593168,False,0.008391719278026132,5.999856266386005,0,,
877,879,0.14272727272727273,9.713095328936838,0.11727272727272728,0.16636363636363638,7.513095328936846,11.71309532893683,True,0.01371101329552892,6.005175560403508,0,,
878,880,0.016363636363636365,9.85204571295307,0.014090909090909091,0.019545454545454546,8.652045712953074,11.252045712953064,True,0.02400303066411045,6.01546757777209,0,,
880,882,0.10454545454545455,10.732734575031996,0.08545454545454545,0.12090909090909091,9.032734575032002,12.33273457503199,False,0.025553769448477977,6.017018316556457,0,,
881,883,0.1590909090909091,6.985833268046522,0.13727272727272727,0.2,5.185833268046521,8.585833268046525,False,0.06214908658479399,6.053613633692773,0,,
882,884,0.02909090909090909,15.841611929486252,0.02181818181818182,0.04090909090909091,13.241611929486261,18.541611929486244,True,0.014972910297375686,6.0064374574053545,0,,
883,885,0.08181818181818182,17.27246253266396,0.06181818181818182,0.11,14.47246253266397,20.07246253266395,True,0.029891918524859833,6.021356465632839,0,,
884,886,0.17272727272727273,12.891838021541433,0.15181818181818182,0.2181818181818182,11.391838021541439,13.99183802154143,True,0.05235908190899792,6.043823629016977,0,,
885,887,0.13181818181818183,8.325630628277844,0.11,0.15363636363636363,6.3256306282778425,10.025630628277845,False,0.02082515484042037,6.0122897019484,0,,
886,888,0.030909090909090907,12.131101067018625,0.024545454545454544,0.04,10.031101067018632,14.031101067018618,True,0.055913086520289534,6.047377633628269,0,,
887,889,0.016363636363636365,11.070199915766317,0.013181818181818182,0.02090909090909091,9.270199915766323,13.07019991576631,True,0.08945209859807679,6.080916645706056,0,,
888,890,0.32727272727272727,2.6,0.2181818181818182,0.5363636363636364,0.4,5.800000000000001,True,0.0049521263984135646,5.996416673506393,0,,
889,891,0.38181818181818183,3.4000000000000004,0.24545454545454545,0.7090909090909091,0.7000000000000001,7.4,True,0.012265383439926378,6.003729930547905,0,,
890,892,0.08,12.937952119924796,0.06363636363636364,0.1,10.637952119924805,14.83795211992479,False,0.04046660007035717,6.031931147178336,0,,
891,893,0.02,11.27780389922519,0.015,0.028181818181818183,9.077803899225199,14.27780389922518,True,0.07954478325129016,6.071009330359269,0,,
892,894,0.013636363636363636,12.743098195099835,0.01090909090909091,0.017272727272727273,10.843098195099842,14.543098195099828,True,0.05749029673580569,6.048954843843784,0,,
893,895,0.02181818181818182,9.083463513480156,0.017727272727272727,0.025454545454545455,7.383463513480162,10.383463513480152,True,0.10527942337811992,6.096743970486099,0,,
894,896,0.04363636363636364,12.156206147715263,0.030909090909090907,0.05909090909090909,9.456206147715273,14.956206147715253,True,0.03618869491498029,6.027653242022959,0,,
895,897,0.05272727272727273,15.261932466308458,0.04363636363636364,0.06727272727272728,13.461932466308465,17.56193246630845,True,0.02749327740412773,6.018957824512107,0,,
896,898,0.034545454545454546,6.177464543882029,0.028181818181818183,0.04363636363636364,4.5774645438820265,8.177464543882031,True,0.02419725275611956,6.015661799864098,0,,
897,899,0.35454545454545455,5.755943620949374,0.3090909090909091,0.4272727272727273,4.955943620949373,6.955943620949375,True,0.103093726153396,6.0945582732613754,0,,
898,900,0.022727272727272728,6.544598895745869,0.017727272727272727,0.02909090909090909,4.544598895745867,8.644598895745872,True,0.027259229009152126,6.018723776117131,0,,
899,901,0.34545454545454546,6.65179417866159,0.2636363636363636,0.4545454545454546,5.051794178661589,8.451794178661592,True,0.005214698160112391,5.9966792452680915,0,,
900,902,0.16818181818181818,7.823386879862387,0.1481818181818182,0.2,6.123386879862386,8.723386879862387,False,0.01874992291948336,6.010214470027463,0,,
901,903,0.01681818181818182,11.153910729575081,0.013636363636363636,0.02181818181818182,9.353910729575087,13.253910729575074,True,0.02465777137465999,6.016122318482639,0,,
902,904,0.019090909090909092,11.056549489300789,0.015,0.024545454545454544,9.156549489300795,12.956549489300782,True,0.003009610914074698,5.9944741580220535,0,,
903,905,0.022727272727272728,11.164453147278312,0.017272727272727273,0.03,8.96445314727832,13.764453147278303,True,0.015164125296049389,6.0066286724040285,0,,
904,906,0.013636363636363636,9.488138796356392,0.011363636363636364,0.017727272727272727,7.888138796356397,11.688138796356384,True,0.10964485669973446,6.101109403807714,0,,
905,907,0.10636363636363637,8.704370548718012,0.08181818181818182,0.13181818181818183,6.4043705487180205,11.104370548718004,False,0.01743463712796602,6.008899184235945,0,,
906,908,0.01863636363636364,16.405876578043383,0.014090909090909091,0.026363636363636363,14.205876578043389,19.205876578043373,True,0.013256094075430198,6.004720641183409,0,,
907,909,0.03909090909090909,5.768960479000391,0.03,0.04727272727272727,3.8689604790003918,7.668960479000391,True,0.06960973776697335,6.061074284874953,0,,
908,910,0.18636363636363637,12.919400941855761,0.16636363636363638,0.2090909090909091,12.119400941855764,13.41940094185576,False,0.05130224787429605,6.042766794982275,0,,
909,911,0.014090909090909091,3.9000000000000004,0.011363636363636364,0.01818181818181818,2.0,5.9,True,0.013334029419195662,6.0047985765271745,0,,
910,912,0.04454545454545455,5.9320155424735015,0.035454545454545454,0.05818181818181818,3.9320155424735,8.432015542473504,True,0.005739271022572242,5.997203818130552,0,,
911,913,0.4545454545454546,12.92662614338171,0.34545454545454546,0.6181818181818182,11.226626143381717,15.026626143381703,True,0.08505004728483523,6.0765145943928145,0,,
912,914,0.02181818181818182,11.85389011779202,0.019090909090909092,0.026363636363636363,10.753890117792023,13.553890117792013,True,0.23901158252006013,6.230476129628039,0,,
913,915,0.06545454545454546,13.650053643598419,0.05090909090909091,0.08363636363636363,11.450053643598427,16.15005364359841,True,0.020947334259635523,6.012411881367615,0,,
914,916,0.1781818181818182,5.434574638987819,0.15181818181818182,0.2181818181818182,3.8345746389878186,6.434574638987818,False,0.0204133762621322,6.011877923370111,0,,
916,918,0.23636363636363636,14.4662831985245,0.2090909090909091,0.2636363636363636,13.866283198524503,15.066283198524498,False,0.02285109116980516,6.014315638277784,0,,
917,919,0.014545454545454545,11.613644236260468,0.01090909090909091,0.019545454545454546,9.213644236260476,14.01364423626046,True,0.036293546197404145,6.027758093305383,0,,
919,921,0.05,5.6762986601412715,0.04090909090909091,0.06363636363636364,3.676298660141272,7.776298660141271,True,0.04819187279613947,6.0396564199041185,0,,
920,922,0.16454545454545455,11.962831136170879,0.13727272727272727,0.2090909090909091,9.862831136170886,13.362831136170874,True,0.011966468634944764,6.003431015742923,0,,
921,923,0.13363636363636364,8.079002936071229,0.09454545454545454,0.17,4.479002936071225,10.879002936071231,True,0.021308248800502808,6.012772795908482,0,,
922,924,0.24545454545454545,3.5,0.17272727272727273,0.33636363636363636,1.8,5.300000000000001,True,0.016151819499350278,6.007616366607329,0,,
923,925,0.2,9.093594068521826,0.16090909090909092,0.24545454545454545,7.593594068521825,10.193594068521827,True,0.013382429995954365,6.0048469771039334,0,,
924,926,0.011363636363636364,14.945588919128328,0.01,0.015454545454545453,13.545588919128333,17.64558891912832,True,0.020685905209155933,6.012150452317135,0,,
925,927,0.17,4.3,0.15545454545454546,0.2,3.1,5.0,False,0.03219651996790488,6.023661067075884,0,,
926,928,0.019545454545454546,5.881051928236214,0.015454545454545453,0.025454545454545455,4.081051928236215,7.981051928236214,True,0.16721420938002277,6.158678756488002,0,,
927,929,0.01090909090909091,15.37270485877898,0.01,0.015454545454545453,14.172704858778983,18.27270485877897,True,0.025299465281917285,6.016764012389896,0,,
928,930,0.2818181818181818,12.497750730939485,0.2545454545454545,0.3181818181818182,11.897750730939487,13.197750730939482,False,0.022214769239704182,6.013679316347683,0,,
929,931,0.030909090909090907,10.030833499754019,0.022727272727272728,0.045454545454545456,7.230833499754029,13.130833499754008,True,0.03748901972420481,6.028953566832183,0,,
930,932,0.024545454545454544,10.21650411319633,0.017272727272727273,0.03363636363636364,7.516504113196339,13.01650411319632,True,0.025778284680331824,6.017242831788311,0,,
931,933,0.02909090909090909,6.16624874469312,0.02090909090909091,0.045454545454545456,3.2662487446931174,9.766248744693122,True,0.025586488421109024,6.0170510355290885,0,,
932,934,0.2818181818181818,8.636398437012312,0.23636363636363636,0.32727272727272727,7.836398437012312,9.536398437012313,True,0.12470598938252606,6.116170536490505,0,,
933,935,0.024545454545454544,7.943949489204909,0.01818181818181818,0.03363636363636364,5.543949489204907,10.643949489204912,True,0.022646888064384574,6.014111435172364,0,,
934,936,0.23636363636363636,5.555460647185584,0.2,0.2727272727272727,4.955460647185585,6.455460647185584,False,0.06741717409876191,6.058881721206741,0,,
935,937,0.07,10.088629583672175,0.05454545454545455,0.08909090909090908,7.688629583672183,12.488629583672166,False,0.002155880400213028,5.993620427508192,0,,
936,938,0.023636363636363636,12.769655383266986,0.017272727272727273,0.030909090909090907,10.369655383266995,15.169655383266978,True,0.047143969822867074,6.0386085169308465,0,,
937,939,0.15363636363636363,12.968270561343543,0.13181818181818183,0.1809090909090909,11.268270561343549,14.568270561343537,True,0.02400185552964043,6.015466402637619,0,,
938,940,0.16090909090909092,11.887101597138294,0.1390909090909091,0.1890909090909091,10.1871015971383,13.08710159713829,True,0.03338932002349508,6.024853867131474,0,,
939,941,0.1590909090909091,11.757228294782431,0.1390909090909091,0.18363636363636365,10.157228294782437,12.957228294782427,False,0.013558659623694883,6.005023206731674,0,,
940,942,0.026363636363636363,11.76681425374244,0.019545454545454546,0.03636363636363636,9.26681425374245,14.366814253742431,True,0.011901882115738597,6.003366429223718,0,,
941,943,0.034545454545454546,5.23584225794904,0.028181818181818183,0.04363636363636364,3.5358422579490396,7.23584225794904,True,0.013171243972958411,6.004635791080937,0,,
942,944,0.14454545454545453,9.522184646509066,0.11545454545454546,0.17272727272727273,7.022184646509075,11.622184646509059,True,0.013419029918598887,6.004883577026578,0,,
944,946,0.022727272727272728,7.912465165325248,0.015909090909090907,0.03272727272727273,5.112465165325245,11.012465165325251,True,0.017097595800972767,6.008562142908952,0,,
945,947,0.32727272727272727,11.700147471890887,0.2818181818181818,0.39090909090909093,10.80014747189089,12.900147471890882,True,0.00831091284200018,5.999775459949979,0,,
946,948,0.4909090909090909,5.214594489650035,0.2818181818181818,1.1727272727272726,1.6145944896500355,10.514594489650033,True,0.004986498074280033,5.996451045182259,0,,
947,949,0.14454545454545453,11.17256137581905,0.11545454545454546,0.1781818181818182,8.67256137581906,13.372561375819043,True,0.004767332829888804,5.996231879937868,0,,
948,950,0.04272727272727273,8.75681344116754,0.02909090909090909,0.06272727272727273,5.756813441167536,12.356813441167542,True,0.0023143686429461046,5.993778915750926,0,,
950,952,0.022727272727272728,15.722458466106623,0.017727272727272727,0.028181818181818183,13.72245846610663,17.722458466106616,True,0.0518288071107876,6.043293354218767,0,,
951,953,0.34545454545454546,4.6000000000000005,0.2909090909090909,0.4090909090909091,3.6,5.800000000000001,True,0.031141859319399445,6.0226064064273785,0,,
952,954,0.16636363636363638,10.574115954373239,0.1409090909090909,0.2090909090909091,8.474115954373246,11.774115954373235,True,0.03132212886501901,6.022786675972998,0,,
953,955,0.35454545454545455,2.8000000000000003,0.1890909090909091,0.8272727272727273,0.0,7.800000000000001,True,0.0006447278777710255,5.99210927498575,0,,
954,956,0.03727272727272728,4.6000000000000005,0.02909090909090909,0.045454545454545456,2.8000000000000003,6.4,True,0.02167763369544345,6.013142180803422,0,,
955,957,0.08818181818181818,12.656231479395405,0.06909090909090909,0.11181818181818182,10.156231479395414,14.856231479395397,False,0.010793839385371966,6.002258386493351,0,,
957,959,0.04090909090909091,11.687880569320635,0.028181818181818183,0.060909090909090906,8.687880569320646,15.287880569320622,True,0.012293662873745366,6.003758209981725,0,,
958,960,0.02090909090909091,10.932363199393837,0.015,0.028181818181818183,8.432363199393846,13.432363199393828,True,0.016287233016770566,6.0077517801247495,0,,
960,962,0.08727272727272727,10.425165264073305,0.057272727272727274,0.12454545454545454,6.32516526407332,13.925165264073293,True,0.006132756920062179,5.997597304028041,0,,
961,963,0.02727272727272727,14.932472232917654,0.02,0.04,12.332472232917663,17.932472232917643,True,0.006123057025152929,5.997587604133132,0,,
962,964,0.02727272727272727,8.634463358226295,0.02090909090909091,0.03363636363636364,6.434463358226292,10.534463358226297,True,0.1276690171608757,6.1191335642688545,0,,
963,965,0.06909090909090909,12.94930255622285,0.053636363636363635,0.08818181818181818,10.649302556222858,15.549302556222841,False,0.006599084008415615,5.998063631116395,0,,
964,966,0.046363636363636364,6.097314811058976,0.034545454545454546,0.06363636363636364,3.4973148110589745,9.097314811058979,True,0.042010270027014456,6.0334748171349935,0,,
965,967,0.3,2.8000000000000003,0.2727272727272727,0.34545454545454546,2.2,3.6,True,0.1619080358336635,6.153372582941643,0,,
966,968,0.1809090909090909,8.99591019813457,0.1572727272727273,0.2181818181818182,7.595910198134569,9.795910198134571,False,0.019373922220507756,6.010838469328487,0,,
967,969,0.05454545454545455,5.470027176120953,0.045454545454545456,0.06454545454545454,3.8700271761209537,7.170027176120953,False,0.13263126332634223,6.124095810434321,0,,
968,970,0.060909090909090906,10.212814897571148,0.04,0.09181818181818181,6.412814897571161,14.312814897571133,True,0.009767828136216862,6.001232375244196,0,,
969,971,0.030909090909090907,8.017513717428884,0.023636363636363636,0.04363636363636364,5.61751371742888,10.717513717428885,True,0.004159938269763559,5.995624485377743,0,,
970,972,0.057272727272727274,5.311479698372751,0.04272727272727273,0.07909090909090909,2.5114796983727516,8.51147969837275,True,0.011074370412319127,6.002538917520298,0,,
971,973,0.16818181818181818,13.40197691479467,0.14636363636363636,0.2,11.601976914794676,14.301976914794666,True,0.011035681174528397,6.002500228282507,0,,
973,975,0.13727272727272727,12.396219804565069,0.11545454545454546,0.1572727272727273,10.396219804565076,13.896219804565064,False,0.035025195413267714,6.026489742521247,0,,
974,976,0.016363636363636365,12.454953914659175,0.013181818181818182,0.02090909090909091,10.554953914659182,14.554953914659167,True,0.06743367755031336,6.058898224658292,0,,
975,977,0.36363636363636365,5.066667312220838,0.2909090909090909,0.4545454545454546,3.6666673122208384,6.566667312220837,True,0.007652708027648055,5.999117255135627,0,,
976,978,0.15545454545454546,11.973251134209894,0.13727272727272727,0.17545454545454547,10.4732511342099,13.27325113420989,False,0.051561710383053586,6.043026257491032,0,,
977,979,0.07472727272727273,6.597731819859103,0.057272727272727274,0.09545454545454546,3.9977318198591,8.897731819859104,False,0.019517980706336736,6.010982527814316,0,,
978,980,0.010454545454545454,10.18802348874032,0.01,0.015454545454545453,9.288023488740324,13.588023488740308,True,0.025078408442993198,6.016542955550972,0,,
979,981,0.014545454545454545,12.147048445138484,0.011363636363636364,0.02090909090909091,10.047048445138492,14.947048445138474,True,0.04938676315389004,6.0408513102618695,0,,
980,982,0.07127272727272727,10.727200003532406,0.04272727272727273,0.11727272727272728,5.827200003532424,15.627200003532389,True,0.0009116757381777567,5.992376222846157,0,,
981,983,0.056363636363636366,14.860699580300711,0.04272727272727273,0.075,12.26069958030072,17.6606995803007,True,0.014019676202335803,6.005484223310315,0,,
982,984,0.04363636363636364,7.531376900176195,0.03,0.06636363636363636,4.531376900176193,11.431376900176199,True,0.02739086334099214,6.018855410448971,0,,
983,985,0.012272727272727272,14.464327506159387,0.01,0.017272727272727273,12.464327506159394,17.364327506159377,True,0.015312905824264093,6.006777452932243,0,,
984,986,0.2,2.8000000000000003,0.16272727272727272,0.2636363636363636,1.4000000000000001,4.1000000000000005,False,0.03646730473691773,6.0279318518448965,0,,
985,987,0.014090909090909091,8.693604829085878,0.01,0.02,5.993604829085875,11.69360482908588,True,0.0039885859598639386,5.995453133067843,0,,
986,988,0.12272727272727273,6.536812576700847,0.09090909090909091,0.15181818181818182,3.5368125767008443,8.936812576700849,True,0.007114832982894318,5.998579380090874,0,,
987,989,0.37272727272727274,5.281465639009998,0.3181818181818182,0.4636363636363636,4.2814656390099985,6.681465639009998,True,0.06977604275184797,6.061240589859827,0,,
988,990,0.23636363636363636,8.785023984537101,0.17272727272727273,0.2909090909090909,7.385023984537099,10.085023984537102,True,0.019550177572008543,6.011014724679987,0,,
989,991,0.09818181818181819,8.861172816713326,0.07772727272727273,0.11727272727272728,6.761172816713325,10.661172816713329,False,0.008760793549875282,6.000225340657854,0,,
990,992,0.13,9.826197727996783,0.10272727272727274,0.1572727272727273,7.326197727996792,11.926197727996776,False,0.014642557570238544,6.006107104678217,0,,
992,994,0.2090909090909091,12.909617509306214,0.17272727272727273,0.2545454545454545,12.009617509306217,13.90961750930621,True,0.13745298146293844,6.128917528570917,0,,
993,995,0.02,10.751414325493672,0.015909090909090907,0.02727272727272727,8.951414325493678,13.351414325493662,True,0.06698987198729103,6.05845441909527,0,,
994,996,0.16090909090909092,10.794473968170621,0.14636363636363636,0.18636363636363637,9.594473968170625,11.894473968170617,False,0.07762856205253697,6.069093109160516,0,,
995,997,0.01681818181818182,12.52914421235307,0.011818181818181818,0.025454545454545455,9.629144212353081,15.929144212353059,True,0.005499490527341819,5.996964037635321,0,,
996,998,0.2090909090909091,5.956377906527447,0.16818181818181818,0.2636363636363636,4.956377906527446,7.156377906527448,False,0.09304774453953993,6.084512291647519,0,,
998,1000,0.03,10.669678774078744,0.023636363636363636,0.04181818181818182,8.469678774078751,13.169678774078735,True,0.011783539393276195,6.003248086501255,0,,
999,1001,0.034545454545454546,6.9280526400739,0.026363636363636363,0.045454545454545456,4.728052640073898,9.228052640073901,True,0.016236798718808967,6.007701345826788,0,,
1000,1002,0.2181818181818182,6.730096579487331,0.17,0.2727272727272727,5.630096579487329,7.930096579487332,True,0.007886889685449995,5.999351436793429,0,,
1001,1003,0.1809090909090909,5.346209628302258,0.14454545454545453,0.24545454545454545,2.9462096283022583,6.846209628302258,True,0.006763042925062035,5.998227590033041,0,,
1002,1004,0.5545454545454546,3.5,0.2727272727272727,1.4,0.0,8.700000000000001,True,0.002443342934543109,5.9939078900425224,0,,
1003,1005,0.057272727272727274,10.33566114067027,0.04454545454545455,0.07545454545454545,7.935661140670279,13.03566114067026,True,0.005674217559361636,5.997138764667341,0,,
1004,1006,0.034545454545454546,11.700984419233667,0.025454545454545455,0.04818181818181819,9.100984419233676,14.700984419233656,True,0.0006464467294590455,5.992110993837438,0,,
1005,1007,0.06454545454545454,6.648961800563779,0.04090909090909091,0.10454545454545455,2.2489618005637753,11.148961800563784,True,0.0026838321177880247,5.994148379225767,0,,
1006,1008,0.12454545454545454,11.175750383415483,0.09272727272727273,0.1572727272727273,8.275750383415494,13.775750383415474,True,0.023972443264416093,6.015436990372395,0,,
1007,1009,0.07,6.901738059683891,0.05,0.09636363636363636,3.801738059683888,9.801738059683894,True,0.018948327127255624,6.010412874235235,0,,
1008,1010,0.03636363636363636,10.452584197953476,0.026363636363636363,0.05454545454545455,7.852584197953485,14.052584197953463,True,0.03725620022793319,6.028720747335912,0,,
1009,1011,0.012727272727272728,10.5913687526148,0.01,0.01681818181818182,8.591368752614807,12.991368752614791,True,0.019404759669846203,6.010869306777825,0,,
1010,1012,0.057272727272727274,5.407370104304424,0.038181818181818185,0.08909090909090908,1.7073701043044247,9.707370104304424,True,0.00754897569195954,5.999013522799938,0,,
1011,1013,0.01681818181818182,9.510256676322886,0.013181818181818182,0.022727272727272728,7.510256676322893,11.910256676322877,True,0.09854782590203975,6.090012373010019,0,,
1012,1014,0.06363636363636364,6.472541170947146,0.04,0.10181818181818182,2.1725411709471425,10.87254117094715,True,0.0080306966845222,5.999495243792501,0,,
1013,1015,0.44545454545454544,4.3,0.2909090909090909,0.8363636363636364,1.6,8.4,True,0.004473314685192992,5.9959378617931725,0,,
1014,1016,0.4727272727272727,1.4000000000000001,0.32727272727272727,1.1727272727272726,0.0,6.4,True,0.0010201342937236559,5.992484681401702,0,,
1015,1017,0.13363636363636364,6.555282127257082,0.10636363636363637,0.1590909090909091,3.95528212725708,8.455282127257085,False,0.05971551653177618,6.051180063639755,0,,
1016,1018,0.023636363636363636,12.695102937723671,0.014545454545454545,0.04181818181818182,8.895102937723685,17.395102937723657,True,0.024396136121966807,6.0158606832299455,0,,
1018,1020,0.04181818181818182,3.5,0.028181818181818183,0.06272727272727273,0.4,7.4,True,0.06646349576358787,6.057928042871567,0,,
1020,1022,0.026363636363636363,11.228206752524112,0.017727272727272727,0.04181818181818182,7.928206752524124,15.028206752524099,True,0.018216594324479043,6.009681141432458,0,,
1021,1023,0.17272727272727273,10.845436794432171,0.15,0.2090909090909091,9.145436794432177,11.745436794432168,True,0.006787034481292406,5.998251581589272,0,,
1022,1024,0.05181818181818182,5.557086872256613,0.03727272727272728,0.07181818181818181,2.557086872256613,8.657086872256611,True,0.024046920540873228,6.015511467648852,0,,
1023,1025,0.07127272727272727,10.672453662392824,0.053636363636363635,0.09272727272727273,7.972453662392834,13.172453662392815,True,0.0028057792599530686,5.994270326367932,0,,
1024,1026,0.02909090909090909,5.1000000000000005,0.02181818181818182,0.04181818181818182,2.6,7.9,True,0.00952468430054234,6.000989231408521,0,,
1025,1027,0.053636363636363635,6.448557832258635,0.03636363636363636,0.07727272727272727,2.8485578322586322,9.948557832258638,True,0.04354891623429719,6.035013463342276,0,,
1026,1028,0.017272727272727273,10.740880273595797,0.013636363636363636,0.022727272727272728,8.840880273595804,12.94088027359579,True,0.043565878658527624,6.035030425766506,0,,
1027,1029,0.015454545454545453,6.81983929644057,0.012272727272727272,0.022727272727272728,4.619839296440569,9.819839296440573,True,0.07274177374081285,6.0642063208487915,0,,
1028,1030,0.1190909090909091,11.42187521107367,0.09545454545454546,0.1409090909090909,9.221875211073678,13.321875211073664,False,0.0031128476319971354,5.994577394739976,0,,
1029,1031,0.11181818181818182,3.8000000000000003,0.08090909090909092,0.1390909090909091,0.8,6.2,False,0.014156213911749625,6.0056207610197285,0,,
1030,1032,0.023636363636363636,14.103950693271115,0.016363636363636365,0.03272727272727273,11.203950693271125,16.903950693271106,True,0.02832551029816385,6.0197900574061425,0,,
1031,1033,0.23636363636363636,3.7,0.17,0.3090909090909091,2.2,5.2,True,0.0003814089721343543,5.991845956080113,0,,
1032,1034,0.13727272727272727,8.179571274268403,0.09909090909090909,0.17272727272727273,4.679571274268399,10.879571274268404,True,0.002548975081783673,5.994013522189762,0,,
1033,1035,0.36363636363636365,21.117741546746707,0.2545454545454545,0.5636363636363636,18.917741546746676,24.01774154674675,True,0.0022535194736729375,5.993718066581652,0,,
1034,1036,0.02,14.871011140253206,0.014090909090909091,0.030909090909090907,11.871011140253216,18.57101114025319,True,0.012464786455159017,6.003929333563138,0,,
1036,1038,0.3,3.6,0.2272727272727273,0.4272727272727273,1.9000000000000001,5.800000000000001,True,0.023834486398211757,6.01529903350619,0,,
1037,1039,1.1,15.783800908675625,0.5909090909090908,1.4,11.68380090867564,17.783800908675616,False,0.004462207240104172,5.995926754348083,0,,
1038,1040,0.014090909090909091,11.712296375426483,0.01,0.025454545454545455,8.212296375426495,16.112296375426467,True,0.005718280356850201,5.99718282746483,0,,
1039,1041,0.1,14.514821984094377,0.07090909090909091,0.13,11.314821984094388,17.414821984094367,True,0.005603132906335544,5.997067680014315,0,,
1041,1043,0.5363636363636364,7.362213843711613,0.36363636363636365,0.9727272727272728,4.762213843711612,11.262213843711617,True,0.011513762781880137,6.002978309889859,0,,
1042,1044,0.02909090909090909,6.15422981435535,0.023636363636363636,0.04090909090909091,4.254229814355348,8.854229814355353,True,0.056937235732180444,6.048401782840159,0,,
1043,1045,0.2545454545454545,4.3,0.19454545454545455,0.3181818181818182,3.0,5.6000000000000005,True,0.013213888289435392,6.004678435397414,0,,
1045,1047,0.06727272727272728,17.738998550012276,0.038181818181818185,0.11545454545454546,12.738998550012294,22.73899855001226,True,0.002351557365834989,5.993816104473814,0,,
1046,1048,0.02909090909090909,7.026081018399987,0.022727272727272728,0.04,4.626081018399985,9.526081018399989,True,0.021447778357149856,6.012912325465129,0,,
1047,1049,0.13545454545454547,8.58484813945882,0.1090909090909091,0.1590909090909091,6.184848139458818,10.484848139458823,False,0.008586945837934323,6.0000514929459134,0,,
1048,1050,0.1,12.864042823260998,0.07036363636363636,0.13,9.66404282326101,15.764042823260988,True,0.004631654869714116,5.996096201977693,0,,
1050,1052,0.034545454545454546,29.5308744985086,0.017727272727272727,0.06636363636363636,24.63087449850853,34.630874498508675,True,8.713318222701942e-05,5.991551680290206,0,,
1051,1053,0.13,31.21071503665951,0.07590909090909091,0.2,26.11071503665944,35.210715036659565,True,0.0039482910494079235,5.995412838157387,0,,
1052,1054,0.034545454545454546,6.685825722106927,0.028181818181818183,0.04272727272727273,5.085825722106925,8.485825722106927,True,0.057702023517415095,6.0491665706253945,0,,
1053,1055,0.024545454545454544,5.8560814416939735,0.017272727272727273,0.03272727272727273,2.956081441693974,8.256081441693972,True,0.07941468348029665,6.070879230588275,0,,
1054,1056,0.5727272727272728,6.527541530835821,0.24545454545454545,1.4,1.5275415308358165,11.527541530835826,True,0.001645031014170793,5.99310957812215,0,,
1055,1057,0.03,11.647081742554706,0.02,0.049090909090909095,8.047081742554719,15.647081742554692,True,0.009100113733018765,6.000564660840998,0,,
1056,1058,0.10363636363636364,20.51566835820224,0.08363636363636363,0.12090909090909091,18.615668358202246,22.31566835820223,False,0.004934987058727581,5.996399534166707,0,,
1057,1059,0.04181818181818182,21.062504352990185,0.02727272727272727,0.06636363636363636,17.76250435299014,25.462504352990248,True,0.00507497202018113,5.99653951912816,0,,
1059,1061,0.2818181818181818,2.8000000000000003,0.2272727272727273,0.36363636363636365,1.7000000000000002,4.3,True,0.02092926194712848,6.012393809055108,0,,
1060,1062,0.13727272727272727,13.658654508686038,0.11727272727272728,0.15545454545454546,11.958654508686044,15.058654508686033,False,0.0037969822973579273,5.995261529405337,0,,
1061,1063,0.07909090909090909,15.23269422565781,0.06,0.1090909090909091,12.43269422565782,18.2326942256578,True,0.05374679806453535,6.045211345172515,0,,
1062,1064,0.016363636363636365,5.345233122351258,0.013181818181818182,0.02090909090909091,3.445233122351259,7.245233122351258,True,0.02427829357608813,6.015742840684068,0,,
1063,1065,0.026363636363636363,14.563189069563423,0.02,0.035454545454545454,12.36318906956343,17.063189069563414,True,0.020082241063283227,6.0115467881712625,0,,
1064,1066,0.025454545454545455,15.285989369946076,0.019545454545454546,0.03272727272727273,13.185989369946084,17.48598936994607,True,0.08135112411867194,6.072815671226651,0,,
1065,1067,0.1190909090909091,18.272648825725604,0.09363636363636364,0.1481818181818182,15.972648825725612,20.772648825725597,False,0.04885394420336007,6.040318491311339,0,,
1066,1068,0.03272727272727273,10.449859177800965,0.026363636363636363,0.04272727272727273,8.549859177800972,12.549859177800958,True,0.004374670356289158,5.995839217464268,0,,
1067,1069,0.06272727272727273,5.303502980692936,0.049090909090909095,0.08,3.203502980692936,7.803502980692935,True,0.017912276059233373,6.009376823167212,0,,
1068,1070,0.030909090909090907,5.6149245805078865,0.025454545454545455,0.04,3.914924580507887,7.514924580507887,True,0.017950110665454756,6.0094146577734335,0,,
1069,1071,0.04363636363636364,7.08335839936077,0.030909090909090907,0.06272727272727273,4.383358399360768,10.483358399360775,True,0.05264775078837554,6.044112297896355,0,,
1070,1072,0.14636363636363636,8.530921456473225,0.11727272727272728,0.18363636363636365,6.130921456473223,10.830921456473227,True,0.024792091569183182,6.016256638677162,0,,
1071,1073,0.2909090909090909,6.162384312172595,0.23636363636363636,0.34545454545454546,4.962384312172594,7.262384312172595,True,0.18828601049862873,6.179750557606607,0,,
1072,1074,0.07309090909090908,10.298724551994578,0.057272727272727274,0.09363636363636364,7.998724551994586,12.69872455199457,False,0.001460780146746207,5.992925327254725,0,,
1073,1075,0.06545454545454546,16.187407313229826,0.04272727272727273,0.09909090909090909,12.187407313229842,20.087407313229814,True,0.00036995772025980164,5.991834504828239,0,,
1074,1076,0.23636363636363636,4.4,0.1890909090909091,0.2727272727272727,3.4000000000000004,5.2,True,0.1742019699267583,6.165666517034738,0,,
1075,1077,0.07772727272727273,7.775868741079973,0.045454545454545456,0.12454545454545454,2.6758687410799684,12.375868741079977,True,0.0004925984348428436,5.9919571455428216,0,,
1076,1078,0.10636363636363637,10.392140716449784,0.08181818181818182,0.13,8.092140716449792,12.692140716449776,False,0.003911703512404378,5.995376250620383,0,,
1077,1079,0.08363636363636363,7.996625477412753,0.06818181818181819,0.10545454545454545,5.8966254774127504,10.096625477412754,False,0.07149134493484091,6.06295589204282,0,,
1078,1080,0.04,25.175038561721315,0.02090909090909091,0.07590909090909091,20.47503856172125,30.47503856172139,True,0.005940692724498107,5.997405239832477,0,,
1079,1081,0.33636363636363636,9.354148948273448,0.2727272727272727,0.4090909090909091,8.154148948273452,10.654148948273443,True,0.10705980823246596,6.098524355340445,0,,
1080,1082,0.1781818181818182,7.257947838403213,0.12454545454545454,0.2727272727272727,3.4579478384032103,9.357947838403216,True,0.004957910654771864,5.996422457762751,0,,
1081,1083,0.017727272727272727,11.952731342154868,0.013636363636363636,0.023636363636363636,9.852731342154875,14.35273134215486,True,0.0011284810417265937,5.992593028149706,0,,
1082,1084,0.18636363636363637,10.94651378016514,0.15545454545454546,0.2272727272727273,9.346513780165147,11.946513780165137,True,0.018953444819771913,6.010417991927751,0,,
1083,1085,0.2909090909090909,4.2,0.2272727272727273,0.39090909090909093,2.8000000000000003,6.0,True,0.06630543036284911,6.057769977470828,0,,
1084,1086,0.02,17.59998759211998,0.015,0.028181818181818183,15.299987592119987,20.499987592119968,True,0.02221597987009357,6.013680526978073,0,,
1085,1087,0.17,18.38337913064005,0.13545454545454547,0.23636363636363636,15.58337913064006,19.783379130640043,True,0.008393069107467826,5.999857616215447,0,,
1086,1088,0.06,6.803127417058738,0.045454545454545456,0.08,4.303127417058736,9.703127417058742,True,0.023231589618948653,6.014696136726927,0,,
1087,1089,0.03636363636363636,11.116958318413642,0.028181818181818183,0.04727272727272727,9.11695831841365,13.416958318413634,True,0.08234230661404135,6.0738068537220204,0,,
1089,1091,0.17545454545454547,9.054503991446072,0.14454545454545453,0.24545454545454545,6.85450399144608,10.554503991446067,True,0.03215534885287723,6.023619895960857,0,,
1090,1092,0.06727272727272728,15.439765779509992,0.04727272727272727,0.09363636363636364,12.139765779510004,18.63976577950998,True,0.00787519329424748,5.999339740402227,0,,
1091,1093,0.04,6.85313127333718,0.03,0.05090909090909091,4.653131273337177,9.15313127333718,True,0.032247974143464565,6.0237125212514435,0,,
