index,file_lineno,best_mass,best_AV,mass_min,mass_max,AV_min,AV_max,intersects,min_chi2,chi2_threshold,dof_gof,passes_gof,p_value,true_AV,true_mass
0,2,0.07363636363636364,12.173206199553432,0.04454545454545455,0.11727272727272728,6.97320619955345,16.973206199553413,True,0.0016030724925620206,11.619889053120616,0,,,10.5382,0.056206
1,3,0.19181818181818186,10.411803300453398,0.15,0.2545454545454545,7.911803300453408,12.211803300453393,True,0.016369963060436463,11.634655943688488,0,,,9.3431,0.171107
2,4,0.02363636363636364,4.800000000000002,0.018636363636363642,0.030909090909090907,2.5,7.6,True,0.053426554412992634,11.671712535041044,0,,,4.31918,0.020454
3,5,0.11727272727272728,9.198669196533617,0.09090909090909093,0.1409090909090909,6.498669196533627,11.598669196533608,False,0.010056908962415772,11.628342889590465,0,,,6.74386,0.085403
4,6,0.16454545454545455,8.413133506030668,0.11363636363636365,0.2545454545454545,3.8131335060306646,11.213133506030669,True,0.0008228247861142146,11.619108805414164,0,,,6.40226,0.147953
5,7,0.24545454545454545,16.703231391783234,0.16636363636363638,0.3363636363636364,14.203231391783245,18.903231391783226,True,0.10076841828355572,11.719054398911608,0,,,17.3093,0.20703
6,8,0.3545454545454545,22.941115342924608,0.2818181818181818,0.4545454545454546,21.241115342924584,24.841115342924642,False,0.036572955927389794,11.654858936555442,0,,,25.4049,0.353775
8,10,0.07,15.522913566249976,0.05,0.09272727272727273,12.02291356624999,18.52291356624997,True,0.05977287214648931,11.678058852774539,0,,,14.277,0.053173
9,11,0.4,5.460827426923667,0.2727272727272727,0.7727272727272727,2.560827426923668,10.060827426923666,True,0.012980982626434212,11.631266963254484,0,,,5.86181,0.398091
11,13,0.3363636363636364,6.1724076338185405,0.2818181818181818,0.4181818181818182,4.97240763381854,7.8724076338185425,True,0.08030630258631785,11.698592283214367,0,,,6.47402,0.321926
12,14,0.0981818181818182,21.23741206218393,0.06,0.1390909090909091,16.037412062183858,25.637412062183994,True,0.01721596113480233,11.635501941762856,0,,,20.0599,0.070333
13,15,0.02090909090909091,17.369285480560457,0.014090909090909091,0.03363636363636364,13.66928548056047,21.96928548056044,True,0.004280660139963223,11.622566640768015,0,,,18.585,0.01878
14,16,0.1890909090909091,9.322346130938277,0.14272727272727273,0.2727272727272727,6.322346130938289,11.322346130938273,True,0.000882458189418636,11.61916843881747,0,,,7.98796,0.168693
15,17,0.2181818181818182,10.757113347388144,0.17,0.2636363636363636,9.35711334738815,11.957113347388141,True,0.1454362159988722,11.763722196626926,0,,,10.0988,0.185198
16,18,0.3727272727272728,9.409853173742471,0.2818181818181818,0.5363636363636364,7.409853173742476,12.109853173742462,True,0.06537633347501694,11.683662314103069,0,,,10.2079,0.366108
17,19,0.2818181818181818,16.92629672669711,0.2181818181818182,0.3636363636363637,15.226296726697116,18.8262967266971,True,0.02339198499893966,11.641677965626993,0,,,18.1528,0.259832
18,20,0.12636363636363634,16.388221759161166,0.09727272727272727,0.15545454545454546,13.388221759161176,18.888221759161155,True,0.0049423032492529545,11.623228283877303,0,,,14.8723,0.097278
20,22,1.2272727272727273,19.645240448064182,0.8181818181818182,1.4,16.745240448064195,20.945240448064183,False,0.05144803468973781,11.669734015317788,0,,,22.9691,1.31329
21,23,0.4090909090909091,7.978902316761799,0.3272727272727273,0.5,6.178902316761798,9.678902316761802,True,0.2788891667292857,11.897175147357338,0,,,8.50713,0.394837
22,24,0.015,6.942892451466782,0.011818181818181818,0.02181818181818182,4.542892451466781,10.142892451466787,True,0.06555677640377264,11.683842757031824,0,,,7.83498,0.01503
23,25,1.1727272727272726,17.526446432627836,0.6818181818181818,1.4,13.726446432627847,18.926446432627827,False,0.00950793852238168,11.627793919150431,0,,,20.2002,1.20782
24,26,0.3363636363636364,10.346402041344028,0.24545454545454545,0.4727272727272727,8.246402041344036,12.94640204134402,True,0.036293119327151166,11.654579099955207,0,,,11.0896,0.322605
25,27,0.4,6.311554851335328,0.2909090909090909,0.6090909090909089,3.8115548513353255,9.61155485133533,True,0.0007343554699279553,11.619020336097979,0,,,6.78875,0.394081
26,28,0.1781818181818182,15.898500418995972,0.15,0.2181818181818182,13.898500418995981,17.098500418995968,True,0.14820452066359946,11.766490501291651,0,,,14.9163,0.158611
27,29,0.13363636363636364,10.992313873567948,0.11181818181818183,0.15545454545454546,8.792313873567956,12.992313873567939,False,0.10090545507859873,11.719191435706652,0,,,8.9241,0.106116
28,30,0.01,10.499509820512936,0.01,0.013636363636363636,10.199509820512937,13.399509820512927,True,0.1462768322754911,11.764562812903545,0,,,11.7408,0.010147
29,31,0.3363636363636364,20.60695615942355,0.2636363636363636,0.4636363636363636,18.906956159423526,23.006956159423584,True,0.08539854768387878,11.70368452831193,0,,,22.939,0.342464
30,32,0.3181818181818182,5.088098841522647,0.16090909090909092,0.6909090909090909,0.6880988415226468,10.288098841522645,True,0.009247921268621095,11.627533901896673,0,,,4.9614,0.293764
32,34,0.02363636363636364,16.085031003006133,0.015454545454545453,0.03545454545454545,12.28503100300615,19.98503100300612,True,0.01416793166552262,11.632453912293574,0,,,16.5894,0.019871
33,35,0.4,2.6,0.2363636363636364,0.9454545454545454,0.0,7.7,True,0.0036535174526801007,11.621939498080733,0,,,2.62726,0.39264
34,36,0.019545454545454543,10.474720951017476,0.010454545454545454,0.03636363636363636,5.374720951017494,15.37472095101746,True,0.00524525233334501,11.6235312329614,0,,,10.8478,0.017711
35,37,0.011818181818181818,6.670933221428228,0.01,0.014090909090909091,5.070933221428229,8.57093322142823,True,0.057362619214721314,11.675648599842772,0,,,7.44862,0.01187
36,38,0.13727272727272727,14.040276843151355,0.11545454545454545,0.1572727272727273,11.84027684315136,15.840276843151347,False,0.0508509595137909,11.669136940141845,0,,,12.2681,0.109643
37,39,0.1809090909090909,22.572920644152195,0.14636363636363636,0.24545454545454545,20.072920644152152,24.27292064415221,True,0.06646714930481876,11.684753129932869,0,,,22.8605,0.167637
40,42,0.027272727272727268,11.748463276434924,0.019545454545454543,0.03818181818181818,8.448463276434937,14.948463276434914,True,0.004832904830333835,11.623118885458386,0,,,11.7529,0.023358
41,43,0.1190909090909091,10.539280115746177,0.07227272727272728,0.18363636363636365,5.539280115746193,15.539280115746156,True,0.025975625716085957,11.644261606344138,0,,,8.43351,0.089676
42,44,0.1390909090909091,5.925057042568983,0.11727272727272728,0.16090909090909092,3.825057042568981,7.825057042568985,False,0.015186119999374763,11.633472100627424,0,,,3.3925,0.114438
43,45,0.1572727272727273,9.479689928442946,0.10818181818181817,0.2272727272727273,4.679689928442963,12.479689928442935,True,0.014403070537965412,11.632689051166016,0,,,7.35146,0.135785
44,46,0.02090909090909091,10.29103761154129,0.014090909090909091,0.030909090909090907,6.691037611541303,13.991037611541277,True,0.032956464121190236,11.651242444749244,0,,,10.478,0.018535
45,47,0.1190909090909091,16.672155653625946,0.0918181818181818,0.14454545454545453,13.772155653625955,19.172155653625936,False,0.03899408295532522,11.657280063583373,0,,,15.0886,0.087852
46,48,0.15545454545454546,7.7993412188506905,0.13181818181818186,0.1863636363636364,5.699341218850687,9.59934121885069,False,0.009442611461767959,11.62772859208982,0,,,5.56832,0.134795
47,49,0.028181818181818183,9.35494021888,0.02,0.04,6.154940218880012,12.254940218879991,True,0.06533876379969522,11.683624744427748,0,,,8.92927,0.024008
48,50,0.2272727272727273,11.349574448965162,0.1572727272727273,0.3272727272727273,8.449574448965175,14.049574448965153,True,0.009388076429488345,11.627674057057538,0,,,11.3775,0.195263
49,51,0.04818181818181819,11.89077311018876,0.037272727272727284,0.06727272727272728,9.190773110188768,15.290773110188749,True,0.044667760359913336,11.662953740987964,0,,,11.3536,0.040398
50,52,0.16818181818181818,8.686046626551343,0.13181818181818186,0.2363636363636364,5.486046626551341,10.686046626551343,True,0.0027507110695141447,11.621036691697563,0,,,6.79817,0.15319
51,53,0.3727272727272728,5.913267616546676,0.2272727272727273,0.7636363636363637,2.313267616546673,11.01326761654668,True,0.06129205626184483,11.679578036889893,0,,,6.22197,0.364245
52,54,0.14272727272727273,10.285951270538394,0.11363636363636365,0.16818181818181818,7.385951270538404,12.685951270538386,True,0.032375289263616984,11.65066126989167,0,,,8.06416,0.116236
53,55,0.11363636363636365,7.634066783280367,0.07163636363636364,0.15363636363636365,3.034066783280364,11.134066783280373,True,0.0142889624495153,11.63257494307757,0,,,4.91622,0.082613
54,56,0.09454545454545454,6.834364877894468,0.0710909090909091,0.1190909090909091,3.9343648778944655,9.43436487789447,False,0.011175731262319638,11.629461711890373,0,,,4.17631,0.069229
55,57,0.4818181818181818,10.611968783709255,0.3818181818181817,0.7,8.911968783709261,13.211968783709247,True,0.07430857131410819,11.69259455194216,0,,,12.0183,0.501966
56,58,0.06818181818181819,15.611898582608175,0.045454545454545456,0.10181818181818182,11.411898582608194,19.611898582608163,True,0.0009124949202674588,11.61919847554832,0,,,14.5721,0.052476
57,59,0.05,3.3000000000000003,0.034545454545454546,0.08181818181818183,0.0,8.0,True,0.059170228876498136,11.677456209504552,0,,,1.31523,0.040538
58,60,0.6363636363636364,9.847288816568913,0.4,1.2090909090909092,6.147288816568924,14.547288816568894,True,0.0551754692085506,11.673461449836605,0,,,11.08,0.645787
59,61,0.1972727272727273,9.801374328814571,0.1390909090909091,0.3,6.4013743288145815,12.401374328814562,True,0.006369787107799887,11.62465576773585,0,,,8.91214,0.176272
61,63,0.5272727272727272,6.847436539824697,0.3272727272727273,1.0909090909090908,3.447436539824696,11.947436539824706,True,0.04173702037200304,11.660023001000054,0,,,7.58463,0.530846
62,64,0.024545454545454544,6.1761090434361545,0.01909090909090909,0.03363636363636364,3.8761090434361516,9.176109043436156,True,0.28504244932141176,11.903328429949465,0,,,5.96092,0.021623
63,65,0.2727272727272727,3.6,0.18363636363636365,0.4,1.2000000000000002,6.5,True,0.026441812981005484,11.644727793609054,0,,,3.12508,0.245797
64,66,0.3090909090909091,8.155816847625175,0.2545454545454545,0.3818181818181817,6.655816847625173,9.955816847625176,True,0.2560056579879354,11.874291638615988,0,,,8.35411,0.2873
65,67,0.1390909090909091,10.169673778590916,0.10727272727272727,0.16818181818181818,7.0696737785909285,12.769673778590903,True,0.008604035895499854,11.626890016523552,0,,,8.02624,0.113136
66,68,0.011363636363636364,12.328624202072177,0.01,0.014545454545454544,10.828624202072179,14.828624202072165,True,0.048353147838847664,11.6666391284669,0,,,13.7233,0.011521
67,69,0.01590909090909091,16.675240713470373,0.011818181818181818,0.024545454545454544,13.575240713470386,20.77524071347036,True,0.09389078602941202,11.712176766657464,0,,,18.5645,0.015695
69,71,0.013181818181818182,20.688812071509908,0.01,0.022727272727272728,17.688812071509915,25.48881207150989,True,0.025013165855758742,11.64329914648381,0,,,22.8529,0.012946
70,72,0.18363636363636365,10.830561260209556,0.1572727272727273,0.2272727272727273,9.130561260209562,12.230561260209553,True,0.04803730650302314,11.666323287131073,0,,,9.76368,0.166985
71,73,0.13363636363636364,8.603153823851649,0.10363636363636364,0.1590909090909091,5.703153823851648,10.803153823851652,True,0.016494915582575445,11.634780896210627,0,,,6.17901,0.104763
72,74,0.3,5.918096031542278,0.2272727272727273,0.4181818181818182,4.018096031542279,8.418096031542282,True,0.14804813697199593,11.766334117600048,0,,,5.97366,0.284688
73,75,0.015,13.414830483057607,0.01,0.026363636363636363,8.614830483057622,17.51483048305759,True,0.01510396088801084,11.633389941516066,0,,,14.3928,0.014379
74,76,0.08727272727272728,13.764125093338265,0.057272727272727274,0.12454545454545456,9.16412509333828,17.66412509333825,True,0.012623161911188572,11.630909142539242,0,,,11.8002,0.06481
75,77,0.1409090909090909,5.2999580449225085,0.10272727272727274,0.17545454545454547,1.4999580449225094,7.99995804492251,True,0.02471086548714829,11.642996846115198,0,,,2.46876,0.113714
77,79,0.03272727272727273,5.603397126202947,0.027272727272727268,0.04454545454545455,3.803397126202945,8.50339712620295,True,0.22070940236885891,11.838995382996911,0,,,5.12136,0.028294
78,80,0.08545454545454545,9.990916517935592,0.053636363636363635,0.12454545454545456,5.190916517935609,13.89091651793558,True,0.01200797971980607,11.630293960347858,0,,,7.62777,0.063378
79,81,0.1972727272727273,8.59171927704626,0.15181818181818182,0.2636363636363636,5.891719277046256,10.49171927704626,True,0.012276535797265065,11.630562516425314,0,,,7.37689,0.174625
80,82,0.6454545454545454,14.588521250017708,0.4545454545454546,1.0,11.888521250017718,17.788521250017695,True,0.030949389036151406,11.649235369664204,0,,,16.6568,0.674569
81,83,0.02181818181818182,12.109980821562578,0.014545454545454544,0.03363636363636364,8.609980821562589,16.209980821562564,True,0.02548584860405366,11.643771829232106,0,,,12.5041,0.019064
82,84,0.2818181818181818,5.8032727817961725,0.2272727272727273,0.3363636363636364,4.303272781796172,7.203272781796173,True,0.10174702521757756,11.720033005845627,0,,,5.43837,0.250973
83,85,0.02363636363636364,15.828279216750493,0.017272727272727273,0.030909090909090907,12.928279216750505,18.728279216750487,True,0.11389603966138424,11.732182020289436,0,,,16.3505,0.01978
84,86,0.12454545454545456,14.043623795199693,0.0981818181818182,0.1481818181818182,11.2436237951997,16.24362379519968,False,0.04130876285501351,11.659594743483064,0,,,12.1325,0.092697
85,87,0.06272727272727273,13.656514727644382,0.037272727272727284,0.10454545454545457,8.656514727644398,18.656514727644364,True,0.014507731093531854,11.632793711721584,0,,,12.7011,0.049048
87,89,0.013181818181818182,7.887432591597983,0.01,0.01681818181818182,5.487432591597981,10.087432591597985,True,0.06661225101508833,11.68489823164314,0,,,8.67125,0.013106
88,90,0.13,12.721682792865755,0.08909090909090908,0.16818181818181818,8.32168279286577,16.221682792865742,True,0.046352256332958176,11.664638236961009,0,,,10.6929,0.10164
89,91,0.19181818181818186,10.548338076913279,0.15545454545454546,0.2545454545454545,8.448338076913286,12.148338076913273,True,0.05230308795362645,11.670589068581679,0,,,9.59651,0.173357
90,92,0.14636363636363636,9.455968489349,0.1090909090909091,0.19181818181818186,5.755968489349012,12.355968489348989,True,0.004542520613286027,11.622828501241338,0,,,7.4095,0.123088
92,94,0.01909090909090909,14.771688363967499,0.010454545454545454,0.03363636363636364,9.371688363967518,19.371688363967486,True,0.01772418730749355,11.636010167935545,0,,,15.6105,0.017277
93,95,0.5545454545454546,8.28852697706688,0.2818181818181818,1.2727272727272727,3.6885269770668767,13.688526977066884,True,0.004806330219546232,11.623092310847596,0,,,9.48228,0.579234
94,96,0.2272727272727273,5.408771719069216,0.17272727272727273,0.2636363636363636,3.8087717190692163,6.408771719069216,True,0.3526201309058078,11.970906111533859,0,,,4.07236,0.18784
95,97,0.10818181818181817,11.630141981827874,0.08272727272727272,0.13,8.930141981827882,13.930141981827864,False,0.11528701787588175,11.733572998503936,0,,,9.30849,0.078125
96,98,0.1190909090909091,11.377015500347808,0.07200000000000001,0.16454545454545455,6.277015500347827,15.477015500347793,True,0.005842563118493971,11.624128543746545,0,,,9.05418,0.08666
97,99,0.3909090909090909,6.9976909095946205,0.3272727272727273,0.4909090909090909,5.597690909594618,8.897690909594623,True,0.023513231908828192,11.641799212536881,0,,,7.69816,0.38784
98,100,0.3727272727272728,6.550530703892702,0.2909090909090909,0.4909090909090909,4.5505307038927,8.650530703892702,True,0.006554233082140468,11.624840213710193,0,,,6.84038,0.360001
99,101,0.3636363636363637,5.737495539580932,0.2727272727272727,0.5181818181818182,3.737495539580929,8.437495539580933,True,0.01074259449275609,11.629028575120806,0,,,6.06938,0.352549
100,102,0.1409090909090909,5.376196789173178,0.08818181818181818,0.2090909090909091,0.2761967891731789,9.276196789173177,True,0.010789166120685771,11.629075146748738,0,,,2.62518,0.115311
101,103,0.027272727272727268,12.722258541219896,0.02,0.037272727272727284,9.822258541219904,15.522258541219886,True,0.052007716288324665,11.670293696916374,0,,,12.7504,0.023383
102,104,0.045454545454545456,4.6000000000000005,0.029090909090909087,0.06909090909090909,0.6000000000000001,8.9,True,0.0771479967885605,11.695433977416613,0,,,3.00835,0.036662
103,105,0.07954545454545454,4.5,0.05090909090909091,0.12272727272727273,0.0,9.1,True,0.011561234918880328,11.629847215546933,0,,,1.83744,0.060408
104,106,0.4909090909090909,2.2,0.3363636363636364,1.1181818181818182,0.0,7.4,True,0.01120686307839332,11.629492843706446,0,,,2.43285,0.500934
105,107,0.010454545454545454,13.474886508957908,0.01,0.014090909090909091,12.774886508957913,16.3748865089579,True,0.06128322533456811,11.67956920596262,0,,,14.7899,0.010328
106,108,0.18363636363636365,8.35635762062967,0.14636363636363636,0.24545454545454545,5.756357620629668,10.056357620629672,True,0.06816993903462905,11.68645591966268,0,,,6.84536,0.165704
107,109,0.04636363636363637,11.745393052066715,0.027272727272727268,0.07545454545454545,6.745393052066731,16.645393052066694,True,0.024794616925458948,11.64308059755351,0,,,11.0379,0.037703
108,110,0.6181818181818182,4.5,0.3090909090909091,1.3727272727272726,0.0,9.5,True,0.0022785558571524764,11.620564536485205,0,,,4.95815,0.620258
109,111,0.14636363636363636,13.333036862150113,0.1090909090909091,0.1863636363636364,9.733036862150124,15.833036862150102,True,0.039029737056975565,11.657315717685027,0,,,11.4629,0.121196
110,112,0.16272727272727272,5.853102543605328,0.12454545454545456,0.2181818181818182,2.5531025436053283,7.753102543605326,True,0.10486620538760998,11.723152186015664,0,,,3.16361,0.14078
111,113,0.10363636363636364,18.54943175133431,0.08272727272727272,0.12636363636363634,16.349431751334322,21.049431751334303,False,0.1026138856921474,11.7208998663202,0,,,17.3897,0.076348
112,114,0.08636363636363636,4.4,0.05454545454545455,0.1390909090909091,0.0,9.4,True,0.0066146726693570345,11.62490065329741,0,,,1.64683,0.065444
113,115,0.03,10.212496096246714,0.019545454545454543,0.04727272727272727,6.412496096246724,14.112496096246698,True,0.05190457021908915,11.670190550847142,0,,,9.844,0.02555
114,116,0.09090909090909093,12.175645624675331,0.05090909090909091,0.14636363636363636,6.87564562467535,16.875645624675315,True,0.0050160294240143176,11.623302010052068,0,,,9.99249,0.066844
119,121,0.7454545454545455,8.347359259636944,0.3818181818181817,1.4,3.54735925963694,13.547359259636949,True,0.0019296038755273871,11.62021558450358,0,,,9.33179,0.741
120,122,0.2363636363636364,7.613078358366254,0.13181818181818186,0.4909090909090909,2.8130783583662486,12.813078358366258,True,0.012680397208595364,11.630966377836645,0,,,7.35916,0.20042
121,123,0.14636363636363636,10.653810084794628,0.1190909090909091,0.17272727272727273,7.953810084794638,13.05381008479462,True,0.008285414082522329,11.626571394710574,0,,,8.62908,0.121819
122,124,0.08,7.155764776439314,0.049090909090909095,0.12272727272727273,2.055764776439309,11.755764776439314,True,0.0017990607892569015,11.620085041417305,0,,,4.72655,0.060716
123,125,0.026363636363636363,13.351231138474391,0.01681818181818182,0.04272727272727273,9.151231138474405,17.851231138474375,True,0.019658506486042192,11.637944487114096,0,,,13.5392,0.022391
124,126,0.2818181818181818,8.529999614258763,0.1781818181818182,0.4272727272727273,5.929999614258762,11.629999614258766,True,0.03905843508517022,11.657344415713222,0,,,8.60738,0.253938
126,128,0.03363636363636364,13.390263311142313,0.02363636363636364,0.05090909090909091,9.790263311142327,17.690263311142296,True,0.036223068052516016,11.654509048680568,0,,,13.537,0.028275
127,129,0.024545454545454544,9.10282314749669,0.017272727272727273,0.034545454545454546,5.802823147496701,12.40282314749668,True,0.02269327269349456,11.640979253321548,0,,,8.78322,0.020641
128,130,0.07727272727272727,7.443820398794697,0.04818181818181819,0.11727272727272728,2.543820398794693,11.8438203987947,True,0.0024580830964871718,11.620744063724539,0,,,5.16294,0.05856
129,131,0.1809090909090909,9.471640094634033,0.1090909090909091,0.4363636363636364,4.471640094634049,14.471640094634012,True,0.00036353705348465685,11.618649517681535,0,,,7.91275,0.162422
130,132,0.2363636363636364,4.1000000000000005,0.16818181818181818,0.3272727272727273,1.9,6.5,True,0.01734178657969294,11.635627767207744,0,,,3.3689,0.199559
132,134,0.08636363636363636,7.468692282524437,0.056363636363636366,0.12272727272727273,2.7686922825244342,11.26869228252444,True,0.023744322990367432,11.64203030361842,0,,,4.78783,0.063889
133,135,0.01636363636363636,16.640909976630645,0.011818181818181818,0.02363636363636364,13.140909976630654,20.04090997663063,True,0.01868907803125323,11.636975058659306,0,,,17.9853,0.015424
134,136,0.2272727272727273,7.142898950883162,0.16636363636363638,0.2818181818181818,5.042898950883162,8.842898950883164,True,0.04997162302613936,11.668257603654194,0,,,6.18578,0.190286
135,137,0.2909090909090909,6.959804888363715,0.2181818181818182,0.4090909090909091,5.1598048883637135,9.35980488836372,True,0.00747957008388524,11.625765550711938,0,,,7.10218,0.271911
136,138,0.03636363636363636,13.709239008264635,0.02181818181818182,0.06272727272727273,9.00923900826465,19.009239008264615,True,0.02537974160724044,11.643665722235294,0,,,13.9785,0.030177
137,139,0.1390909090909091,11.377451452604538,0.10454545454545457,0.17,7.77745145260455,14.277451452604527,True,0.02301532861184857,11.6413013092399,0,,,9.31098,0.112257
138,140,0.012272727272727272,16.566857822330437,0.01,0.01909090909090909,14.266857822330444,20.66685782233042,True,0.010932419478166332,11.629218400106218,0,,,18.1738,0.01208
139,141,0.14272727272727273,23.714527257853828,0.08636363636363636,0.2818181818181818,18.91452725785376,28.914527257853898,True,0.010687973848849971,11.6289739544769,0,,,23.5543,0.122405
140,142,0.2272727272727273,12.901995608400776,0.16090909090909092,0.3090909090909091,10.301995608400787,15.001995608400767,True,0.08145182911559579,11.699737809743647,0,,,12.845,0.193337
141,143,0.16636363636363638,14.140511478168877,0.13727272727272727,0.2090909090909091,11.440511478168887,15.740511478168873,True,0.033093064768696015,11.651379045396748,0,,,12.7388,0.148782
142,144,0.03,12.066252302770613,0.018636363636363642,0.05090909090909091,7.466252302770629,16.966252302770595,True,0.01683709449534621,11.635123075123394,0,,,11.9309,0.025716
143,145,0.040909090909090916,6.828461296354936,0.030909090909090907,0.05181818181818182,4.5284612963549336,9.528461296354935,True,0.03244718300267799,11.650733163630731,0,,,5.93254,0.033205
144,146,0.04454545454545455,10.240363921365443,0.03,0.06636363636363636,6.840363921365457,14.34036392136543,True,0.02449994046534125,11.642785921093392,0,,,9.6584,0.036798
145,147,0.06,14.38156946745133,0.04272727272727273,0.08272727272727272,10.981569467451338,17.781569467451316,True,0.00749788659920094,11.625783867227252,0,,,13.5438,0.047249
146,148,0.1972727272727273,9.179593721149068,0.1590909090909091,0.2545454545454545,7.279593721149075,10.779593721149062,True,0.006975068929529592,11.625261049557581,0,,,8.12828,0.175352
147,149,0.06545454545454546,10.951235213980873,0.04454545454545455,0.09363636363636364,6.751235213980888,14.951235213980858,True,0.0251279909182392,11.643413971546293,0,,,9.52671,0.050372
148,150,0.13363636363636364,12.80827508200659,0.11,0.1590909090909091,10.3082750820066,15.108275082006584,False,0.053396072752326655,11.671682053380378,0,,,11.0417,0.108144
149,151,0.031818181818181815,6.372361325572839,0.02181818181818182,0.04818181818181819,2.5723613255728397,10.372361325572838,True,0.032695529543091705,11.650981510171144,0,,,5.46216,0.02661
150,152,0.030909090909090907,12.498745939592304,0.017272727272727273,0.052727272727272734,7.098745939592322,17.098745939592288,True,0.019650509177900642,11.637936489805954,0,,,12.3255,0.026252
151,153,0.2090909090909091,9.005650004372365,0.1481818181818182,0.3363636363636364,5.7056500043723775,12.105650004372356,True,0.09170089664760264,11.709986877275655,0,,,8.58899,0.187903
152,154,0.027272727272727268,5.991188751027361,0.018636363636363642,0.04363636363636364,2.4911887510273583,10.291188751027363,True,0.13154850145256566,11.749834482080615,0,,,5.57062,0.023801
153,155,0.030909090909090907,11.500196919874119,0.02090909090909091,0.049090909090909095,7.800196919874134,15.700196919874106,True,0.027313358946777708,11.645599339574831,0,,,11.3703,0.026494
154,156,0.2,12.243478366584995,0.16090909090909092,0.2545454545454545,10.343478366585005,13.643478366584992,True,0.0008167781975473515,11.6191027588256,0,,,11.5548,0.177529
156,158,0.014090909090909091,15.426065157185265,0.010454545454545454,0.02,12.426065157185276,18.826065157185255,True,0.01821661120663275,11.636502591834686,0,,,17.0474,0.013958
157,159,0.058181818181818175,12.10360118027602,0.031818181818181815,0.1,7.003601180276037,17.003601180276,True,0.004812752890456979,11.623098733518507,0,,,10.9663,0.045687
158,160,0.12454545454545456,27.845238090959157,0.07200000000000001,0.1572727272727273,22.04523809095907,30.44523809095919,True,0.018086413598342645,11.636372394226393,0,,,27.4087,0.0928
159,161,0.2636363636363636,12.680717687090715,0.1972727272727273,0.3545454545454545,10.980717687090724,14.680717687090711,True,0.02670709928816651,11.644993079916219,0,,,13.3332,0.240288
160,162,0.4636363636363636,16.41426226515346,0.3272727272727273,0.7909090909090909,13.814262265153468,20.41426226515345,True,0.0040176650729072455,11.62230364570096,0,,,18.6386,0.486437
161,163,0.10454545454545457,6.155996003329871,0.06909090909090909,0.1390909090909091,1.955996003329867,9.655996003329873,True,0.017679285668335782,11.635965266296386,0,,,3.32899,0.075151
162,164,0.13727272727272727,17.6906479631559,0.09454545454545454,0.18363636363636365,13.390647963155914,21.090647963155888,True,0.0053530491524150705,11.623639029780467,0,,,16.4239,0.11131
163,165,0.16454545454545455,25.947139270864163,0.12090909090909092,0.2272727272727273,21.747139270864107,28.3471392708642,True,0.060229978232717786,11.67851595886077,0,,,25.7977,0.146333
164,166,0.17,15.71476978988312,0.1409090909090909,0.2181818181818182,13.014769789883127,17.214769789883114,True,0.05805851041650208,11.676344491044555,0,,,14.5128,0.154139
165,167,0.045454545454545456,12.857064539547322,0.03545454545454545,0.057272727272727274,10.55706453954733,15.157064539547315,True,0.09494034067987947,11.71322632130793,0,,,12.3389,0.03704
166,168,0.10272727272727274,21.519849182619645,0.06181818181818183,0.15181818181818182,16.31984918261957,26.319849182619716,True,0.031028714496094758,11.649314695124149,0,,,20.3757,0.074023
167,169,0.17545454545454547,9.169781844421776,0.11727272727272728,0.2909090909090909,4.069781844421794,12.369781844421766,True,0.008910321779488405,11.627196302407539,0,,,7.49457,0.15941
168,170,0.03363636363636364,22.029762881641265,0.02090909090909091,0.05454545454545455,17.429762881641196,26.729762881641324,True,0.0260994792483796,11.644385459876432,0,,,23.0084,0.028044
169,171,0.4636363636363636,23.71781390682803,0.3727272727272728,0.6363636363636364,22.117813906828005,26.01781390682806,False,0.09590970279809423,11.714195683426144,0,,,27.1491,0.512431
170,172,0.12090909090909092,10.11916441767399,0.09909090909090908,0.1390909090909091,7.8191644176739965,11.819164417673981,False,0.17943104956228392,11.797717030190336,0,,,7.50252,0.087348
171,173,0.053636363636363635,21.108787183254755,0.03272727272727273,0.08727272727272728,16.308787183254687,26.30878718325483,True,0.009439586065798521,11.627725566693849,0,,,21.4838,0.044426
172,174,0.11545454545454545,11.797477683195176,0.08272727272727272,0.14272727272727273,8.297477683195188,14.497477683195164,False,0.14753718708575173,11.765823167713805,0,,,9.39909,0.082715
173,175,0.2909090909090909,8.107521596892454,0.2181818181818182,0.3727272727272728,6.307521596892451,10.007521596892454,True,0.0873866714348223,11.705672652062875,0,,,8.18233,0.262931
174,176,0.4090909090909091,3.5,0.2272727272727273,0.9363636363636364,0.0,8.6,True,0.0011620245291326975,11.619448005157185,0,,,3.55322,0.397854
175,177,0.15363636363636365,13.96461641370584,0.13,0.1890909090909091,11.964616413705848,15.964616413705835,True,0.05554279864071049,11.67382877926876,0,,,12.702,0.135225
176,178,0.04727272727272727,9.9146518313572,0.03,0.07727272727272727,5.814651831357215,15.01465183135718,True,0.031546834802314815,11.649832815430367,0,,,9.17557,0.039529
177,179,0.13545454545454547,22.49062623176298,0.09454545454545454,0.17545454545454547,18.29062623176292,25.790626231763028,True,0.0035463795023138096,11.621832360130364,0,,,21.6871,0.109122
178,180,0.2636363636363636,8.000550603996945,0.1781818181818182,0.3636363636363637,5.500550603996941,10.500550603996944,True,0.04531473100390969,11.663600711631961,0,,,7.68332,0.226368
180,182,0.19181818181818186,10.424347184065793,0.1590909090909091,0.2363636363636364,8.624347184065797,11.724347184065785,True,0.04245088597985595,11.660736866607909,0,,,9.25039,0.170038
181,183,0.1781818181818182,10.422987064420266,0.11,0.4,5.422987064420282,15.422987064420248,True,0.003998908334847065,11.622284888962898,0,,,8.83741,0.159614
182,184,0.08545454545454545,4.9,0.05,0.1390909090909091,0.0,9.7,True,0.002084924432127202,11.62037090506018,0,,,1.97041,0.063472
183,185,0.1572727272727273,5.593791085082512,0.12090909090909092,0.2090909090909091,2.493791085082512,7.693791085082509,True,0.053737870565864564,11.672023851193915,0,,,3.01147,0.135303
184,186,0.028181818181818183,6.932128199915973,0.01636363636363636,0.049090909090909095,2.032128199915968,11.932128199915974,True,0.017897261649674586,11.636183242277724,0,,,6.25179,0.023886
185,187,0.028181818181818183,13.000513985169542,0.02090909090909091,0.04181818181818182,10.000513985169553,16.50051398516953,True,0.003892628313472385,11.622178608941526,0,,,13.1899,0.024505
186,188,0.2,7.777209038205602,0.13181818181818186,0.3363636363636364,3.577209038205598,11.077209038205604,True,0.014868497761931788,11.633154478389985,0,,,6.77909,0.179237
187,189,0.12090909090909092,11.7103637693869,0.08727272727272728,0.15545454545454546,8.110363769386911,14.810363769386887,True,0.13682153933934876,11.755107519967401,0,,,9.71431,0.091428
188,190,0.029090909090909087,6.648609127611983,0.02181818181818182,0.04272727272727273,3.5486091276119787,10.048609127611984,True,0.13804833822155685,11.756334318849607,0,,,6.06479,0.025411
189,191,0.11181818181818183,13.471782634498643,0.07636363636363636,0.14454545454545453,9.47178263449866,16.771782634498635,True,0.09565222923879016,11.713938209866846,0,,,11.399,0.080407
190,192,0.3727272727272728,5.645552799612219,0.2909090909090909,0.4909090909090909,3.8455527996122183,7.9455527996122175,True,0.040374282319805416,11.658660262947855,0,,,5.99249,0.362685
191,193,0.03545454545454545,12.449140514723972,0.026363636363636363,0.04727272727272727,9.54914051472398,15.54914051472396,True,0.044953173776054886,11.663239154404106,0,,,12.2704,0.028873
192,194,0.5636363636363636,2.0,0.4,1.1727272727272726,0.0,6.7,True,0.01230782946792932,11.63059381009598,0,,,1.8484,0.54845
193,195,0.04363636363636364,14.792967905194404,0.027272727272727268,0.06818181818181819,10.69296790519442,19.292967905194388,True,0.0808749104097504,11.699160891037804,0,,,14.4896,0.034887
194,196,0.029090909090909087,4.2,0.02090909090909091,0.04181818181818182,1.1,7.300000000000002,True,0.028192159281004894,11.646478139909055,0,,,3.18633,0.024886
195,197,0.01909090909090909,9.080402662930954,0.013636363636363636,0.027272727272727268,5.5804026629309655,12.68040266293094,True,0.006421875968576225,11.624707856596627,0,,,9.47664,0.017606
196,198,0.04181818181818182,11.022228570332096,0.025454545454545452,0.06818181818181819,6.322228570332111,15.922228570332074,True,0.02074937617787813,11.63903535680593,0,,,10.4913,0.033931
197,199,0.3545454545454545,7.142629944654707,0.3,0.4363636363636364,6.042629944654707,8.842629944654712,True,0.3494710916683489,11.9677570722964,0,,,7.81628,0.354089
198,200,0.09727272727272727,15.154708224950221,0.058181818181818175,0.15,10.15470822495024,20.154708224950205,True,0.004821785362623226,11.623107765990676,0,,,13.4498,0.070947
199,201,0.3363636363636364,11.716885675070026,0.2727272727272727,0.4181818181818182,10.116885675070034,13.416885675070018,True,0.263867177546442,11.882153158174493,0,,,12.5327,0.323291
200,202,0.026363636363636363,15.354373907983616,0.01818181818181818,0.03636363636363636,11.954373907983625,18.354373907983607,True,0.07858934118777643,11.69687532181583,0,,,15.6087,0.022042
201,203,0.1863636363636364,8.862149811872618,0.15545454545454546,0.24545454545454545,6.962149811872624,10.462149811872614,True,0.03087586627401305,11.649161846902066,0,,,7.60708,0.168851
202,204,0.02181818181818182,11.881279225852143,0.015454545454545453,0.03272727272727273,9.081279225852155,15.481279225852132,True,0.08120078427309249,11.699486764901145,0,,,12.4639,0.019502
203,205,0.057272727272727274,6.877547467177948,0.037272727272727284,0.08636363636363636,2.477547467177944,11.477547467177954,True,0.011167916209355977,11.629453896837408,0,,,5.21788,0.045316
204,206,0.1481818181818182,8.755480560524807,0.11363636363636365,0.1972727272727273,5.355480560524819,11.655480560524795,True,0.05671942732691353,11.675005407954965,0,,,6.80614,0.128256
205,207,0.509090909090909,4.2,0.2727272727272727,1.181818181818182,0.0,9.5,True,0.0022029070120922678,11.620488887640144,0,,,4.827,0.529413
206,208,0.10636363636363637,8.748074309168171,0.06454545454545453,0.16090909090909092,3.848074309168167,13.848074309168176,True,0.005790199722227935,11.62407618035028,0,,,6.34463,0.077882
207,209,0.028181818181818183,17.83937076039138,0.015454545454545453,0.05181818181818182,13.039370760391396,23.03937076039136,True,0.004182925502953963,11.622468906131004,0,,,18.6688,0.024543
208,210,0.2545454545454545,8.771055964286226,0.14454545454545453,0.4909090909090909,3.871055964286224,13.771055964286234,True,0.008653777089838083,11.62693975771789,0,,,8.80882,0.227345
209,211,0.19454545454545452,9.615894520575624,0.11727272727272728,0.4,4.515894520575642,14.515894520575605,True,0.0141117628278743,11.632397743455925,0,,,8.24896,0.170177
210,212,0.02,10.399731101932078,0.014545454545454544,0.028181818181818183,7.599731101932088,13.599731101932068,True,0.01532685599898092,11.633612836627032,0,,,10.822,0.018198
211,213,0.07954545454545454,30.445263335806235,0.05454545454545455,0.08363636363636362,26.34526333580618,30.445263335806235,False,4.047115972638753,15.665401953266803,0,,,34.7439,0.08449
212,214,0.6727272727272727,7.186456691315645,0.3363636363636364,1.4,2.5864566913156413,12.58645669131565,True,0.00037660016019868997,11.61866258078825,0,,,8.1492,0.679251
213,215,0.3909090909090909,3.2,0.2363636363636364,0.8272727272727273,0.0,8.3,True,0.008671280787831798,11.626957261415885,0,,,3.30871,0.38463
214,216,0.07309090909090908,30.445263335806235,0.026363636363636363,0.08090909090909093,20.445263335806093,30.445263335806235,False,0.4209669924226601,12.039252973050713,0,,,33.401,0.069919
215,217,0.1409090909090909,12.517508732866268,0.11363636363636365,0.16636363636363638,10.017508732866276,14.917508732866258,True,0.004566651789578618,11.622852632417633,0,,,10.7284,0.115338
216,218,0.05,5.191948053362412,0.039090909090909086,0.06636363636363636,2.491948053362413,7.991948053362412,True,0.20587655038647149,11.824162531014526,0,,,3.57594,0.041088
217,219,0.7363636363636363,29.745263335806232,0.4909090909090909,0.8454545454545455,26.845263335806195,30.445263335806235,False,0.03500941018749052,11.653295390815543,0,,,34.7551,0.877611
218,220,0.04181818181818182,6.756563150923975,0.029090909090909087,0.06,3.556563150923972,10.556563150923976,True,0.003910246063467975,11.62219622669152,0,,,5.86068,0.034193
219,221,0.3363636363636364,3.4000000000000004,0.2090909090909091,0.6090909090909089,0.2,7.9,True,0.024099400327801453,11.64238538095585,0,,,3.17934,0.315323
220,222,0.11363636363636365,7.074456568560271,0.06636363636363636,0.1781818181818182,1.9744565685602664,11.974456568560276,True,0.02228039854223426,11.640566379170284,0,,,4.36454,0.083205
221,223,0.3363636363636364,11.962946158732686,0.1590909090909091,0.7181818181818181,7.062946158732703,17.062946158732665,True,0.003862586084861136,11.62214856671291,0,,,12.8632,0.320629
222,224,0.5363636363636364,7.042279766211473,0.2818181818181818,1.2636363636363637,2.7422797662114675,12.742279766211475,True,0.003962529011133652,11.622248509639185,0,,,8.18201,0.564628
223,225,0.11,14.712168446084712,0.08090909090909093,0.1390909090909091,11.712168446084721,17.612168446084702,False,0.012838746547128728,11.631124727175179,0,,,13.0197,0.080372
224,226,0.06818181818181819,13.27343325008918,0.04363636363636364,0.10636363636363637,8.473433250089197,18.173433250089158,True,0.01805432782906068,11.636340308457113,0,,,12.1086,0.053026
225,227,0.06363636363636364,8.462317210198696,0.04181818181818182,0.10363636363636364,3.862317210198693,13.862317210198702,True,0.05620747119684984,11.674493451824901,0,,,7.20348,0.05084
227,229,0.17545454545454547,11.2375511287026,0.11727272727272728,0.2909090909090909,6.237551128702616,14.537551128702589,True,0.00494520666110122,11.623231187289155,0,,,9.83942,0.159405
228,230,0.09636363636363636,11.133389228694687,0.057272727272727274,0.15181818181818182,6.133389228694705,16.133389228694668,True,0.0020548072823905984,11.620340787910445,0,,,8.92587,0.07056
229,231,0.17545454545454547,13.194510138140124,0.12636363636363634,0.2636363636363636,8.894510138140141,15.794510138140115,True,0.03777333225579785,11.65605931288385,0,,,11.7973,0.156721
230,232,0.049090909090909095,10.366650917689553,0.03545454545454545,0.07145454545454545,6.966650917689566,14.266650917689539,True,0.003282318718864734,11.621568299346915,0,,,9.51919,0.040646
231,233,0.01818181818181818,8.63591861932265,0.01,0.031818181818181815,3.3359186193226464,13.335918619322655,True,0.01602042638993031,11.634306407017982,0,,,8.95003,0.016697
232,234,0.08363636363636362,19.257670804067054,0.05,0.12636363636363634,13.857670804067075,23.75767080406704,True,0.02879353164965341,11.647079512277706,0,,,17.8396,0.061745
233,235,0.3363636363636364,9.626213385469086,0.2818181818181818,0.4,8.42621338546909,11.226213385469078,True,0.4917576624990807,12.110043643127133,0,,,10.449,0.325239
234,236,0.07818181818181819,12.017560838530438,0.05545454545454545,0.11,8.217560838530451,15.717560838530426,True,0.009520213917218428,11.627806194545268,0,,,10.4019,0.059896
235,237,0.3727272727272728,5.2744125774100326,0.2818181818181818,0.5454545454545454,2.9744125774100327,8.274412577410033,True,0.005191604503566817,11.623477585131619,0,,,5.47197,0.363121
236,238,0.2363636363636364,24.13730017908691,0.1863636363636364,0.2909090909090909,22.73730017908689,25.73730017908693,False,0.1815802032688213,11.799866183896873,0,,,26.0018,0.209504
237,239,0.16636363636363638,13.619510410703082,0.13545454545454547,0.2181818181818182,10.919510410703092,15.519510410703075,True,0.013833727353084895,11.632119707981136,0,,,12.3432,0.1504
238,240,0.6363636363636364,6.8368084318118045,0.3,1.4,2.0368084318118007,12.03680843181181,True,0.005278356452236567,11.623564337080287,0,,,7.60471,0.632756
239,241,0.053636363636363635,13.806595070194692,0.040909090909090916,0.07036363636363636,11.006595070194702,16.506595070194685,True,0.047452952423123085,11.665738933051177,0,,,13.0669,0.043291
240,242,0.03,15.258992953636902,0.022727272727272728,0.04636363636363637,12.558992953636912,18.958992953636887,True,0.07296332993420747,11.69124931056226,0,,,15.8741,0.026629
241,243,0.05090909090909091,4.5,0.03818181818181818,0.07200000000000001,1.5,8.0,True,0.09213540122708823,11.71042138185514,0,,,2.95512,0.04234
242,244,0.03818181818181818,18.044734709008523,0.025454545454545452,0.06,14.244734709008537,22.644734709008514,True,0.004876439807964101,11.623162420436016,0,,,18.5904,0.031318
244,246,0.040909090909090916,5.627854900847916,0.03,0.05090909090909091,2.927854900847917,7.927854900847915,True,0.20605481803451006,11.82434079866256,0,,,4.27424,0.032383
245,247,0.4909090909090909,1.2000000000000002,0.3818181818181817,1.0454545454545454,0.0,6.0,True,0.004256542009823783,11.622542522637875,0,,,1.14525,0.490844
246,248,0.4,7.204572673071689,0.3272727272727273,0.4909090909090909,5.604572673071687,8.60457267307169,True,0.21440112182515086,11.832687102453205,0,,,7.51441,0.384787
247,249,0.3272727272727273,8.031347422904373,0.2090909090909091,0.5363636363636364,5.131347422904371,11.831347422904374,True,0.0441310066620774,11.662416987290127,0,,,8.44308,0.307826
248,250,0.24545454545454545,16.710449513262745,0.16636363636363638,0.3272727272727273,14.110449513262756,18.81044951326274,True,0.1232480058594176,11.74153398648747,0,,,17.1685,0.201849
249,251,0.24545454545454545,4.2,0.1781818181818182,0.3363636363636364,2.3000000000000003,6.5,True,0.039523042439842136,11.657809023067895,0,,,3.63735,0.213754
250,252,0.3,3.9,0.2545454545454545,0.3727272727272728,2.6,5.6000000000000005,True,0.04636303489715378,11.664649015525205,0,,,3.77234,0.284252
251,253,0.509090909090909,24.20317928529933,0.3545454545454545,0.9454545454545454,21.403179285299288,28.603179285299397,True,0.005638847707761646,11.623924828335813,0,,,27.8617,0.579121
253,255,0.08363636363636362,5.638031386703559,0.05909090909090909,0.1190909090909091,1.9380313867035557,9.438031386703562,True,0.09291158882746037,11.711197569455512,0,,,3.26746,0.06402
254,256,0.3,18.12969913238989,0.19181818181818186,0.4636363636363636,15.429699132389901,21.22969913238988,True,0.0875343655437714,11.705820346171825,0,,,19.5355,0.281194
255,257,0.030909090909090907,7.123085258845363,0.025454545454545452,0.04,5.02308525884536,9.423085258845363,True,0.02418391160550961,11.642469892233562,0,,,6.41858,0.026355
256,258,0.12454545454545456,12.41280112701663,0.09636363636363636,0.15545454545454546,9.51280112701664,15.112801127016619,True,0.08785335074940895,11.70613933137746,0,,,10.5602,0.09673
257,259,0.2818181818181818,15.295761353864524,0.2090909090909091,0.3636363636363637,13.295761353864535,17.095761353864518,True,0.14112535575242158,11.759411336380474,0,,,16.0383,0.252598
258,260,0.0609090909090909,30.445263335806235,0.04181818181818182,0.06454545454545453,26.445263335806178,30.445263335806235,False,13.820586375194774,25.438872355822827,0,,,42.6108,0.12709
259,261,0.19454545454545452,11.779622665218255,0.16454545454545455,0.2272727272727273,10.57962266521826,12.679622665218254,True,0.14477391806348833,11.76305989869154,0,,,10.7586,0.170935
261,263,0.3272727272727273,17.980730056548673,0.2727272727272727,0.4,16.680730056548676,19.580730056548667,False,0.02941936497986991,11.64770534560792,0,,,19.7064,0.318568
262,264,0.2818181818181818,6.39865060568712,0.2272727272727273,0.3727272727272728,5.098650605687119,8.398650605687122,True,0.09948921321388368,11.717775193841936,0,,,6.51317,0.264027
263,265,0.16272727272727272,9.700963299313885,0.13545454545454547,0.2,7.400963299313897,11.300963299313883,True,0.06126013084231556,11.679546111470367,0,,,7.84282,0.145277
265,267,0.16090909090909092,22.395753792719614,0.1390909090909091,0.1809090909090909,20.395753792719592,23.595753792719638,True,0.2353361522934828,11.853622132921537,0,,,21.654,0.140023
266,268,0.5,15.489698893233344,0.3727272727272728,0.7818181818181819,13.189698893233352,18.689698893233334,True,0.008095250163338669,11.62638123079139,0,,,17.6157,0.535745
267,269,0.03818181818181818,6.466947563675954,0.028181818181818183,0.053636363636363635,3.7669475636759517,9.866947563675957,True,0.03173235151127241,11.650018332139325,0,,,5.68679,0.031505
268,270,0.16636363636363638,21.14590148306612,0.13727272727272727,0.2181818181818182,18.445901483066088,23.04590148306615,True,0.014506912048049832,11.6327928926761,0,,,20.6584,0.149924
269,271,0.4,3.7,0.2727272727272727,0.7818181818181819,0.7000000000000001,8.700000000000001,True,0.02505800958752759,11.64334399021558,0,,,3.99631,0.398539
270,272,0.029090909090909087,12.042585333913035,0.01909090909090909,0.04636363636363637,7.84258533391305,16.342585333913018,True,0.048026224848292096,11.666312205476347,0,,,11.8599,0.024701
271,273,0.2909090909090909,21.18868019497621,0.2363636363636364,0.3727272727272728,19.688680194976193,23.088680194976238,False,0.050058007873263734,11.668343988501315,0,,,23.2463,0.282247
272,274,0.07909090909090909,6.289864500642724,0.05090909090909091,0.11545454545454545,1.7898645006427207,10.289864500642727,True,0.006128685782295017,11.624414666410349,0,,,3.78625,0.05971
274,276,0.16636363636363638,13.533763345877693,0.14454545454545453,0.2,11.6337633458777,14.933763345877688,True,0.08864157386473194,11.706927554492786,0,,,12.1785,0.149638
275,277,0.02,12.50491905662548,0.01636363636363636,0.026363636363636363,10.704919056625489,15.20491905662547,True,0.06325645384615307,11.681542434474206,0,,,13.4064,0.018457
276,278,0.028181818181818183,3.4000000000000004,0.022727272727272728,0.03818181818181818,1.3,5.9,True,0.03539964353079618,11.653685624158847,0,,,2.55597,0.024638
277,279,0.4545454545454546,3.1,0.2727272727272727,1.0181818181818183,0.0,8.200000000000001,True,0.004227387510361483,11.622513368138414,0,,,3.23936,0.451866
279,281,0.2545454545454545,14.260990580229096,0.1809090909090909,0.3545454545454545,12.460990580229106,16.460990580229087,True,0.030139130147092387,11.648425110775143,0,,,15.037,0.22838
280,282,0.012727272727272728,14.977730408073624,0.01,0.02,12.477730408073633,19.27773040807361,True,0.03820540635653799,11.65649138698459,0,,,16.7526,0.012869
281,283,0.08636363636363636,11.518940260798663,0.05545454545454545,0.13,6.81894026079868,15.918940260798648,True,0.01973090959559284,11.638016890223644,0,,,9.60764,0.065644
282,284,0.16636363636363638,13.802150436010177,0.1481818181818182,0.2,12.102150436010186,15.002150436010174,True,0.11253525798883722,11.730821238616887,0,,,12.5053,0.151441
283,285,0.2272727272727273,6.776723586306758,0.17272727272727273,0.3,5.476723586306758,8.576723586306759,True,0.2514474945932644,11.869733475221315,0,,,6.5213,0.19811
284,286,0.4181818181818182,3.9,0.2090909090909091,0.9363636363636364,0.0,8.8,True,0.0017796645400688157,11.620065645168118,0,,,4.03699,0.40714
285,287,0.2,20.573549434495877,0.14454545454545453,0.2818181818181818,17.273549434495884,22.873549434495864,True,0.06242130568766325,11.680707286315716,0,,,20.7813,0.175566
286,288,0.4090909090909091,10.295484943053797,0.3181818181818182,0.5727272727272728,8.395484943053804,12.695484943053787,True,0.016256249228913118,11.634542229856965,0,,,11.2833,0.405095
287,289,0.04454545454545455,5.665626225205699,0.028181818181818183,0.07072727272727274,1.2656262252056998,10.665626225205699,True,0.00245406934911442,11.620740049977169,0,,,4.46489,0.036446
288,290,0.012727272727272728,6.45616343314906,0.01,0.02,3.8561634331490566,10.956163433149063,True,0.049845932751540416,11.668131913379593,0,,,7.36582,0.013026
289,291,0.4636363636363636,7.655389902410076,0.3363636363636364,0.7090909090909091,5.055389902410074,10.855389902410078,True,0.03308273239159014,11.651368713019641,0,,,8.28644,0.460924
290,292,0.03,3.6,0.02363636363636364,0.040909090909090916,1.0,6.2,True,0.019420090128937355,11.637706070756991,0,,,2.56491,0.025927
291,293,0.01681818181818182,6.992144577152693,0.012727272727272728,0.024545454545454544,4.292144577152692,10.592144577152697,True,0.026903049363553262,11.645189029991606,0,,,7.5943,0.01613
292,294,0.7090909090909091,3.9,0.3818181818181817,1.4,0.0,9.1,True,0.0010857629389079925,11.619371743566962,0,,,4.44438,0.706293
293,295,0.3,3.2,0.24545454545454545,0.3909090909090909,1.7000000000000002,5.2,True,0.0136858904556847,11.631971871083733,0,,,2.9281,0.282857
294,296,0.9454545454545454,9.683178675672718,0.44545454545454544,1.4,5.183178675672732,13.583178675672702,True,0.00045862673415745505,11.618744607362212,0,,,10.9687,0.925956
296,298,0.1390909090909091,19.63747561550503,0.10636363636363637,0.16636363636363638,16.237475615505044,22.237475615505023,True,0.20324276394735236,11.821528744575405,0,,,18.394,0.110836
297,299,0.3363636363636364,3.2,0.1890909090909091,0.7,0.0,8.1,True,0.00279466076767692,11.621080641395727,0,,,2.98493,0.318227
298,300,0.44545454545454544,8.839752810880086,0.34545454545454546,0.6272727272727272,6.739752810880084,11.23975281088009,True,0.040978798923206695,11.659264779551261,0,,,9.60489,0.443287
299,301,0.3090909090909091,6.991151160041938,0.2090909090909091,0.4909090909090909,4.2911511600419345,10.49115116004194,True,0.016354757440093598,11.634640738068144,0,,,7.16208,0.291543
300,302,0.12090909090909092,11.177645746662213,0.07472727272727273,0.16454545454545455,6.477645746662231,14.8776457466622,True,0.014829164005793372,11.633115144633846,0,,,8.95079,0.089046
302,304,0.9363636363636364,10.875710183781234,0.4909090909090909,1.4,6.575710183781247,14.17571018378122,True,0.0011884803853086474,11.61947446101336,0,,,12.4186,0.9284
303,305,0.011818181818181818,7.0403242645045045,0.01,0.014090909090909091,5.440324264504503,8.940324264504506,True,0.07601358884652573,11.694299569474573,0,,,7.74925,0.01175
304,306,0.10090909090909092,13.84584801590918,0.07727272727272727,0.12272727272727273,11.245848015909191,16.045848015909172,False,0.04178282598263696,11.660068806610687,0,,,11.8727,0.072793
305,307,0.3545454545454545,4.800000000000002,0.2818181818181818,0.4818181818181818,3.2,7.0,True,0.187803385873448,11.806089366501501,0,,,5.11355,0.351264
306,308,0.16818181818181818,5.123155339234205,0.12636363636363634,0.2545454545454545,1.223155339234206,7.823155339234204,True,0.010255627579253579,11.628541608207305,0,,,2.86052,0.153857
307,309,0.2272727272727273,4.800000000000002,0.15181818181818182,0.3272727272727273,1.5,7.4,True,0.01195898624026867,11.63024496686832,0,,,3.66366,0.190781
308,310,0.3090909090909091,13.544334465327283,0.2363636363636364,0.4,11.744334465327293,15.544334465327276,True,0.06071566042519025,11.679001641053242,0,,,14.4488,0.287995
309,311,0.15181818181818182,7.6593217791242525,0.12636363636363634,0.1809090909090909,5.35932177912425,9.659321779124257,True,0.02846445323937886,11.64675043386743,0,,,5.37594,0.129888
310,312,0.6090909090909089,7.806433855372357,0.3636363636363637,1.3090909090909093,4.106433855372355,13.006433855372364,True,0.0009729339395496864,11.619258914567602,0,,,8.7526,0.620898
311,313,1.1454545454545455,5.425728868277161,0.5272727272727272,1.4,0.825728868277162,7.82572886827716,True,0.0031275909027898515,11.62141357153084,0,,,6.10097,1.08928
312,314,0.18363636363636365,9.258377801299618,0.1390909090909091,0.2727272727272727,5.858377801299628,11.758377801299606,True,0.021473560218786984,11.639759540846839,0,,,7.94024,0.166565
313,315,0.09363636363636364,10.097229969524216,0.06727272727272728,0.12818181818181815,6.597229969524231,13.597229969524205,True,0.033200324429773005,11.651486305057823,0,,,7.88829,0.06973
314,316,0.2636363636363636,13.130797436637053,0.1890909090909091,0.34545454545454546,11.230797436637056,15.030797436637044,True,0.05664355294693986,11.674929533574991,0,,,13.5731,0.229595
315,317,0.3,1.7000000000000002,0.2090909090909091,0.6272727272727272,0.0,6.6000000000000005,True,0.017548727983415332,11.635834708611467,0,,,1.08928,0.27833
316,318,0.14272727272727273,7.85041955629548,0.11545454545454545,0.16454545454545455,5.450419556295478,9.850419556295481,False,0.04500053273391397,11.663286513361964,0,,,5.37589,0.116108
317,319,0.2272727272727273,7.7309248778098345,0.16818181818181818,0.3181818181818182,5.730924877809832,10.130924877809836,True,0.16901125552020915,11.787297236148259,0,,,7.48673,0.198125
318,320,0.028181818181818183,17.481713110090652,0.017727272727272727,0.04818181818181819,12.781713110090669,22.58171311009063,True,0.0035224927008091203,11.62180847332886,0,,,18.18,0.024604
319,321,0.19181818181818186,8.223817006376933,0.14636363636363636,0.2727272727272727,5.423817006376929,10.423817006376934,True,0.012244957308346308,11.6305309379364,0,,,6.98574,0.172364
320,322,0.2181818181818182,7.652946165184852,0.17272727272727273,0.2818181818181818,6.452946165184852,9.152946165184852,True,0.2144144115924604,11.832700392220511,0,,,7.19678,0.192636
321,323,0.056363636363636366,21.19078743864868,0.034545454545454546,0.08909090909090908,16.290787438648607,26.09078743864875,True,0.0013695361528767913,11.619655516780927,0,,,21.4138,0.045716
322,324,0.2636363636363636,10.170390149431748,0.2090909090909091,0.3090909090909091,8.870390149431753,11.270390149431744,True,0.20138492139012296,11.819670902018174,0,,,10.1806,0.227933
323,325,0.1190909090909091,10.338790707525606,0.09454545454545454,0.14454545454545453,7.8387907075256145,12.838790707525597,False,0.14248168322778926,11.76076766385584,0,,,8.19206,0.088783
324,326,0.2,3.8,0.16636363636363638,0.2545454545454545,2.5,5.300000000000002,False,0.1684255083509674,11.78671148897902,0,,,2.42722,0.179936
326,328,0.2181818181818182,14.358593261055288,0.17,0.2636363636363636,12.858593261055296,15.558593261055286,True,0.016529392045996582,11.634815372674048,0,,,14.249,0.187421
327,329,0.18363636363636365,14.251412995524484,0.14454545454545453,0.24545454545454545,11.651412995524495,15.85141299552448,True,0.07592515906621866,11.694211139694273,0,,,13.2202,0.16271
328,330,0.2909090909090909,2.2,0.19454545454545452,0.4909090909090909,0.0,6.2,True,0.039027522438224535,11.657313503066275,0,,,1.62657,0.265953
329,331,0.01909090909090909,8.238424173012277,0.014545454545454544,0.025454545454545452,5.6384241730122735,10.838424173012278,True,0.0005529680367572728,11.618838948664811,0,,,8.51681,0.017592
330,332,0.029090909090909087,5.087423848000257,0.022727272727272728,0.04181818181818182,2.687423848000257,8.087423848000256,True,0.3200930652162722,11.938379045844323,0,,,4.47306,0.025467
331,333,0.11727272727272728,10.286827281645575,0.07200000000000001,0.16454545454545455,5.186827281645595,14.88682728164556,True,0.006203097809042297,11.624489078437096,0,,,7.98528,0.086248
332,334,1.2636363636363637,10.794919450599362,0.6090909090909089,1.4,6.39491945059938,12.39491945059936,True,0.00032104322174939377,11.6186070238498,0,,,12.3416,1.24447
333,335,0.13,10.822899200100613,0.09545454545454546,0.15363636363636365,7.422899200100624,12.922899200100606,True,0.16276280908285826,11.78104878971091,0,,,8.2831,0.096396
334,336,0.14272727272727273,12.503034281654054,0.11181818181818183,0.17545454545454547,9.703034281654066,15.203034281654046,True,0.004919780928585711,11.623205761556635,0,,,10.8322,0.118758
335,337,0.2181818181818182,14.450960409626989,0.16454545454545455,0.2909090909090909,12.550960409626994,16.350960409626985,True,0.054373387197359485,11.67265936782541,0,,,14.7917,0.191766
336,338,0.2363636363636364,5.0745259048219316,0.17272727272727273,0.2909090909090909,3.2745259048219313,6.5745259048219316,True,0.15099455536605322,11.769280535994106,0,,,4.01046,0.19403
337,339,0.4090909090909091,3.5,0.2363636363636364,0.9272727272727272,0.0,8.700000000000001,True,0.005687105389977675,11.623973086018028,0,,,3.63504,0.40222
338,340,0.05454545454545455,20.34098881851105,0.039090909090909086,0.08090909090909093,16.740988818511063,24.740988818511035,True,0.12357450230152432,11.741860482929573,0,,,20.5696,0.045066
339,341,0.2545454545454545,4.4,0.1972727272727273,0.3181818181818182,3.1,5.800000000000002,True,0.2415127605387337,11.859798741166784,0,,,3.82772,0.220449
340,342,0.13727272727272727,10.957641540102513,0.11363636363636365,0.1590909090909091,8.557641540102521,12.957641540102506,False,0.03438882777900933,11.652674808407061,0,,,8.84771,0.110302
341,343,1.0,8.636444180959447,0.5363636363636364,1.4,4.036444180959464,11.636444180959435,True,0.004211747899706018,11.622497728527758,0,,,9.64171,0.951855
342,344,0.990909090909091,0.9,0.7818181818181819,1.4,0.0,4.2,True,0.0010770262175158014,11.619363006845568,0,,,0.723914,0.921114
343,345,0.015,19.329789542426774,0.01,0.025454545454545452,15.129789542426794,24.22978954242676,True,0.019896979691162976,11.638182960319213,0,,,21.1365,0.01455
344,346,0.2181818181818182,10.364161564578833,0.16818181818181818,0.2636363636363636,8.764161564578838,11.564161564578828,True,0.21727163509924688,11.835557615727296,0,,,9.55788,0.184106
345,347,0.4090909090909091,4.6000000000000005,0.2363636363636364,0.8363636363636364,0.7000000000000001,9.5,True,0.01416617393790563,11.632452154565954,0,,,4.66521,0.392184
346,348,0.13363636363636364,8.076902070586463,0.1090909090909091,0.15363636363636365,5.476902070586462,9.776902070586466,False,0.1280679566300172,11.74635393725807,0,,,5.36674,0.103231
347,349,0.17,8.062116795787329,0.1409090909090909,0.2181818181818182,5.462116795787326,9.562116795787329,True,0.03708730376334347,11.655373284391393,0,,,5.96922,0.153327
348,350,0.030909090909090907,9.386773828356509,0.024545454545454544,0.040909090909090916,6.986773828356519,11.786773828356502,True,0.05097864780564789,11.6692646284337,0,,,8.88136,0.026211
349,351,0.2090909090909091,7.8767389047187475,0.16818181818181818,0.2545454545454545,6.576738904718745,8.976738904718749,True,0.3480064860492567,11.966292466677311,0,,,6.69938,0.180308
350,352,0.4545454545454546,1.8,0.3181818181818182,1.0454545454545454,0.0,7.0,True,0.0031013168312147518,11.621387297459266,0,,,1.94461,0.459678
351,353,0.08636363636363636,18.540646509500007,0.07054545454545455,0.11,16.34064650950002,20.9406465095,False,0.2432225119986088,11.86150849262666,0,,,17.5537,0.06645
352,354,0.027272727272727268,15.987725912068155,0.019545454545454543,0.04181818181818182,12.887725912068165,19.78772591206814,True,0.058211622718404826,11.676497603346455,0,,,16.7506,0.024071
354,356,0.1572727272727273,11.652823967130859,0.12636363636363634,0.2,9.05282396713087,13.752823967130851,True,0.046913191157120525,11.66519917178517,0,,,10.0197,0.137932
355,357,0.04454545454545455,11.627458986579533,0.03272727272727273,0.05545454545454545,8.727458986579544,13.927458986579525,True,0.1561595155971831,11.774445496225235,0,,,10.7726,0.035605
357,359,0.15545454545454546,9.092678503954772,0.13727272727272727,0.17,7.49267850395478,10.39267850395477,False,0.12906843100022652,11.747354411628278,0,,,6.86274,0.132942
358,360,0.6636363636363636,5.6627973232102935,0.3,1.4,0.8627973232102928,10.862797323210291,True,0.000274618377984156,11.618560599006035,0,,,6.39137,0.662956
359,361,0.2181818181818182,9.345346633890461,0.16272727272727272,0.3,7.145346633890469,11.645346633890453,True,0.09735035882975236,11.715636339457806,0,,,9.03267,0.191804
360,362,0.13363636363636364,8.84195380066431,0.10636363636363637,0.16090909090909092,5.941953800664307,11.241953800664312,True,0.0399163839248924,11.658202364552945,0,,,6.5286,0.107734
361,363,0.015454545454545453,2.6,0.012272727272727272,0.02181818181818182,0.1,5.800000000000002,True,0.0493008544620404,11.667586835090091,0,,,2.78868,0.015144
362,364,0.2090909090909091,18.510120246039527,0.16636363636363638,0.2636363636363636,17.010120246039538,19.91012024603952,True,0.03575436341686436,11.654040344044914,0,,,18.961,0.185186
363,365,0.3090909090909091,3.0,0.19181818181818186,0.5181818181818182,0.0,7.0,True,0.07230667396138281,11.690592654589436,0,,,2.61663,0.285649
364,366,0.3727272727272728,3.2,0.2363636363636364,0.7363636363636363,0.0,8.1,True,0.03933095619720455,11.657616936825256,0,,,3.03329,0.357307
365,367,0.4363636363636364,2.3000000000000003,0.3181818181818182,0.8454545454545455,0.0,7.2,True,0.013296438503394258,11.631582419131446,0,,,2.38762,0.433287
366,368,0.3363636363636364,2.0,0.2272727272727273,0.7181818181818181,0.0,7.0,True,0.013417179905271505,11.631703160533323,0,,,1.59861,0.314603
368,370,0.015,13.14326973692646,0.011818181818181818,0.02090909090909091,10.64326973692647,16.14326973692645,True,0.09435491332295734,11.712640893951011,0,,,14.6146,0.014912
369,371,0.10181818181818182,12.117226946448323,0.06181818181818183,0.1481818181818182,7.117226946448344,16.71722694644831,True,0.03160539892128611,11.649891379549338,0,,,10.1329,0.074156
370,372,0.04,9.590711263415686,0.029090909090909087,0.05545454545454545,6.6907112634156976,13.090711263415676,True,0.03868273430554939,11.656968714933601,0,,,9.02142,0.032683
371,373,0.04181818181818182,6.8092212305215005,0.027272727272727268,0.06454545454545453,2.8092212305214965,11.309221230521505,True,0.036429303054833946,11.654715283682885,0,,,5.7069,0.033703
372,374,0.027272727272727268,24.334382003229603,0.015454545454545453,0.045454545454545456,19.03438200322952,29.034382003229666,True,0.025790022956506918,11.644076003584562,0,,,25.7492,0.023395
373,375,0.04,10.626064127034224,0.026363636363636363,0.057272727272727274,6.626064127034239,14.52606412703421,True,0.10062020285954093,11.718906183487597,0,,,9.82369,0.031531
374,376,0.1781818181818182,10.301703167118477,0.14636363636363636,0.2272727272727273,7.801703167118484,11.901703167118471,True,0.0833906891528484,11.7016766697809,0,,,8.70859,0.158698
375,377,0.03818181818181818,11.173498155810563,0.027272727272727268,0.056363636363636366,8.073498155810574,15.173498155810547,True,0.0062276615160644895,11.624513642144114,0,,,10.9066,0.031165
376,378,0.12272727272727273,12.339895071818269,0.1,0.14636363636363636,9.839895071818276,14.53989507181826,False,0.04345015104938674,11.661736131677436,0,,,10.3718,0.092124
377,379,0.029090909090909087,10.239161609939435,0.022727272727272728,0.04181818181818182,7.739161609939447,13.439161609939426,True,0.012007244592027365,11.630293225220079,0,,,10.1988,0.02545
378,380,0.05181818181818182,8.474636859717359,0.03636363636363636,0.07772727272727273,4.874636859717357,12.574636859717364,True,0.023976777338348163,11.642262757966401,0,,,7.35559,0.042825
379,381,0.16272727272727272,12.014847009956515,0.1390909090909091,0.2,10.114847009956524,13.51484700995651,True,0.05476490475331506,11.673050885381365,0,,,10.682,0.147559
380,382,0.2272727272727273,2.9000000000000004,0.1890909090909091,0.2636363636363636,1.9,3.9,False,0.2854203225750673,11.903706303203121,0,,,1.74591,0.192892
382,384,0.04454545454545455,5.426894247384991,0.028181818181818183,0.06727272727272728,1.126894247384989,9.626894247384987,True,0.0830002910802128,11.701286271708266,0,,,3.87748,0.035569
383,385,0.06454545454545453,13.317155099699885,0.04,0.10636363636363637,8.417155099699903,18.417155099699873,True,0.024747756205266463,11.64303373683332,0,,,12.2809,0.050533
384,386,0.024545454545454544,14.572916111839517,0.01818181818181818,0.03363636363636364,11.672916111839525,17.672916111839506,True,0.014805212394579709,11.633091193022633,0,,,14.9979,0.020907
385,387,0.03,8.874684102633157,0.024545454545454544,0.039090909090909086,6.574684102633156,11.074684102633158,True,0.10063091727034554,11.718916897898398,0,,,8.37012,0.025806
386,388,0.10727272727272727,9.797970657608424,0.08636363636363636,0.13363636363636364,7.697970657608431,12.497970657608414,False,0.2232118270976261,11.84149780772568,0,,,7.77858,0.079968
387,389,0.05545454545454545,11.117341058798344,0.040909090909090916,0.07772727272727273,7.817341058798356,14.81734105879833,True,0.014051017035113631,11.632336997663165,0,,,10.1562,0.045054
388,390,0.01590909090909091,14.674352569312804,0.010454545454545454,0.027272727272727268,10.374352569312817,19.774352569312786,True,0.029781569113630564,11.648067549741686,0,,,16.2268,0.015508
389,391,0.01636363636363636,12.47696715648982,0.011818181818181818,0.025454545454545452,9.176967156489832,16.476967156489803,True,0.004863503420510837,11.623149484048565,0,,,13.5995,0.015694
390,392,0.3727272727272728,2.9000000000000004,0.24545454545454545,0.7,0.0,7.800000000000002,True,0.0006900875363049481,11.618976068164356,0,,,2.75166,0.358062
391,393,0.1863636363636364,4.6000000000000005,0.14636363636363636,0.2636363636363636,1.7000000000000002,6.9,True,0.096909193877654,11.715195174505705,0,,,2.90691,0.169904
392,394,0.1863636363636364,8.608693359777245,0.15545454545454546,0.2181818181818182,6.8086933597772425,9.608693359777245,True,0.1312510993305859,11.749537079958634,0,,,6.96599,0.163993
393,395,0.1090909090909091,10.184222748578888,0.07200000000000001,0.14454545454545453,5.784222748578903,13.684222748578875,True,0.001374452233312667,11.619660432861366,0,,,7.75263,0.078724
394,396,0.7272727272727273,6.234325628551924,0.3636363636363637,1.4,1.434325628551921,11.434325628551928,True,0.0016235666434268887,11.619909547271481,0,,,7.12659,0.721981
395,397,0.44545454545454544,8.885236120831868,0.3363636363636364,0.6818181818181818,6.585236120831876,12.085236120831855,True,0.02120916777355312,11.639495148401606,0,,,9.86064,0.451638
396,398,0.19454545454545452,4.4,0.16454545454545455,0.24545454545454545,3.1,5.800000000000002,False,0.1546639564225778,11.772949937050631,0,,,2.91638,0.175856
397,399,0.05545454545454545,12.628544138079713,0.04272727272727273,0.07200000000000001,9.928544138079722,15.328544138079705,True,0.05708743052176433,11.675373411149813,0,,,11.7218,0.044551
398,400,0.02090909090909091,12.869643600351155,0.015,0.029090909090909087,9.669643600351165,16.36964360035114,True,0.006542343097171693,11.624828323725223,0,,,13.4445,0.018617
399,401,0.17545454545454547,18.677408362291477,0.14454545454545453,0.2272727272727273,16.17740836229148,20.077408362291468,True,0.00755983869004722,11.6258458193181,0,,,17.9808,0.15907
400,402,0.17272727272727273,15.132364582516185,0.13545454545454547,0.2363636363636364,11.932364582516195,17.13236458251618,True,0.04806123808508329,11.666347218713137,0,,,13.9504,0.155204
401,403,0.018636363636363642,11.840411856103893,0.014545454545454544,0.024545454545454544,9.540411856103901,14.440411856103882,True,0.0444534308457817,11.662739411473833,0,,,12.5571,0.017154
402,404,0.022727272727272728,10.450890356899007,0.017727272727272727,0.029090909090909087,8.250890356899015,12.950890356898999,True,0.1085968550140037,11.726882835642055,0,,,10.6672,0.019849
403,405,0.06181818181818183,7.239848553985789,0.04272727272727273,0.08545454545454545,3.039848553985786,11.039848553985793,True,0.07341591366960626,11.691701894297656,0,,,5.22552,0.047539
404,406,0.04,14.224997363215193,0.024545454545454544,0.06545454545454546,9.624997363215208,19.32499736321517,True,0.041477765507830486,11.659763746135884,0,,,14.1103,0.03216
405,407,0.05090909090909091,5.885583708348953,0.04181818181818182,0.06181818181818183,3.5855837083489543,7.785583708348954,False,0.1929730495155731,11.811259030143626,0,,,4.12726,0.041103
406,408,0.6181818181818182,5.323275727807936,0.3,1.4,0.5232757278079374,10.523275727807935,True,0.016310016225102926,11.634595996853154,0,,,6.01907,0.633023
407,409,0.011818181818181818,18.027857971406046,0.01,0.01909090909090909,16.02785797140605,22.827857971406022,True,0.0032506552903463102,11.621536635918398,0,,,20.0477,0.011844
408,410,0.030909090909090907,4.4,0.025454545454545452,0.040909090909090916,2.3000000000000003,6.7,True,0.07512353378331117,11.693409514411364,0,,,3.4944,0.026632
409,411,0.2909090909090909,6.574224277251972,0.2272727272727273,0.3818181818181817,4.6742242772519695,8.774224277251973,True,0.13713254454954787,11.7554185251776,0,,,6.60901,0.270032
410,412,0.05,11.627640471940262,0.03545454545454545,0.07472727272727273,8.027640471940275,15.627640471940248,True,0.01715495917122471,11.635440939799276,0,,,10.8719,0.041609
411,413,0.030909090909090907,6.454778910771022,0.02,0.05090909090909091,2.254778910771017,11.054778910771024,True,0.0007955849964918338,11.619081565624544,0,,,5.71276,0.026518
412,414,0.1972727272727273,10.720300761954462,0.16272727272727272,0.2545454545454545,9.120300761954462,12.320300761954453,True,0.07121158743197141,11.689497568060027,0,,,9.97166,0.177217
413,415,0.03818181818181818,13.36885562158509,0.025454545454545452,0.058181818181818175,9.668855621585104,17.668855621585074,True,0.02273231420115647,11.641018294829207,0,,,13.298,0.030846
414,416,0.2727272727272727,1.2000000000000002,0.2272727272727273,0.3545454545454545,0.0,3.2,True,0.006100720870299428,11.624386701498349,0,,,0.284263,0.24143
415,417,0.15,7.8495665663878516,0.10818181818181817,0.2090909090909091,3.849566566387848,10.949566566387857,True,0.05496041465610053,11.673246395284153,0,,,5.69949,0.128577
417,419,0.013636363636363636,6.649537122909916,0.011363636363636364,0.017727272727272727,4.9495371229099145,8.949537122909916,True,0.07729051568045772,11.69557649630851,0,,,7.46436,0.01374
418,420,0.19181818181818186,4.800000000000002,0.14454545454545453,0.2727272727272727,1.8,6.9,True,0.003929675898352147,11.622215656526404,0,,,3.06611,0.171222
419,421,0.03,9.085178725112813,0.02363636363636364,0.04,6.585178725112822,11.385178725112805,True,0.05388013012486705,11.67216611075292,0,,,8.61076,0.025813
420,422,0.058181818181818175,14.247810953031431,0.04454545454545455,0.07590909090909091,11.54781095303144,17.147810953031414,True,0.01701017956897184,11.635296160197024,0,,,13.5978,0.046545
421,423,0.13545454545454547,6.682580392224001,0.10818181818181817,0.1590909090909091,3.882580392223998,8.882580392224002,False,0.055555264791165335,11.673841245419213,0,,,3.98427,0.10699
422,424,0.3,6.103812869968034,0.2545454545454545,0.3727272727272728,4.8038128699680325,7.7038128699680355,True,0.4075251203689525,12.025811100997007,0,,,6.11069,0.282061
423,425,0.19181818181818186,11.692348572901151,0.15181818181818182,0.2636363636363636,9.192348572901162,13.792348572901144,True,0.126510961978994,11.744796942607046,0,,,11.0611,0.175172
425,427,0.12454545454545456,13.60739818302614,0.09363636363636364,0.15545454545454546,10.60739818302615,16.30739818302613,True,0.0293810600485983,11.647667040676652,0,,,11.8647,0.095051
426,428,0.2181818181818182,6.697297649041479,0.15,0.34545454545454546,3.297297649041476,9.897297649041482,True,0.026129931146301057,11.644415911774352,0,,,6.04525,0.190553
427,429,0.03,11.55091842823556,0.02090909090909091,0.04636363636363637,8.050918428235573,15.350918428235548,True,0.0676383644190958,11.685924345047146,0,,,11.3974,0.025878
428,430,0.16272727272727272,12.5229530026402,0.11727272727272728,0.2363636363636364,8.422953002640213,15.12295300264019,True,0.03123884546789552,11.649524826095949,0,,,10.9855,0.144802
429,431,0.027272727272727268,6.456987935122241,0.022727272727272728,0.034545454545454546,4.456987935122238,8.656987935122242,True,0.007652029347083819,11.625938009975135,0,,,5.89933,0.023617
431,433,0.01636363636363636,5.668456103026589,0.012727272727272728,0.022727272727272728,3.268456103026589,8.568456103026588,True,0.0049420348030232274,11.623228015431074,0,,,6.10158,0.015731
432,434,0.3909090909090909,5.343614071762817,0.3181818181818182,0.4818181818181818,3.5436140717628173,6.943614071762817,True,0.1059087566068439,11.724194737234896,0,,,5.43642,0.376892
433,435,0.025454545454545452,10.227727205951087,0.017727272727272727,0.03363636363636364,6.927727205951098,12.827727205951078,True,0.19974890716461693,11.818034887792669,0,,,9.77083,0.020764
434,436,0.017727272727272727,13.546009117476206,0.012727272727272728,0.024545454545454544,10.446009117476214,16.64600911747619,True,0.041003377262140095,11.659289357890193,0,,,14.4743,0.01634
435,437,0.1481818181818182,7.224308600492015,0.10181818181818182,0.2090909090909091,2.624308600492011,10.42430860049202,True,0.03277844802928258,11.651064428657337,0,,,4.89551,0.12621
436,438,0.09,13.65743352669291,0.06363636363636364,0.12636363636363634,9.757433526692923,17.457433526692892,True,0.0505489088125765,11.668834889440626,0,,,11.9331,0.067874
437,439,0.1809090909090909,16.68063836977641,0.14454545454545453,0.2363636363636364,13.980638369776424,18.280638369776405,True,0.00859451512185818,11.62688049574991,0,,,15.9771,0.16288
438,440,0.04272727272727273,9.650229755961627,0.031818181818181815,0.06,7.2502297559616355,13.050229755961617,True,0.24590461022716945,11.864190590855221,0,,,9.24686,0.035831
439,441,0.012727272727272728,14.513586450087125,0.01,0.02363636363636364,11.813586450087133,19.313586450087108,True,0.0009459510732166512,11.619231931701266,0,,,16.0275,0.01266
440,442,0.025454545454545452,11.093903620714553,0.01681818181818182,0.037272727272727284,7.093903620714568,14.693903620714538,True,0.13076579127596838,11.74905177190402,0,,,10.7523,0.02095
441,443,0.3636363636363637,2.0,0.24545454545454545,0.8,0.0,6.9,True,0.0015844948369946753,11.619870475465046,0,,,1.69557,0.347269
442,444,0.06727272727272728,6.7030242402064095,0.040909090909090916,0.10636363636363637,1.5030242402064058,11.503024240206413,True,0.004648056752852051,11.622934037380904,0,,,4.66909,0.051462
444,446,0.1890909090909091,8.626591979374929,0.15181818181818182,0.2363636363636364,6.426591979374926,10.126591979374927,True,0.05844032850120745,11.67672630912926,0,,,7.14387,0.166897
445,447,0.01681818181818182,5.001006065893599,0.013181818181818182,0.02363636363636364,2.7010060658936013,8.001006065893598,True,0.08986100753635846,11.70814698816441,0,,,5.39755,0.016275
446,448,0.014545454545454544,11.819883217286005,0.01,0.026363636363636363,7.819883217286018,17.019883217285987,True,0.01912956531483688,11.637415545942886,0,,,13.1901,0.014582
447,449,0.2909090909090909,4.2,0.2090909090909091,0.4272727272727273,1.8,7.300000000000002,True,0.060490746901764675,11.678776727529815,0,,,4.01829,0.273084
448,450,0.07772727272727273,7.017154904214988,0.05181818181818182,0.11363636363636365,2.9171549042149847,11.01715490421499,True,0.00538121728835645,11.623667197916408,0,,,4.79692,0.059328
449,451,0.2363636363636364,6.6265708837763695,0.17,0.3090909090909091,4.926570883776368,8.426570883776371,True,0.068381702095204,11.686667682723256,0,,,6.13421,0.198895
450,452,0.16636363636363638,6.027821384972216,0.11181818181818183,0.2818181818181818,0.9278213849722112,9.22782138497222,True,0.02577458685097753,11.644060567479027,0,,,3.84948,0.151506
451,453,0.027272727272727268,11.187609222956347,0.01909090909090909,0.03818181818181818,7.787609222956362,14.187609222956338,True,0.11220104500032972,11.730487025628381,0,,,10.847,0.022761
452,454,0.02,9.053777573936113,0.014545454545454544,0.029090909090909087,6.253777573936121,12.5537775739361,True,0.017264413949899624,11.635550394577955,0,,,9.46714,0.018392
453,455,0.2727272727272727,8.674925779432638,0.1972727272727273,0.3636363636363637,6.774925779432635,10.77492577943264,True,0.09929427294320224,11.717580253571255,0,,,8.78817,0.245175
454,456,0.05545454545454545,8.855830501480893,0.03818181818181818,0.08454545454545455,5.055830501480887,13.255830501480894,True,0.027457499520377415,11.645743480148427,0,,,7.63569,0.045169
455,457,0.04363636363636364,15.936907906886153,0.034545454545454546,0.05909090909090909,13.836907906886161,19.136907906886144,True,0.21691097047920016,11.835196951107251,0,,,16.3642,0.037282
456,458,0.7818181818181819,2.7,0.4818181818181818,1.4,0.0,7.6,True,0.004254292115839135,11.62254027274389,0,,,2.7497,0.743392
457,459,0.2818181818181818,7.089988710142398,0.2181818181818182,0.3727272727272728,5.589988710142398,8.989988710142402,True,0.0357349017566221,11.654020882384676,0,,,7.22935,0.261949
458,460,0.019545454545454543,14.174495872142591,0.011818181818181818,0.03363636363636364,9.274495872142609,19.274495872142573,True,0.020901674037966944,11.639187654666019,0,,,15.2628,0.018131
460,462,0.12636363636363634,12.898978946149724,0.07363636363636364,0.17,7.198978946149744,16.798978946149713,True,0.054889795109450634,11.673175775737505,0,,,10.544,0.092046
461,463,0.04181818181818182,12.196452729809609,0.024545454545454544,0.06909090909090909,7.296452729809626,17.296452729809587,True,0.017299994410759675,11.635585975038811,0,,,11.7389,0.033765
462,464,0.3545454545454545,1.1,0.2727272727272727,0.7454545454545455,0.0,6.0,True,0.012625754061536782,11.630911734689588,0,,,0.661824,0.338092
463,465,0.02,12.931590518745693,0.012272727272727272,0.034545454545454546,8.131590518745714,17.831590518745674,True,0.009730952645647935,11.628016933273699,0,,,13.5959,0.018075
464,466,0.4272727272727273,8.951153296816623,0.3181818181818182,0.6727272727272727,6.6511532968166325,12.351153296816614,True,0.020242327987497564,11.638528308615552,0,,,10.0674,0.437363
465,467,0.034545454545454546,11.53442912427039,0.02090909090909091,0.06,6.934429124270407,16.834429124270372,True,0.009412440256162544,11.627698420884215,0,,,11.4465,0.028835
466,468,0.07772727272727273,8.980942140516783,0.04727272727272727,0.12636363636363634,4.080942140516799,14.080942140516765,True,0.008159621194159377,11.626445601822212,0,,,6.92978,0.059509
467,469,0.039090909090909086,9.384855999800424,0.025454545454545452,0.0609090909090909,5.384855999800439,13.884855999800408,True,0.015182843409281612,11.633468824037333,0,,,8.66479,0.031175
468,470,0.7181818181818181,2.0,0.4818181818181818,1.4,0.0,7.0,True,0.00024733340462657,11.618533314032678,0,,,2.11903,0.697999
469,471,0.3818181818181817,5.092173097214826,0.2909090909090909,0.5363636363636364,3.0921730972148267,7.692173097214827,True,0.11935709629264732,11.7376430769207,0,,,5.34427,0.370859
470,472,0.11181818181818183,6.097979923849307,0.06727272727272728,0.16090909090909092,1.097979923849303,10.597979923849312,True,0.03369762722830407,11.651983607856355,0,,,3.12363,0.079926
471,473,0.06636363636363636,10.683660744045977,0.03818181818181818,0.10545454545454544,5.283660744045994,15.283660744045957,True,0.0344983543019632,11.652784334930015,0,,,8.95372,0.04989
472,474,0.040909090909090916,10.856666948303873,0.028181818181818183,0.05909090909090909,7.556666948303883,14.456666948303859,True,0.0697152665306873,11.68800124715874,0,,,10.2581,0.032807
473,475,0.04272727272727273,16.165965733243887,0.025454545454545452,0.075,11.6659657332439,21.665965733243862,True,0.009431695574111469,11.627717676202163,0,,,16.454,0.035825
474,476,0.12818181818181815,7.47263334964984,0.08545454545454545,0.17,3.1726333496498365,11.072633349649845,True,0.041196910455976114,11.659482891084027,0,,,5.04475,0.10094
475,477,0.07545454545454545,8.49815719106981,0.05454545454545455,0.10636363636363637,5.198157191069807,11.898157191069815,True,0.031853396594668584,11.650139377222722,0,,,6.54651,0.058404
476,478,0.04181818181818182,7.337419072355777,0.024545454545454544,0.0710909090909091,2.537419072355773,12.537419072355783,True,0.004291234547107382,11.62257721517516,0,,,6.5724,0.03452
477,479,0.3,5.05845052254823,0.1972727272727273,0.4363636363636364,2.3584505225482304,7.858450522548231,True,0.1268237577670158,11.745109738395069,0,,,4.652,0.269367
478,480,0.2181818181818182,6.455737339646735,0.14454545454545453,0.3363636363636364,2.555737339646731,9.455737339646737,True,0.00022336641605270142,11.618509347044105,0,,,5.42353,0.18721
479,481,0.13,7.976930556071688,0.08090909090909093,0.19454545454545452,3.076930556071684,12.276930556071694,True,0.023605892290891155,11.641891872918944,0,,,5.64159,0.103323
481,483,0.09727272727272727,5.609275361175519,0.06,0.15545454545454546,1.009275361175516,11.009275361175526,True,0.01605374123847851,11.63433972186653,0,,,3.14751,0.072883
482,484,0.017272727272727273,4.4,0.012272727272727272,0.024545454545454544,1.1,7.7,True,0.031407356469956266,11.649693337098007,0,,,4.35695,0.01612
483,485,0.1409090909090909,9.031146070064047,0.1,0.19181818181818186,4.931146070064064,12.331146070064035,True,0.025960268259085567,11.644246248887134,0,,,6.95201,0.117115
484,486,0.03636363636363636,6.499107857520814,0.022727272727272728,0.058181818181818175,1.9991078575208092,10.999107857520816,True,0.013511664700716429,11.631797645328767,0,,,5.57325,0.029293
486,488,0.07727272727272727,30.445263335806235,0.05909090909090909,0.08181818181818183,27.345263335806195,30.445263335806235,False,29.25784843702701,40.876134417655074,0,,,46.3125,0.212182
487,489,0.17545454545454547,11.828266196644325,0.13363636363636364,0.2545454545454545,8.528266196644338,14.028266196644314,True,0.0014204161267850155,11.619706396754838,0,,,10.559,0.159868
489,491,0.027272727272727268,13.313536421086226,0.018636363636363642,0.04272727272727273,9.71353642108624,17.313536421086212,True,0.034681187476088164,11.65296716810414,0,,,13.6115,0.023737
491,493,0.08545454545454545,10.762077740159052,0.056363636363636366,0.12454545454545456,6.062077740159067,14.962077740159035,True,0.00434908165154026,11.622635062279592,0,,,8.64396,0.06414
492,494,0.014090909090909091,16.87490680649336,0.01,0.024545454545454544,13.374906806493373,22.074906806493345,True,0.0386986597311362,11.656984640359187,0,,,18.798,0.014044
493,495,0.1390909090909091,8.454771825041485,0.10090909090909092,0.1863636363636364,4.554771825041481,11.754771825041487,True,0.030550687014253945,11.648836667642305,0,,,6.3779,0.115898
494,496,0.03,12.962007006766155,0.02181818181818182,0.045454545454545456,9.662007006766167,16.662007006766142,True,0.0026813368273694905,11.620967317455422,0,,,13.0414,0.02599
495,497,0.04636363636363637,8.027694462053585,0.027272727272727268,0.07727272727272727,3.227694462053581,13.22769446205359,True,0.009518097131544723,11.627804077759595,0,,,7.20515,0.038747
496,498,0.12818181818181815,30.445263335806235,0.08090909090909093,0.13363636363636364,25.34526333580617,30.445263335806235,False,1.3636923027493806,12.981978283377433,0,,,33.0097,0.128586
497,499,0.039090909090909086,12.226325175657909,0.026363636363636363,0.06,8.426325175657924,16.72632517565789,True,0.027588365669049077,11.6458743462971,0,,,11.9183,0.031763
498,500,0.03545454545454545,22.356492827840476,0.02363636363636364,0.05454545454545455,18.456492827840414,26.756492827840532,True,0.011384324803391606,11.629670305431445,0,,,23.3239,0.029028
499,501,0.02363636363636364,14.238881749649027,0.014545454545454544,0.04272727272727273,9.838881749649044,19.838881749649012,True,0.028611177548549763,11.646897158176602,0,,,14.983,0.020712
500,502,0.03272727272727273,12.584605515806784,0.02181818181818182,0.053636363636363635,8.4846055158068,17.684605515806766,True,0.040764854283177235,11.659050834911227,0,,,12.6597,0.027738
501,503,0.08636363636363636,7.282596840833919,0.0609090909090909,0.11727272727272728,3.4825968408339154,10.48259684083392,True,0.020045574562166324,11.638331555190218,0,,,4.67005,0.064485
504,506,0.11545454545454545,7.984894622478797,0.07472727272727273,0.15545454545454546,3.3848946224787926,11.684894622478799,True,0.0211902559753347,11.639476236603384,0,,,5.36452,0.084551
505,507,0.05,12.2495161306785,0.031818181818181815,0.08181818181818183,7.849516130678515,17.449516130678482,True,0.019061659292950887,11.637347639921005,0,,,11.692,0.041881
506,508,0.11727272727272728,13.078072527276175,0.07472727272727273,0.15545454545454546,8.178072527276193,16.87807252727616,True,0.10228967958261398,11.720575660210665,0,,,10.9507,0.084959
507,509,0.037272727272727284,10.734711861741117,0.026363636363636363,0.05181818181818182,7.534711861741128,14.034711861741107,True,0.19696063204486236,11.815246612672913,0,,,10.2247,0.029674
508,510,0.04272727272727273,11.951988137557391,0.028181818181818183,0.06545454545454546,7.851988137557408,16.651988137557375,True,0.06647438952217294,11.684760370150226,0,,,11.4617,0.034713
509,511,0.07163636363636364,30.045244326656903,0.025454545454545452,0.08272727272727272,20.445244326656766,30.44524432665691,False,0.0002599281466562222,11.618545908774708,0,,,30.5859,0.055729
510,512,0.12272727272727273,7.504250632508832,0.08636363636363636,0.1572727272727273,3.9042506325088295,10.704250632508836,True,0.0008922963766035643,11.619178277004654,0,,,4.99102,0.091685
511,513,0.17545454545454547,11.662774396699428,0.12818181818181815,0.2636363636363636,7.562774396699443,14.162774396699419,True,0.023987902054131826,11.642273882682185,0,,,10.0715,0.156885
512,514,0.2727272727272727,3.3000000000000003,0.18363636363636365,0.3818181818181817,0.8,5.9,True,0.019660121333981147,11.637946101962033,0,,,2.58566,0.239428
514,516,0.08636363636363636,6.158114768206012,0.052727272727272734,0.13545454545454547,1.1581147682060076,11.158114768206014,True,0.00058210376799948,11.618868084396052,0,,,3.52765,0.064672
515,517,0.2636363636363636,3.3000000000000003,0.1863636363636364,0.3545454545454545,1.2000000000000002,5.5,True,0.0012035734945872968,11.61948955412264,0,,,2.59389,0.230669
516,518,0.2272727272727273,4.4,0.17545454545454547,0.3,2.8000000000000003,6.4,True,0.1831690307956059,11.801455011423654,0,,,3.80183,0.197648
517,519,0.16818181818181818,11.84687036899304,0.12818181818181815,0.24545454545454545,8.046870368993055,14.346870368993034,True,0.014961149553913363,11.633247130181966,0,,,10.1964,0.151293
518,520,0.045454545454545456,22.366051469414238,0.028181818181818183,0.07181818181818181,17.766051469414176,27.06605146941431,True,0.03341000403975486,11.651695984667807,0,,,23.1612,0.038086
519,521,0.2090909090909091,9.509472590142853,0.15363636363636365,0.2909090909090909,6.809472590142863,11.709472590142846,True,0.06155834614939613,11.679844326777447,0,,,8.71453,0.182241
520,522,0.02363636363636364,11.432954385212298,0.017272727272727273,0.03363636363636364,8.432954385212309,15.032954385212285,True,0.03524849562007894,11.653534476248133,0,,,11.7695,0.020433
522,524,0.01909090909090909,12.63401392100976,0.013636363636363636,0.027272727272727268,9.434013921009774,16.134013921009743,True,0.009347909288136485,11.627633889916186,0,,,13.4195,0.017577
523,525,0.026363636363636363,14.615156689772176,0.015,0.045454545454545456,9.515156689772194,19.41515668977216,True,0.0005264087710673728,11.61881238939912,0,,,14.935,0.02257
524,526,0.027272727272727268,13.231568668977141,0.01909090909090909,0.04181818181818182,9.731568668977152,17.131568668977124,True,0.011430172238364865,11.629716152866413,0,,,13.5383,0.023779
525,527,0.1390909090909091,6.573232948546123,0.10818181818181817,0.16636363636363638,3.373232948546121,9.273232948546127,True,0.04268219573164588,11.660968176359697,0,,,4.00063,0.112246
526,528,0.09272727272727273,6.743775967612517,0.06454545454545453,0.12636363636363634,2.8437759676125123,10.243775967612518,True,0.01632355766071831,11.63460953828877,0,,,4.0624,0.068232
527,529,0.057272727272727274,7.276686252174112,0.03818181818181818,0.08818181818181818,3.2766862521741094,11.976686252174115,True,0.029958338153277263,11.648244318781328,0,,,5.91485,0.0463
528,530,0.012727272727272728,15.36663012258337,0.01,0.01909090909090909,12.76663012258338,19.566630122583355,True,0.1171827909351039,11.735468771563154,0,,,16.7451,0.012321
529,531,0.11545454545454545,8.242442387038759,0.07590909090909091,0.15181818181818182,3.942442387038756,11.442442387038762,True,0.04387726222535198,11.662163242853406,0,,,5.43351,0.083041
530,532,0.015,19.594753629507352,0.01,0.025454545454545452,15.894753629507365,24.194753629507336,True,0.0904165326392954,11.708702513267347,0,,,21.7334,0.01481
531,533,0.3818181818181817,8.03372654742357,0.3,0.4727272727272727,6.233726547423568,9.733726547423572,True,0.2760794643937939,11.894365445021846,0,,,8.49886,0.364109
532,534,0.05,2.1,0.040909090909090916,0.07281818181818181,0.0,6.0,True,0.024865314597318017,11.643151295225367,0,,,0.410124,0.042099
533,535,0.07054545454545455,14.003984239241685,0.04454545454545455,0.1090909090909091,9.203984239241699,18.603984239241672,True,0.011544865955059935,11.629830846583113,0,,,12.6676,0.054013
534,536,0.013636363636363636,11.145405638830423,0.01,0.02,8.145405638830436,14.845405638830412,True,0.016576548817675944,11.634862529445726,0,,,12.3523,0.013546
535,537,0.15,15.816655357742869,0.11363636363636365,0.19454545454545452,12.516655357742884,18.41665535774286,True,0.018389088585845825,11.636675069213894,0,,,14.4482,0.12612
536,538,0.014090909090909091,17.550128295897373,0.01,0.02363636363636364,13.950128295897384,22.35012829589736,True,0.03157562464804035,11.649861605276092,0,,,19.474,0.014072
537,539,0.4727272727272727,7.860918394252229,0.3545454545454545,0.7,5.5609183942522264,10.760918394252233,True,0.03521876665373441,11.653504747281787,0,,,8.63694,0.472881
538,540,0.022727272727272728,13.64144051602762,0.01636363636363636,0.034545454545454546,10.64144051602763,17.741440516027605,True,0.10685448706580784,11.72514046769386,0,,,14.4004,0.019997
539,541,0.16818181818181818,5.1000000000000005,0.14454545454545453,0.2,2.9000000000000004,6.2,False,0.12253275354995195,11.740818734178006,0,,,2.55447,0.149966
540,542,0.2272727272727273,6.562825831592352,0.1781818181818182,0.2636363636363636,5.062825831592352,7.562825831592352,True,0.08856870306647746,11.70685468369453,0,,,5.53068,0.190281
541,543,0.056363636363636366,11.673814539000036,0.037272727272727284,0.08727272727272728,7.473814539000051,16.47381453900002,True,0.002523247682159147,11.620809228310213,0,,,10.7648,0.045489
542,544,0.6,7.685580111185003,0.3636363636363637,1.2909090909090908,3.885580111184999,12.985580111185007,True,0.03055676126123844,11.648842741889288,0,,,8.67659,0.617506
543,545,0.01590909090909091,13.15915953701766,0.010454545454545454,0.026363636363636363,9.059159537017674,17.759159537017645,True,0.014666988281372619,11.632952968909425,0,,,14.353,0.015198
544,546,0.2363636363636364,5.385697389257341,0.15,0.3727272727272728,1.4856973892573428,8.885697389257341,True,0.018165056727597585,11.63645103735565,0,,,4.63496,0.197094
545,547,0.3,7.648016720506183,0.24545454545454545,0.4,6.148016720506183,9.848016720506186,True,0.1575984141146518,11.775884394742706,0,,,8.15,0.292493
546,548,0.2181818181818182,6.5135807178064455,0.15181818181818182,0.3272727272727273,3.2135807178064426,9.513580717806448,True,0.013102984577515471,11.63138896520557,0,,,5.71428,0.189167
547,549,0.07090909090909091,8.094574885613671,0.05,0.09636363636363636,4.494574885613666,11.494574885613673,True,0.029049153072924314,11.647335133700974,0,,,6.11483,0.054052
548,550,0.2181818181818182,8.76380701522567,0.15545454545454546,0.3090909090909091,6.0638070152256685,11.063807015225672,True,0.07785262522207406,11.696138605850125,0,,,8.04265,0.187369
549,551,0.02363636363636364,15.085095232088163,0.01636363636363636,0.03363636363636364,11.585095232088175,18.685095232088152,True,0.03038943216323691,11.648675412791288,0,,,15.4453,0.019802
550,552,0.027272727272727268,8.758946209909015,0.01818181818181818,0.04363636363636364,4.95894620990901,13.158946209909017,True,0.07079055810568965,11.689076538733742,0,,,8.51597,0.023658
552,554,0.02181818181818182,17.39630257850285,0.013181818181818182,0.03636363636363636,12.396302578502867,22.196302578502838,True,0.003863862071033297,11.622149842699086,0,,,18.3197,0.019008
553,555,0.13545454545454547,13.319452143259232,0.08636363636363636,0.18363636363636365,8.11945214325925,17.01945214325922,True,0.01218216040207827,11.63046814103013,0,,,11.2974,0.106722
554,556,0.03272727272727273,12.217211228467214,0.02181818181818182,0.05181818181818182,8.117211228467227,16.7172112284672,True,0.051769203048337424,11.670055183676391,0,,,12.0604,0.027524
555,557,0.02181818181818182,13.567193386295813,0.017727272727272727,0.027272727272727268,11.56719338629582,15.767193386295805,True,0.2163346243504013,11.834620604978454,0,,,14.1034,0.019116
556,558,0.01818181818181818,6.4751081105232275,0.012727272727272728,0.028181818181818183,2.8751081105232235,10.775108110523233,True,0.052635967049411606,11.670921947677465,0,,,6.81141,0.017207
557,559,0.2727272727272727,4.2,0.17,0.4181818181818182,1.3,7.4,True,0.012191098722750556,11.630477079350802,0,,,3.67681,0.243092
558,560,0.034545454545454546,14.681743113648555,0.02181818181818182,0.05454545454545455,10.281743113648572,19.18174311364854,True,0.06347959720616284,11.681765577834215,0,,,14.5394,0.027907
559,561,0.13363636363636364,10.68082737236578,0.10818181818181817,0.16272727272727272,8.080827372365789,13.28082737236577,True,0.10998579000012104,11.72827177062817,0,,,8.81936,0.109691
560,562,0.03818181818181818,11.955434954978518,0.029090909090909087,0.049090909090909095,9.655434954978526,14.555434954978509,True,0.036106515131778455,11.654392495759833,0,,,11.7409,0.030987
561,563,0.44545454545454544,1.2000000000000002,0.34545454545454546,0.9636363636363636,0.0,6.1000000000000005,True,0.0011456949868639127,11.619431675614916,0,,,1.0937,0.440786
562,564,0.07727272727272727,14.73317159564932,0.049090909090909095,0.11363636363636365,10.133171595649335,18.933171595649306,True,0.020592484939984102,11.638878465568034,0,,,13.2718,0.058365
563,565,0.13727272727272727,12.679333665046105,0.10545454545454544,0.17,9.279333665046117,15.879333665046092,True,0.03862926191818397,11.656915242546233,0,,,11.0248,0.113275
564,566,0.24545454545454545,4.5,0.17272727272727273,0.3272727272727273,2.2,6.7,True,0.009744152548759346,11.62803013317681,0,,,3.71339,0.205088
565,567,0.08,8.942108101401413,0.053636363636363635,0.11181818181818183,4.542108101401409,12.642108101401416,True,0.024678584962099938,11.642964565590153,0,,,6.67193,0.060122
566,568,0.2818181818181818,8.802546786346316,0.2272727272727273,0.3363636363636364,7.302546786346314,10.102546786346316,True,0.22597603485663306,11.844262015484686,0,,,8.70683,0.248844
567,569,0.04818181818181819,12.287606267008979,0.03545454545454545,0.06727272727272728,9.08760626700899,15.787606267008965,True,0.031812235793808895,11.650098216421863,0,,,11.6506,0.039732
568,570,0.030909090909090907,5.5668847866935645,0.02090909090909091,0.049090909090909095,1.7668847866935649,10.066884786693565,True,0.039815925704980416,11.658101906333034,0,,,4.85044,0.02652
569,571,0.12272727272727273,11.33854206963084,0.08545454545454545,0.1590909090909091,7.3385420696308525,14.838542069630828,True,0.031203192102731894,11.649489172730785,0,,,9.30485,0.092694
570,572,0.2727272727272727,3.8,0.2090909090909091,0.3545454545454545,2.0,5.800000000000002,True,0.15853427344249438,11.776820254070547,0,,,3.29498,0.243295
571,573,0.014090909090909091,10.582846160297123,0.010454545454545454,0.02,7.6828461602971325,13.982846160297113,True,0.037260050813505065,11.655546031441554,0,,,11.791,0.014059
572,574,0.09363636363636364,10.226834049272508,0.06181818181818183,0.13181818181818186,5.726834049272523,14.226834049272494,True,0.005373053717755076,11.623659034345806,0,,,7.94537,0.068796
573,575,0.17545454545454547,3.4000000000000004,0.15363636363636365,0.2181818181818182,1.6,4.7,False,0.18442520320790465,11.802711183835955,0,,,1.1075,0.160195
574,576,0.2727272727272727,12.479869647834864,0.2181818181818182,0.3636363636363637,10.979869647834866,14.679869647834856,True,0.19039852076787225,11.808684501395927,0,,,13.3992,0.259446
575,577,0.08454545454545455,5.40859865287606,0.0609090909090909,0.11727272727272728,1.7085986528760608,9.00859865287606,True,0.028205032533785982,11.646491013161835,0,,,2.87642,0.064509
577,579,0.025454545454545452,12.570260427352883,0.019545454545454543,0.03272727272727273,10.170260427352892,15.070260427352874,True,0.13677379618193114,11.755059776809983,0,,,12.7773,0.021735
578,580,0.2090909090909091,8.915051309660253,0.14272727272727273,0.34545454545454546,5.215051309660266,12.21505130966024,True,0.06483556398985743,11.68312154461791,0,,,8.4546,0.187543
579,581,0.04,14.866359504706551,0.024545454545454544,0.06545454545454546,10.466359504706569,19.66635950470653,True,0.022540319311040242,11.640826299939091,0,,,14.6732,0.031863
580,582,0.1,12.098731220178951,0.07336363636363635,0.12636363636363634,8.998731220178962,15.09873122017894,False,0.00806897849403484,11.626354959122086,0,,,10.0508,0.07229
581,583,0.10818181818181817,17.410467234546687,0.06454545454545453,0.16090909090909092,12.310467234546707,22.31046723454667,True,0.00037100360982758086,11.61865698423788,0,,,15.8917,0.078575
582,584,0.029090909090909087,13.12318356247584,0.022727272727272728,0.04,10.523183562475849,16.02318356247583,True,0.006870035138751459,11.625156015766803,0,,,13.2682,0.025101
583,585,0.017727272727272727,11.201133349830828,0.013636363636363636,0.02363636363636364,8.50113334983084,13.901133349830818,True,0.11202232351186986,11.73030830413992,0,,,11.7766,0.01636
584,586,0.15363636363636365,8.605267035494062,0.12636363636363634,0.1863636363636364,6.205267035494059,10.705267035494064,True,0.013231134003698786,11.63151711463175,0,,,6.58846,0.132778
585,587,0.16090909090909092,11.265738172348385,0.12090909090909092,0.2181818181818182,7.665738172348397,13.565738172348375,True,0.013867125544711973,11.632153106172767,0,,,9.43643,0.141082
586,588,0.13181818181818186,9.84779293317066,0.08818181818181818,0.16636363636363638,5.247792933170675,13.047792933170648,True,0.05857790173169801,11.67686388235975,0,,,7.25393,0.100715
588,590,0.3272727272727273,4.1000000000000005,0.24545454545454545,0.4545454545454546,2.0,6.6000000000000005,True,0.022634384633339808,11.640920365261392,0,,,3.85424,0.303633
589,591,0.037272727272727284,11.4800136340082,0.026363636363636363,0.053636363636363635,8.280013634008213,15.180013634008189,True,0.002762745063602108,11.621048725691654,0,,,11.2219,0.030123
590,592,0.04181818181818182,16.333978625773014,0.031818181818181815,0.057272727272727274,14.033978625773024,19.533978625773003,True,0.08335396684449609,11.701639947472547,0,,,16.7549,0.035163
592,594,0.2636363636363636,2.0,0.1972727272727273,0.3363636363636364,0.30000000000000004,3.8,True,0.10347873981466747,11.721764720442723,0,,,1.12957,0.229231
593,595,0.2636363636363636,7.510305816733331,0.1972727272727273,0.3272727272727273,5.910305816733332,9.010305816733334,True,0.0261708428392616,11.644456823467314,0,,,7.33494,0.229351
594,596,0.034545454545454546,7.310102483046082,0.024545454545454544,0.049090909090909095,4.0101024830460785,10.810102483046089,True,0.004364590005922232,11.622650570633974,0,,,6.52586,0.028387
595,597,0.08,13.378912590968813,0.05545454545454545,0.11181818181818183,9.378912590968831,16.878912590968802,True,0.01813130661681264,11.636417287244866,0,,,11.6335,0.060288
596,598,0.01636363636363636,19.92918827227262,0.01,0.026363636363636363,14.929188272272635,24.4291882722726,True,0.015434555751018481,11.63372053637907,0,,,21.683,0.015404
597,599,0.2727272727272727,9.825234982756289,0.2090909090909091,0.34545454545454546,8.025234982756297,11.725234982756286,True,0.03480292092668713,11.653088901554739,0,,,10.0801,0.24662
598,600,0.2272727272727273,7.664565057797925,0.16818181818181818,0.2909090909090909,5.664565057797924,9.464565057797929,True,0.07934698040764465,11.697632961035696,0,,,7.05139,0.19339
599,601,0.031818181818181815,5.8874637569690895,0.024545454545454544,0.04454545454545455,3.1874637569690885,8.987463756969094,True,0.011832012692580246,11.630117993320631,0,,,5.12363,0.027237
600,602,0.03363636363636364,22.295326866956344,0.022727272727272728,0.056363636363636366,18.695326866956293,27.09532686695641,True,0.034826506263722815,11.653112486891775,0,,,23.5905,0.028775
601,603,0.01636363636363636,3.4000000000000004,0.013181818181818182,0.02,1.3,5.300000000000002,True,0.0715687740559056,11.689854754683955,0,,,3.36684,0.015503
602,604,0.025454545454545452,11.307419921620575,0.015,0.04454545454545455,6.507419921620595,16.50741992162056,True,0.04000975945534085,11.65829574008339,0,,,11.6299,0.022519
604,606,0.1390909090909091,5.0582505565478035,0.10636363636363637,0.16818181818181818,1.8582505565478045,7.658250556547805,True,0.005026338898963943,11.623312319527015,0,,,2.33994,0.112798
606,608,0.8727272727272728,1.0,0.6636363636363636,1.4,0.0,5.4,True,0.00025235081206592664,11.618538331440115,0,,,0.873258,0.825078
607,609,0.058181818181818175,17.470535867549913,0.04181818181818182,0.07727272727272727,13.870535867549927,20.570535867549907,True,0.11380778681153313,11.732093767439586,0,,,16.7691,0.045331
608,610,0.06545454545454546,8.748860744422966,0.040909090909090916,0.10545454545454544,3.948860744422984,13.848860744422948,True,0.012755260694579868,11.631041241322631,0,,,7.16391,0.051022
609,611,0.17272727272727273,9.928211729297944,0.14454545454545453,0.2363636363636364,7.428211729297951,11.628211729297936,True,0.08395235483973032,11.702238335467785,0,,,8.45021,0.160398
610,612,0.022727272727272728,19.09038967854645,0.015454545454545453,0.03363636363636364,15.390389678546471,23.090389678546444,True,0.009185419494758816,11.627471400122811,0,,,20.0967,0.019472
611,613,0.3545454545454545,7.6559876111974585,0.2363636363636364,0.5636363636363636,4.655987611197458,11.255987611197462,True,0.01979223940866649,11.638078220036716,0,,,7.94809,0.336714
612,614,0.10272727272727274,18.527796899902086,0.06818181818181819,0.13545454545454547,14.127796899902101,22.127796899902073,True,0.014795803207777847,11.633081783835829,0,,,17.0366,0.073524
613,615,0.2272727272727273,9.926469797318797,0.1972727272727273,0.2727272727272727,9.0264697973188,11.226469797318792,True,0.5390328746528029,12.157318855280854,0,,,10.0311,0.198869
614,616,0.4909090909090909,5.08079914187505,0.3090909090909091,0.9181818181818182,1.5807991418750502,9.680799141875053,True,0.09453380560274983,11.712819786230801,0,,,5.31291,0.478541
615,617,0.10454545454545457,19.734028522905408,0.06727272727272728,0.1390909090909091,15.134028522905426,23.234028522905394,True,0.07090341810724098,11.689189398735293,0,,,18.2707,0.074163
616,618,0.039090909090909086,6.407897067197141,0.025454545454545452,0.06363636363636364,2.507897067197138,11.307897067197144,True,0.113329571098858,11.731615551726911,0,,,5.69178,0.032282
617,619,0.012272727272727272,17.45522032562949,0.01,0.017727272727272727,15.2552203256295,21.05522032562948,True,0.03540561987856969,11.653691600506619,0,,,19.2997,0.012174
618,620,0.049090909090909095,8.997464291490543,0.03545454545454545,0.06818181818181819,5.797464291490541,12.197464291490546,True,0.043887876062919814,11.662173856690972,0,,,7.77906,0.039982
619,621,0.04,15.397264342086524,0.027272727272727268,0.06363636363636364,11.997264342086535,20.197264342086502,True,0.04440768803303867,11.662693668661088,0,,,15.7508,0.033452
620,622,0.07909090909090909,11.420361708119776,0.056363636363636366,0.11,7.820361708119787,15.02036170811976,True,0.008362199967893143,11.626648180595947,0,,,9.66575,0.060378
622,624,0.2545454545454545,4.800000000000002,0.19181818181818186,0.3272727272727273,3.0,6.7,True,0.05259511431805903,11.670881094946113,0,,,4.30884,0.223279
623,625,0.3181818181818182,7.168484962398746,0.24545454545454545,0.4363636363636364,5.468484962398745,9.36848496239875,True,0.14573654478644238,11.764022525414493,0,,,7.39678,0.300303
624,626,0.045454545454545456,6.788385649312246,0.031818181818181815,0.06545454545454546,3.3883856493122435,10.588385649312249,True,0.12046194152577938,11.73874792215383,0,,,5.69812,0.03757
625,627,0.10363636363636364,9.845221766651218,0.07,0.13727272727272727,5.6452217666512325,13.345221766651205,True,0.08032940759344875,11.6986153882215,0,,,7.37222,0.074331
626,628,0.02,11.83909887250942,0.015,0.028181818181818183,9.43909887250943,15.03909887250941,True,0.1021761141520992,11.720462094780151,0,,,12.6072,0.018387
627,629,0.3818181818181817,5.368518856752369,0.2818181818181818,0.5727272727272728,3.26851885675237,8.268518856752369,True,0.03766222712694931,11.655948207755001,0,,,5.62926,0.374195
629,631,0.06,5.230488154559886,0.040909090909090916,0.08727272727272728,1.2304881545598882,9.330488154559886,True,0.002236493674793633,11.620522474302845,0,,,3.33619,0.047277
630,632,0.19181818181818186,15.37352482591053,0.16454545454545455,0.2272727272727273,14.173524825910535,16.37352482591053,True,0.012416927557161762,11.630702908185215,0,,,14.8895,0.171642
631,633,0.03636363636363636,13.546529897094686,0.028181818181818183,0.049090909090909095,11.346529897094694,16.646529897094673,True,0.047443403980737583,11.665729384608788,0,,,13.6924,0.029824
632,634,0.017727272727272727,14.711194439679508,0.013181818181818182,0.024545454545454544,11.911194439679518,17.811194439679497,True,0.015127812626330232,11.633413793254382,0,,,15.8728,0.016463
633,635,0.08727272727272728,7.704263603719092,0.07090909090909091,0.10818181818181817,5.404263603719087,9.804263603719091,False,0.004600226636002033,11.622886207264054,0,,,5.19584,0.065563
634,636,0.11181818181818183,19.13330026522321,0.06636363636363636,0.16272727272727272,13.933300265223231,23.833300265223194,True,0.02473867687818725,11.64302465750624,0,,,17.8818,0.081806
635,637,0.02181818181818182,13.460967484752876,0.01636363636363636,0.029090909090909087,10.860967484752885,16.36096748475287,True,0.12251204662932542,11.740798027257375,0,,,14.1235,0.019321
636,638,0.011818181818181818,16.96297460368674,0.01,0.01636363636363636,15.162974603686745,20.062974603686726,True,0.04992689491977687,11.668212875547828,0,,,18.7283,0.011722
637,639,0.1572727272727273,11.413032111595774,0.13181818181818186,0.19454545454545452,9.21303211159578,13.313032111595767,True,0.0704694277498199,11.688755408377874,0,,,9.80635,0.138574
638,640,0.2909090909090909,8.578734772078738,0.2363636363636364,0.3727272727272728,6.978734772078736,10.478734772078738,True,0.0038815050813157813,11.622167485709367,0,,,8.86601,0.27151
639,641,0.07818181818181819,20.355505155639023,0.058181818181818175,0.10636363636363637,16.955505155639038,23.65550515563901,True,0.03350892555301017,11.651794906181063,0,,,19.6334,0.060288
640,642,0.2636363636363636,9.284880766016533,0.2090909090909091,0.3272727272727273,7.984880766016537,10.884880766016526,True,0.0721601463726337,11.690446127000685,0,,,9.48841,0.236238
641,643,0.03545454545454545,6.162064545298054,0.027272727272727268,0.04636363636363637,3.8620645452980527,8.862064545298056,True,0.09808225889812447,11.716368239526176,0,,,5.28278,0.028749
642,644,0.2090909090909091,12.110004640310569,0.16454545454545455,0.2636363636363636,10.310004640310575,13.710004640310562,True,0.07442656199890971,11.692712542626962,0,,,11.646,0.1822
643,645,0.0609090909090909,9.02007332784232,0.045454545454545456,0.08181818181818183,5.92007332784233,12.320073327842307,True,0.07904286323805178,11.697328843866105,0,,,7.55486,0.048102
644,646,0.16818181818181818,5.336654322987815,0.15,0.2090909090909091,3.4366543229878164,6.736654322987815,False,0.0950670243573843,11.713353004985436,0,,,3.09937,0.154103
645,647,0.1781818181818182,10.024935522680245,0.14636363636363636,0.24545454545454545,7.424935522680254,11.82493552268024,True,0.10817375712364674,11.726459737751696,0,,,8.65782,0.163774
647,649,0.2,7.914179397444374,0.16454545454545455,0.2545454545454545,6.3141793974443745,9.414179397444377,True,0.0893429040133793,11.707628884641434,0,,,6.85665,0.178373
648,650,0.14272727272727273,10.976404511558158,0.11727272727272728,0.16818181818181818,8.576404511558168,13.276404511558152,True,0.11175293470584437,11.730038915333896,0,,,9.04201,0.118463
650,652,0.2727272727272727,7.304357871355424,0.2090909090909091,0.3818181818181817,5.504357871355421,9.704357871355427,True,0.18929589230472352,11.807581872932776,0,,,7.4,0.253976
651,653,0.3181818181818182,9.331098063286298,0.2636363636363636,0.3909090909090909,7.931098063286303,10.831098063286293,True,0.0037718142452389993,11.62205779487329,0,,,9.84136,0.300778
652,654,0.07727272727272727,8.897031768893498,0.05545454545454545,0.10636363636363637,5.297031768893493,12.0970317688935,True,0.002637874838360496,11.620923855466412,0,,,6.74631,0.058662
653,655,0.11363636363636365,8.489715299423755,0.09090909090909093,0.13727272727272727,6.189715299423754,10.78971529942376,False,0.05179079713936278,11.670076777767415,0,,,6.08865,0.084054
654,656,0.015,15.639720519892276,0.011363636363636364,0.02181818181818182,12.839720519892285,18.939720519892266,True,0.022466634305218103,11.64075261493327,0,,,17.3932,0.014871
655,657,0.19181818181818186,7.681484609009683,0.16090909090909092,0.2363636363636364,5.981484609009683,8.981484609009685,True,0.03625675826542475,11.654542738893475,0,,,6.21086,0.170539
656,658,0.014090909090909091,10.021702501186756,0.011363636363636364,0.018636363636363642,7.921702501186764,12.421702501186747,True,0.07457801121163132,11.692863991839685,0,,,11.0474,0.014028
658,660,0.2818181818181818,4.0,0.2272727272727273,0.3636363636363637,2.4000000000000004,5.9,True,0.0804345245706816,11.698720505198734,0,,,3.64554,0.25906
659,661,0.04727272727272727,6.4884453600569865,0.03545454545454545,0.06727272727272728,3.6884453600569858,10.08844536005699,True,0.06440768572714071,11.682693666355192,0,,,5.4477,0.039626
660,662,0.07254545454545454,15.199863684139759,0.05181818181818182,0.10181818181818182,11.699863684139775,18.59986368413975,True,0.013679336517326505,11.631965317145376,0,,,14.0233,0.056121
662,664,0.3,11.148976999553248,0.24545454545454545,0.4,9.848976999553253,13.14897699955324,True,0.041083796476027744,11.65936977710408,0,,,12.0407,0.290251
663,665,0.06909090909090909,12.380486313493144,0.049090909090909095,0.09090909090909093,8.880486313493158,15.380486313493135,True,0.09848782247891777,11.716773803106971,0,,,10.8146,0.052433
664,666,0.19454545454545452,17.89556648219977,0.15363636363636365,0.2545454545454545,15.595566482199779,19.495566482199767,True,0.0234020215453619,11.641688002173414,0,,,17.7697,0.173285
665,667,0.2,17.430308659288098,0.16818181818181818,0.2363636363636364,16.2303086592881,18.430308659288087,True,0.004983953859747092,11.623269934487801,0,,,17.4148,0.177725
666,668,0.07772727272727273,16.642914041241298,0.05,0.11545454545454545,11.842914041241311,20.94291404124128,True,0.026720600995201824,11.645006581623251,0,,,15.3537,0.059141
667,669,0.08636363636363636,12.821120708628536,0.052727272727272734,0.13363636363636364,7.521120708628555,17.52112070862852,True,0.00043277742226130456,11.618718758050315,0,,,10.8387,0.064644
668,670,0.049090909090909095,10.695499192223696,0.03,0.08,5.895499192223713,15.795499192223678,True,0.02146312064838395,11.639749101276436,0,,,9.64378,0.039911
669,671,0.08545454545454545,10.688507054538503,0.057272727272727274,0.12272727272727273,6.288507054538518,14.688507054538489,True,0.002991564722902216,11.621277545350955,0,,,8.60149,0.064466
670,672,0.16636363636363638,8.948677640650342,0.1390909090909091,0.2,6.54867764065034,10.348677640650344,True,0.10340000789184277,11.721685988519894,0,,,6.79293,0.146821
671,673,0.14272727272727273,8.551648374259326,0.11181818181818183,0.17,5.551648374259323,11.05164837425933,True,0.03591437585552446,11.654200356483575,0,,,6.16885,0.116125
672,674,0.013636363636363636,20.894694470800573,0.01,0.02181818181818182,17.394694470800587,25.294694470800557,True,0.01723895598869134,11.635524936616745,0,,,22.9161,0.01324
673,675,0.15363636363636365,16.696965238739786,0.1190909090909091,0.2090909090909091,13.596965238739795,19.096965238739774,True,0.10469828453013387,11.722984265158185,0,,,15.6681,0.13517
674,676,0.012272727272727272,15.603923436327324,0.01,0.01590909090909091,13.603923436327332,18.203923436327315,True,0.025629868868676336,11.643915849496727,0,,,17.3838,0.012355
675,677,0.04181818181818182,6.1920151771693055,0.03,0.05909090909090909,3.3920151771693035,9.692015177169312,True,0.04669252216228514,11.664978502790337,0,,,5.32467,0.034687
676,678,0.08727272727272728,17.407193120016448,0.06272727272727273,0.11727272727272728,13.707193120016461,20.60719312001644,True,0.001223532610054006,11.619509513238105,0,,,15.9633,0.065193
678,680,0.2727272727272727,10.105493830494467,0.2090909090909091,0.3636363636363637,8.505493830494474,12.105493830494463,True,0.02680093723050436,11.645086917858555,0,,,10.496,0.251855
679,681,0.3909090909090909,10.425035668771176,0.2545454545454545,0.8272727272727273,7.125035668771187,15.825035668771156,True,0.010617183794272374,11.628903164422324,0,,,11.583,0.393924
680,682,0.2636363636363636,8.651252264236424,0.2181818181818182,0.34545454545454546,7.351252264236423,10.751252264236426,True,0.1506461426171251,11.768932123245175,0,,,8.96206,0.242356
681,683,0.13363636363636364,30.445263335806235,0.12636363636363634,0.13545454545454547,29.745263335806232,30.445263335806235,False,27.823036796846463,39.44132277747451,0,,,35.0486,0.15918
682,684,0.13727272727272727,3.9,0.11363636363636365,0.16090909090909092,1.6,6.0,False,0.017728680407195684,11.636014661035249,0,,,1.1378,0.112328
683,685,0.017727272727272727,6.847901372304587,0.014090909090909091,0.02363636363636364,4.547901372304587,9.647901372304592,True,0.02728905129130893,11.64557503191936,0,,,7.32901,0.016782
684,686,0.4363636363636364,4.800000000000002,0.2818181818181818,0.8545454545454546,1.5,9.7,True,0.001339789457865618,11.61962577008592,0,,,5.14895,0.432161
686,688,0.040909090909090916,6.331326185049116,0.031818181818181815,0.053636363636363635,4.331326185049116,9.131326185049119,True,0.0666785669609522,11.684964547589006,0,,,5.55726,0.034011
687,689,0.1090909090909091,7.160051736509588,0.08363636363636362,0.13,4.460051736509584,9.360051736509588,False,0.01305851945238933,11.63134450008044,0,,,4.30605,0.078477
688,690,0.05181818181818182,10.262658305489227,0.039090909090909086,0.07336363636363635,7.362658305489239,13.862658305489216,True,0.057500766194994786,11.675786746823047,0,,,9.48409,0.043167
689,691,0.027272727272727268,8.481093001142078,0.014545454545454544,0.052727272727272734,3.781093001142074,13.781093001142082,True,0.002793978427294307,11.621079959055345,0,,,8.21078,0.023607
690,692,0.06545454545454546,12.548726979736225,0.04727272727272727,0.09090909090909093,9.248726979736237,16.14872697973621,True,0.012165769740208993,11.630451750368259,0,,,11.4717,0.051115
691,693,0.014545454545454544,16.536124720340787,0.010454545454545454,0.02090909090909091,13.136124720340804,20.03612472034078,True,0.02606496474502226,11.644350945373073,0,,,18.1968,0.014286
692,694,0.019545454545454543,6.51035948909867,0.015454545454545453,0.026363636363636363,4.5103594890986685,9.210359489098675,True,0.1640706139621428,11.782356594590194,0,,,6.75972,0.018181
693,695,0.03545454545454545,4.8770500510324295,0.028181818181818183,0.04727272727272727,2.7770500510324294,7.877050051032429,True,0.049868237502368636,11.66815421813042,0,,,4.0795,0.029403
694,696,0.039090909090909086,12.70480319170506,0.026363636363636363,0.058181818181818175,9.104803191705074,16.604803191705045,True,0.07895436832847309,11.697240348956525,0,,,12.2904,0.031047
695,697,0.19454545454545452,9.563277826963674,0.16454545454545455,0.2363636363636364,8.163277826963679,10.863277826963671,True,0.051958637670985186,11.670244618299035,0,,,8.55421,0.174136
696,698,0.2818181818181818,16.43178321849677,0.1890909090909091,0.4,14.03178321849678,19.13178321849676,True,0.025882030879172874,11.644168011507226,0,,,17.526,0.257606
697,699,0.12090909090909092,19.96691057405681,0.08090909090909093,0.1572727272727273,15.76691057405683,23.2669105740568,True,0.004488151517111684,11.622774132145164,0,,,18.7438,0.088913
698,700,0.07036363636363636,6.721079471229325,0.04454545454545455,0.10818181818181817,1.9210794712293209,11.221079471229329,True,0.007330805520953699,11.625616786149006,0,,,4.53716,0.053743
699,701,0.09545454545454546,12.57571024198556,0.05454545454545455,0.15,7.37571024198558,17.375710241985544,True,0.0010378336429523103,11.619323814271006,0,,,10.4803,0.069489
700,702,0.3545454545454545,8.31317685271063,0.2181818181818182,0.6545454545454545,5.013176852710627,12.813176852710635,True,0.012018735283284595,11.630304715911336,0,,,8.70285,0.337219
701,703,0.2727272727272727,6.4110831340392425,0.2181818181818182,0.3545454545454545,4.911083134039241,8.311083134039245,True,0.031469590759431836,11.649755571387484,0,,,6.33301,0.248413
702,704,0.19181818181818186,6.407559273117106,0.1572727272727273,0.2272727272727273,4.607559273117103,7.407559273117107,False,0.2353008417521513,11.853586822380205,0,,,4.55449,0.167211
703,705,0.4909090909090909,4.0,0.2727272727272727,1.0454545454545454,0.0,8.700000000000001,True,0.003957643978061564,11.622243624606115,0,,,4.34316,0.494572
705,707,0.028181818181818183,11.609025328338804,0.019545454545454543,0.04,8.009025328338819,14.909025328338794,True,0.11397595763999778,11.732261938268051,0,,,11.3324,0.02377
706,708,0.02,12.826189256049323,0.013636363636363636,0.031818181818181815,9.426189256049334,16.826189256049307,True,0.028586598179986662,11.646872578808038,0,,,13.5213,0.018259
707,709,0.2272727272727273,4.800000000000002,0.16636363636363638,0.3090909090909091,2.8000000000000003,6.9,True,0.04692797433226312,11.665213954960315,0,,,4.03255,0.195267
709,711,0.15181818181818182,6.277832388134742,0.13,0.17272727272727273,4.377832388134742,8.077832388134745,False,0.06191450032650691,11.68020048095456,0,,,3.77286,0.128131
710,712,0.3090909090909091,7.754234122212857,0.24545454545454545,0.3818181818181817,6.154234122212854,9.254234122212855,True,0.3951077270186878,12.01339370764674,0,,,7.78242,0.283461
711,713,0.1972727272727273,10.18204948459841,0.16636363636363638,0.2272727272727273,9.082049484598414,10.882049484598408,False,0.08307371951437945,11.701359700142431,0,,,9.04732,0.1731
712,714,0.2363636363636364,7.858096751257912,0.16454545454545455,0.34545454545454546,5.45809675125791,10.658096751257915,True,0.08397037478003531,11.702256355408087,0,,,7.80597,0.205939
713,715,0.15545454545454546,8.331892814702872,0.12272727272727273,0.19454545454545452,5.23189281470287,10.331892814702874,True,0.0755729344206557,11.693858915048706,0,,,5.87452,0.131759
714,716,0.19454545454545452,12.042466724723544,0.15363636363636365,0.2545454545454545,9.842466724723552,13.642466724723539,True,0.006216042159821588,11.624502022787874,0,,,11.1928,0.172347
715,717,0.2272727272727273,11.327594709356852,0.18363636363636365,0.2727272727272727,10.127594709356854,12.727594709356847,True,0.11826162174961233,11.736547602377666,0,,,11.3491,0.19465
716,718,0.3727272727272728,5.010175118706177,0.2363636363636364,0.7363636363636363,1.9101751187061764,9.810175118706177,True,0.06921352239271618,11.687499503020769,0,,,5.24428,0.365859
717,719,0.01909090909090909,13.691713570764694,0.014545454545454544,0.027272727272727268,11.191713570764703,17.091713570764682,True,0.05985182223207455,11.678137802860125,0,,,14.8159,0.017874
718,720,0.1590909090909091,15.194433232517829,0.12454545454545456,0.2181818181818182,11.99443323251784,17.594433232517826,True,0.013191296222567064,11.63147727685062,0,,,13.9877,0.14113
719,721,0.2272727272727273,9.069676011020777,0.1572727272727273,0.3272727272727273,6.369676011020787,11.56967601102077,True,0.09207874038965734,11.710364721017712,0,,,8.76664,0.194269
720,722,0.7363636363636363,13.983850944015341,0.4090909090909091,1.4,9.783850944015354,18.78385094401532,True,0.0036775069166199905,11.621963487544672,0,,,16.0246,0.762813
722,724,0.1190909090909091,8.405254342821108,0.08636363636363636,0.1481818181818182,5.105254342821106,10.90525434282111,True,0.020263578237224897,11.638549558865275,0,,,5.70935,0.086759
723,725,0.5636363636363636,15.8725928824397,0.3363636363636364,1.2545454545454546,12.072592882439716,21.47259288243968,True,0.0004793000396474085,11.618765280667699,0,,,18.1661,0.60407
725,727,0.5545454545454546,12.078918390963109,0.3272727272727273,1.1909090909090907,7.978918390963122,17.57891839096309,True,0.00326564716584705,11.6215516277939,0,,,13.7241,0.578629
726,728,0.2545454545454545,25.161711831014646,0.15,0.4545454545454546,21.4617118310146,28.861711831014706,True,0.027991414491598133,11.64627739511965,0,,,27.1878,0.232769
727,729,0.6545454545454545,25.12765121514514,0.4090909090909091,1.318181818181818,21.82765121514509,30.027651215145212,True,0.0408092653675383,11.65909524599559,0,,,29.2513,0.754343
728,730,0.1972727272727273,8.861425972486186,0.16090909090909092,0.24545454545454545,7.261425972486182,10.161425972486184,True,0.0356666982410646,11.653952678869116,0,,,7.78201,0.175496
730,732,0.2545454545454545,6.28801480082608,0.2,0.3090909090909091,4.888014800826078,7.788014800826081,True,0.06447018059471392,11.682756161222766,0,,,5.89957,0.220227
731,733,0.034545454545454546,19.07179401334852,0.026363636363636363,0.04727272727272727,16.571794013348523,22.271794013348504,True,0.029033284926192407,11.647319265554245,0,,,19.8945,0.028839
732,734,0.03545454545454545,11.750585314453204,0.026363636363636363,0.04818181818181819,8.950585314453214,14.950585314453189,True,0.006659569971696522,11.62494555059975,0,,,11.5111,0.028879
734,736,0.3363636363636364,24.254067601331897,0.2545454545454545,0.5,22.254067601331872,27.25406760133194,True,0.17846162256943912,11.796747603197492,0,,,27.2308,0.353988
735,737,0.01590909090909091,5.1000000000000005,0.012272727272727272,0.02090909090909091,2.5,7.6,True,0.05352528576345269,11.671811266391506,0,,,5.30615,0.015143
738,740,0.019545454545454543,4.6000000000000005,0.012272727272727272,0.03363636363636364,0.0,9.5,True,0.015719733507653284,11.634005714135704,0,,,4.39314,0.017896
739,741,0.03636363636363636,4.7,0.027272727272727268,0.049090909090909095,2.1,7.800000000000002,True,0.00831397874013588,11.626599959368189,0,,,3.65388,0.02952
741,743,0.2090909090909091,22.210963572506298,0.16818181818181818,0.2727272727272727,20.81096357250628,23.810963572506324,True,0.2288753821543777,11.847161362782431,0,,,23.3756,0.188545
742,744,0.05909090909090909,21.101181712053314,0.04363636363636364,0.07863636363636364,18.00118171205327,24.201181712053362,True,0.02443447331615534,11.642720453944206,0,,,21.0101,0.046602
743,745,0.10090909090909092,24.240881069524303,0.06181818181818183,0.1481818181818182,19.240881069524225,29.04088106952437,True,0.00023596087802226748,11.618521941506074,0,,,23.5562,0.073328
744,746,0.02363636363636364,14.212994870267394,0.01590909090909091,0.034545454545454546,10.812994870267406,17.71299487026738,True,0.02702632379398118,11.645312304422033,0,,,14.5894,0.019871
746,748,0.2090909090909091,30.445263335806235,0.1781818181818182,0.2181818181818182,29.745263335806232,30.445263335806235,False,22.10448562331521,33.722771603943265,0,,,38.0394,0.379224
747,749,0.4181818181818182,15.319970791211158,0.3363636363636364,0.5363636363636364,13.519970791211165,17.31997079121115,True,0.07802713181000757,11.69631311243806,0,,,17.0425,0.419114
749,751,0.3090909090909091,24.6829013427022,0.2363636363636364,0.4181818181818182,22.582901342702176,26.982901342702235,False,0.030836816659646733,11.649122797287701,0,,,27.0518,0.300315
750,752,0.1590909090909091,9.593645497889367,0.13545454545454547,0.18363636363636365,7.493645497889372,10.993645497889359,False,0.12389731440817145,11.742183295036225,0,,,7.40619,0.137217
753,755,0.011363636363636364,11.663480879911424,0.01,0.01909090909090909,9.963480879911428,16.563480879911403,True,0.023144857901623867,11.641430838529676,0,,,13.234,0.011675
754,756,0.027272727272727268,10.805164791021681,0.018636363636363642,0.04363636363636364,7.2051647910216925,15.205164791021664,True,0.046609229373290414,11.664895210001342,0,,,10.9168,0.023788
756,758,0.034545454545454546,9.640439749599958,0.025454545454545452,0.04818181818181819,6.740439749599968,12.840439749599945,True,0.03873704346313174,11.657023024091187,0,,,9.20948,0.028447
757,759,0.4,14.407587997694405,0.34545454545454546,0.509090909090909,13.107587997694411,16.207587997694393,True,0.0605229027836075,11.67880888341166,0,,,16.161,0.412897
758,760,0.04181818181818182,10.190736142327973,0.028181818181818183,0.0609090909090909,6.790736142327982,13.990736142327954,True,0.03222835734997141,11.650514337978024,0,,,9.52514,0.033949
760,762,0.4727272727272727,7.818208050551959,0.3363636363636364,0.8727272727272728,5.218208050551957,12.218208050551965,True,0.04891886161964307,11.667204842247695,0,,,8.89971,0.492572
761,763,0.03545454545454545,5.614793197867058,0.024545454545454544,0.05454545454545455,2.1147931978670558,10.114793197867064,True,0.036967383660530116,11.655253364288583,0,,,4.90323,0.02944
762,764,0.14454545454545453,12.557123539862785,0.12454545454545456,0.16454545454545455,10.65712353986279,14.457123539862776,False,0.1197750313744399,11.738061012002492,0,,,10.8424,0.121177
763,765,0.14272727272727273,7.330885021440383,0.10636363636363637,0.17545454545454547,3.930885021440379,10.030885021440383,True,0.027596976413075423,11.645882957041128,0,,,4.85581,0.116393
764,766,0.08363636363636362,30.445263335806235,0.07163636363636364,0.08636363636363636,28.74526333580621,30.445263335806235,False,17.2875630257473,28.90584900637535,0,,,36.1879,0.107321
765,767,0.8272727272727273,29.04526333580622,0.6181818181818182,1.0181818181818183,26.945263335806192,30.445263335806235,False,0.044415215315883966,11.662701195943935,0,,,33.8151,0.9533
767,769,0.2363636363636364,9.70939364056006,0.1972727272727273,0.2818181818181818,8.709393640560062,10.809393640560057,True,0.06646984869765869,11.684755829325711,0,,,9.70966,0.199972
768,770,0.07018181818181819,11.387779044088642,0.05,0.09272727272727273,7.987779044088653,14.287779044088634,True,0.04962495960765004,11.667910940235704,0,,,9.65815,0.053105
770,772,0.2909090909090909,3.5,0.24545454545454545,0.3727272727272728,2.2,5.5,True,0.09659122125695206,11.714877201885006,0,,,3.31225,0.274373
771,773,0.026363636363636363,9.45023236140147,0.022727272727272728,0.031818181818181815,7.9502323614014765,11.350232361401465,True,0.1574258758929584,11.77571185652101,0,,,9.50101,0.023119
773,775,0.14454545454545453,8.007634173932805,0.1190909090909091,0.16818181818181818,5.607634173932802,10.207634173932806,True,0.014472923418086987,11.632758904046137,0,,,5.73992,0.121081
774,776,0.09909090909090908,16.379440937467905,0.07200000000000001,0.12636363636363634,13.179440937467918,19.279440937467893,False,0.0118129729019096,11.630098953529961,0,,,14.8108,0.071882
775,777,0.2181818181818182,25.32236515262347,0.1590909090909091,0.3,23.022365152623443,27.422365152623502,True,0.007517425417818425,11.625803406045868,0,,,26.8582,0.192016
776,778,0.6181818181818182,30.445263335806235,0.4727272727272727,0.6363636363636364,28.445263335806214,30.445263335806235,False,1.1724678304717364,12.790753811099787,0,,,36.5854,0.846811
777,779,0.15,30.445263335806235,0.14454545454545453,0.15181818181818182,29.94526333580623,30.445263335806235,False,37.11814507749411,48.73643105812216,0,,,35.9337,0.19136
778,780,0.06181818181818183,15.342007326158841,0.04272727272727273,0.0918181818181818,11.542007326158853,19.542007326158824,True,0.015844464846539213,11.634130445474591,0,,,14.7396,0.048908
779,781,0.2636363636363636,8.42172730269117,0.1890909090909091,0.34545454545454546,6.221727302691168,10.621727302691172,True,0.14612901326669372,11.764414993894745,0,,,8.28587,0.230489
780,782,0.04454545454545455,11.33202498032774,0.03,0.06818181818181819,7.9320249803277525,15.732024980327726,True,0.04566342237491815,11.66394940300297,0,,,10.9289,0.03694
781,783,0.6363636363636364,10.559902004779982,0.4272727272727273,1.1181818181818182,7.759902004779992,14.459902004779966,True,0.0428253317164813,11.661111312344532,0,,,12.1119,0.66123
782,784,0.7363636363636363,14.220087945598388,0.4181818181818182,1.4,10.2200879455984,19.02008794559837,True,0.020129973734177832,11.63841595436223,0,,,16.2467,0.751626
783,785,0.06909090909090909,6.717214888058453,0.05181818181818182,0.08818181818181818,3.9172148880584494,9.317214888058457,True,0.0414432523149302,11.659729232942984,0,,,4.56887,0.052594
784,786,0.010454545454545454,9.722256253861508,0.01,0.01681818181818182,9.02225625386151,14.022256253861492,True,0.003840340499687526,11.622126321127741,0,,,10.8856,0.010555
785,787,0.24545454545454545,11.431632703504492,0.1809090909090909,0.3,9.731632703504502,12.831632703504493,True,0.3003244371038499,11.918610417731903,0,,,11.4483,0.204244
786,788,0.3,7.953629486699543,0.2636363636363636,0.3727272727272728,6.9536294866995405,9.453629486699542,True,0.555604060387213,12.173890041015264,0,,,8.39972,0.289133
787,789,0.5363636363636364,2.0,0.3818181818181817,1.1454545454545455,0.0,6.9,True,0.000709519284067629,11.618995499912119,0,,,2.12959,0.540695
788,790,0.0918181818181818,7.8384347610199585,0.06454545454545453,0.12454545454545456,4.038434761019955,11.138434761019962,True,0.011740339729995112,11.630026320358047,0,,,5.14476,0.067674
789,791,0.24545454545454545,12.285853269741215,0.1890909090909091,0.3,10.785853269741224,13.685853269741214,True,0.021155645880289245,11.63944162650834,0,,,12.5173,0.209647
790,792,0.16272727272727272,8.654491675714281,0.13,0.2272727272727273,5.654491675714277,11.054491675714278,True,0.07357282514941432,11.691858805777464,0,,,7.01301,0.148945
791,793,0.2727272727272727,11.018423363592856,0.2090909090909091,0.3545454545454545,9.51842336359286,12.918423363592849,True,0.05326243866821565,11.671548419296267,0,,,11.4954,0.2492
792,794,0.03818181818181818,30.445249076890907,0.024545454545454544,0.04363636363636364,26.245249076890847,30.445249076890907,False,19.41171209035016,31.029998070978213,0,,,51.3712,0.178644
793,795,0.2545454545454545,22.610372941670022,0.18363636363636365,0.3363636363636364,20.81037294167,24.61037294167005,True,0.06769821691274851,11.685984197540801,0,,,24.3537,0.230583
795,797,0.16636363636363638,18.82937649611255,0.1409090909090909,0.2181818181818182,16.429376496112553,20.52937649611254,True,0.0224977967471534,11.640783777375205,0,,,18.2178,0.1526
798,800,0.013636363636363636,5.703489714643114,0.01,0.02181818181818182,2.5034897146431105,10.103489714643118,True,0.06972029722513508,11.688006277853189,0,,,6.54373,0.013859
799,801,0.2272727272727273,9.41215558736796,0.16818181818181818,0.2909090909090909,7.812155587367965,11.012155587367955,True,0.17024618618294807,11.788532166810999,0,,,9.04851,0.193667
800,802,0.2090909090909091,5.449148208841986,0.16454545454545455,0.2636363636363636,3.549148208841985,7.0491482088419835,True,0.06980496207852509,11.688090942706575,0,,,4.28371,0.183944
801,803,0.02363636363636364,22.22239137609966,0.014090909090909091,0.040909090909090916,17.322391376099596,27.322391376099734,True,0.006248593123127298,11.62453457375118,0,,,23.7609,0.02052
802,804,0.4,8.384378855641081,0.2909090909090909,0.6545454545454545,5.684378855641079,12.084378855641086,True,0.042366746970214114,11.660652727598267,0,,,9.11644,0.396344
803,805,0.06636363636363636,18.746168268148693,0.040909090909090916,0.10545454545454544,13.846168268148705,23.446168268148675,True,0.00744964981049167,11.625735630438545,0,,,18.1574,0.051258
804,806,0.34545454545454546,7.959872198286153,0.2727272727272727,0.4636363636363636,6.159872198286153,10.159872198286157,True,0.1520347311771398,11.770320711805194,0,,,8.42571,0.332848
805,807,0.12818181818181815,13.815701555523749,0.10727272727272727,0.1481818181818182,11.615701555523756,15.515701555523744,False,0.07005791514531583,11.688343895773368,0,,,11.8772,0.098661
806,808,0.2818181818181818,9.484181631028154,0.2363636363636364,0.3090909090909091,8.284181631028158,10.184181631028153,True,0.4948838808782488,12.1131698615063,0,,,9.46866,0.248601
807,809,0.10090909090909092,11.011619836617783,0.07727272727272727,0.12090909090909092,8.511619836617793,13.111619836617775,False,0.04652089750831296,11.664806878136366,0,,,8.67404,0.072069
808,810,0.010454545454545454,11.174762715134952,0.01,0.01818181818181818,10.174762715134957,16.074762715134938,True,0.02870818702247093,11.646994167650524,0,,,12.7368,0.01086
809,811,0.014545454545454544,10.281852680338515,0.01,0.02363636363636364,6.881852680338528,14.6818526803385,True,0.07727851991249317,11.695564500540545,0,,,11.5981,0.014664
810,812,0.12272727272727273,11.678057586300106,0.07418181818181817,0.16818181818181818,6.5780575863001225,15.67805758630009,True,0.009144352649877258,11.627430333277928,0,,,9.43362,0.09002
811,813,0.13727272727272727,11.871697068621867,0.10636363636363637,0.16272727272727272,8.871697068621879,14.17169706862186,True,0.02373837485487347,11.642024355482926,0,,,9.78896,0.109288
812,814,0.5,7.5729445072435855,0.3818181818181817,0.8181818181818182,5.572944507243585,10.972944507243591,True,0.01969026705147454,11.637976247679527,0,,,8.72334,0.529669
813,815,0.07954545454545454,13.765164037380087,0.06272727272727273,0.10363636363636364,11.065164037380097,16.26516403738008,False,0.03734816568031917,11.655634146308369,0,,,12.143,0.060605
815,817,0.09454545454545454,25.801743778822456,0.06727272727272728,0.12636363636363634,22.101743778822406,29.101743778822502,True,0.03290315098493345,11.651189131612986,0,,,25.2632,0.069913
816,818,0.4090909090909091,22.267244167182287,0.3090909090909091,0.5818181818181818,20.167244167182254,24.867244167182328,False,0.009635891251011415,11.627921871879066,0,,,25.0219,0.427674
817,819,0.058181818181818175,16.405427696881898,0.04181818181818182,0.08272727272727272,13.10542769688191,20.305427696881885,True,0.013758896930428404,11.63204487755848,0,,,16.1076,0.046814
818,820,0.2818181818181818,11.200162114200415,0.24545454545454545,0.3272727272727273,10.20016211420042,12.300162114200413,True,0.025225162367806662,11.643511142995859,0,,,11.6516,0.258586
819,821,0.2909090909090909,4.3,0.2272727272727273,0.3818181818181817,2.5,6.4,True,0.1137544938359684,11.732040474464018,0,,,3.89706,0.263667
820,822,1.3090909090909093,4.866963063930724,0.6090909090909089,1.4,0.2669630639307252,6.366963063930724,True,0.0012524208697742955,11.619538401497824,0,,,5.25617,1.2286
821,823,0.05090909090909091,21.086753017217358,0.034545454545454546,0.08,17.286753017217304,25.786753017217425,True,0.052200787937173095,11.670486768565226,0,,,21.5311,0.042711
823,825,0.03,9.134438641641164,0.024545454545454544,0.04181818181818182,7.034438641641174,11.834438641641155,True,0.11015576142421396,11.728441742052267,0,,,9.0278,0.02647
824,826,0.4909090909090909,8.879047081405668,0.3636363636363637,0.7454545454545455,6.579047081405675,11.879047081405654,True,0.04077912223085725,11.659065102858909,0,,,9.88286,0.499542
825,827,0.04454545454545455,5.486846316295843,0.03,0.07127272727272728,2.186846316295844,10.186846316295842,True,0.12302324901220575,11.741309229640258,0,,,4.58732,0.037763
826,828,0.031818181818181815,7.260959492179503,0.025454545454545452,0.04454545454545455,4.9609594921795015,10.460959492179509,True,0.18062938006524093,11.798915360693293,0,,,6.97352,0.027703
828,830,0.10545454545454544,20.974419753411,0.07545454545454545,0.13727272727272727,17.57441975341095,24.174419753411044,True,0.03330674996715849,11.651592730595212,0,,,19.9347,0.077314
829,831,0.07036363636363636,14.95706009203031,0.05545454545454545,0.09,12.35706009203032,17.6570600920303,False,0.02776842606991784,11.646054406697967,0,,,13.8206,0.054719
830,832,0.12272727272727273,16.70208313299585,0.10090909090909092,0.1409090909090909,14.202083132995858,18.502083132995843,False,0.041539119584886805,11.659825100212936,0,,,14.9508,0.089767
831,833,0.10727272727272727,6.31669355601519,0.07818181818181819,0.13181818181818186,3.216693556015188,8.916693556015193,False,0.12954368330373905,11.747829663931789,0,,,3.35596,0.076239
832,834,0.01590909090909091,14.655670039325345,0.012727272727272728,0.02,12.255670039325352,16.855670039325336,True,0.06596862499349614,11.684254605621547,0,,,15.9534,0.015163
833,835,0.06909090909090909,25.00206750240307,0.04363636363636364,0.10454545454545457,20.102067502403003,29.502067502403136,True,0.042731313400288184,11.661017294028339,0,,,24.9725,0.052962
834,836,0.027272727272727268,10.06474802649386,0.02181818181818182,0.037272727272727284,7.964748026493868,12.76474802649385,True,0.15708922103333145,11.775375201661385,0,,,10.0594,0.023741
835,837,0.04363636363636364,7.0870219724811285,0.03,0.06545454545454546,3.7870219724811256,11.387021972481135,True,0.02243476173155905,11.64072074235961,0,,,6.20206,0.036103
836,838,0.16636363636363638,26.245240225858986,0.13363636363636364,0.2363636363636364,23.14524022585893,28.645240225859016,True,0.061841839090658025,11.680127819718711,0,,,26.7364,0.155917
837,839,0.2818181818181818,4.1000000000000005,0.2090909090909091,0.3727272727272728,2.3000000000000003,5.9,True,0.3058595448269393,11.92414552545499,0,,,3.46252,0.249073
838,840,0.12818181818181815,13.746331512468718,0.08090909090909093,0.1809090909090909,8.646331512468736,17.746331512468704,True,0.034712140592281684,11.652998121220335,0,,,12.1341,0.102358
839,841,0.2272727272727273,9.304295007449843,0.16818181818181818,0.2909090909090909,7.404295007449853,11.104295007449839,True,0.04181649405452606,11.66010247468258,0,,,8.78826,0.192114
840,842,0.034545454545454546,14.624589674899068,0.02090909090909091,0.058181818181818175,9.724589674899084,19.72458967489905,True,0.0024372992219972058,11.620723279850047,0,,,14.8783,0.028656
841,843,0.019545454545454543,12.577170820566135,0.015,0.025454545454545452,10.177170820566143,15.077170820566124,True,0.00930836258202131,11.627594343210076,0,,,13.2932,0.017887
842,844,0.2545454545454545,14.364696939961224,0.1863636363636364,0.3272727272727273,12.46469693996123,16.164696939961214,True,0.009557764439318958,11.62784374506737,0,,,14.9492,0.221741
843,845,0.4090909090909091,5.423669613950104,0.3,0.6,3.123669613950105,8.223669613950104,True,0.025195140112715512,11.643481120740766,0,,,5.64008,0.395493
844,846,0.013181818181818182,22.30757377622385,0.01,0.02363636363636364,18.90757377622381,27.00757377622392,True,0.003215058213209688,11.62150103884126,0,,,24.5965,0.012977
845,847,0.24545454545454545,10.45016431253625,0.1972727272727273,0.2818181818181818,9.250164312536254,11.350164312536249,True,0.3005087256856908,11.918794706313742,0,,,10.3436,0.204342
846,848,0.5727272727272728,14.258078898641331,0.3909090909090909,1.0,11.35807889864134,18.258078898641315,True,0.05065966855797992,11.668945649186034,0,,,16.2356,0.604367
847,849,0.07336363636363635,14.221540658209625,0.056363636363636366,0.09454545454545454,11.321540658209633,17.021540658209616,False,0.011825747015184957,11.630111727643238,0,,,12.8565,0.055915
848,850,0.1481818181818182,7.544522894008808,0.12090909090909092,0.1781818181818182,5.0445228940088045,9.944522894008811,True,0.08453657154786816,11.70282255217592,0,,,5.28195,0.125495
849,851,0.05090909090909091,13.127936672259352,0.03363636363636364,0.08181818181818183,9.127936672259368,18.127936672259334,True,0.03735528123345205,11.655641261861506,0,,,12.7413,0.042593
850,852,0.02363636363636364,15.128679128734547,0.01590909090909091,0.039090909090909086,11.428679128734554,20.028679128734524,True,0.08193071831183958,11.700216698939894,0,,,16.0686,0.02089
851,853,0.08545454545454545,18.06755223469125,0.06181818181818183,0.11727272727272728,14.667552234691259,21.16755223469124,True,0.0870458997634101,11.705331880391462,0,,,16.8094,0.064427
852,854,0.07681818181818181,17.371631821417704,0.049090909090909095,0.11545454545454545,12.771631821417722,21.57163182141769,True,0.0033284890233378226,11.621614469651387,0,,,16.2387,0.058311
853,855,0.08727272727272728,6.176054171337773,0.06545454545454546,0.11727272727272728,2.9760541713377706,9.276054171337774,True,0.03721087327599763,11.655496853904047,0,,,3.69614,0.066264
854,856,0.2909090909090909,8.65113303989874,0.2363636363636364,0.3636363636363637,7.251133039898739,10.451133039898744,True,0.05048863462344395,11.668774615251493,0,,,9.05117,0.27321
855,857,0.13181818181818186,12.090393864625542,0.10181818181818182,0.1572727272727273,8.990393864625553,14.290393864625536,False,0.0652852084891523,11.683571189117204,0,,,9.9007,0.101554
856,858,0.17545454545454547,11.664972856482198,0.1481818181818182,0.2272727272727273,9.464972856482207,13.064972856482196,True,0.008973631519151964,11.627259612147204,0,,,10.228,0.158482
857,859,0.15363636363636365,8.225011051225787,0.12818181818181815,0.18363636363636365,6.125011051225786,10.125011051225789,False,0.027759776189947863,11.646045756818,0,,,6.07117,0.132785
858,860,0.02181818181818182,8.584297034623322,0.01590909090909091,0.03,5.684297034623319,11.784297034623325,True,0.03354421436783149,11.651830194995885,0,,,8.58859,0.01911
859,861,0.011818181818181818,13.507356398581926,0.01,0.01636363636363636,11.707356398581931,16.807356398581913,True,0.06824320940835403,11.686529190036405,0,,,15.0361,0.011938
860,862,0.06727272727272728,11.690054072508946,0.04818181818181819,0.09272727272727273,8.290054072508955,15.090054072508929,True,0.04235689728138686,11.660642877909439,0,,,10.3369,0.052253
861,863,0.05454545454545455,11.38462636688962,0.029090909090909087,0.09454545454545454,6.284626366889638,16.284626366889604,True,0.010521719591957704,11.62880770022001,0,,,10.4258,0.044029
862,864,0.025454545454545452,16.784327644877926,0.01590909090909091,0.040909090909090916,12.284327644877944,21.38432764487791,True,0.028554844544614624,11.646840825172667,0,,,17.2039,0.021261
863,865,0.14454545454545453,10.514622138230745,0.09727272727272727,0.2090909090909091,5.614622138230763,14.11462213823073,True,0.004234481421333683,11.622520462049383,0,,,8.56264,0.12157
864,866,0.011363636363636364,10.747790673016796,0.01,0.014545454545454544,9.5477906730168,13.247790673016787,True,0.05794956644967046,11.676235547077722,0,,,12.0171,0.011484
865,867,0.03363636363636364,16.845002850091944,0.024545454545454544,0.049090909090909095,13.645002850091956,20.64500285009193,True,0.07270532384318534,11.690991304471238,0,,,17.3099,0.028133
866,868,0.031818181818181815,4.7,0.024545454545454544,0.04363636363636364,2.3000000000000003,7.4,True,0.16575683616716044,11.784042816795214,0,,,3.88656,0.027193
867,869,0.02,17.951771912537573,0.013636363636363636,0.03363636363636364,14.35177191253759,22.85177191253756,True,0.0455037853802701,11.66378976600832,0,,,19.5274,0.018583
868,870,0.3727272727272728,3.8,0.2363636363636364,0.6909090909090909,0.7000000000000001,8.3,True,0.08937482389494616,11.707660804522998,0,,,3.74039,0.355002
869,871,0.06636363636363636,9.567023386393064,0.04727272727272727,0.09272727272727273,6.0670233863930765,13.267023386393053,True,0.030042241998413717,11.648328222626464,0,,,8.01397,0.05146
870,872,0.2363636363636364,2.7,0.17545454545454547,0.3090909090909091,0.9,4.6000000000000005,True,0.04341173636135925,11.66169771698941,0,,,1.72425,0.198511
871,873,0.025454545454545452,8.33101052011479,0.014545454545454544,0.04636363636363637,3.531010520114785,13.531010520114794,True,0.022397967383779246,11.640683948011832,0,,,8.14094,0.022236
872,874,0.3090909090909091,4.1000000000000005,0.2272727272727273,0.4363636363636364,2.0,6.7,True,0.041785432580098536,11.66007141320815,0,,,3.84881,0.286368
873,875,0.3636363636363637,7.148094709891008,0.2818181818181818,0.4818181818181818,5.348094709891006,9.148094709891009,True,0.0039295708157938685,11.622215551443846,0,,,7.49796,0.350584
874,876,0.02,11.13504855824913,0.014090909090909091,0.03,7.635048558249142,15.135048558249116,True,0.009092184918732982,11.627378165546784,0,,,11.685,0.018365
876,878,0.0981818181818182,7.180919103939568,0.07,0.12454545454545456,3.780919103939565,9.88091910393957,False,0.08529042919023869,11.703576409818295,0,,,4.26397,0.069881
877,879,0.14272727272727273,9.732267872740994,0.11,0.17545454545454547,6.632267872741005,12.432267872740985,True,0.026550538196702698,11.644836518824755,0,,,7.6023,0.117607
878,880,0.01636363636363636,9.957192853947248,0.013636363636363636,0.02,8.057192853947255,11.757192853947242,True,0.08401482349603008,11.70230080412408,0,,,10.7633,0.0158
880,882,0.10454545454545457,10.763202457399052,0.08181818181818183,0.12454545454545456,8.363202457399057,12.963202457399044,False,0.03004521264004381,11.648331193268097,0,,,8.43176,0.075244
881,883,0.16090909090909092,7.018594409051637,0.13,0.2090909090909091,4.418594409051637,9.01859440905164,True,0.018174544940253397,11.636460525568305,0,,,4.96474,0.143425
882,884,0.029090909090909087,15.880265244133987,0.02,0.04454545454545455,12.280265244134,19.780265244133968,True,0.017599825170954066,11.635885805799004,0,,,16.267,0.025114
883,885,0.08454545454545455,17.589669516163895,0.057272727272727274,0.11727272727272728,13.289669516163912,21.089669516163884,True,0.02436988132197295,11.642655861950026,0,,,16.126,0.062742
884,886,0.17272727272727273,12.88483970378702,0.14636363636363636,0.2272727272727273,10.584839703787027,14.484839703787015,True,0.1138722846224932,11.732158265250545,0,,,11.7632,0.160129
885,887,0.13545454545454547,8.56645693361336,0.10454545454545457,0.1590909090909091,5.366456933613357,10.76645693361336,True,0.1203107930596098,11.73859677368766,0,,,5.89987,0.105086
886,888,0.030909090909090907,12.231647409460518,0.02363636363636364,0.04181818181818182,9.231647409460528,14.931647409460508,True,0.11565784070812833,11.73394382133618,0,,,11.9273,0.026097
887,889,0.01590909090909091,10.842994700181546,0.012727272727272728,0.022727272727272728,8.542994700181554,14.042994700181534,True,0.08175068320643733,11.700036663834489,0,,,12.0651,0.015651
888,890,0.3272727272727273,2.6,0.2181818181818182,0.6363636363636364,0.0,7.5,True,0.006167739698332117,11.624453720326386,0,,,2.35311,0.310601
889,891,0.3818181818181817,3.4000000000000004,0.2272727272727273,0.7818181818181819,0.0,8.4,True,0.047722077649066164,11.666008058277118,0,,,3.26466,0.363169
890,892,0.07909090909090909,12.900703151554664,0.06,0.10454545454545457,9.800703151554677,15.600703151554654,True,0.015665048946095425,11.633951029574149,0,,,11.1569,0.060029
891,893,0.02090909090909091,11.72613666118175,0.014090909090909091,0.030909090909090907,7.926136661181762,15.526136661181734,True,0.08811720944331809,11.706403190071368,0,,,12.0032,0.018515
892,894,0.013636363636363636,12.672610832412367,0.010454545454545454,0.018636363636363642,10.272610832412376,15.472610832412355,True,0.06803185123836336,11.686317831866415,0,,,14.0306,0.013499
893,895,0.02090909090909091,8.83590350813261,0.01681818181818182,0.026363636363636363,6.835903508132618,10.9359035081326,True,0.07082001244383349,11.689105993071886,0,,,8.98201,0.018821
894,896,0.04363636363636364,12.136956279132686,0.029090909090909087,0.06363636363636364,8.4369562791327,16.036956279132678,True,0.03817207399596085,11.65645805462401,0,,,11.5766,0.03532
895,897,0.053636363636363635,15.429326189770208,0.04181818181818182,0.07090909090909091,12.829326189770214,18.3293261897702,True,0.004224954755128853,11.622510935383179,0,,,14.9865,0.043706
896,898,0.03636363636363636,6.593265033361617,0.027272727272727268,0.04636363636363637,3.893265033361618,9.093265033361618,True,0.15987623036078358,11.778162210988837,0,,,5.48375,0.028808
897,899,0.3636363636363637,5.948760524745562,0.3,0.44545454545454544,4.5487605247455605,7.4487605247455635,True,0.044000900560903035,11.662286881188955,0,,,6.12453,0.349815
898,900,0.022727272727272728,6.545930761801324,0.01681818181818182,0.030909090909090907,3.7459307618013207,9.545930761801326,True,0.00631302830679943,11.624599008934851,0,,,6.19964,0.019642
899,901,0.34545454545454546,6.584494208088804,0.24545454545454545,0.509090909090909,4.384494208088803,9.384494208088807,True,0.05435912624082076,11.672645106868872,0,,,6.84628,0.327414
900,902,0.16818181818181818,7.7755829570132935,0.14454545454545453,0.2181818181818182,5.47558295701329,9.375582957013293,True,0.09257496050654476,11.710860941134596,0,,,5.7953,0.153467
901,903,0.01636363636363636,10.892729222187949,0.012727272727272728,0.022727272727272728,8.49272922218796,13.992729222187938,True,0.03496951442874724,11.6532554950568,0,,,12.0449,0.01587
902,904,0.01909090909090909,11.022485700680097,0.014545454545454544,0.025454545454545452,8.522485700680107,13.722485700680089,True,0.043287084747553134,11.661573065375604,0,,,11.6347,0.017556
903,905,0.022727272727272728,11.216825041765928,0.01636363636363636,0.03272727272727273,8.016825041765939,14.916825041765915,True,0.03506222461421573,11.653348205242267,0,,,11.4437,0.019721
904,906,0.014090909090909091,9.829831686715348,0.010454545454545454,0.01909090909090909,6.9298316867153575,12.629831686715338,True,0.019848965153625792,11.638134945781676,0,,,10.7045,0.013813
905,907,0.10818181818181817,8.971129966300014,0.07681818181818181,0.13727272727272727,5.471129966300009,11.871129966300016,True,0.05441954439963094,11.672705525027682,0,,,6.34604,0.077687
906,908,0.018636363636363642,16.444213904926634,0.013636363636363636,0.027272727272727268,13.344213904926644,20.24421390492662,True,0.0984470621136302,11.716733042741682,0,,,17.8041,0.017394
907,909,0.04,6.006788947262906,0.029090909090909087,0.049090909090909095,3.2067889472629063,8.406788947262905,True,0.20962081782669706,11.827906798454746,0,,,4.69359,0.031327
908,910,0.1890909090909091,12.933643805129714,0.16272727272727272,0.2181818181818182,11.733643805129722,13.833643805129714,True,0.06536920129636446,11.683655181924415,0,,,11.9956,0.167927
909,911,0.014090909090909091,3.9,0.010454545454545454,0.019545454545454543,1.0,6.9,True,0.008042246017915191,11.626328226645969,0,,,4.22214,0.013953
910,912,0.04454545454545455,5.897757394013582,0.03272727272727273,0.06272727272727273,3.0977573940135805,9.397757394013588,True,0.0359894758605316,11.654275456488586,0,,,4.82584,0.036931
911,913,0.44545454545454544,12.901402933792133,0.3272727272727273,0.6818181818181818,10.60140293379214,16.001402933792118,True,0.01219513174425555,11.630481112372308,0,,,14.3718,0.454139
912,914,0.02363636363636364,12.558093393588848,0.01818181818181818,0.028181818181818183,10.158093393588855,14.358093393588842,True,0.5600121305846971,12.178298111212747,0,,,12.4757,0.019557
913,915,0.06545454545454546,13.620794065416582,0.04727272727272727,0.09,10.520794065416592,17.12079406541657,True,0.024347067254966662,11.642633047883017,0,,,12.7094,0.051249
914,916,0.17272727272727273,5.325107297738337,0.14636363636363636,0.2272727272727273,2.9251072977383377,6.925107297738338,True,0.10353906485853406,11.721825045486586,0,,,3.34776,0.160302
916,918,0.2363636363636364,14.493884395852856,0.2,0.2727272727272727,13.49388439585286,15.393884395852853,False,0.06565055587229811,11.68393653650035,0,,,14.9195,0.199676
917,919,0.014090909090909091,11.309490746703249,0.010454545454545454,0.02181818181818182,8.109490746703258,15.40949074670323,True,0.11263667294201468,11.730922653570067,0,,,12.726,0.014262
919,921,0.05,5.707697223441825,0.039090909090909086,0.06636363636363636,3.0076972234418253,8.507697223441824,True,0.15424576395207118,11.772531744580126,0,,,4.22357,0.04136
920,922,0.16454545454545455,11.91326887330184,0.13181818181818186,0.2181818181818182,9.013268873301849,14.013268873301833,True,0.031989240150177935,11.650275220778232,0,,,10.3712,0.14762
921,923,0.13181818181818186,7.906769150310517,0.08454545454545455,0.1863636363636364,3.006769150310511,11.906769150310518,True,0.021343505239210324,11.639629485867262,0,,,5.57992,0.106051
922,924,0.24545454545454545,3.5,0.16090909090909092,0.3636363636363637,0.6000000000000001,6.300000000000002,True,0.03765563270800044,11.655941613336052,0,,,2.67099,0.208408
923,925,0.2,9.109546816138675,0.1572727272727273,0.2636363636363636,6.809546816138682,10.809546816138669,True,0.06988633691340719,11.688172317541461,0,,,7.98486,0.175896
924,926,0.01090909090909091,14.55029960205909,0.01,0.017272727272727273,13.450299602059092,19.050299602059074,True,0.14146712804886338,11.759753108676914,0,,,16.5997,0.011351
925,927,0.17,4.3,0.15181818181818182,0.2090909090909091,2.6,5.4,False,0.035336961507906856,11.65362294213596,0,,,2.00578,0.156566
926,928,0.019545454545454543,5.954242564756037,0.014545454545454544,0.027272727272727268,3.3542425647560363,8.854242564756042,True,0.23347967760130975,11.851765658229358,0,,,5.92138,0.018038
927,929,0.011363636363636364,15.653485600629086,0.01,0.017272727272727273,14.053485600629088,19.95348560062907,True,0.05943328161472855,11.67771926224278,0,,,17.0959,0.011042
928,930,0.2818181818181818,12.419411501847133,0.24545454545454545,0.3363636363636364,11.519411501847141,13.719411501847134,True,0.07387658971254643,11.692162570340598,0,,,13.24,0.263814
929,931,0.03,9.794153622243963,0.02090909090909091,0.04818181818181819,5.994153622243978,14.394153622243948,True,0.047404740210172165,11.665690720838224,0,,,9.71645,0.026481
930,932,0.024545454545454544,10.236439373164432,0.01590909090909091,0.03818181818181818,6.436439373164448,14.436439373164418,True,0.061657923819921384,11.679943904447976,0,,,10.1592,0.020674
931,933,0.03,6.566614427042347,0.019545454545454543,0.049090909090909095,2.166614427042341,11.266614427042349,True,0.017507605641529166,11.635793586269582,0,,,5.75224,0.025778
932,934,0.2818181818181818,8.73910069034861,0.2363636363636364,0.3363636363636364,7.439100690348608,10.039100690348613,True,0.09002839900444956,11.7083143796325,0,,,8.75912,0.25286
933,935,0.025454545454545452,8.409017454200118,0.01681818181818182,0.037272727272727284,4.509017454200115,11.90901745420012,True,0.11765690305079787,11.735942883678849,0,,,7.74116,0.021062
934,936,0.2363636363636364,5.601231095358672,0.1890909090909091,0.2818181818181818,4.401231095358671,6.801231095358671,True,0.3824192727038202,12.000705253331873,0,,,5.00055,0.198465
935,937,0.07,10.092819961737222,0.05090909090909091,0.09454545454545454,6.792819961737234,13.29281996173721,True,0.02096527935339833,11.63925125998145,0,,,8.42342,0.054115
936,938,0.022727272727272728,12.484831860265652,0.01636363636363636,0.03363636363636364,9.484831860265665,16.184831860265643,True,0.062417326622232636,11.680703307250285,0,,,12.972,0.019863
937,939,0.15363636363636365,12.929901828482942,0.12454545454545456,0.19181818181818186,10.429901828482949,15.029901828482936,True,0.07496400615609836,11.693249986784153,0,,,11.472,0.134072
938,940,0.16090909090909092,11.886259009108484,0.13363636363636364,0.2,9.386259009108493,13.786259009108475,True,0.12865291720727368,11.746938897835324,0,,,10.1892,0.141669
939,941,0.1590909090909091,11.767264356040382,0.13363636363636364,0.19181818181818186,9.46726435604039,13.567264356040376,True,0.029222808419117344,11.64750878904717,0,,,10.01,0.138906
940,942,0.027272727272727268,12.131095162104387,0.017727272727272727,0.04,8.131095162104401,15.531095162104375,True,0.11171193746101132,11.729997918089065,0,,,11.8246,0.02264
941,943,0.034545454545454546,5.283719605111852,0.027272727272727268,0.04636363636363637,2.9837196051118524,8.083719605111853,True,0.06926630712019796,11.68755228774825,0,,,4.3895,0.028716
942,944,0.14454545454545453,9.474797676742163,0.10727272727272727,0.18363636363636365,5.774797676742178,12.274797676742153,True,0.01796423801490655,11.636250218642957,0,,,7.27116,0.119683
944,946,0.022727272727272728,7.915311851958361,0.014545454545454544,0.03636363636363636,4.015311851958357,12.315311851958365,True,0.015166210746177487,11.633452191374225,0,,,7.72747,0.019616
945,947,0.3272727272727273,11.735346878382327,0.2636363636363636,0.4181818181818182,10.135346878382334,13.535346878382322,True,0.016141831725254317,11.634427812353305,0,,,12.6193,0.316421
946,948,0.4909090909090909,5.254454288458997,0.2545454545454545,1.1272727272727274,0.5544542884589978,10.554454288458995,True,0.00577777691922801,11.624063757547278,0,,,6.01061,0.513189
947,949,0.14454545454545453,11.209288026777498,0.10636363636363637,0.19181818181818186,7.509288026777511,14.10928802677749,True,0.016469895599205732,11.634755876227258,0,,,9.32162,0.121532
948,950,0.04272727272727273,8.809498597492206,0.027272727272727268,0.07,4.709498597492222,13.909498597492187,True,0.003496669282872968,11.621782649910926,0,,,8.06179,0.035255
950,952,0.02181818181818182,15.541166151895368,0.01681818181818182,0.03,12.94116615189538,18.841166151895358,True,0.13231615710078853,11.750602137728839,0,,,16.4273,0.019422
951,953,0.34545454545454546,4.6000000000000005,0.2818181818181818,0.4363636363636364,3.1,6.4,True,0.03204305567918518,11.650329036307236,0,,,4.6518,0.330315
952,954,0.16454545454545455,10.351914816777633,0.13545454545454547,0.2181818181818182,7.651914816777642,12.451914816777625,True,0.019922637071875558,11.638208617699929,0,,,8.76716,0.149394
953,955,0.3545454545454545,2.8000000000000003,0.2090909090909091,0.7818181818181819,0.0,7.9,True,0.002186660090456718,11.620472640718507,0,,,2.61601,0.339581
954,956,0.037272727272727284,4.6000000000000005,0.028181818181818183,0.04727272727272727,2.1,7.1000000000000005,True,0.013182399068453164,11.631468379696505,0,,,3.44804,0.029854
955,957,0.08909090909090908,12.828097737049902,0.06454545454545453,0.1190909090909091,9.228097737049913,15.72809773704989,True,0.05377810541287791,11.672064086040931,0,,,10.7,0.066104
957,959,0.040909090909090916,11.662759835610542,0.025454545454545452,0.06727272727272728,7.262759835610558,16.762759835610524,True,0.022770125861710955,11.641056106489765,0,,,11.2733,0.033316
958,960,0.02090909090909091,10.915452261768396,0.014545454545454544,0.03,7.515452261768409,14.615452261768384,True,0.04593223144132907,11.66421821206938,0,,,11.2586,0.018481
960,962,0.08727272727272728,10.428283440635713,0.052727272727272734,0.13545454545454547,5.328283440635731,15.128283440635695,True,0.009181231986584722,11.627467212614635,0,,,8.17351,0.065058
961,963,0.028181818181818183,15.24854791842463,0.01818181818181818,0.04363636363636364,11.148547918424644,19.348547918424615,True,0.04804223013389346,11.666328210761945,0,,,15.4366,0.023762
962,964,0.026363636363636363,8.393925660125245,0.02,0.03545454545454545,5.693925660125243,11.293925660125248,True,0.005435865559437333,11.623721846187491,0,,,8.12126,0.022778
963,965,0.07036363636363636,13.138887199693574,0.049090909090909095,0.09636363636363636,9.538887199693589,16.338887199693566,True,0.02172209673314605,11.640008077361198,0,,,11.7136,0.053594
964,966,0.04727272727272727,6.254084164467684,0.031818181818181815,0.06818181818181819,2.4540841644676803,10.154084164467688,True,0.08138185966442234,11.699667840292475,0,,,4.84853,0.03815
965,967,0.2909090909090909,2.6,0.2636363636363636,0.3545454545454545,1.8,4.0,True,0.4289421565742105,12.047228137202262,0,,,2.39935,0.278352
966,968,0.1809090909090909,8.952868436999866,0.15181818181818182,0.2272727272727273,6.752868436999874,10.452868436999859,True,0.12321823827202412,11.741504218900076,0,,,7.41957,0.163457
967,969,0.053636363636363635,5.412044488471702,0.04363636363636364,0.06818181818181819,3.212044488471702,7.912044488471701,False,0.0156427178139428,11.633928698441995,0,,,3.81709,0.043594
968,970,0.0609090909090909,10.260901440913607,0.03636363636363636,0.10090909090909092,5.160901440913625,15.16090144091359,True,0.014414577942108025,11.63270055857016,0,,,8.9103,0.047717
969,971,0.031818181818181815,8.300653639067809,0.02181818181818182,0.04727272727272727,4.600653639067807,11.900653639067814,True,0.02284771165612948,11.641133692284182,0,,,7.6259,0.026696
970,972,0.058181818181818175,5.4821395987842845,0.04,0.08454545454545455,1.5821395987842848,9.682139598784284,True,0.05006078999139989,11.668346770619452,0,,,3.71031,0.046215
971,973,0.16818181818181818,13.367376664075403,0.1409090909090909,0.2090909090909091,10.867376664075413,14.867376664075394,True,0.017317041773360162,11.635603022401412,0,,,11.9173,0.151616
973,975,0.13727272727272727,12.334393801956004,0.11,0.16090909090909092,9.634393801956014,14.434393801955993,True,0.05397683492710935,11.67226281555516,0,,,10.3997,0.11028
974,976,0.01590909090909091,12.302649344001289,0.012272727272727272,0.022727272727272728,9.6026493440013,15.602649344001279,True,0.046502509819072634,11.664788490447126,0,,,13.5419,0.015496
975,977,0.3636363636363637,5.0664915446928065,0.2818181818181818,0.4818181818181818,3.0664915446928056,7.466491544692807,True,0.0371148885147797,11.65540086914283,0,,,5.17978,0.347085
976,978,0.15545454545454546,11.935709405205257,0.13181818181818186,0.1863636363636364,9.935709405205264,13.83570940520525,True,0.08168863067758675,11.699974611305638,0,,,10.2248,0.134661
977,979,0.07390909090909091,6.559766401948483,0.052727272727272734,0.10272727272727274,3.0597664019484805,9.759766401948486,True,0.0018658185064278395,11.620151799134481,0,,,4.28258,0.05672
978,980,0.010454545454545454,10.151876441423882,0.01,0.017727272727272727,9.251876441423887,14.751876441423867,True,0.039371959742578365,11.657657940370632,0,,,11.4148,0.010601
979,981,0.014545454545454544,12.134459106967547,0.010454545454545454,0.022727272727272728,9.034459106967557,16.03445910696753,True,0.05836776727111812,11.67665374789917,0,,,13.5841,0.014622
980,982,0.07072727272727274,10.652206726058298,0.04272727272727273,0.1190909090909091,5.752206726058312,15.752206726058278,True,0.002915732695427225,11.621201713323481,0,,,9.12432,0.054959
981,983,0.056363636363636366,14.940937135964722,0.04,0.08,11.240937135964737,18.840937135964705,True,0.01087248338683467,11.629158464014887,0,,,14.3187,0.045414
982,984,0.04454545454545455,7.7896770151194215,0.027272727272727268,0.07281818181818181,3.289677015119416,12.689677015119425,True,0.032377807978274144,11.650663788606328,0,,,6.68128,0.036195
983,985,0.012272727272727272,14.531844001793141,0.01,0.018636363636363642,12.23184400179315,18.731844001793124,True,0.02102507420632049,11.639311054834373,0,,,15.9594,0.012165
984,986,0.2090909090909091,3.0,0.15545454545454546,0.2818181818181818,0.5,4.800000000000002,True,0.03864298392825631,11.656928964556307,0,,,1.19389,0.179133
985,987,0.014090909090909091,8.812954661899482,0.01,0.022727272727272728,5.312954661899479,13.112954661899488,True,0.011876149642904905,11.630162130270955,0,,,9.60902,0.013867
986,988,0.12272727272727273,6.56040846271409,0.08272727272727272,0.16090909090909092,2.3604084627140858,9.960408462714092,True,0.005284485310544044,11.623570465938597,0,,,3.85467,0.092133
987,989,0.3818181818181817,5.463637000465944,0.3,0.4909090909090909,3.563637000465944,7.363637000465943,True,0.007824612754086403,11.626110593382142,0,,,5.62894,0.369686
988,990,0.2363636363636364,8.868166238592579,0.16454545454545455,0.3181818181818182,6.5681662385925765,10.868166238592579,True,0.08753094709070063,11.705816927718752,0,,,8.39963,0.1965
989,991,0.0981818181818182,8.91657900197831,0.07336363636363635,0.12272727272727273,6.016579001978309,11.316579001978312,False,0.008701326611444777,11.626987307239494,0,,,6.34476,0.070854
990,992,0.13,9.935786070806387,0.09454545454545454,0.16454545454545455,6.235786070806402,12.935786070806376,True,0.00999920006260666,11.62828518069066,0,,,7.68253,0.102684
992,994,0.2181818181818182,13.038386056990387,0.16454545454545455,0.2636363636363636,11.338386056990394,14.138386056990385,True,0.2904499720205835,11.908735952648636,0,,,12.6591,0.184342
993,995,0.02090909090909091,11.087771030265644,0.015,0.029090909090909087,8.187771030265656,14.287771030265631,True,0.040153938481848485,11.6584399191099,0,,,11.4522,0.018598
994,996,0.16454545454545455,11.108256153864398,0.1409090909090909,0.19454545454545452,9.008256153864403,12.408256153864393,True,0.260615503455649,11.8789014840837,0,,,9.1918,0.144854
995,997,0.01636363636363636,12.366961942230633,0.010454545454545454,0.028181818181818183,8.166961942230646,17.466961942230608,True,0.011197877828105144,11.629483858456155,0,,,13.5532,0.015807
996,998,0.2090909090909091,5.935164549923774,0.16272727272727272,0.2818181818181818,4.035164549923772,7.835164549923776,True,0.15564044742649474,11.773926428054544,0,,,4.9333,0.184505
998,1000,0.030909090909090907,10.862755727525117,0.022727272727272728,0.045454545454545456,7.762755727525128,14.362755727525105,True,0.010766852501190671,11.629052833129242,0,,,10.6234,0.026377
999,1001,0.03545454545454545,7.198046135175327,0.025454545454545452,0.04727272727272727,3.998046135175324,10.19804613517533,True,0.09585268971418406,11.714138670342235,0,,,6.17976,0.0284
1000,1002,0.2181818181818182,6.653238797857143,0.16272727272727272,0.2909090909090909,4.6532387978571395,8.553238797857144,True,0.010650932574935145,11.628936913202988,0,,,5.86036,0.188343
1001,1003,0.18363636363636365,5.409117253550449,0.13727272727272727,0.2636363636363636,1.90911725355045,7.70911725355045,True,0.06836439495600463,11.686650375584055,0,,,3.3255,0.162528
1002,1004,0.5545454545454546,3.5,0.3,1.3363636363636364,0.0,8.700000000000001,True,0.0013862881584344575,11.619672268786486,0,,,4.00556,0.57046
1003,1005,0.057272727272727274,10.342059670016962,0.040909090909090916,0.08090909090909093,6.8420596700169725,14.042059670016947,True,0.006710909203279004,11.624996889831333,0,,,9.20733,0.045699
1004,1006,0.034545454545454546,11.67155355939131,0.02363636363636364,0.05454545454545455,8.071553559391322,16.071553559391297,True,0.0004523240570030251,11.618738304685055,0,,,11.5073,0.028573
1005,1007,0.06454545454545453,6.614867027628231,0.039090909090909086,0.10636363636363637,1.7148670276282258,11.714867027628234,True,0.00717954764048072,11.625465528268533,0,,,4.86996,0.050429
1006,1008,0.12818181818181815,11.520838113568699,0.08363636363636362,0.16636363636363638,6.920838113568715,14.920838113568687,True,0.01675658427536148,11.635042564903411,0,,,9.21532,0.096735
1007,1009,0.07072727272727274,6.920611063030084,0.045454545454545456,0.10636363636363637,2.5206110630300813,10.920611063030089,True,0.013700280742743405,11.631986261370795,0,,,4.80703,0.053959
1008,1010,0.03636363636363636,10.423292800694316,0.02363636363636364,0.0609090909090909,6.52329280069433,15.523292800694296,True,0.03116655826714675,11.649452538895199,0,,,10.1974,0.029947
1009,1011,0.013181818181818182,10.836979000021305,0.01,0.01818181818181818,8.136979000021313,14.036979000021294,True,0.09136194658195497,11.709647927210007,0,,,11.8551,0.012871
1010,1012,0.05909090909090909,5.67273829349636,0.03363636363636364,0.09454545454545454,0.3727382934963624,10.37273829349636,True,0.036430207947508855,11.654716188575561,0,,,3.84508,0.046332
1011,1013,0.01636363636363636,9.239539886608892,0.012272727272727272,0.025454545454545452,6.539539886608901,13.139539886608878,True,0.1348970989132829,11.753183079541335,0,,,10.3363,0.016171
1012,1014,0.06454545454545453,6.640056886767753,0.03818181818181818,0.10545454545454544,1.540056886767748,11.540056886767758,True,0.013688730230868848,11.631974710858922,0,,,4.68253,0.049725
1013,1015,0.44545454545454544,4.3,0.2636363636363636,0.8909090909090909,0.5,9.1,True,0.004417237205336253,11.622703217833388,0,,,4.51548,0.437462
1014,1016,0.4727272727272727,1.4,0.34545454545454546,1.1,0.0,6.5,True,0.0010757563177165906,11.619361736945768,0,,,1.48688,0.477896
1015,1017,0.13363636363636364,6.562798965207162,0.0981818181818182,0.16454545454545455,2.8627989652071597,9.362798965207164,True,0.007064646895291733,11.625350627523346,0,,,3.79602,0.10513
1016,1018,0.02363636363636364,12.717546226962645,0.013636363636363636,0.04272727272727273,7.917546226962663,17.917546226962628,True,0.012947219764364604,11.631233200392414,0,,,13.0846,0.020385
1018,1020,0.040909090909090916,3.3000000000000003,0.028181818181818183,0.06909090909090909,0.0,8.700000000000001,True,0.061739291261231774,11.680025271889287,0,,,2.26471,0.03445
1020,1022,0.027272727272727268,11.529150257617353,0.01636363636363636,0.045454545454545456,6.72915025761737,16.429150257617334,True,0.055175989158316924,11.673461969786368,0,,,11.3123,0.022936
1021,1023,0.17272727272727273,10.856185413085976,0.14454545454545453,0.2272727272727273,8.356185413085985,12.35618541308597,True,0.006319650735306044,11.624605631363355,0,,,9.2482,0.156466
1022,1024,0.052727272727272734,5.859850324031762,0.03363636363636364,0.07818181818181819,1.5598503240317625,9.959850324031759,True,0.08155783616838272,11.699843816796436,0,,,3.96953,0.041821
1023,1025,0.07127272727272728,10.70216207790233,0.05,0.1,7.0021620779023435,14.102162077902314,True,0.003259060931628856,11.62154504155968,0,,,8.96079,0.054636
1024,1026,0.03,5.434753328946604,0.02,0.04636363636363637,1.6347533289466027,9.1347533289466,True,0.08592101475434143,11.704206995382393,0,,,4.3775,0.025388
1025,1027,0.05181818181818182,6.101863965645868,0.031818181818181815,0.08636363636363636,1.6018639656458635,11.301863965645873,True,0.026418728847565003,11.644704709475615,0,,,4.70607,0.042621
1026,1028,0.017727272727272727,10.962738952514467,0.012727272727272728,0.025454545454545452,7.9627389525144805,14.062738952514458,True,0.03846700105300397,11.656752981681054,0,,,11.6355,0.016453
1027,1029,0.01590909090909091,6.939375732010933,0.01090909090909091,0.025454545454545452,3.439375732010929,11.139375732010937,True,0.07831294542780097,11.69659892605585,0,,,7.64702,0.015492
1028,1030,0.1190909090909091,11.456260324764402,0.08909090909090908,0.14636363636363636,8.356260324764413,14.056260324764393,False,0.014872025697104038,11.633158006325154,0,,,9.2611,0.087514
1029,1031,0.11181818181818183,3.8,0.07590909090909091,0.14636363636363636,0.0,7.0,True,0.04090546963987544,11.659191450267928,0,,,0.571481,0.080213
1030,1032,0.022727272727272728,13.730537709937785,0.015,0.03636363636363636,10.030537709937796,18.23053770993777,True,0.018789431303009703,11.63707541193106,0,,,14.3181,0.019775
1031,1033,0.2363636363636364,3.7,0.16272727272727272,0.3363636363636364,1.1,6.2,True,0.0015166405591188182,11.619802621187173,0,,,2.76585,0.197802
1032,1034,0.13727272727272727,8.197830676404521,0.08636363636363636,0.19454545454545452,3.297830676404517,11.797830676404526,True,0.01989472732009283,11.638180707948143,0,,,5.81235,0.110385
1033,1035,0.3727272727272728,21.37525106377789,0.2272727272727273,0.6909090909090909,17.975251063777844,25.875251063777963,True,0.056660441414087374,11.674946422042137,0,,,23.4578,0.364982
1034,1036,0.02,14.871226967668129,0.012727272727272728,0.03545454545454545,10.571226967668144,19.671226967668108,True,0.03919133354480157,11.657477314172851,0,,,15.8405,0.018322
1036,1038,0.3090909090909091,3.8,0.2090909090909091,0.4545454545454546,0.9,6.9,True,0.10737247259115852,11.72565845321921,0,,,3.29329,0.281266
1037,1039,1.1,15.75734301074626,0.6,1.4,11.657343010746276,17.95734301074625,False,0.0022240097330227986,11.620509990361075,0,,,18.2038,1.12232
1038,1040,0.013636363636363636,11.242315536923378,0.01,0.024545454545454544,7.742315536923388,16.542315536923358,True,0.030772536165237757,11.64905851679329,0,,,12.7885,0.013853
1039,1041,0.09909090909090908,14.404598982813384,0.06454545454545453,0.1390909090909091,10.004598982813402,18.40459898281337,True,0.016736444393285678,11.635022425021338,0,,,12.7344,0.072825
1041,1043,0.5363636363636364,7.3835719256395755,0.3272727272727273,1.1727272727272726,3.783571925639573,12.78357192563958,True,0.012176046091020108,11.630462026719071,0,,,8.22863,0.547088
1042,1044,0.03,6.564094885243391,0.02090909090909091,0.04454545454545455,3.0640948852433865,9.864094885243391,True,0.03700966980852592,11.655295650436578,0,,,5.69512,0.025659
1043,1045,0.2545454545454545,4.3,0.1809090909090909,0.34545454545454546,2.3000000000000003,6.4,True,0.03284624553715477,11.651132226165204,0,,,3.68005,0.221213
1045,1047,0.06545454545454546,17.437786945629075,0.04,0.11181818181818183,12.837786945629091,22.837786945629052,True,0.008472673717306091,11.626758654345355,0,,,16.9745,0.051643
1046,1048,0.029090909090909087,6.997502657148241,0.02090909090909091,0.04363636363636364,3.6975026571482377,10.697502657148245,True,0.023815126055399705,11.642101106683452,0,,,6.44436,0.025064
1047,1049,0.13545454545454547,8.547734761485628,0.10272727272727274,0.16636363636363638,5.1477347614856255,11.347734761485635,True,0.017776672172515322,11.636062652800565,0,,,6.18093,0.108017
1048,1050,0.1,12.851370786345393,0.06545454545454546,0.13545454545454547,8.351370786345411,16.751370786345383,True,0.006872333559628471,11.62515831418768,0,,,10.9121,0.07236
1050,1052,0.03545454545454545,29.74525419292752,0.014090909090909091,0.04181818181818182,20.745254192927387,30.44525419292752,False,0.009646494072218986,11.627932474700275,0,,,31.4355,0.028947
1051,1053,0.12272727272727273,30.445263335806235,0.05545454545454545,0.12818181818181815,22.245263335806122,30.445263335806235,False,0.1515779538543483,11.7698639344824,0,,,31.5515,0.105439
1052,1054,0.034545454545454546,6.727851351561532,0.027272727272727268,0.045454545454545456,4.4278513515615305,9.427851351561538,True,0.0016488828117935885,11.619934863439846,0,,,5.93153,0.028467
1053,1055,0.024545454545454544,5.824495789959168,0.01590909090909091,0.03636363636363636,1.924495789959169,9.524495789959168,True,0.06355778392613977,11.681843764554193,0,,,5.02134,0.020328
1054,1056,0.5636363636363636,6.41210762264059,0.2727272727272727,1.3272727272727274,1.7121076226405867,11.712107622640595,True,0.00013257511200795219,11.61841855574006,0,,,7.24133,0.578587
1055,1057,0.030909090909090907,11.759582748691187,0.018636363636363642,0.053636363636363635,6.8595827486912055,16.85958274869117,True,0.015373465818074706,11.633659446446126,0,,,11.6209,0.026402
1056,1058,0.10636363636363637,20.808271591688236,0.07863636363636364,0.12636363636363634,17.808271591688246,23.00827159168823,False,0.21416818175375715,11.832454162381811,0,,,19.3656,0.07491
1057,1059,0.040909090909090916,20.920935244626875,0.026363636363636363,0.06818181818181819,16.42093524462681,26.320935244626952,True,0.034004709144342414,11.652290689772395,0,,,21.9418,0.034782
1059,1061,0.2818181818181818,2.8000000000000003,0.2181818181818182,0.3727272727272728,0.9,5.1000000000000005,True,0.13079244447883875,11.749078425106893,0,,,2.35219,0.260428
1060,1062,0.13727272727272727,13.665349822768993,0.11181818181818183,0.16090909090909092,11.165349822769002,15.76534982276899,False,0.00680124539982281,11.625087226027874,0,,,11.8802,0.110496
1061,1063,0.08,15.458475900125796,0.053636363636363635,0.11727272727272728,11.258475900125813,19.358475900125786,True,0.027185031813156537,11.645471012441206,0,,,14.0568,0.061322
1062,1064,0.01636363636363636,5.299973109948675,0.012727272727272728,0.022727272727272728,2.799973109948675,8.299973109948674,True,0.010768018680667029,11.629053999308717,0,,,5.69065,0.015809
1063,1065,0.026363636363636363,14.551764869936244,0.01909090909090909,0.03818181818181818,11.451764869936257,18.15176486993623,True,0.11517827583356904,11.73346425646162,0,,,15.0977,0.023013
1064,1066,0.026363636363636363,15.646648828837545,0.018636363636363642,0.03545454545454545,12.246648828837554,18.54664882883753,True,0.21543643675701385,11.833722417385065,0,,,15.781,0.021697
1065,1067,0.12090909090909092,18.467930296359764,0.08454545454545455,0.15545454545454546,14.767930296359776,21.567930296359755,True,0.0130330766358971,11.63131905726395,0,,,17.1921,0.089889
1066,1068,0.03272727272727273,10.447842516143844,0.025454545454545452,0.04454545454545455,7.947842516143853,13.247842516143837,True,0.06191803022382542,11.680204010851874,0,,,10.218,0.027672
1067,1069,0.06454545454545453,5.6315972441059206,0.04727272727272727,0.08454545454545455,2.3315972441059207,8.73159724410592,True,0.10203773358717222,11.720323714215224,0,,,3.51873,0.04941
1068,1070,0.03,5.4033991155643895,0.024545454545454544,0.04272727272727273,3.2033991155643893,8.503399115564388,True,0.1560652265817954,11.774351207209847,0,,,4.88145,0.026555
1069,1071,0.04363636363636364,7.151613338633776,0.029090909090909087,0.07,3.5516133386337727,11.851613338633781,True,0.02380591984026094,11.642091900468312,0,,,6.22732,0.036344
1070,1072,0.1481818181818182,8.733469471961453,0.10727272727272727,0.2,4.933469471961448,11.633469471961455,True,7.920339092626714e-05,11.618365184018982,0,,,6.56038,0.125241
1071,1073,0.2818181818181818,6.038454139430133,0.2181818181818182,0.3636363636363637,4.43845413943013,7.838454139430133,True,0.026981757099722056,11.645267737727776,0,,,5.86702,0.257914
1072,1074,0.07309090909090908,10.310711392217437,0.052727272727272734,0.1,6.9107113922174515,13.510711392217429,True,0.00424445376466997,11.622530434392722,0,,,8.57769,0.056023
1073,1075,0.06545454545454546,16.14621402023819,0.04,0.10636363636363637,11.146214020238206,21.146214020238173,True,4.908168395840007e-05,11.61833506231201,0,,,15.3816,0.050632
1074,1076,0.2272727272727273,4.2,0.1809090909090909,0.2818181818181818,3.0,5.7,True,0.20212586403524355,11.820411844663296,0,,,3.40998,0.195456
1075,1077,0.07636363636363636,7.539405072122649,0.04636363636363637,0.12454545454545456,2.6394050721226447,12.639405072122653,True,0.005017098940005642,11.623303079568055,0,,,5.49721,0.05894
1076,1078,0.10636363636363637,10.439215006968317,0.07590909090909091,0.13727272727272727,7.039215006968329,13.439215006968306,True,0.024907157332840817,11.64319313796089,0,,,8.14225,0.077226
1077,1079,0.08545454545454545,8.211976965728116,0.06272727272727273,0.11181818181818183,4.911976965728113,10.811976965728116,True,0.0285462754778224,11.646832256105876,0,,,5.66244,0.063372
1078,1080,0.04,25.212893628732747,0.02090909090909091,0.07018181818181819,20.112893628732678,30.112893628732813,True,0.0003935618733705986,11.618679542501422,0,,,26.4947,0.032931
1079,1081,0.3363636363636364,9.396562971507189,0.2636363636363636,0.4363636363636364,7.596562971507198,11.396562971507185,True,0.029980326313272382,11.648266306941323,0,,,9.88675,0.317527
1080,1082,0.17272727272727273,7.137402066446188,0.11363636363636365,0.3,2.1374020664461826,10.537402066446193,True,0.01070735106888875,11.62899333169694,0,,,5.29032,0.159149
1081,1083,0.017272727272727273,11.797973366269579,0.013181818181818182,0.025454545454545452,8.997973366269589,15.39797336626957,True,0.12927564600939878,11.747561626637449,0,,,12.8316,0.016564
1082,1084,0.1863636363636364,10.985884949367204,0.15,0.2363636363636364,8.585884949367209,12.485884949367195,True,0.08397355791855475,11.702259538546604,0,,,9.67572,0.165428
1083,1085,0.3,4.4,0.2090909090909091,0.4272727272727273,1.9,7.1000000000000005,True,0.07123303376702267,11.689519014395074,0,,,4.02493,0.275265
1084,1086,0.02,17.650189187125253,0.014090909090909091,0.03,14.25018918712527,21.650189187125243,True,0.021273874008734664,11.639559854636786,0,,,18.9693,0.018429
1085,1087,0.17,18.3985293630652,0.12818181818181815,0.24545454545454545,14.398529363065213,20.79852936306519,True,0.042160120624423786,11.660446101252475,0,,,17.5467,0.154194
1086,1088,0.06,6.747245832397432,0.04272727272727273,0.08636363636363636,3.3472458323974297,10.747245832397434,True,0.019826058130988988,11.638112038759038,0,,,5.25203,0.047828
1087,1089,0.03636363636363636,11.106154038428938,0.026363636363636363,0.05181818181818182,8.106154038428949,14.606154038428926,True,0.07934078463393858,11.69762676526199,0,,,10.8214,0.029569
1089,1091,0.18363636363636365,9.218686748637197,0.13363636363636364,0.2636363636363636,5.818686748637209,11.21868674863719,True,0.0357580870212971,11.654044067649348,0,,,7.57273,0.16194
1090,1092,0.06727272727272728,15.484553163000813,0.04363636363636364,0.10090909090909092,10.88455316300083,19.7845531630008,True,0.030495172459569345,11.648781153087619,0,,,14.4554,0.051704
1091,1093,0.04,6.891580620579548,0.028181818181818183,0.05454545454545455,3.6915806205795447,10.291580620579552,True,0.1216903402263982,11.73997632085445,0,,,5.84142,0.031973
