index,file_lineno,best_mass,best_AV,mass_min,mass_max,AV_min,AV_max,intersects,min_chi2,chi2_threshold,dof_gof,passes_gof,p_value
0,2,0.07363636363636364,12.173206199553432,0.04727272727272727,0.11181818181818182,7.373206199553449,16.673206199553416,True,0.0016030724925620206,5.9930676196005415,0,,
1,3,0.19181818181818183,10.411803300453398,0.1590909090909091,0.23636363636363636,8.611803300453404,11.711803300453393,True,0.016369963060436463,6.007834510168416,0,,
2,4,0.023636363636363636,4.800000000000001,0.02,0.028181818181818183,3.3000000000000003,6.7,True,0.05342655441299263,6.044891101520972,0,,
3,5,0.11727272727272728,9.198669196533618,0.09909090909090909,0.13363636363636364,7.298669196533625,10.898669196533612,False,0.010056908962415772,6.001521456070395,0,,
4,6,0.16454545454545455,8.413133506030668,0.13,0.2272727272727273,5.4131335060306665,10.51313350603067,True,0.0008228247861142146,5.992287371894093,0,,
5,7,0.24545454545454545,16.703231391783234,0.18363636363636365,0.3,14.90323139178324,18.10323139178323,True,0.10076841828355573,6.092232965391535,0,,
6,8,0.35454545454545455,22.94111534292461,0.2909090909090909,0.4181818181818182,21.641115342924593,24.24111534292463,False,0.036572955927389794,6.028037503035369,0,,
8,10,0.07,15.522913566249978,0.05545454545454545,0.08545454545454545,13.022913566249986,17.72291356624997,False,0.05977287214648931,6.051237419254468,0,,
9,11,0.4,5.460827426923667,0.3,0.6181818181818182,3.3608274269236675,8.460827426923666,True,0.012980982626434212,6.004445529734413,0,,
11,13,0.33636363636363636,6.172407633818541,0.2909090909090909,0.39090909090909093,5.1724076338185405,7.3724076338185425,True,0.08030630258631785,6.071770849694297,0,,
12,14,0.09818181818181819,21.23741206218393,0.06818181818181819,0.12636363636363637,17.337412062183876,24.437412062183977,True,0.01721596113480233,6.008680508242781,0,,
13,15,0.02090909090909091,17.369285480560457,0.015454545454545453,0.028181818181818183,14.669285480560466,20.369285480560446,True,0.004280660139963223,5.995745207247943,0,,
14,16,0.1890909090909091,9.322346130938278,0.15363636363636363,0.24545454545454545,7.322346130938286,10.722346130938273,True,0.0008824581894186359,5.992347005297398,0,,
15,17,0.2181818181818182,10.757113347388145,0.1809090909090909,0.24545454545454545,9.65711334738815,11.557113347388142,True,0.1454362159988722,6.136900763106851,0,,
16,18,0.37272727272727274,9.40985317374247,0.3,0.4727272727272727,7.909853173742475,11.209853173742463,True,0.06537633347501694,6.056840880582996,0,,
17,19,0.2818181818181818,16.92629672669711,0.23636363636363636,0.33636363636363636,15.726296726697113,18.226296726697104,True,0.023391984998939665,6.0148565321069185,0,,
18,20,0.12636363636363637,16.388221759161166,0.10636363636363637,0.14636363636363636,14.288221759161173,18.088221759161158,False,0.004942303249252955,5.996406850357232,0,,
20,22,1.2272727272727273,19.645240448064186,0.9272727272727272,1.4,17.745240448064195,20.84524044806418,False,0.05144803468973781,6.042912581797717,0,,
21,23,0.4090909090909091,7.978902316761799,0.35454545454545455,0.4636363636363636,6.778902316761798,8.9789023167618,True,0.2788891667292857,6.270353713837265,0,,
22,24,0.015,6.942892451466782,0.012727272727272728,0.019545454545454546,5.34289245146678,9.242892451466783,True,0.06555677640377264,6.057021323511751,0,,
23,25,1.1727272727272726,17.526446432627836,0.790909090909091,1.4,14.726446432627844,18.926446432627827,False,0.00950793852238168,6.000972485630361,0,,
24,26,0.33636363636363636,10.346402041344028,0.2727272727272727,0.4272727272727273,8.946402041344033,12.146402041344022,True,0.03629311932715117,6.0277576664351304,0,,
25,27,0.4,6.311554851335327,0.32727272727272727,0.5272727272727272,4.611554851335326,8.51155485133533,True,0.0007343554699279553,5.992198902577907,0,,
26,28,0.1781818181818182,15.898500418995972,0.1572727272727273,0.2,14.598500418995977,16.69850041899597,True,0.14820452066359946,6.139669067771578,0,,
27,29,0.13363636363636364,10.992313873567948,0.11727272727272728,0.1481818181818182,9.392313873567954,12.292313873567943,False,0.10090545507859872,6.092370002186578,0,,
28,30,0.01,10.499509820512936,0.01,0.012272727272727272,10.299509820512936,12.399509820512929,True,0.1462768322754911,6.1377413793834705,0,,
29,31,0.33636363636363636,20.60695615942355,0.2818181818181818,0.4181818181818182,19.406956159423533,22.306956159423574,False,0.08539854768387878,6.076863094791857,0,,
30,32,0.3181818181818182,5.088098841522646,0.19181818181818183,0.5545454545454546,2.0880988415226467,9.088098841522644,True,0.009247921268621097,6.0007124683766,0,,
32,34,0.023636363636363636,16.085031003006137,0.017727272727272727,0.030909090909090907,13.385031003006146,18.785031003006125,True,0.01416793166552262,6.005632478773502,0,,
33,35,0.4,2.6,0.2545454545454545,0.8909090909090909,0.0,7.7,True,0.003653517452680101,5.995118064560659,0,,
34,36,0.019545454545454546,10.474720951017476,0.011363636363636364,0.034545454545454546,5.374720951017494,15.374720951017459,True,0.00524525233334501,5.996709799441324,0,,
35,37,0.011818181818181818,6.670933221428229,0.01,0.013636363636363636,5.170933221428228,8.07093322142823,True,0.057362619214721314,6.048827166322701,0,,
36,38,0.13727272727272727,14.040276843151354,0.12090909090909091,0.15181818181818182,12.44027684315136,15.340276843151349,False,0.0508509595137909,6.04231550662177,0,,
37,39,0.1809090909090909,22.572920644152187,0.15545454545454546,0.2272727272727273,20.972920644152165,23.772920644152205,True,0.06646714930481876,6.057931696412798,0,,
40,42,0.02727272727272727,11.748463276434926,0.02181818181818182,0.034545454545454546,9.548463276434934,14.048463276434918,True,0.004832904830333835,5.996297451938313,0,,
41,43,0.1190909090909091,10.539280115746175,0.07727272727272727,0.16272727272727272,5.939280115746191,14.439280115746161,True,0.025975625716085953,6.017440172824065,0,,
42,44,0.1390909090909091,5.925057042568983,0.12272727272727273,0.15363636363636363,4.425057042568982,7.325057042568985,False,0.015186119999374765,6.006650667107354,0,,
43,45,0.1572727272727273,9.479689928442946,0.12272727272727273,0.2,6.179689928442958,11.779689928442938,True,0.014403070537965414,6.0058676176459445,0,,
44,46,0.02090909090909091,10.29103761154129,0.015454545454545453,0.02727272727272727,7.591037611541299,12.791037611541281,True,0.03295646412119024,6.024421011229169,0,,
45,47,0.1190909090909091,16.672155653625946,0.10090909090909092,0.13727272727272727,14.572155653625954,18.47215565362594,False,0.03899408295532522,6.030458630063304,0,,
46,48,0.15545454545454546,7.79934121885069,0.13727272727272727,0.17,6.199341218850687,9.09934121885069,False,0.00944261146176796,6.000907158569747,0,,
47,49,0.028181818181818183,9.35494021888,0.022727272727272728,0.03636363636363636,7.254940218880007,11.454940218879992,True,0.06533876379969523,6.056803310907674,0,,
48,50,0.2272727272727273,11.349574448965164,0.17,0.2909090909090909,9.64957444896517,13.249574448965157,True,0.009388076429488345,6.000852623537467,0,,
49,51,0.04818181818181819,11.890773110188759,0.04,0.06181818181818182,9.790773110188766,14.39077311018875,True,0.04466776035991334,6.036132307467892,0,,
50,52,0.16818181818181818,8.686046626551343,0.14272727272727273,0.2181818181818182,6.386046626551341,10.186046626551345,True,0.0027507110695141447,5.994215258177493,0,,
51,53,0.37272727272727274,5.913267616546676,0.2636363636363636,0.609090909090909,3.3132676165466743,9.61326761654668,True,0.06129205626184482,6.052756603369824,0,,
52,54,0.14272727272727273,10.285951270538394,0.12090909090909091,0.16090909090909092,8.185951270538402,11.985951270538388,False,0.03237528926361698,6.023839836371596,0,,
53,55,0.11363636363636363,7.6340667832803675,0.08272727272727273,0.14272727272727273,4.534066783280365,10.134066783280371,False,0.0142889624495153,6.005753509557494,0,,
54,56,0.09454545454545454,6.834364877894468,0.07727272727272727,0.11181818181818182,4.834364877894466,8.73436487789447,False,0.011175731262319638,6.002640278370299,0,,
55,57,0.4818181818181818,10.611968783709257,0.4,0.6181818181818182,9.211968783709262,12.41196878370925,True,0.07430857131410819,6.065773118422087,0,,
56,58,0.06818181818181819,15.611898582608177,0.05,0.09,12.511898582608188,18.611898582608166,True,0.0009124949202674588,5.992377042028246,0,,
57,59,0.05,3.3000000000000003,0.035454545454545454,0.07863636363636364,0.0,7.9,True,0.059170228876498136,6.050634775984477,0,,
58,60,0.6363636363636364,9.847288816568911,0.44545454545454544,1.0,7.047288816568921,13.247288816568899,True,0.0551754692085506,6.0466400163165295,0,,
59,61,0.1972727272727273,9.80137432881457,0.15363636363636363,0.2727272727272727,7.5013743288145776,11.701374328814563,True,0.006369787107799887,5.997834334215779,0,,
61,63,0.5272727272727272,6.847436539824698,0.37272727272727274,0.8727272727272728,4.447436539824697,10.347436539824702,True,0.04173702037200304,6.033201567479982,0,,
62,64,0.024545454545454544,6.1761090434361545,0.02090909090909091,0.03,4.676109043436153,8.376109043436156,True,0.28504244932141176,6.276506996429391,0,,
63,65,0.2727272727272727,3.6,0.2090909090909091,0.35454545454545455,1.9000000000000001,5.6000000000000005,True,0.026441812981005484,6.017906360088984,0,,
64,66,0.3090909090909091,8.155816847625175,0.2636363636363636,0.35454545454545455,6.8558168476251735,9.255816847625177,True,0.2560056579879354,6.247470205095914,0,,
65,67,0.1390909090909091,10.169673778590916,0.11727272727272728,0.16090909090909092,8.069673778590923,12.069673778590909,False,0.008604035895499854,6.000068583003479,0,,
66,68,0.011363636363636364,12.328624202072174,0.01,0.013636363636363636,11.028624202072178,14.028624202072168,True,0.048353147838847664,6.0398176949468265,0,,
67,69,0.015909090909090907,16.675240713470373,0.013181818181818182,0.02181818181818182,14.675240713470382,19.575240713470365,True,0.09389078602941202,6.085355333137391,0,,
69,71,0.013181818181818182,20.688812071509904,0.01,0.02,17.888812071509914,24.68881207150989,True,0.025013165855758746,6.016477712963738,0,,
70,72,0.18363636363636365,10.830561260209556,0.16272727272727272,0.2181818181818182,9.73056126020956,11.830561260209553,True,0.04803730650302314,6.039501853611002,0,,
71,73,0.13363636363636364,8.603153823851649,0.11363636363636363,0.15181818181818182,6.703153823851649,10.20315382385165,False,0.016494915582575445,6.007959462690555,0,,
72,74,0.3,5.918096031542279,0.2545454545454545,0.38181818181818183,4.6180960315422785,7.718096031542282,True,0.14804813697199593,6.139512684079975,0,,
73,75,0.015,13.414830483057605,0.01,0.025454545454545455,9.01483048305762,17.51483048305759,True,0.015103960888010842,6.00656850799599,0,,
74,76,0.08727272727272727,13.764125093338263,0.06454545454545454,0.11363636363636363,10.364125093338275,16.464125093338254,True,0.012623161911188573,6.004087709019168,0,,
75,77,0.1409090909090909,5.299958044922509,0.11363636363636363,0.16454545454545455,2.6999580449225093,7.39995804492251,False,0.024710865487148292,6.0161754125951274,0,,
77,79,0.03272727272727273,5.603397126202947,0.02909090909090909,0.04090909090909091,4.503397126202946,7.603397126202949,False,0.22070940236885894,6.212173949476838,0,,
78,80,0.08545454545454545,9.990916517935592,0.06181818181818182,0.11363636363636363,6.490916517935604,12.790916517935582,True,0.012007979719806067,6.003472526827785,0,,
79,81,0.1972727272727273,8.59171927704626,0.16090909090909092,0.24545454545454545,6.7917192770462576,9.991719277046261,True,0.012276535797265065,6.003741082905244,0,,
80,82,0.6454545454545454,14.588521250017708,0.4909090909090909,0.8727272727272728,12.588521250017715,16.788521250017702,True,0.030949389036151406,6.0224139361441305,0,,
81,83,0.02181818181818182,12.109980821562578,0.015909090909090907,0.02909090909090909,9.509980821562587,15.009980821562568,True,0.02548584860405366,6.0169503957120325,0,,
82,84,0.2818181818181818,5.803272781796172,0.24545454545454545,0.3181818181818182,4.803272781796171,6.703272781796172,True,0.10174702521757756,6.093211572325557,0,,
83,85,0.023636363636363636,15.828279216750495,0.01863636363636364,0.028181818181818183,13.728279216750503,17.728279216750487,True,0.11389603966138424,6.105360586769363,0,,
84,86,0.12454545454545454,14.043623795199691,0.10545454545454545,0.1409090909090909,11.943623795199699,15.643623795199685,False,0.04130876285501351,6.032773309962993,0,,
85,87,0.06272727272727273,13.65651472764438,0.038181818181818185,0.10181818181818182,8.656514727644398,18.656514727644364,True,0.014507731093531852,6.005972278201511,0,,
87,89,0.013181818181818182,7.8874325915979835,0.01090909090909091,0.015454545454545453,6.1874325915979815,9.387432591597985,True,0.06661225101508832,6.058076798123067,0,,
88,90,0.13,12.721682792865755,0.10272727272727274,0.15545454545454546,9.621682792865766,15.121682792865746,False,0.046352256332958176,6.037816803440937,0,,
89,91,0.19181818181818183,10.548338076913279,0.16272727272727272,0.23636363636363636,9.148338076913284,11.648338076913275,True,0.05230308795362645,6.043767635061606,0,,
90,92,0.14636363636363636,9.455968489348999,0.12090909090909091,0.17272727272727273,7.0559684893490076,11.75596848934899,True,0.004542520613286027,5.996007067721265,0,,
92,94,0.019090909090909092,14.771688363967499,0.011818181818181818,0.031818181818181815,10.271688363967515,19.371688363967483,True,0.01772418730749355,6.009188734415472,0,,
93,95,0.5545454545454546,8.28852697706688,0.3,1.2272727272727273,3.6885269770668767,13.688526977066886,True,0.004806330219546232,5.996270877327525,0,,
94,96,0.2272727272727273,5.408771719069216,0.18636363636363637,0.2545454545454545,4.208771719069216,6.108771719069216,False,0.3526201309058078,6.344084678013787,0,,
95,97,0.10818181818181818,11.630141981827872,0.08909090909090908,0.12454545454545454,9.63014198182788,13.330141981827866,False,0.11528701787588175,6.106751564983861,0,,
96,98,0.1190909090909091,11.377015500347808,0.08181818181818182,0.15181818181818182,7.577015500347821,14.277015500347797,True,0.005842563118493971,5.9973071102264734,0,,
97,99,0.39090909090909093,6.99769090959462,0.34545454545454546,0.4636363636363636,5.997690909594619,8.39769090959462,True,0.023513231908828192,6.0149777790168075,0,,
98,100,0.37272727272727274,6.550530703892702,0.3090909090909091,0.4545454545454546,5.0505307038927,7.950530703892702,True,0.006554233082140468,5.99801878019012,0,,
99,101,0.36363636363636365,5.737495539580931,0.2909090909090909,0.4636363636363636,4.23749553958093,7.737495539580933,True,0.01074259449275609,6.002207141600735,0,,
100,102,0.1409090909090909,5.376196789173178,0.10090909090909092,0.18363636363636365,1.2761967891731787,8.476196789173176,True,0.010789166120685773,6.002253713228665,0,,
101,103,0.02727272727272727,12.722258541219894,0.022727272727272728,0.03363636363636364,10.8222585412199,14.522258541219887,True,0.052007716288324665,6.043472263396303,0,,
102,104,0.045454545454545456,4.6000000000000005,0.03272727272727273,0.06,1.6,7.4,True,0.0771479967885605,6.068612543896539,0,,
103,105,0.07954545454545454,4.5,0.056363636363636366,0.11,0.8,7.9,True,0.011561234918880328,6.003025782026859,0,,
104,106,0.4909090909090909,2.2,0.34545454545454546,1.0727272727272728,0.0,7.4,True,0.01120686307839332,6.002671410186372,0,,
105,107,0.010454545454545454,13.474886508957908,0.01,0.012727272727272728,12.87488650895791,15.374886508957902,True,0.06128322533456811,6.052747772442547,0,,
106,108,0.18363636363636365,8.35635762062967,0.1572727272727273,0.2272727272727273,6.656357620629668,9.556357620629672,True,0.06816993903462905,6.059634486142608,0,,
107,109,0.046363636363636364,11.745393052066714,0.03,0.06909090909090909,7.945393052066727,15.7453930520667,True,0.024794616925458948,6.016259164033438,0,,
108,110,0.6181818181818182,4.5,0.32727272727272727,1.309090909090909,0.0,9.5,True,0.0022785558571524764,5.993743102965132,0,,
109,111,0.14636363636363636,13.333036862150111,0.1190909090909091,0.16818181818181818,10.83303686215012,15.233036862150104,True,0.03902973705697556,6.030494284164955,0,,
110,112,0.16272727272727272,5.853102543605327,0.13363636363636364,0.19454545454545455,3.3531025436053277,7.153102543605327,False,0.10486620538760998,6.096330752495589,0,,
111,113,0.10363636363636364,18.54943175133431,0.09,0.12090909090909091,17.249431751334317,20.449431751334306,False,0.1026138856921474,6.094078432800126,0,,
112,114,0.08636363636363636,4.4,0.057272727272727274,0.12636363636363637,0.2,8.3,True,0.0066146726693570345,5.9980792197773365,0,,
113,115,0.03,10.212496096246712,0.022727272727272728,0.04181818181818182,7.512496096246721,12.912496096246702,True,0.051904570219089154,6.043369117327068,0,,
114,116,0.09090909090909091,12.175645624675331,0.05272727272727273,0.14272727272727273,6.87564562467535,16.875645624675315,True,0.005016029424014318,5.996480576531994,0,,
119,121,0.7454545454545455,8.347359259636944,0.4,1.4,3.5473592596369397,13.347359259636947,True,0.001929603875527387,5.993394150983506,0,,
120,122,0.23636363636363636,7.613078358366253,0.14454545454545453,0.4090909090909091,3.413078358366249,11.713078358366257,True,0.012680397208595364,6.004144944316574,0,,
121,123,0.14636363636363636,10.653810084794628,0.12636363636363637,0.16454545454545455,8.853810084794635,12.453810084794622,False,0.008285414082522329,5.999749961190501,0,,
122,124,0.08,7.155764776439314,0.057272727272727274,0.11,3.3557647764393104,10.455764776439317,True,0.0017990607892569015,5.993263607897236,0,,
123,125,0.026363636363636363,13.35123113847439,0.019090909090909092,0.03727272727272728,10.3512311384744,16.551231138474378,True,0.019658506486042192,6.011123053594021,0,,
124,126,0.2818181818181818,8.529999614258763,0.2090909090909091,0.37272727272727274,6.7299996142587615,10.629999614258764,True,0.03905843508517022,6.030522982193149,0,,
126,128,0.03363636363636364,13.390263311142313,0.026363636363636363,0.045454545454545456,10.890263311142322,16.390263311142302,True,0.03622306805251602,6.027687615160495,0,,
127,129,0.024545454545454544,9.10282314749669,0.01863636363636364,0.03,6.602823147496698,11.302823147496682,True,0.02269327269349456,6.014157819801474,0,,
128,130,0.07727272727272727,7.443820398794698,0.05545454545454545,0.10636363636363637,3.9438203987946947,10.643820398794702,True,0.002458083096487172,5.993922630204466,0,,
129,131,0.1809090909090909,9.471640094634031,0.11363636363636363,0.39090909090909093,4.471640094634049,14.471640094634013,True,0.0003635370534846568,5.9918280841614635,0,,
130,132,0.23636363636363636,4.1000000000000005,0.18636363636363637,0.2909090909090909,2.6,5.7,True,0.01734178657969294,6.008806333687672,0,,
132,134,0.08636363636363636,7.4686922825244375,0.06363636363636364,0.11181818181818182,4.0686922825244345,10.16869228252444,True,0.02374432299036743,6.015208870098347,0,,
133,135,0.016363636363636365,16.640909976630645,0.012727272727272728,0.02090909090909091,13.940909976630653,18.940909976630635,True,0.01868907803125323,6.010153625139233,0,,
134,136,0.2272727272727273,7.142898950883163,0.1809090909090909,0.2636363636363636,5.642898950883161,8.242898950883163,True,0.049971623026139354,6.041436170134118,0,,
135,137,0.2909090909090909,6.959804888363716,0.23636363636363636,0.37272727272727274,5.659804888363714,8.659804888363716,True,0.007479570083885241,5.998944117191864,0,,
136,138,0.03636363636363636,13.709239008264634,0.024545454545454544,0.06,10.009239008264647,18.909239008264613,True,0.025379741607240436,6.01684428871522,0,,
137,139,0.1390909090909091,11.377451452604538,0.11545454545454546,0.16090909090909092,8.977451452604546,13.47745145260453,False,0.02301532861184857,6.014479875719828,0,,
138,140,0.012272727272727272,16.566857822330434,0.01,0.016363636363636365,14.466857822330441,19.366857822330424,True,0.010932419478166332,6.002396966586145,0,,
139,141,0.14272727272727273,23.714527257853828,0.08909090909090908,0.23636363636363636,18.91452725785376,28.21452725785389,True,0.01068797384884997,6.002152520956829,0,,
140,142,0.2272727272727273,12.901995608400776,0.17272727272727273,0.2818181818181818,11.301995608400782,14.301995608400771,True,0.08145182911559579,6.072916376223575,0,,
141,143,0.16636363636363638,14.140511478168877,0.14636363636363636,0.1972727272727273,12.340511478168883,15.340511478168873,True,0.03309306476869601,6.024557611876675,0,,
142,144,0.03,12.066252302770613,0.02181818181818182,0.04454545454545455,8.866252302770624,15.5662523027706,True,0.01683709449534621,6.0083016416033255,0,,
143,145,0.04090909090909091,6.828461296354936,0.03363636363636364,0.04818181818181819,5.128461296354935,8.628461296354939,False,0.03244718300267799,6.023911730110657,0,,
144,146,0.04454545454545455,10.240363921365445,0.034545454545454546,0.05909090909090909,7.940363921365453,13.040363921365435,True,0.02449994046534125,6.015964487573321,0,,
145,147,0.06,14.381569467451328,0.04727272727272727,0.07545454545454545,12.081569467451336,16.78156946745132,False,0.00749788659920094,5.99896243370718,0,,
146,148,0.1972727272727273,9.179593721149068,0.16636363636363638,0.23636363636363636,7.979593721149072,10.279593721149064,True,0.006975068929529592,5.998439616037508,0,,
147,149,0.06545454545454546,10.951235213980874,0.049090909090909095,0.08363636363636363,7.951235213980885,13.851235213980864,True,0.025127990918239196,6.016592538026218,0,,
148,150,0.13363636363636364,12.80827508200659,0.11727272727272728,0.15181818181818182,11.208275082006596,14.408275082006584,False,0.053396072752326655,6.044860619860306,0,,
149,151,0.031818181818181815,6.372361325572839,0.024545454545454544,0.04272727272727273,3.772361325572839,8.972361325572837,True,0.032695529543091705,6.024160076651071,0,,
150,152,0.030909090909090907,12.498745939592304,0.01863636363636364,0.05090909090909091,7.598745939592321,17.098745939592288,True,0.01965050917790064,6.011115056285879,0,,
151,153,0.2090909090909091,9.005650004372365,0.16090909090909092,0.2909090909090909,6.905650004372372,11.205650004372357,True,0.09170089664760263,6.083165443755582,0,,
152,154,0.02727272727272727,5.991188751027361,0.02090909090909091,0.038181818181818185,3.5911887510273592,8.991188751027364,True,0.13154850145256564,6.123013048560544,0,,
153,155,0.030909090909090907,11.50019691987412,0.023636363636363636,0.04272727272727273,8.90019691987413,14.30019691987411,True,0.027313358946777708,6.018777906054757,0,,
154,156,0.2,12.243478366584997,0.16818181818181818,0.23636363636363636,11.143478366585,13.243478366584993,True,0.0008167781975473515,5.992281325305527,0,,
156,158,0.014090909090909091,15.426065157185265,0.011363636363636364,0.01818181818181818,13.126065157185273,17.826065157185255,True,0.01821661120663275,6.009681158314612,0,,
157,159,0.05818181818181818,12.10360118027602,0.03363636363636364,0.09636363636363636,7.003601180276037,17.003601180276,True,0.004812752890456979,5.996277299998436,0,,
158,160,0.12454545454545454,27.845238090959153,0.08545454545454545,0.15363636363636363,23.845238090959096,30.44523809095919,True,0.018086413598342645,6.0095509607063216,0,,
159,161,0.2636363636363636,12.680717687090716,0.2181818181818182,0.3181818181818182,11.58071768709072,13.980717687090712,True,0.02670709928816651,6.018171646396145,0,,
160,162,0.4636363636363636,16.41426226515346,0.36363636363636365,0.6636363636363636,14.614262265153465,19.11426226515345,True,0.0040176650729072455,5.995482212180886,0,,
161,163,0.10454545454545455,6.155996003329871,0.07681818181818181,0.13,3.255996003329868,8.855996003329873,False,0.017679285668335782,6.0091438327763145,0,,
162,164,0.13727272727272727,17.6906479631559,0.10727272727272727,0.16454545454545455,14.69064796315591,20.29064796315589,True,0.00535304915241507,5.996817596260394,0,,
163,165,0.16454545454545455,25.947139270864163,0.13363636363636364,0.2090909090909091,23.047139270864122,27.74713927086419,True,0.06022997823271779,6.051694525340697,0,,
164,166,0.17,15.71476978988312,0.15,0.2,13.814769789883126,16.714769789883114,True,0.05805851041650207,6.049523057524481,0,,
165,167,0.045454545454545456,12.857064539547322,0.038181818181818185,0.05181818181818182,11.157064539547328,14.357064539547316,False,0.09494034067987947,6.086404887787858,0,,
166,168,0.10272727272727274,21.519849182619645,0.06727272727272728,0.13727272727272727,17.119849182619582,25.119849182619696,True,0.031028714496094754,6.022493261604073,0,,
167,169,0.17545454545454547,9.169781844421776,0.13363636363636364,0.2545454545454545,5.669781844421788,11.369781844421768,True,0.008910321779488405,6.000374868887468,0,,
168,170,0.03363636363636364,22.02976288164126,0.024545454545454544,0.04818181818181819,18.929762881641217,25.629762881641312,True,0.026099479248379596,6.017564026356359,0,,
169,171,0.4636363636363636,23.717813906828027,0.4,0.5727272727272728,22.61781390682801,25.31781390682805,False,0.09590970279809422,6.087374249906073,0,,
170,172,0.12090909090909091,10.119164417673987,0.10454545454545455,0.13181818181818183,8.419164417673993,11.219164417673984,False,0.17943104956228392,6.170895596670263,0,,
171,173,0.053636363636363635,21.108787183254755,0.038181818181818185,0.07909090909090909,17.508787183254704,25.308787183254815,True,0.00943958606579852,6.000904133173777,0,,
172,174,0.11545454545454546,11.797477683195176,0.09090909090909091,0.13363636363636364,9.197477683195185,13.697477683195169,False,0.14753718708575173,6.139001734193731,0,,
173,175,0.2909090909090909,8.107521596892454,0.24545454545454545,0.34545454545454546,6.907521596892452,9.407521596892455,True,0.0873866714348223,6.078851218542801,0,,
174,176,0.4090909090909091,3.5,0.23636363636363636,0.8909090909090909,0.0,8.6,True,0.0011620245291326975,5.992626571637111,0,,
175,177,0.15363636363636363,13.96461641370584,0.13727272727272727,0.17545454545454547,12.564616413705846,15.564616413705835,False,0.05554279864071049,6.04700734574869,0,,
176,178,0.04727272727272727,9.9146518313572,0.034545454545454546,0.06727272727272728,6.91465183135721,13.514651831357186,True,0.03154683480231481,6.023011381910294,0,,
177,179,0.13545454545454547,22.49062623176298,0.10636363636363637,0.16090909090909092,19.49062623176294,24.690626231763012,True,0.003546379502313809,5.995010926610293,0,,
178,180,0.2636363636363636,8.000550603996945,0.1972727272727273,0.32727272727272727,6.100550603996942,9.700550603996945,True,0.04531473100390969,6.036779278111888,0,,
180,182,0.19181818181818183,10.424347184065791,0.16454545454545455,0.2181818181818182,9.124347184065796,11.224347184065788,True,0.04245088597985595,6.033915433087835,0,,
181,183,0.1781818181818182,10.422987064420266,0.11545454545454546,0.33636363636363636,5.422987064420283,14.422987064420251,True,0.003998908334847065,5.9954634554428266,0,,
182,184,0.08545454545454545,4.9,0.05181818181818182,0.13545454545454547,0.0,9.700000000000001,True,0.002084924432127202,5.993549471540106,0,,
183,185,0.1572727272727273,5.593791085082511,0.13,0.18636363636363637,3.393791085082511,7.193791085082511,False,0.05373787056586456,6.045202417673844,0,,
184,186,0.028181818181818183,6.932128199915972,0.019090909090909092,0.04272727272727273,3.432128199915969,10.632128199915975,True,0.017897261649674586,6.009361808757654,0,,
185,187,0.028181818181818183,13.000513985169542,0.022727272727272728,0.03727272727272728,10.80051398516955,15.500513985169533,True,0.0038926283134723847,5.995357175421452,0,,
186,188,0.2,7.777209038205602,0.1481818181818182,0.2909090909090909,4.877209038205599,10.077209038205604,True,0.014868497761931786,6.006333044869911,0,,
187,189,0.12090909090909091,11.710363769386898,0.09818181818181819,0.14636363636363636,9.210363769386907,14.01036376938689,False,0.13682153933934876,6.128286086447328,0,,
188,190,0.02909090909090909,6.648609127611982,0.024545454545454544,0.038181818181818185,4.5486091276119796,8.948609127611984,True,0.13804833822155685,6.129512885329536,0,,
189,191,0.11181818181818182,13.471782634498645,0.08545454545454545,0.13545454545454547,10.671782634498655,15.971782634498636,False,0.09565222923879017,6.087116776346769,0,,
190,192,0.37272727272727274,5.645552799612218,0.3090909090909091,0.44545454545454544,4.345552799612218,7.245552799612217,True,0.04037428231980541,6.031838829427785,0,,
191,193,0.035454545454545454,12.44914051472397,0.028181818181818183,0.04272727272727273,10.349140514723977,14.349140514723963,True,0.04495317377605489,6.0364177208840335,0,,
192,194,0.5636363636363636,2.0,0.4090909090909091,1.1272727272727274,0.0,6.7,True,0.012307829467929318,6.003772376575909,0,,
193,195,0.04363636363636364,14.792967905194406,0.03,0.05909090909090909,11.692967905194417,17.892967905194396,True,0.0808749104097504,6.07233945751773,0,,
194,196,0.02909090909090909,4.2,0.023636363636363636,0.03727272727272728,2.1,6.2,True,0.028192159281004898,6.019656706388984,0,,
195,197,0.019090909090909092,9.080402662930952,0.015,0.025454545454545455,6.680402662930961,11.880402662930942,True,0.006421875968576225,5.997886423076555,0,,
196,198,0.04181818181818182,11.022228570332095,0.028181818181818183,0.060909090909090906,7.422228570332107,15.02222857033208,True,0.020749376177878132,6.012213923285858,0,,
197,199,0.35454545454545455,7.142629944654708,0.3181818181818182,0.4090909090909091,6.342629944654707,8.342629944654709,True,0.34947109166834894,6.340935638776328,0,,
198,200,0.09727272727272727,15.154708224950221,0.060909090909090906,0.1390909090909091,10.254708224950239,19.35470822495021,True,0.004821785362623226,5.996286332470603,0,,
199,201,0.33636363636363636,11.716885675070026,0.2909090909090909,0.39090909090909093,10.61688567507003,12.916885675070022,True,0.26386717754644196,6.255331724654421,0,,
200,202,0.026363636363636363,15.354373907983614,0.02,0.03272727272727273,12.854373907983623,17.554373907983607,True,0.07858934118777643,6.070053888295756,0,,
201,203,0.18636363636363637,8.862149811872618,0.16272727272727272,0.2272727272727273,7.7621498118726215,9.962149811872614,False,0.03087586627401305,6.022340413381992,0,,
202,204,0.02181818181818182,11.881279225852145,0.017272727272727273,0.02909090909090909,9.881279225852152,14.581279225852136,True,0.08120078427309249,6.072665331381072,0,,
203,205,0.057272727272727274,6.877547467177948,0.04181818181818182,0.07681818181818181,3.577547467177945,10.07754746717795,True,0.011167916209355975,6.002632463317335,0,,
204,206,0.1481818181818182,8.755480560524806,0.12454545454545454,0.1781818181818182,6.555480560524813,11.055480560524797,True,0.05671942732691353,6.048183974434893,0,,
205,207,0.509090909090909,4.2,0.2909090909090909,1.1272727272727274,0.0,9.5,True,0.002202907012092268,5.993667454120072,0,,
206,208,0.10636363636363637,8.748074309168171,0.06727272727272728,0.15,3.948074309168167,12.948074309168176,True,0.005790199722227934,5.997254746830207,0,,
207,209,0.028181818181818183,17.83937076039138,0.016363636363636365,0.05,13.039370760391396,23.03937076039136,True,0.004182925502953963,5.9956474726109334,0,,
208,210,0.2545454545454545,8.771055964286228,0.16454545454545455,0.39090909090909093,5.671055964286226,12.07105596428623,True,0.008653777089838083,6.0001183241978175,0,,
209,211,0.19454545454545455,9.615894520575623,0.12272727272727273,0.32727272727272727,4.515894520575641,12.91589452057561,True,0.0141117628278743,6.0055763099358535,0,,
210,212,0.02,10.399731101932078,0.015909090909090907,0.025454545454545455,8.399731101932085,12.49973110193207,True,0.01532685599898092,6.00679140310696,0,,
211,213,0.07954545454545454,30.44526333580624,0.06454545454545454,0.08181818181818182,28.045263335806204,30.44526333580624,False,4.047115972638753,10.038580519746732,0,,
212,214,0.6727272727272727,7.186456691315645,0.35454545454545455,1.4,2.5864566913156413,12.58645669131565,True,0.00037660016019868997,5.991841147268178,0,,
213,215,0.39090909090909093,3.2,0.2727272727272727,0.6818181818181818,0.6000000000000001,7.2,True,0.008671280787831798,6.000135827895811,0,,
214,216,0.07309090909090908,30.44526333580624,0.035454545454545454,0.07863636363636364,23.045263335806133,30.44526333580624,False,0.4209669924226601,6.4124315395306395,0,,
215,217,0.1409090909090909,12.517508732866268,0.12272727272727273,0.1590909090909091,10.817508732866274,14.117508732866263,False,0.004566651789578618,5.996031198897557,0,,
216,218,0.05,5.191948053362412,0.04181818181818182,0.060909090909090906,3.191948053362413,7.091948053362413,False,0.20587655038647149,6.1973410974944505,0,,
217,219,0.7363636363636363,29.74526333580623,0.5545454545454546,0.8363636363636364,27.7452633358062,30.44526333580624,False,0.035009410187490514,6.02647395729547,0,,
218,220,0.04181818181818182,6.7565631509239745,0.03272727272727273,0.053636363636363635,4.556563150923973,9.456563150923976,True,0.003910246063467975,5.995374793171447,0,,
219,221,0.33636363636363636,3.4000000000000004,0.24545454545454545,0.4818181818181818,1.1,6.2,True,0.024099400327801453,6.015563947435781,0,,
220,222,0.11363636363636363,7.074456568560271,0.06818181818181819,0.16818181818181818,1.9744565685602664,11.974456568560274,True,0.022280398542234264,6.013744945650213,0,,
221,223,0.33636363636363636,11.962946158732684,0.18363636363636365,0.6727272727272727,8.062946158732698,17.062946158732665,True,0.0038625860848611362,5.99532713319284,0,,
222,224,0.5363636363636364,7.042279766211472,0.3,1.209090909090909,2.7422797662114675,12.742279766211476,True,0.003962529011133652,5.995427076119113,0,,
223,225,0.11,14.71216844608471,0.08909090909090908,0.13181818181818183,12.712168446084718,17.0121684460847,False,0.012838746547128728,6.0043032936551075,0,,
224,226,0.06818181818181819,13.27343325008918,0.049090909090909095,0.09454545454545454,9.873433250089192,16.77343325008917,True,0.018054327829060676,6.00951887493704,0,,
225,227,0.06363636363636364,8.462317210198698,0.046363636363636364,0.09090909090909091,5.062317210198694,12.662317210198701,True,0.056207471196849844,6.047672018304829,0,,
227,229,0.17545454545454547,11.237551128702599,0.13181818181818183,0.2545454545454545,7.537551128702612,13.53755112870259,True,0.0049452066611012195,5.99640975376908,0,,
228,230,0.09636363636363636,11.133389228694687,0.05909090909090909,0.1481818181818182,6.133389228694705,16.133389228694668,True,0.0020548072823905984,5.9935193543903695,0,,
229,231,0.17545454545454547,13.194510138140126,0.1390909090909091,0.23636363636363636,10.094510138140137,15.09451013814012,True,0.03777333225579785,6.029237879363777,0,,
230,232,0.049090909090909095,10.366650917689553,0.03909090909090909,0.06454545454545454,7.866650917689562,13.166650917689543,True,0.003282318718864734,5.994746865826844,0,,
231,233,0.01818181818181818,8.63591861932265,0.010454545454545454,0.03,3.435918619322646,13.335918619322655,True,0.016020426389930308,6.00748497349791,0,,
232,234,0.08363636363636363,19.257670804067057,0.056363636363636366,0.11363636363636363,14.857670804067073,22.557670804067044,True,0.02879353164965341,6.0202580787576325,0,,
233,235,0.33636363636363636,9.626213385469086,0.2909090909090909,0.38181818181818183,8.62621338546909,10.726213385469082,True,0.4917576624990807,6.48322220960706,0,,
234,236,0.07818181818181819,12.017560838530438,0.06181818181818182,0.10181818181818182,9.417560838530447,14.717560838530428,False,0.009520213917218428,6.000984761025197,0,,
235,237,0.37272727272727274,5.274412577410032,0.3,0.4818181818181818,3.4744125774100323,7.274412577410032,True,0.0051916045035668166,5.996656151611546,0,,
236,238,0.23636363636363636,24.13730017908691,0.1972727272727273,0.2727272727272727,23.137300179086896,25.237300179086926,False,0.1815802032688213,6.173044750376801,0,,
237,239,0.16636363636363638,13.619510410703082,0.14454545454545453,0.2,11.719510410703089,15.019510410703077,True,0.013833727353084897,6.005298274461064,0,,
238,240,0.6363636363636364,6.836808431811805,0.3181818181818182,1.3909090909090909,2.036808431811801,12.03680843181181,True,0.005278356452236567,5.996742903560215,0,,
239,241,0.053636363636363635,13.806595070194692,0.04454545454545455,0.06454545454545454,11.9065950701947,15.606595070194686,False,0.04745295242312309,6.038917499531102,0,,
240,242,0.03,15.2589929536369,0.025454545454545455,0.04090909090909091,13.558992953636906,17.75899295363689,True,0.07296332993420747,6.064427877042187,0,,
241,243,0.05090909090909091,4.5,0.04181818181818182,0.06545454545454546,2.4000000000000004,6.9,True,0.09213540122708822,6.083599948335067,0,,
242,244,0.038181818181818185,18.044734709008523,0.028181818181818183,0.05181818181818182,15.344734709008533,21.14473470900851,True,0.004876439807964101,5.996340986915943,0,,
244,246,0.04090909090909091,5.627854900847916,0.03272727272727273,0.04727272727272727,3.627854900847917,7.227854900847916,False,0.20605481803451012,6.197519365142489,0,,
245,247,0.4909090909090909,1.2000000000000002,0.39090909090909093,1.009090909090909,0.0,6.0,True,0.004256542009823783,5.9957210891178025,0,,
246,248,0.4,7.204572673071689,0.34545454545454546,0.44545454545454544,6.004572673071687,8.004572673071689,True,0.21440112182515092,6.20586566893313,0,,
247,249,0.32727272727272727,8.031347422904373,0.24545454545454545,0.4545454545454546,6.031347422904371,10.631347422904376,True,0.0441310066620774,6.035595553770056,0,,
248,250,0.24545454545454545,16.710449513262745,0.1809090909090909,0.2909090909090909,14.710449513262754,18.010449513262742,True,0.1232480058594176,6.114712552967396,0,,
249,251,0.24545454545454545,4.2,0.1972727272727273,0.3,2.9000000000000004,5.7,True,0.03952304243984214,6.030987589547821,0,,
250,252,0.3,3.9000000000000004,0.2727272727272727,0.35454545454545455,3.1,5.2,True,0.046363034897153786,6.037827582005133,0,,
251,253,0.509090909090909,24.20317928529933,0.39090909090909093,0.7818181818181819,22.203179285299303,27.403179285299377,False,0.005638847707761646,5.997103394815741,0,,
253,255,0.08363636363636363,5.638031386703559,0.06545454545454546,0.11,2.9380313867035563,8.43803138670356,False,0.09291158882746035,6.08437613593544,0,,
254,256,0.3,18.12969913238989,0.2272727272727273,0.4,16.229699132389896,20.229699132389882,True,0.0875343655437714,6.07899891265175,0,,
255,257,0.030909090909090907,7.123085258845362,0.026363636363636363,0.03727272727272728,5.423085258845361,8.623085258845364,False,0.02418391160550961,6.015648458713489,0,,
256,258,0.12454545454545454,12.41280112701663,0.10545454545454545,0.14636363636363636,10.312801127016638,14.312801127016623,False,0.08785335074940895,6.079317897857388,0,,
257,259,0.2818181818181818,15.295761353864524,0.2272727272727273,0.33636363636363636,13.79576135386453,16.595761353864518,True,0.14112535575242158,6.132589902860401,0,,
258,260,0.060909090909090906,30.44526333580624,0.049090909090909095,0.06272727272727273,28.245263335806207,30.44526333580624,False,13.820586375194772,19.812050922302753,0,,
259,261,0.19454545454545455,11.779622665218255,0.16818181818181818,0.2181818181818182,10.879622665218259,12.379622665218253,False,0.14477391806348833,6.136238465171467,0,,
261,263,0.32727272727272727,17.980730056548673,0.2818181818181818,0.38181818181818183,16.980730056548676,19.18073005654867,False,0.02941936497986991,6.020883912087849,0,,
262,264,0.2818181818181818,6.39865060568712,0.24545454545454545,0.34545454545454546,5.49865060568712,7.798650605687121,True,0.09948921321388368,6.090953760321863,0,,
263,265,0.16272727272727272,9.700963299313889,0.14454545454545453,0.19181818181818183,8.100963299313895,11.000963299313884,False,0.06126013084231556,6.052724677950295,0,,
265,267,0.16090909090909092,22.395753792719617,0.14454545454545453,0.17272727272727273,20.795753792719594,23.29575379271963,False,0.23533615229348281,6.226800699401462,0,,
266,268,0.5,15.489698893233344,0.4,0.6818181818181818,13.78969889323335,17.689698893233334,True,0.008095250163338669,5.999559797271318,0,,
267,269,0.038181818181818185,6.466947563675954,0.03,0.04818181818181819,4.466947563675953,8.866947563675957,True,0.03173235151127241,6.0231968986192514,0,,
268,270,0.16636363636363638,21.145901483066122,0.14454545454545453,0.2,19.145901483066094,22.545901483066142,True,0.014506912048049832,6.0059714591560285,0,,
269,271,0.4,3.7,0.3,0.6272727272727272,1.4000000000000001,7.1000000000000005,True,0.02505800958752759,6.016522556695507,0,,
270,272,0.02909090909090909,12.042585333913035,0.02181818181818182,0.04,9.042585333913046,14.942585333913025,True,0.048026224848292096,6.039490771956271,0,,
271,273,0.2909090909090909,21.18868019497621,0.2545454545454545,0.34545454545454546,20.188680194976197,22.48868019497623,False,0.05005800787326373,6.041522554981243,0,,
272,274,0.07909090909090909,6.289864500642725,0.05818181818181818,0.10545454545454545,2.989864500642722,9.189864500642727,True,0.006128685782295017,5.997593232890274,0,,
274,276,0.16636363636363638,13.533763345877693,0.15,0.1890909090909091,12.033763345877698,14.53376334587769,False,0.08864157386473194,6.080106120972711,0,,
275,277,0.02,12.50491905662548,0.017272727272727273,0.024545454545454544,11.204919056625485,14.404919056625474,True,0.06325645384615307,6.054721000954132,0,,
276,278,0.028181818181818183,3.4000000000000004,0.024545454545454544,0.035454545454545454,2.0,5.300000000000001,True,0.035399643530796186,6.026864190638776,0,,
277,279,0.4545454545454546,3.1,0.2909090909090909,0.9727272727272728,0.0,8.200000000000001,True,0.004227387510361483,5.995691934618341,0,,
279,281,0.2545454545454545,14.260990580229096,0.2,0.3181818181818182,12.960990580229101,15.760990580229091,True,0.030139130147092387,6.021603677255071,0,,
280,282,0.012727272727272728,14.977730408073622,0.01,0.017727272727272727,12.67773040807363,18.17773040807361,True,0.038205406356538,6.029669953464517,0,,
281,283,0.08636363636363636,11.518940260798663,0.06363636363636364,0.11727272727272728,8.118940260798675,14.618940260798652,True,0.019730909595592837,6.011195456703572,0,,
282,284,0.16636363636363638,13.802150436010178,0.15363636363636363,0.1890909090909091,12.502150436010183,14.702150436010175,False,0.11253525798883722,6.103999805096816,0,,
283,285,0.2272727272727273,6.776723586306758,0.19181818181818183,0.2818181818181818,5.976723586306758,8.076723586306759,True,0.2514474945932644,6.242912041701244,0,,
284,286,0.4181818181818182,3.9000000000000004,0.2272727272727273,0.9,0.0,8.8,True,0.0017796645400688157,5.993244211648048,0,,
285,287,0.2,20.573549434495874,0.15545454545454546,0.2545454545454545,18.273549434495884,22.073549434495867,True,0.06242130568766325,6.053885852795642,0,,
286,288,0.4090909090909091,10.295484943053797,0.34545454545454546,0.509090909090909,8.995484943053802,11.895484943053791,True,0.016256249228913118,6.007720796336892,0,,
287,289,0.04454545454545455,5.665626225205699,0.031818181818181815,0.06272727272727273,2.4656262252056997,9.365626225205698,True,0.00245406934911442,5.993918616457093,0,,
288,290,0.012727272727272728,6.45616343314906,0.01,0.01818181818181818,3.956163433149057,9.956163433149062,True,0.049845932751540416,6.041310479859519,0,,
289,291,0.4636363636363636,7.655389902410075,0.36363636363636365,0.6181818181818182,5.655389902410073,9.855389902410078,True,0.03308273239159014,6.024547279499569,0,,
290,292,0.03,3.6,0.025454545454545455,0.038181818181818185,1.8,5.5,True,0.019420090128937355,6.0108846372369165,0,,
291,293,0.01681818181818182,6.992144577152694,0.013636363636363636,0.02181818181818182,4.992144577152692,9.492144577152697,True,0.026903049363553262,6.018367596471532,0,,
292,294,0.7090909090909091,3.9000000000000004,0.4,1.4,0.0,9.1,True,0.0010857629389079925,5.992550310046887,0,,
293,295,0.3,3.2,0.2636363636363636,0.36363636363636365,2.2,4.6000000000000005,True,0.0136858904556847,6.005150437563664,0,,
294,296,0.9454545454545454,9.683178675672716,0.4727272727272727,1.4,5.183178675672732,13.283178675672703,True,0.00045862673415745505,5.991923173842136,0,,
296,298,0.1390909090909091,19.637475615505032,0.11727272727272728,0.1572727272727273,17.337475615505042,21.437475615505026,False,0.20324276394735233,6.194707311055331,0,,
297,299,0.33636363636363636,3.2,0.2181818181818182,0.5818181818181818,0.4,7.2,True,0.00279466076767692,5.994259207875656,0,,
298,300,0.44545454545454544,8.839752810880086,0.37272727272727274,0.5545454545454546,7.339752810880086,10.339752810880087,True,0.040978798923206695,6.032443346031186,0,,
299,301,0.3090909090909091,6.991151160041937,0.23636363636363636,0.4272727272727273,5.091151160041936,9.39115116004194,True,0.016354757440093598,6.007819304548073,0,,
300,302,0.12090909090909091,11.177645746662213,0.08636363636363636,0.15181818181818182,7.877645746662225,13.777645746662204,True,0.014829164005793373,6.006293711113773,0,,
302,304,0.9363636363636364,10.875710183781232,0.509090909090909,1.4,6.575710183781247,13.97571018378122,True,0.0011884803853086474,5.992653027493287,0,,
303,305,0.011818181818181818,7.0403242645045045,0.01,0.013636363636363636,5.540324264504504,8.440324264504506,True,0.07601358884652573,6.067478135954505,0,,
304,306,0.10090909090909092,13.84584801590918,0.08272727272727273,0.11545454545454546,11.945848015909187,15.445848015909174,False,0.041782825982636954,6.033247373090616,0,,
305,307,0.35454545454545455,4.800000000000001,0.3,0.44545454545454544,3.7,6.4,True,0.18780338587344797,6.179267932981427,0,,
306,308,0.16818181818181818,5.123155339234205,0.1390909090909091,0.2272727272727273,2.4231553392342056,6.923155339234205,True,0.01025562757925358,6.001720174687232,0,,
307,309,0.2272727272727273,4.800000000000001,0.16454545454545455,0.2909090909090909,2.7,6.5,True,0.01195898624026867,6.003423533348248,0,,
308,310,0.3090909090909091,13.544334465327285,0.2545454545454545,0.37272727272727274,12.34433446532729,14.94433446532728,True,0.060715660425190256,6.052180207533169,0,,
309,311,0.15181818181818182,7.6593217791242525,0.13363636363636364,0.16818181818181818,6.05932177912425,9.159321779124253,False,0.028464453239378865,6.019929000347358,0,,
310,312,0.609090909090909,7.806433855372358,0.4090909090909091,1.0727272727272728,4.906433855372356,11.706433855372362,True,0.0009729339395496865,5.992437481047529,0,,
311,313,1.1454545454545455,5.425728868277161,0.5545454545454546,1.4,0.825728868277162,7.52572886827716,True,0.0031275909027898515,5.994592138010769,0,,
312,314,0.18363636363636365,9.258377801299615,0.15,0.24545454545454545,6.858377801299623,11.058377801299608,True,0.021473560218786984,6.012938107326766,0,,
313,315,0.09363636363636364,10.097229969524218,0.07363636363636364,0.1190909090909091,7.597229969524227,12.597229969524209,False,0.033200324429773005,6.024664871537752,0,,
314,316,0.2636363636363636,13.130797436637051,0.2090909090909091,0.3181818181818182,11.830797436637056,14.530797436637046,True,0.05664355294693986,6.048108100054919,0,,
315,317,0.3,1.7000000000000002,0.2181818181818182,0.5545454545454546,0.0,6.1000000000000005,True,0.01754872798341533,6.0090132750913945,0,,
316,318,0.14272727272727273,7.85041955629548,0.12454545454545454,0.1590909090909091,6.250419556295479,9.250419556295482,False,0.04500053273391397,6.036465079841893,0,,
317,319,0.2272727272727273,7.730924877809834,0.18363636363636365,0.2909090909090909,6.230924877809833,9.530924877809836,True,0.16901125552020915,6.160475802628188,0,,
318,320,0.028181818181818183,17.481713110090652,0.02,0.04272727272727273,14.081713110090663,21.281713110090635,True,0.00352249270080912,5.994987039808788,0,,
319,321,0.19181818181818183,8.223817006376933,0.1572727272727273,0.24545454545454545,6.323817006376931,9.623817006376933,True,0.012244957308346308,6.003709504416325,0,,
320,322,0.2181818181818182,7.6529461651848525,0.18636363636363637,0.2636363636363636,6.752946165184852,8.752946165184854,True,0.21441441159246039,6.205878958700439,0,,
321,323,0.056363636363636366,21.190787438648677,0.04,0.08,17.590787438648626,25.190787438648734,True,0.0013695361528767913,5.992834083260856,0,,
322,324,0.2636363636363636,10.170390149431748,0.2272727272727273,0.2909090909090909,9.270390149431751,10.870390149431746,True,0.20138492139012296,6.192849468498102,0,,
323,325,0.1190909090909091,10.338790707525606,0.10181818181818182,0.13727272727272727,8.438790707525612,12.238790707525599,False,0.14248168322778926,6.133946230335768,0,,
324,326,0.2,3.8000000000000003,0.17545454545454547,0.23636363636363636,3.0,4.800000000000001,False,0.1684255083509674,6.159890055458947,0,,
326,328,0.2181818181818182,14.35859326105529,0.1809090909090909,0.2545454545454545,13.258593261055294,15.258593261055287,True,0.01652939204599658,6.007993939153976,0,,
327,329,0.18363636363636365,14.251412995524486,0.15363636363636363,0.2181818181818182,12.351412995524493,15.251412995524483,True,0.07592515906621866,6.067389706174198,0,,
328,330,0.2909090909090909,2.2,0.2090909090909091,0.4181818181818182,0.0,5.0,True,0.039027522438224535,6.030492069546203,0,,
329,331,0.019090909090909092,8.238424173012277,0.015909090909090907,0.022727272727272728,6.538424173012275,9.938424173012278,True,0.0005529680367572728,5.992017515144736,0,,
330,332,0.02909090909090909,5.087423848000257,0.024545454545454544,0.038181818181818185,3.387423848000257,7.287423848000257,True,0.3200930652162722,6.311557612324251,0,,
331,333,0.11727272727272728,10.286827281645577,0.08090909090909092,0.15181818181818182,6.286827281645591,13.586827281645565,True,0.006203097809042297,5.997667644917021,0,,
332,334,1.2636363636363637,10.794919450599364,0.6363636363636364,1.4,6.39491945059938,12.09491945059936,False,0.0003210432217493938,5.991785590329728,0,,
333,335,0.13,10.822899200100613,0.10545454545454545,0.14636363636363636,8.422899200100622,12.322899200100608,False,0.16276280908285823,6.154227356190837,0,,
334,336,0.14272727272727273,12.503034281654056,0.12090909090909091,0.16272727272727272,10.603034281654063,14.40303428165405,False,0.004919780928585711,5.996384328036565,0,,
335,337,0.2181818181818182,14.45096040962699,0.1781818181818182,0.2727272727272727,13.350960409626994,15.850960409626985,True,0.054373387197359485,6.045837934305339,0,,
336,338,0.23636363636363636,5.074525904821931,0.1890909090909091,0.2727272727272727,3.774525904821931,6.074525904821931,True,0.15099455536605322,6.1424591024740325,0,,
337,339,0.4090909090909091,3.5,0.24545454545454545,0.8818181818181818,0.0,8.700000000000001,True,0.005687105389977675,5.997151652497957,0,,
338,340,0.05454545454545455,20.34098881851105,0.04272727272727273,0.07336363636363635,17.64098881851106,23.54098881851104,True,0.12357450230152431,6.1150390494095035,0,,
339,341,0.2545454545454545,4.4,0.2181818181818182,0.2909090909090909,3.6,5.300000000000001,True,0.2415127605387337,6.2329773076467125,0,,
340,342,0.13727272727272727,10.957641540102513,0.12272727272727273,0.15181818181818182,9.457641540102518,12.257641540102508,False,0.03438882777900933,6.025853374886989,0,,
341,343,1.0,8.636444180959447,0.5818181818181818,1.4,4.536444180959462,11.436444180959437,True,0.004211747899706018,5.995676295007685,0,,
342,344,0.990909090909091,0.9,0.8090909090909091,1.4,0.0,3.9000000000000004,True,0.0010770262175158014,5.992541573325495,0,,
343,345,0.015,19.329789542426777,0.01090909090909091,0.02181818181818182,15.92978954242679,22.729789542426765,True,0.019896979691162976,6.011361526799142,0,,
344,346,0.2181818181818182,10.364161564578831,0.1781818181818182,0.24545454545454545,9.164161564578835,11.064161564578828,True,0.21727163509924688,6.208736182207226,0,,
345,347,0.4090909090909091,4.6000000000000005,0.2727272727272727,0.7,1.7000000000000002,8.5,True,0.014166173937905632,6.005630721045884,0,,
346,348,0.13363636363636364,8.076902070586463,0.11545454545454546,0.14636363636363636,6.176902070586463,9.176902070586465,False,0.1280679566300172,6.119532503737997,0,,
347,349,0.17,8.062116795787329,0.15,0.2,6.162116795787327,9.062116795787329,False,0.03708730376334347,6.028551850871323,0,,
348,350,0.030909090909090907,9.38677382835651,0.026363636363636363,0.038181818181818185,7.686773828356516,11.086773828356504,False,0.05097864780564789,6.042443194913627,0,,
349,351,0.2090909090909091,7.876738904718747,0.17545454545454547,0.23636363636363636,6.876738904718745,8.576738904718747,False,0.3480064860492567,6.339471033157236,0,,
350,352,0.4545454545454546,1.8,0.33636363636363636,1.0,0.0,7.0,True,0.003101316831214752,5.994565863939194,0,,
351,353,0.08636363636363636,18.540646509500007,0.07545454545454545,0.10545454545454545,17.140646509500016,20.440646509500002,False,0.2432225119986088,6.234687059106588,0,,
352,354,0.02727272727272727,15.987725912068155,0.02181818181818182,0.03727272727272728,13.887725912068163,18.687725912068146,True,0.058211622718404826,6.049676169826384,0,,
354,356,0.1572727272727273,11.65282396713086,0.13545454545454547,0.18636363636363637,9.852823967130867,13.252823967130855,True,0.046913191157120525,6.038377738265099,0,,
355,357,0.04454545454545455,11.627458986579533,0.03636363636363636,0.05181818181818182,9.62745898657954,13.227458986579528,False,0.1561595155971831,6.147624062705162,0,,
357,359,0.15545454545454546,9.092678503954774,0.14272727272727273,0.16454545454545455,7.992678503954778,9.892678503954771,False,0.12906843100022652,6.120532978108206,0,,
358,360,0.6636363636363636,5.662797323210292,0.3181818181818182,1.4,0.8627973232102928,10.862797323210291,True,0.000274618377984156,5.9917391654859635,0,,
359,361,0.2181818181818182,9.345346633890461,0.17272727272727273,0.2818181818181818,7.945346633890466,10.945346633890455,True,0.09735035882975235,6.088814905937731,0,,
360,362,0.13363636363636364,8.84195380066431,0.11545454545454546,0.15363636363636363,6.8419538006643075,10.541953800664311,False,0.0399163839248924,6.031380931032872,0,,
361,363,0.015454545454545453,2.6,0.012727272727272728,0.019545454545454546,0.6000000000000001,4.800000000000001,True,0.0493008544620404,6.040765401570019,0,,
362,364,0.2090909090909091,18.510120246039527,0.17545454545454547,0.24545454545454545,17.51012024603953,19.410120246039526,True,0.03575436341686436,6.0272189105248435,0,,
363,365,0.3090909090909091,3.0,0.2272727272727273,0.4363636363636364,0.8,5.7,True,0.07230667396138281,6.063771221069362,0,,
364,366,0.37272727272727274,3.2,0.2636363636363636,0.5909090909090908,0.5,6.7,True,0.039330956197204545,6.030795503305184,0,,
365,367,0.4363636363636364,2.3000000000000003,0.32727272727272727,0.7090909090909091,0.0,6.0,True,0.013296438503394258,6.004760985611373,0,,
366,368,0.33636363636363636,2.0,0.23636363636363636,0.6363636363636364,0.0,6.7,True,0.013417179905271505,6.004881727013251,0,,
368,370,0.015,13.143269736926461,0.012727272727272728,0.019090909090909092,11.343269736926468,15.243269736926454,True,0.09435491332295734,6.085819460430937,0,,
369,371,0.10181818181818182,12.117226946448326,0.07,0.13545454545454547,8.41722694644834,15.617226946448314,True,0.03160539892128611,6.023069946029265,0,,
370,372,0.04,9.590711263415686,0.030909090909090907,0.049090909090909095,7.390711263415694,11.890711263415678,True,0.03868273430554939,6.030147281413528,0,,
371,373,0.04181818181818182,6.8092212305215,0.03,0.056363636363636366,3.9092212305214975,9.909221230521503,True,0.036429303054833946,6.027893850162813,0,,
372,374,0.02727272727272727,24.334382003229596,0.01681818181818182,0.04454545454545455,19.534382003229528,29.034382003229663,True,0.02579002295650692,6.017254570064486,0,,
373,375,0.04,10.626064127034224,0.02909090909090909,0.05090909090909091,7.726064127034235,13.326064127034215,True,0.10062020285954093,6.09208474996752,0,,
374,376,0.1781818181818182,10.301703167118475,0.15545454545454546,0.2090909090909091,8.601703167118481,11.301703167118472,True,0.0833906891528484,6.074855236260827,0,,
375,377,0.038181818181818185,11.173498155810563,0.02909090909090909,0.049090909090909095,8.873498155810571,13.873498155810553,True,0.0062276615160644895,5.997692208624043,0,,
376,378,0.12272727272727273,12.339895071818267,0.10727272727272727,0.1390909090909091,10.639895071818273,13.939895071818261,False,0.043450151049386744,6.034914698157365,0,,
377,379,0.02909090909090909,10.239161609939437,0.024545454545454544,0.038181818181818185,8.439161609939443,12.539161609939429,True,0.012007244592027363,6.003471791700006,0,,
378,380,0.05181818181818182,8.474636859717359,0.04,0.07018181818181819,5.774636859717356,11.47463685971736,True,0.023976777338348163,6.015441324446328,0,,
379,381,0.16272727272727272,12.014847009956515,0.14636363636363636,0.19181818181818183,10.71484700995652,13.31484700995651,False,0.054764904753315066,6.0462294518612945,0,,
380,382,0.2272727272727273,2.9000000000000004,0.1972727272727273,0.2545454545454545,2.2,3.6,False,0.2854203225750673,6.276884869683046,0,,
382,384,0.04454545454545455,5.42689424738499,0.031818181818181815,0.05909090909090909,2.326894247384989,8.42689424738499,True,0.0830002910802128,6.074464838188192,0,,
383,385,0.06454545454545454,13.317155099699885,0.04363636363636364,0.09636363636363636,9.2171550996999,17.51715509969987,True,0.024747756205266463,6.016212303313245,0,,
384,386,0.024545454545454544,14.572916111839515,0.019545454545454546,0.02909090909090909,12.472916111839522,16.47291611183951,True,0.014805212394579709,6.006269759502559,0,,
385,387,0.03,8.874684102633157,0.025454545454545455,0.03636363636363636,7.074684102633155,10.374684102633157,True,0.10063091727034554,6.092095464378325,0,,
386,388,0.10727272727272727,9.797970657608424,0.09272727272727273,0.12636363636363637,8.397970657608429,11.797970657608417,False,0.2232118270976261,6.214676374205605,0,,
387,389,0.05545454545454545,11.117341058798344,0.04454545454545455,0.0710909090909091,8.717341058798352,13.817341058798334,True,0.014051017035113633,6.005515564143093,0,,
388,390,0.015909090909090907,14.674352569312802,0.011818181818181818,0.023636363636363636,11.574352569312813,18.37435256931279,True,0.029781569113630557,6.02124611622161,0,,
389,391,0.016363636363636365,12.47696715648982,0.012727272727272728,0.02181818181818182,9.97696715648983,15.17696715648981,True,0.004863503420510837,5.99632805052849,0,,
390,392,0.37272727272727274,2.9000000000000004,0.2727272727272727,0.5636363636363636,0.4,6.1000000000000005,True,0.000690087536304948,5.992154634644284,0,,
391,393,0.18636363636363637,4.6000000000000005,0.15545454545454546,0.24545454545454545,2.6,6.300000000000001,True,0.09690919387765401,6.088373740985633,0,,
392,394,0.18636363636363637,8.608693359777245,0.16454545454545455,0.2090909090909091,7.508693359777244,9.408693359777246,False,0.1312510993305859,6.122715646438565,0,,
393,395,0.1090909090909091,10.184222748578886,0.08090909090909092,0.13545454545454547,7.084222748578897,12.884222748578877,False,0.0013744522333126667,5.992838999341291,0,,
394,396,0.7272727272727273,6.234325628551925,0.4090909090909091,1.4,2.1343256285519216,11.234325628551929,True,0.0016235666434268887,5.993088113751406,0,,
395,397,0.44545454545454544,8.885236120831868,0.36363636363636365,0.5909090909090908,7.285236120831874,10.98523612083186,True,0.02120916777355312,6.012673714881532,0,,
396,398,0.19454545454545455,4.4,0.17,0.2272727272727273,3.6,5.300000000000001,False,0.1546639564225778,6.146128503530557,0,,
397,399,0.05545454545454545,12.628544138079713,0.046363636363636364,0.06636363636363636,10.72854413807972,14.528544138079706,False,0.05708743052176432,6.048551977629743,0,,
398,400,0.02090909090909091,12.869643600351154,0.016363636363636365,0.026363636363636363,10.469643600351162,15.269643600351145,True,0.006542343097171693,5.998006890205151,0,,
399,401,0.17545454545454547,18.677408362291473,0.15363636363636363,0.2090909090909091,16.87740836229148,19.57740836229147,True,0.00755983869004722,5.999024385798026,0,,
400,402,0.17272727272727273,15.132364582516185,0.14454545454545453,0.2181818181818182,12.832364582516194,16.53236458251618,True,0.04806123808508329,6.039525785193062,0,,
401,403,0.01863636363636364,11.840411856103891,0.015454545454545453,0.022727272727272728,10.140411856103897,13.640411856103885,True,0.0444534308457817,6.035917977953761,0,,
402,404,0.022727272727272728,10.450890356899007,0.019545454545454546,0.02727272727272727,9.050890356899012,12.150890356899001,True,0.1085968550140037,6.100061402121983,0,,
403,405,0.06181818181818182,7.239848553985789,0.04727272727272727,0.07772727272727273,4.339848553985787,9.939848553985792,True,0.07341591366960626,6.0648804607775855,0,,
404,406,0.04,14.224997363215191,0.028181818181818183,0.056363636363636366,11.124997363215202,17.82499736321518,True,0.041477765507830486,6.03294231261581,0,,
405,407,0.05090909090909091,5.885583708348954,0.04363636363636364,0.05818181818181818,4.085583708348954,7.0855837083489535,False,0.1929730495155731,6.184437596623552,0,,
406,408,0.6181818181818182,5.323275727807936,0.3181818181818182,1.3545454545454545,0.5232757278079374,10.523275727807935,True,0.016310016225102923,6.007774563333082,0,,
407,409,0.011818181818181818,18.027857971406043,0.01,0.01681818181818182,16.22785797140605,21.72785797140603,True,0.00325065529034631,5.994715202398325,0,,
408,410,0.030909090909090907,4.4,0.02727272727272727,0.038181818181818185,3.0,6.1000000000000005,False,0.07512353378331117,6.06658808089129,0,,
409,411,0.2909090909090909,6.574224277251971,0.24545454545454545,0.35454545454545455,5.274224277251969,8.174224277251973,True,0.13713254454954787,6.128597091657527,0,,
410,412,0.05,11.627640471940262,0.04,0.06727272727272728,9.127640471940271,14.527640471940252,True,0.01715495917122471,6.008619506279204,0,,
411,413,0.030909090909090907,6.454778910771021,0.022727272727272728,0.04454545454545455,3.354778910771018,9.654778910771025,True,0.0007955849964918338,5.992260132104471,0,,
412,414,0.1972727272727273,10.720300761954459,0.16818181818181818,0.23636363636363636,9.620300761954462,11.820300761954455,True,0.07121158743197141,6.0626761345399505,0,,
413,415,0.038181818181818185,13.36885562158509,0.028181818181818183,0.05090909090909091,10.7688556215851,16.36885562158508,True,0.02273231420115647,6.014196861309135,0,,
414,416,0.2727272727272727,1.2000000000000002,0.2272727272727273,0.32727272727272727,0.0,2.6,True,0.006100720870299427,5.9975652679782785,0,,
415,417,0.15,7.8495665663878516,0.12090909090909091,0.18636363636363637,5.14956656638785,10.249566566387854,True,0.054960414656100534,6.04642496176408,0,,
417,419,0.013636363636363636,6.649537122909916,0.011818181818181818,0.015909090909090907,5.349537122909914,8.049537122909916,True,0.07729051568045772,6.068755062788437,0,,
418,420,0.19181818181818183,4.800000000000001,0.15545454545454546,0.24545454545454545,2.8000000000000003,6.300000000000001,True,0.003929675898352147,5.995394223006331,0,,
419,421,0.03,9.085178725112813,0.025454545454545455,0.03727272727272728,7.385178725112819,10.685178725112808,True,0.053880130124867046,6.045344677232846,0,,
420,422,0.05818181818181818,14.24781095303143,0.04818181818181819,0.07090909090909091,12.347810953031436,16.34781095303142,False,0.017010179568971835,6.008474726676951,0,,
421,423,0.13545454545454547,6.682580392224001,0.11545454545454546,0.15181818181818182,4.682580392223999,8.182580392224002,False,0.05555526479116533,6.047019811899144,0,,
422,424,0.3,6.103812869968034,0.2636363636363636,0.35454545454545455,5.103812869968032,7.303812869968035,True,0.40752512036895244,6.398989667476932,0,,
423,425,0.19181818181818183,11.692348572901153,0.16090909090909092,0.24545454545454545,10.092348572901159,13.192348572901148,True,0.126510961978994,6.117975509086973,0,,
425,427,0.12454545454545454,13.60739818302614,0.10363636363636364,0.14636363636363636,11.407398183026148,15.607398183026133,False,0.0293810600485983,6.020845607156577,0,,
426,428,0.2181818181818182,6.697297649041479,0.16272727272727272,0.3,4.597297649041478,8.89729764904148,True,0.026129931146301057,6.0175944782542805,0,,
427,429,0.03,11.55091842823556,0.023636363636363636,0.04090909090909091,9.050918428235569,14.050918428235551,True,0.0676383644190958,6.0591029115270745,0,,
428,430,0.16272727272727272,12.522953002640199,0.13181818181818183,0.2090909090909091,9.722953002640208,14.522953002640191,True,0.031238845467895522,6.022703392575875,0,,
429,431,0.02727272727272727,6.456987935122241,0.024545454545454544,0.031818181818181815,5.25698793512224,7.956987935122242,False,0.007652029347083819,5.999116576455063,0,,
431,433,0.016363636363636365,5.668456103026589,0.013636363636363636,0.02,3.9684561030265892,7.568456103026588,True,0.0049420348030232274,5.996406581911002,0,,
432,434,0.39090909090909093,5.343614071762817,0.33636363636363636,0.44545454545454544,4.043614071762818,6.343614071762817,True,0.1059087566068439,6.097373303714823,0,,
433,435,0.025454545454545455,10.227727205951087,0.019090909090909092,0.03,7.827727205951096,11.927727205951081,True,0.19974890716461693,6.191213454272596,0,,
434,436,0.017727272727272727,13.546009117476203,0.014090909090909091,0.022727272727272728,11.34600911747621,15.746009117476195,True,0.041003377262140095,6.032467924370119,0,,
435,437,0.1481818181818182,7.224308600492015,0.11545454545454546,0.1890909090909091,4.124308600492013,9.724308600492016,True,0.03277844802928258,6.024242995137262,0,,
436,438,0.09,13.65743352669291,0.07,0.11727272727272728,10.85743352669292,16.457433526692903,False,0.0505489088125765,6.042013455920555,0,,
437,439,0.1809090909090909,16.68063836977641,0.15363636363636363,0.2181818181818182,14.780638369776419,17.78063836977641,True,0.00859451512185818,6.0000590622298375,0,,
438,440,0.04272727272727273,9.650229755961627,0.035454545454545454,0.053636363636363635,7.950229755961633,12.050229755961618,True,0.24590461022716942,6.237369157335149,0,,
439,441,0.012727272727272728,14.513586450087123,0.01,0.02181818181818182,11.913586450087132,19.313586450087108,True,0.0009459510732166512,5.992410498181195,0,,
440,442,0.025454545454545455,11.093903620714553,0.01863636363636364,0.03272727272727273,8.093903620714563,13.593903620714544,True,0.13076579127596838,6.122230338383948,0,,
441,443,0.36363636363636365,2.0,0.2545454545454545,0.7636363636363637,0.0,6.9,True,0.0015844948369946753,5.993049041944974,0,,
442,444,0.06727272727272728,6.70302424020641,0.046363636363636364,0.09545454545454546,2.803024240206407,10.503024240206413,True,0.004648056752852051,5.996112603860831,0,,
444,446,0.1890909090909091,8.626591979374929,0.1590909090909091,0.2272727272727273,7.026591979374928,9.626591979374929,True,0.05844032850120745,6.049904875609187,0,,
445,447,0.01681818181818182,5.0010060658936,0.014090909090909091,0.02181818181818182,3.4010060658936005,7.2010060658935995,True,0.08986100753635846,6.081325554644337,0,,
446,448,0.014545454545454545,11.819883217286005,0.010454545454545454,0.023636363636363636,8.419883217286017,16.21988321728599,True,0.01912956531483688,6.010594112422816,0,,
447,449,0.2909090909090909,4.2,0.23636363636363636,0.38181818181818183,2.6,6.4,True,0.06049074690176467,6.051955294009744,0,,
448,450,0.07772727272727273,7.017154904214989,0.05909090909090909,0.10363636363636364,4.117154904214987,9.917154904214993,True,0.0053812172883564505,5.996845764396335,0,,
449,451,0.23636363636363636,6.626570883776369,0.1890909090909091,0.2818181818181818,5.4265708837763675,7.82657088377637,True,0.068381702095204,6.059846249203183,0,,
450,452,0.16636363636363638,6.027821384972216,0.12818181818181817,0.24545454545454545,2.5278213849722126,8.42782138497222,True,0.02577458685097753,6.017239133958957,0,,
451,453,0.02727272727272727,11.187609222956349,0.02090909090909091,0.03363636363636364,8.687609222956358,13.087609222956342,True,0.11220104500032971,6.1036655921083085,0,,
452,454,0.02,9.053777573936111,0.015909090909090907,0.026363636363636363,7.053777573936118,11.553777573936102,True,0.017264413949899624,6.008728961057878,0,,
453,455,0.2727272727272727,8.674925779432638,0.2181818181818182,0.33636363636363636,7.374925779432637,10.17492577943264,True,0.09929427294320223,6.090758820051181,0,,
454,456,0.05545454545454545,8.855830501480892,0.04272727272727273,0.07545454545454545,6.155830501480889,11.955830501480893,True,0.027457499520377418,6.018922046628356,0,,
455,457,0.04363636363636364,15.936907906886153,0.038181818181818185,0.05454545454545455,14.536907906886158,18.336907906886147,False,0.21691097047920016,6.2083755175871795,0,,
456,458,0.7818181818181819,2.7,0.5,1.4,0.0,7.5,True,0.004254292115839135,5.9957188392238185,0,,
457,459,0.2818181818181818,7.089988710142399,0.23636363636363636,0.34545454545454546,6.089988710142398,8.4899887101424,True,0.0357349017566221,6.027199448864601,0,,
458,460,0.019545454545454546,14.174495872142593,0.013636363636363636,0.03,10.674495872142606,18.67449587214258,True,0.020901674037966944,6.012366221145946,0,,
460,462,0.12636363636363637,12.898978946149724,0.08636363636363636,0.1572727272727273,8.898978946149738,15.598978946149714,True,0.05488979510945064,6.0463543422174295,0,,
461,463,0.04181818181818182,12.196452729809607,0.02727272727272727,0.06363636363636364,8.296452729809621,16.59645272980959,True,0.017299994410759675,6.0087645415187385,0,,
462,464,0.35454545454545455,1.1,0.2818181818181818,0.7,0.0,6.0,True,0.012625754061536782,6.004090301169516,0,,
463,465,0.02,12.931590518745695,0.013636363636363636,0.03,9.331590518745708,16.83159051874568,True,0.009730952645647937,6.001195499753627,0,,
464,466,0.4272727272727273,8.951153296816624,0.34545454545454546,0.5818181818181818,7.25115329681663,11.251153296816616,True,0.020242327987497564,6.011706875095476,0,,
465,467,0.034545454545454546,11.53442912427039,0.025454545454545455,0.05181818181818182,8.534429124270401,15.534429124270376,True,0.009412440256162545,6.000876987364141,0,,
466,468,0.07772727272727273,8.980942140516783,0.05,0.11545454545454546,4.480942140516799,13.080942140516768,True,0.008159621194159377,5.999624168302138,0,,
467,469,0.03909090909090909,9.384855999800424,0.028181818181818183,0.05272727272727273,6.484855999800434,12.484855999800413,True,0.015182843409281612,6.00664739051726,0,,
468,470,0.7181818181818181,2.0,0.5,1.4,0.0,7.0,True,0.00024733340462657,5.9917118805126055,0,,
469,471,0.38181818181818183,5.092173097214826,0.3090909090909091,0.4818181818181818,3.5921730972148267,6.892173097214826,True,0.11935709629264732,6.110821643400627,0,,
470,472,0.11181818181818182,6.097979923849308,0.07336363636363635,0.14636363636363636,1.897979923849304,9.29797992384931,True,0.03369762722830407,6.025162174336283,0,,
471,473,0.06636363636363636,10.683660744045975,0.04454545454545455,0.09363636363636364,6.583660744045989,14.283660744045962,True,0.0344983543019632,6.025962901409942,0,,
472,474,0.04090909090909091,10.856666948303872,0.03,0.05090909090909091,8.35666694830388,13.256666948303863,True,0.0697152665306873,6.061179813638667,0,,
473,475,0.04272727272727273,16.165965733243887,0.02727272727272727,0.07163636363636364,12.0659657332439,21.565965733243864,True,0.009431695574111469,6.00089624268209,0,,
474,476,0.12818181818181817,7.47263334964984,0.09909090909090909,0.1590909090909091,4.3726333496498375,10.072633349649843,True,0.04119691045597611,6.032661457563955,0,,
475,477,0.07545454545454545,8.49815719106981,0.060909090909090906,0.09818181818181819,6.198157191069808,10.998157191069811,False,0.031853396594668584,6.023317943702648,0,,
476,478,0.04181818181818182,7.337419072355777,0.02727272727272727,0.06636363636363636,3.4374190723557736,12.137419072355781,True,0.004291234547107381,5.995755781655086,0,,
477,479,0.3,5.05845052254823,0.2272727272727273,0.38181818181818183,3.2584505225482303,6.858450522548231,True,0.1268237577670158,6.118288304874995,0,,
478,480,0.2181818181818182,6.455737339646735,0.1590909090909091,0.2909090909090909,3.955737339646732,8.455737339646737,True,0.0002233664160527014,5.991687913524032,0,,
479,481,0.13,7.976930556071688,0.09,0.16818181818181818,3.9769305560716846,11.376930556071692,True,0.023605892290891155,6.01507043939887,0,,
481,483,0.09727272727272727,5.60927536117552,0.06181818181818182,0.15181818181818182,1.0092753611755159,11.009275361175526,True,0.016053741238478508,6.007518288346458,0,,
482,484,0.017272727272727273,4.4,0.013636363636363636,0.02181818181818182,2.1,6.6000000000000005,True,0.03140735646995627,6.0228719035779354,0,,
483,485,0.1409090909090909,9.031146070064048,0.11181818181818182,0.17,6.231146070064058,11.731146070064039,True,0.02596026825908557,6.017424815367065,0,,
484,486,0.03636363636363636,6.499107857520814,0.025454545454545455,0.05181818181818182,3.1991078575208105,10.099107857520817,True,0.013511664700716427,6.004976211808695,0,,
486,488,0.07727272727272727,30.44526333580624,0.06727272727272728,0.08090909090909092,28.845263335806216,30.44526333580624,False,29.257848437027015,35.249312984134995,0,,
487,489,0.17545454545454547,11.828266196644325,0.14636363636363636,0.2272727272727273,9.628266196644333,13.42826619664432,True,0.0014204161267850155,5.992884963234764,0,,
489,491,0.02727272727272727,13.313536421086228,0.02090909090909091,0.03727272727272728,10.813536421086237,16.113536421086216,True,0.034681187476088164,6.026145734584067,0,,
491,493,0.08545454545454545,10.76207774015905,0.06363636363636364,0.11363636363636363,7.362077740159062,13.76207774015904,True,0.0043490816515402595,5.995813628759519,0,,
492,494,0.014090909090909091,16.87490680649336,0.010454545454545454,0.02090909090909091,13.97490680649337,20.474906806493347,True,0.038698659731136203,6.0301632068391156,0,,
493,495,0.1390909090909091,8.454771825041485,0.11363636363636363,0.16818181818181818,5.954771825041483,11.154771825041488,True,0.030550687014253945,6.022015234122233,0,,
494,496,0.03,12.962007006766155,0.024545454545454544,0.04,10.762007006766163,15.462007006766147,True,0.0026813368273694905,5.9941458839353485,0,,
495,497,0.046363636363636364,8.027694462053585,0.031818181818181815,0.0710909090909091,4.627694462053582,12.427694462053589,True,0.009518097131544723,6.0009826442395235,0,,
496,498,0.12818181818181817,30.44526333580624,0.09818181818181819,0.13181818181818183,27.245263335806193,30.44526333580624,False,1.3636923027493806,7.35515684985736,0,,
497,499,0.03909090909090909,12.226325175657909,0.02909090909090909,0.05272727272727273,9.526325175657918,15.326325175657898,True,0.027588365669049073,6.0190529127770285,0,,
498,500,0.035454545454545454,22.356492827840473,0.026363636363636363,0.04727272727272727,19.556492827840433,25.256492827840514,True,0.011384324803391606,6.002848871911371,0,,
499,501,0.023636363636363636,14.238881749649028,0.015454545454545453,0.04,10.238881749649043,19.338881749649012,True,0.028611177548549756,6.020075724656529,0,,
500,502,0.03272727272727273,12.584605515806786,0.024545454545454544,0.04727272727272727,9.584605515806796,16.284605515806774,True,0.040764854283177235,6.032229401391156,0,,
501,503,0.08636363636363636,7.282596840833919,0.06818181818181819,0.1090909090909091,4.6825968408339165,9.582596840833922,False,0.020045574562166324,6.011510121670145,0,,
504,506,0.11545454545454546,7.984894622478797,0.08545454545454545,0.14454545454545453,4.884894622478794,10.684894622478799,False,0.0211902559753347,6.012654803083314,0,,
505,507,0.05,12.249516130678499,0.03727272727272728,0.07227272727272727,9.14951613067851,16.049516130678484,True,0.019061659292950887,6.01052620640093,0,,
506,508,0.11727272727272728,13.078072527276175,0.08545454545454545,0.14454545454545453,9.678072527276187,15.878072527276165,False,0.10228967958261398,6.093754226690593,0,,
507,509,0.03727272727272728,10.734711861741117,0.02909090909090909,0.046363636363636364,8.534711861741124,12.934711861741109,True,0.19696063204486233,6.1884251791528415,0,,
508,510,0.04272727272727273,11.951988137557393,0.03,0.05818181818181818,8.851988137557404,15.251988137557381,True,0.06647438952217294,6.057938936630152,0,,
509,511,0.07163636363636364,30.045244326656903,0.028181818181818183,0.08,20.74524432665677,30.44524432665691,False,0.00025992814665622225,5.991724475254635,0,,
510,512,0.12272727272727273,7.504250632508833,0.09727272727272727,0.1481818181818182,5.00425063250883,9.804250632508834,False,0.0008922963766035642,5.992356843484583,0,,
511,513,0.17545454545454547,11.662774396699428,0.1409090909090909,0.2272727272727273,8.762774396699438,13.262774396699422,True,0.023987902054131826,6.015452449162111,0,,
512,514,0.2727272727272727,3.3000000000000003,0.2090909090909091,0.34545454545454546,1.5,5.1000000000000005,True,0.019660121333981147,6.01112466844196,0,,
514,516,0.08636363636363636,6.158114768206012,0.05818181818181818,0.12272727272727273,1.8581147682060082,10.058114768206014,True,0.0005821037679994801,5.992046650875978,0,,
515,517,0.2636363636363636,3.3000000000000003,0.2090909090909091,0.32727272727272727,1.8,4.800000000000001,True,0.0012035734945872968,5.992668120602566,0,,
516,518,0.2272727272727273,4.4,0.1890909090909091,0.2818181818181818,3.3000000000000003,5.9,True,0.1831690307956059,6.174633577903585,0,,
517,519,0.16818181818181818,11.846870368993041,0.1390909090909091,0.2181818181818182,9.046870368993051,13.546870368993035,True,0.014961149553913363,6.006425696661893,0,,
518,520,0.045454545454545456,22.36605146941424,0.031818181818181815,0.06727272727272728,18.966051469414193,26.5660514694143,True,0.03341000403975486,6.024874551147734,0,,
519,521,0.2090909090909091,9.509472590142854,0.16454545454545455,0.2636363636363636,7.80947259014286,11.009472590142849,True,0.061558346149396134,6.053022893257375,0,,
520,522,0.023636363636363636,11.432954385212298,0.019090909090909092,0.03,9.532954385212305,14.032954385212289,True,0.03524849562007894,6.026713042728058,0,,
522,524,0.019090909090909092,12.63401392100976,0.015,0.024545454545454544,10.334013921009769,15.034013921009752,True,0.009347909288136485,6.000812456396115,0,,
523,525,0.026363636363636363,14.615156689772174,0.017727272727272727,0.04,10.815156689772188,18.41515668977216,True,0.0005264087710673728,5.9919909558790465,0,,
524,526,0.02727272727272727,13.23156866897714,0.02090909090909091,0.03727272727272728,10.731568668977149,16.03156866897713,True,0.011430172238364863,6.002894719346344,0,,
525,527,0.1390909090909091,6.573232948546124,0.11727272727272728,0.1590909090909091,4.373232948546122,8.473232948546126,False,0.04268219573164588,6.034146742839625,0,,
526,528,0.09272727272727273,6.743775967612516,0.07090909090909091,0.11727272727272728,3.9437759676125133,9.343775967612519,False,0.01632355766071831,6.007788104768697,0,,
527,529,0.057272727272727274,7.2766862521741125,0.04363636363636364,0.07863636363636364,4.47668625217411,10.676686252174116,True,0.029958338153277263,6.021422885261257,0,,
528,530,0.012727272727272728,15.36663012258337,0.01,0.016363636363636365,12.966630122583378,18.16663012258336,True,0.1171827909351039,6.108647338043083,0,,
529,531,0.11545454545454546,8.242442387038759,0.08454545454545455,0.1409090909090909,5.042442387038756,10.542442387038761,False,0.04387726222535198,6.035341809333331,0,,
530,532,0.015,19.594753629507352,0.011363636363636364,0.02181818181818182,16.99475362950736,22.69475362950734,True,0.09041653263929539,6.081881079747275,0,,
531,533,0.38181818181818183,8.03372654742357,0.3181818181818182,0.44545454545454544,6.733726547423569,9.233726547423572,True,0.2760794643937939,6.267544011501773,0,,
532,534,0.05,2.1,0.04181818181818182,0.06636363636363636,0.0,4.9,True,0.02486531459731802,6.016329861705297,0,,
533,535,0.07054545454545455,14.003984239241683,0.05,0.09727272727272727,10.503984239241696,17.30398423924167,True,0.011544865955059937,6.003009413063039,0,,
534,536,0.013636363636363636,11.145405638830425,0.010454545454545454,0.01818181818181818,8.645405638830434,13.845405638830416,True,0.016576548817675944,6.008041095925655,0,,
535,537,0.15,15.81665535774287,0.12272727272727273,0.17545454545454547,13.516655357742879,17.816655357742864,True,0.018389088585845825,6.009853635693825,0,,
536,538,0.014090909090909091,17.550128295897373,0.01090909090909091,0.02,14.750128295897381,20.950128295897358,True,0.03157562464804035,6.023040171756019,0,,
537,539,0.4727272727272727,7.860918394252229,0.38181818181818183,0.609090909090909,6.160918394252228,9.760918394252231,True,0.03521876665373441,6.026683313761714,0,,
538,540,0.022727272727272728,13.64144051602762,0.01818181818181818,0.03,11.641440516027627,16.641440516027608,True,0.10685448706580784,6.0983190341737865,0,,
539,541,0.16818181818181818,5.1000000000000005,0.15181818181818182,0.19181818181818183,3.6,5.9,False,0.12253275354995194,6.113997300657931,0,,
540,542,0.2272727272727273,6.562825831592353,0.19181818181818183,0.2545454545454545,5.5628258315923516,7.2628258315923535,False,0.08856870306647746,6.0800332501744565,0,,
541,543,0.056363636363636366,11.673814539000038,0.04181818181818182,0.07772727272727273,8.573814539000049,15.173814539000025,True,0.002523247682159147,5.993987794790138,0,,
542,544,0.6,7.685580111185002,0.4090909090909091,1.0545454545454547,4.885580111185,11.685580111185006,True,0.030556761261238435,6.022021308369218,0,,
543,545,0.015909090909090907,13.15915953701766,0.011818181818181818,0.022727272727272728,10.25915953701767,16.359159537017646,True,0.014666988281372619,6.006131535389351,0,,
544,546,0.23636363636363636,5.385697389257342,0.16454545454545455,0.32727272727272727,2.8856973892573428,7.785697389257342,True,0.018165056727597585,6.0096296038355765,0,,
545,547,0.3,7.648016720506183,0.2727272727272727,0.37272727272727274,6.7480167205061825,9.148016720506185,True,0.1575984141146518,6.149062961222631,0,,
546,548,0.2181818181818182,6.5135807178064455,0.16454545454545455,0.2818181818181818,4.513580717806444,8.413580717806447,True,0.013102984577515473,6.0045675316854945,0,,
547,549,0.07090909090909091,8.094574885613671,0.056363636363636366,0.08727272727272727,5.5945748856136674,10.594574885613671,False,0.02904915307292431,6.020513700180904,0,,
548,550,0.2181818181818182,8.763807015225671,0.16636363636363638,0.2818181818181818,6.963807015225669,10.363807015225673,True,0.07785262522207406,6.069317172330053,0,,
549,551,0.023636363636363636,15.085095232088165,0.017727272727272727,0.02909090909090909,12.385095232088174,17.485095232088156,True,0.03038943216323691,6.021853979271216,0,,
550,552,0.02727272727272727,8.758946209909015,0.02090909090909091,0.038181818181818185,6.158946209909011,11.758946209909016,True,0.07079055810568965,6.062255105213668,0,,
552,554,0.02181818181818182,17.39630257850285,0.015,0.031818181818181815,13.896302578502864,21.29630257850284,True,0.0038638620710332965,5.995328409179012,0,,
553,555,0.13545454545454547,13.319452143259232,0.10181818181818182,0.16454545454545455,9.619452143259245,16.019452143259223,True,0.012182160402078267,6.0036467075100575,0,,
554,556,0.03272727272727273,12.217211228467214,0.024545454545454544,0.045454545454545456,9.217211228467225,15.217211228467203,True,0.051769203048337424,6.0432337501563165,0,,
555,557,0.02181818181818182,13.567193386295813,0.01863636363636364,0.025454545454545455,12.067193386295818,15.067193386295807,True,0.2163346243504013,6.2077991714583804,0,,
556,558,0.01818181818181818,6.475108110523227,0.014090909090909091,0.025454545454545455,3.875108110523224,9.67510811052323,True,0.052635967049411606,6.044100514157391,0,,
557,559,0.2727272727272727,4.2,0.1972727272727273,0.36363636363636365,2.1,6.4,True,0.012191098722750556,6.0036556458307295,0,,
558,560,0.034545454545454546,14.681743113648556,0.024545454545454544,0.04727272727272727,11.381743113648568,17.781743113648545,True,0.06347959720616284,6.054944144314142,0,,
559,561,0.13363636363636364,10.68082737236578,0.11545454545454546,0.15545454545454546,8.880827372365786,12.580827372365773,False,0.10998579000012104,6.1014503371081,0,,
560,562,0.038181818181818185,11.955434954978518,0.030909090909090907,0.045454545454545456,10.255434954978524,13.755434954978512,True,0.036106515131778455,6.027571062239757,0,,
561,563,0.44545454545454544,1.2000000000000002,0.35454545454545455,0.9181818181818182,0.0,6.1000000000000005,True,0.0011456949868639127,5.992610242094843,0,,
562,564,0.07727272727272727,14.73317159564932,0.05545454545454545,0.10454545454545455,11.233171595649333,17.83317159564931,True,0.020592484939984102,6.012057032047963,0,,
563,565,0.13727272727272727,12.679333665046103,0.11545454545454546,0.16090909090909092,10.379333665046111,14.979333665046095,False,0.038629261918183964,6.030093809026163,0,,
564,566,0.24545454545454545,4.5,0.19181818181818183,0.2909090909090909,2.9000000000000004,5.9,True,0.009744152548759346,6.001208699656738,0,,
565,567,0.08,8.942108101401413,0.060909090909090906,0.10363636363636364,5.74210810140141,11.642108101401416,False,0.024678584962099938,6.016143132070079,0,,
566,568,0.2818181818181818,8.802546786346316,0.23636363636363636,0.3181818181818182,7.502546786346314,9.702546786346316,True,0.22597603485663303,6.217440581964612,0,,
567,569,0.04818181818181819,12.287606267008979,0.03909090909090909,0.060909090909090906,9.987606267008987,14.68760626700897,True,0.031812235793808895,6.023276782901788,0,,
568,570,0.030909090909090907,5.5668847866935645,0.023636363636363636,0.04363636363636364,2.8668847866935647,8.766884786693563,True,0.039815925704980416,6.031280472812959,0,,
569,571,0.12272727272727273,11.33854206963084,0.09636363636363636,0.15,8.53854206963085,13.93854206963083,False,0.031203192102731897,6.022667739210711,0,,
570,572,0.2727272727272727,3.8000000000000003,0.2272727272727273,0.32727272727272727,2.6,5.2,True,0.15853427344249438,6.149998820550474,0,,
571,573,0.014090909090909091,10.582846160297123,0.011363636363636364,0.01818181818181818,8.48284616029713,12.982846160297115,True,0.037260050813505065,6.028724597921484,0,,
572,574,0.09363636363636364,10.226834049272508,0.06909090909090909,0.12090909090909091,6.92683404927252,13.126834049272498,False,0.005373053717755076,5.996837600825734,0,,
573,575,0.17545454545454547,3.4000000000000004,0.1590909090909091,0.2,2.1,4.2,False,0.18442520320790465,6.175889750315884,0,,
574,576,0.2727272727272727,12.479869647834862,0.23636363636363636,0.33636363636363636,11.479869647834866,14.079869647834856,True,0.19039852076787223,6.1818630678758515,0,,
575,577,0.08454545454545455,5.40859865287606,0.06727272727272728,0.1090909090909091,2.8085986528760607,8.00859865287606,False,0.028205032533785982,6.019669579641765,0,,
577,579,0.025454545454545455,12.570260427352885,0.02090909090909091,0.03,10.87026042735289,14.370260427352878,True,0.13677379618193114,6.12823834328991,0,,
578,580,0.2090909090909091,8.915051309660253,0.1572727272727273,0.3,6.615051309660261,11.215051309660245,True,0.06483556398985743,6.056300111097836,0,,
579,581,0.04,14.866359504706553,0.028181818181818183,0.05545454545454545,11.766359504706564,18.16635950470654,True,0.02254031931104024,6.014004866419019,0,,
580,582,0.1,12.098731220178951,0.08,0.1190909090909091,9.998731220178959,14.198731220178944,False,0.00806897849403484,5.999533525602014,0,,
581,583,0.10818181818181818,17.410467234546687,0.07,0.1481818181818182,12.910467234546704,21.210467234546677,True,0.0003710036098275809,5.9918355507178065,0,,
582,584,0.02909090909090909,13.123183562475838,0.024545454545454544,0.03636363636363636,11.323183562475844,15.12318356247583,True,0.006870035138751459,5.998334582246731,0,,
583,585,0.017727272727272727,11.201133349830828,0.014090909090909091,0.02090909090909091,9.001133349830836,12.801133349830822,True,0.11202232351186986,6.103486870619849,0,,
584,586,0.15363636363636363,8.605267035494062,0.13363636363636364,0.17545454545454547,6.905267035494061,10.405267035494063,False,0.013231134003698786,6.004695681111678,0,,
585,587,0.16090909090909092,11.265738172348383,0.13181818181818183,0.2,8.765738172348392,12.965738172348377,True,0.013867125544711974,6.005331672652691,0,,
586,588,0.13181818181818183,9.847792933170659,0.10090909090909092,0.15545454545454546,6.447792933170671,11.947792933170652,False,0.058577901731698016,6.050042448839677,0,,
588,590,0.32727272727272727,4.1000000000000005,0.2636363636363636,0.4090909090909091,2.5,5.800000000000001,True,0.022634384633339808,6.0140989317413185,0,,
589,591,0.03727272727272728,11.4800136340082,0.02909090909090909,0.04727272727272727,9.280013634008208,13.980013634008191,True,0.002762745063602108,5.994227292171582,0,,
590,592,0.04181818181818182,16.333978625773014,0.034545454545454546,0.05181818181818182,14.633978625773022,18.633978625773008,True,0.08335396684449609,6.074818513952475,0,,
592,594,0.2636363636363636,2.0,0.2181818181818182,0.3090909090909091,0.8,3.2,True,0.10347873981466749,6.094943286922646,0,,
593,595,0.2636363636363636,7.510305816733333,0.2181818181818182,0.3090909090909091,6.410305816733333,8.610305816733334,True,0.026170842839261597,6.017635389947241,0,,
594,596,0.034545454545454546,7.310102483046083,0.02727272727272727,0.04454545454545455,5.01010248304608,9.710102483046086,True,0.004364590005922232,5.995829137113901,0,,
595,597,0.08,13.378912590968815,0.06181818181818182,0.10272727272727274,10.478912590968825,15.878912590968806,False,0.018131306616812636,6.009595853724791,0,,
596,598,0.016363636363636365,19.92918827227262,0.011363636363636364,0.024545454545454544,16.22918827227263,23.829188272272603,True,0.015434555751018481,6.0068991028589975,0,,
597,599,0.2727272727272727,9.82523498275629,0.2272727272727273,0.32727272727272727,8.525234982756295,11.225234982756286,True,0.03480292092668713,6.026267468034666,0,,
598,600,0.2272727272727273,7.664565057797926,0.18363636363636365,0.2727272727272727,6.264565057797924,8.964565057797927,True,0.07934698040764465,6.070811527515624,0,,
599,601,0.031818181818181815,5.88746375696909,0.026363636363636363,0.04090909090909091,3.887463756969089,7.987463756969093,True,0.011832012692580246,6.003296559800559,0,,
600,602,0.03363636363636364,22.295326866956344,0.025454545454545455,0.04818181818181819,19.695326866956307,25.695326866956393,True,0.034826506263722815,6.026291053371702,0,,
601,603,0.016363636363636365,3.4000000000000004,0.014090909090909091,0.019090909090909092,2.0,4.800000000000001,True,0.0715687740559056,6.063033321163885,0,,
602,604,0.025454545454545455,11.307419921620577,0.017272727272727273,0.04090909090909091,7.707419921620589,15.707419921620561,True,0.040009759455340854,6.03147430656332,0,,
604,606,0.1390909090909091,5.058250556547804,0.11545454545454546,0.16090909090909092,2.8582505565478047,6.958250556547805,False,0.005026338898963943,5.996490886006943,0,,
606,608,0.8727272727272728,1.0,0.6909090909090909,1.4,0.0,5.1000000000000005,True,0.0002523508120659266,5.991716897920045,0,,
607,609,0.05818181818181818,17.470535867549916,0.045454545454545456,0.07090909090909091,14.770535867549926,19.570535867549907,False,0.11380778681153311,6.105272333919512,0,,
608,610,0.06545454545454546,8.748860744422966,0.046363636363636364,0.09272727272727273,5.148860744422979,12.448860744422953,True,0.012755260694579868,6.004219807802559,0,,
609,611,0.17272727272727273,9.928211729297942,0.15363636363636363,0.2181818181818182,8.328211729297948,11.128211729297938,True,0.08395235483973033,6.075416901947709,0,,
610,612,0.022727272727272728,19.090389678546458,0.017272727272727273,0.02909090909090909,16.490389678546467,21.790389678546447,True,0.009185419494758817,6.0006499666027375,0,,
611,613,0.35454545454545455,7.655987611197459,0.2636363636363636,0.4727272727272727,5.4559876111974575,9.955987611197461,True,0.019792239408666486,6.011256786516646,0,,
612,614,0.10272727272727274,18.527796899902086,0.07590909090909091,0.12636363636363637,15.427796899902097,21.227796899902074,False,0.014795803207777847,6.006260350315757,0,,
613,615,0.2272727272727273,9.926469797318797,0.2090909090909091,0.2636363636363636,9.326469797318799,10.826469797318794,False,0.539032874652803,6.530497421760782,0,,
614,616,0.4909090909090909,5.08079914187505,0.35454545454545455,0.7363636363636363,2.4807991418750506,8.080799141875051,True,0.09453380560274983,6.085998352710729,0,,
615,617,0.10454545454545455,19.734028522905405,0.075,0.12818181818181817,16.434028522905418,22.234028522905398,False,0.07090341810724098,6.06236796521522,0,,
616,618,0.03909090909090909,6.407897067197141,0.028181818181818183,0.05545454545454545,3.607897067197139,10.007897067197145,True,0.11332957109885801,6.104794118206837,0,,
617,619,0.012272727272727272,17.45522032562949,0.01,0.015909090909090907,15.455220325629497,20.05522032562948,True,0.03540561987856969,6.026870166986549,0,,
618,620,0.049090909090909095,8.997464291490543,0.03909090909090909,0.06181818181818182,6.597464291490541,11.197464291490544,True,0.04388787606291981,6.035352423170899,0,,
619,621,0.04,15.397264342086524,0.03,0.05545454545454545,12.997264342086533,18.797264342086514,True,0.04440768803303867,6.035872235141018,0,,
620,622,0.07909090909090909,11.420361708119774,0.06272727272727273,0.10181818181818182,8.920361708119783,14.020361708119765,False,0.008362199967893143,5.999826747075872,0,,
622,624,0.2545454545454545,4.800000000000001,0.2090909090909091,0.3,3.5,6.1000000000000005,True,0.05259511431805903,6.044059661426038,0,,
623,625,0.3181818181818182,7.168484962398746,0.2636363636363636,0.39090909090909093,5.868484962398745,8.768484962398748,True,0.14573654478644238,6.137201091894421,0,,
624,626,0.045454545454545456,6.788385649312246,0.035454545454545454,0.05909090909090909,4.288385649312244,9.48838564931225,True,0.12046194152577938,6.111926488633759,0,,
625,627,0.10363636363636364,9.845221766651218,0.07681818181818181,0.12818181818181817,6.745221766651229,12.445221766651208,False,0.08032940759344875,6.071793954701428,0,,
626,628,0.02,11.839098872509421,0.016363636363636365,0.025454545454545455,10.139098872509427,14.039098872509413,True,0.1021761141520992,6.093640661260078,0,,
627,629,0.38181818181818183,5.368518856752369,0.3,0.5,3.76851885675237,7.26851885675237,True,0.03766222712694931,6.029126774234928,0,,
629,631,0.06,5.230488154559887,0.045454545454545456,0.07863636363636364,2.430488154559888,8.130488154559886,True,0.002236493674793633,5.993701040782772,0,,
630,632,0.19181818181818183,15.37352482591053,0.17,0.2181818181818182,14.673524825910533,16.07352482591053,True,0.012416927557161762,6.003881474665141,0,,
631,633,0.03636363636363636,13.546529897094684,0.03,0.045454545454545456,12.04652989709469,15.646529897094677,False,0.047443403980737583,6.038907951088716,0,,
632,634,0.017727272727272727,14.711194439679508,0.014090909090909091,0.02181818181818182,12.611194439679515,16.8111944396795,True,0.015127812626330233,6.006592359734309,0,,
633,635,0.08727272727272727,7.704263603719091,0.075,0.10181818181818182,6.004263603719089,9.10426360371909,False,0.004600226636002033,5.996064773743981,0,,
634,636,0.11181818181818182,19.133300265223212,0.07545454545454545,0.1481818181818182,15.133300265223227,22.5333002652232,True,0.02473867687818725,6.0162032239861665,0,,
635,637,0.02181818181818182,13.460967484752878,0.01818181818181818,0.02727272727272727,11.760967484752884,15.66096748475287,True,0.12251204662932542,6.113976593737305,0,,
636,638,0.011818181818181818,16.96297460368674,0.01,0.014545454545454545,15.362974603686745,19.16297460368673,True,0.049926894919776865,6.041391442027756,0,,
637,639,0.1572727272727273,11.413032111595772,0.1409090909090909,0.1809090909090909,10.113032111595777,12.913032111595767,False,0.0704694277498199,6.061933974857799,0,,
638,640,0.2909090909090909,8.578734772078738,0.2545454545454545,0.34545454545454546,7.478734772078736,9.878734772078738,True,0.0038815050813157813,5.995346052189295,0,,
639,641,0.07818181818181819,20.355505155639023,0.06454545454545454,0.09818181818181819,17.95550515563903,22.655505155639016,False,0.03350892555301017,6.02497347266099,0,,
640,642,0.2636363636363636,9.284880766016533,0.2272727272727273,0.3,8.384880766016536,10.28488076601653,True,0.0721601463726337,6.063624693480612,0,,
641,643,0.035454545454545454,6.162064545298055,0.02909090909090909,0.04272727272727273,4.462064545298054,7.962064545298056,False,0.09808225889812448,6.089546806006103,0,,
642,644,0.2090909090909091,12.110004640310567,0.17,0.24545454545454545,10.910004640310571,13.210004640310563,True,0.07442656199890971,6.065891109106889,0,,
643,645,0.060909090909090906,9.020073327842319,0.049090909090909095,0.07590909090909091,6.8200733278423264,11.32007332784231,False,0.07904286323805178,6.070507410346031,0,,
644,646,0.16818181818181818,5.336654322987815,0.15545454545454546,0.1972727272727273,4.036654322987816,6.336654322987815,False,0.0950670243573843,6.086531571465363,0,,
645,647,0.1781818181818182,10.024935522680245,0.15545454545454546,0.2272727272727273,8.324935522680251,11.32493552268024,True,0.10817375712364674,6.099638304231625,0,,
647,649,0.2,7.914179397444375,0.17,0.23636363636363636,6.914179397444373,8.914179397444375,False,0.0893429040133793,6.080807451121358,0,,
648,650,0.14272727272727273,10.976404511558158,0.12454545454545454,0.16090909090909092,9.376404511558164,12.576404511558152,False,0.11175293470584435,6.103217481813823,0,,
650,652,0.2727272727272727,7.304357871355424,0.2272727272727273,0.34545454545454546,6.004357871355423,9.004357871355426,True,0.18929589230472352,6.180760439412703,0,,
651,653,0.3181818181818182,9.331098063286298,0.2818181818181818,0.37272727272727274,8.5310980632863,10.531098063286294,True,0.0037718142452389993,5.995236361353218,0,,
652,654,0.07727272727272727,8.897031768893497,0.060909090909090906,0.09727272727272727,6.297031768893493,11.197031768893499,False,0.002637874838360496,5.99410242194634,0,,
653,655,0.11363636363636363,8.489715299423755,0.09818181818181819,0.13181818181818183,6.789715299423754,10.289715299423758,False,0.05179079713936278,6.043255344247342,0,,
654,656,0.015,15.639720519892274,0.012727272727272728,0.02,13.93972051989228,18.239720519892266,True,0.022466634305218103,6.013931181413197,0,,
655,657,0.19181818181818183,7.681484609009684,0.16636363636363638,0.2181818181818182,6.581484609009683,8.481484609009684,False,0.03625675826542475,6.027721305373404,0,,
656,658,0.014090909090909091,10.021702501186757,0.012272727272727272,0.01681818181818182,8.521702501186763,11.621702501186752,True,0.07457801121163132,6.0660425583196105,0,,
658,660,0.2818181818181818,4.0,0.24545454545454545,0.33636363636363636,2.9000000000000004,5.300000000000001,True,0.0804345245706816,6.0718990716786605,0,,
659,661,0.04727272727272727,6.488445360056988,0.03909090909090909,0.060909090909090906,4.588445360056987,8.98844536005699,True,0.06440768572714071,6.05587223283512,0,,
660,662,0.07254545454545454,15.19986368413976,0.05818181818181818,0.09181818181818181,12.799863684139769,17.69986368413975,False,0.013679336517326503,6.005143883625306,0,,
662,664,0.3,11.148976999553248,0.2636363636363636,0.37272727272727274,10.248976999553252,12.648976999553243,True,0.041083796476027744,6.032548343584007,0,,
663,665,0.06909090909090909,12.380486313493146,0.053636363636363635,0.08363636363636363,9.780486313493155,14.480486313493138,False,0.09848782247891778,6.0899523695868965,0,,
664,666,0.19454545454545455,17.89556648219977,0.16272727272727272,0.23636363636363636,16.495566482199777,19.095566482199764,True,0.0234020215453619,6.014866568653341,0,,
665,667,0.2,17.430308659288094,0.17272727272727273,0.2272727272727273,16.630308659288097,18.23030865928809,True,0.004983953859747092,5.996448500967726,0,,
666,668,0.07772727272727273,16.642914041241298,0.057272727272727274,0.10545454545454545,13.142914041241308,19.742914041241285,True,0.026720600995201824,6.018185148103181,0,,
667,669,0.08636363636363636,12.821120708628536,0.05818181818181818,0.12272727272727273,8.421120708628552,16.721120708628522,True,0.00043277742226130456,5.991897324530241,0,,
668,670,0.049090909090909095,10.695499192223696,0.03363636363636364,0.07090909090909091,6.89549919222371,14.495499192223683,True,0.02146312064838395,6.012927667756363,0,,
669,671,0.08545454545454545,10.688507054538503,0.06545454545454546,0.11181818181818182,7.588507054538514,13.488507054538493,False,0.002991564722902216,5.994456111830881,0,,
670,672,0.16636363636363638,8.948677640650342,0.14636363636363636,0.1890909090909091,7.048677640650341,9.948677640650343,False,0.10340000789184278,6.0948645549998215,0,,
671,673,0.14272727272727273,8.551648374259326,0.1190909090909091,0.16090909090909092,6.4516483742593245,10.251648374259327,False,0.03591437585552446,6.0273789229635035,0,,
672,674,0.013636363636363636,20.894694470800573,0.01,0.02090909090909091,17.594694470800583,25.194694470800556,True,0.01723895598869134,6.008703503096671,0,,
673,675,0.15363636363636363,16.696965238739786,0.13,0.18636363636363637,14.696965238739791,18.596965238739777,True,0.10469828453013387,6.096162831638113,0,,
674,676,0.012272727272727272,15.603923436327323,0.010454545454545454,0.014545454545454545,14.103923436327328,17.403923436327318,True,0.025629868868676336,6.017094415976655,0,,
675,677,0.04181818181818182,6.1920151771693055,0.03363636363636364,0.05272727272727273,4.292015177169304,8.592015177169309,True,0.046692522162285144,6.038157069270264,0,,
676,678,0.08727272727272727,17.407193120016448,0.06909090909090909,0.1090909090909091,14.707193120016457,19.60719312001644,False,0.001223532610054006,5.992688079718033,0,,
678,680,0.2727272727272727,10.105493830494469,0.2272727272727273,0.33636363636363636,9.005493830494473,11.505493830494464,True,0.026800937230504356,6.0182654843384835,0,,
679,681,0.39090909090909093,10.425035668771175,0.2818181818181818,0.6363636363636364,7.925035668771184,14.025035668771162,True,0.010617183794272374,6.002081730902251,0,,
680,682,0.2636363636363636,8.651252264236424,0.2272727272727273,0.3181818181818182,7.751252264236424,10.051252264236425,True,0.1506461426171251,6.142110689725104,0,,
681,683,0.13363636363636364,30.44526333580624,0.12818181818181817,0.13363636363636364,30.045263335806233,30.44526333580624,False,27.82303679684646,33.81450134395444,0,,
682,684,0.13727272727272727,3.9000000000000004,0.12090909090909091,0.15363636363636363,2.4000000000000004,5.300000000000001,False,0.017728680407195684,6.0091932275151745,0,,
683,685,0.017727272727272727,6.847901372304588,0.015,0.02090909090909091,5.447901372304587,8.54790137230459,True,0.027289051291308934,6.018753598399288,0,,
684,686,0.4363636363636364,4.800000000000001,0.3181818181818182,0.6727272727272727,2.4000000000000004,8.0,True,0.001339789457865618,5.992804336565845,0,,
686,688,0.04090909090909091,6.331326185049118,0.034545454545454546,0.049090909090909095,4.931326185049117,8.33132618504912,False,0.0666785669609522,6.0581431140689315,0,,
687,689,0.1090909090909091,7.160051736509587,0.09,0.12454545454545454,5.360051736509584,8.760051736509588,False,0.01305851945238933,6.004523066560369,0,,
688,690,0.05181818181818182,10.262658305489229,0.04272727272727273,0.06727272727272728,8.262658305489236,12.86265830548922,True,0.05750076619499479,6.048965313302974,0,,
689,691,0.02727272727272727,8.481093001142078,0.015,0.05,3.7810930011420734,13.781093001142082,True,0.002793978427294307,5.994258525535273,0,,
690,692,0.06545454545454546,12.548726979736223,0.05181818181818182,0.08272727272727273,10.248726979736231,15.148726979736214,False,0.012165769740208993,6.003630316848188,0,,
691,693,0.014545454545454545,16.53612472034079,0.011818181818181818,0.019090909090909092,14.1361247203408,19.13612472034078,True,0.02606496474502226,6.0175295118530014,0,,
692,694,0.019545454545454546,6.510359489098671,0.01681818181818182,0.023636363636363636,5.11035948909867,8.310359489098673,True,0.16407061396214281,6.155535161070122,0,,
693,695,0.035454545454545454,4.8770500510324295,0.03,0.04363636363636364,3.477050051032429,6.977050051032429,False,0.04986823750236864,6.041332784610348,0,,
694,696,0.03909090909090909,12.70480319170506,0.02909090909090909,0.05090909090909091,10.20480319170507,15.304803191705052,True,0.07895436832847309,6.070418915436452,0,,
695,697,0.19454545454545455,9.563277826963674,0.17,0.2181818181818182,8.763277826963677,10.263277826963671,False,0.05195863767098519,6.043423184778964,0,,
696,698,0.2818181818181818,16.43178321849677,0.2181818181818182,0.36363636363636365,14.631783218496777,18.331783218496764,True,0.025882030879172874,6.017346577987152,0,,
697,699,0.12090909090909091,19.966910574056815,0.09181818181818181,0.14636363636363636,17.066910574056827,22.366910574056806,False,0.004488151517111684,5.995952698625091,0,,
698,700,0.07036363636363636,6.721079471229325,0.05,0.09636363636363636,3.221079471229322,10.021079471229328,True,0.007330805520953698,5.998795352628933,0,,
699,701,0.09545454545454546,12.575710241985561,0.056363636363636366,0.14636363636363636,7.37571024198558,17.375710241985544,True,0.0010378336429523105,5.992502380750931,0,,
700,702,0.35454545454545455,8.31317685271063,0.2545454545454545,0.5181818181818182,5.913176852710627,11.213176852710632,True,0.012018735283284595,6.003483282391263,0,,
701,703,0.2727272727272727,6.411083134039242,0.23636363636363636,0.32727272727272727,5.411083134039241,7.811083134039243,True,0.031469590759431836,6.022934137867411,0,,
702,704,0.19181818181818183,6.407559273117106,0.16454545454545455,0.2181818181818182,5.207559273117105,7.2075592731171065,False,0.23530084175215135,6.22676538886013,0,,
703,705,0.4909090909090909,4.0,0.2818181818181818,1.0,0.0,8.700000000000001,True,0.003957643978061564,5.995422191086041,0,,
705,707,0.028181818181818183,11.609025328338806,0.02181818181818182,0.03636363636363636,9.009025328338815,13.909025328338798,True,0.11397595763999778,6.1054405047479765,0,,
706,708,0.02,12.826189256049322,0.015,0.028181818181818183,10.32618925604933,15.726189256049311,True,0.028586598179986662,6.020051145287966,0,,
707,709,0.2272727272727273,4.800000000000001,0.18363636363636365,0.2818181818181818,3.5,6.300000000000001,True,0.04692797433226312,6.038392521440242,0,,
709,711,0.15181818181818182,6.277832388134743,0.13545454545454547,0.16454545454545455,4.877832388134742,7.477832388134744,False,0.06191450032650691,6.053379047434486,0,,
710,712,0.3090909090909091,7.754234122212856,0.2727272727272727,0.35454545454545455,6.654234122212855,8.754234122212857,True,0.3951077270186878,6.386572274126667,0,,
711,713,0.1972727272727273,10.18204948459841,0.17272727272727273,0.2181818181818182,9.482049484598413,10.682049484598409,False,0.08307371951437945,6.074538266622358,0,,
712,714,0.23636363636363636,7.8580967512579125,0.1809090909090909,0.3090909090909091,6.258096751257911,9.858096751257914,True,0.08397037478003531,6.075434921888014,0,,
713,715,0.15545454545454546,8.331892814702872,0.13363636363636364,0.1781818181818182,6.231892814702871,9.931892814702874,False,0.0755729344206557,6.067037481528635,0,,
714,716,0.19454545454545455,12.042466724723544,0.16272727272727272,0.23636363636363636,10.64246672472355,13.24246672472354,True,0.006216042159821588,5.997680589267801,0,,
715,717,0.2272727272727273,11.327594709356852,0.19454545454545455,0.2636363636363636,10.527594709356855,12.327594709356848,True,0.11826162174961231,6.109726168857591,0,,
716,718,0.37272727272727274,5.010175118706177,0.2727272727272727,0.5818181818181818,2.7101751187061764,8.110175118706177,True,0.06921352239271618,6.060678069500695,0,,
717,719,0.019090909090909092,13.691713570764696,0.015454545454545453,0.024545454545454544,11.791713570764703,16.09171357076469,True,0.05985182223207455,6.051316369340054,0,,
718,720,0.1590909090909091,15.19443323251783,0.13363636363636364,0.1972727272727273,12.994433232517839,16.994433232517824,True,0.013191296222567064,6.004655843330546,0,,
719,721,0.2272727272727273,9.069676011020778,0.17,0.2909090909090909,7.569676011020784,10.769676011020772,True,0.09207874038965734,6.083543287497636,0,,
720,722,0.7363636363636363,13.98385094401534,0.4727272727272727,1.2545454545454546,10.78385094401535,17.783850944015327,True,0.003677506916619991,5.995142054024599,0,,
722,724,0.1190909090909091,8.405254342821108,0.09545454545454546,0.1390909090909091,6.005254342821106,10.20525434282111,False,0.020263578237224897,6.011728125345204,0,,
723,725,0.5636363636363636,15.872592882439701,0.38181818181818183,1.0181818181818183,12.972592882439711,20.072592882439686,True,0.00047930003964740845,5.991943847147627,0,,
725,727,0.5545454545454546,12.078918390963107,0.37272727272727274,1.0181818181818183,8.978918390963118,16.57891839096309,True,0.00326564716584705,5.994730194273826,0,,
726,728,0.2545454545454545,25.161711831014653,0.16818181818181818,0.37272727272727274,22.96171183101462,27.561711831014687,True,0.02799141449159813,6.0194559615995775,0,,
727,729,0.6545454545454545,25.12765121514514,0.4636363636363636,1.0818181818181818,22.627651215145104,28.62765121514519,False,0.0408092653675383,6.032273812475517,0,,
728,730,0.1972727272727273,8.861425972486185,0.16818181818181818,0.23636363636363636,7.861425972486183,9.861425972486185,False,0.035666698241064596,6.027131245349044,0,,
730,732,0.2545454545454545,6.28801480082608,0.2181818181818182,0.2909090909090909,5.388014800826079,7.2880148008260806,True,0.06447018059471393,6.055934727702693,0,,
731,733,0.034545454545454546,19.071794013348516,0.028181818181818183,0.04363636363636364,17.271794013348522,21.371794013348506,True,0.029033284926192404,6.020497832034171,0,,
732,734,0.035454545454545454,11.750585314453202,0.028181818181818183,0.04454545454545455,9.75058531445321,13.950585314453194,True,0.0066595699716965225,5.9981241170796755,0,,
734,736,0.33636363636363636,24.254067601331897,0.2818181818181818,0.44545454545454544,22.95406760133188,26.354067601331927,False,0.17846162256943912,6.169926169677418,0,,
735,737,0.015909090909090907,5.1000000000000005,0.013181818181818182,0.019090909090909092,3.2,6.800000000000001,True,0.05352528576345269,6.0449898328714315,0,,
738,740,0.019545454545454546,4.6000000000000005,0.013636363636363636,0.02909090909090909,1.1,8.5,True,0.015719733507653284,6.007184280615633,0,,
739,741,0.03636363636363636,4.7,0.02909090909090909,0.04454545454545455,2.8000000000000003,6.7,True,0.00831397874013588,5.999778525848115,0,,
741,743,0.2090909090909091,22.2109635725063,0.1781818181818182,0.2545454545454545,21.31096357250629,23.51096357250632,True,0.22887538215437767,6.220339929262357,0,,
742,744,0.05909090909090909,21.101181712053314,0.04727272727272727,0.072,18.801181712053282,23.201181712053344,False,0.02443447331615534,6.0158990204241345,0,,
743,745,0.10090909090909092,24.2408810695243,0.06727272727272728,0.13545454545454547,20.04088106952424,27.94088106952435,True,0.0002359608780222675,5.9917005079860015,0,,
744,746,0.023636363636363636,14.212994870267394,0.017727272727272727,0.03,11.812994870267403,16.712994870267387,True,0.02702632379398118,6.01849087090196,0,,
746,748,0.2090909090909091,30.44526333580624,0.1890909090909091,0.2181818181818182,30.045263335806233,30.44526333580624,False,22.104485623315213,28.095950170423194,0,,
747,749,0.4181818181818182,15.319970791211158,0.36363636363636365,0.4909090909090909,14.119970791211163,16.719970791211153,False,0.07802713181000757,6.069491678917987,0,,
749,751,0.3090909090909091,24.682901342702202,0.2545454545454545,0.38181818181818183,23.18290134270218,26.382901342702226,False,0.030836816659646733,6.0223013637676255,0,,
750,752,0.1590909090909091,9.593645497889366,0.14272727272727273,0.17272727272727273,8.093645497889371,10.693645497889362,False,0.12389731440817145,6.115361861516151,0,,
753,755,0.011363636363636364,11.663480879911422,0.01,0.01681818181818182,10.163480879911427,15.563480879911408,True,0.02314485790162387,6.014609405009603,0,,
754,756,0.02727272727272727,10.80516479102168,0.02090909090909091,0.038181818181818185,8.305164791021689,13.905164791021669,True,0.04660922937329041,6.038073776481269,0,,
756,758,0.034545454545454546,9.640439749599958,0.02727272727272727,0.04454545454545455,7.540439749599965,11.94043974959995,True,0.03873704346313174,6.030201590571111,0,,
757,759,0.4,14.407587997694405,0.36363636363636365,0.4727272727272727,13.607587997694408,15.7075879976944,False,0.0605229027836075,6.051987449891587,0,,
758,760,0.04181818181818182,10.190736142327971,0.030909090909090907,0.05454545454545455,7.69073614232798,12.890736142327961,True,0.03222835734997141,6.023692904457951,0,,
760,762,0.4727272727272727,7.818208050551959,0.37272727272727274,0.7090909090909091,6.018208050551958,10.718208050551961,True,0.04891886161964307,6.040383408727622,0,,
761,763,0.035454545454545454,5.614793197867059,0.02727272727272727,0.04818181818181819,3.214793197867057,8.814793197867061,True,0.036967383660530116,6.028431930768509,0,,
762,764,0.14454545454545453,12.557123539862783,0.13,0.1590909090909091,11.257123539862787,13.857123539862778,False,0.1197750313744399,6.111239578482419,0,,
763,765,0.14272727272727273,7.330885021440382,0.11727272727272728,0.16454545454545455,5.03088502144038,9.330885021440384,False,0.027596976413075423,6.019061523521055,0,,
764,766,0.08363636363636363,30.44526333580624,0.07727272727272727,0.08545454545454545,29.545263335806226,30.44526333580624,False,17.2875630257473,23.279027572855277,0,,
765,767,0.8272727272727273,29.04526333580622,0.6727272727272727,1.009090909090909,27.545263335806197,30.44526333580624,False,0.044415215315883966,6.035879762423863,0,,
767,769,0.23636363636363636,9.709393640560059,0.2090909090909091,0.2636363636363636,9.10939364056006,10.509393640560056,False,0.06646984869765869,6.0579343958056375,0,,
768,770,0.07018181818181819,11.387779044088642,0.05545454545454545,0.08454545454545455,8.887779044088651,13.487779044088635,False,0.04962495960765004,6.041089506715629,0,,
770,772,0.2909090909090909,3.5,0.2545454545454545,0.35454545454545455,2.5,5.0,True,0.09659122125695206,6.0880557683649315,0,,
771,773,0.026363636363636363,9.45023236140147,0.024545454545454544,0.03,8.650232361401473,10.950232361401465,False,0.1574258758929584,6.148890423000937,0,,
773,775,0.14454545454545453,8.007634173932805,0.12636363636363637,0.16272727272727272,6.407634173932804,9.607634173932807,False,0.014472923418086986,6.005937470526066,0,,
774,776,0.09909090909090909,16.379440937467905,0.07863636363636364,0.1190909090909091,14.179440937467914,18.5794409374679,False,0.0118129729019096,6.003277520009888,0,,
775,777,0.2181818181818182,25.32236515262347,0.16818181818181818,0.2727272727272727,23.822365152623448,26.72236515262349,False,0.007517425417818425,5.998981972525797,0,,
776,778,0.6181818181818182,30.44526333580624,0.509090909090909,0.6363636363636364,29.14526333580622,30.44526333580624,False,1.1724678304717364,7.163932377579716,0,,
777,779,0.15,30.44526333580624,0.1481818181818182,0.15181818181818182,30.245263335806236,30.44526333580624,False,37.11814507749411,43.10960962460209,0,,
778,780,0.06181818181818182,15.34200732615884,0.04727272727272727,0.08272727272727273,12.642007326158849,18.542007326158828,True,0.015844464846539213,6.0073090119545185,0,,
779,781,0.2636363636363636,8.42172730269117,0.2090909090909091,0.3181818181818182,6.821727302691169,9.92172730269117,True,0.14612901326669372,6.137593560374673,0,,
780,782,0.04454545454545455,11.33202498032774,0.03363636363636364,0.06,8.832024980327748,14.532024980327728,True,0.04566342237491815,6.037127969482897,0,,
781,783,0.6363636363636364,10.559902004779982,0.4727272727272727,0.9545454545454546,8.45990200477999,13.359902004779972,True,0.0428253317164813,6.0342898788244606,0,,
782,784,0.7363636363636363,14.220087945598387,0.4727272727272727,1.2,11.120087945598398,17.820087945598374,True,0.02012997373417783,6.011594520842157,0,,
783,785,0.06909090909090909,6.717214888058453,0.056363636363636366,0.08181818181818182,4.717214888058451,8.517214888058454,False,0.0414432523149302,6.032907799422909,0,,
784,786,0.010454545454545454,9.722256253861508,0.01,0.014545454545454545,9.12225625386151,12.822256253861497,True,0.0038403404996875255,5.9953048876076664,0,,
785,787,0.24545454545454545,11.431632703504496,0.19454545454545455,0.2818181818181818,10.1316327035045,12.331632703504493,True,0.3003244371038499,6.291788984211829,0,,
786,788,0.3,7.953629486699542,0.2727272727272727,0.35454545454545455,7.253629486699541,9.053629486699542,True,0.555604060387213,6.547068607495192,0,,
787,789,0.5363636363636364,2.0,0.39090909090909093,1.1,0.0,6.9,True,0.000709519284067629,5.992174066392047,0,,
788,790,0.09181818181818181,7.8384347610199585,0.07145454545454545,0.11363636363636363,5.1384347610199566,10.03843476101996,False,0.011740339729995112,6.003204886837974,0,,
789,791,0.24545454545454545,12.285853269741217,0.2090909090909091,0.2818181818181818,11.28585326974122,13.185853269741214,True,0.021155645880289245,6.012620192988268,0,,
790,792,0.16272727272727272,8.65449167571428,0.1409090909090909,0.2090909090909091,6.654491675714278,10.554491675714281,True,0.07357282514941432,6.065037372257393,0,,
791,793,0.2727272727272727,11.018423363592856,0.2272727272727273,0.32727272727272727,9.91842336359286,12.318423363592851,True,0.05326243866821565,6.044726985776195,0,,
792,794,0.038181818181818185,30.445249076890903,0.02909090909090909,0.04181818181818182,28.14524907689087,30.445249076890903,False,19.411712090350157,25.403176637458138,0,,
793,795,0.2545454545454545,22.610372941670025,0.2090909090909091,0.3090909090909091,21.41037294167001,24.010372941670045,False,0.06769821691274851,6.059162764020727,0,,
795,797,0.16636363636363638,18.829376496112545,0.1481818181818182,0.2,17.129376496112553,20.02937649611254,True,0.022497796747153402,6.013962343855132,0,,
798,800,0.013636363636363636,5.703489714643114,0.01090909090909091,0.01863636363636364,3.4034897146431113,8.703489714643116,True,0.06972029722513508,6.061184844333114,0,,
799,801,0.2272727272727273,9.412155587367959,0.18363636363636365,0.2727272727272727,8.312155587367963,10.612155587367955,True,0.17024618618294807,6.161710733290927,0,,
800,802,0.2090909090909091,5.449148208841985,0.17545454545454547,0.2545454545454545,4.349148208841985,6.649148208841985,False,0.06980496207852509,6.061269509186504,0,,
801,803,0.023636363636363636,22.222391376099665,0.014545454545454545,0.04,17.5223913760996,27.322391376099738,True,0.0062485931231272985,5.997713140231106,0,,
802,804,0.4,8.384378855641081,0.3090909090909091,0.5545454545454546,6.28437885564108,10.884378855641083,True,0.04236674697021411,6.033831294078193,0,,
803,805,0.06636363636363636,18.746168268148693,0.046363636363636364,0.09272727272727273,15.146168268148704,22.24616826814868,True,0.007449649810491671,5.998914196918471,0,,
804,806,0.34545454545454546,7.959872198286154,0.2909090909090909,0.4181818181818182,6.659872198286154,9.459872198286156,True,0.1520347311771398,6.143499278285119,0,,
805,807,0.12818181818181817,13.815701555523749,0.11363636363636363,0.1409090909090909,12.315701555523754,14.915701555523745,False,0.07005791514531583,6.061522462253295,0,,
806,808,0.2818181818181818,9.484181631028154,0.2545454545454545,0.3,8.684181631028157,9.984181631028152,False,0.4948838808782488,6.486348427986228,0,,
807,809,0.10090909090909092,11.011619836617784,0.08272727272727273,0.11545454545454546,9.111619836617791,12.511619836617779,False,0.04652089750831296,6.037985444616292,0,,
808,810,0.010454545454545454,11.174762715134953,0.01,0.015909090909090907,10.374762715134956,15.17476271513494,True,0.02870818702247093,6.02017273413045,0,,
809,811,0.014545454545454545,10.281852680338517,0.011363636363636364,0.02090909090909091,7.881852680338525,13.481852680338505,True,0.07727851991249318,6.068743067020472,0,,
810,812,0.12272727272727273,11.678057586300104,0.08545454545454545,0.15545454545454546,7.9780575863001175,14.478057586300094,True,0.009144352649877258,6.000608899757856,0,,
811,813,0.13727272727272727,11.871697068621868,0.11545454545454546,0.15545454545454546,9.771697068621876,13.471697068621863,False,0.02373837485487347,6.015202921962852,0,,
812,814,0.5,7.572944507243586,0.4090909090909091,0.7090909090909091,6.0729445072435855,9.97294450724359,True,0.01969026705147454,6.011154814159454,0,,
813,815,0.07954545454545454,13.765164037380089,0.06727272727272728,0.09636363636363636,11.865164037380096,15.565164037380082,False,0.037348165680319165,6.028812712788298,0,,
815,817,0.09454545454545454,25.801743778822456,0.07390909090909091,0.11727272727272728,23.20174377882242,28.101743778822488,False,0.032903150984933446,6.024367698092912,0,,
816,818,0.4090909090909091,22.267244167182287,0.33636363636363636,0.5181818181818182,20.767244167182266,24.067244167182313,False,0.009635891251011417,6.00110043835899,0,,
817,819,0.05818181818181818,16.405427696881898,0.046363636363636364,0.07590909090909091,14.205427696881905,19.305427696881885,True,0.013758896930428404,6.005223444038408,0,,
818,820,0.2818181818181818,11.200162114200415,0.2545454545454545,0.3090909090909091,10.300162114200418,11.900162114200413,True,0.025225162367806662,6.016689709475786,0,,
819,821,0.2909090909090909,4.3,0.24545454545454545,0.35454545454545455,3.0,5.800000000000001,True,0.11375449383596839,6.105219040943948,0,,
820,822,1.309090909090909,4.866963063930724,0.6454545454545454,1.4,0.2669630639307252,5.966963063930724,True,0.0012524208697742955,5.992716967977754,0,,
821,823,0.05090909090909091,21.086753017217358,0.03909090909090909,0.07127272727272727,18.28675301721732,24.386753017217405,True,0.052200787937173095,6.043665335045152,0,,
823,825,0.03,9.134438641641164,0.026363636363636363,0.038181818181818185,7.834438641641169,11.134438641641157,True,0.11015576142421395,6.101620308532193,0,,
824,826,0.4909090909090909,8.879047081405668,0.39090909090909093,0.6545454545454545,7.179047081405674,10.87904708140566,True,0.040779122230857244,6.032243669338836,0,,
825,827,0.04454545454545455,5.486846316295843,0.03363636363636364,0.06272727272727273,3.0868463162958433,8.886846316295841,True,0.12302324901220577,6.1144877961201844,0,,
826,828,0.031818181818181815,7.260959492179504,0.02727272727272727,0.04090909090909091,5.660959492179503,9.460959492179505,True,0.18062938006524093,6.17209392717322,0,,
828,830,0.10545454545454545,20.974419753411,0.08363636363636363,0.12818181818181817,18.674419753410966,23.27441975341103,False,0.03330674996715849,6.024771297075137,0,,
829,831,0.07036363636363636,14.95706009203031,0.06,0.08454545454545455,13.157060092030317,16.857060092030302,False,0.02776842606991784,6.019232973177897,0,,
830,832,0.12272727272727273,16.70208313299585,0.10636363636363637,0.13545454545454547,14.902083132995855,17.902083132995845,False,0.041539119584886805,6.033003666692866,0,,
831,833,0.10727272727272727,6.31669355601519,0.08545454545454545,0.12454545454545454,4.116693556015189,8.216693556015192,False,0.12954368330373905,6.121008230411718,0,,
832,834,0.015909090909090907,14.655670039325344,0.013636363636363636,0.01863636363636364,12.95567003932535,16.155670039325337,True,0.06596862499349614,6.057433172101475,0,,
833,835,0.06909090909090909,25.002067502403072,0.049090909090909095,0.09272727272727273,21.40206750240302,28.30206750240312,True,0.04273131340028818,6.034195860508267,0,,
834,836,0.02727272727272727,10.06474802649386,0.022727272727272728,0.03363636363636364,8.364748026493865,11.964748026493853,True,0.15708922103333145,6.14855376814131,0,,
835,837,0.04363636363636364,7.0870219724811285,0.03363636363636364,0.05818181818181818,4.687021972481126,10.087021972481132,True,0.02243476173155905,6.013899308839538,0,,
836,838,0.16636363636363638,26.245240225858982,0.14454545454545453,0.2181818181818182,24.145240225858952,28.045240225859008,True,0.06184183909065802,6.053306386198637,0,,
837,839,0.2818181818181818,4.1000000000000005,0.2272727272727273,0.33636363636363636,2.8000000000000003,5.2,True,0.3058595448269393,6.297324091934918,0,,
838,840,0.12818181818181817,13.746331512468718,0.09454545454545454,0.16272727272727272,10.24633151246873,16.84633151246871,True,0.034712140592281684,6.026176687700261,0,,
839,841,0.2272727272727273,9.304295007449845,0.1809090909090909,0.2727272727272727,7.90429500744985,10.60429500744984,True,0.04181649405452606,6.033281041162505,0,,
840,842,0.034545454545454546,14.624589674899067,0.023636363636363636,0.05272727272727273,10.92458967489908,19.02458967489905,True,0.002437299221997206,5.993901846329976,0,,
841,843,0.019545454545454546,12.577170820566135,0.016363636363636365,0.023636363636363636,10.87717082056614,14.277170820566129,True,0.00930836258202131,6.00077290969,0,,
842,844,0.2545454545454545,14.364696939961224,0.2090909090909091,0.3,13.064696939961228,15.56469693996122,True,0.009557764439318958,6.001022311547298,0,,
843,845,0.4090909090909091,5.4236696139501035,0.32727272727272727,0.5181818181818182,3.723669613950104,7.223669613950103,True,0.025195140112715512,6.016659687220694,0,,
844,846,0.013181818181818182,22.307573776223855,0.01,0.022727272727272728,19.20757377622381,27.00757377622392,True,0.0032150582132096876,5.994679605321188,0,,
845,847,0.24545454545454545,10.45016431253625,0.2090909090909091,0.2636363636363636,9.550164312536253,10.950164312536248,False,0.30050872568569076,6.29197327279367,0,,
846,848,0.5727272727272728,14.25807889864133,0.4272727272727273,0.8545454545454546,12.058078898641337,17.15807889864132,True,0.05065966855797992,6.042124215665959,0,,
847,849,0.07336363636363635,14.221540658209625,0.060909090909090906,0.08727272727272727,12.221540658209632,16.22154065820962,False,0.011825747015184955,6.003290294123164,0,,
848,850,0.1481818181818182,7.544522894008807,0.12818181818181817,0.16636363636363638,5.7445228940088064,9.34452289400881,False,0.08453657154786816,6.076001118655848,0,,
849,851,0.05090909090909091,13.127936672259352,0.03909090909090909,0.072,10.327936672259362,16.72793667225934,True,0.03735528123345205,6.028819828341431,0,,
850,852,0.023636363636363636,15.128679128734543,0.017727272727272727,0.03363636363636364,12.428679128734553,18.72867912873453,True,0.08193071831183957,6.073395265419818,0,,
851,853,0.08545454545454545,18.06755223469125,0.06818181818181819,0.10818181818181818,15.667552234691255,20.36755223469124,False,0.0870458997634101,6.078510446871389,0,,
852,854,0.07681818181818181,17.371631821417708,0.05545454545454545,0.10363636363636364,13.971631821417718,20.371631821417694,True,0.0033284890233378226,5.994793036131317,0,,
853,855,0.08727272727272727,6.176054171337773,0.0710909090909091,0.11,3.9760541713377715,8.576054171337775,False,0.03721087327599763,6.028675420383976,0,,
854,856,0.2909090909090909,8.65113303989874,0.2545454545454545,0.34545454545454546,7.75113303989874,9.95113303989874,True,0.050488634623443954,6.041953181731423,0,,
855,857,0.13181818181818183,12.090393864625542,0.11,0.1481818181818182,9.89039386462555,13.490393864625537,False,0.0652852084891523,6.0567497555971315,0,,
856,858,0.17545454545454547,11.664972856482201,0.15545454545454546,0.2090909090909091,10.164972856482207,12.664972856482198,True,0.008973631519151964,6.000438178627131,0,,
857,859,0.15363636363636363,8.225011051225788,0.13545454545454547,0.17,6.725011051225787,9.625011051225789,False,0.027759776189947863,6.019224323297927,0,,
858,860,0.02181818181818182,8.584297034623322,0.017272727272727273,0.02727272727272727,6.48429703462332,10.784297034623323,True,0.03354421436783149,6.02500876147581,0,,
859,861,0.011818181818181818,13.507356398581924,0.01,0.014545454545454545,11.80735639858193,15.707356398581917,True,0.06824320940835403,6.059707756516333,0,,
860,862,0.06727272727272728,11.690054072508943,0.053636363636363635,0.08454545454545455,9.290054072508951,14.190054072508934,False,0.04235689728138686,6.033821444389366,0,,
861,863,0.05454545454545455,11.38462636688962,0.03,0.09181818181818181,6.284626366889638,16.284626366889604,True,0.010521719591957704,6.001986266699936,0,,
862,864,0.025454545454545455,16.784327644877926,0.01818181818181818,0.035454545454545454,13.484327644877938,19.984327644877915,True,0.028554844544614627,6.0200193916525935,0,,
863,865,0.14454545454545453,10.514622138230745,0.11181818181818182,0.18363636363636365,7.214622138230757,13.414622138230735,True,0.004234481421333683,5.995699028529312,0,,
864,866,0.011363636363636364,10.747790673016796,0.01,0.013636363636363636,9.5477906730168,12.44779067301679,True,0.05794956644967046,6.049414113557649,0,,
865,867,0.03363636363636364,16.845002850091944,0.026363636363636363,0.04363636363636364,14.545002850091953,19.345002850091937,True,0.07270532384318534,6.064169870951164,0,,
866,868,0.031818181818181815,4.7,0.026363636363636363,0.04,3.0,6.6000000000000005,True,0.16575683616716044,6.1572213832751395,0,,
867,869,0.02,17.951771912537577,0.015,0.028181818181818183,15.351771912537586,21.351771912537565,True,0.0455037853802701,6.036968332488249,0,,
868,870,0.37272727272727274,3.8000000000000003,0.2727272727272727,0.5545454545454546,1.6,6.7,True,0.08937482389494616,6.080839371002925,0,,
869,871,0.06636363636363636,9.567023386393064,0.05181818181818182,0.08363636363636363,6.967023386393073,12.167023386393055,False,0.030042241998413714,6.021506789106393,0,,
870,872,0.23636363636363636,2.7,0.19181818181818183,0.2818181818181818,1.5,4.0,True,0.04341173636135925,6.034876283469338,0,,
871,873,0.025454545454545455,8.33101052011479,0.016363636363636365,0.04363636363636364,4.331010520114786,13.231010520114793,True,0.022397967383779246,6.013862514491758,0,,
872,874,0.3090909090909091,4.1000000000000005,0.24545454545454545,0.39090909090909093,2.5,5.9,True,0.041785432580098536,6.033249979688078,0,,
873,875,0.36363636363636365,7.148094709891007,0.3,0.44545454545454544,5.7480947098910065,8.548094709891009,True,0.0039295708157938685,5.995394117923773,0,,
874,876,0.02,11.13504855824913,0.015454545454545453,0.02727272727272727,8.635048558249139,14.03504855824912,True,0.009092184918732982,6.000556732026712,0,,
876,878,0.09818181818181819,7.1809191039395674,0.07590909090909091,0.11545454545454546,4.680919103939566,8.98091910393957,False,0.08529042919023869,6.076754976298218,0,,
877,879,0.14272727272727273,9.732267872740994,0.12090909090909091,0.16272727272727272,7.7322678727410015,11.732267872740987,False,0.026550538196702698,6.018015085304682,0,,
878,880,0.016363636363636365,9.957192853947248,0.014545454545454545,0.019090909090909092,8.757192853947252,11.257192853947243,True,0.08401482349603007,6.075479370604009,0,,
880,882,0.10454545454545455,10.76320245739905,0.08727272727272727,0.1190909090909091,9.063202457399056,12.363202457399044,False,0.030045212640043815,6.021509759748023,0,,
881,883,0.16090909090909092,7.018594409051638,0.1390909090909091,0.1972727272727273,5.2185944090516365,8.71859440905164,False,0.018174544940253393,6.009639092048232,0,,
882,884,0.02909090909090909,15.880265244133987,0.022727272727272728,0.04,13.380265244133996,18.580265244133976,True,0.017599825170954066,6.009064372278933,0,,
883,885,0.08454545454545455,17.589669516163895,0.06454545454545454,0.10727272727272727,14.489669516163907,20.089669516163887,False,0.02436988132197295,6.015834428429952,0,,
884,886,0.17272727272727273,12.88483970378702,0.15363636363636363,0.2090909090909091,11.284839703787025,13.984839703787015,True,0.11387228462249319,6.105336831730472,0,,
885,887,0.13545454545454547,8.56645693361336,0.11363636363636363,0.15181818181818182,6.266456933613357,10.06645693361336,False,0.12031079305960979,6.111775340167589,0,,
886,888,0.030909090909090907,12.23164740946052,0.025454545454545455,0.038181818181818185,10.131647409460527,13.931647409460513,True,0.11565784070812832,6.107122387816108,0,,
887,889,0.015909090909090907,10.842994700181546,0.013636363636363636,0.02,9.242994700181551,12.942994700181538,True,0.08175068320643733,6.073215230314417,0,,
888,890,0.32727272727272727,2.6,0.23636363636363636,0.4909090909090909,0.2,5.800000000000001,True,0.006167739698332117,5.997632286806311,0,,
889,891,0.38181818181818183,3.4000000000000004,0.2545454545454545,0.6545454545454545,0.4,7.4,True,0.047722077649066164,6.039186624757045,0,,
890,892,0.07909090909090909,12.900703151554664,0.06545454545454546,0.09727272727272727,10.800703151554671,14.900703151554657,False,0.015665048946095425,6.0071295960540745,0,,
891,893,0.02090909090909091,11.72613666118175,0.015909090909090907,0.02727272727272727,9.02613666118176,14.126136661181741,True,0.08811720944331809,6.079581756551297,0,,
892,894,0.013636363636363636,12.672610832412367,0.011363636363636364,0.01681818181818182,10.972610832412373,14.67261083241236,True,0.06803185123836336,6.059496398346343,0,,
893,895,0.02090909090909091,8.83590350813261,0.01818181818181818,0.025454545454545455,7.435903508132615,10.535903508132604,True,0.07082001244383349,6.062284559551813,0,,
894,896,0.04363636363636364,12.136956279132686,0.03272727272727273,0.056363636363636366,9.536956279132696,14.836956279132677,True,0.03817207399596085,6.02963662110394,0,,
895,897,0.053636363636363635,15.429326189770208,0.045454545454545456,0.06545454545454546,13.629326189770214,17.4293261897702,False,0.004224954755128853,5.995689501863108,0,,
896,898,0.03636363636363636,6.593265033361617,0.02909090909090909,0.04272727272727273,4.693265033361618,8.193265033361616,False,0.15987623036078358,6.1513407774687625,0,,
897,899,0.36363636363636365,5.948760524745562,0.3181818181818182,0.4181818181818182,4.948760524745561,6.9487605247455635,True,0.044000900560903035,6.035465447668882,0,,
898,900,0.022727272727272728,6.545930761801324,0.01863636363636364,0.028181818181818183,4.6459307618013215,8.745930761801326,True,0.00631302830679943,5.997777575414778,0,,
899,901,0.34545454545454546,6.584494208088805,0.2727272727272727,0.44545454545454544,4.984494208088804,8.484494208088808,True,0.05435912624082076,6.0458236733488,0,,
900,902,0.16818181818181818,7.775582957013293,0.15181818181818182,0.2,6.17558295701329,8.875582957013293,False,0.09257496050654475,6.0840395076145235,0,,
901,903,0.016363636363636365,10.89272922218795,0.013636363636363636,0.02090909090909091,9.192729222187957,13.192729222187943,True,0.03496951442874724,6.026434061536726,0,,
902,904,0.019090909090909092,11.022485700680097,0.015454545454545453,0.023636363636363636,9.122485700680103,12.92248570068009,True,0.04328708474755313,6.034751631855532,0,,
903,905,0.022727272727272728,11.216825041765928,0.01818181818181818,0.02909090909090909,9.016825041765935,13.816825041765918,True,0.03506222461421573,6.026526771722195,0,,
904,906,0.014090909090909091,9.829831686715348,0.011818181818181818,0.017272727272727273,7.929831686715355,11.729831686715341,True,0.019848965153625792,6.011313512261605,0,,
905,907,0.10818181818181818,8.971129966300014,0.08545454545454545,0.12818181818181817,6.571129966300012,11.071129966300015,False,0.05441954439963094,6.04588409150761,0,,
906,908,0.01863636363636364,16.444213904926634,0.014545454545454545,0.024545454545454544,14.044213904926643,19.044213904926625,True,0.09844706211363019,6.089911609221609,0,,
907,909,0.04,6.006788947262906,0.031818181818181815,0.046363636363636364,4.006788947262906,7.606788947262905,False,0.20962081782669706,6.201085364934676,0,,
908,910,0.1890909090909091,12.933643805129716,0.16818181818181818,0.2090909090909091,12.233643805129718,13.533643805129714,False,0.06536920129636446,6.056833748404343,0,,
909,911,0.014090909090909091,3.9000000000000004,0.011363636363636364,0.017727272727272727,1.8,6.0,True,0.008042246017915191,5.999506793125894,0,,
910,912,0.04454545454545455,5.897757394013583,0.035454545454545454,0.056363636363636366,3.797757394013581,8.297757394013585,True,0.0359894758605316,6.02745402296851,0,,
911,913,0.44545454545454544,12.901402933792133,0.35454545454545455,0.5909090909090908,11.201402933792139,15.001402933792125,True,0.012195131744255547,6.003659678852235,0,,
912,914,0.023636363636363636,12.558093393588848,0.019090909090909092,0.026363636363636363,10.658093393588855,13.658093393588844,True,0.5600121305846971,6.551476677692676,0,,
913,915,0.06545454545454546,13.620794065416582,0.05181818181818182,0.08272727272727273,11.42079406541659,16.220794065416573,False,0.024347067254966662,6.015811614362946,0,,
914,916,0.17272727272727273,5.325107297738337,0.15545454545454546,0.2181818181818182,3.825107297738337,6.625107297738337,False,0.10353906485853406,6.095003611966513,0,,
916,918,0.23636363636363636,14.493884395852856,0.2090909090909091,0.2636363636363636,13.793884395852858,15.193884395852853,False,0.06565055587229811,6.057115102980277,0,,
917,919,0.014090909090909091,11.309490746703247,0.011818181818181818,0.01863636363636364,9.209490746703255,14.109490746703237,True,0.11263667294201467,6.104101220049993,0,,
919,921,0.05,5.707697223441825,0.04181818181818182,0.06181818181818182,3.707697223441825,7.707697223441824,False,0.15424576395207118,6.14571031106005,0,,
920,922,0.16454545454545455,11.91326887330184,0.1409090909090909,0.2,9.713268873301848,13.513268873301834,True,0.03198924015017794,6.023453787258157,0,,
921,923,0.13181818181818183,7.906769150310516,0.09909090909090909,0.16454545454545455,4.406769150310512,10.806769150310519,True,0.021343505239210324,6.012808052347189,0,,
922,924,0.24545454545454545,3.5,0.1781818181818182,0.32727272727272727,1.6,5.4,True,0.03765563270800044,6.02912017981598,0,,
923,925,0.2,9.109546816138675,0.16454545454545455,0.24545454545454545,7.5095468161386805,10.30954681613867,True,0.06988633691340719,6.061350884021386,0,,
924,926,0.01090909090909091,14.55029960205909,0.01,0.014545454545454545,13.550299602059093,17.65029960205908,True,0.14146712804886338,6.132931675156843,0,,
925,927,0.17,4.3,0.1572727272727273,0.1972727272727273,3.2,5.1000000000000005,False,0.035336961507906856,6.026801508615886,0,,
926,928,0.019545454545454546,5.954242564756038,0.015909090909090907,0.024545454545454544,4.054242564756037,7.85424256475604,True,0.23347967760130978,6.224944224709289,0,,
927,929,0.011363636363636364,15.653485600629084,0.01,0.014545454545454545,14.253485600629089,18.353485600629075,True,0.05943328161472855,6.050897828722707,0,,
928,930,0.2818181818181818,12.419411501847136,0.2545454545454545,0.3181818181818182,11.819411501847139,13.319411501847133,True,0.07387658971254643,6.065341136820526,0,,
929,931,0.03,9.794153622243964,0.023636363636363636,0.04363636363636364,7.094153622243974,13.094153622243953,True,0.04740474021017216,6.0388692873181515,0,,
930,932,0.024545454545454544,10.236439373164433,0.01818181818181818,0.03272727272727273,7.536439373164443,13.036439373164423,True,0.06165792381992139,6.0531224709279,0,,
931,933,0.03,6.566614427042346,0.022727272727272728,0.04272727272727273,3.4666144270423427,9.666614427042347,True,0.017507605641529166,6.008972152749508,0,,
932,934,0.2818181818181818,8.73910069034861,0.2545454545454545,0.3181818181818182,7.93910069034861,9.539100690348612,False,0.09002839900444956,6.081492946112428,0,,
933,935,0.025454545454545455,8.409017454200118,0.01863636363636364,0.031818181818181815,5.409017454200116,10.70901745420012,True,0.11765690305079789,6.109121450158777,0,,
934,936,0.23636363636363636,5.6012310953586715,0.2,0.2727272727272727,4.801231095358672,6.501231095358671,False,0.3824192727038202,6.373883819811799,0,,
935,937,0.07,10.092819961737222,0.056363636363636366,0.08636363636363636,7.79281996173723,12.392819961737214,False,0.020965279353398335,6.012429826461378,0,,
936,938,0.022727272727272728,12.484831860265652,0.017727272727272727,0.02909090909090909,10.28483186026566,14.984831860265643,True,0.06241732662223264,6.053881873730211,0,,
937,939,0.15363636363636363,12.929901828482942,0.13363636363636364,0.1809090909090909,11.229901828482948,14.629901828482936,True,0.07496400615609836,6.066428553264077,0,,
938,940,0.16090909090909092,11.886259009108484,0.1409090909090909,0.18636363636363637,10.08625900910849,13.286259009108479,True,0.12865291720727368,6.1201174643152525,0,,
939,941,0.1590909090909091,11.767264356040382,0.1409090909090909,0.1781818181818182,10.067264356040388,13.067264356040377,False,0.029222808419117344,6.020687355527096,0,,
940,942,0.02727272727272727,12.131095162104387,0.02,0.035454545454545454,9.231095162104397,14.431095162104379,True,0.11171193746101132,6.103176484568991,0,,
941,943,0.034545454545454546,5.283719605111852,0.02909090909090909,0.04272727272727273,3.7837196051118522,7.183719605111851,False,0.06926630712019796,6.060730854228177,0,,
942,944,0.14454545454545453,9.474797676742165,0.1190909090909091,0.16818181818181818,6.974797676742174,11.674797676742157,True,0.01796423801490655,6.009428785122886,0,,
944,946,0.022727272727272728,7.91531185195836,0.016363636363636365,0.030909090909090907,5.015311851958357,11.015311851958362,True,0.015166210746177489,6.006630757854157,0,,
945,947,0.32727272727272727,11.735346878382328,0.2818181818181818,0.39090909090909093,10.635346878382332,12.935346878382324,True,0.016141831725254317,6.007606378833233,0,,
946,948,0.4909090909090909,5.254454288458997,0.2909090909090909,1.0818181818181818,1.2544542884589975,10.554454288458995,True,0.005777776919228009,5.997242324027207,0,,
947,949,0.14454545454545453,11.209288026777498,0.11727272727272728,0.17272727272727273,8.609288026777508,13.50928802677749,True,0.016469895599205732,6.007934442707184,0,,
948,950,0.04272727272727273,8.809498597492206,0.03,0.060909090909090906,5.709498597492217,12.409498597492194,True,0.0034966692828729677,5.994961216390852,0,,
950,952,0.02181818181818182,15.54116615189537,0.01818181818181818,0.02727272727272727,13.641166151895376,17.741166151895364,True,0.13231615710078853,6.123780704208768,0,,
951,953,0.34545454545454546,4.6000000000000005,0.3,0.4,3.6,5.800000000000001,True,0.03204305567918518,6.023507602787165,0,,
952,954,0.16454545454545455,10.351914816777633,0.14454545454545453,0.2,8.45191481677764,11.851914816777628,True,0.019922637071875554,6.0113871841798545,0,,
953,955,0.35454545454545455,2.8000000000000003,0.2181818181818182,0.7454545454545455,0.0,7.9,True,0.002186660090456718,5.993651207198436,0,,
954,956,0.03727272727272728,4.6000000000000005,0.03,0.04454545454545455,2.8000000000000003,6.4,False,0.013182399068453164,6.0046469461764325,0,,
955,957,0.08909090909090908,12.8280977370499,0.07072727272727274,0.11,10.228097737049909,14.928097737049892,False,0.05377810541287791,6.045242652520857,0,,
957,959,0.04090909090909091,11.662759835610542,0.02909090909090909,0.05818181818181818,8.662759835610553,15.26275983561053,True,0.022770125861710955,6.01423467296969,0,,
958,960,0.02090909090909091,10.915452261768397,0.015909090909090907,0.026363636363636363,8.515452261768406,13.315452261768389,True,0.04593223144132907,6.037396778549308,0,,
960,962,0.08727272727272727,10.428283440635713,0.06,0.12090909090909091,6.328283440635728,13.9282834406357,True,0.009181231986584722,6.0006457790945635,0,,
961,963,0.028181818181818183,15.24854791842463,0.02090909090909091,0.038181818181818185,12.348547918424641,17.948547918424623,True,0.048042230133893464,6.039506777241873,0,,
962,964,0.026363636363636363,8.393925660125245,0.02181818181818182,0.031818181818181815,6.493925660125242,10.293925660125247,True,0.005435865559437333,5.996900412667417,0,,
963,965,0.07036363636363636,13.138887199693574,0.05545454545454545,0.08727272727272727,10.638887199693583,15.538887199693566,False,0.02172209673314605,6.0131866438411254,0,,
964,966,0.04727272727272727,6.254084164467684,0.035454545454545454,0.060909090909090906,3.454084164467681,8.954084164467687,True,0.08138185966442234,6.072846406772402,0,,
965,967,0.2909090909090909,2.6,0.2727272727272727,0.33636363636363636,2.1,3.6,True,0.42894215657421053,6.42040670368219,0,,
966,968,0.1809090909090909,8.952868436999866,0.1590909090909091,0.2090909090909091,7.552868436999871,9.952868436999863,False,0.12321823827202413,6.114682785380003,0,,
967,969,0.053636363636363635,5.412044488471702,0.045454545454545456,0.06363636363636364,3.712044488471702,7.112044488471701,False,0.0156427178139428,6.007107264921922,0,,
968,970,0.060909090909090906,10.260901440913607,0.04090909090909091,0.08909090909090908,6.260901440913621,14.360901440913592,True,0.014414577942108025,6.005879125050087,0,,
969,971,0.031818181818181815,8.30065363906781,0.024545454545454544,0.04181818181818182,5.7006536390678075,10.700653639067813,True,0.02284771165612948,6.014312258764108,0,,
970,972,0.05818181818181818,5.4821395987842845,0.04454545454545455,0.07636363636363636,2.6821395987842847,8.482139598784283,True,0.050060789991399894,6.041525337099379,0,,
971,973,0.16818181818181818,13.367376664075403,0.15,0.2,11.667376664075409,14.467376664075399,True,0.017317041773360162,6.008781588881339,0,,
973,975,0.13727272727272727,12.334393801956004,0.11727272727272728,0.15363636363636363,10.434393801956011,13.834393801955999,False,0.05397683492710935,6.045441382035088,0,,
974,976,0.015909090909090907,12.30264934400129,0.013181818181818182,0.02,10.302649344001297,14.502649344001282,True,0.04650250981907263,6.037967056927052,0,,
975,977,0.36363636363636365,5.066491544692806,0.3,0.44545454545454544,3.5664915446928056,6.666491544692806,True,0.037114888514779704,6.028579435622759,0,,
976,978,0.15545454545454546,11.935709405205257,0.13727272727272727,0.17,10.335709405205263,13.335709405205252,False,0.08168863067758675,6.073153177785565,0,,
977,979,0.07390909090909091,6.559766401948484,0.05909090909090909,0.09272727272727273,4.059766401948481,8.859766401948486,False,0.0018658185064278393,5.993330365614407,0,,
978,980,0.010454545454545454,10.151876441423884,0.01,0.015,9.451876441423886,13.751876441423871,True,0.03937195974257836,6.030836506850558,0,,
979,981,0.014545454545454545,12.134459106967547,0.011818181818181818,0.02,10.134459106967554,14.934459106967537,True,0.05836776727111813,6.049832314379097,0,,
980,982,0.07072727272727274,10.652206726058296,0.04454545454545455,0.11363636363636363,5.9522067260583125,15.552206726058278,True,0.0029157326954272252,5.994380279803407,0,,
981,983,0.056363636363636366,14.940937135964722,0.04454545454545455,0.07309090909090908,12.340937135964731,17.740937135964714,True,0.01087248338683467,6.002337030494814,0,,
982,984,0.04454545454545455,7.789677015119421,0.03,0.06363636363636364,4.3896770151194175,11.389677015119425,True,0.032377807978274144,6.023842355086253,0,,
983,985,0.012272727272727272,14.53184400179314,0.01,0.016363636363636365,12.331844001793147,17.43184400179313,True,0.02102507420632049,6.012489621314299,0,,
984,986,0.2090909090909091,3.0,0.16454545454545455,0.2545454545454545,1.4000000000000001,4.2,False,0.03864298392825631,6.0301075310362355,0,,
985,987,0.014090909090909091,8.812954661899482,0.010454545454545454,0.019545454545454546,5.912954661899479,11.812954661899484,True,0.011876149642904905,6.003340696750884,0,,
986,988,0.12272727272727273,6.56040846271409,0.09363636363636364,0.15,3.560408462714087,8.960408462714092,False,0.005284485310544044,5.996749032418523,0,,
987,989,0.38181818181818183,5.463637000465943,0.3181818181818182,0.4545454545454546,4.063637000465944,6.663637000465943,True,0.007824612754086403,5.999289159862065,0,,
988,990,0.23636363636363636,8.868166238592579,0.1781818181818182,0.2909090909090909,7.268166238592578,10.26816623859258,True,0.08753094709070063,6.078995494198679,0,,
989,991,0.09818181818181819,8.916579001978311,0.07909090909090909,0.11545454545454546,6.81657900197831,10.716579001978314,False,0.008701326611444777,6.000165873719424,0,,
990,992,0.13,9.935786070806389,0.10545454545454545,0.15545454545454546,7.335786070806398,12.13578607080638,False,0.00999920006260666,6.001463747170586,0,,
992,994,0.2181818181818182,13.038386056990388,0.17545454545454547,0.24545454545454545,11.938386056990392,13.838386056990386,True,0.2904499720205835,6.281914519128563,0,,
993,995,0.02090909090909091,11.087771030265644,0.016363636363636365,0.026363636363636363,8.887771030265652,13.287771030265636,True,0.040153938481848485,6.031618485589828,0,,
994,996,0.16454545454545455,11.108256153864398,0.14636363636363636,0.18363636363636365,9.508256153864403,11.908256153864395,False,0.260615503455649,6.252080050563628,0,,
995,997,0.016363636363636365,12.366961942230631,0.012272727272727272,0.024545454545454544,9.466961942230641,15.966961942230618,True,0.011197877828105145,6.0026624249360845,0,,
996,998,0.2090909090909091,5.935164549923774,0.17,0.2545454545454545,4.835164549923773,7.235164549923775,True,0.15564044742649474,6.147104994534474,0,,
998,1000,0.030909090909090907,10.862755727525116,0.024545454545454544,0.04090909090909091,8.462755727525124,13.262755727525107,True,0.01076685250119067,6.00223139960917,0,,
999,1001,0.035454545454545454,7.198046135175327,0.02727272727272727,0.04272727272727273,4.698046135175325,9.098046135175329,True,0.09585268971418406,6.087317236822163,0,,
1000,1002,0.2181818181818182,6.653238797857142,0.17545454545454547,0.2727272727272727,5.553238797857141,8.053238797857144,True,0.010650932574935146,6.002115479682915,0,,
1001,1003,0.18363636363636365,5.409117253550449,0.1481818181818182,0.23636363636363636,2.90911725355045,6.909117253550449,True,0.06836439495600463,6.059828942063984,0,,
1002,1004,0.5545454545454546,3.5,0.3181818181818182,1.2636363636363637,0.0,8.700000000000001,True,0.0013862881584344577,5.992850835266413,0,,
1003,1005,0.057272727272727274,10.34205967001696,0.04454545454545455,0.07363636363636364,7.842059670016969,13.04205967001695,True,0.006710909203279004,5.998175456311258,0,,
1004,1006,0.034545454545454546,11.67155355939131,0.026363636363636363,0.04727272727272727,9.171553559391318,14.671553559391299,True,0.0004523240570030251,5.991916871164982,0,,
1005,1007,0.06454545454545454,6.61486702762823,0.04272727272727273,0.09909090909090909,2.3148670276282264,11.114867027628236,True,0.00717954764048072,5.998644094748459,0,,
1006,1008,0.12818181818181817,11.520838113568699,0.09636363636363636,0.15545454545454546,8.12083811356871,13.92083811356869,True,0.01675658427536148,6.0082211313833405,0,,
1007,1009,0.07072727272727274,6.920611063030085,0.05090909090909091,0.09454545454545454,3.820611063030082,9.920611063030087,True,0.013700280742743404,6.005164827850723,0,,
1008,1010,0.03636363636363636,10.423292800694316,0.026363636363636363,0.05181818181818182,7.5232928006943265,13.923292800694304,True,0.03116655826714675,6.022631105375126,0,,
1009,1011,0.013181818181818182,10.836979000021303,0.01,0.016363636363636365,8.436979000021312,13.036979000021296,True,0.09136194658195498,6.082826493689934,0,,
1010,1012,0.05909090909090909,5.672738293496361,0.03909090909090909,0.08636363636363636,1.572738293496362,9.77273829349636,True,0.036430207947508855,6.027894755055488,0,,
1011,1013,0.016363636363636365,9.239539886608892,0.013636363636363636,0.022727272727272728,7.439539886608898,12.139539886608882,True,0.1348970989132829,6.1263616460212615,0,,
1012,1014,0.06454545454545454,6.640056886767753,0.04181818181818182,0.09727272727272727,2.1400568867677485,10.840056886767755,True,0.013688730230868848,6.005153277338848,0,,
1013,1015,0.44545454545454544,4.3,0.3,0.7727272727272727,1.4000000000000001,8.3,True,0.004417237205336253,5.995881784313315,0,,
1014,1016,0.4727272727272727,1.4000000000000001,0.36363636363636365,1.0454545454545454,0.0,6.5,True,0.0010757563177165906,5.992540303425695,0,,
1015,1017,0.13363636363636364,6.562798965207163,0.10818181818181818,0.15545454545454546,3.9627989652071602,8.462798965207163,False,0.007064646895291733,5.998529194003271,0,,
1016,1018,0.023636363636363636,12.717546226962646,0.015,0.03909090909090909,8.71754622696266,17.31754622696263,True,0.012947219764364604,6.004411766872344,0,,
1018,1020,0.04090909090909091,3.3000000000000003,0.02909090909090909,0.06,0.4,7.300000000000001,True,0.06173929126123178,6.05320383836921,0,,
1020,1022,0.02727272727272727,11.529150257617353,0.01863636363636364,0.03909090909090909,7.929150257617366,14.92915025761734,True,0.055175989158316924,6.046640536266296,0,,
1021,1023,0.17272727272727273,10.856185413085976,0.15181818181818182,0.2090909090909091,9.056185413085982,11.956185413085972,True,0.006319650735306044,5.997784197843285,0,,
1022,1024,0.05272727272727273,5.859850324031761,0.038181818181818185,0.07,2.459850324031762,8.759850324031762,True,0.08155783616838272,6.073022383276362,0,,
1023,1025,0.07127272727272727,10.70216207790233,0.056363636363636366,0.09,8.102162077902339,13.20216207790232,False,0.003259060931628856,5.994723608039608,0,,
1024,1026,0.03,5.434753328946603,0.022727272727272728,0.04090909090909091,2.6347533289466027,7.934753328946603,True,0.08592101475434143,6.077385561862321,0,,
1025,1027,0.05181818181818182,6.101863965645868,0.03727272727272728,0.07545454545454545,2.8018639656458646,9.90186396564587,True,0.026418728847565003,6.017883275955544,0,,
1026,1028,0.017727272727272727,10.962738952514469,0.014090909090909091,0.022727272727272728,8.862738952514476,13.062738952514461,True,0.03846700105300397,6.029931548160983,0,,
1027,1029,0.015909090909090907,6.939375732010932,0.012272727272727272,0.022727272727272728,4.53937573201093,10.039375732010935,True,0.07831294542780097,6.06977749253578,0,,
1028,1030,0.1190909090909091,11.456260324764402,0.09909090909090909,0.1390909090909091,9.25626032476441,13.356260324764396,False,0.014872025697104038,6.0063365728050835,0,,
1029,1031,0.11181818181818182,3.8000000000000003,0.08272727272727273,0.13545454545454547,0.8,6.1000000000000005,False,0.04090546963987544,6.032370016747855,0,,
1030,1032,0.022727272727272728,13.730537709937785,0.017272727272727273,0.030909090909090907,11.230537709937794,16.830537709937772,True,0.018789431303009706,6.010253978410989,0,,
1031,1033,0.23636363636363636,3.7,0.17545454545454547,0.3,2.0,5.4,True,0.0015166405591188182,5.992981187667098,0,,
1032,1034,0.13727272727272727,8.197830676404521,0.10181818181818182,0.17,4.797830676404518,11.097830676404524,True,0.01989472732009283,6.011359274428072,0,,
1033,1035,0.37272727272727274,21.375251063777892,0.2636363636363636,0.5454545454545454,18.775251063777855,24.17525106377793,True,0.05666044141408737,6.0481249885220665,0,,
1034,1036,0.02,14.871226967668129,0.014090909090909091,0.02909090909090909,11.67122696766814,18.371226967668115,True,0.039191333544801574,6.03065588065278,0,,
1036,1038,0.3090909090909091,3.8000000000000003,0.23636363636363636,0.4,1.7000000000000002,5.9,True,0.10737247259115851,6.098837019699138,0,,
1037,1039,1.1,15.75734301074626,0.6363636363636364,1.4,11.757343010746274,17.757343010746254,False,0.0022240097330227986,5.993688556841001,0,,
1038,1040,0.013636363636363636,11.242315536923375,0.01,0.023636363636363636,7.942315536923386,16.542315536923354,True,0.030772536165237754,6.022237083273216,0,,
1039,1041,0.09909090909090909,14.404598982813386,0.07363636363636364,0.12818181818181817,11.404598982813397,17.504598982813377,False,0.016736444393285678,6.008200991501265,0,,
1041,1043,0.5363636363636364,7.383571925639576,0.37272727272727274,0.9272727272727272,4.6835719256395745,11.18357192563958,True,0.012176046091020108,6.003640593198999,0,,
1042,1044,0.03,6.5640948852433905,0.023636363636363636,0.03909090909090909,4.064094885243388,8.664094885243392,True,0.037009669808525915,6.028474216916505,0,,
1043,1045,0.2545454545454545,4.3,0.2,0.3181818181818182,2.9000000000000004,5.800000000000001,True,0.03284624553715477,6.024310792645134,0,,
1045,1047,0.06545454545454546,17.437786945629075,0.04090909090909091,0.11,12.837786945629091,22.837786945629055,True,0.008472673717306091,5.999937220825285,0,,
1046,1048,0.02909090909090909,6.997502657148241,0.022727272727272728,0.03909090909090909,4.497502657148239,9.597502657148244,True,0.023815126055399705,6.015279673163379,0,,
1047,1049,0.13545454545454547,8.547734761485628,0.11181818181818182,0.1572727272727273,6.147734761485626,10.54773476148563,False,0.017776672172515322,6.0092412192804945,0,,
1048,1050,0.1,12.851370786345393,0.07363636363636364,0.12636363636363637,9.751370786345404,15.751370786345383,False,0.00687233355962847,5.998336880667607,0,,
1050,1052,0.035454545454545454,29.745254192927515,0.017727272727272727,0.04090909090909091,23.04525419292742,30.445254192927525,False,0.009646494072218986,6.001111041180198,0,,
1051,1053,0.12272727272727273,30.44526333580624,0.07227272727272727,0.12636363636363637,25.045263335806162,30.44526333580624,False,0.1515779538543483,6.143042500962327,0,,
1052,1054,0.034545454545454546,6.727851351561532,0.028181818181818183,0.04090909090909091,4.9278513515615305,8.327851351561534,True,0.0016488828117935885,5.993113429919773,0,,
1053,1055,0.024545454545454544,5.824495789959168,0.017727272727272727,0.031818181818181815,2.924495789959169,8.424495789959167,True,0.06355778392613977,6.0550223310341185,0,,
1054,1056,0.5636363636363636,6.412107622640591,0.2909090909090909,1.2636363636363637,1.7121076226405867,11.712107622640595,True,0.0001325751120079522,5.991597122219987,0,,
1055,1057,0.030909090909090907,11.759582748691189,0.02181818181818182,0.04727272727272727,8.159582748691202,15.659582748691175,True,0.015373465818074706,6.006838012926054,0,,
1056,1058,0.10636363636363637,20.808271591688232,0.08454545454545455,0.1190909090909091,18.608271591688244,22.30827159168823,False,0.21416818175375713,6.205632728861736,0,,
1057,1059,0.04090909090909091,20.920935244626875,0.02909090909090909,0.060909090909090906,17.72093524462683,25.220935244626936,True,0.034004709144342414,6.025469256252322,0,,
1059,1061,0.2818181818181818,2.8000000000000003,0.24545454545454545,0.34545454545454546,1.7000000000000002,4.4,True,0.13079244447883875,6.122256991586818,0,,
1060,1062,0.13727272727272727,13.665349822768995,0.1190909090909091,0.15363636363636363,11.965349822769001,15.06534982276899,False,0.0068012453998228094,5.998265792507802,0,,
1061,1063,0.08,15.458475900125798,0.060909090909090906,0.10727272727272727,12.458475900125809,18.258475900125788,True,0.027185031813156537,6.018649578921136,0,,
1062,1064,0.016363636363636365,5.299973109948675,0.013636363636363636,0.02090909090909091,3.499973109948675,7.499973109948674,True,0.010768018680667027,6.002232565788646,0,,
1063,1065,0.026363636363636363,14.551764869936244,0.02181818181818182,0.03363636363636364,12.551764869936251,17.051764869936235,True,0.11517827583356906,6.106642822941548,0,,
1064,1066,0.026363636363636363,15.646648828837545,0.02,0.031818181818181815,13.046648828837554,17.646648828837538,True,0.21543643675701382,6.206900983864993,0,,
1065,1067,0.12090909090909091,18.467930296359764,0.09545454545454546,0.14636363636363636,15.967930296359773,20.667930296359756,False,0.0130330766358971,6.004497623743876,0,,
1066,1068,0.03272727272727273,10.447842516143844,0.02727272727272727,0.04090909090909091,8.64784251614385,12.347842516143837,True,0.06191803022382543,6.053382577331805,0,,
1067,1069,0.06454545454545454,5.6315972441059206,0.05090909090909091,0.07772727272727273,3.2315972441059206,7.83159724410592,False,0.10203773358717222,6.0935022806951515,0,,
1068,1070,0.03,5.403399115564389,0.026363636363636363,0.03909090909090909,4.003399115564389,7.603399115564388,True,0.1560652265817954,6.147529773689774,0,,
1069,1071,0.04363636363636364,7.1516133386337755,0.03272727272727273,0.060909090909090906,4.4516133386337735,10.451613338633777,True,0.023805919840260936,6.01527046694824,0,,
1070,1072,0.1481818181818182,8.733469471961453,0.1190909090909091,0.1809090909090909,6.133469471961449,11.033469471961453,True,7.920339092626714e-05,5.991543750498906,0,,
1071,1073,0.2818181818181818,6.038454139430132,0.23636363636363636,0.33636363636363636,4.938454139430131,7.238454139430133,True,0.026981757099722056,6.018446304207701,0,,
1072,1074,0.07309090909090908,10.310711392217438,0.05909090909090909,0.09090909090909091,8.010711392217447,12.71071139221743,False,0.00424445376466997,5.995709000872649,0,,
1073,1075,0.06545454545454546,16.14621402023819,0.04454545454545455,0.09454545454545454,12.246214020238204,20.046214020238175,True,4.908168395840007e-05,5.991513628791937,0,,
1074,1076,0.2272727272727273,4.2,0.19454545454545455,0.2636363636363636,3.4000000000000004,5.2,True,0.20212586403524355,6.193590411143223,0,,
1075,1077,0.07636363636363636,7.539405072122649,0.04818181818181819,0.1190909090909091,2.739405072122645,12.339405072122652,True,0.005017098940005642,5.996481646047985,0,,
1076,1078,0.10636363636363637,10.439215006968317,0.08454545454545455,0.12818181818181817,8.139215006968325,12.739215006968308,False,0.024907157332840817,6.01637170444082,0,,
1077,1079,0.08545454545454545,8.211976965728116,0.06909090909090909,0.10454545454545455,5.911976965728114,10.111976965728118,False,0.028546275477822396,6.020010822585801,0,,
1078,1080,0.04,25.212893628732747,0.02181818181818182,0.06727272727272728,20.112893628732675,30.112893628732817,True,0.00039356187337059867,5.99185810898135,0,,
1079,1081,0.33636363636363636,9.39656297150719,0.2818181818181818,0.39090909090909093,8.096562971507195,10.596562971507186,True,0.029980326313272382,6.021444873421252,0,,
1080,1082,0.17272727272727273,7.137402066446187,0.13,0.2636363636363636,3.4374020664461837,9.53740206644619,True,0.010707351068888748,6.002171898176868,0,,
1081,1083,0.017272727272727273,11.79797336626958,0.014090909090909091,0.022727272727272728,9.797973366269588,14.297973366269572,True,0.12927564600939878,6.120740193117378,0,,
1082,1084,0.18636363636363637,10.985884949367202,0.1590909090909091,0.2181818181818182,9.385884949367208,11.985884949367199,True,0.08397355791855475,6.075438105026533,0,,
1083,1085,0.3,4.4,0.23636363636363636,0.38181818181818183,2.6,6.2,True,0.07123303376702267,6.062697580875001,0,,
1084,1086,0.02,17.650189187125257,0.015454545454545453,0.02727272727272727,15.250189187125267,20.55018918712525,True,0.021273874008734664,6.012738421116714,0,,
1085,1087,0.17,18.3985293630652,0.1390909090909091,0.2181818181818182,15.498529363065213,19.998529363065195,True,0.04216012062442379,6.033624667732403,0,,
1086,1088,0.06,6.747245832397433,0.04727272727272727,0.07818181818181819,4.447245832397431,9.647245832397434,True,0.019826058130988988,6.011290605238968,0,,
1087,1089,0.03636363636363636,11.106154038428938,0.028181818181818183,0.046363636363636364,9.006154038428946,13.50615403842893,True,0.07934078463393858,6.0708053317419175,0,,
1089,1091,0.18363636363636365,9.218686748637197,0.14636363636363636,0.23636363636363636,6.818686748637205,10.718686748637191,True,0.0357580870212971,6.027222634129276,0,,
1090,1092,0.06727272727272728,15.484553163000813,0.049090909090909095,0.08909090909090908,12.184553163000825,18.6845531630008,True,0.030495172459569342,6.0219597195675485,0,,
1091,1093,0.04,6.891580620579547,0.030909090909090907,0.049090909090909095,4.5915806205795455,9.19158062057955,True,0.12169034022639819,6.113154887334377,0,,
