index,file_lineno,best_mass,best_AV,mass_min,mass_max,AV_min,AV_max,intersects,min_chi2,chi2_threshold,dof_gof,passes_gof,p_value
1,3,0.1481818181818182,7.729739496397691,0.1390909090909091,0.1590909090909091,6.929739496397694,8.629739496397688,False,18.813000769906616,24.804465317014596,4,False,0.0008552901951809768
2,4,0.02,3.4000000000000004,0.01818181818181818,0.022727272727272728,2.4000000000000004,4.6000000000000005,True,13.274943256187735,19.266407803295714,4,False,0.010007654603845617
3,5,0.10545454545454545,7.9769516650434955,0.09545454545454546,0.11363636363636363,6.976951665043499,8.976951665043492,False,3.872228786299993,9.863693333407973,4,True,0.4235738834686915
5,7,0.14454545454545453,11.439708623805757,0.14272727272727273,0.1481818181818182,11.439708623805757,11.639708623805756,False,321.7583442131962,327.7498087603042,4,False,2.1890429140350844e-68
6,8,0.2818181818181818,21.24440583135169,0.2545454545454545,0.3181818181818182,20.444405831351677,22.244405831351703,False,145.80912998769085,151.80059453479882,4,False,1.609240606278594e-30
8,10,0.06363636363636364,14.491192616101713,0.05545454545454545,0.07281818181818181,12.991192616101719,15.991192616101708,False,1.4463730036079725,7.437837550715951,4,True,0.8360964450746419
9,11,0.34545454545454546,2.7963236535233733,0.33636363636363636,0.36363636363636365,2.596323653523373,3.1963236535233737,False,309.86206490082105,315.853529447929,4,False,8.076814074075634e-66
11,13,0.33636363636363636,6.265928577403327,0.3181818181818182,0.35454545454545455,5.865928577403326,6.665928577403327,True,4.551753465041414,10.543218012149392,4,True,0.33645489022671193
12,14,0.13,16.182900444656187,0.13,0.13181818181818183,16.182900444656187,16.182900444656187,False,29087.333056263262,29093.32452081037,4,False,0.0
13,15,0.015909090909090907,14.813710996406064,0.013636363636363636,0.019545454545454546,13.21371099640607,17.013710996406054,False,50.1954400150089,56.18690456211688,4,False,3.28701177481932e-10
14,16,0.1590909090909091,7.783585917841066,0.1481818181818182,0.16818181818181818,6.783585917841069,8.683585917841063,False,5.14102395296978,11.13248850007776,4,True,0.2731312090039043
15,17,0.16636363636363638,8.996132910191802,0.1590909090909091,0.19181818181818183,8.196132910191805,10.096132910191798,False,22.435530711881075,28.426995258989052,4,False,0.00016412630293761914
16,18,0.3,7.831571143945242,0.2727272727272727,0.3181818181818182,7.031571143945245,8.33157114394524,False,26.77648718254203,32.76795172965001,4,False,2.2058067821138284e-05
17,19,0.2818181818181818,16.961330258055533,0.24545454545454545,0.3090909090909091,15.861330258055537,17.66133025805553,False,13.403707681759906,19.395172228867885,4,False,0.009462744871627567
18,20,0.08727272727272727,12.535051990866014,0.07863636363636364,0.10090909090909092,11.435051990866018,13.93505199086601,False,27.960472661069534,33.95193720817751,4,False,1.2705131688340306e-05
20,22,0.7636363636363637,15.737146562444124,0.7545454545454545,0.8363636363636364,15.737146562444124,16.337146562444122,False,343.5224877097725,349.5139522568805,4,False,4.390216232841426e-73
21,23,0.35454545454545455,6.669143730842486,0.32727272727272727,0.37272727272727274,6.069143730842486,7.169143730842487,False,27.51979248657578,33.51125703368376,4,False,1.5604012679691527e-05
22,24,0.01090909090909091,3.6903768198518883,0.01,0.012272727272727272,2.8903768198518875,4.890376819851889,False,119.3532388828165,125.34470342992448,4,False,7.341669911449978e-25
23,25,1.3454545454545455,18.503765236697888,1.1363636363636365,1.4,17.20376523669789,18.803765236697885,False,4.924239846551513,10.915704393659492,4,True,0.29515966633760526
24,26,0.35454545454545455,10.750752368512195,0.3181818181818182,0.38181818181818183,9.950752368512198,11.350752368512193,True,1.4666022563644785,7.458066803472457,4,True,0.8325405319127424
25,27,0.39090909090909093,6.0574418523541675,0.37272727272727274,0.4181818181818182,5.557441852354167,6.5574418523541675,False,17.99676334713461,23.98822789424259,4,False,0.0012358967904407571
26,28,0.17545454545454547,15.811155488237565,0.16272727272727272,0.1972727272727273,14.911155488237569,16.611155488237564,False,1.4871589219850585,7.478623469093037,4,True,0.828913643018212
27,29,0.12454545454545454,10.143319700229922,0.11727272727272728,0.13181818181818183,9.243319700229925,10.94331970022992,False,8.215766518021498,14.207231065129477,4,True,0.0839865866488367
29,31,0.35454545454545455,21.093376413249477,0.3181818181818182,0.39090909090909093,20.193376413249464,21.99337641324949,False,0.9581620400819262,6.949626587189905,4,True,0.9160722356585309
30,32,0.33636363636363636,5.401398316448745,0.3,0.37272727272727274,4.801398316448745,6.001398316448745,False,1.24320470630676,7.234669253414739,4,True,0.8709353012667881
32,34,0.12454545454545454,10.989642761211226,0.12272727272727273,0.12454545454545454,10.989642761211226,10.989642761211226,False,88932.8779936601,88938.86945820722,4,False,0.0
33,35,0.7181818181818181,4.6000000000000005,0.6181818181818182,0.8727272727272728,3.7,5.800000000000001,False,104.60333533382412,110.5947998809321,4,False,1.02899943209826e-21
34,36,0.015454545454545453,4.9888101381097005,0.015,0.016363636363636365,4.9888101381097005,5.0888101381097,False,1133.6722259248202,1139.6636904719282,4,False,3.8056338911942024e-244
35,37,0.010454545454545454,5.799969310391138,0.01,0.011818181818181818,5.199969310391137,6.899969310391139,False,9.503739705982737,15.495204253090716,4,False,0.049670461468329485
36,38,0.09636363636363636,9.644857115448016,0.08727272727272727,0.10363636363636364,8.64485711544802,10.544857115448012,False,162.04054859278926,168.03201313989723,4,False,5.336581767822445e-34
37,39,0.16090909090909092,21.429446567964565,0.15181818181818182,0.1809090909090909,20.42944656796455,22.729446567964583,False,5.169316683136672,11.160781230244652,4,True,0.27036154118595696
40,42,0.01818181818181818,7.781705978706523,0.015909090909090907,0.02090909090909091,6.481705978706527,9.181705978706518,False,80.74647491529385,86.73793946240183,4,False,1.210166875622116e-16
42,44,0.11181818181818182,3.2062780887823354,0.10545454545454545,0.11727272727272728,2.5062780887823357,3.806278088782335,True,21.94648564974551,27.937950196853492,4,False,0.00020539647355146263
43,45,0.10545454545454545,4.349683115474109,0.10272727272727274,0.11363636363636363,4.2496831154741095,5.249683115474106,False,17.067061791361077,23.058526338469058,4,False,0.0018758080668483564
45,47,0.10636363636363637,15.287249042759731,0.09363636363636364,0.11727272727272728,13.887249042759736,16.48724904275973,False,12.288496245535203,18.27996079264318,4,False,0.015330046571572671
46,48,0.14636363636363636,6.930550466089795,0.1390909090909091,0.15545454545454546,6.230550466089795,7.830550466089797,False,3.7274544010448185,9.718918948152798,4,True,0.4441454379773394
48,50,0.1481818181818182,7.530313426777576,0.13727272727272727,0.15363636363636363,6.63031342677758,8.130313426777574,False,23.52139149389741,29.512856041005392,4,False,9.960223589351799e-05
49,51,0.03727272727272728,9.292267993063101,0.03272727272727273,0.04181818181818182,8.192267993063105,10.592267993063096,False,16.817850053926385,22.809314601034366,4,False,0.002096960597459646
50,52,0.15181818181818182,7.2295729567508555,0.14272727272727273,0.1572727272727273,6.329572956750855,7.829572956750856,True,3.6011979700636423,9.592662517171622,4,True,0.46265868993652404
51,53,0.2727272727272727,3.2270915947026104,0.2545454545454545,0.2909090909090909,2.82709159470261,3.727091594702611,False,14.858444485982318,20.8499090330903,4,False,0.005003999752431669
52,54,0.11181818181818182,7.274234793990541,0.10363636363636364,0.12090909090909091,6.174234793990545,8.274234793990537,True,15.200225326598567,21.191689873706544,4,False,0.004303453841477846
54,56,0.07254545454545454,4.178446458935783,0.06727272727272728,0.07909090909090909,3.2784464589357816,5.178446458935783,True,13.921423753298235,19.912888300406216,4,False,0.007550107714122608
55,57,0.5545454545454546,11.640277102057018,0.4909090909090909,0.609090909090909,10.740277102057021,12.240277102057016,True,7.195806437400007,13.187270984507986,4,True,0.1258955302247923
58,60,0.9636363636363636,12.270294249812865,0.8272727272727273,1.1,11.17029424981287,13.270294249812862,False,65.22788446865923,71.21934901576721,4,False,2.3039036029144407e-13
59,61,0.1781818181818182,9.122298790546868,0.1590909090909091,0.2090909090909091,8.022298790546872,10.122298790546864,True,2.3010905732966904,8.29255512040467,4,True,0.6805705047602095
61,63,0.8727272727272728,9.765016072318867,0.7727272727272727,0.9818181818181818,8.965016072318866,10.565016072318867,False,54.12658274922585,60.11804729633383,4,False,4.951086333710169e-11
62,64,0.022727272727272728,5.480763702331159,0.019545454545454546,0.025454545454545455,4.080763702331158,6.58076370233116,True,5.11879096111051,11.11025550821849,4,True,0.27532453249520655
64,66,0.3181818181818182,8.349601627900707,0.3,0.33636363636363636,7.849601627900706,8.849601627900707,False,1.1992567370312124,7.190721284139191,4,True,0.8782209759943825
65,67,0.12090909090909091,8.366178818080058,0.11181818181818182,0.13,7.366178818080062,9.366178818080055,True,7.875869531095432,13.867334078203411,4,True,0.09623255341981345
67,69,0.013636363636363636,15.219948703064281,0.011363636363636364,0.016363636363636365,13.419948703064287,17.119948703064274,False,9.48897148089372,15.4804360280017,4,False,0.049974352885928615
70,72,0.14636363636363636,8.170663975305104,0.13727272727272727,0.15545454545454546,7.370663975305106,8.9706639753051,False,40.79886593011016,46.79033047721814,4,False,2.9582923811736416e-08
71,73,0.11363636363636363,6.756562105701977,0.10454545454545455,0.12090909090909091,5.756562105701976,7.556562105701977,True,8.707061736588262,14.698526283696241,4,True,0.0688534772961506
72,74,0.2727272727272727,5.19172749917022,0.2545454545454545,0.2909090909090909,4.69172749917022,5.791727499170221,False,4.226216277281676,10.217680824389655,4,True,0.376255626067829
73,75,0.15181818181818182,7.713445119999918,0.15,0.15363636363636363,7.713445119999918,7.713445119999918,False,16000.162019498595,16006.153484045702,4,False,0.0
74,76,0.060909090909090906,9.812279909429753,0.05454545454545455,0.07072727272727274,8.612279909429757,11.612279909429747,False,9.86233403950273,15.85379858661071,4,False,0.04281160677527153
77,79,0.03,5.023233767277037,0.02727272727272727,0.03363636363636364,3.8232337672770362,5.923233767277038,True,8.59241754634552,14.583882093453498,4,True,0.07213488322692295
79,81,0.19454545454545455,8.348938972753094,0.17272727272727273,0.2181818181818182,7.648938972753093,9.048938972753096,False,3.814500701133058,9.805965248241037,4,True,0.43169212743030905
80,82,0.5545454545454546,13.229436020279326,0.4909090909090909,0.6454545454545454,12.42943602027933,14.429436020279322,False,43.76777286952989,49.75923741663787,4,False,7.169331509800643e-09
82,84,0.2818181818181818,5.761441176533752,0.2727272727272727,0.3,5.461441176533751,6.261441176533752,False,5.533247032612836,11.524711579720815,4,True,0.23682245936706656
83,85,0.01863636363636364,13.905824692681172,0.015454545454545453,0.02090909090909091,12.105824692681178,15.105824692681168,False,24.47867975406913,30.470144301177108,4,False,6.403074585362937e-05
84,86,0.11545454545454546,13.145331304933844,0.10454545454545455,0.12636363636363637,11.845331304933849,14.44533130493384,False,2.825938796236975,8.817403343344953,4,True,0.5873635626947422
85,87,0.11727272727272728,8.82785185316846,0.11545454545454546,0.1190909090909091,8.82785185316846,8.82785185316846,False,10651.409791525233,10657.40125607234,4,False,0.0
87,89,0.01,5.62647121262371,0.01,0.011363636363636364,5.52647121262371,6.726471212623711,False,21.389510099930618,27.3809746470386,4,False,0.0002650440299566628
88,90,0.1,9.36618545130901,0.08545454545454545,0.11363636363636363,7.866185451309015,10.966185451309004,True,10.035646848041578,16.027111395149557,4,False,0.0398314774909517
89,91,0.15545454545454546,8.48402270818517,0.1481818181818182,0.16454545454545455,7.784022708185173,9.384022708185167,False,15.65793412287244,21.64939866998042,4,False,0.0035142503988831613
90,92,0.12636363636363637,7.723923855824443,0.11727272727272728,0.13545454545454547,6.623923855824447,8.52392385582444,True,4.781845316403717,10.773309863511695,4,True,0.3104226250712892
92,94,0.013636363636363636,9.207368039494245,0.013181818181818182,0.014090909090909091,9.207368039494245,9.307368039494245,False,1583.5469311927511,1589.5383957398592,4,False,0.0
93,95,0.509090909090909,8.07762900296261,0.4363636363636364,0.6181818181818182,7.07762900296261,9.177629002962611,False,9.83953975569963,15.831004302807608,4,False,0.0432191194537288
94,96,0.16454545454545455,3.1101539667825033,0.1590909090909091,0.16818181818181818,2.5101539667825037,3.5101539667825032,False,30.136907134211192,36.12837168131917,4,False,4.590160243644797e-06
95,97,0.08545454545454545,9.27924674236381,0.07681818181818181,0.09818181818181819,8.079246742363814,10.579246742363805,True,14.211574308913146,20.203038856021124,4,False,0.0066495314571199315
97,99,0.2909090909090909,2.4942113821318577,0.2909090909090909,0.3,2.4942113821318577,2.4942113821318577,False,4254.4168700468435,4260.408334593952,4,False,0.0
111,113,0.08454545454545455,16.64636695622937,0.07545454545454545,0.09727272727272727,15.246366956229377,17.94636695622937,True,43.76039903190974,49.75186357901772,4,False,7.1946536930449915e-09
122,124,0.05545454545454545,3.2343791828785116,0.049090909090909095,0.06272727272727273,2.1343791828785106,4.434379182878512,False,10.707542161893056,16.699006709001033,4,False,0.030055110277788285
123,125,0.015454545454545453,8.870020835612516,0.014090909090909091,0.01863636363636364,8.07002083561252,10.67002083561251,False,24.589961615804537,30.581426162912514,4,False,6.081985700925667e-05
126,128,0.022727272727272728,9.599495446698038,0.019545454545454546,0.026363636363636363,8.399495446698042,11.199495446698032,False,38.353243844000396,44.34470839110838,4,False,9.474305267046219e-08
128,130,0.056363636363636366,4.136142726250739,0.05,0.06363636363636364,2.9361427262507376,5.536142726250739,True,6.503493088588971,12.494957635696949,4,True,0.1645704234717244
129,131,0.15363636363636363,7.597702480699491,0.13545454545454547,0.17545454545454547,6.2977024806994955,8.997702480699486,True,0.8789646143255168,6.870429161433496,4,True,0.9275590997454654
130,132,0.2727272727272727,5.300000000000001,0.2545454545454545,0.2909090909090909,4.800000000000001,5.800000000000001,False,7.2262366950071675,13.217701242115147,4,True,0.12440482813660682
132,134,0.060909090909090906,3.748579902127802,0.05454545454545455,0.06818181818181819,2.548579902127801,4.948579902127803,True,10.485623389208605,16.477087936316586,4,False,0.032995601257581046
134,136,0.1972727272727273,6.127409868475993,0.1781818181818182,0.2181818181818182,5.527409868475992,6.727409868475993,True,6.73776573432609,12.72923028143407,4,True,0.15041223402233037
135,137,0.3,7.096810728789335,0.2727272727272727,0.3181818181818182,6.496810728789335,7.4968107287893355,False,5.95517659991501,11.946641147022989,4,True,0.20252081266779556
136,138,0.02909090909090909,11.944165417566838,0.02181818181818182,0.04,8.944165417566849,14.944165417566827,True,3.547749231549381,9.53921377865736,4,True,0.47065520837937747
137,139,0.1190909090909091,9.463670714948382,0.10818181818181818,0.13,8.163670714948386,10.663670714948378,True,5.491114963792225,11.482579510900205,4,True,0.24051158606598877
138,140,0.01,14.472336304619141,0.01,0.010454545454545454,14.172336304619142,15.072336304619139,False,290.6756527223035,296.66711726941145,4,False,1.1115796808014117e-61
139,141,0.1,18.90002518167664,0.09363636363636364,0.10727272727272727,18.90002518167664,19.70002518167665,False,62.45540825368854,68.44687280079651,4,False,8.835065693375334e-13
140,142,0.17545454545454547,11.340485761023256,0.1590909090909091,0.2,10.14048576102326,12.240485761023253,False,8.845337133752134,14.836801680860113,4,True,0.06508374087674025
141,143,0.1409090909090909,11.889034176426724,0.13,0.15363636363636363,10.889034176426728,13.08903417642672,True,14.729458291337421,20.7209228384454,4,False,0.005296520458807999
143,145,0.03,4.292405446210958,0.02727272727272727,0.03363636363636364,3.192405446210958,5.29240544621096,False,36.12312573164231,42.11459027875029,4,False,2.729740847837995e-07
145,147,0.05181818181818182,13.020814480547875,0.04454545454545455,0.06,11.320814480547881,14.52081448054787,True,4.5170128669638245,10.508477414071804,4,True,0.34053495788808763
146,148,0.16090909090909092,7.4687180492783405,0.15181818181818182,0.16818181818181818,6.568718049278344,8.168718049278338,False,13.946520336451643,19.937984883559622,4,False,0.007467711361576944
147,149,0.06454545454545454,10.721217492734182,0.053636363636363635,0.07590909090909091,8.721217492734189,12.721217492734175,False,1.703992155535159,7.695456702643138,4,True,0.7899923166072964
148,150,0.7181818181818181,7.729203754247017,0.7181818181818181,0.7272727272727273,7.729203754247017,7.729203754247017,False,108273.57758684839,108279.5690513955,4,False,0.0
150,152,0.02090909090909091,7.23416925879763,0.02,0.02090909090909091,7.23416925879763,7.23416925879763,False,663.9851035601166,669.9765681072246,4,False,2.1872642189108873e-142
153,155,1.4,6.49459017526514,1.4,1.4,6.49459017526514,6.49459017526514,False,622053.6128128247,622059.6042773718,4,False,0.0
154,156,0.8636363636363636,7.286473564616529,0.8545454545454546,0.8727272727272728,7.286473564616529,7.286473564616529,False,71365.16096182558,71371.15242637269,4,False,0.0
156,158,0.012272727272727272,14.037762249773568,0.010454545454545454,0.014545454545454545,12.437762249773574,16.03776224977356,False,6.881539266151575,12.873003813259555,4,True,0.14228233355786774
157,159,1.4,7.059761784828149,1.4,1.4,7.059761784828149,7.059761784828149,False,566764.5788661187,566770.5703306658,4,False,0.0
158,160,0.08363636363636363,22.738244472046933,0.08181818181818182,0.08454545454545455,22.738244472046933,22.838244472046934,False,1043.8993406336897,1049.8908051807978,4,False,1.0929448392093887e-224
159,161,0.17545454545454547,10.29521490121721,0.16272727272727272,0.2,9.395214901217214,11.095214901217208,False,43.505201987871445,49.496666534979425,4,False,8.12823913285547e-09
160,162,0.39090909090909093,15.06214830449636,0.35454545454545455,0.4545454545454546,14.162148304496363,16.262148304496357,False,23.21222901200928,29.203693559117262,4,False,0.00011484438366532049
161,163,0.08636363636363636,4.314780194600164,0.07863636363636364,0.09727272727272727,3.3147801946001634,5.314780194600165,False,11.495925292942996,17.487389840050973,4,False,0.021521087355366172
162,164,0.08545454545454545,12.639077525555361,0.08363636363636363,0.1,12.439077525555362,14.139077525555356,False,22.114566088772698,28.10603063588068,4,False,0.00019016581326276454
163,165,0.13727272727272727,23.589743576804125,0.11545454545454546,0.1590909090909091,21.08974357680409,25.789743576804156,False,10.521240103011479,16.51270465011946,4,False,0.03250566745763713
164,166,0.1390909090909091,12.892470005425622,0.12636363636363637,0.15181818181818182,11.692470005425626,14.092470005425618,False,27.439572785030464,33.431037332138445,4,False,1.6198469577749663e-05
165,167,0.04181818181818182,11.979696596892058,0.038181818181818185,0.04727272727272727,11.079696596892061,13.379696596892053,False,2.0740787809010444,8.065543328009024,4,True,0.7221359106471934
167,169,0.1590909090909091,7.771238180003261,0.15181818181818182,0.17,7.071238180003263,8.871238180003257,True,2.9385636926325,8.93002823974048,4,True,0.5681587053668893
168,170,0.02,16.882345351631585,0.019545454545454546,0.02,16.882345351631585,16.982345351631587,False,905.7473237738545,911.7387883209625,4,False,9.471148034785656e-195
169,171,0.4181818181818182,22.94853528173969,0.38181818181818183,0.4727272727272727,22.14853528173968,23.948535281739705,False,112.0055684089121,117.99703295602008,4,False,2.717664975539827e-23
170,172,0.12090909090909091,4.7785022441220875,0.12090909090909091,0.12090909090909091,4.7785022441220875,4.7785022441220875,False,37282.79928057146,37288.79074511857,4,False,0.0
171,173,0.04727272727272727,16.521747219217094,0.046363636363636364,0.04727272727272727,16.521747219217094,16.621747219217095,False,8579.329234032517,8585.320698579624,4,False,0.0
172,174,0.08090909090909092,7.99962467597965,0.07363636363636364,0.09181818181818181,6.899624675979654,9.399624675979645,True,24.90950219769742,30.9009667448054,4,False,5.246213883253617e-05
173,175,0.16818181818181818,3.9620339651698306,0.16272727272727272,0.1890909090909091,3.46203396516983,4.662033965169831,False,197.9811535505384,203.97261809764638,4,False,1.0206993062916852e-41
174,176,0.5454545454545454,5.1000000000000005,0.4727272727272727,0.6636363636363636,4.3,6.300000000000001,False,6.880688229873912,12.872152776981892,4,True,0.14232925074379296
175,177,0.1481818181818182,13.485253954563582,0.1390909090909091,0.1590909090909091,12.585253954563585,14.485253954563579,False,2.018136979408016,8.009601526515995,4,True,0.7324228169371105
176,178,0.04272727272727273,8.696107582112022,0.034545454545454546,0.05272727272727273,6.796107582112029,11.096107582112014,True,7.688483749540347,13.679948296648327,4,True,0.1036794742308758
177,179,0.10454545454545455,19.353082973704133,0.08545454545454545,0.12454545454545454,17.353082973704105,21.553082973704164,False,11.49188903449302,17.483353581601,4,False,0.021558114180974038
178,180,0.18636363636363637,5.639021781817348,0.17,0.2,5.139021781817348,6.23902178181735,False,12.436503401314429,18.427967948422406,4,False,0.014383998237309436
180,182,0.16272727272727272,9.016843425552322,0.15545454545454546,0.17545454545454547,8.216843425552325,9.81684342555232,True,13.084578199969373,19.076042747077352,4,False,0.010869839211836572
181,183,0.14636363636363636,7.925368601711805,0.12818181818181817,0.16272727272727272,6.625368601711809,9.2253686017118,True,2.853426160235368,8.844890707343346,4,True,0.5826460587501667
184,186,0.14636363636363636,1.7389173084094711,0.14636363636363636,0.1481818181818182,1.7389173084094711,1.7389173084094711,False,35482.930256627464,35488.92172117457,4,False,0.0
187,189,0.10090909090909092,9.487457176203387,0.08818181818181818,0.11363636363636363,8.187457176203392,10.887457176203382,True,6.5001537462183485,12.491618293326328,4,True,0.16478069628737863
193,195,0.038181818181818185,13.52684222889067,0.031818181818181815,0.045454545454545456,11.926842228890676,15.326842228890664,True,3.770074070207339,9.761538617315319,4,True,0.4380162371817151
197,199,0.37272727272727274,7.542596675404967,0.35454545454545455,0.39090909090909093,7.042596675404966,7.9425966754049675,False,9.479533529391391,15.47099807649937,4,True,0.050169490875813974
198,200,0.2909090909090909,10.225227249388753,0.2818181818181818,0.2909090909090909,10.225227249388753,10.225227249388753,False,33355.16043926966,33361.15190381677,4,False,0.0
199,201,0.35454545454545455,12.219350188514161,0.32727272727272727,0.4,11.519350188514164,13.319350188514157,False,11.379041046715141,17.37050559382312,4,False,0.022618699067545853
200,202,0.015909090909090907,10.020732250196158,0.015909090909090907,0.015909090909090907,10.020732250196158,10.020732250196158,False,2915.5945914106414,2921.5860559577495,4,False,0.0
201,203,0.16818181818181818,8.23520394461981,0.1590909090909091,0.18363636363636365,7.33520394461981,8.935203944619811,True,5.873936229258984,11.865400776366963,4,True,0.208762674359224
202,204,0.014090909090909091,7.180976506579091,0.014090909090909091,0.014090909090909091,7.180976506579091,7.180976506579091,False,2320.6605164423872,2326.6519809894953,4,False,0.0
203,205,0.04363636363636364,4.03614855776409,0.03909090909090909,0.05,2.936148557764089,5.736148557764091,True,5.612121984711749,11.603586531819728,4,True,0.2300482525668912
204,206,0.10545454545454545,3.803607637133764,0.10454545454545455,0.10636363636363637,3.803607637133764,3.803607637133764,False,604.848261880736,610.839726427844,4,False,1.3833078928381765e-129
205,207,0.6454545454545454,4.7,0.5727272727272728,0.7363636363636363,4.0,5.5,False,56.87775149121152,62.8692160383195,4,False,1.31242475257841e-11
206,208,0.08818181818181818,6.9144501678004,0.07590909090909091,0.10363636363636364,5.314450167800398,8.514450167800401,True,1.45805182225081,7.449516369358789,4,True,0.8340451692274196
207,209,0.2818181818181818,12.859480334920423,0.2727272727272727,0.2909090909090909,12.859480334920423,12.859480334920423,False,28059.833609236615,28065.825073783722,4,False,0.0
208,210,0.15363636363636363,4.117447480886174,0.15181818181818182,0.1590909090909091,4.117447480886174,4.517447480886172,False,23.571046637781336,29.562511184889317,4,False,9.734883642296636e-05
210,212,0.015454545454545453,8.346844256912656,0.014090909090909091,0.017272727272727273,7.246844256912659,9.446844256912652,False,11.339318924981496,17.330783472089475,4,False,0.0230039196279651
212,214,0.6,4.922234802806288,0.5363636363636364,0.6909090909090909,4.2222348028062875,5.722234802806288,False,58.64157589953369,64.63304044664167,4,False,5.5960820244418006e-12
213,215,0.37272727272727274,1.4000000000000001,0.36363636363636365,0.39090909090909093,1.2000000000000002,1.8,False,239.36648349931824,245.3579480464262,4,False,1.270209917692938e-50
215,217,0.13,11.697511632556099,0.1190909090909091,0.14272727272727273,10.397511632556103,12.897511632556094,False,7.618469194368498,13.609933741476478,4,True,0.1065973471979005
216,218,0.04727272727272727,4.484481911795418,0.04181818181818182,0.05181818181818182,3.084481911795418,5.484481911795418,False,3.804722035048414,9.796186582156393,4,True,0.43307841611937326
217,219,1.1,26.383826320189115,1.0727272727272728,1.1181818181818182,26.383826320189115,26.383826320189115,False,22217.46927118078,22223.460735727887,4,False,0.0
218,220,0.025454545454545455,2.111264494645141,0.025454545454545455,0.02909090909090909,1.911264494645141,3.5112644946451423,False,79.01150599412128,85.00297054122926,4,False,2.8208901866974385e-16
219,221,0.23636363636363636,0.7000000000000001,0.2272727272727273,0.2636363636363636,0.4,1.2000000000000002,False,19.158893144184024,25.150357691292,4,False,0.0007314121386659889
221,223,0.2636363636363636,9.977529757429672,0.2181818181818182,0.3181818181818182,8.777529757429676,11.177529757429667,False,4.3644067934125115,10.35587134052049,4,True,0.358929406966112
222,224,0.6454545454545454,4.197504579561286,0.5727272727272728,0.7636363636363637,3.4975045795612862,5.197504579561288,False,612.7321406670054,618.7236052141134,4,False,2.7199576149738133e-131
223,225,0.1,13.656438004506,0.08818181818181818,0.11,12.456438004506005,14.956438004505996,False,2.360125463035809,8.351590010143788,4,True,0.6698449045065091
224,226,0.04454545454545455,8.619387994488756,0.04272727272727273,0.05090909090909091,8.419387994488757,10.21938799448875,False,35.79251244836305,41.78397699547103,4,False,3.192496606119203e-07
225,227,0.04363636363636364,4.44295344805642,0.04181818181818182,0.05,3.9429534480564215,6.142953448056414,False,10.684645265270406,16.676109812378385,4,False,0.03034639390717937
230,232,0.04,8.213700303905991,0.03363636363636364,0.04454545454545455,6.613700303905997,9.513700303905987,False,8.912352821706632,14.903817368814611,4,True,0.06332797163505685
232,234,0.07072727272727274,17.331750270069037,0.057272727272727274,0.08727272727272727,14.831750270069048,19.83175027006903,True,1.7286878685055485,7.720152415613527,4,True,0.785500078833226
233,235,0.32727272727272727,9.451166055388702,0.3090909090909091,0.35454545454545455,9.051166055388704,10.1511660553887,False,9.116183783290333,15.107648330398312,4,True,0.05826014566246528
234,236,0.06,9.187004679698765,0.05181818181818182,0.06909090909090909,7.5870046796987705,10.787004679698759,True,12.01661798112551,18.008082528233487,4,False,0.017228116547964762
235,237,0.24545454545454545,1.5816508948716042,0.23636363636363636,0.2636363636363636,1.2816508948716043,1.981650894871604,False,80.89733276143674,86.88879730854472,4,False,1.1242889755145948e-16
236,238,0.2090909090909091,23.338551031440936,0.1809090909090909,0.24545454545454545,22.438551031440923,24.33855103144095,False,81.26964317659056,87.26110772369854,4,False,9.375143394421665e-17
237,239,0.15545454545454546,12.533972552875412,0.14272727272727273,0.16818181818181818,11.333972552875416,13.933972552875407,True,9.795593919594722,15.787058466702701,4,False,0.0440152957293795
238,240,0.8090909090909091,7.177863954737256,0.6818181818181818,0.9727272727272728,6.077863954737254,8.277863954737256,False,98.59559699017883,104.58706153728681,4,False,1.957884734636317e-20
239,241,0.04727272727272727,12.542321251561914,0.04272727272727273,0.05272727272727273,11.442321251561918,13.64232125156191,True,4.35873455555441,10.350199102662389,4,True,0.35962801621479984
240,242,0.022727272727272728,12.748467345172845,0.02,0.025454545454545455,11.548467345172849,13.748467345172841,False,18.295105863886135,24.286570410994116,4,False,0.001080511924513642
241,243,0.04181818181818182,2.4000000000000004,0.038181818181818185,0.04727272727272727,1.5,3.8000000000000003,True,7.662074987591046,13.653539534699025,4,True,0.10477121119509897
242,244,0.028181818181818183,15.598543661413366,0.024545454545454544,0.03272727272727273,13.998543661413372,16.99854366141336,False,8.92611519044161,14.91757973754959,4,True,0.06297301591969355
244,246,0.034545454545454546,4.081741370026923,0.03,0.03909090909090909,2.9817413700269233,5.281741370026923,True,6.978911550438729,12.970376097546708,4,True,0.13700685896035572
245,247,0.5,0.0,0.4909090909090909,0.509090909090909,0.0,0.1,False,110.82942292551641,116.82088747262439,4,False,4.84271562115569e-23
246,248,0.4181818181818182,7.46961784449168,0.39090909090909093,0.44545454545454544,6.96961784449168,7.9696178444916805,False,10.997124715096573,16.988589262204552,4,False,0.026596347600567585
247,249,0.2272727272727273,5.585394062092037,0.2090909090909091,0.24545454545454545,5.085394062092036,6.085394062092037,False,11.652190185396448,17.643654732504427,4,False,0.020134061193743218
248,250,0.19454545454545455,15.241708681689168,0.16636363636363638,0.2272727272727273,13.941708681689173,16.341708681689163,False,6.273254960193733,12.264719507301713,4,True,0.1796496627697901
249,251,0.1809090909090909,2.2,0.16818181818181818,0.1972727272727273,1.8,2.6,False,20.589455920022232,26.580920467130213,4,False,0.0003818846740339202
250,252,0.33636363636363636,4.6000000000000005,0.3181818181818182,0.35454545454545455,4.2,5.0,False,25.750039427715272,31.741503974823253,4,False,3.553723160687273e-05
251,253,0.33636363636363636,20.193763447230477,0.32727272727272727,0.34545454545454546,20.193763447230477,20.39376344723048,False,549.8283858939378,555.8198504410458,4,False,1.1144409127269524e-117
254,256,0.2,15.103987026229703,0.16454545454545455,0.24545454545454545,13.703987026229708,16.3039870262297,False,106.54617590160106,112.53764044870904,4,False,3.966216355970951e-22
255,257,0.028181818181818183,6.169593044941926,0.02727272727272727,0.03272727272727273,5.669593044941925,7.669593044941927,False,2.685377367788635,8.676841914896613,4,True,0.611775799717027
256,258,0.11181818181818182,10.969864236638072,0.10272727272727274,0.12090909090909091,9.869864236638076,11.969864236638069,False,18.17155652056339,24.163021067671366,4,False,0.0011423680642070793
257,259,0.2,13.253871952056299,0.1781818181818182,0.2272727272727273,12.453871952056302,14.053871952056296,False,19.16390431658661,25.15536886369459,4,False,0.0007297546071909458
258,260,0.09818181818181819,35.81226927353975,0.09454545454545454,0.11727272727272728,35.81226927353975,38.31226927353978,False,41.60094480320931,47.59240935031729,4,False,2.0180667157286045e-08
259,261,0.1481818181818182,8.872873718361435,0.1409090909090909,0.15545454545454546,8.272873718361437,9.472873718361432,False,193.30217168638598,199.29363623349394,4,False,1.0342935709911882e-40
261,263,0.32727272727272727,18.089303210916995,0.3,0.36363636363636365,17.389303210917,18.78930321091699,False,6.399932439111938,12.391396986219917,4,True,0.17120566304942467
262,264,0.2727272727272727,6.257218692369477,0.2545454545454545,0.2909090909090909,5.757218692369476,6.657218692369478,True,3.0577917398929024,9.049256287000881,4,True,0.548201106054228
263,265,0.1409090909090909,7.720382414827245,0.13181818181818183,0.1481818181818182,6.920382414827248,8.420382414827243,True,25.758291695607962,31.74975624271594,4,False,3.5401426820904204e-05
265,267,0.11181818181818182,17.270948360974245,0.10818181818181818,0.1190909090909091,16.97094836097424,18.170948360974258,False,654.0454361818034,660.0369007289114,4,False,3.102715813142684e-140
266,268,0.5909090909090908,16.81043195373931,0.5,0.6818181818181818,15.510431953739316,17.910431953739305,True,3.760697261748482,9.75216180885646,4,True,0.4393595012110372
267,269,0.03,4.615569499509418,0.02727272727272727,0.034545454545454546,3.415569499509417,5.715569499509419,True,9.993170219599495,15.984634766707474,4,False,0.04054288602343768
268,270,0.16818181818181818,21.370601372369944,0.15545454545454546,0.19454545454545455,19.970601372369924,22.47060137236996,False,0.9379143980550463,6.929378945163025,4,True,0.9190594779852637
269,271,0.2727272727272727,0.0,0.2727272727272727,0.2818181818181818,0.0,0.2,False,68.79586427447101,74.787328821579,4,False,4.075170429108195e-14
270,272,0.02090909090909091,8.963980995924283,0.017727272727272727,0.025454545454545455,7.263980995924289,10.863980995924276,False,10.79464007718095,16.78610462428893,4,False,0.02897155246591012
271,273,0.1809090909090909,16.792311367690534,0.1781818181818182,0.18363636363636365,16.792311367690534,16.792311367690534,False,4015.4895428072346,4021.4810073543426,4,False,0.0
272,274,0.053636363636363635,2.1420554191098917,0.049090909090909095,0.06,1.242055419109891,3.342055419109893,False,25.093496924612218,31.0849614717202,4,False,4.817829692102722e-05
274,276,0.15363636363636363,12.4355616736509,0.14272727272727273,0.16090909090909092,11.435561673650904,13.235561673650897,True,6.993620356012288,12.985084903120267,4,True,0.13622574468943816
276,278,0.02909090909090909,3.7,0.026363636363636363,0.030909090909090907,2.6,4.4,False,1.4149056860373057,7.406370233145285,4,True,0.8416002428040361
277,279,0.37272727272727274,0.0,0.37272727272727274,0.38181818181818183,0.0,0.1,False,62.94038268301324,68.93184723012122,4,False,6.984806893089143e-13
279,281,0.15,9.624092209709161,0.1481818181818182,0.15363636363636363,9.624092209709161,10.02409220970916,False,344.00712757742735,349.9985921245353,4,False,3.450296585196729e-73
282,284,0.16090909090909092,13.334797258200712,0.15363636363636363,0.17272727272727273,12.534797258200715,14.13479725820071,False,2.169843037376301,8.16130758448428,4,True,0.7045539967672498
283,285,0.8363636363636364,2.3523006946430325,0.8363636363636364,0.8454545454545455,2.3523006946430325,2.3523006946430325,False,53475.69950329966,53481.690967846764,4,False,0.0
284,286,0.6909090909090909,6.2,0.5909090909090908,0.8090909090909091,5.2,7.1000000000000005,False,40.24234929776949,46.233813844877474,4,False,3.856585359990915e-08
285,287,0.1781818181818182,19.886553871248026,0.1572727272727273,0.2090909090909091,18.186553871248034,20.986553871248024,True,5.17608845655407,11.16755300366205,4,True,0.26970218225983367
286,288,0.39090909090909093,9.836863448928188,0.37272727272727274,0.4272727272727273,9.53686344892819,10.536863448928186,False,14.429363369365934,20.42082791647391,4,False,0.006043580274287619
287,289,0.034545454545454546,3.3068093611200093,0.03,0.04,2.1068093611200096,4.806809361120009,True,5.708262715485924,11.699727262593903,4,True,0.22202046762542946
288,290,0.01,4.01960687864082,0.01,0.01090909090909091,3.7196068786408203,4.919606878640821,False,91.81383691590834,97.80530146301632,4,False,5.4214509826538125e-19
289,291,0.39090909090909093,5.763036718183331,0.37272727272727274,0.4090909090909091,5.363036718183331,6.063036718183331,False,92.62574723935663,98.61721178646461,4,False,3.6437944689883673e-19
291,293,0.014090909090909091,5.4946130655565355,0.011818181818181818,0.015909090909090907,3.5946130655565343,6.894613065556537,False,12.522497297949037,18.51396184505702,4,False,0.013860712983817932
292,294,0.5272727272727272,0.0,0.5181818181818182,0.5636363636363636,0.0,0.4,False,96.56459673189381,102.5560612790018,4,False,5.29608808569191e-20
293,295,0.2272727272727273,0.8,0.2181818181818182,0.23636363636363636,0.6000000000000001,1.1,False,79.23798185898275,85.22944640609073,4,False,2.525922323189826e-16
294,296,1.0818181818181818,9.58549021090071,0.9090909090909091,1.290909090909091,8.485490210900714,10.685490210900706,False,15.53380345821801,21.52526800532599,4,False,0.0037129882596636096
296,298,0.13363636363636364,19.218667945305324,0.11727272727272728,0.14454545454545453,17.41866794530533,20.31866794530532,False,1.795073040654423,7.786537587762402,4,True,0.7733836475064646
297,299,0.4909090909090909,4.9,0.4727272727272727,0.5545454545454546,4.6000000000000005,5.7,False,45.19920643545757,51.19067098256555,4,False,3.6142794674377137e-09
298,300,0.44545454545454544,8.912853281970905,0.4181818181818182,0.4818181818181818,8.412853281970907,9.612853281970903,True,1.648821356477986,7.640285903585966,4,True,0.7999919135829763
300,302,1.009090909090909,6.047124432578814,1.0,1.0181818181818183,6.047124432578814,6.047124432578814,False,77118.02805408365,77124.01951863077,4,False,0.0
302,304,1.3909090909090909,12.954088030905519,1.2636363636363637,1.4,12.254088030905521,13.154088030905518,False,38.886686032383196,44.87815057949118,4,False,7.352166504988401e-08
303,305,0.01,5.731911322831735,0.01,0.011363636363636364,5.631911322831734,6.931911322831736,False,13.990139712963785,19.981604260071762,4,False,0.007326592271791247
304,306,0.09545454545454546,13.353838720194766,0.08545454545454545,0.10454545454545455,12.25383872019477,14.353838720194762,False,4.930048708943618,10.921513256051597,4,True,0.2945505354533263
305,307,0.4,5.594550425741418,0.37272727272727274,0.4272727272727273,5.094550425741418,5.994550425741418,False,13.87291361955403,19.864378166662007,4,False,0.0077119062376011715
306,308,0.12272727272727273,0.30000000000000004,0.1190909090909091,0.12636363636363637,0.0,0.7000000000000001,False,192.0659574752508,198.05742202235876,4,False,1.906894285000132e-40
307,309,0.2727272727272727,6.0,0.24545454545454545,0.2909090909090909,5.300000000000001,6.5,False,2.156601401536251,8.14806594864423,4,True,0.7069819726797677
308,310,0.2272727272727273,9.044958976808532,0.2272727272727273,0.2272727272727273,9.044958976808532,9.044958976808532,False,4087.2413604047424,4093.2328249518505,4,False,0.0
309,311,0.1090909090909091,2.428108139755187,0.10818181818181818,0.11,2.428108139755187,2.428108139755187,False,1138.8071134986344,1144.7985780457425,4,False,2.9333207376971645e-245
310,312,1.3636363636363635,13.22393428479529,1.3363636363636364,1.3909090909090909,13.023934284795288,13.22393428479529,False,52.85599328001983,58.84745782712781,4,False,9.133999407036267e-11
311,313,1.4,5.943605169953984,1.3818181818181818,1.4,5.8436051699539835,6.043605169953984,False,201.3295625057487,207.32102705285666,4,False,1.945411641573016e-42
312,314,0.12818181818181817,5.00393226291823,0.12090909090909091,0.13727272727272727,4.303932262918233,5.903932262918227,False,23.49248846240469,29.483953009512668,4,False,0.00010093764852492849
313,315,0.33636363636363636,5.19415061595763,0.33636363636363636,0.33636363636363636,5.19415061595763,5.19415061595763,False,72468.62514298172,72474.61660752883,4,False,0.0
314,316,0.16636363636363638,8.299038818434505,0.16636363636363638,0.16818181818181818,8.299038818434505,8.299038818434505,False,3110.300575831174,3116.292040378282,4,False,0.0
315,317,0.33636363636363636,1.0,0.3090909090909091,0.34545454545454546,0.6000000000000001,1.2000000000000002,False,43.2290533050285,49.22051785213648,4,False,9.275083920231397e-09
316,318,0.10636363636363637,4.396271736867693,0.10090909090909092,0.11363636363636363,3.796271736867692,5.196271736867693,False,34.90583210274734,40.89729664985532,4,False,4.856907940243963e-07
317,319,0.19454545454545455,6.590769673714508,0.17545454545454547,0.2090909090909091,5.9907696737145075,7.190769673714509,False,5.709443538579936,11.700908085687914,4,True,0.22192341394408113
319,321,0.15545454545454546,6.13098972394553,0.1481818181818182,0.16272727272727272,5.43098972394553,6.83098972394553,False,11.819087474762174,17.81055202187015,4,False,0.018748526222828802
320,322,0.1809090909090909,6.489777086521708,0.16636363636363638,0.1972727272727273,5.889777086521708,6.989777086521709,False,32.4994232200966,38.49088776720458,4,False,1.5122435956206479e-06
321,323,0.046363636363636364,19.227632814337667,0.038181818181818185,0.057272727272727274,17.027632814337636,21.6276328143377,True,3.2237942306731617,9.215258777781141,4,True,0.5210963643713749
322,324,0.24545454545454545,9.74023067419091,0.2272727272727273,0.2636363636363636,9.240230674190911,10.240230674190908,True,5.325167081837497,11.316631628945476,4,True,0.25553017947741347
323,325,0.1090909090909091,9.337424975135951,0.09727272727272727,0.11727272727272728,7.937424975135956,10.237424975135948,False,4.854112197011223,10.845576744119203,4,True,0.30259666883038444
324,326,0.17272727272727273,2.9000000000000004,0.16636363636363638,0.18636363636363637,2.5,3.3000000000000003,False,9.890743958420085,15.882208505528064,4,False,0.042308854824252125
326,328,0.17272727272727273,13.053319660192141,0.16090909090909092,0.19454545454545455,11.953319660192145,13.853319660192138,False,17.869175598073134,23.860640145181115,4,False,0.0013089036328480595
327,329,0.15545454545454546,12.4656999604654,0.14636363636363636,0.16636363636363638,11.665699960465403,13.565699960465397,True,10.440846847118445,16.432311394226424,4,False,0.03362163754917412
328,330,0.2636363636363636,0.4,0.2545454545454545,0.2727272727272727,0.2,0.6000000000000001,False,61.169174609475284,67.16063915658326,4,False,1.6472431449264889e-12
329,331,0.015,6.385438302487483,0.013181818181818182,0.01681818181818182,4.785438302487481,7.285438302487483,False,28.03064705053991,34.022111597647886,4,False,1.2295806640350779e-05
330,332,0.025454545454545455,3.9195069470137778,0.022727272727272728,0.02727272727272727,2.8195069470137777,4.519506947013777,True,7.434014109900132,13.42547865700811,4,True,0.11465443872313434
331,333,0.17,5.324543975990554,0.16818181818181818,0.17,5.324543975990554,5.324543975990554,False,17252.75711183191,17258.748576379017,4,False,0.0
332,334,1.1,8.605444592717927,0.9181818181818182,1.3545454545454545,7.5054445927179305,9.905444592717922,False,52.01449661998227,58.00596116709025,4,False,1.3698591246790888e-10
333,335,0.10636363636363637,8.434120036854535,0.09818181818181819,0.11363636363636363,7.534120036854539,9.434120036854532,False,8.079279917641207,14.070744464749186,4,True,0.08871686113385614
334,336,0.11363636363636363,9.843248162110136,0.10454545454545455,0.12272727272727273,8.84324816211014,10.943248162110132,True,13.307181883485669,19.29864643059365,4,False,0.00986841525836468
335,337,0.14272727272727273,9.670522286877132,0.1409090909090909,0.14272727272727273,9.670522286877132,9.670522286877132,False,944.1653078161517,950.1567723632596,4,False,4.487923339837406e-203
336,338,0.16454545454545455,2.570904622191607,0.16090909090909092,0.16818181818181818,2.1709046221916073,2.870904622191607,False,29.14294083873341,35.13440538584139,4,False,7.311734762728822e-06
337,339,0.4909090909090909,3.9000000000000004,0.4636363636363636,0.5272727272727272,3.5,4.4,False,35.41593086737883,41.407395414486814,4,False,3.815530110930412e-07
339,341,0.18363636363636365,2.5,0.17,0.2,2.1,2.9000000000000004,False,58.694012702396776,64.68547724950476,4,False,5.455982100569521e-12
340,342,0.11545454545454546,8.741543336442387,0.10727272727272727,0.12272727272727273,7.84154333644239,9.541543336442384,True,22.553024285908144,28.544488833016125,4,False,0.0001555063038364919
341,343,0.6454545454545454,3.992622000812414,0.6363636363636364,0.6545454545454545,3.992622000812414,3.992622000812414,False,1083.0016763848719,1088.99314093198,4,False,3.6607868316940076e-233
342,344,1.4,1.6,1.2818181818181817,1.4,1.1,1.6,False,97.57114689240865,103.56261143951663,4,False,3.2344330769525706e-20
343,345,1.0,13.997375992780242,0.990909090909091,1.009090909090909,13.997375992780242,13.997375992780242,False,148175.66962630433,148181.66109085144,4,False,0.0
344,346,0.18363636363636365,9.304437213411388,0.16818181818181818,0.2,8.60443721341139,9.904437213411386,True,7.788561718812081,13.78002626592006,4,True,0.09963781602212117
345,347,0.4727272727272727,4.6000000000000005,0.4545454545454546,0.5181818181818182,4.3,5.2,False,50.6571364344529,56.64860098156088,4,False,2.6325087960833007e-10
346,348,0.10090909090909092,4.535028748161363,0.09090909090909091,0.10727272727272727,3.835028748161362,5.335028748161363,False,36.704099219051734,42.695563766159715,4,False,2.0726839844975762e-07
347,349,0.15363636363636363,6.484863807338564,0.14454545454545453,0.16090909090909092,5.684863807338563,7.2848638073385645,True,5.3974450291951745,11.388909576303153,4,True,0.24889229634514595
348,350,0.02090909090909091,4.00284335265958,0.02090909090909091,0.02090909090909091,4.00284335265958,4.00284335265958,False,5392.530023983572,5398.5214885306805,4,False,0.0
349,351,0.24545454545454545,8.696065606890981,0.2272727272727273,0.2545454545454545,8.19606560689098,9.096065606890981,False,5.9932681803370755,11.984732727445055,4,True,0.19965157419165214
350,352,0.5,0.0,0.4909090909090909,0.5,0.0,0.0,False,254.0277129466711,260.01917749377907,4,False,8.827546002703359e-54
351,353,0.06818181818181819,16.058648653859592,0.06363636363636364,0.075,15.258648653859597,17.15864865385959,False,20.000530821309482,25.991995368417463,4,False,0.0004992787455268124
352,354,0.02,13.398237375462196,0.017272727272727273,0.023636363636363636,11.898237375462202,14.898237375462191,False,17.66264013449838,23.654104681606356,4,False,0.001436211044177526
354,356,0.1481818181818182,10.829080840038648,0.13545454545454547,0.16090909090909092,9.729080840038652,11.929080840038644,True,3.150908853900956,9.142373401008935,4,True,0.5328963004931995
355,357,0.02727272727272727,6.378829989508713,0.02727272727272727,0.02727272727272727,6.378829989508713,6.378829989508713,False,2940.160461964437,2946.1519265115453,4,False,0.0
357,359,0.14636363636363636,8.199894908214326,0.13727272727272727,0.15181818181818182,7.499894908214325,8.699894908214326,False,9.622775554291225,15.614240101399204,4,False,0.04728470606809743
358,360,1.3818181818181818,9.792829632819153,1.1636363636363636,1.4,8.792829632819153,10.09282963281915,False,31.782637206584027,37.77410175369201,4,False,2.1191005981351547e-06
359,361,0.1809090909090909,8.173477100340007,0.16636363636363638,0.2,7.473477100340009,8.873477100340004,False,6.500893520801128,12.492358067909107,4,True,0.16473409295359923
360,362,0.08636363636363636,3.91182367352777,0.08454545454545455,0.09545454545454546,3.61182367352777,4.9118236735277705,False,40.78805170572306,46.779516252831044,4,False,2.9735799829506493e-08
361,363,0.015,2.4000000000000004,0.013181818181818182,0.01818181818181818,0.9,4.1000000000000005,True,0.25751856738224543,6.248983114490224,4,True,0.9923888791709898
362,364,0.16090909090909092,16.681116991390923,0.15181818181818182,0.17,15.781116991390927,17.58111699139092,False,22.017747505443943,28.009212052551923,4,False,0.00019879669337142551
363,365,0.2636363636363636,0.7000000000000001,0.24545454545454545,0.2727272727272727,0.30000000000000004,0.9,False,69.75900818587749,75.75047273298547,4,False,2.5519389041246493e-14
365,367,0.36363636363636365,0.0,0.36363636363636365,0.36363636363636365,0.0,0.0,False,134.51893246703702,140.51039701414498,4,False,4.204824237739987e-28
368,370,0.011818181818181818,10.878989553171397,0.010454545454545454,0.013181818181818182,9.678989553171402,12.078989553171393,False,21.923738122386062,27.915202669494043,4,False,0.00020754859584688062
371,373,0.028181818181818183,1.294600097478651,0.02727272727272727,0.028181818181818183,1.294600097478651,1.294600097478651,False,2587.2899288943936,2593.2813934415017,4,False,0.0
373,375,0.030909090909090907,8.382659675278804,0.02727272727272727,0.038181818181818185,6.982659675278809,10.282659675278797,True,6.00770169825831,11.99916624536629,4,True,0.1985738438253893
374,376,0.15181818181818182,8.395123250599942,0.14272727272727273,0.1590909090909091,7.495123250599946,9.09512325059994,True,11.082961714164329,17.074426261272308,4,False,0.025647292038199286
375,377,0.02909090909090909,9.015786664604958,0.025454545454545455,0.034545454545454546,7.415786664604964,10.615786664604952,False,8.580204260633886,14.571668807741865,4,True,0.07249305039512591
376,378,0.09272727272727273,9.386746394238799,0.08181818181818182,0.10181818181818182,7.9867463942388035,10.286746394238795,False,31.762283189581094,37.75374773668907,4,False,2.1394869987326095e-06
377,379,0.023636363636363636,8.320148069449926,0.02090909090909091,0.026363636363636363,7.020148069449931,9.520148069449922,False,12.970091485345947,18.961556032453927,4,False,0.011422860624895783
378,380,0.03909090909090909,5.631106790178725,0.035454545454545454,0.04363636363636364,4.631106790178724,6.831106790178726,False,8.40328145478836,14.394746001896339,4,True,0.07787372868536618
379,381,0.13363636363636364,9.64273860778171,0.12272727272727273,0.1409090909090909,8.542738607781715,10.242738607781709,False,27.59993168193467,33.59139622904265,4,False,1.5031824541664034e-05
380,382,0.18363636363636365,1.6,0.17272727272727273,0.19454545454545455,1.3,1.9000000000000001,True,41.441315302630734,47.432779849738715,4,False,2.1777383101593664e-08
383,385,0.04272727272727273,9.068975194385148,0.04,0.049090909090909095,8.46897519438515,10.768975194385142,False,11.183578656845347,17.175043203953326,4,False,0.024576502019495638
384,386,0.017727272727272727,11.735776004388173,0.015,0.02090909090909091,10.135776004388179,13.335776004388167,False,39.73643180760393,45.72789635471191,4,False,4.9071438474556916e-08
386,388,0.09818181818181819,8.790690512356251,0.08727272727272727,0.10545454545454545,7.790690512356255,9.690690512356248,False,8.900429644942866,14.891894192050845,4,True,0.06363702667544148
387,389,0.034545454545454546,6.40882399669294,0.03363636363636364,0.04,6.20882399669294,7.908823996692934,False,41.92594570014654,47.91741024725452,4,False,1.7281748939628605e-08
388,390,0.01090909090909091,11.228794794928898,0.01,0.013636363636363636,10.128794794928902,13.62879479492889,False,19.24752937762863,25.23899392473661,4,False,0.0007026362359747302
389,391,0.02727272727272727,7.113281702547628,0.02727272727272727,0.02727272727272727,7.113281702547628,7.113281702547628,False,39008.204506006914,39014.19597055402,4,False,0.0
390,392,0.3,0.6000000000000001,0.2909090909090909,0.3181818181818182,0.30000000000000004,0.9,False,39.15356530195157,45.145029849059554,4,False,6.475730873224644e-08
391,393,0.1890909090909091,4.6000000000000005,0.17272727272727273,0.2,4.1000000000000005,5.0,False,1.1845672307389963,7.176031777846975,4,True,0.8806329281904772
392,394,0.15363636363636363,6.606160657582846,0.14636363636363636,0.16090909090909092,6.006160657582845,7.406160657582847,False,20.421504031677262,26.41296857878524,4,False,0.00041225078323224774
394,396,0.5181818181818182,3.192325547998636,0.4818181818181818,0.5727272727272728,2.7923255479986357,3.7923255479986366,False,47.735021464845005,53.726486011952986,4,False,1.0717761935220347e-09
395,397,0.36363636363636365,7.188334252500493,0.34545454545454546,0.38181818181818183,6.6883342525004945,7.688334252500491,False,14.15944589357642,20.1509104406844,4,False,0.006803178404294895
396,398,0.1572727272727273,2.3000000000000003,0.15181818181818182,0.16272727272727272,1.9000000000000001,2.8000000000000003,False,29.649976410736453,35.64144095784443,4,False,5.7667725579056255e-06
397,399,0.04818181818181819,11.300743198647869,0.04363636363636364,0.05272727272727273,10.100743198647873,12.300743198647865,True,5.19389243746665,11.185356984574629,4,True,0.26797515557894597
398,400,0.015,9.82391914241802,0.013636363636363636,0.01863636363636364,8.623919142418025,11.923919142418013,False,23.98353833710315,29.97500288421113,4,False,8.04839194009208e-05
399,401,0.1481818181818182,16.57698778842303,0.13545454545454547,0.1572727272727273,15.376987788423033,17.576987788423025,False,14.628139997454337,20.619604544562314,4,False,0.0055380061786471715
400,402,0.1590909090909091,14.099558236366605,0.14636363636363636,0.1809090909090909,12.79955823636661,15.4995582363666,True,1.7141227609654275,7.705587308073406,4,True,0.7881506358977404
401,403,0.014090909090909091,9.451998413898618,0.012727272727272728,0.015909090909090907,8.351998413898622,10.751998413898614,False,36.34039915143622,42.331863698544204,4,False,2.462687031551885e-07
402,404,0.019090909090909092,9.01724309473184,0.017727272727272727,0.02090909090909091,8.117243094731844,9.917243094731838,False,14.893853314192825,20.885317861300805,4,False,0.004926512272403747
403,405,0.049090909090909095,4.777978170617136,0.04363636363636364,0.056363636363636366,3.2779781706171343,6.177978170617137,True,5.603262570867593,11.594727117975573,4,True,0.2308006275854024
405,407,0.04272727272727273,3.8706900287453405,0.03909090909090909,0.04727272727272727,2.9706900287453406,5.07069002874534,True,15.021253828722614,21.012718375830595,4,False,0.0046573376841176
406,408,0.4727272727272727,1.967184806853192,0.4272727272727273,0.5,1.3671848068531922,2.267184806853192,False,53.064318026669866,59.05578257377785,4,False,8.261711336768094e-11
408,410,0.028181818181818183,3.5,0.025454545454545455,0.03,2.4000000000000004,4.3,True,5.882811560700551,11.87427610780853,4,True,0.20807257879425903
409,411,0.2727272727272727,6.098729271586815,0.2545454545454545,0.2909090909090909,5.598729271586814,6.598729271586815,False,4.245587813142665,10.237052360250644,4,True,0.3737882484287842
410,412,0.03909090909090909,9.02707017803208,0.03363636363636364,0.04363636363636364,7.7270701780320845,10.227070178032076,False,8.417068779899946,14.408533327007925,4,True,0.07744123557617118
412,414,0.15181818181818182,8.083928489786075,0.14272727272727273,0.1590909090909091,7.283928489786078,8.783928489786073,False,34.9081858243088,40.89965037141678,4,False,4.851504789703781e-07
413,415,0.02909090909090909,11.301091769356706,0.025454545454545455,0.035454545454545454,9.701091769356712,13.0010917693567,False,7.585562644324627,13.577027191432606,4,True,0.10799499155282732
414,416,0.2818181818181818,1.1,0.2727272727272727,0.3,0.8,1.4000000000000001,False,46.71562687984169,52.707091426949674,4,False,1.7477077559295322e-09
417,419,0.011363636363636364,5.046085355654181,0.010454545454545454,0.012272727272727272,4.346085355654181,5.846085355654183,False,15.206554799005174,21.198019346113153,4,False,0.004291434687861571
418,420,0.16090909090909092,3.2,0.15363636363636363,0.16636363636363638,2.5,3.6,False,11.538009278760294,17.529473825868273,4,False,0.02113868323194326
420,422,0.04818181818181819,12.451389254956322,0.04454545454545455,0.056363636363636366,11.451389254956325,14.051389254956316,True,7.399797672998635,13.391262220106615,4,True,0.11620982889058368
421,423,0.10545454545454545,3.6394377719494924,0.10090909090909092,0.11181818181818182,3.039437771949492,4.439437771949493,True,17.993186137914222,23.984650685022203,4,False,0.0012378878145562163
422,424,0.2636363636363636,5.168857959172752,0.2545454545454545,0.2818181818181818,4.968857959172752,5.668857959172753,False,11.549818382261721,17.5412829293697,4,False,0.021032567105586774
423,425,0.14636363636363636,8.666248149455027,0.13545454545454547,0.15363636363636363,7.666248149455031,9.466248149455025,False,24.263276512041283,30.25474105914926,4,False,7.073190573244146e-05
425,427,0.08272727272727273,9.283052348288123,0.07818181818181819,0.08909090909090908,8.783052348288125,10.28305234828812,False,48.15108848850545,54.14255303561343,4,False,8.777571053236147e-10
427,429,0.02181818181818182,8.544749618773597,0.01863636363636364,0.025454545454545455,7.144749618773602,10.044749618773592,False,14.258936742071256,20.250401289179237,4,False,0.00651288445250699
428,430,0.1090909090909091,7.340863570087684,0.10818181818181818,0.1190909090909091,7.340863570087684,8.44086357008768,False,25.703716410813627,31.695180957921608,4,False,3.6309221421020774e-05
429,431,0.023636363636363636,4.988578016433464,0.02181818181818182,0.026363636363636363,4.188578016433464,6.188578016433464,True,10.152224911077335,16.143689458185314,4,False,0.03794007404575009
432,434,0.4272727272727273,5.9844431181524715,0.4,0.44545454545454544,5.4844431181524715,6.384443118152471,False,10.441445615639422,16.4329101627474,4,False,0.033613190966222284
437,439,0.15181818181818182,14.701872869876329,0.13545454545454547,0.16454545454545455,13.101872869876335,15.901872869876325,False,14.612592379028062,20.60405692613604,4,False,0.005576006804330991
438,440,0.034545454545454546,7.880169771962429,0.03,0.03909090909090909,6.680169771962433,8.980169771962425,False,16.262613503586053,22.254078050694034,4,False,0.0026862800051227014
447,449,0.32727272727272727,4.9,0.3090909090909091,0.34545454545454546,4.5,5.300000000000001,False,12.421860751414716,18.413325298522693,4,False,0.014474998008445998
455,457,0.035454545454545454,14.089817533286949,0.030909090909090907,0.04090909090909091,12.989817533286953,15.489817533286944,False,24.146385872510237,30.137850419618218,4,False,7.465529216872102e-05
464,466,0.36363636363636365,7.672511979964767,0.33636363636363636,0.38181818181818183,7.072511979964769,8.172511979964765,False,8.145593996219327,14.137058543327306,4,True,0.0863881594066369
475,477,0.056363636363636366,5.387776499120685,0.04818181818181819,0.06272727272727273,3.8877764991206836,6.487776499120686,False,18.13212844250031,24.12359298960829,4,False,0.0011628348338005468
481,483,0.13545454545454547,10.20741463028074,0.10272727272727274,0.1481818181818182,6.507414630280737,10.90741463028074,False,104.66776290931313,110.6592274564211,4,False,9.969818657582574e-22
482,484,0.015,3.1,0.013181818181818182,0.01818181818181818,1.6,4.800000000000001,True,19.846026169042055,25.837490716150036,4,False,0.0005355902068438677
483,485,0.11545454545454546,6.62996601483437,0.10636363636363637,0.12454545454545454,5.629966014834373,7.729966014834366,True,6.2412241268327575,12.232688673940736,4,True,0.18184322722144378
484,486,0.026363636363636363,3.5862487618739403,0.022727272727272728,0.030909090909090907,2.086248761873939,5.386248761873942,False,6.3505464130952465,12.342010960203226,4,True,0.17445413445425598
486,488,0.2181818181818182,42.028627653843145,0.15181818181818182,0.3090909090909091,38.428627653843094,44.928627653843186,False,5.604576886700611,11.59604143380859,4,True,0.23068887541958275
487,489,0.12272727272727273,7.337070480188753,0.11545454545454546,0.13363636363636364,6.7370704801887555,8.43707048018875,False,24.76332929906511,30.754793846173087,4,False,5.613342065000802e-05
489,491,0.01818181818181818,9.72062476435559,0.015454545454545453,0.02090909090909091,8.320624764355594,11.220624764355584,False,24.176996615049116,30.168461162157094,4,False,7.360743967699917e-05
491,493,0.05909090909090909,6.803578405047535,0.05272727272727273,0.07,5.703578405047539,8.603578405047529,False,14.452561962383822,20.4440265094918,4,False,0.005982319234965634
492,494,0.01,14.035821435282436,0.01,0.012272727272727272,13.635821435282438,15.93582143528243,False,29.584933325985027,35.57639787309301,4,False,5.945156936268829e-06
493,495,0.09363636363636364,3.937170533006071,0.08909090909090908,0.10272727272727274,3.6371705330060706,4.837170533006072,False,23.41161359264862,29.4030781397566,4,False,0.00010476951882390197
494,496,0.023636363636363636,10.567447696990952,0.019545454545454546,0.028181818181818183,8.867447696990958,12.467447696990945,False,13.553850068127602,19.545314615235583,4,False,0.008863939150074747
495,497,0.03,4.2643120787031545,0.028181818181818183,0.03727272727272728,3.364312078703154,6.064312078703157,False,9.806119764571685,15.797584311679664,4,False,0.04382332620085867
496,498,1.4,27.192470365385205,1.4,1.4,27.192470365385205,27.192470365385205,False,66770.03424411373,66776.02570866085,4,False,0.0
498,500,0.02,17.21633349219181,0.02,0.022727272727272728,17.21633349219181,18.51633349219183,False,70.46110870831708,76.45257325542507,4,False,1.8140097989379307e-14
500,502,0.024545454545454544,9.708467115739252,0.02,0.03,7.8084671157392584,12.208467115739243,False,11.011220064568947,17.002684611676926,4,False,0.026438205267833637
501,503,0.06727272727272728,4.394874901442889,0.060909090909090906,0.07545454545454545,3.394874901442888,5.79487490144289,True,14.720728014579304,20.71219256168728,4,False,0.0053169149545251
504,506,0.07954545454545454,4.150772294411567,0.07390909090909091,0.08818181818181818,3.350772294411566,5.350772294411568,False,12.036123565462734,18.02758811257071,4,False,0.017084653028918765
505,507,0.04,9.799926782185938,0.03363636363636364,0.046363636363636364,8.099926782185944,11.599926782185932,False,7.293819912385097,13.285284459493077,4,True,0.1211522229631409
506,508,0.07309090909090908,7.930189749150237,0.07163636363636364,0.08,7.930189749150237,9.030189749150233,False,30.825724943027517,36.8171894901355,4,False,3.3224863755143783e-06
508,510,0.025454545454545455,6.8811094103289605,0.025454545454545455,0.026363636363636363,6.781109410328961,7.281109410328959,False,228.92579190441873,234.9172564515267,4,False,2.248217640892402e-48
509,511,0.04454545454545455,25.168629363669005,0.04272727272727273,0.06181818181818182,25.168629363669005,28.768629363669056,False,11.759049897189811,17.750514444297792,4,False,0.019235930911409897
510,512,0.10363636363636364,5.4410849293154255,0.09363636363636364,0.11363636363636363,4.541084929315424,6.541084929315426,False,10.676561315078619,16.668025862186596,4,False,0.030449883355253757
511,513,0.14272727272727273,8.947264002543191,0.13181818181818183,0.15545454545454546,7.947264002543195,10.147264002543187,False,6.291356204129206,12.282820751237185,4,True,0.17842057555341279
512,514,0.2090909090909091,1.3,0.1972727272727273,0.2272727272727273,1.0,1.7000000000000002,False,17.525207162120562,23.51667170922854,4,False,0.001527619777595477
514,516,0.10636363636363637,1.2216127568267208,0.10545454545454545,0.10818181818181818,1.2216127568267208,1.2216127568267208,False,9677.904039749708,9683.895504296815,4,False,0.0
515,517,0.19454545454545455,0.8,0.1809090909090909,0.2090909090909091,0.5,1.1,False,79.35193428559221,85.34339883270019,4,False,2.389374880029517e-16
516,518,0.16454545454545455,2.0,0.1590909090909091,0.16818181818181818,1.5,2.3000000000000003,False,32.69867073829467,38.690135285402654,4,False,1.376755146386277e-06
517,519,0.13363636363636364,8.694951524976828,0.12272727272727273,0.14636363636363636,7.594951524976832,9.994951524976823,False,13.038015517693248,19.029480064801227,4,False,0.011091529428289212
518,520,0.026363636363636363,17.465504052360988,0.026363636363636363,0.03,17.465504052360988,19.06550405236101,False,27.836413200540385,33.827877747648365,4,False,1.3462207889915634e-05
519,521,0.15545454545454546,6.95936684044972,0.14636363636363636,0.16272727272727272,6.059366840449723,7.659366840449717,False,14.065324893149555,20.056789440257532,4,False,0.007089457829500007
520,522,0.01863636363636364,9.412130874331117,0.015,0.02181818181818182,7.412130874331124,10.812130874331112,False,20.59944196607804,26.59090651318602,4,False,0.00038015064507624546
522,524,0.013181818181818182,9.33159354472706,0.011818181818181818,0.015,8.031593544727064,10.831593544727054,False,23.064201697255424,29.0556662443634,4,False,0.00012294082348000943
523,525,0.019545454545454546,11.963058551178307,0.015454545454545453,0.024545454545454544,9.763058551178315,14.263058551178299,False,5.965640580847314,11.957105127955293,4,True,0.20172899194628127
524,526,0.01818181818181818,9.629319058111518,0.015454545454545453,0.02181818181818182,8.129319058111523,11.429319058111512,False,21.118691599319572,27.11015614642755,4,False,0.0002999629683556235
525,527,0.09090909090909091,1.3505574790074126,0.09,0.09272727272727273,1.3505574790074126,1.5505574790074128,False,156.96061266578536,162.95207721289333,4,False,6.556854610097513e-33
527,529,0.04090909090909091,3.9511798415097164,0.035454545454545454,0.045454545454545456,2.651179841509715,5.151179841509718,False,10.87555493290456,16.867019480012537,4,False,0.027998786758299154
528,530,0.015909090909090907,9.67400777965167,0.015454545454545453,0.016363636363636365,9.67400777965167,9.67400777965167,False,26714.328694281383,26720.32015882849,4,False,0.0
529,531,0.075,3.8089577782449564,0.07,0.08272727272727273,3.0089577782449557,4.908957778244957,False,16.07150410319518,22.062968650303162,4,False,0.0029247013869819175
531,533,0.32727272727272727,6.9506632134352735,0.3,0.34545454545454546,6.350663213435272,7.350663213435274,False,20.596957570497423,26.588422117605404,4,False,0.00038058131822611794
532,534,0.05454545454545455,2.8000000000000003,0.049090909090909095,0.06272727272727273,1.8,4.2,False,5.956217105633387,11.947681652741366,4,True,0.2024419531847132
535,537,0.10272727272727274,10.575661237501517,0.10181818181818182,0.10363636363636364,10.575661237501517,10.575661237501517,False,2555.699030541567,2561.690495088675,4,False,0.0
536,538,0.01,14.71791995816409,0.01,0.01090909090909091,14.517919958164091,15.617919958164087,False,67.71780107703822,73.7092656241462,4,False,6.879866609818261e-14
537,539,0.36363636363636365,5.6719430582029995,0.34545454545454546,0.38181818181818183,5.371943058203,6.071943058203,False,30.318717268207305,36.31018181531528,4,False,4.215007149609022e-06
538,540,0.01681818181818182,11.202675558465293,0.014545454545454545,0.02,9.802675558465298,12.902675558465287,False,18.32333340480171,24.31479795190969,4,False,0.0010668507141717819
539,541,0.1409090909090909,2.5,0.13545454545454547,0.1481818181818182,2.1,3.1,False,25.69342901212126,31.684893559229238,4,False,3.648291382542947e-05
540,542,0.1972727272727273,5.646188486102027,0.1781818181818182,0.2090909090909091,5.046188486102027,6.046188486102027,True,7.671656962395653,13.663121509503632,4,True,0.10437386019533777
541,543,0.046363636363636364,9.72105850059236,0.04,0.05454545454545455,8.021058500592366,11.621058500592353,True,3.2121013877995055,9.203565934907484,4,True,0.5229785847880457
542,544,0.8818181818181818,9.810053997684399,0.7636363636363637,0.9727272727272728,8.910053997684399,10.6100539976844,False,22.493826294020128,28.485290841128105,4,False,0.0001597917377321162
543,545,0.010454545454545454,9.600821290875963,0.01,0.012727272727272728,8.900821290875966,11.500821290875956,False,16.45712685554,22.448591402647978,4,False,0.0024632835737465743
544,546,0.14636363636363636,0.7263037194751536,0.1409090909090909,0.15181818181818182,0.5263037194751536,1.2263037194751534,False,49.08980428877731,55.08126883588529,4,False,5.592277105456896e-10
545,547,0.2636363636363636,6.558682884844995,0.24545454545454545,0.2818181818181818,6.058682884844995,6.958682884844995,False,20.392393895739946,26.383858442847924,4,False,0.00041775192375613127
546,548,0.15363636363636363,3.381528798392724,0.14636363636363636,0.1590909090909091,2.7815287983927233,3.8815287983927242,False,18.893289364925543,24.884753912033524,4,False,0.0008248047728290933
547,549,0.05090909090909091,4.648783850447991,0.045454545454545456,0.057272727272727274,3.34878385044799,5.848783850447992,False,20.718922379406962,26.710386926514943,4,False,0.0003599986746606156
549,551,0.015454545454545453,11.392641041662275,0.014090909090909091,0.01863636363636364,10.292641041662279,13.192641041662268,False,23.24167345729598,29.233138004403962,4,False,0.00011329816659334292
550,552,0.019545454545454546,5.735766237879643,0.01681818181818182,0.023636363636363636,4.135766237879649,7.635766237879636,False,13.686233264593982,19.67769781170196,4,False,0.008366828765823911
552,554,0.012727272727272728,11.975724190892208,0.012272727272727272,0.012727272727272728,11.975724190892208,12.175724190892208,False,396.0759558403649,402.06742038747285,4,False,1.9594533703254532e-84
553,555,0.09636363636363636,9.448415542131677,0.08454545454545455,0.1090909090909091,8.048415542131682,10.848415542131672,False,12.511909252766587,18.503373799874566,4,False,0.013924127296409707
554,556,0.025454545454545455,9.746166341079633,0.02090909090909091,0.030909090909090907,7.846166341079639,11.846166341079625,False,7.816845622795861,13.80831016990384,4,True,0.0985225186823647
555,557,0.01863636363636364,12.197147638141171,0.01681818181818182,0.02090909090909091,11.197147638141175,13.397147638141167,False,20.09370342617378,26.085167973281756,4,False,0.0004785708751704882
556,558,0.014090909090909091,4.23216034514783,0.012727272727272728,0.016363636363636365,2.9321603451478286,5.932160345147832,False,9.922377144116796,15.913841691224775,4,False,0.04175572605708915
557,559,0.2272727272727273,3.0,0.2090909090909091,0.24545454545454545,2.5,3.4000000000000004,False,5.521394137660903,11.512858684768883,4,True,0.2378553084285677
558,560,0.022727272727272728,10.822068865316748,0.019545454545454546,0.02727272727272727,9.322068865316753,12.92206886531674,False,13.719603178289969,19.711067725397946,4,False,0.008245891306591995
559,561,0.09909090909090909,7.056063169917968,0.08818181818181818,0.10818181818181818,6.056063169917971,8.056063169917964,False,27.893296815815077,33.88476136292306,4,False,1.3109658360764267e-05
560,562,0.03272727272727273,10.791289761980563,0.02909090909090909,0.03727272727272728,9.691289761980567,11.891289761980559,True,8.309129002211272,14.30059354931925,4,True,0.08088864137285924
561,563,0.4909090909090909,0.0,0.4909090909090909,0.5,0.0,0.0,False,153.61514448822336,159.60660903533133,4,False,3.4191414712473364e-32
562,564,0.04818181818181819,9.963290882027835,0.046363636363636364,0.057272727272727274,9.663290882027836,11.863290882027828,False,15.714823674559751,21.70628822166773,4,False,0.0034267011891268243
564,566,0.16818181818181818,2.0,0.16454545454545455,0.1781818181818182,1.6,2.4000000000000004,False,17.03831407021871,23.02977861732669,4,False,0.0019000962485545747
565,567,0.06727272727272728,6.943324786485562,0.05909090909090909,0.07418181818181818,5.443324786485561,8.143324786485563,True,3.4184212069749007,9.409885754082879,4,True,0.4903904829510519
566,568,0.24545454545454545,7.807729545185094,0.2272727272727273,0.2636363636363636,7.307729545185095,8.307729545185092,False,10.342109025049016,16.333573572156993,4,False,0.03504281148939649
567,569,0.04,10.253250160426987,0.034545454545454546,0.04727272727272727,8.953250160426991,12.15325016042698,True,9.25285341650939,15.24431796361737,4,True,0.05508090606354319
568,570,0.023636363636363636,3.0986504660167222,0.02090909090909091,0.02727272727272727,1.8986504660167225,4.698650466016722,False,7.779869066074717,13.771333613182696,4,True,0.09998294899654167
570,572,0.2818181818181818,4.2,0.2636363636363636,0.3,3.7,4.6000000000000005,False,4.541344811204829,10.532809358312807,4,True,0.3376731668781514
572,574,0.06636363636363636,6.603894302959057,0.057272727272727274,0.07363636363636364,5.103894302959063,7.903894302959053,False,12.111408697274436,18.102873244382415,4,False,0.01654174767353995
573,575,0.15545454545454546,1.7000000000000002,0.15,0.1590909090909091,1.2000000000000002,2.0,False,15.783606712287808,21.775071259395787,4,False,0.0033237105819776147
574,576,0.23636363636363636,11.566506314418833,0.2090909090909091,0.2636363636363636,10.666506314418836,12.26650631441883,False,13.089301062160224,19.080765609268205,4,False,0.010847596352375427
575,577,0.06636363636363636,2.699301547372011,0.06181818181818182,0.072,1.8993015473720112,3.6993015473720106,True,9.024266911375594,15.015731458483573,4,True,0.06049577746034905
577,579,0.02,10.607589542567817,0.01818181818181818,0.023636363636363636,9.60758954256782,12.007589542567812,False,16.497202649486475,22.488667196594456,4,False,0.0024196581895237312
578,580,0.14636363636363636,5.401943510270334,0.13727272727272727,0.1572727272727273,4.701943510270336,6.40194351027033,False,14.889365617355214,20.88083016446319,4,False,0.004936267408115845
580,582,0.06909090909090909,8.408191884023159,0.06181818181818182,0.07772727272727273,7.108191884023164,9.708191884023154,False,24.73402193159253,30.72548647870051,4,False,5.689966169568441e-05
582,584,0.026363636363636363,12.083741400752467,0.022727272727272728,0.02909090909090909,10.583741400752473,13.383741400752463,True,4.3943103650348005,10.385774912142779,4,True,0.3552641173578201
584,586,0.14272727272727273,7.7173275816770275,0.13181818181818183,0.15,6.7173275816770275,8.417327581677029,False,3.7694557074112316,9.76092025451921,4,True,0.4381047290942427
585,587,0.13545454545454547,9.107329953906156,0.12636363636363637,0.14454545454545453,8.10732995390616,10.007329953906153,True,6.540439553582511,12.53190410069049,4,True,0.16226013161149133
586,588,0.10454545454545455,6.897907233608862,0.09363636363636364,0.11363636363636363,5.697907233608866,7.997907233608858,True,7.054957678049148,13.046422225157126,4,True,0.1330123095365869
588,590,0.4363636363636364,5.9,0.4,0.4727272727272727,5.4,6.5,False,38.08839746441863,44.07986201152661,4,False,1.0744798570689832e-07
589,591,0.02909090909090909,9.507992508154457,0.026363636363636363,0.034545454545454546,8.307992508154461,11.107992508154451,False,8.069766308036584,14.061230855144563,4,True,0.08905573806643001
590,592,0.02909090909090909,13.483693627025508,0.026363636363636363,0.031818181818181815,12.283693627025512,14.283693627025505,False,33.766727508263884,39.758192055371865,4,False,8.319505169987853e-07
592,594,0.23636363636363636,0.6000000000000001,0.2181818181818182,0.24545454545454545,0.2,0.9,False,104.69764747783243,110.68911202494041,4,False,9.824706027594521e-22
593,595,0.2636363636363636,7.666732466305701,0.23636363636363636,0.2818181818181818,6.966732466305701,8.066732466305702,False,1.413146414727223,7.404610961835202,4,True,0.8419069177930679
594,596,0.025454545454545455,4.452238349620055,0.022727272727272728,0.028181818181818183,3.2522383496200535,5.752238349620056,False,14.92276950305104,20.914234050159017,4,False,0.004864108104719216
595,597,0.05,8.324704579430417,0.049090909090909095,0.056363636363636366,8.224704579430417,9.524704579430413,False,54.646787729542424,60.638252276650405,4,False,3.852530710149685e-11
596,598,0.03363636363636364,14.623160667725564,0.03272727272727273,0.034545454545454546,14.623160667725564,14.623160667725564,False,28530.697999013963,28536.68946356107,4,False,0.0
597,599,0.2181818181818182,8.273695943663885,0.19181818181818183,0.23636363636363636,7.573695943663887,8.873695943663883,False,16.05340315380428,22.044867700912256,4,False,0.002948335367568367
598,600,0.1590909090909091,4.6942419357592895,0.15181818181818182,0.16454545454545455,3.994241935759289,5.29424193575929,False,27.766435457473246,33.757900004581224,4,False,1.3908874372264655e-05
599,601,0.02727272727272727,4.394814721633444,0.023636363636363636,0.03,2.8948147216334443,5.4948147216334435,True,9.15987117964112,15.1513357267491,4,True,0.05722534659036422
600,602,0.023636363636363636,19.122938130616095,0.02,0.028181818181818183,17.722938130616075,21.022938130616122,False,14.291536888049855,20.283001435157836,4,False,0.006420432082787667
601,603,0.015454545454545453,3.0,0.014090909090909091,0.017272727272727273,2.0,4.0,True,2.0379944205339435,8.029458967641922,4,True,0.7287706156381566
602,604,0.03272727272727273,6.958376404789766,0.031818181818181815,0.03363636363636364,6.958376404789766,6.958376404789766,False,9530.871531454104,9536.862996001211,4,False,0.0
604,606,0.10818181818181818,2.0,0.10181818181818182,0.11545454545454546,1.3,2.8000000000000003,True,14.94669158389693,20.93815613100491,4,False,0.004813069038826779
606,608,0.990909090909091,0.0,0.9818181818181818,1.0545454545454547,0.0,0.4,False,84.04460823816828,90.03607278527626,4,False,2.4190167198121678e-17
607,609,0.04272727272727273,14.213089669287282,0.03636363636363636,0.049090909090909095,12.613089669287287,15.813089669287276,False,21.97355522274564,27.96501976985362,4,False,0.00020286426765378577
611,613,0.3181818181818182,6.7903961483131265,0.2909090909090909,0.33636363636363636,6.090396148313126,7.290396148313127,False,4.694092329633146,10.685556876741124,4,True,0.3201492614880928
612,614,0.06181818181818182,13.338140697218577,0.060909090909090906,0.06909090909090909,13.338140697218577,14.538140697218573,False,31.654492120263413,37.645956667371394,4,False,2.2507508234342926e-06
613,615,0.2090909090909091,9.300989779649397,0.19181818181818183,0.2272727272727273,8.800989779649399,9.900989779649395,False,11.259671250615963,17.25113579772394,4,False,0.023795575618211058
614,616,0.4545454545454546,3.97596586071265,0.4363636363636364,0.4636363636363636,3.67596586071265,4.27596586071265,False,67.15363014958102,73.145094696689,4,False,9.048143513505302e-14
615,617,0.06454545454545454,14.945379029320913,0.060909090909090906,0.07390909090909091,14.445379029320915,16.645379029320907,False,15.957565453441575,21.949030000549556,4,False,0.003076636243885686
616,618,0.02909090909090909,4.05972669884347,0.026363636363636363,0.03363636363636364,2.759726698843469,5.459726698843472,False,6.500507956713459,12.491972503821438,4,True,0.1647583807172951
618,620,0.045454545454545456,8.167676147191626,0.04090909090909091,0.05,6.967676147191625,9.267676147191628,False,1.3988226038044391,7.390287150912418,4,True,0.844399627785152
619,621,0.03,13.243637883208624,0.025454545454545455,0.03636363636363636,11.34363788320863,14.843637883208618,False,9.772049958974863,15.763514506082842,4,False,0.044447610041925434
622,624,0.2090909090909091,3.4088770092720786,0.19454545454545455,0.2181818181818182,3.0088770092720787,3.7088770092720784,False,14.343159503826493,20.334624050934472,4,False,0.0062766586534742635
623,625,0.24545454545454545,5.32597759407423,0.2272727272727273,0.2636363636363636,4.725977594074229,5.72597759407423,False,26.102854233231596,32.09431878033958,4,False,3.016877370298125e-05
624,626,0.035454545454545454,4.380964804335347,0.030909090909090907,0.04090909090909091,3.1809648043353467,5.880964804335349,True,8.479628473361432,14.47109302046941,4,True,0.07550713000820525
625,627,0.07954545454545454,7.269876997893544,0.072,0.08909090909090908,6.069876997893548,8.56987699789354,True,5.792455421341459,11.783919968449439,4,True,0.2151932366701639
626,628,0.015,9.571790834059495,0.013181818181818182,0.017272727272727273,8.1717908340595,10.771790834059491,False,38.96755038814402,44.959014935252,4,False,7.074796421096455e-08
627,629,0.4,5.704386456463579,0.38181818181818183,0.4545454545454546,5.304386456463579,6.50438645646358,False,5.752148519876339,11.743613066984318,4,True,0.21843836050817977
629,631,0.04363636363636364,2.124012582436132,0.03909090909090909,0.04727272727272727,0.9240125824361322,3.124012582436132,False,10.907817083512182,16.89928163062016,4,False,0.02761979318192841
630,632,0.15363636363636363,13.21835942971068,0.14636363636363636,0.16090909090909092,12.518359429710683,14.018359429710678,False,49.08950743315474,55.080971980262724,4,False,5.593074717947019e-10
631,633,0.026363636363636363,10.682301413161316,0.022727272727272728,0.028181818181818183,9.28230141316132,11.482301413161313,False,132.65685750698145,138.64832205408942,4,False,1.0522716707493468e-27
633,635,0.07636363636363636,6.2452192053476825,0.07,0.08272727272727273,5.145219205347681,7.245219205347683,False,8.823750693088577,14.815215240196556,4,True,0.0656590609123385
634,636,0.08090909090909092,15.890736809201481,0.06818181818181819,0.10272727272727274,14.090736809201488,18.39073680920147,True,5.662169254795772,11.653633801903752,4,True,0.22583815337534802
635,637,0.016363636363636365,11.022794189664316,0.014545454545454545,0.019090909090909092,9.82279418966432,12.42279418966431,False,24.050699216199096,30.042163763307073,4,False,7.802726980366551e-05
637,639,0.12272727272727273,8.497995711901046,0.11545454545454546,0.13363636363636364,7.697995711901049,9.597995711901042,False,26.930865998680687,32.92233054578867,4,False,2.0529018686410976e-05
638,640,0.2818181818181818,8.370977643707874,0.2545454545454545,0.3,7.570977643707877,8.870977643707873,True,3.887063958583132,9.878528505691111,4,True,0.42150578978572384
639,641,0.07018181818181819,19.026419937550436,0.06272727272727273,0.07954545454545454,17.626419937550445,20.62641993755043,False,8.599978836304423,14.591443383412402,4,True,0.07191398016300445
640,642,0.2,7.667865811977103,0.18363636363636365,0.2272727272727273,7.167865811977105,8.267865811977101,False,36.857016412432,42.848480959539984,4,False,1.9277025925742058e-07
641,643,0.035454545454545454,6.205624811540629,0.03,0.04,4.805624811540627,7.305624811540629,False,3.3323817486816534,9.323846295789632,4,True,0.5038180644220968
642,644,0.16272727272727272,10.364159841556386,0.15545454545454546,0.17272727272727273,9.564159841556389,11.264159841556383,False,14.779209502358302,20.77067404946628,4,False,0.005181755703056503
643,645,0.053636363636363635,7.791649903668194,0.04727272727272727,0.060909090909090906,6.391649903668199,9.09164990366819,True,3.633073664847392,9.624538211955372,4,True,0.4579346568028
644,646,0.1390909090909091,2.4372294945238204,0.13363636363636364,0.14636363636363636,2.03722949452382,3.13722949452382,False,28.256415301430945,34.24787984853892,4,False,1.1065851941066489e-05
645,647,0.12636363636363637,4.946704177743731,0.12636363636363637,0.12818181818181817,4.946704177743731,4.946704177743731,False,646.837915906206,652.829380453314,4,False,1.127294642624743e-138
647,649,0.14272727272727273,3.9437951763887553,0.13727272727272727,0.15,3.443795176388755,4.543795176388755,False,164.49411916220384,170.4855837093118,4,False,1.588271612133092e-34
648,650,0.12090909090909091,9.097668022631737,0.11363636363636363,0.13,8.19766802263174,10.097668022631733,True,10.710107839583912,16.701572386691893,4,False,0.030022639540938777
650,652,0.3181818181818182,8.339262243568262,0.3,0.34545454545454546,7.839262243568262,8.939262243568262,False,7.30579267710551,13.297257224213489,4,True,0.1205842687970257
651,653,0.3090909090909091,9.170691155164773,0.2909090909090909,0.33636363636363636,8.670691155164775,9.770691155164771,False,4.015812668004035,10.007277215112014,4,True,0.40387006769703904
652,654,0.05454545454545455,5.226292575490155,0.049090909090909095,0.06181818181818182,4.026292575490154,6.526292575490157,False,17.71987592342616,23.71134047053414,4,False,0.0013997549617046252
653,655,0.10363636363636364,7.4109178579582675,0.09454545454545454,0.11363636363636363,6.4109178579582675,8.510917857958269,False,7.63668097196526,13.62814551907324,4,True,0.10583109335214215
655,657,0.16454545454545455,6.4616567535242115,0.1590909090909091,0.1781818181818182,5.9616567535242115,7.161656753524213,True,10.201556881322979,16.19302142843096,4,False,0.03716595724908138
658,660,0.35454545454545455,5.5,0.33636363636363636,0.37272727272727274,5.1000000000000005,5.9,False,21.66423567802652,27.655700225134503,4,False,0.0002337402377495939
659,661,0.02909090909090909,1.6319202397964023,0.02909090909090909,0.02909090909090909,1.6319202397964023,1.6319202397964023,False,930.1523176993398,936.1437822464478,4,False,4.880310285408903e-200
660,662,0.04727272727272727,10.849908021990284,0.045454545454545456,0.05454545454545455,10.349908021990286,12.349908021990279,False,23.709573838388117,29.701038385496098,4,False,9.132640011021169e-05
662,664,0.2636363636363636,10.259653872056814,0.24545454545454545,0.2909090909090909,9.659653872056817,10.959653872056812,False,31.936810986962808,37.928275534070785,4,False,1.970836711051114e-06
663,665,0.05545454545454545,10.152868048133872,0.04818181818181819,0.06181818181818182,8.652868048133877,11.252868048133868,True,8.000683607376839,13.992148154484818,4,True,0.09155315624143301
664,666,0.15,15.461246643196795,0.1390909090909091,0.16090909090909092,14.461246643196798,16.56124664319679,False,20.65800231638349,26.64946686349147,4,False,0.000370137778961884
665,667,0.16636363636363638,16.258002717932992,0.15545454545454546,0.18363636363636365,15.158002717932996,17.05800271793299,False,24.521707576889074,30.51317212399705,4,False,6.27697418993293e-05
666,668,0.1090909090909091,11.695628240797873,0.10818181818181818,0.11,11.695628240797873,11.695628240797873,False,69992.83484749644,69998.82631204356,4,False,0.0
667,669,0.05545454545454545,7.614939201865807,0.053636363636363635,0.06181818181818182,7.514939201865808,8.714939201865803,False,33.971066727165315,39.962531274273296,4,False,7.554398830127946e-07
668,670,0.03,5.572947958487047,0.03,0.031818181818181815,5.572947958487047,6.072947958487045,False,114.52077403571822,120.5122385828262,4,False,7.89774762806849e-24
670,672,0.15181818181818182,7.637860483393482,0.1409090909090909,0.1572727272727273,6.63786048339348,8.137860483393482,True,5.391771294231787,11.383235841339765,4,True,0.2494079341108174
671,673,0.13,7.561210944122523,0.12090909090909091,0.1390909090909091,6.561210944122522,8.361210944122524,False,2.7378589768831287,8.729323523991107,4,True,0.6026062214594365
672,674,0.01,17.884887918236707,0.01,0.01,17.48488791823671,18.184887918236704,False,429.0198856220111,435.01135016911905,4,False,1.489302215121711e-91
673,675,0.1390909090909091,15.321718044144898,0.12636363636363637,0.15,14.121718044144902,16.321718044144895,True,16.633737149197945,22.625201696305922,4,False,0.002276668719899788
674,676,0.01,14.119302889397614,0.01,0.010454545454545454,14.019302889397615,14.519302889397613,False,48.37934470490173,54.370809252009714,4,False,7.866495469076485e-10
675,677,0.03,3.5386839989631724,0.028181818181818183,0.034545454545454546,2.838683998963172,4.838683998963173,False,13.488559005225762,19.48002355233374,4,False,0.009119638986492191
676,678,0.05818181818181818,13.021337052787628,0.053636363636363635,0.06545454545454546,12.32133705278763,14.421337052787623,False,27.884623944087576,33.87608849119555,4,False,1.3162810989637603e-05
678,680,0.18636363636363637,7.632327494507441,0.16818181818181818,0.2090909090909091,6.932327494507444,8.332327494507439,False,48.267548848895835,54.259013396003816,4,False,8.300278278151787e-10
679,681,0.4727272727272727,12.05020070658649,0.4090909090909091,0.5727272727272728,10.950200706586493,13.350200706586485,False,2.4901573412139855,8.481621888321964,4,True,0.6463991366268067
680,682,0.2636363636363636,8.771377974004759,0.24545454545454545,0.2818181818181818,8.27137797400476,9.371377974004757,False,3.7903915724940678,9.781856119602047,4,True,0.4351158121900852
682,684,0.11181818181818182,1.3,0.10545454545454545,0.11727272727272728,0.7000000000000001,1.9000000000000001,True,22.802486290582145,28.793950837690126,4,False,0.00013866544118024493
683,685,0.014545454545454545,5.174227979163467,0.013181818181818182,0.01681818181818182,3.9742279791634663,6.574227979163469,False,16.094474723119347,22.08593927022733,4,False,0.0028949775742321327
684,686,0.7,7.645450615745899,0.6272727272727272,0.7545454545454545,6.7454506157458995,8.145450615745899,False,41.80788489715121,47.79934944425919,4,False,1.8283335736152774e-08
686,688,0.03363636363636364,4.777547944984754,0.02909090909090909,0.035454545454545454,3.477547944984753,5.377547944984755,False,14.67412609615406,20.66559064326204,4,False,0.005427090836070803
689,691,0.02181818181818182,6.56895383426336,0.015,0.03272727272727273,3.5689538342633575,10.668953834263364,True,1.969066404663904,7.960530951771883,4,True,0.7414485706044389
690,692,0.05909090909090909,11.436584278868915,0.05090909090909091,0.06636363636363636,9.93658427886892,12.83658427886891,True,9.606033920775879,15.597498467883858,4,False,0.04761349676320654
692,694,0.015454545454545453,4.560795138072395,0.014090909090909091,0.017272727272727273,3.5607951380723937,5.560795138072395,False,25.881760989949115,31.873225537057095,4,False,3.343006448964046e-05
693,695,0.03272727272727273,4.311784808003065,0.02909090909090909,0.03727272727272728,3.211784808003065,5.411784808003065,True,6.110346318647218,12.101810865755198,4,True,0.19105770617444653
694,696,0.02727272727272727,9.667233229607984,0.024545454545454544,0.030909090909090907,8.467233229607988,11.067233229607979,False,10.8925561704141,16.884020717522077,4,False,0.027798445920044487
695,697,0.16636363636363638,8.308228430639472,0.1572727272727273,0.1781818181818182,7.4082284306394754,8.90822843063947,True,40.71177318784512,46.7032377349531,4,False,3.083673466975888e-08
696,698,0.2272727272727273,15.168645622308654,0.19181818181818183,0.2727272727272727,14.068645622308658,16.56864562230865,False,5.478205009240626,11.469669556348606,4,True,0.2416519299871464
697,699,0.07418181818181818,14.754303378358195,0.07281818181818181,0.07681818181818181,14.754303378358195,15.154303378358193,False,100.83305068977444,106.82451523688242,4,False,6.538587957652225e-21
698,700,0.057272727272727274,4.594560273837008,0.05,0.06454545454545454,3.194560273837006,5.894560273837008,True,4.313975576084872,10.305440123192852,4,True,0.36517833828271884
700,702,0.36363636363636365,8.551233822127598,0.32727272727272727,0.4090909090909091,7.851233822127597,9.351233822127599,True,0.45309494084726876,6.444559487955248,4,True,0.9779035998338309
701,703,0.23636363636363636,5.409673959673057,0.2181818181818182,0.2545454545454545,5.009673959673057,5.909673959673057,False,9.077533374349938,15.068997921457917,4,True,0.05919046401808232
702,704,0.16454545454545455,5.207448248612923,0.16090909090909092,0.17545454545454547,4.707448248612923,5.807448248612924,False,8.70573772669987,14.697202273807848,4,True,0.06889055383318317
703,705,0.36363636363636365,0.0,0.36363636363636365,0.37272727272727274,0.0,0.1,False,94.05285760309035,100.04432215019833,4,False,1.812014889512352e-19
705,707,0.019545454545454546,8.099355051611868,0.017272727272727273,0.023636363636363636,6.899355051611872,9.999355051611861,False,20.208574321715794,26.200038868823775,4,False,0.00045420773595179076
706,708,0.015,10.54055291584346,0.013636363636363636,0.017727272727272727,9.440552915843464,11.940552915843455,False,6.462821392100746,12.454285939208724,4,True,0.16714806197552243
709,711,0.1409090909090909,5.369470427201971,0.13363636363636364,0.1481818181818182,4.669470427201971,5.969470427201973,False,6.2164522294928855,12.207916776600864,4,True,0.18355612835635496
710,712,0.3090909090909091,7.739911327240067,0.2909090909090909,0.32727272727272727,7.239911327240066,8.039911327240066,False,6.862877962058661,12.85434250916664,4,True,0.14331437669871952
711,713,0.16090909090909092,8.513211565218606,0.15363636363636363,0.16818181818181818,7.813211565218609,9.113211565218604,False,89.85867927787112,95.8501438249791,4,False,1.4109964481883303e-18
712,714,0.2272727272727273,7.544484533365427,0.2,0.24545454545454545,6.744484533365426,8.044484533365427,True,2.9197166650402124,8.911181212148191,4,True,0.571349271385716
713,715,0.1390909090909091,6.6994768096573,0.13181818181818183,0.14636363636363636,5.999476809657299,7.499476809657301,False,5.824122502490953,11.815587049598932,4,True,0.21267356619167782
714,716,0.1481818181818182,9.36655440132529,0.1390909090909091,0.1572727272727273,8.466554401325293,10.166554401325287,False,23.95519229652386,29.946656843631843,4,False,8.154368649419011e-05
715,717,0.14272727272727273,6.862360810504219,0.1409090909090909,0.1481818181818182,6.862360810504219,7.362360810504217,False,288.73179108143586,294.7232556285438,4,False,2.918439668597376e-61
716,718,0.5454545454545454,6.9300364680897255,0.4909090909090909,0.609090909090909,6.230036468089725,7.730036468089725,False,46.534119311072,52.52558385817998,4,False,1.906608563194221e-09
717,719,0.015454545454545453,11.950277811898612,0.014090909090909091,0.01863636363636364,10.850277811898616,13.750277811898606,False,11.675335283188828,17.666799830296807,4,False,0.01993614314491125
718,720,1.4,10.093936459433847,1.4,1.4,10.093936459433847,10.093936459433847,False,924104.4881314788,924110.4795960259,4,False,0.0
719,721,0.15,5.67728044253796,0.1409090909090909,0.1590909090909091,4.977280442537962,6.477280442537957,False,20.79572858740121,26.787193134509188,4,False,0.00034760690551251266
720,722,0.5909090909090908,11.988943984074114,0.509090909090909,0.7090909090909091,10.888943984074118,13.388943984074109,False,45.98378127356918,51.97524582067716,4,False,2.482065516966892e-09
722,724,0.08727272727272727,5.08539035303442,0.07818181818181819,0.09727272727272727,3.8853903530344187,5.98539035303442,True,40.760907150347954,46.752371697455935,4,False,3.012301152227608e-08
723,725,1.4,11.691500607644159,1.4,1.4,11.691500607644159,11.691500607644159,False,16866.20140430014,16872.192868847247,4,False,0.0
725,727,0.4181818181818182,7.649997093478369,0.4090909090909091,0.4363636363636364,7.649997093478369,7.749997093478369,False,575.7163530211853,581.7078175682933,4,False,2.789118947732275e-123
726,728,0.4090909090909091,20.534820289214966,0.4090909090909091,0.4181818181818182,20.534820289214966,20.534820289214966,False,26817.242424210406,26823.233888757513,4,False,0.0
727,729,0.9181818181818182,21.38053070070156,0.9,0.9363636363636364,21.38053070070156,21.38053070070156,False,15541.390218005949,15547.381682553056,4,False,0.0
728,730,0.1572727272727273,6.752007164531692,0.15181818181818182,0.16636363636363638,6.252007164531692,7.752007164531694,False,30.918899880624373,36.910364427732354,4,False,3.1802518582982576e-06
730,732,0.2181818181818182,5.367871686991345,0.1972727272727273,0.23636363636363636,4.667871686991345,5.767871686991346,False,10.842557674765837,16.834022221873816,4,False,0.02839161159936047
732,734,0.025454545454545455,8.879133092258572,0.02181818181818182,0.028181818181818183,7.379133092258577,10.079133092258568,False,24.624452265491133,30.61591681259911,4,False,5.985753345152153e-05
734,736,0.4545454545454546,20.26138562457492,0.44545454545454544,0.4636363636363636,20.26138562457492,20.26138562457492,False,19053.805469128034,19059.79693367514,4,False,0.0
735,737,0.014090909090909091,4.0,0.012272727272727272,0.015454545454545453,2.5,5.1000000000000005,False,6.247694004641249,12.239158551749227,4,True,0.18139822321505666
738,740,0.017727272727272727,3.9000000000000004,0.014090909090909091,0.022727272727272728,1.6,6.300000000000001,True,11.61055925577714,17.60202380288512,4,False,0.020494865223897058
739,741,0.02909090909090909,2.9000000000000004,0.026363636363636363,0.03363636363636364,1.8,4.2,True,8.993144310308201,14.98460885741618,4,True,0.06127106920231346
741,743,0.16818181818181818,20.999290605287783,0.1572727272727273,0.1972727272727273,19.899290605287767,22.0992906052878,False,18.391716175299813,24.383180722407793,4,False,0.0010344591805857843
742,744,0.06,21.24955320721553,0.05181818181818182,0.06818181818181819,19.74955320721551,22.64955320721555,False,3.462964061756465,9.454428608864443,4,True,0.48353203949336243
743,745,0.060909090909090906,19.14947738045044,0.06,0.06818181818181819,19.14947738045044,20.449477380450457,False,31.01631703416223,37.00778158127021,4,False,3.0380223324015704e-06
744,746,0.016363636363636365,11.301740970303415,0.014090909090909091,0.019090909090909092,9.80174097030342,12.80174097030341,False,18.042298585669815,24.033763132777793,4,False,0.0012108272153905212
746,748,1.4,29.76621740895292,1.4,1.4,29.76621740895292,29.76621740895292,False,336999.65981360787,337005.651278155,4,False,0.0
747,749,0.4090909090909091,15.286335311195277,0.37272727272727274,0.4636363636363636,14.48633531119528,16.186335311195272,False,10.4458869795375,16.43735152664548,4,False,0.03355060224384835
749,751,0.23636363636363636,20.339515311873683,0.23636363636363636,0.23636363636363636,20.339515311873683,20.339515311873683,False,6018.702563332061,6024.694027879169,4,False,0.0
750,752,0.13181818181818183,7.205246474539029,0.12454545454545454,0.1409090909090909,6.405246474539032,8.005246474539026,True,24.156487615584403,30.147952162692384,4,False,7.430786655768274e-05
753,755,0.01,7.848693782588768,0.01,0.01,7.448693782588769,8.148693782588767,False,1815.1865017664131,1821.1779663135212,4,False,0.0
754,756,0.023636363636363636,6.224434314577085,0.023636363636363636,0.023636363636363636,6.224434314577085,6.224434314577085,False,6525.458595599179,6531.450060146287,4,False,0.0
756,758,0.026363636363636363,7.289590133838674,0.023636363636363636,0.02909090909090909,6.089590133838678,8.48959013383867,False,18.620002992224133,24.61146753933211,4,False,0.0009332037000020921
757,759,0.34545454545454546,12.991195127382964,0.3181818181818182,0.37272727272727274,12.291195127382966,13.591195127382962,False,188.86753600685137,194.85900055395933,4,False,9.281917888464354e-40
758,760,0.026363636363636363,5.604061775686613,0.025454545454545455,0.028181818181818183,5.404061775686614,6.4040617756866105,False,270.0702440655418,276.06170861264974,4,False,3.080652331575278e-57
760,762,0.8909090909090909,12.93106201642665,0.7090909090909091,0.9545454545454546,11.231062016426648,13.43106201642665,False,547.8372620000059,553.8287265471139,4,False,3.005067549925261e-117
761,763,0.028181818181818183,3.7308323341057017,0.024545454545454544,0.03272727272727273,2.130832334105702,5.130832334105701,True,7.082039036464085,13.073503583572064,4,True,0.13161583140421917
762,764,0.09636363636363636,7.395287887444214,0.09545454545454546,0.09818181818181819,7.395287887444214,7.4952878874442135,False,592.1570003876529,598.1484649347609,4,False,7.719912507237942e-127
763,765,0.10727272727272727,3.916073085086607,0.09909090909090909,0.11545454545454546,3.016073085086606,4.716073085086608,False,18.111757105119956,24.103221652227937,4,False,0.0011735509124819385
764,766,0.08818181818181818,30.104034124375197,0.08636363636363636,0.09090909090909091,30.104034124375197,30.204034124375198,False,2108.230189777536,2114.221654324644,4,False,0.0
765,767,0.9636363636363636,30.148082405494083,0.8272727272727273,1.1272727272727274,28.948082405494066,31.3480824054941,False,4.265650940459006,10.257115487566985,4,True,0.37124607298921997
767,769,0.24545454545454545,9.961624988373373,0.2181818181818182,0.2636363636363636,9.261624988373375,10.461624988373371,False,5.357638376207662,11.349102923315641,4,True,0.25252946090749934
768,770,0.06636363636363636,10.797874662916591,0.05909090909090909,0.07545454545454545,9.497874662916596,12.297874662916586,False,0.4045139409990368,6.395978488107016,4,True,0.9821056680653723
770,772,0.3181818181818182,4.1000000000000005,0.3,0.33636363636363636,3.7,4.5,False,29.44738913764462,35.4388536847526,4,False,6.340672098079192e-06
771,773,0.023636363636363636,8.460780853196987,0.02181818181818182,0.026363636363636363,7.660780853196989,9.560780853196983,True,22.58018021177701,28.571644758884986,4,False,0.0001535787872399102
773,775,0.13545454545454547,7.172201182351183,0.12636363636363637,0.14454545454545453,6.372201182351182,7.972201182351184,False,3.3117002185736606,9.30316476568164,4,True,0.5070805998202175
775,777,0.15545454545454546,22.182874129013253,0.1409090909090909,0.16818181818181818,20.882874129013235,23.582874129013273,False,179.30462930316244,185.2960938502704,4,False,1.0516551538059223e-37
776,778,0.8636363636363636,32.82299921422349,0.7090909090909091,1.0363636363636364,31.322999214223472,34.12299921422351,False,4.162302244855069,10.153766791963047,4,True,0.38448601822643225
778,780,0.04454545454545455,10.405453746644033,0.04454545454545455,0.04454545454545455,10.405453746644033,10.405453746644033,False,4542.884758033374,4548.876222580482,4,False,0.0
779,781,0.2,6.504330273253382,0.18363636363636365,0.2181818181818182,6.004330273253381,7.204330273253382,False,13.349027032179727,19.340491579287708,4,False,0.00969050624719769
780,782,0.03,8.14001966402588,0.026363636363636363,0.035454545454545454,6.6400196640258855,9.540019664025875,False,16.8213772458902,22.812841792998178,4,False,0.0020936580241579386
781,783,0.6636363636363636,10.678264382458112,0.6,0.7818181818181819,9.878264382458115,11.778264382458108,False,18.859282367788165,24.850746914896142,4,False,0.0008375837344882297
782,784,0.7545454545454545,14.240117484005026,0.6181818181818182,0.9454545454545454,12.840117484005031,15.84011748400502,False,10.606979837290243,16.59844438439822,4,False,0.0313548448465438
783,785,0.056363636363636366,4.653543314987032,0.05,0.06,3.553543314987031,5.353543314987032,True,9.618687789745342,15.610152336853321,4,False,0.047364785076916556
784,786,0.01,4.048006293740803,0.01,0.01,4.048006293740803,4.448006293740802,False,6784.278391688511,6790.269856235619,4,False,0.0
785,787,0.2272727272727273,10.93102080218397,0.2,0.2545454545454545,10.231020802183972,11.731020802183966,True,6.655091825665261,12.64655637277324,4,True,0.15527690139551267
786,788,0.2545454545454545,6.651355908916156,0.23636363636363636,0.2636363636363636,6.151355908916155,6.951355908916156,False,49.76059717197414,55.75206171908212,4,False,4.0512859565084884e-10
787,789,0.5272727272727272,0.0,0.5272727272727272,0.5363636363636364,0.0,0.0,False,214.0257321266106,220.01719667371856,4,False,3.6172478406336175e-45
788,790,0.06545454545454546,4.140243029643932,0.06,0.07163636363636364,3.2402430296439304,5.240243029643932,True,14.082828488035505,20.074293035143484,4,False,0.007035339890991254
789,791,0.16636363636363638,9.565741410740374,0.1572727272727273,0.18636363636363637,8.665741410740377,10.465741410740371,False,118.1050170359782,124.09648158308617,4,False,1.3562900059457685e-24
790,792,0.11727272727272728,3.695867878784407,0.11727272727272728,0.1190909090909091,3.695867878784407,3.695867878784407,False,298.5469910889754,304.53845563608337,4,False,2.2296001214628208e-63
791,793,0.2909090909090909,11.475573543070764,0.2636363636363636,0.3090909090909091,10.675573543070767,11.975573543070762,False,2.7306742711740397,8.72213881828202,4,True,0.6038577803574428
793,795,0.2727272727272727,23.165222010313936,0.23636363636363636,0.3181818181818182,22.06522201031392,24.265222010313952,False,0.6519665258680372,6.643431072976016,4,True,0.9571176168400548
795,797,0.15,17.404763762190832,0.13545454545454547,0.16272727272727272,16.004763762190837,18.504763762190827,True,11.802936223973296,17.794400771081275,4,False,0.018878455020346845
798,800,0.011363636363636364,3.9775244480640537,0.01,0.013636363636363636,2.6775244480640543,5.877524448064054,False,7.775948447232373,13.767412994340352,4,True,0.10013897826864081
799,801,0.1590909090909091,4.666575422963382,0.1572727272727273,0.1590909090909091,4.666575422963382,4.666575422963382,False,2455.6776934256927,2461.669157972801,4,False,0.0
800,802,0.1590909090909091,2.9332597152673885,0.15363636363636363,0.16272727272727272,2.433259715267389,3.3332597152673884,False,26.468291304689107,32.459755851797084,4,False,2.545745448425258e-05
802,804,0.39090909090909093,8.082767752113938,0.36363636363636365,0.4272727272727273,7.482767752113936,8.682767752113937,False,6.920864773750031,12.91232932085801,4,True,0.14012972506348118
803,805,0.04818181818181819,15.63868244122389,0.04090909090909091,0.05909090909090909,13.738682441223897,17.83868244122388,False,7.7688077976844045,13.760272344792384,4,True,0.10042373978405877
804,806,0.34545454545454546,7.984237493062286,0.32727272727272727,0.37272727272727274,7.584237493062286,8.584237493062286,True,1.9275820979418152,7.919046645049795,4,True,0.749076447007359
805,807,0.10090909090909092,10.96616468050038,0.09,0.11,9.966164680500384,11.966164680500377,True,33.493013520581385,39.484478067689366,4,False,9.466673562991522e-07
806,808,0.2909090909090909,9.673255665154501,0.2636363636363636,0.3,8.973255665154504,9.9732556651545,False,14.157846228821157,20.149310775929138,4,False,0.00680794798048666
807,809,0.09636363636363636,10.622945951410582,0.08545454545454545,0.10636363636363637,9.522945951410586,11.722945951410578,False,1.83836849693685,7.829833044044829,4,True,0.7654556333521996
808,810,0.05454545454545455,6.433666947272563,0.05272727272727273,0.05545454545454545,6.433666947272563,6.433666947272563,False,28555.42510112567,28561.41656567278,4,False,0.0
811,813,0.11363636363636363,9.58068785156544,0.10454545454545455,0.12454545454545454,8.580687851565443,10.780687851565435,True,11.528015739839166,17.519480286947143,4,False,0.02122889029197825
812,814,0.8454545454545455,10.88963269333812,0.7545454545454545,0.9636363636363636,10.08963269333812,11.789632693338122,False,46.5921751082512,52.58363965535918,4,False,1.8542746849914206e-09
813,815,0.07590909090909091,13.13342510168914,0.06909090909090909,0.08363636363636363,12.033425101689144,14.233425101689136,False,7.251906264277499,13.243370811385478,4,True,0.1231600315466946
816,818,0.5272727272727272,24.183286134485535,0.4545454545454546,0.6272727272727272,22.983286134485517,25.38328613448555,False,9.580852809331136,15.572317356439115,4,False,0.04811215309087621
817,819,0.045454545454545456,14.0549051370365,0.04,0.05090909090909091,12.654905137036504,15.454905137036494,False,10.71877587897161,16.710240426079586,4,False,0.029913188685000428
818,820,0.16636363636363638,6.63339799678956,0.16636363636363638,0.16636363636363638,6.63339799678956,6.63339799678956,False,2415.9538369181455,2421.9453014652536,4,False,0.0
819,821,0.19454545454545455,1.4000000000000001,0.1781818181818182,0.2,1.0,1.6,False,40.59491056061725,46.58637510772523,4,False,3.2602799268166485e-08
821,823,0.03636363636363636,17.909521442278304,0.030909090909090907,0.04272727272727273,16.509521442278285,19.409521442278326,False,15.876247390386428,21.867711937494406,4,False,0.003189796984190022
823,825,0.026363636363636363,7.923073353566647,0.023636363636363636,0.02909090909090909,6.823073353566651,9.023073353566643,False,7.853985194014506,13.845449741122485,4,True,0.09707573654792924
824,826,0.4909090909090909,9.005818491679399,0.4545454545454546,0.5545454545454546,8.405818491679401,9.705818491679397,False,0.759069973869003,6.7505345209769825,4,True,0.94384954055915
825,827,0.04181818181818182,1.0414602718237216,0.04181818181818182,0.04181818181818182,1.0414602718237216,1.0414602718237216,False,8519.424966926901,8525.416431474008,4,False,0.0
826,828,0.03363636363636364,7.772633529882757,0.028181818181818183,0.038181818181818185,6.072633529882756,8.872633529882759,False,0.9199442818893812,6.91140882899736,4,True,0.9216822123121784
828,830,0.06818181818181819,16.54899327451994,0.06454545454545454,0.07727272727272727,15.948993274519932,18.04899327451996,False,27.87517414057707,33.86663868768505,4,False,1.3220969218848268e-05
829,831,0.06727272727272728,14.431821542863414,0.05909090909090909,0.07390909090909091,12.93182154286342,15.53182154286341,False,1.7192931855615325,7.710757732669512,4,True,0.7872100811477816
830,832,0.09181818181818181,13.524662784674755,0.08090909090909092,0.10363636363636364,12.22466278467476,14.72466278467475,False,40.00757277178416,45.99903731889214,4,False,4.312842000259189e-08
831,833,0.08181818181818182,3.538487434950374,0.07636363636363636,0.09,2.8384874349503733,4.638487434950375,False,14.032345209749462,20.02380975685744,4,False,0.007192535490175385
832,834,0.010454545454545454,10.733039885212694,0.01,0.011818181818181818,10.233039885212696,11.93303988521269,False,104.08605666658485,110.07752121369283,4,False,1.3262588171481234e-21
833,835,0.045454545454545456,20.751141483366197,0.04272727272727273,0.05272727272727273,19.951141483366186,22.551141483366223,False,13.565221845913966,19.556686393021945,4,False,0.008820126674702411
834,836,0.023636363636363636,8.766281469347096,0.02090909090909091,0.026363636363636363,7.6662814693470995,9.866281469347092,False,8.117441785861802,14.10890633296978,4,True,0.0873696570844338
835,837,0.03,4.016025408158962,0.02727272727272727,0.034545454545454546,2.8160254081589606,5.216025408158963,False,13.879510727098241,19.87097527420622,4,False,0.00768970467940078
836,838,0.14636363636363636,24.478433357415238,0.13181818181818183,0.1590909090909091,23.078433357415218,25.878433357415258,False,7.700842984158618,13.692307531266596,4,True,0.10317219553741841
837,839,0.2272727272727273,2.7,0.2090909090909091,0.23636363636363636,2.2,2.9000000000000004,False,16.92760243561671,22.919066982724686,4,False,0.0019965649593258515
838,840,0.10818181818181818,12.061022794326188,0.08909090909090908,0.12454545454545454,9.961022794326196,13.961022794326182,True,69.93322818755355,75.92469273466153,4,False,2.3447254825226742e-14
839,841,0.15181818181818182,5.818854956781697,0.14636363636363636,0.1590909090909091,5.2188549567816995,6.518854956781695,False,29.868691593512537,35.86015614062052,4,False,5.205114259753858e-06
840,842,0.026363636363636363,12.066178323899333,0.02090909090909091,0.03363636363636364,9.566178323899342,14.566178323899324,False,14.024254035055987,20.015718582163966,4,False,0.007218047828953097
841,843,0.016363636363636365,10.992676191641563,0.014545454545454545,0.01863636363636364,9.792676191641567,12.292676191641558,False,17.372028866402935,23.363493413510916,4,False,0.0016362775573462156
842,844,0.1781818181818182,12.186426727765669,0.16090909090909092,0.2,10.986426727765673,12.986426727765666,False,32.53939464107665,38.53085918818463,4,False,1.4840377807029843e-06
843,845,0.4909090909090909,6.712295932692396,0.4636363636363636,0.5636363636363636,6.312295932692397,7.512295932692397,False,13.161957357219606,19.153421904327587,4,False,0.010510964022212533
845,847,0.23636363636363636,10.230812368709561,0.2181818181818182,0.2545454545454545,9.730812368709563,10.73081236870956,False,2.352289100187507,8.343753647295486,4,True,0.6712660022025256
846,848,0.5272727272727272,13.677062202541805,0.4727272727272727,0.609090909090909,12.877062202541808,14.777062202541801,False,1.7848086446289482,7.776273191736927,4,True,0.7752605027688596
847,849,0.06909090909090909,13.528985969707612,0.060909090909090906,0.07681818181818181,12.128985969707617,14.828985969707608,False,3.9142367171332366,9.905701264241216,4,True,0.4177370581296086
848,850,0.10818181818181818,3.4796204815553082,0.10272727272727274,0.11363636363636363,2.8796204815553077,4.279620481555309,False,45.77518966719718,51.76665421430516,4,False,2.742939849303426e-09
849,851,0.09636363636363636,8.594977080633544,0.09454545454545454,0.09818181818181819,8.594977080633544,8.594977080633544,False,42108.42515876289,42114.41662331,4,False,0.0
850,852,0.014545454545454545,10.691918123796945,0.014090909090909091,0.015,10.491918123796946,11.091918123796944,False,170.1764190253926,176.16788357250056,4,False,9.585258043086336e-36
851,853,0.06181818181818182,14.678702993581949,0.05545454545454545,0.06818181818181819,13.578702993581953,15.778702993581945,False,18.90881984513084,24.900284392238817,4,False,0.0008190331235671549
852,854,0.06,14.704887296270282,0.05,0.06909090909090909,13.004887296270288,16.404887296270275,True,5.588931176546623,11.580395723654602,4,True,0.2320222498714386
853,855,0.07336363636363635,4.383393630728721,0.06727272727272728,0.08,3.3833936307287193,5.383393630728721,False,6.868417546540672,12.85988209364865,4,True,0.14300730322112337
854,856,0.2545454545454545,7.7994162786219245,0.24545454545454545,0.2818181818181818,7.499416278621926,8.599416278621922,False,10.018113400456626,16.009577947564605,4,False,0.04012366700925973
855,857,0.10454545454545455,9.330710160002067,0.09181818181818181,0.11363636363636363,8.030710160002071,10.330710160002063,True,15.892533347726657,21.883997894834636,4,False,0.0031668104651987592
856,858,0.16090909090909092,10.657857195518153,0.15363636363636363,0.17,9.857857195518156,11.55785719551815,True,4.271189218316168,10.262653765424147,4,True,0.37054670416504826
857,859,0.13363636363636364,6.507386145925183,0.12636363636363637,0.14272727272727273,5.807386145925182,7.407386145925184,True,9.36366353262937,15.35512807973735,4,True,0.05262531025041365
858,860,0.02090909090909091,8.204272520591893,0.017727272727272727,0.024545454545454544,6.704272520591893,9.704272520591894,True,1.6350920418162318,7.626556588924211,4,True,0.8024716354724337
860,862,0.04363636363636364,6.755663731439663,0.04363636363636364,0.04454545454545455,6.755663731439663,6.955663731439662,False,601.6126253288179,607.6040898759259,4,False,6.937557689574785e-129
861,863,1.4,6.248069008247867,1.4,1.4,6.248069008247867,6.248069008247867,False,632528.0387291568,632534.030193704,4,False,0.0
862,864,0.015,11.766272564161328,0.014090909090909091,0.01863636363636364,11.06627256416133,13.86627256416132,False,87.68877722828123,93.6802417753892,4,False,4.076918876989325e-18
863,865,1.4,5.208220441049107,1.4,1.4,5.208220441049107,5.208220441049107,False,519797.3318070677,519803.3232716148,4,False,0.0
865,867,0.026363636363636363,14.682581369711022,0.022727272727272728,0.03,12.982581369711028,16.182581369711016,False,11.694771800688057,17.686236347796036,4,False,0.01977139779842332
866,868,0.028181818181818183,3.7,0.026363636363636363,0.030909090909090907,2.9000000000000004,4.7,True,3.6578033199503928,9.649267867058372,4,True,0.4542929023213227
868,870,0.4,4.2,0.37272727272727274,0.44545454545454544,3.7,4.800000000000001,False,11.342199993446531,17.33366454055451,4,False,0.022975766858500675
869,871,0.06636363636363636,9.550564428928613,0.05818181818181818,0.07390909090909091,8.050564428928618,10.850564428928609,False,0.23686300449026976,6.228327551598249,4,True,0.9935168639008976
870,872,0.18636363636363637,1.2000000000000002,0.17545454545454547,0.2,0.9,1.6,False,11.001462799923507,16.992927347031486,4,False,0.026547579413431673
871,873,0.017272727272727273,3.328614554842572,0.016363636363636365,0.017727272727272727,3.328614554842572,3.428614554842572,False,844.4084081254688,850.3998726725767,4,False,1.8432910418571718e-181
872,874,0.2181818181818182,1.6,0.2090909090909091,0.23636363636363636,1.4000000000000001,2.1,False,26.269942615829997,32.26140716293798,4,False,2.7915754624376207e-05
873,875,0.36363636363636365,7.223399959220337,0.33636363636363636,0.37272727272727274,6.523399959220336,7.423399959220337,False,8.412617122897379,14.404081670005358,4,True,0.07758063078140517
874,876,0.014090909090909091,7.950295811882768,0.012272727272727272,0.01681818181818182,6.3502958118827735,9.750295811882761,False,22.539665668827833,28.53113021593581,4,False,0.00015646328131294733
876,878,0.07309090909090908,4.306492871639719,0.06818181818181819,0.08,3.506492871639719,5.306492871639721,True,10.158176370272468,16.149640917380445,4,False,0.03784586810864563
878,880,0.014545454545454545,8.85204571295308,0.013636363636363636,0.01681818181818182,8.052045712953083,10.152045712953075,False,11.347352548670631,17.33881709577861,4,False,0.02292550114972321
880,882,0.09909090909090909,10.178220878537896,0.08909090909090908,0.10818181818181818,9.2782208785379,11.278220878537892,False,1.4392548152556608,7.430719362363639,4,True,0.8373444501134496
882,884,0.01863636363636364,11.903790481105112,0.01681818181818182,0.02181818181818182,11.103790481105115,13.503790481105106,False,25.968708910647692,31.960173457755673,4,False,3.2107680468190424e-05
883,885,0.05818181818181818,13.572462532660094,0.05090909090909091,0.06636363636363636,12.372462532660098,15.072462532660088,False,18.099003566810932,24.09046811391891,4,False,0.001180309338109689
884,886,0.15181818181818182,11.089103005529212,0.1390909090909091,0.16090909090909092,9.889103005529217,11.98910300552921,True,14.63193669637196,20.62340124347994,4,False,0.005528765173397864
885,887,0.09636363636363636,4.4877964239278,0.08818181818181818,0.10545454545454545,3.687796423927799,5.387796423927801,False,22.65868067302934,28.65014522013732,4,False,0.00014813915025974067
886,888,0.028181818181818183,11.243708216479428,0.024545454545454544,0.03272727272727273,9.643708216479434,12.743708216479423,True,3.0333228563529127,9.024787403460891,4,True,0.5522644700103682
888,890,0.3,0.8,0.2909090909090909,0.3181818181818182,0.6000000000000001,1.1,False,74.00448857433598,79.99595312144396,4,False,3.235480103025669e-15
890,892,0.06,9.937764912057862,0.053636363636363635,0.06909090909090909,8.737764912057866,11.437764912057856,True,16.68680004707933,22.67826459418731,4,False,0.0022233731277939974
891,893,0.017727272727272727,10.177803899225186,0.015,0.02181818181818182,8.677803899225191,12.177803899225179,True,3.1694048007800952,9.160869347888074,4,True,0.5298867234433233
892,894,0.01,9.030166796350034,0.01,0.01,8.730166796350035,9.130166796350034,False,2907.5370300237187,2913.5284945708268,4,False,0.0
893,895,0.01818181818181818,7.570896958168892,0.016363636363636365,0.02,6.570896958168891,8.570896958168893,False,7.7383365860648095,13.729801133172788,4,True,0.10164741676750716
894,896,0.04,11.256206147715272,0.035454545454545454,0.046363636363636364,10.056206147715276,12.956206147715266,False,0.7976391876653487,6.789103734773327,4,True,0.9387642839234399
895,897,0.04727272727272727,14.134115728214079,0.04181818181818182,0.053636363636363635,12.834115728214083,15.634115728214073,True,5.2666571296253375,11.258121676733317,4,True,0.2610144845906491
896,898,0.028181818181818183,4.47746454388201,0.025454545454545455,0.031818181818181815,3.277464543882009,5.677464543882011,True,13.707769210347966,19.699233757455943,4,False,0.00828858226776613
897,899,0.34545454545454546,5.418144316167727,0.32727272727272727,0.35454545454545455,5.018144316167727,5.718144316167728,False,14.305251686654254,20.296716233762233,4,False,0.006381923241117266
898,900,0.017727272727272727,4.444598895745872,0.015454545454545453,0.02,3.144598895745871,5.744598895745873,False,12.91647807588785,18.90794262299583,4,False,0.011691190079308349
900,902,0.13545454545454547,4.622475207858327,0.12818181818181817,0.14272727272727273,4.122475207858326,5.322475207858327,False,27.089476900773604,33.080941447881585,4,False,1.9067807031339213e-05
901,903,0.013181818181818182,9.053910729575113,0.011818181818181818,0.014545454545454545,7.853910729575118,10.253910729575109,False,13.239004649321432,19.23046919642941,4,False,0.010165137869668042
903,905,0.01818181818181818,9.17701970258959,0.015454545454545453,0.02181818181818182,7.677019702589595,11.077019702589583,False,9.326631780058083,15.318096327166062,4,True,0.05343409128919202
905,907,0.08909090909090908,7.0758530334943375,0.08090909090909092,0.10181818181818182,5.975853033494337,8.27585303349434,False,5.398285996338492,11.389750543446471,4,True,0.2488159462654841
906,908,0.014545454545454545,14.201754401190245,0.012272727272727272,0.017727272727272727,12.401754401190251,16.201754401190236,False,21.02358319641256,27.01504774352054,4,False,0.0003132779532958272
907,909,0.031818181818181815,4.068960479000312,0.02909090909090909,0.03636363636363636,3.268960479000312,5.268960479000311,True,9.709777813398915,15.701242360506894,4,False,0.0456107482079989
908,910,0.1590909090909091,11.390711960306907,0.15,0.16636363636363638,10.59071196030691,12.090711960306905,False,30.682984995241785,36.67444954234976,4,False,3.552762556285627e-06
909,911,0.013181818181818182,3.2,0.01090909090909091,0.015,1.4000000000000001,4.7,True,3.946719305755468,9.938183852863446,4,True,0.41326462895874083
910,912,0.03909090909090909,4.639898068473567,0.03363636363636364,0.04363636363636364,3.3398980684735675,5.839898068473567,True,4.61148411612686,10.602948663234839,4,True,0.32953224017571214
911,913,0.4090909090909091,12.325980773051308,0.38181818181818183,0.4636363636363636,11.72598077305131,13.325980773051304,False,6.32999327650622,12.3214578236142,4,True,0.1758223498117376
912,914,0.017272727272727273,9.866456673103313,0.015909090909090907,0.019090909090909092,9.066456673103316,10.86645667310331,False,32.68354938265766,38.67501392976564,4,False,1.3865992677348203e-06
913,915,0.049090909090909095,10.95005364359844,0.045454545454545456,0.05454545454545455,10.050053643598444,12.050053643598437,False,10.687354199297095,16.678818746405074,4,False,0.03031179054820779
916,918,0.2272727272727273,14.205386582196192,0.2090909090909091,0.2545454545454545,13.705386582196194,15.00538658219619,False,2.627896860415578,8.619361407523558,4,True,0.6218893551486728
917,919,0.012272727272727272,9.913644236260467,0.01,0.014090909090909091,8.013644236260474,11.61364423626046,False,11.290744073222648,17.28220862033063,4,False,0.02348363793159297
919,921,0.04363636363636364,4.204115398235476,0.04,0.04727272727272727,3.2041153982354773,5.104115398235477,True,5.574641843112141,11.56610639022012,4,True,0.2332458962306928
920,922,0.1190909090909091,7.913103218786286,0.11181818181818182,0.12818181818181817,6.91310321878629,8.913103218786283,False,26.113129661195543,32.104594208303524,4,False,3.002514693620492e-05
921,923,0.11727272727272728,6.379002936072277,0.1090909090909091,0.13,5.479002936072276,7.679002936072278,False,3.2879510688504197,9.2794156159584,4,True,0.510843567531223
923,925,0.14636363636363636,5.806107422751548,0.1390909090909091,0.15545454545454546,5.2061074227515505,6.6061074227515455,False,24.293063109075558,30.284527656183535,4,False,6.97653150457835e-05
924,926,0.01,14.245588919129197,0.01,0.01090909090909091,13.945588919129198,15.145588919129194,False,29.121460277495345,35.112924824603326,4,False,7.385590417178788e-06
925,927,0.15,2.4000000000000004,0.14454545454545453,0.15363636363636363,1.9000000000000001,2.7,False,26.80295953612924,32.79442408323722,4,False,2.1788052146409615e-05
926,928,0.015,3.78105192823619,0.013636363636363636,0.015909090909090907,2.68105192823619,4.3810519282361895,False,14.659745300299324,20.6512098474073,4,False,0.005461539975571638
927,929,0.01,14.959773460029165,0.01,0.01090909090909091,14.659773460029166,15.859773460029162,False,40.31705806004008,46.30852260714806,4,False,3.721753030217748e-08
928,930,0.2818181818181818,12.416236081772706,0.2636363636363636,0.3090909090909091,11.916236081772707,13.116236081772703,False,13.428911302582284,19.420375849690263,4,False,0.00935953447642897
929,931,0.028181818181818183,9.056047798674795,0.023636363636363636,0.034545454545454546,7.056047798674802,11.056047798674788,True,2.4578589088712244,8.449323455979204,4,True,0.6521973691085075
931,933,0.022727272727272728,3.6914630436138656,0.019090909090909092,0.026363636363636363,1.991463043613864,5.291463043613867,False,7.97198841494969,13.96345296205767,4,True,0.09260970065420361
932,934,0.2818181818181818,8.66930236939436,0.2636363636363636,0.3,8.169302369394362,9.269302369394358,False,3.49153445662726,9.48299900373524,4,True,0.47916671595858196
934,936,0.2181818181818182,5.179302100402523,0.2,0.2272727272727273,4.679302100402522,5.479302100402522,False,4.33577688996363,10.32724143707161,4,True,0.3624665137836502
935,937,0.060909090909090906,8.523083529477203,0.05272727272727273,0.06818181818181819,7.0230835294772085,9.823083529477199,True,5.57070130400737,11.56216585111535,4,True,0.2335843262368365
936,938,0.015909090909090907,9.569655383267001,0.014090909090909091,0.01818181818181818,8.169655383267006,10.869655383266997,False,21.436317162420345,27.427781709528325,4,False,0.0002594312230118933
937,939,0.12090909090909091,10.068270561351174,0.1090909090909091,0.13,8.868270561351178,11.06827056135117,False,24.490407770561966,30.481872317669946,4,False,6.368456265268166e-05
939,941,0.12636363636363637,8.707500377393027,0.11727272727272728,0.13727272727272727,7.80750037739303,9.707500377393023,False,28.64027949363379,34.63174404074177,4,False,9.249218831163133e-06
940,942,0.02181818181818182,10.066814253742434,0.01818181818181818,0.025454545454545455,8.36681425374244,11.566814253742429,False,5.9037085909558185,11.895173138063797,4,True,0.20645570673362817
942,944,0.13363636363636364,8.584350442152441,0.12272727272727273,0.14454545454545453,7.484350442152445,9.584350442152438,False,1.751823161754484,7.7432877088624625,4,True,0.7812837622912545
945,947,0.32727272727272727,11.737072192177486,0.3,0.34545454545454546,10.937072192177489,12.237072192177484,False,7.748301832726646,13.739766379834625,4,True,0.10124570455076062
946,948,0.35454545454545455,0.841515982660851,0.35454545454545455,0.36363636363636365,0.7415159826608511,1.141515982660851,False,85.40812689582674,91.39959144293472,4,False,1.242746955079287e-17
947,949,0.11,7.984455088847039,0.09909090909090909,0.12090909090909091,6.684455088847043,9.184455088847034,False,12.070985424196305,18.062449971304282,4,False,0.016831132428682498
950,952,0.015454545454545453,12.522458466106626,0.013636363636363636,0.017272727272727273,11.12245846610663,13.622458466106622,False,43.638555834466274,49.630020381574255,4,False,7.626230001119536e-09
952,954,0.12454545454545454,6.449529496842668,0.11545454545454546,0.13363636363636364,5.449529496842672,7.349529496842665,False,37.97221020669123,43.96367475379921,4,False,1.135448622425672e-07
953,955,0.35454545454545455,0.0,0.35454545454545455,0.35454545454545455,0.0,0.0,False,203.32902784013842,209.3204923872464,4,False,7.229078727355841e-43
957,959,0.024545454545454544,6.987880569320637,0.024545454545454544,0.026363636363636363,6.887880569320638,7.7878805693206345,False,59.69387560085686,65.68534014796484,4,False,3.363966554901408e-12
961,963,0.01863636363636364,11.632472232917666,0.015909090909090907,0.022727272727272728,10.032472232917671,13.43247223291766,False,17.52393468918341,23.515399236291387,4,False,0.001528492394731032
964,966,0.03636363636363636,3.805197337059033,0.030909090909090907,0.04090909090909091,2.4051973370590316,5.005197337059034,True,8.191784381686308,14.183248928794287,4,True,0.08480019569693235
971,973,0.12454545454545454,9.601521078792567,0.11545454545454546,0.13545454545454547,8.60152107879257,10.701521078792563,False,35.7038529514583,41.69531749856628,4,False,3.3293739529646676e-07
981,983,0.035454545454545454,9.960699580300712,0.035454545454545454,0.03636363636363636,9.960699580300712,10.260699580300711,False,455.58593983259647,461.57740437970443,4,False,2.6928541064706107e-97
992,994,0.16636363636363638,11.441924033585744,0.15363636363636363,0.18363636363636365,10.341924033585748,12.241924033585741,False,32.55222964858501,38.54369419569299,4,False,1.47509240488769e-06
1001,1003,0.1409090909090909,2.3188881547594686,0.13727272727272727,0.1481818181818182,1.9188881547594687,2.9188881547594683,False,11.477599624268251,17.469064171376232,4,False,0.021689695944356137
1012,1014,0.04090909090909091,1.572541170947038,0.04,0.04454545454545455,1.572541170947038,2.572541170947039,False,47.73328332568529,53.72474787279327,4,False,1.0726705574792945e-09
1021,1023,0.15,8.943613450424035,0.1409090909090909,0.1590909090909091,8.143613450424038,9.843613450424032,True,9.688455489035903,15.679920036143882,4,False,0.04601567034952612
1030,1032,0.02,12.703950693271118,0.015909090909090907,0.024545454545454544,10.303950693271126,14.603950693271111,True,9.243640740686171,15.23510528779415,4,True,0.0552899098254689
1031,1033,0.3181818181818182,6.2,0.2636363636363636,0.37272727272727274,4.7,7.5,False,299.23590939945586,305.22737394656383,4,False,1.5835239130473796e-63
1032,1034,0.8636363636363636,2.9417370699117624,0.8545454545454546,0.8727272727272728,2.9417370699117624,2.9417370699117624,False,37616.63160466894,37622.623069216046,4,False,0.0
1033,1035,0.2727272727272727,19.313477093290135,0.2181818181818182,0.3181818181818182,17.713477093290113,20.713477093290155,False,10.255914346661328,16.24737889376931,4,False,0.036330570499772855
1034,1036,0.012727272727272728,10.983577695564017,0.011363636363636364,0.015,10.08357769556402,12.88357769556401,False,18.014185278100893,24.00564982520887,4,False,0.0012262451115942498
1036,1038,0.2181818181818182,0.8,0.2,0.23636363636363636,0.5,1.2000000000000002,False,45.76595223021445,51.75741677732243,4,False,2.755105209753549e-09
1037,1039,1.4,11.541884526109573,1.4,1.4,11.541884526109573,11.541884526109573,False,5481.72341683891,5487.7148813860185,4,False,0.0
1038,1040,0.37272727272727274,6.112296375426505,0.36363636363636365,0.37272727272727274,6.112296375426505,6.112296375426505,False,41563.790924404486,41569.78238895159,4,False,0.0
1039,1041,0.06272727272727273,9.8148219840944,0.06,0.07163636363636364,9.514821984094402,11.314821984094396,False,19.089475721033306,25.080940268141283,4,False,0.0007547598747278766
1041,1043,1.2545454545454546,12.844061559253117,1.1818181818181819,1.290909090909091,12.444061559253118,12.844061559253117,False,55.99639159830981,61.987856145417794,4,False,2.0086720618892394e-11
1043,1045,0.1781818181818182,2.2,0.16636363636363638,0.19181818181818183,1.7000000000000002,2.6,False,28.211885344495123,34.203349891603104,4,False,1.1298343325064151e-05
1045,1047,0.04727272727272727,14.212016783788814,0.04,0.06272727272727273,12.712016783788819,17.4120167837888,True,4.964232750720687,10.955697297828667,4,True,0.2909871669575258
1046,1048,0.02,3.526081018399982,0.01818181818181818,0.024545454545454544,2.526081018399981,5.526081018399983,False,18.832349480253505,24.823814027361486,4,False,0.0008478431713891004
1047,1049,0.1090909090909091,5.922682343815465,0.1,0.11727272727272728,4.922682343815465,6.822682343815466,True,9.329766110926881,15.32123065803486,4,True,0.053365180057919244
1048,1050,0.08181818181818182,10.964042823261634,0.07,0.09636363636363636,9.06404282326164,12.664042823261628,True,4.9239844186863415,10.91544896579432,4,True,0.2951864752288436
1050,1052,0.019090909090909092,24.63087449850853,0.01863636363636364,0.022727272727272728,24.63087449850853,26.330874498508553,False,45.86056238307952,51.8520269301875,4,False,2.6330142638696404e-09
1051,1053,1.4,26.110715036659442,1.4,1.4,26.110715036659442,26.110715036659442,False,58343.67069526792,58349.66215981503,4,False,0.0
1052,1054,0.02909090909090909,5.3732185726467865,0.025454545454545455,0.03272727272727273,3.773218572646785,6.473218572646788,True,11.819967446127283,17.81143199323526,4,False,0.01874147229701754
1053,1055,0.01681818181818182,2.456081441693981,0.014545454545454545,0.019090909090909092,1.1560814416939815,3.756081441693981,False,22.093382716237535,28.084847263345516,4,False,0.00019202186504556085
1054,1056,0.4090909090909091,1.5980083556814524,0.4,0.4181818181818182,1.5980083556814524,1.5980083556814524,False,122.25181867188357,128.24328321899154,4,False,1.7645242554849994e-25
1056,1058,0.09,19.315668358202245,0.07863636363636364,0.10363636363636364,17.815668358202252,20.715668358202244,False,5.947679588194906,11.939144135302886,4,True,0.20308981399872864
1057,1059,0.031818181818181815,16.262504352985168,0.031818181818181815,0.031818181818181815,16.262504352985168,16.262504352985168,False,10393.880629750389,10399.872094297496,4,False,0.0
1059,1061,0.2272727272727273,0.9,0.2090909090909091,0.23636363636363636,0.5,1.1,False,52.3320308775478,58.32349542465578,4,False,1.175627738981263e-10
1060,1062,0.10454545454545455,10.520820304328407,0.09454545454545454,0.11363636363636363,9.52082030432841,11.620820304328403,False,27.463067973054116,33.4545325201621,4,False,1.6022066635482173e-05
1061,1063,0.05090909090909091,10.93269422565782,0.04818181818181819,0.06,10.53269422565782,12.532694225657814,False,19.27719506238385,25.268659609491827,4,False,0.0006932576303147042
1062,1064,0.013636363636363636,3.7411109454981144,0.012272727272727272,0.015454545454545453,2.4411109454981146,5.041110945498114,False,9.078289521140011,15.06975406824799,4,True,0.05917212869189432
1063,1065,0.019090909090909092,11.563189069563439,0.016363636363636365,0.02181818181818182,9.963189069563445,12.863189069563434,False,40.307512795897885,46.298977343005866,4,False,3.7387145277733685e-08
1064,1066,0.019090909090909092,12.785989369946074,0.015909090909090907,0.02181818181818182,10.98598936994608,14.08598936994607,False,26.874065489242817,32.8655300363508,4,False,2.1078939985526763e-05
1065,1067,0.08909090909090908,15.472648825725631,0.07727272727272727,0.10363636363636364,13.772648825725637,16.872648825725626,False,12.363025827625437,18.354490374733416,4,False,0.01484632616378454
1066,1068,0.026363636363636363,8.462466327261348,0.023636363636363636,0.03,7.262466327261352,9.962466327261343,False,14.255056987514022,20.246521534622,4,False,0.006523973770319565
1067,1069,0.049090909090909095,2.8734037914118478,0.045454545454545456,0.053636363636363635,1.873403791411848,3.7734037914118477,True,11.545602585364902,17.53706713247288,4,False,0.021070390644200583
1068,1070,0.025454545454545455,3.714924580507888,0.022727272727272728,0.028181818181818183,2.6149245805078882,4.914924580507888,True,11.404249917019294,17.395714464127273,4,False,0.02237747683502551
1069,1071,0.031818181818181815,4.391240925360872,0.028181818181818183,0.03636363636363636,3.191240925360871,5.491240925360874,False,10.733367458460192,16.72483200556817,4,False,0.02972981089124372
1070,1072,0.12090909090909091,6.380649373857823,0.11363636363636363,0.13363636363636364,5.480649373857823,7.480649373857824,True,6.14279028863296,12.13425483574094,4,True,0.18873536763930812
1071,1073,0.2909090909090909,6.5128157948314165,0.2727272727272727,0.3181818181818182,6.012815794831416,7.112815794831417,False,13.978259559266558,19.969724106374535,4,False,0.007364766456555132
1072,1074,0.04727272727272727,5.57266093609511,0.046363636363636364,0.05272727272727273,5.47266093609511,6.872660936095105,False,90.21489622676809,96.20636077387607,4,False,1.185373674183898e-18
1073,1075,0.04181818181818182,11.206462014559385,0.04090909090909091,0.04181818181818182,11.206462014559385,11.306462014559385,False,267.96700154639984,273.9584660935078,4,False,8.749548350356923e-57
1075,1077,0.07181818181818181,6.975868741079979,0.06272727272727273,0.08272727272727273,5.375868741079977,8.57586874107998,False,0.3937432936511931,6.385207840759172,4,True,0.9829859469205837
1076,1078,0.08363636363636363,8.092140716449785,0.07590909090909091,0.09818181818181819,6.992140716449789,9.59214071644978,True,9.539382038363517,15.530846585471496,4,False,0.04894429375996938
1077,1079,0.07363636363636364,6.5968126852670785,0.06636363636363636,0.08181818181818182,5.3968126852670775,7.79681268526708,False,3.35856170309706,9.350026250205039,4,True,0.4997074598883159
1078,1080,0.022727272727272728,20.475038561721206,0.02181818181818182,0.02909090909090909,20.475038561721206,23.075038561721243,False,18.97411353961322,24.9655780867212,4,False,0.0007952015434874075
1079,1081,0.2636363636363636,7.4915117739522294,0.24545454545454545,0.2909090909090909,7.091511773952231,8.191511773952227,False,32.83264934031575,38.82411388742373,4,False,1.2925200678039128e-06
1080,1082,0.16272727272727272,6.431538036864558,0.15181818181818182,0.1781818181818182,5.531538036864557,7.231538036864559,False,0.6413849972139918,6.632849544321971,4,True,0.9583556963043595
1081,1083,0.014545454545454545,10.35273134215471,0.012272727272727272,0.01681818181818182,8.352731342154717,11.752731342154705,False,15.559197576752137,21.550662123860114,4,False,0.003671451915467787
1082,1084,0.1572727272727273,9.442867092148777,0.1481818181818182,0.16818181818181818,8.44286709214878,10.442867092148774,True,10.57677280465965,16.56823735176763,4,False,0.03175573632405716
1084,1086,0.015,15.199987592119994,0.013636363636363636,0.01863636363636364,13.899987592119999,17.19998759211999,False,14.13388957184447,20.12535411895245,4,False,0.006879770642569641
1085,1087,0.15363636363636363,16.982011622633955,0.13545454545454547,0.16818181818181818,15.182011622633963,18.58201162263395,True,10.88022687655975,16.871691423667727,4,False,0.027943594473986342
1086,1088,0.045454545454545456,3.9730282277777547,0.04,0.05090909090909091,2.6730282277777535,5.3730282277777555,True,10.247053035670143,16.238517582778123,4,False,0.03646551137721142
1089,1091,0.12818181818181817,5.127182517903298,0.12090909090909091,0.13545454545454547,4.427182517903301,5.9271825179032955,False,25.618214744771258,31.60967929187924,4,False,3.77781734761679e-05
1090,1092,0.04363636363636364,10.439765779510012,0.04272727272727273,0.04363636363636364,10.439765779510012,10.539765779510011,False,569.528538212337,575.520002759445,4,False,6.087755605819577e-122
1091,1093,0.030909090909090907,4.653131273337175,0.028181818181818183,0.03636363636363636,3.5531312733371747,6.053131273337177,True,10.668776798378609,16.66024134548659,4,False,0.030549861307737684
