index,best_mass,best_AV,mass_min,mass_max,AV_min,AV_max,intersects,min_chi2
0,0.049090909090909095,8.073206199553447,0.045454545454545456,0.056363636363636366,6.9732061995534504,9.473206199553442,False,7.404791149427473
1,0.1590909090909091,8.911803300453403,0.14636363636363636,0.17545454545454547,7.711803300453408,10.211803300453399,True,6.227128570626933
2,0.02,3.5,0.01681818181818182,0.024545454545454544,1.7000000000000002,5.4,True,3.181035280588199
3,0.11,8.59866919653362,0.08545454545454545,0.13363636363636364,5.89866919653363,11.098669196533612,False,0.4921662219102077
4,0.13727272727272727,6.113133506030667,0.12090909090909091,0.15363636363636363,4.513133506030665,7.713133506030668,True,5.462895003852724
5,0.2272727272727273,16.203231391783234,0.1781818181818182,0.2909090909090909,14.703231391783241,18.00323139178323,True,0.30049061101699887
6,0.32727272727272727,22.441115342924604,0.2636363636363636,0.4090909090909091,20.74111534292458,24.24111534292463,False,0.8693989608534028
8,0.06363636363636364,14.522913566249981,0.05,0.08090909090909092,11.92291356624999,17.322913566249973,True,0.37409329808546243
9,0.6,8.160827426923667,0.5363636363636364,0.6727272727272727,7.260827426923667,8.960827426923668,False,7.977141444021759
11,0.34545454545454546,6.472407633818542,0.2727272727272727,0.4363636363636364,4.57240763381854,8.372407633818543,True,0.03756108282474577
12,0.08818181818181818,20.43741206218392,0.06909090909090909,0.11545454545454546,17.337412062183876,23.437412062183963,True,0.36415920033936344
13,0.01818181818181818,16.16928548056046,0.014545454545454545,0.022727272727272728,14.069285480560469,18.369285480560453,False,2.6039448217301677
14,0.16272727272727272,8.122346130938283,0.14454545454545453,0.19454545454545455,6.422346130938289,9.622346130938277,True,4.027855050455411
15,0.1890909090909091,10.057113347388148,0.1572727272727273,0.23636363636363636,8.257113347388154,11.357113347388143,True,2.4185336999540006
16,0.33636363636363636,8.609853173742472,0.2727272727272727,0.4272727272727273,7.1098531737424775,10.609853173742465,True,1.4103299367023014
17,0.2818181818181818,16.92629672669711,0.2272727272727273,0.35454545454545455,15.326296726697114,18.7262967266971,True,0.02593662573003232
18,0.08909090909090908,12.788221759161178,,,,,,12.294892497039562
20,1.3727272727272726,20.545240448064185,0.9818181818181818,1.4,17.845240448064196,20.945240448064183,False,0.5906819406022261
21,0.4090909090909091,7.978902316761799,0.3181818181818182,0.5454545454545454,5.978902316761797,10.278902316761801,True,0.04174584392334893
22,0.013181818181818182,5.64289245146678,0.011818181818181818,0.015,4.54289245146678,7.2428924514667825,False,4.594618943074192
23,1.3727272727272726,18.62644643262783,0.9727272727272728,1.4,15.92644643262784,18.926446432627827,False,0.9861671942163444
24,0.34545454545454546,10.546402041344027,0.2818181818181818,0.44545454545454544,8.946402041344033,12.64640204134402,True,0.35897629539015097
25,0.4545454545454546,7.211554851335328,0.35454545454545455,0.6181818181818182,5.211554851335326,9.61155485133533,True,1.540617601050327
26,0.1781818181818182,15.898500418995972,0.15181818181818182,0.2272727272727273,13.89850041899598,17.498500418995967,True,0.11642702998209056
27,0.12818181818181817,10.59231387356795,0.10545454545454545,0.15363636363636363,8.092313873567958,12.892313873567941,True,0.2661558851060077
28,0.01,10.799509820512935,,,,,,11.025020186879496
29,0.33636363636363636,20.60695615942355,0.2727272727272727,0.4363636363636364,19.006956159423527,22.60695615942358,False,0.0786366971656797
30,0.35454545454545455,5.788098841522646,0.2545454545454545,0.5272727272727272,3.288098841522646,8.888098841522645,True,0.47697633533454725
32,0.019545454545454546,14.485031003006142,0.016363636363636365,0.024545454545454544,12.685031003006149,16.685031003006134,True,2.3588996780424507
33,0.8363636363636364,7.7,0.4272727272727273,0.9,2.2,7.7,False,2.691901326838283
34,0.017272727272727273,9.37472095101748,0.011363636363636364,0.02727272727272727,5.374720951017494,13.974720951017463,True,0.366970983421318
35,0.010454545454545454,5.770933221428228,0.01,0.011818181818181818,5.170933221428228,6.8709332214282295,False,4.339015200084491
36,0.12090909090909091,12.640276843151359,0.10090909090909092,0.14272727272727273,10.340276843151367,14.740276843151351,True,2.232359565408177
37,0.16636363636363638,21.97292064415218,0.14636363636363636,0.2090909090909091,19.87292064415215,23.5729206441522,True,1.7314158055770912
40,0.02,9.048463276434935,,,,,,8.977235164136712
41,0.08363636363636363,6.839280115746188,0.07336363636363635,0.10363636363636364,5.539280115746193,9.13928011574618,True,5.558246500048843
42,0.12454545454545454,4.625057042568982,0.10454545454545455,0.14636363636363636,2.42505704256898,6.7250570425689835,True,2.5792208541489816
43,0.12818181818181817,6.979689928442955,0.11545454545454546,0.14272727272727273,5.47968992844296,8.37968992844295,True,6.807957316615115
44,0.015,7.591037611541299,,,,,,13.755825629812644
45,0.11181818181818182,15.972155653625949,0.08818181818181818,0.13545454545454547,13.372155653625958,18.37215565362594,False,0.5785627594763765
46,0.15363636363636363,7.599341218850689,0.12818181818181817,0.18363636363636365,5.299341218850687,9.699341218850691,True,0.03873301805926967
47,0.023636363636363636,7.6549402188800055,0.019545454545454546,0.028181818181818183,5.954940218880012,9.554940218879999,True,2.92951322559629
48,0.18636363636363637,10.449574448965167,0.16272727272727272,0.2090909090909091,9.049574448965172,11.149574448965165,False,6.446984320619253
49,0.038181818181818185,9.590773110188767,0.03272727272727273,0.04454545454545455,8.190773110188772,11.290773110188761,False,5.046892055193593
50,0.1590909090909091,7.886046626551343,0.13545454545454547,0.19181818181818183,5.68604662655134,9.686046626551343,True,1.4508412201367862
51,0.35454545454545455,5.513267616546676,0.2636363636363636,0.4909090909090909,3.113267616546674,8.313267616546678,True,0.1977391450839383
52,0.12636363636363637,8.8859512705384,0.10545454545454545,0.14636363636363636,6.585951270538407,10.785951270538392,True,2.79592332603071
53,0.08909090909090908,5.334066783280366,0.07336363636363635,0.11,3.134066783280364,7.434066783280368,True,3.6430783973671166
54,0.07636363636363636,4.834364877894466,0.06363636363636364,0.09545454545454546,2.7343648778944645,7.2343648778944685,True,2.9405897374141388
55,0.5727272727272728,11.811968783709252,0.4272727272727273,0.8,9.51196878370926,14.311968783709244,True,1.5352360061378652
56,0.045454545454545456,11.611898582608191,,,,,,12.61458614610719
57,0.04363636363636364,1.8,0.035454545454545454,0.05818181818181818,0.0,4.9,True,0.5739700190982547
58,1.3,14.847288816568893,,,,,,16.032051142859412
59,0.19181818181818183,9.70137432881457,0.15545454545454546,0.24545454545454545,7.5013743288145776,11.301374328814564,True,0.249684307924675
61,1.1,11.847436539824702,,,,,,15.884331114171752
62,0.02181818181818182,5.176109043436153,0.017727272727272727,0.026363636363636363,3.2761090434361515,7.1761090434361545,True,2.3347895723795444
63,0.2818181818181818,3.8000000000000003,0.2272727272727273,0.36363636363636365,2.2,5.800000000000001,True,0.4684881641773885
64,0.3090909090909091,8.055816847625174,0.2545454545454545,0.39090909090909093,6.555816847625174,10.055816847625177,True,0.21289228756921139
65,0.13181818181818183,9.569673778590918,0.10818181818181818,0.15545454545454546,7.069673778590927,11.76967377859091,True,0.6540143305404309
66,0.01,11.328624202072177,,,,,,11.062754276022776
67,0.013636363636363636,15.27524071347038,0.012272727272727272,0.015454545454545453,14.075240713470384,16.675240713470373,False,6.06513318678385
69,0.01,18.78881207150991,,,,,,22.44222891045459
70,0.16272727272727272,9.93056126020956,0.14454545454545453,0.2,8.030561260209566,11.630561260209554,True,2.7638509927070656
71,0.11727272727272728,7.103153823851649,0.09636363636363636,0.13727272727272727,4.8031538238516465,9.10315382385165,True,2.4721867700347078
72,0.2909090909090909,5.71809603154228,0.2272727272727273,0.35454545454545455,4.018096031542278,7.318096031542281,True,0.9687697721667262
73,0.01,10.214830483057616,,,,,,12.527505460037313
74,0.06727272727272728,10.964125093338273,0.056363636363636366,0.07727272727272727,9.06412509333828,12.664125093338267,True,5.187344790289255
75,0.13363636363636364,4.69995804492251,0.1090909090909091,0.1572727272727273,2.0999580449225093,6.89995804492251,True,0.5169510393859984
77,0.03,5.003397126202946,0.024545454545454544,0.03909090909090909,2.8033971262029445,7.4033971262029485,True,1.2132672065894456
78,0.06272727272727273,6.690916517935603,0.05454545454545455,0.07390909090909091,5.190916517935609,8.590916517935597,True,5.60876150261648
79,0.2181818181818182,9.09171927704626,0.16636363636363638,0.2636363636363636,7.291719277046258,10.39171927704626,True,0.8300320648574058
80,0.8272727272727273,16.288521250017702,0.6,1.1545454545454545,13.88852125001771,18.788521250017695,True,2.467535266331899
81,0.013636363636363636,8.109980821562592,,,,,,24.99705161855852
82,0.2909090909090909,6.003272781796172,0.23636363636363636,0.36363636363636365,4.40327278179617,7.803272781796173,True,0.34861366425847695
83,0.01818181818181818,13.728279216750503,0.017272727272727273,0.01818181818181818,13.228279216750504,13.828279216750502,False,8.448887939986484
84,0.1190909090909091,13.543623795199693,0.09454545454545454,0.14272727272727273,10.843623795199703,15.843623795199685,False,0.2825020896630773
85,0.04,9.056514727644396,0.03727272727272728,0.05181818181818182,8.656514727644398,12.156514727644385,False,5.526309861807272
87,0.01,5.587432591597981,,,,,,13.512128157673821
88,0.10454545454545455,10.121682792865764,0.08818181818181818,0.12090909090909091,8.42168279286577,11.921682792865758,True,5.319648442927773
89,0.16818181818181818,9.748338076913281,0.15,0.2090909090909091,7.948338076913288,11.148338076913276,True,3.066272298643776
90,0.13363636363636364,8.455968489349003,0.11181818181818182,0.1572727272727273,6.155968489349011,10.655968489348995,True,1.5070448002461916
92,0.016363636363636365,13.471688363967504,0.012272727272727272,0.023636363636363636,10.271688363967515,17.07168836396749,True,0.4831595469893027
93,0.5272727272727272,7.988526977066881,0.3181818181818182,1.0636363636363637,3.6885269770668767,13.488526977066885,True,0.11677989000560729
94,0.19454545454545455,4.608771719069216,0.16090909090909092,0.2545454545454545,2.908771719069216,6.208771719069216,True,1.2843922075682168
95,0.08545454545454545,9.33014198182788,0.07145454545454545,0.10363636363636364,7.330141981827888,11.230141981827874,True,4.22568860204361
96,0.09818181818181819,9.277015500347815,0.07818181818181819,0.1190909090909091,6.977015500347823,11.577015500347807,True,2.58964523096036
97,0.4,7.29769090959462,0.3181818181818182,0.5363636363636364,5.397690909594618,9.597690909594622,True,0.13669741969597105
98,0.36363636363636365,6.350530703892701,0.2818181818181818,0.4545454545454546,4.450530703892699,8.250530703892704,True,0.2872340002283113
99,0.34545454545454546,5.43749553958093,0.2727272727272727,0.44545454545454544,3.7374955395809293,7.437495539580932,True,0.514464010927113
100,0.12454545454545454,3.876196789173178,0.09636363636363636,0.15,0.6761967891731788,6.476196789173177,True,1.952765505795528
101,0.02,10.022258541219903,,,,,,9.49227316619588
102,0.038181818181818185,2.9000000000000004,0.03,0.04727272727272727,0.8,5.2,True,2.234803166719445
103,0.06909090909090909,3.0,0.053636363636363635,0.08545454545454545,0.30000000000000004,5.5,True,1.5693396586360566
104,0.9090909090909091,6.4,0.5545454545454546,1.0727272727272728,2.4000000000000004,7.4,False,2.8349374601893804
105,0.01,13.374886508957909,,,,,,35.76895196245346
106,0.18363636363636365,8.35635762062967,0.15181818181818182,0.23636363636363636,6.156357620629668,9.956357620629671,True,0.07205932331507792
107,0.034545454545454546,9.045393052066723,0.02909090909090909,0.04181818181818182,7.445393052066729,10.945393052066716,False,4.487675399161393
108,0.4909090909090909,2.9000000000000004,0.33636363636363636,1.009090909090909,0.0,8.6,True,0.48531984921124505
109,0.11181818181818182,10.133036862150123,,,,,,12.230670100558264
110,0.1409090909090909,3.9531025436053273,0.12272727272727273,0.15545454545454546,2.253102543605328,5.453102543605327,True,4.414999839107874
111,0.09272727272727273,17.649431751334316,0.07254545454545454,0.11181818181818182,14.949431751334325,19.64943175133431,True,1.8651894640411102
112,0.08818181818181818,4.6000000000000005,0.07,0.11363636363636363,1.9000000000000001,7.4,False,0.04168027522735749
113,0.024545454545454544,8.312496096246718,0.02,0.028181818181818183,6.412496096246725,9.912496096246713,True,4.161436243108491
114,0.06545454545454546,8.775645624675343,0.053636363636363635,0.08636363636363636,6.87564562467535,12.075645624675332,True,1.5540105544103835
119,1.2272727272727273,11.847359259636947,0.7090909090909091,1.4,7.447359259636944,13.347359259636947,True,2.486454722749734
120,0.1890909090909091,6.513078358366252,0.13727272727272727,0.2909090909090909,2.8130783583662486,9.513078358366254,True,2.4266879237899146
121,0.12272727272727273,8.653810084794635,0.10818181818181818,0.13727272727272727,7.053810084794641,10.05381008479463,True,5.774300165539847
122,0.060909090909090906,4.255764776439311,0.05090909090909091,0.07127272727272727,2.3557647764393095,6.055764776439313,True,5.511981904380376
123,0.017272727272727273,9.751231138474402,,,,,,19.14073664476221
124,0.24545454545454545,7.829999614258762,0.19181818181818183,0.2909090909090909,6.229999614258761,8.929999614258763,True,3.659531465045222
126,0.024545454545454544,10.590263311142323,,,,,,10.407893148483804
127,0.02090909090909091,7.802823147496694,0.01681818181818182,0.026363636363636363,5.7028231474967015,10.102823147496686,True,1.94551680956289
128,0.06,4.843820398794696,0.05,0.07336363636363635,2.943820398794694,7.1438203987946975,True,4.097807059828243
129,0.1572727272727273,8.071640094634036,0.11545454545454546,0.3,4.471640094634049,13.171640094634018,True,0.38671369636839437
130,0.23636363636363636,4.1000000000000005,0.1781818181818182,0.2909090909090909,2.4000000000000004,5.7,True,0.04087322941537341
132,0.06545454545454546,4.468692282524435,0.05545454545454545,0.07727272727272727,2.768692282524434,6.4686922825244375,True,5.035539473261923
133,0.013181818181818182,14.540909976630651,,,,,,9.919648382320503
134,0.2272727272727273,7.142898950883163,0.17,0.2818181818181818,5.442898950883161,8.642898950883165,True,0.044660901929096414
135,0.3181818181818182,7.559804888363717,0.2545454545454545,0.39090909090909093,5.8598048883637155,9.259804888363718,True,0.8813705240141334
136,0.02909090909090909,11.90923900826464,0.02181818181818182,0.04,9.00923900826465,14.90923900826463,True,3.3541804427225896
137,0.12818181818181817,10.47745145260454,0.10545454545454545,0.15,7.97745145260455,12.577451452604533,True,1.183817400557877
138,0.010454545454545454,15.266857822330438,0.01,0.012272727272727272,14.56685782233044,16.86685782233043,False,3.8444597608741935
139,0.12272727272727273,22.014527257853803,0.08909090909090908,0.17,18.91452725785376,26.71452725785387,True,1.2866888587497378
140,0.1972727272727273,12.201995608400779,0.16454545454545455,0.24545454545454545,10.701995608400784,13.501995608400774,True,2.39520292683658
141,0.15181818181818182,12.840511478168882,0.13181818181818183,0.17272727272727273,11.040511478168888,14.740511478168875,True,2.6120381179826264
142,0.019090909090909092,7.966252302770627,,,,,,16.449369981948387
143,0.031818181818181815,4.928461296354934,0.02727272727272727,0.038181818181818185,3.328461296354933,6.528461296354936,True,4.618000933446957
144,0.03272727272727273,7.640363921365454,0.03,0.03727272727272728,6.840363921365457,8.84036392136545,False,7.101663960997403
145,0.04818181818181819,12.281569467451336,0.04,0.06181818181818182,10.181569467451343,14.881569467451326,True,2.4888565058037058
146,0.17,8.47959372114907,0.15181818181818182,0.2181818181818182,6.579593721149077,9.879593721149066,True,2.7771522165183007
147,0.06727272727272728,11.251235213980873,0.05090909090909091,0.08545454545454545,8.351235213980884,14.051235213980863,False,0.1335705480086405
148,0.12636363636363637,12.108275082006593,0.10545454545454545,0.15181818181818182,9.708275082006601,14.508275082006584,True,0.6234728690453508
149,0.02727272727272727,4.972361325572838,0.02181818181818182,0.034545454545454546,2.6723613255728393,7.1723613255728385,True,2.1215593221977866
150,0.022727272727272728,9.498745939592315,0.017727272727272727,0.03,7.098745939592323,12.698745939592303,True,3.8745775215537863
151,0.16818181818181818,7.805650004372369,0.15545454545454546,0.2,6.505650004372374,9.005650004372365,True,6.243565174814483
152,0.023636363636363636,4.69118875102736,0.019545454545454546,0.02909090909090909,2.8911887510273586,6.991188751027362,True,2.3923154390593684
153,0.026363636363636363,10.000196919874126,0.02181818181818182,0.03,8.100196919874133,11.400196919874121,True,4.3786745356127685
154,0.19181818181818183,11.943478366584998,0.1572727272727273,0.24545454545454545,10.043478366585004,13.443478366584992,True,0.41425783772508407
156,0.012272727272727272,14.02606515718527,0.010454545454545454,0.013636363636363636,12.526065157185275,15.326065157185266,False,5.275994063800817
157,0.03363636363636364,7.103601180276037,0.03272727272727273,0.04181818181818182,7.003601180276037,9.20360118027603,False,5.615378674436586
158,0.11,26.445238090959133,0.08636363636363636,0.13363636363636364,23.745238090959095,29.04523809095917,True,1.0413234339353452
159,0.2272727272727273,11.88071768709072,0.1890909090909091,0.2636363636363636,10.780717687090723,12.980717687090715,False,4.471928028213657
160,0.509090909090909,17.214262265153458,0.38181818181818183,0.7,14.914262265153464,19.61426226515345,True,0.6358190442933905
161,0.09636363636363636,5.4559960033298704,0.07545454545454545,0.12090909090909091,2.7559960033298676,8.155996003329872,False,0.33104631798539225
162,0.1,14.090647963155913,,,,,,14.142249526433258
163,0.13545454545454547,23.447139270864128,0.12454545454545454,0.14636363636363636,22.347139270864112,24.44713927086414,False,7.396910785370073
164,0.15,14.014769789883125,0.13545454545454547,0.16454545454545455,12.51476978988313,15.41476978988312,True,4.835771160818586
165,0.04090909090909091,11.757064539547326,0.031818181818181815,0.053636363636363635,9.557064539547333,14.757064539547315,True,0.4870285919519463
166,0.09909090909090909,21.11984918261964,0.07090909090909091,0.13,17.61984918261959,24.519849182619687,True,0.05324416101444618
167,0.17545454545454547,9.169781844421776,0.14454545454545453,0.24545454545454545,6.269781844421786,11.369781844421768,True,0.04291638158191479
168,0.02,17.429762881641196,,,,,,23.101653731556596
169,0.5,24.317813906828036,0.38181818181818183,0.6909090909090909,22.117813906828005,26.81781390682807,False,0.37935446897750785
170,0.11363636363636363,9.41916441767399,0.08818181818181818,0.13545454545454547,6.619164417674,11.719164417673982,False,0.41983218040984027
171,0.04272727272727273,18.808787183254722,0.034545454545454546,0.05181818181818182,16.708787183254692,21.008787183254753,False,3.8679989419889376
172,0.1,10.197477683195181,0.07818181818181819,0.1190909090909091,7.69747768319519,12.397477683195174,True,2.016876886609117
173,0.3,8.407521596892453,0.23636363636363636,0.37272727272727274,6.607521596892452,10.107521596892454,True,0.343214377977283
174,0.6272727272727272,6.4,0.34545454545454546,0.8909090909090909,1.6,8.6,True,2.01212474093298
175,0.15,13.664616413705842,0.12636363636363637,0.1781818181818182,11.46461641370585,15.864616413705834,True,0.3116374753721868
176,0.045454545454545456,9.5146518313572,0.034545454545454546,0.060909090909090906,6.81465183135721,12.51465183135719,True,0.1894314838721486
177,0.10636363636363637,19.59062623176294,0.1,0.11545454545454546,18.89062623176293,20.690626231762955,False,7.757230291203929
178,0.23636363636363636,7.400550603996943,0.1781818181818182,0.2909090909090909,5.6005506039969415,9.000550603996945,True,1.5617728442283005
180,0.18636363636363637,10.224347184065792,0.15363636363636363,0.23636363636363636,8.0243471840658,11.724347184065786,True,0.3976300849673247
181,0.15363636363636363,8.822987064420271,0.11545454545454546,0.2545454545454545,5.422987064420283,12.922987064420257,True,0.8566952074515726
182,0.0710909090909091,2.9000000000000004,0.05181818181818182,0.12636363636363637,0.0,9.700000000000001,True,0.4038331126526622
183,0.14272727272727273,4.393791085082511,0.12090909090909091,0.16272727272727272,2.2937910850825114,6.39379108508251,True,1.9687767349668055
184,0.019090909090909092,3.6321281999159694,,,,,,11.706319877329598
185,0.02,10.000513985169553,,,,,,12.88880180077885
186,0.17545454545454547,7.077209038205601,0.14636363636363636,0.23636363636363636,4.5772090382055985,8.977209038205604,True,1.422900556730839
187,0.10545454545454545,10.110363769386904,0.08636363636363636,0.12636363636363637,8.010363769386911,12.410363769386896,True,2.6465199185216983
188,0.024545454545454544,4.94860912761198,0.02090909090909091,0.02909090909090909,3.3486091276119785,6.7486091276119815,True,3.7083431628009618
189,0.08545454545454545,10.871782634498654,0.07363636363636364,0.10272727272727274,9.17178263449866,12.671782634498648,True,5.399194728770899
190,0.37272727272727274,5.645552799612218,0.2909090909090909,0.4818181818181818,3.845552799612218,7.745552799612217,True,0.022237505451899387
191,0.025454545454545455,9.54914051472398,,,,,,8.87159944736257
192,0.5545454545454546,1.9000000000000001,0.4181818181818182,1.0636363636363637,0.0,6.7,True,0.016285749355523314
193,0.03909090909090909,13.79296790519441,0.03,0.049090909090909095,11.492967905194417,16.3929679051944,True,0.40807672674832923
194,0.02727272727272727,3.5,0.02181818181818182,0.035454545454545454,1.2000000000000002,6.0,True,0.5020292387049308
195,0.014090909090909091,6.4804026629309615,,,,,,11.996901338601475
196,0.034545454545454546,9.4222285703321,0.02727272727272727,0.04363636363636364,6.922228570332109,11.722228570332092,True,2.4736903249851903
197,0.39090909090909093,7.842629944654709,0.3090909090909091,0.5,6.042629944654707,9.94262994465471,True,0.7517652026590584
198,0.05909090909090909,10.15470822495024,,,,,,9.658112266608182
199,0.33636363636363636,11.716885675070026,0.2727272727272727,0.4272727272727273,10.016885675070032,13.51688567507002,True,0.14680362763146804
200,0.02,13.054373907983623,0.01863636363636364,0.02,12.354373907983625,13.054373907983623,False,8.199799916477044
201,0.1781818181818182,8.662149811872618,0.15,0.2272727272727273,6.462149811872626,10.162149811872613,True,0.7738149561334675
202,0.01818181818181818,10.38127922585215,0.015454545454545453,0.02090909090909091,8.881279225852156,11.781279225852145,False,4.975940411803991
203,0.04727272727272727,5.077547467177946,0.038181818181818185,0.05909090909090909,2.677547467177944,7.477547467177948,True,2.471414854064408
204,0.13,7.255480560524811,0.11363636363636363,0.15,5.455480560524817,9.055480560524805,True,4.2291405503663455
205,1.0181818181818183,9.0,0.6181818181818182,1.1363636363636365,5.0,9.5,False,3.1583389615947506
206,0.09181818181818181,7.348074309168171,0.06727272727272728,0.12454545454545454,3.848074309168167,10.948074309168174,True,1.0074901676527768
207,0.023636363636363636,16.239370760391385,0.016363636363636365,0.034545454545454546,13.039370760391396,20.03937076039137,True,1.3133506785550653
208,0.23636363636363636,8.271055964286228,0.1590909090909091,0.34545454545454546,5.071055964286225,11.27105596428623,True,0.7388171675993452
209,0.16272727272727272,8.315894520575627,0.12090909090909091,0.2545454545454545,4.515894520575641,11.615894520575615,True,1.2451457752496653
210,0.016363636363636365,8.699731101932084,0.014545454545454545,0.01863636363636364,7.599731101932088,9.99973110193208,False,5.677046913115213
211,0.07636363636363636,30.145263335806234,0.06727272727272728,0.07909090909090909,28.54526333580621,30.44526333580624,False,6.985222602121372
212,1.3181818181818181,11.886456691315649,0.790909090909091,1.4,7.686456691315646,12.58645669131565,False,2.9394574322952796
213,0.5727272727272728,5.800000000000001,0.44545454545454544,0.7818181818181819,3.8000000000000003,8.200000000000001,False,4.532815334025168
214,0.05090909090909091,26.94526333580619,0.03,0.07336363636363635,21.745263335806115,30.44526333580624,False,3.6687319157327627
215,0.13545454545454547,12.21750873286627,0.11181818181818182,0.1572727272727273,9.717508732866278,14.117508732866263,True,0.5220448280538256
216,0.04818181818181819,4.691948053362412,0.038181818181818185,0.06363636363636364,2.191948053362413,7.691948053362412,True,0.15482545415754576
217,0.790909090909091,30.245263335806236,0.5454545454545454,0.8454545454545455,27.445263335806196,30.44526333580624,False,0.0675199388861588
218,0.031818181818181815,4.556563150923973,0.028181818181818183,0.03727272727272728,3.3565631509239715,6.056563150923974,True,5.627914209557135
219,0.3,2.7,0.23636363636363636,0.4090909090909091,0.8,5.2,True,0.7203661214220098
220,0.08818181818181818,4.574456568560269,0.06909090909090909,0.12454545454545454,1.9744565685602664,8.674456568560274,True,1.4389328948738251
221,0.35454545454545455,12.362946158732683,0.2090909090909091,0.6454545454545454,8.462946158732697,17.062946158732665,True,0.15874523782065594
222,1.090909090909091,12.242279766211476,0.5727272727272728,1.2363636363636363,7.042279766211472,12.742279766211476,False,3.883057016880544
223,0.10181818181818182,13.912168446084713,0.08,0.12454545454545454,11.412168446084722,16.512168446084704,True,0.7310711044734568
224,0.05272727272727273,10.77343325008919,0.04363636363636364,0.06363636363636364,8.673433250089197,12.773433250089182,True,4.6409176022913945
225,0.05272727272727273,6.662317210198696,0.04181818181818182,0.06818181818181819,3.962317210198693,9.462317210198698,True,2.623691974772802
227,0.15363636363636363,9.637551128702604,0.12454545454545454,0.19454545454545455,6.737551128702615,12.237551128702595,True,2.727732279901458
228,0.06727272727272728,7.333389228694701,0.05818181818181818,0.10181818181818182,6.133389228694705,11.933389228694685,True,3.9353544051163993
229,0.14636363636363636,10.894510138140134,0.13,0.16090909090909092,9.49451013814014,12.494510138140129,True,6.025664980944265
230,0.04090909090909091,8.46665091768956,0.03272727272727273,0.049090909090909095,6.566650917689566,10.566650917689552,True,2.9667394571759584
231,0.015,7.135918619322649,0.01,0.025454545454545455,3.335918619322646,12.135918619322654,True,0.852194292318656
232,0.07145454545454545,17.557670804067065,0.05454545454545455,0.09181818181818181,14.457670804067074,20.457670804067053,True,1.0665826064876704
233,0.34545454545454546,9.926213385469085,0.2727272727272727,0.44545454545454544,8.126213385469091,11.926213385469078,True,0.1419813777899099
234,0.06363636363636364,9.917560838530445,0.05090909090909091,0.075,7.617560838530453,11.817560838530438,True,3.85204619334933
235,0.4090909090909091,5.974412577410032,0.3181818181818182,0.5363636363636364,3.874412577410032,8.074412577410031,True,0.986107140324257
236,0.23636363636363636,24.13730017908691,0.18636363636363637,0.3,22.73730017908689,25.937300179086936,False,0.11720673538258541
237,0.16272727272727272,13.419510410703083,0.1409090909090909,0.2,11.31951041070309,15.119510410703077,True,0.12601468707504754
238,1.2636363636363637,11.63680843181181,0.8,1.4,7.936808431811807,12.03680843181181,False,3.422680020247191
239,0.04727272727272727,12.506595070194697,0.03727272727272728,0.060909090909090906,10.106595070194706,15.206595070194687,True,1.036700256494718
240,0.023636363636363636,12.958992953636908,0.022727272727272728,0.024545454545454544,12.55899295363691,13.358992953636907,False,8.389324969321388
241,0.04363636363636364,2.9000000000000004,0.034545454545454546,0.053636363636363635,0.6000000000000001,5.1000000000000005,True,2.634290248991988
242,0.02909090909090909,15.84473470900853,0.026363636363636363,0.035454545454545454,14.644734709008535,17.644734709008524,False,5.330352252500029
244,0.034545454545454546,4.227854900847916,0.02727272727272727,0.04272727272727273,1.827854900847917,6.227854900847916,True,2.030832823437824
245,0.4,0.0,0.39090909090909093,0.4181818181818182,0.0,0.30000000000000004,False,8.08127436276096
246,0.4272727272727273,7.504572673071689,0.34545454545454546,0.5818181818181818,5.804572673071688,10.004572673071692,True,1.2892283748073063
247,0.2818181818181818,7.231347422904372,0.2272727272727273,0.33636363636363636,5.631347422904371,8.531347422904373,True,3.7532553398204778
248,0.2181818181818182,16.01044951326275,0.16636363636363638,0.2636363636363636,14.110449513262756,17.410449513262744,True,1.905108732175727
249,0.23636363636363636,4.0,0.1809090909090909,0.2909090909090909,2.4000000000000004,5.5,True,0.6649744131370288
250,0.37272727272727274,5.300000000000001,0.33636363636363636,0.4272727272727273,4.5,6.4,False,6.665687693860531
251,0.6,25.303179285299347,0.4545454545454546,0.8454545454545455,23.103179285299316,28.003179285299385,True,1.4503891491610534
253,0.07145454545454545,4.038031386703557,0.057272727272727274,0.08727272727272727,1.6380313867035552,6.4380313867035595,True,2.5548699816875358
254,0.3,18.12969913238989,0.2272727272727273,0.39090909090909093,16.229699132389896,20.129699132389884,True,0.11432824289408865
255,0.028181818181818183,6.223085258845361,0.023636363636363636,0.03727272727272728,4.22308525884536,8.823085258845364,True,0.5091594558013898
256,0.12272727272727273,12.21280112701663,0.09909090909090909,0.14636363636363636,9.61280112701664,14.512801127016623,False,0.16975167451685919
257,0.2272727272727273,13.995761353864529,0.1972727272727273,0.2636363636363636,13.095761353864532,15.095761353864525,False,5.42439518701929
258,0.06181818181818182,30.44526333580624,,,,,,16.947716944931685
259,0.18636363636363637,11.579622665218256,0.15363636363636363,0.23636363636363636,9.379622665218264,13.07962266521825,True,0.2976650105392417
261,0.32727272727272727,17.980730056548673,0.2636363636363636,0.4181818181818182,16.38073005654868,19.980730056548666,True,0.06655637063844595
262,0.2727272727272727,6.19865060568712,0.2181818181818182,0.34545454545454546,4.698650605687119,7.998650605687121,True,0.30159505578738355
263,0.15545454545454546,9.100963299313891,0.13181818181818183,0.18636363636363637,6.900963299313899,11.000963299313884,True,0.8799614159726996
265,0.15545454545454546,21.89575379271961,0.13363636363636364,0.19181818181818183,19.79575379271958,24.09575379271964,True,0.10019455676263729
266,0.5272727272727272,15.789698893233343,0.4090909090909091,0.7727272727272727,13.68969889323335,18.689698893233334,True,0.4225403157271124
267,0.030909090909090907,4.866947563675954,0.026363636363636363,0.03909090909090909,2.9669475636759515,6.8669475636759545,True,3.1809690329982145
268,0.16636363636363638,21.145901483066122,0.14454545454545453,0.2090909090909091,18.94590148306609,22.845901483066147,True,0.03483101578049383
269,0.5,5.300000000000001,0.39090909090909093,0.7090909090909091,3.2,8.0,True,3.738034306833666
270,0.02181818181818182,9.442585333913044,0.02090909090909091,0.02181818181818182,8.942585333913046,9.442585333913044,False,8.54626613188987
271,0.2727272727272727,20.788680194976205,0.2272727272727273,0.34545454545454546,19.488680194976187,22.58868019497623,False,0.8131919853685516
272,0.06454545454545454,4.189864500642723,0.05181818181818182,0.07818181818181819,1.7898645006427207,6.389864500642725,True,3.2338766647249386
274,0.15363636363636363,12.433763345877697,0.13181818181818183,0.1809090909090909,10.533763345877704,14.53376334587769,True,1.8280485616551294
275,0.014545454545454545,9.90491905662549,,,,,,15.384597259343598
276,0.02909090909090909,3.7,0.022727272727272728,0.038181818181818185,1.1,6.1000000000000005,True,0.15787817684567898
277,0.5818181818181818,4.800000000000001,0.35454545454545455,0.9272727272727272,0.5,8.200000000000001,True,0.77357182381855
279,0.23636363636363636,13.860990580229098,0.18636363636363637,0.2909090909090909,12.360990580229103,15.460990580229092,True,1.262469025392348
280,0.01,13.077730408073629,,,,,,13.855410190963356
281,0.06363636363636364,8.318940260798675,0.05909090909090909,0.07,7.418940260798678,9.41894026079867,False,7.746083185310249
282,0.16090909090909092,13.30215043601018,0.1409090909090909,0.2,11.302150436010187,15.202150436010173,True,0.30016390043212515
283,0.19181818181818183,5.976723586306758,0.17,0.2090909090909091,5.376723586306757,6.576723586306758,True,6.8437761772260135
284,0.9,8.8,0.8090909090909091,0.9181818181818182,8.0,8.8,False,7.085178215223878
285,0.1890909090909091,20.373549434495875,0.15545454545454546,0.24545454545454545,18.273549434495884,22.073549434495867,True,0.148009771200178
286,0.4363636363636364,10.695484943053795,0.34545454545454546,0.5818181818181818,8.795484943053802,12.995484943053787,True,0.6063941122482883
287,0.03727272727272728,3.9656262252056993,0.028181818181818183,0.04818181818181819,1.4656262252056997,6.765626225205699,True,2.01832577485748
288,0.011363636363636364,5.456163433149058,0.01,0.013636363636363636,4.056163433149058,7.45616343314906,True,3.482449136913339
289,0.5909090909090908,9.255389902410077,0.4818181818181818,0.7727272727272727,7.755389902410075,11.255389902410078,False,5.202296542538556
290,0.02727272727272727,2.6,0.022727272727272728,0.03636363636363636,0.6000000000000001,5.300000000000001,True,0.7875247297227411
291,0.013636363636363636,5.292144577152692,0.013181818181818182,0.014545454545454545,4.792144577152692,5.992144577152693,False,7.98921820156402
292,0.6,2.8000000000000003,0.4,1.2818181818181817,0.0,8.4,True,0.5323398287536736
293,0.3181818181818182,3.6,0.2545454545454545,0.4,1.9000000000000001,5.4,True,0.4146974680039548
294,1.4,11.983178675672708,1.1363636363636365,1.4,10.183178675672714,12.283178675672707,False,5.133126823157462
296,0.13,18.937475615505036,0.10818181818181818,0.15545454545454546,16.537475615505045,21.237475615505026,True,0.3486974931899287
297,0.7090909090909091,8.1,,,,,,14.69284036626182
298,0.44545454545454544,8.839752810880086,0.34545454545454546,0.6,6.739752810880084,11.139752810880088,True,0.015300846291911637
299,0.34545454545454546,7.691151160041938,0.2727272727272727,0.4545454545454546,5.791151160041936,9.89115116004194,True,1.4867483356390667
300,0.09363636363636364,8.577645746662222,0.07590909090909091,0.11363636363636363,6.37764574666223,10.577645746662215,True,5.403390738972374
302,1.4,13.475710183781223,,,,,,13.550872727955756
303,0.01,5.8403242645045035,0.01,0.01,5.640324264504503,5.940324264504504,False,7.46352557012112
304,0.09090909090909091,12.945848015909183,0.07227272727272727,0.11545454545454546,10.345848015909192,15.545848015909174,True,0.5623341628905301
305,0.4272727272727273,6.1000000000000005,0.34545454545454546,0.5363636363636364,4.4,7.9,True,2.9977409376771313
306,0.1572727272727273,4.123155339234206,0.13363636363636364,0.19454545454545455,1.823155339234206,6.2231553392342045,True,1.6224822683367273
307,0.23636363636363636,5.0,0.1781818181818182,0.3,3.2,6.800000000000001,True,0.4659428638155194
308,0.3090909090909091,13.544334465327285,0.24545454545454545,0.39090909090909093,11.844334465327291,15.544334465327278,True,0.04357593515375787
309,0.14272727272727273,6.859321779124252,0.1190909090909091,0.16454545454545455,4.559321779124249,8.959321779124252,True,0.9677901212265212
310,1.309090909090909,13.006433855372363,,,,,,16.33379640538749
311,1.4,6.2257288682771605,,,,,,11.400243438471083
312,0.15,7.158377801299622,,,,,,8.983008052611325
313,0.08818181818181818,9.59722996952422,0.07,0.11181818181818182,6.7972299695242295,12.09722996952421,False,0.46119659759131637
314,0.2181818181818182,12.130797436637055,0.18363636363636365,0.2545454545454545,11.130797436637058,13.23079743663705,False,4.761310632026986
315,0.5909090909090908,6.300000000000001,,,,,,9.186290841211644
316,0.1190909090909091,5.750419556295478,0.10363636363636364,0.13727272727272727,3.950419556295477,7.65041955629548,True,4.774787968251766
317,0.2272727272727273,7.730924877809834,0.17,0.2818181818181818,6.0309248778098326,9.430924877809836,True,0.24039440246361038
318,0.023636363636363636,15.681713110090657,0.01863636363636364,0.02909090909090909,13.381713110090665,18.081713110090647,False,3.742953915681201
319,0.16818181818181818,7.4238170063769315,0.1481818181818182,0.2090909090909091,5.52381700637693,9.023817006376934,True,2.5975481342999487
320,0.2090909090909091,7.352946165184853,0.16636363636363638,0.2636363636363636,5.752946165184851,8.952946165184855,True,0.5579367057140112
321,0.04727272727272727,19.490787438648653,0.03727272727272728,0.06,16.890787438648616,22.09078743864869,True,2.0706337882211465
322,0.2545454545454545,9.970390149431749,0.19454545454545455,0.3090909090909091,8.270390149431755,11.470390149431744,True,0.27740022529777
323,0.1090909090909091,9.438790707525609,0.08636363636363636,0.13181818181818183,6.838790707525618,11.7387907075256,True,1.3147293162316374
324,0.19454545454545455,3.7,0.1590909090909091,0.24545454545454545,1.8,5.2,True,0.41698961607000534
326,0.19181818181818183,13.758593261055292,0.1590909090909091,0.23636363636363636,11.858593261055299,14.958593261055288,True,2.642531866948694
327,0.16818181818181818,13.851412995524488,0.14454545454545453,0.2090909090909091,11.451412995524496,15.251412995524483,True,1.095398071536259
328,0.38181818181818183,4.0,0.34545454545454546,0.44545454545454544,3.1,5.300000000000001,False,7.418122241707773
329,0.014090909090909091,5.6384241730122735,,,,,,14.318833945803757
330,0.024545454545454544,3.4874238480002573,0.02090909090909091,0.02909090909090909,1.887423848000257,5.387423848000258,True,3.6174875693699504
331,0.11363636363636363,9.986827281645578,0.08454545454545455,0.1409090909090909,6.58682728164559,12.886827281645568,True,0.2782726874340424
332,1.3818181818181818,11.394919450599362,0.7454545454545455,1.4,6.594919450599379,11.99491945059936,False,0.21036898026109624
333,0.11363636363636363,9.222899200100619,0.09,0.13363636363636364,6.822899200100627,11.42289920010061,True,1.9130177543778748
334,0.12090909090909091,10.703034281654062,0.10545454545454545,0.13727272727272727,9.003034281654068,12.403034281654056,True,4.747915485766352
335,0.2,14.050960409626992,0.16454545454545455,0.2545454545454545,12.450960409626997,15.550960409626986,True,1.3404165608381966
336,0.2090909090909091,4.474525904821931,0.16454545454545455,0.2545454545454545,2.6745259048219308,5.874525904821931,True,1.8274579575762324
337,0.7454545454545455,7.6000000000000005,0.4818181818181818,0.8909090909090909,4.1000000000000005,8.700000000000001,False,3.8897643393235506
338,0.034545454545454546,16.040988818511067,,,,,,20.26642285556797
339,0.23636363636363636,4.0,0.18636363636363637,0.3,2.6,5.7,True,0.5900675571477382
340,0.12454545454545454,9.857641540102517,0.10454545454545455,0.1481818181818182,7.557641540102525,12.157641540102508,True,1.2075679297872117
341,0.5363636363636364,4.336444180959463,,,,,,10.849010793246151
342,1.4,3.2,0.9,1.4,0.0,3.7,True,2.4914692159702883
343,0.01,15.82978954242679,,,,,,45.795833666486075
344,0.1972727272727273,9.864161564578833,0.16090909090909092,0.2545454545454545,8.06416156457884,11.564161564578827,True,0.41069172002604803
345,0.8090909090909091,9.3,,,,,,11.751750776586192
346,0.10727272727272727,5.476902070586462,0.09272727272727273,0.12272727272727273,3.9769020705864606,7.176902070586463,True,5.448469471911173
347,0.1572727272727273,6.962116795787328,0.13727272727272727,0.19181818181818183,4.962116795787326,8.96211679578733,True,1.3646305431958579
348,0.031818181818181815,9.58677382835651,0.025454545454545455,0.04090909090909091,7.186773828356518,11.886773828356501,True,0.09344849366552811
349,0.2272727272727273,8.276738904718748,0.17272727272727273,0.2727272727272727,6.576738904718745,9.576738904718749,True,0.968777174131757
350,0.5545454545454546,3.2,0.37272727272727274,0.9272727272727272,0.0,7.0,True,0.414898477317794
351,0.06818181818181819,16.040646509500018,0.05818181818181818,0.07863636363636364,14.240646509500024,17.74064650950001,True,5.205155017989558
352,0.02,13.387725912068165,,,,,,13.26383156526505
354,0.15363636363636363,11.352823967130862,0.13,0.18636363636363637,9.15282396713087,13.552823967130854,True,0.13653543367322987
355,0.03272727272727273,8.927458986579543,0.02909090909090909,0.03909090909090909,7.827458986579547,10.527458986579537,False,5.642318818739939
357,0.15,8.592678503954776,0.12636363636363637,0.17545454545454547,6.292678503954784,10.792678503954768,True,0.21674438010441802
358,1.4,10.56279732321029,1.0454545454545454,1.4,8.262797323210291,10.862797323210291,False,4.9267076814491615
359,0.2090909090909091,9.045346633890462,0.16636363636363638,0.2636363636363636,7.445346633890468,10.645346633890457,True,0.808093768960433
360,0.10636363636363637,6.141953800664307,0.09818181818181819,0.11727272727272728,5.1419538006643055,7.341953800664308,True,7.304258607156554
361,0.015,2.4000000000000004,0.012272727272727272,0.019545454545454546,0.2,4.800000000000001,True,0.14900659739628885
362,0.16818181818181818,17.31012024603953,0.1590909090909091,0.1890909090909091,16.410120246039533,18.11012024603953,False,7.361205007740993
363,0.4090909090909091,5.0,,,,,,9.086260747893947
364,0.5,5.300000000000001,0.4,0.6727272727272727,3.4000000000000004,7.7,False,5.795172308922998
365,0.4545454545454546,2.6,0.33636363636363636,0.7090909090909091,0.1,6.1000000000000005,True,0.21557085766947715
366,0.6727272727272727,6.800000000000001,,,,,,8.909533981417626
368,0.012727272727272728,11.643269736926467,,,,,,9.313381143284214
369,0.07545454545454545,9.317226946448336,0.06545454545454546,0.08727272727272727,7.517226946448343,11.01722694644833,True,5.888692968622585
370,0.031818181818181815,7.790711263415693,0.02727272727272727,0.03727272727272728,6.090711263415699,9.190711263415688,True,5.01053582803914
371,0.034545454545454546,5.209221230521498,0.028181818181818183,0.04181818181818182,3.209221230521497,6.9092212305215,True,3.4403200868893196
372,0.015,19.234382003229523,,,,,,27.27256440041456
373,0.031818181818181815,8.626064127034232,0.026363636363636363,0.04181818181818182,6.726064127034238,11.226064127034222,True,2.212687777323284
374,0.16454545454545455,9.701703167118477,0.14272727272727273,0.2,7.501703167118485,11.301703167118472,True,1.3717587795285437
375,0.03,9.37349815581057,0.026363636363636363,0.03727272727272728,7.773498155810575,11.173498155810563,True,4.311162010047871
376,0.09909090909090909,10.039895071818275,0.08454545454545455,0.11,8.439895071818281,11.239895071818271,True,6.180310096815118
377,0.023636363636363636,8.339161609939444,0.02090909090909091,0.028181818181818183,7.039161609939448,10.139161609939437,False,4.9175846250245465
378,0.04181818181818182,6.274636859717356,0.034545454545454546,0.05,4.474636859717355,8.37463685971736,True,4.059335651051361
379,0.1409090909090909,10.214847009956522,0.13,0.15,9.214847009956525,11.114847009956518,True,7.087757057776274
380,0.2181818181818182,2.7,0.17,0.2818181818181818,1.2000000000000002,4.5,True,0.13146411241819853
382,0.034545454545454546,3.126894247384989,0.028181818181818183,0.04272727272727273,1.226894247384989,5.2268942473849895,True,3.758014100347637
383,0.046363636363636364,10.017155099699897,0.04090909090909091,0.05454545454545455,8.517155099699902,11.81715509969989,False,6.100326272621316
384,0.01681818181818182,11.372916111839526,,,,,,15.113431893442968
385,0.024545454545454544,6.8746841026331555,0.02181818181818182,0.026363636363636363,5.6746841026331545,7.674684102633156,False,6.997905526815458
386,0.10272727272727274,9.297970657608426,0.07954545454545454,0.12454545454545454,6.697970657608435,11.897970657608417,True,0.5529120396121886
387,0.04,7.917341058798355,,,,,,9.946039087707657
388,0.011363636363636364,11.574352569312813,,,,,,16.56392175115004
389,0.012272727272727272,9.87696715648983,,,,,,15.992605178685157
390,0.4727272727272727,4.6000000000000005,0.39090909090909093,0.6454545454545454,3.0,7.0,False,5.520869712394017
391,0.19454545454545455,4.800000000000001,0.15545454545454546,0.2545454545454545,2.6,6.5,True,0.10127950375107553
392,0.1590909090909091,7.308693359777243,0.1409090909090909,0.18636363636363637,5.6086933597772415,8.908693359777246,True,3.777384710258593
393,0.08272727272727273,7.484222748578896,0.07145454545454545,0.1,5.784222748578902,9.384222748578889,True,5.343556759897448
394,0.790909090909091,6.834325628551926,0.4909090909090909,1.3,3.2343256285519226,10.734325628551929,True,0.12484365991057664
395,0.4272727272727273,8.585236120831869,0.33636363636363636,0.5727272727272728,6.585236120831876,10.88523612083186,True,0.19980753527024522
396,0.18636363636363637,4.2,0.15363636363636363,0.2272727272727273,2.1,5.5,True,1.3437776063922215
397,0.049090909090909095,11.528544138079717,0.03909090909090909,0.06181818181818182,8.928544138079726,13.928544138079708,True,1.1907669557841283
398,0.015909090909090907,10.569643600351162,0.015,0.01681818181818182,10.069643600351164,11.06964360035116,False,8.372663648608961
399,0.15181818181818182,16.87740836229148,0.13727272727272727,0.16454545454545455,15.577408362291484,18.177408362291473,True,5.836659973409221
400,0.16272727272727272,14.532364582516188,0.1409090909090909,0.2090909090909091,12.332364582516195,16.33236458251618,True,0.4685055295831254
401,0.013181818181818182,8.940411856103902,,,,,,17.919017665386683
402,0.019545454545454546,9.150890356899012,0.016363636363636365,0.024545454545454544,7.450890356899018,11.350890356899004,True,2.498601087890439
403,0.05181818181818182,5.539848553985788,0.04090909090909091,0.06727272727272728,2.8398485539857856,8.33984855398579,True,1.1866951834084332
404,0.02727272727272727,11.024997363215203,,,,,,11.952520134039531
405,0.04181818181818182,3.7855837083489545,0.03363636363636364,0.05,1.6855837083489549,5.885583708348954,True,3.1412086375473716
406,0.9,7.923275727807936,0.5,1.3,3.023275727807937,10.523275727807935,True,0.8969279423067927
407,0.01,17.027857971406046,,,,,,29.683671364364805
408,0.028181818181818183,3.5,0.022727272727272728,0.03636363636363636,1.2000000000000002,5.800000000000001,True,1.087429873780662
409,0.2818181818181818,6.474224277251971,0.2181818181818182,0.34545454545454546,4.6742242772519695,7.974224277251972,True,0.5869757060360676
410,0.04,9.227640471940271,0.03363636363636364,0.04727272727272727,7.727640471940276,11.227640471940264,True,4.36015308321618
411,0.022727272727272728,3.4547789107710183,,,,,,9.316517744772856
412,0.16272727272727272,9.320300761954464,0.15181818181818182,0.18363636363636365,8.320300761954467,10.52030076195446,True,6.577164951238445
413,0.02909090909090909,11.268855621585098,0.025454545454545455,0.034545454545454546,9.768855621585104,12.768855621585093,False,5.29469009241082
414,0.35454545454545455,2.9000000000000004,,,,,,11.018470409501347
415,0.13181818181818183,6.449566566387851,0.11181818181818182,0.14636363636363636,4.349566566387849,7.749566566387852,True,4.91883730226858
417,0.011818181818181818,5.4495371229099145,0.010454545454545454,0.012272727272727272,4.349537122909913,5.849537122909915,False,7.2631578898521285
418,0.17272727272727273,4.3,0.1481818181818182,0.2181818181818182,2.1,5.7,True,1.8517995724171876
419,0.023636363636363636,6.685178725112822,0.02090909090909091,0.02727272727272727,5.585178725112826,8.185178725112817,False,5.9997621226678
420,0.04818181818181819,12.447810953031436,0.04,0.06181818181818182,10.347810953031443,15.047810953031426,True,2.192695186615981
421,0.11727272727272728,4.9825803922239995,0.09727272727272727,0.13545454545454547,2.782580392223997,6.982580392224001,True,3.098785963339672
422,0.2727272727272727,5.403812869968033,0.2272727272727273,0.34545454545454546,4.103812869968031,7.303812869968035,True,1.4255941833753147
423,0.16636363636363638,10.792348572901156,0.15,0.2,9.192348572901162,12.092348572901152,True,4.451016280614193
425,0.1,11.207398183026148,0.08727272727272727,0.10818181818181818,10.007398183026153,12.207398183026145,True,7.110679865989544
426,0.1890909090909091,5.997297649041478,0.15545454545454546,0.23636363636363636,3.8972976490414766,7.49729764904148,True,3.8123105106122885
427,0.02181818181818182,8.55091842823557,,,,,,11.035054137267329
428,0.13727272727272727,10.422953002640206,0.12636363636363637,0.1481818181818182,9.32295300264021,11.322953002640203,True,7.188662876776663
429,0.024545454545454544,5.456987935122239,0.019545454545454546,0.02909090909090909,3.3569879351222376,7.356987935122241,True,1.9117964731434018
431,0.014545454545454545,4.868456103026589,0.012272727272727272,0.017272727272727273,2.868456103026589,6.468456103026589,True,2.87948931554774
432,0.4363636363636364,6.043614071762817,0.34545454545454546,0.5727272727272728,4.043614071762818,8.143614071762816,True,1.7065043753520293
433,0.02,8.327727205951094,0.01681818181818182,0.024545454545454544,6.6277272059511,10.127727205951087,True,3.6784180293858273
434,0.012727272727272728,10.646009117476213,,,,,,17.45193516221169
435,0.12090909090909091,4.824308600492013,0.10818181818181818,0.13363636363636364,3.4243086004920116,6.224308600492014,True,6.451383673666072
436,0.07,11.05743352669292,0.06,0.08181818181818182,9.357433526692926,12.857433526692914,True,5.21130782719208
437,0.15363636363636363,14.980638369776418,0.1409090909090909,0.16454545454545455,13.780638369776423,16.080638369776416,True,6.438213466896462
438,0.034545454545454546,7.850229755961633,0.02909090909090909,0.04181818181818182,6.250229755961639,9.750229755961627,True,4.0635842531800925
439,0.01,13.113586450087128,,,,,,22.335379666036786
440,0.02,9.09390362071456,0.01681818181818182,0.023636363636363636,7.293903620714566,10.693903620714554,False,4.425308899446875
441,0.7727272727272727,6.9,0.7181818181818181,0.7818181818181819,6.4,6.9,False,7.927941467976119
442,0.053636363636363635,4.5030242402064085,0.04272727272727273,0.06727272727272728,1.9030242402064061,6.903024240206411,True,2.9699947247370195
444,0.17,8.126591979374929,0.1481818181818182,0.2181818181818182,6.026591979374926,9.626591979374929,True,0.8675107820946418
445,0.01681818181818182,5.0010060658936,0.013636363636363636,0.02181818181818182,2.9010060658936005,7.4010060658936,True,0.042997352735086085
446,0.01090909090909091,9.119883217286015,0.01,0.012272727272727272,8.219883217286018,10.31988321728601,False,7.666521098091844
447,0.34545454545454546,5.300000000000001,0.2727272727272727,0.4363636363636364,3.4000000000000004,7.300000000000001,True,2.849311508806828
448,0.060909090909090906,4.517154904214987,0.05,0.07227272727272727,2.517154904214985,6.517154904214988,True,4.746433694722036
449,0.2181818181818182,6.226570883776368,0.17,0.2727272727272727,4.626570883776367,7.82657088377637,True,1.0305413788061715
450,0.14636363636363636,4.327821384972214,0.12090909090909091,0.16636363636363638,1.827821384972212,6.327821384972216,True,3.2070271063249676
451,0.02090909090909091,8.887609222956357,0.01863636363636364,0.024545454545454544,7.687609222956361,10.287609222956352,False,5.731617748917547
452,0.017727272727272727,8.053777573936115,0.014545454545454545,0.02090909090909091,6.153777573936122,9.65377757393611,True,2.979761836498871
453,0.24545454545454545,8.074925779432636,0.19454545454545455,0.3,6.674925779432636,9.574925779432638,True,1.7749748179033245
454,0.05181818181818182,8.25583050148089,0.04090909090909091,0.06727272727272728,5.555830501480887,10.855830501480892,True,0.5025448243477267
455,0.035454545454545454,14.13690790688616,0.03,0.04090909090909091,12.836907906886164,15.536907906886155,False,5.347900895376113
456,0.8636363636363636,3.4000000000000004,0.5272727272727272,1.4,0.0,7.6000000000000005,True,0.07544932519478476
457,0.2545454545454545,6.4899887101423985,0.2090909090909091,0.3,5.189988710142398,7.7899887101424,True,2.9167766871747887
458,0.011363636363636364,9.27449587214261,,,,,,26.83515074200695
460,0.08636363636363636,8.998978946149737,0.08,0.09818181818181819,8.09897894614974,10.198978946149733,False,7.620160290763423
461,0.028181818181818183,8.79645272980962,0.025454545454545455,0.03363636363636364,7.596452729809624,10.496452729809613,False,6.828847181640253
462,0.5909090909090908,4.6000000000000005,0.44545454545454544,0.7272727272727273,2.2,6.0,False,5.364028118180748
463,0.013181818181818182,9.331590518745708,,,,,,13.80788270869345
464,0.4090909090909091,8.751153296816625,0.32727272727272727,0.5363636363636364,6.751153296816632,10.851153296816618,True,0.47503490225808176
465,0.026363636363636363,9.1344291242704,0.022727272727272728,0.030909090909090907,7.6344291242704045,11.034429124270392,False,4.993437476346611
466,0.06272727272727273,6.680942140516791,0.049090909090909095,0.07727272727272727,4.0809421405168,9.180942140516782,True,2.7796925051623247
467,0.034545454545454546,8.384855999800427,0.02727272727272727,0.04272727272727273,5.984855999800436,10.48485599980042,True,1.3179322498084236
468,0.509090909090909,0.0,0.4909090909090909,0.5909090909090908,0.0,1.1,False,7.023025832755301
469,0.37272727272727274,4.992173097214827,0.2909090909090909,0.4727272727272727,2.9921730972148266,6.892173097214826,True,0.2661473200496294
470,0.09363636363636364,4.397979923849306,0.07363636363636364,0.11727272727272728,1.797979923849304,6.8979799238493085,True,1.3617963246114813
471,0.05181818181818182,8.383660744045983,0.04272727272727273,0.06545454545454546,6.083660744045991,10.783660744045974,True,2.5405898322697222
472,0.030909090909090907,8.65666694830388,0.02727272727272727,0.035454545454545454,7.256666948303884,9.956666948303875,False,5.613321175723738
473,0.025454545454545455,11.8659657332439,,,,,,17.966575594424718
474,0.11,5.672633349649839,0.09,0.12818181818181817,3.572633349649837,7.672633349649841,True,3.8148693505983386
475,0.06,6.098157191069808,0.049090909090909095,0.0710909090909091,4.098157191069806,7.99815719106981,True,4.496572262274495
476,0.030909090909090907,4.937419072355775,0.025454545454545455,0.04090909090909091,2.837419072355773,7.437419072355777,True,3.587225124071488
477,0.3090909090909091,5.25845052254823,0.24545454545454545,0.39090909090909093,3.4584505225482305,7.158450522548231,True,0.46620877334741584
478,0.1781818181818182,5.455737339646733,0.15363636363636363,0.2090909090909091,3.3557373396467316,6.555737339646734,True,5.308854501927826
479,0.09909090909090909,4.876930556071685,0.08272727272727273,0.11363636363636363,3.0769305560716838,6.576930556071687,True,6.066668809003179
481,0.07863636363636364,3.609275361175518,0.060909090909090906,0.12090909090909091,1.0092753611755159,8.509275361175522,True,1.7047695921188717
482,0.017272727272727273,4.4,0.013636363636363636,0.02181818181818182,2.1,6.7,True,0.0856937334806523
483,0.12272727272727273,7.431146070064054,0.10454545454545455,0.14272727272727273,5.431146070064061,9.531146070064047,True,3.490377853938913
484,0.028181818181818183,4.399107857520812,0.023636363636363636,0.03636363636363636,2.49910785752081,6.699107857520813,True,3.706738148472515
486,0.08272727272727273,30.44526333580624,,,,,,57.234411141725204
487,0.1481818181818182,9.928266196644332,,,,,,9.310617432385149
489,0.01818181818181818,9.713536421086241,,,,,,19.445797614199126
491,0.06181818181818182,7.362077740159062,0.056363636363636366,0.06636363636363636,6.362077740159066,8.16207774015906,False,8.009008734452017
492,0.01,14.07490680649337,,,,,,25.778241695761224
493,0.11545454545454546,6.3547718250414835,0.10545454545454545,0.12090909090909091,5.1547718250414825,6.954771825041484,True,7.968204389049847
494,0.022727272727272728,10.262007006766165,,,,,,9.892170417188774
495,0.035454545454545454,5.627694462053583,0.02909090909090909,0.04181818181818182,3.8276944620535813,7.327694462053584,True,5.577297603289065
496,0.07545454545454545,24.84526333580616,,,,,,20.133172143678667
497,0.026363636363636363,8.82632517565792,,,,,,13.178389900518125
498,0.022727272727272728,18.356492827840416,,,,,,16.478437647796955
499,0.014090909090909091,9.838881749649044,,,,,,17.770428916559005
500,0.025454545454545455,10.284605515806794,0.02181818181818182,0.02909090909090909,8.6846055158068,11.884605515806788,False,6.085354269296962
501,0.07863636363636364,6.282596840833918,0.06181818181818182,0.10181818181818182,3.4825968408339154,8.98259684083392,True,0.6140251827648008
504,0.08727272727272727,5.184894622478794,0.07727272727272727,0.10363636363636364,3.784894622478793,6.884894622478796,True,6.256731508738161
505,0.04363636363636364,10.749516130678504,0.034545454545454546,0.053636363636363635,8.449516130678512,13.049516130678496,True,2.2950715508066777
506,0.08181818181818182,9.478072527276188,,,,,,9.124745520973152
507,0.028181818181818183,8.434711861741125,0.025454545454545455,0.03272727272727273,7.334711861741129,10.034711861741119,False,5.244410484776484
508,0.028181818181818183,8.351988137557406,,,,,,10.948612137281128
509,0.046363636363636364,25.64524432665684,0.02727272727272727,0.07336363636363635,20.445244326656766,30.44524432665691,False,1.7066814195654496
510,0.12090909090909091,7.404250632508832,0.09636363636363636,0.14454545454545453,4.70425063250883,9.704250632508835,False,0.12507927696161142
511,0.1572727272727273,10.462774396699432,0.13181818181818183,0.18636363636363637,7.962774396699441,12.262774396699426,True,2.780637305596015
512,0.2727272727272727,3.3000000000000003,0.2090909090909091,0.34545454545454546,1.4000000000000001,5.2,True,0.0326769850534209
514,0.060909090909090906,2.4581147682060087,0.053636363636363635,0.0710909090909091,1.1581147682060076,4.35811476820601,True,6.580337853588201
515,0.2909090909090909,3.9000000000000004,0.24545454545454545,0.36363636363636365,2.6,5.6000000000000005,False,2.393170121772073
516,0.2,3.8000000000000003,0.16636363636363638,0.2545454545454545,2.5,5.300000000000001,True,2.4920618710986178
517,0.14272727272727273,9.64687036899305,0.12818181818181817,0.15545454545454546,8.346870368993054,10.846870368993045,True,6.494949486994132
518,0.02727272727272727,17.766051469414176,,,,,,19.640731462028093
519,0.17545454545454547,8.609472590142857,0.15545454545454546,0.2,7.009472590142863,9.609472590142854,True,5.088072277806017
520,0.01818181818181818,9.332954385212306,,,,,,9.304222812616931
522,0.014545454545454545,10.334013921009769,,,,,,9.994550466316795
523,0.019545454545454546,11.915156689772184,0.016363636363636365,0.025454545454545455,10.21515668977219,14.615156689772174,False,3.887842293744613
524,0.019545454545454546,10.33156866897715,,,,,,13.667529400344048
525,0.12090909090909091,4.973232948546123,0.10090909090909092,0.1390909090909091,2.773232948546121,6.7732329485461245,True,3.7664191737802746
526,0.07445454545454545,4.543775967612514,0.06181818181818182,0.09090909090909091,2.343775967612512,6.743775967612516,True,3.314167197920759
527,0.04272727272727273,4.37668625217411,0.038181818181818185,0.049090909090909095,3.2766862521741094,5.976686252174112,True,6.418029421360763
528,0.01,13.566630122583376,,,,,,21.754502999599765
529,0.08454545454545455,5.042442387038756,0.07681818181818181,0.09545454545454546,3.9424423870387555,6.242442387038757,True,7.433239683410214
530,0.010454545454545454,16.494753629507365,,,,,,19.53041224859722
531,0.36363636363636365,7.83372654742357,0.2909090909090909,0.4727272727272727,6.033726547423568,9.933726547423571,True,0.2186644778343732
532,0.060909090909090906,3.9000000000000004,0.04818181818181819,0.07636363636363636,1.4000000000000001,6.5,False,2.09485284372181
533,0.04454545454545455,9.4039842392417,,,,,,15.251530484929962
534,0.011363636363636364,9.545405638830431,0.010454545454545454,0.011818181818181818,8.845405638830433,9.94540563883043,False,7.79082774555423
535,0.11363636363636363,12.716655357742882,,,,,,13.478527433676767
536,0.01,14.850128295897381,,,,,,54.746432352547544
537,0.4727272727272727,7.860918394252229,0.36363636363636365,0.6636363636363636,5.660918394252228,10.460918394252232,True,0.030516579948189283
538,0.017272727272727273,11.441440516027628,,,,,,12.410939457647629
539,0.1590909090909091,4.3,0.13545454545454547,0.19181818181818183,2.1,6.1000000000000005,True,1.0117186337191921
540,0.2090909090909091,6.062825831592352,0.16272727272727272,0.2545454545454545,4.262825831592351,7.462825831592354,True,1.1772546696398245
541,0.04727272727272727,9.973814539000044,0.03909090909090909,0.060909090909090906,7.873814539000051,12.673814539000034,True,1.975239187349561
542,0.9818181818181818,10.985580111185005,0.8272727272727273,1.190909090909091,9.685580111185004,12.485580111185007,False,7.002742454285843
543,0.01090909090909091,9.859159537017671,,,,,,14.291709630857138
544,0.1972727272727273,4.485697389257342,0.1572727272727273,0.24545454545454545,2.185697389257343,5.985697389257342,True,3.807548315536229
545,0.3,7.648016720506183,0.24545454545454545,0.38181818181818183,6.148016720506182,9.548016720506185,True,0.18686685126328084
546,0.1809090909090909,5.613580717806444,0.15363636363636363,0.2272727272727273,3.513580717806443,7.113580717806446,True,4.308985792273948
547,0.05181818181818182,5.0945748856136674,0.045454545454545456,0.05909090909090909,3.5945748856136657,6.394574885613668,True,6.408613606463862
548,0.2090909090909091,8.56380701522567,0.16272727272727272,0.2545454545454545,6.663807015225669,9.863807015225671,True,0.7334811238900367
549,0.017727272727272727,12.685095232088173,,,,,,9.467437382711529
550,0.02090909090909091,6.358946209909012,0.01863636363636364,0.024545454545454544,5.358946209909011,7.858946209909013,False,6.305864538289129
552,0.013181818181818182,12.896302578502867,,,,,,23.826230176972594
553,0.10181818181818182,9.919452143259244,0.09090909090909091,0.11545454545454546,8.919452143259248,11.519452143259238,True,7.156874949455906
554,0.02727272727272727,10.61721122846722,0.022727272727272728,0.031818181818181815,8.517211228467227,12.217211228467214,True,4.028058055580496
555,0.01681818181818182,11.36719338629582,0.015454545454545453,0.019090909090909092,10.667193386295823,12.567193386295816,False,7.14998690560825
556,0.015,4.875108110523225,0.013181818181818182,0.01863636363636364,3.2751081105232234,6.975108110523227,True,4.043021404421012
557,0.23636363636363636,3.3000000000000003,0.18363636363636365,0.3,1.7000000000000002,5.2,True,2.103981271184481
558,0.024545454545454544,11.581743113648567,0.024545454545454544,0.024545454545454544,11.581743113648567,11.581743113648567,False,8.765843845336004
559,0.10818181818181818,8.180827372365789,0.09909090909090909,0.12272727272727273,7.180827372365792,9.780827372365783,True,6.6757569703941835
560,0.030909090909090907,10.355434954978524,0.026363636363636363,0.03727272727272728,8.55543495497853,11.955434954978518,True,3.8341940665941308
561,0.5727272727272728,2.9000000000000004,0.4,0.8909090909090909,0.0,6.1000000000000005,True,1.1048229890905017
562,0.053636363636363635,11.133171595649333,0.05181818181818182,0.056363636363636366,10.733171595649335,11.633171595649332,False,8.574573686709284
563,0.11181818181818182,10.379333665046111,0.10181818181818182,0.12090909090909091,9.179333665046116,11.379333665046108,True,7.451808422600775
564,0.2181818181818182,3.9000000000000004,0.16818181818181818,0.2636363636363636,2.2,5.2,True,2.4991489747362685
565,0.07227272727272727,7.842108101401411,0.056363636363636366,0.09090909090909091,5.042108101401409,10.542108101401414,True,0.684006845706801
566,0.2636363636363636,8.402546786346315,0.2090909090909091,0.32727272727272727,6.802546786346314,10.002546786346317,True,0.4801310658082102
567,0.038181818181818185,9.987606267008987,0.031818181818181815,0.045454545454545456,8.387606267008993,11.88760626700898,True,4.317460707630218
568,0.024545454545454544,3.3668847866935643,0.02181818181818182,0.028181818181818183,2.166884786693565,4.966884786693564,True,5.525491282529468
569,0.09545454545454546,8.63854206963085,0.08545454545454545,0.10636363636363637,7.538542069630854,9.938542069630845,True,7.090575269844383
570,0.2636363636363636,3.6,0.2090909090909091,0.32727272727272727,2.1,5.300000000000001,True,0.36553145847219104
571,0.012727272727272728,9.682846160297126,0.01090909090909091,0.014545454545454545,8.082846160297132,11.182846160297121,False,3.017947884148654
572,0.07090909090909091,7.426834049272518,0.06181818181818182,0.08,5.926834049272523,8.926834049272513,True,5.9613233674058606
573,0.16818181818181818,3.1,0.14636363636363636,0.2181818181818182,0.9,4.800000000000001,True,0.325913718395794
574,0.2545454545454545,12.079869647834863,0.2090909090909091,0.3,10.779869647834868,13.379869647834859,False,2.281219510972846
575,0.07363636363636364,4.008598652876061,0.05909090909090909,0.09181818181818181,1.5085986528760613,6.40859865287606,True,1.8844356968879834
577,0.019545454545454546,10.370260427352893,0.01818181818181818,0.02181818181818182,9.570260427352896,11.370260427352889,False,6.856003438610399
578,0.17545454545454547,8.015051309660256,0.15,0.2090909090909091,5.915051309660264,9.115051309660252,True,4.953539169779763
579,0.028181818181818183,11.966359504706563,0.026363636363636363,0.028181818181818183,11.266359504706566,11.966359504706563,False,8.461951497206364
580,0.07127272727272727,8.898731220178963,0.06636363636363636,0.07772727272727273,7.998731220178966,9.89873122017896,False,7.682419492748254
581,0.07254545454545454,13.510467234546702,0.06545454545454546,0.08272727272727273,12.310467234546707,15.010467234546697,False,6.7797979480587784
582,0.026363636363636363,12.22318356247584,0.02090909090909091,0.03272727272727273,9.923183562475849,14.423183562475833,True,1.3708584820299143
583,0.014545454545454545,9.601133349830834,0.013181818181818182,0.017272727272727273,8.301133349830838,11.201133349830828,False,4.224651631708047
584,0.1481818181818182,8.205267035494062,0.12272727272727273,0.16818181818181818,5.80526703549406,10.205267035494064,True,0.8768299253592353
585,0.14636363636363636,10.065738172348388,0.12454545454545454,0.16454545454545455,7.965738172348395,11.865738172348381,True,2.6383693444758634
586,0.11727272727272728,8.347792933170664,0.09272727272727273,0.1409090909090909,5.647792933170674,10.747792933170656,True,1.4500266337417682
588,0.4727272727272727,6.6000000000000005,,,,,,19.64613824251187
589,0.03,9.880013634008206,0.025454545454545455,0.03727272727272728,7.980013634008213,11.6800136340082,True,3.6121774432136338
590,0.03,13.833978625773025,,,,,,11.849540549609351
592,0.34545454545454546,3.7,,,,,,12.513236266748926
593,0.2545454545454545,7.410305816733333,0.19454545454545455,0.3090909090909091,5.710305816733332,8.910305816733334,True,0.22052414042945562
594,0.02727272727272727,5.31010248304608,0.023636363636363636,0.031818181818181815,3.710102483046079,6.810102483046082,True,5.159880202581037
595,0.06454545454545454,11.078912590968823,0.05181818181818182,0.07681818181818181,8.778912590968831,13.078912590968816,True,3.65911248505169
596,0.011363636363636364,16.42918827227263,,,,,,17.661274849505894
597,0.24545454545454545,9.125234982756293,0.2,0.3,7.925234982756297,10.725234982756287,True,1.684527500621296
598,0.2090909090909091,7.264565057797926,0.16636363636363638,0.2545454545454545,5.564565057797924,8.564565057797926,True,1.6236811356549166
599,0.026363636363636363,4.08746375696909,0.022727272727272728,0.031818181818181815,2.487463756969088,5.987463756969091,True,3.718664991312117
600,0.023636363636363636,19.0953268669563,,,,,,12.192575372257037
601,0.015,2.8000000000000003,0.012727272727272728,0.01863636363636364,0.8,4.800000000000001,True,0.7497077911167408
602,0.019090909090909092,8.807419921620586,0.016363636363636365,0.022727272727272728,7.307419921620591,10.50741992162058,False,6.70931483519052
604,0.12090909090909091,3.4582505565478048,0.10181818181818182,0.1409090909090909,1.2582505565478046,5.458250556547805,True,3.120346094378043
606,1.4,4.0,1.0363636363636364,1.4,1.6,4.4,False,4.38580051448518
607,0.04181818181818182,14.170535867549928,0.038181818181818185,0.045454545454545456,13.170535867549932,15.070535867549925,False,7.18654381470553
608,0.05454545454545455,6.948860744422973,0.04363636363636364,0.06909090909090909,4.548860744422981,9.548860744422964,True,2.2851798611824594
609,0.15181818181818182,8.228211729297948,0.1390909090909091,0.16636363636363638,7.0282117292979525,9.628211729297943,True,5.599309373960927
610,0.014545454545454545,15.390389678546471,,,,,,22.99921208492701
611,0.33636363636363636,7.255987611197459,0.2545454545454545,0.44545454545454544,5.055987611197457,9.555987611197462,True,0.2604197820344495
612,0.06636363636363636,14.127796899902101,,,,,,12.962259814946588
613,0.2272727272727273,10.026469797318796,0.17,0.2727272727272727,8.326469797318802,11.226469797318792,True,0.7015012908264546
614,0.5636363636363636,5.980799141875051,0.4272727272727273,0.8181818181818182,3.7807991418750504,8.880799141875052,True,1.941481566838791
615,0.07,15.73402852290542,,,,,,10.83059703229186
616,0.031818181818181815,4.9078970671971405,0.026363636363636363,0.038181818181818185,2.9078970671971383,6.507897067197141,True,4.210223121370389
617,0.01,15.955220325629496,,,,,,17.695118456732487
618,0.04454545454545455,7.897464291490541,0.035454545454545454,0.05818181818181818,5.597464291490539,10.797464291490543,True,0.5627511512900686
619,0.03,13.197264342086532,0.02727272727272727,0.034545454545454546,11.997264342086536,14.397264342086528,False,6.629032822811292
620,0.06363636363636364,9.120361708119782,0.05181818181818182,0.07390909090909091,7.02036170811979,10.820361708119776,True,4.565414470373804
622,0.24545454545454545,4.6000000000000005,0.18636363636363637,0.2909090909090909,2.9000000000000004,6.0,True,0.7609429031583562
623,0.2909090909090909,6.568484962398746,0.23636363636363636,0.35454545454545455,5.0684849623987445,8.168484962398747,True,1.8160547112772714
624,0.038181818181818185,5.088385649312245,0.03,0.046363636363636364,3.088385649312243,7.2883856493122465,True,2.857315753259864
625,0.08636363636363636,8.245221766651223,0.07,0.10727272727272727,5.6452217666512325,10.545221766651215,True,2.3186325879049012
626,0.014545454545454545,9.23909887250943,,,,,,17.018379149887707
627,0.44545454545454544,6.368518856752369,0.36363636363636365,0.5818181818181818,4.66851885675237,8.468518856752368,True,3.020434315207151
629,0.045454545454545456,2.430488154559888,0.03909090909090909,0.053636363636363635,0.8304881545598882,4.3304881545598874,True,5.176149789643121
630,0.1572727272727273,13.673524825910537,0.15,0.16454545454545455,12.97352482591054,14.373524825910534,False,7.606858339779581
631,0.02909090909090909,11.84652989709469,0.025454545454545455,0.034545454545454546,10.246529897094696,13.346529897094685,False,4.868046076854173
632,0.014090909090909091,12.911194439679514,0.014090909090909091,0.014545454545454545,12.911194439679514,13.211194439679513,False,8.390257827221657
633,0.07590909090909091,6.204263603719089,0.060909090909090906,0.09727272727272727,3.704263603719087,8.804263603719091,True,1.430339446964663
634,0.08090909090909092,16.033300265223225,0.06909090909090909,0.1,14.03330026522323,18.133300265223216,True,5.290836704818401
635,0.016363636363636365,11.060967484752886,,,,,,10.725395872965104
636,0.01,15.862974603686743,,,,,,31.70541510135945
637,0.13181818181818183,9.41303211159578,,,,,,8.911846213954114
638,0.2818181818181818,8.378734772078737,0.2272727272727273,0.34545454545454546,6.778734772078735,9.978734772078738,True,0.7427774521817699
639,0.07309090909090908,19.555505155639025,0.05818181818181818,0.09272727272727273,16.955505155639038,22.255505155639018,True,0.4551864578738238
640,0.24545454545454545,8.984880766016534,0.19181818181818183,0.3,7.38488076601654,10.38488076601653,True,1.4462361040397136
641,0.035454545454545454,6.162064545298055,0.028181818181818183,0.046363636363636364,3.9620645452980527,8.962064545298057,True,0.11793247334779244
642,0.17545454545454547,11.31000464031057,0.1572727272727273,0.2181818181818182,9.710004640310576,12.610004640310565,True,3.645662132619563
643,0.053636363636363635,7.820073327842323,0.04272727272727273,0.06909090909090909,5.220073327842332,10.520073327842313,True,1.1316755794649622
644,0.16090909090909092,4.636654322987815,0.13727272727272727,0.19454545454545455,2.3366543229878163,6.336654322987815,True,1.482578462753465
645,0.16454545454545455,9.224935522680248,0.14272727272727273,0.2,7.224935522680255,10.724935522680243,True,2.1836986345185085
647,0.2,7.914179397444375,0.16090909090909092,0.2545454545454545,6.014179397444373,9.514179397444376,True,0.08050156964823181
648,0.12454545454545454,9.476404511558163,0.10636363636363637,0.14454545454545453,7.4764045115581705,11.376404511558157,True,3.494620132468033
650,0.3181818181818182,8.304357871355425,0.2545454545454545,0.37272727272727274,6.604357871355424,9.604357871355425,False,2.230921111314689
651,0.3090909090909091,9.131098063286299,0.24545454545454545,0.38181818181818183,7.431098063286305,10.831098063286293,True,0.3323460945461317
652,0.05909090909090909,6.097031768893494,0.05,0.06909090909090909,4.397031768893492,7.897031768893495,True,5.290300626772127
653,0.11181818181818182,8.289715299423756,0.08636363636363636,0.13545454545454547,5.489715299423754,10.789715299423758,False,0.3076237641909818
654,0.012272727272727272,13.83972051989228,,,,,,9.292259367725219
655,0.17272727272727273,7.181484609009683,0.15,0.2181818181818182,5.0814846090096815,8.581484609009685,True,1.5497631442446163
656,0.011818181818181818,8.421702501186763,,,,,,8.86443242796042
658,0.34545454545454546,5.300000000000001,0.3,0.39090909090909093,4.2,6.300000000000001,False,5.575141003386527
659,0.04090909090909091,5.088445360056987,0.031818181818181815,0.04818181818181819,2.788445360056985,6.988445360056988,True,2.977473190434221
660,0.05090909090909091,11.699863684139773,0.049090909090909095,0.053636363636363635,11.299863684139774,12.199863684139771,False,8.553939173139263
662,0.2909090909090909,10.948976999553249,0.24545454545454545,0.37272727272727274,9.548976999553254,12.848976999553242,True,0.3139862640090564
663,0.057272727272727274,10.480486313493152,0.045454545454545456,0.0710909090909091,7.980486313493161,12.880486313493144,True,2.2171196484019435
664,0.1572727272727273,16.195566482199776,0.15363636363636363,0.16090909090909092,15.795566482199778,16.495566482199777,False,8.449916557633074
665,0.16818181818181818,16.430308659288094,0.15181818181818182,0.2,14.830308659288102,17.63030865928809,True,4.850049219272718
666,0.05272727272727273,12.74291404124131,,,,,,9.8194844240377
667,0.07727272727272727,11.62112070862854,0.057272727272727274,0.10636363636363637,8.021120708628553,15.121120708628528,True,0.6228727603577787
668,0.04363636363636364,9.395499192223701,0.03272727272727273,0.05909090909090909,6.495499192223711,12.69549919222369,True,0.7402795215728524
669,0.06818181818181819,8.288507054538512,0.056363636363636366,0.08181818181818182,6.188507054538519,10.388507054538504,True,3.9234566621326645
670,0.1572727272727273,8.148677640650341,0.13363636363636364,0.1890909090909091,5.94867764065034,10.048677640650343,True,0.828071249648532
671,0.13363636363636364,7.851648374259325,0.11,0.1572727272727273,5.451648374259323,10.051648374259328,True,0.6918802624607995
672,0.01,18.69469447080058,,,,,,38.70071110353331
673,0.1481818181818182,16.196965238739786,0.12454545454545454,0.16818181818181818,13.996965238739794,18.19696523873978,True,0.8563264137705053
674,0.01,14.203923436327328,,,,,,30.446244586909167
675,0.031818181818181815,3.9920151771693035,0.028181818181818183,0.03909090909090909,2.6920151771693024,5.792015177169305,True,5.144344258674134
676,0.06363636363636364,14.10719312001646,0.05909090909090909,0.06818181818181819,13.207193120016463,14.907193120016457,False,7.926861723578065
678,0.24545454545454545,9.505493830494471,0.2,0.3,8.105493830494476,11.005493830494466,True,2.0164478353011352
679,0.4272727272727273,11.025035668771173,0.3181818181818182,0.6363636363636364,8.525035668771181,14.125035668771162,True,0.41536535944731984
680,0.2545454545454545,8.451252264236423,0.1972727272727273,0.3181818181818182,6.951252264236423,10.151252264236426,True,0.7662886174449899
681,0.13,30.44526333580624,,,,,,14.921209331594792
682,0.13181818181818183,3.5,0.10545454545454545,0.15181818181818182,0.7000000000000001,5.4,True,0.95111765981501
683,0.014545454545454545,5.347901372304587,0.013181818181818182,0.017272727272727273,4.147901372304586,6.847901372304588,False,4.820602829865948
684,0.790909090909091,9.0,,,,,,14.919978208073527
686,0.03363636363636364,4.831326185049116,0.02727272727272727,0.04,2.831326185049115,6.431326185049118,True,4.069660908489589
687,0.09090909090909091,5.460051736509585,0.07336363636363635,0.11363636363636363,2.9600517365095826,7.7600517365095865,True,2.274430040868487
688,0.04181818181818182,8.062658305489236,0.035454545454545454,0.05090909090909091,6.562658305489242,10.362658305489228,True,3.9074424803927403
689,0.019545454545454546,5.581093001142075,0.015,0.03636363636363636,3.7810930011420734,11.78109300114208,True,1.444844653149254
690,0.06181818181818182,11.948726979736225,0.04818181818181819,0.07954545454545454,9.448726979736234,14.948726979736215,True,0.24260952287911675
691,0.014545454545454545,16.63612472034079,0.011363636363636364,0.01818181818181818,13.8361247203408,18.836124720340784,True,0.2804131655703176
692,0.015,4.410359489098669,,,,,,9.291119361794745
693,0.030909090909090907,3.877050051032429,0.025454545454545455,0.04090909090909091,1.777050051032429,6.477050051032429,True,1.3311952888770184
694,0.028181818181818183,10.00480319170507,0.026363636363636363,0.031818181818181815,9.204803191705073,11.204803191705066,False,6.685867924428382
695,0.2,9.663277826963673,0.16272727272727272,0.2545454545454545,7.9632778269636795,11.263277826963668,True,0.2845443716298139
696,0.2545454545454545,15.831783218496772,0.1972727272727273,0.2909090909090909,14.231783218496778,17.03178321849677,False,3.146958435133557
697,0.08272727272727273,16.16691057405683,,,,,,12.70286816843867
698,0.05909090909090909,4.921079471229323,0.046363636363636364,0.07309090909090908,2.321079471229321,7.321079471229325,True,2.1380573466797053
699,0.06545454545454546,8.775710241985575,0.05545454545454545,0.08727272727272727,7.37571024198558,12.175710241985563,True,3.90811882048516
700,0.36363636363636365,8.51317685271063,0.2727272727272727,0.509090909090909,6.1131768527106285,11.213176852710632,True,0.14676349419386175
701,0.2545454545454545,6.011083134039241,0.2090909090909091,0.3181818181818182,4.7110831340392405,7.711083134039242,True,0.8449329836223407
702,0.1809090909090909,6.107559273117105,0.15181818181818182,0.2272727272727273,4.007559273117104,7.607559273117107,True,0.21609581297960767
703,0.4545454545454546,3.4000000000000004,0.3,0.9,0.0,8.700000000000001,True,0.0936647951745052
705,0.02090909090909091,8.909025328338815,0.02090909090909091,0.02181818181818182,8.909025328338815,9.309025328338814,False,8.525642588144075
706,0.015909090909090907,10.826189256049329,0.013636363636363636,0.01863636363636364,9.326189256049334,12.326189256049323,False,4.641138137131676
707,0.2090909090909091,4.4,0.16636363636363638,0.2545454545454545,2.8000000000000003,5.7,True,2.0885842407299546
709,0.1481818181818182,5.977832388134743,0.12272727272727273,0.17272727272727273,3.5778323881347407,8.277832388134744,True,0.06051112006336641
710,0.3181818181818182,7.854234122212856,0.2545454545454545,0.4,6.154234122212854,9.754234122212857,True,0.3018747908515375
711,0.18636363636363637,9.882049484598411,0.15363636363636363,0.23636363636363636,7.782049484598419,11.382049484598406,True,0.41226651073314724
712,0.23636363636363636,7.8580967512579125,0.1809090909090909,0.3090909090909091,6.1580967512579114,9.858096751257914,True,0.08402924079542043
713,0.15,7.831892814702872,0.12454545454545454,0.17545454545454547,5.43189281470287,10.031892814702875,True,0.1971093858922074
714,0.1590909090909091,10.54246672472355,0.1481818181818182,0.1809090909090909,9.442466724723554,11.842466724723545,True,6.08266376240792
715,0.2181818181818182,11.227594709356852,0.16818181818181818,0.2727272727272727,9.627594709356858,12.827594709356847,True,0.6041968971950097
716,0.7727272727272727,10.010175118706176,,,,,,18.075990571722237
717,0.015909090909090907,12.291713570764701,0.014090909090909091,0.01818181818181818,10.891713570764706,13.491713570764697,False,6.036578792164184
718,0.14454545454545453,13.994433232517835,0.12454545454545454,0.16272727272727272,11.994433232517842,15.794433232517829,True,2.9970792780957707
719,0.16636363636363638,7.369676011020784,,,,,,11.459112205917423
720,0.8272727272727273,14.783850944015336,0.5727272727272728,1.2,11.983850944015346,17.583850944015325,True,0.5236868418147322
722,0.10636363636363637,7.005254342821107,0.08363636363636363,0.12818181818181817,4.605254342821105,9.50525434282111,True,1.3925011219147785
723,0.7090909090909091,17.472592882439695,0.5,1.0363636363636364,14.772592882439705,20.372592882439683,True,1.6506761054915604
725,1.190909090909091,17.57891839096309,,,,,,20.166473144091682
726,0.2909090909090909,25.961711831014664,0.23636363636363636,0.36363636363636365,24.36171183101464,27.66171183101469,False,1.1763809340902398
727,0.5818181818181818,24.327651215145128,0.4363636363636364,0.790909090909091,22.027651215145095,26.727651215145162,False,1.0417840708095327
728,0.1781818181818182,8.361425972486183,0.15181818181818182,0.2181818181818182,6.261425972486181,9.661425972486185,True,1.8677925627959087
730,0.2272727272727273,5.588014800826079,0.1809090909090909,0.2818181818181818,4.288014800826078,7.2880148008260806,True,1.5609973783027646
731,0.028181818181818183,17.47179401334852,0.024545454545454544,0.035454545454545454,15.871794013348527,19.471794013348514,False,3.372531781810827
732,0.024545454545454544,8.550585314453214,,,,,,12.632863090241251
734,0.35454545454545455,24.5540676013319,0.2818181818181818,0.4545454545454546,22.854067601331877,26.55406760133193,False,0.17926815895422488
735,0.013636363636363636,3.7,0.011818181818181818,0.01681818181818182,2.2,5.800000000000001,True,2.5273559763907416
738,0.015454545454545453,2.6,0.012727272727272728,0.02090909090909091,0.4,5.5,True,2.9187072849298454
739,0.03,3.3000000000000003,0.024545454545454544,0.03727272727272728,1.1,5.1000000000000005,True,3.3596275737804997
741,0.18363636363636365,21.610963572506293,0.1590909090909091,0.2090909090909091,20.11096357250627,22.410963572506304,False,5.665785798064572
742,0.060909090909090906,21.40118171205332,0.046363636363636364,0.07636363636363636,18.501181712053278,24.101181712053357,True,0.08845647333229617
743,0.06181818181818182,19.34088106952423,,,,,,15.00838938723405
744,0.01681818181818182,11.412994870267404,,,,,,14.897216113796636
746,0.23636363636363636,30.44526333580624,,,,,,68.96066564827326
747,0.4545454545454546,15.919970791211156,0.35454545454545455,0.6,13.919970791211163,18.11997079121115,True,0.8221226314854624
749,0.33636363636363636,25.18290134270221,0.2727272727272727,0.4181818181818182,23.382901342702183,26.982901342702235,False,1.136289618605434
750,0.14272727272727273,8.19364549788937,0.12090909090909091,0.16090909090909092,6.093645497889378,9.993645497889364,True,2.8760069509292814
753,0.012272727272727272,12.36348087991142,0.01,0.01681818181818182,10.063480879911427,15.663480879911408,True,0.147969924125927
754,0.023636363636363636,9.605164791021684,0.019090909090909092,0.026363636363636363,7.505164791021691,10.70516479102168,False,4.650290733169251
756,0.02727272727272727,7.740439749599965,0.023636363636363636,0.031818181818181815,6.14043974959997,9.340439749599959,True,4.724597800192822
757,0.4818181818181818,15.7075879976944,0.39090909090909093,0.6363636363636364,14.007587997694406,17.80758799769439,True,3.1979793291692813
758,0.04090909090909091,9.990736142327972,0.03,0.05090909090909091,7.290736142327981,12.490736142327963,True,0.1874119098653456
760,0.4909090909090909,8.018208050551959,0.38181818181818183,0.7090909090909091,6.018208050551958,10.818208050551963,True,0.05412196869637823
761,0.02909090909090909,4.114793197867058,0.024545454545454544,0.03727272727272728,2.2147931978670563,6.21479319786706,True,3.208963338490774
762,0.13,11.357123539862787,0.1090909090909091,0.15,9.157123539862795,13.25712353986278,True,2.7404306571819146
763,0.12090909090909091,5.530885021440381,0.10454545454545455,0.1409090909090909,3.530885021440379,7.430885021440383,True,3.9541107908853346
764,0.08363636363636363,30.44526333580624,,,,,,14.158450396884941
765,0.9818181818181818,30.245263335806236,0.6818181818181818,1.0454545454545454,27.545263335806197,30.44526333580624,False,0.713773194378573
767,0.24545454545454545,10.009393640560058,0.18636363636363637,0.3,8.309393640560064,11.609393640560052,True,0.09433752702841458
768,0.06636363636363636,10.787779044088644,0.05090909090909091,0.08454545454545455,7.987779044088654,13.587779044088634,True,0.09515245380108188
770,0.36363636363636365,5.0,0.3090909090909091,0.4181818181818182,3.7,6.1000000000000005,False,5.652497916289775
771,0.02181818181818182,7.850232361401476,0.01863636363636364,0.025454545454545455,6.250232361401482,9.35023236140147,False,5.04241478834444
773,0.1409090909090909,7.707634173932805,0.11727272727272728,0.16454545454545455,5.307634173932803,10.007634173932807,True,0.26214300544239566
774,0.08545454545454545,15.079440937467911,0.07,0.11,12.77944093746792,17.779440937467903,True,1.2380042647927547
775,0.2181818181818182,25.32236515262347,0.16818181818181818,0.2727272727272727,23.622365152623445,26.82236515262349,False,0.09917020430914407
776,0.6363636363636364,30.44526333580624,0.609090909090909,0.6454545454545454,30.145263335806234,30.44526333580624,False,7.016056690037945
777,0.15363636363636363,30.44526333580624,,,,,,29.247072313746887
778,0.05818181818181818,14.842007326158841,0.04454545454545455,0.07227272727272727,11.842007326158852,17.242007326158834,True,0.6385985910596854
779,0.23636363636363636,7.821727302691169,0.18363636363636365,0.2909090909090909,6.221727302691168,9.321727302691171,True,1.8327622619056574
780,0.03272727272727273,8.832024980327748,,,,,,8.891106306211672
781,0.8272727272727273,12.359902004779975,0.5909090909090908,1.1454545454545455,9.759902004779985,14.859902004779967,True,2.210206306984821
782,0.8909090909090909,15.620087945598382,0.6181818181818182,1.2636363636363637,12.920087945598391,18.220087945598372,True,1.4320032687850233
783,0.056363636363636366,4.717214888058451,0.045454545454545456,0.06909090909090909,2.417214888058449,6.917214888058453,True,2.8400590361160356
784,0.010454545454545454,9.722256253861508,0.01,0.013636363636363636,9.12225625386151,12.322256253861498,True,0.10337412482968715
785,0.24545454545454545,11.431632703504496,0.18363636363636365,0.3,9.631632703504502,12.93163270350449,True,0.0993868419559967
786,0.3,7.953629486699542,0.23636363636363636,0.36363636363636365,6.15362948669954,9.453629486699544,True,0.7073472153059432
787,0.4,0.0,0.39090909090909093,0.5818181818181818,0.0,3.1,True,3.117082954312333
788,0.072,5.338434761019956,0.060909090909090906,0.08636363636363636,3.3384347610199545,7.3384347610199585,True,4.033259238037864
789,0.2272727272727273,11.885853269741219,0.17545454545454547,0.2818181818181818,10.285853269741224,13.385853269741213,True,1.117754376155893
790,0.15,7.554491675714279,0.13,0.17272727272727273,5.754491675714277,9.654491675714281,True,2.5732210706194536
791,0.2909090909090909,11.418423363592854,0.2272727272727273,0.35454545454545455,9.71842336359286,13.018423363592849,True,0.40873221046752206
792,0.01863636363636364,25.34524907689083,,,,,,58.21083590468557
793,0.2636363636363636,22.81037294167003,0.2090909090909091,0.32727272727272727,21.210372941670006,24.510372941670052,True,0.22111940745309794
795,0.15,17.429376496112553,0.13181818181818183,0.16454545454545455,15.729376496112558,18.829376496112545,True,4.660832200034557
798,0.011818181818181818,4.403489714643112,0.01,0.013181818181818182,2.803489714643111,5.603489714643113,False,5.3862621179466945
799,0.24545454545454545,9.812155587367958,0.1890909090909091,0.3,8.212155587367963,11.312155587367952,True,0.7752418111583479
800,0.1890909090909091,4.949148208841985,0.1572727272727273,0.23636363636363636,3.0491482088419852,6.349148208841984,True,2.04554821642284
801,0.014090909090909091,17.6223913760996,,,,,,15.077939490060002
802,0.44545454545454544,9.084378855641082,0.34545454545454546,0.6181818181818182,6.88437885564108,11.684378855641084,True,1.0331746830475919
803,0.04727272727272727,15.446168268148703,0.04454545454545455,0.053636363636363635,14.646168268148706,16.7461682681487,False,7.10420183852726
804,0.34545454545454546,7.959872198286154,0.2727272727272727,0.44545454545454544,6.059872198286153,9.959872198286156,True,0.09460202602459714
805,0.09727272727272727,10.71570155552376,0.09636363636363636,0.10090909090909092,10.61570155552376,11.015701555523759,False,8.615358702474136
806,0.3,9.884181631028152,0.24545454545454545,0.37272727272727274,8.384181631028158,11.584181631028146,True,1.7280019260163242
807,0.10090909090909092,11.011619836617784,0.07636363636363636,0.12272727272727273,8.111619836617795,13.511619836617776,False,0.022201649299051513
808,0.01,11.074762715134954,0.01,0.011818181818181818,10.674762715134955,12.574762715134948,False,4.068933090793712
809,0.011818181818181818,8.381852680338524,0.011363636363636364,0.012727272727272728,7.981852680338525,9.18185268033852,False,7.77611142391818
810,0.10090909090909092,9.478057586300112,0.07954545454545454,0.12090909090909091,7.078057586300121,11.778057586300104,True,2.738623224296166
811,0.12272727272727273,10.571697068621873,0.10181818181818182,0.14454545454545453,8.171697068621881,12.671697068621866,True,1.8000389009310793
812,0.9545454545454546,11.97294450724359,,,,,,14.14091068201838
813,0.07772727272727273,13.46516403738009,0.060909090909090906,0.1,10.6651640373801,16.06516403738008,False,0.08295528843460119
815,0.07336363636363635,23.20174377882242,0.06272727272727273,0.08454545454545455,21.401743778822393,24.901743778822443,False,4.912065952840968
816,0.4909090909090909,23.567244167182306,0.4,0.6363636363636364,21.967244167182283,25.467244167182333,True,3.9376596307885325
817,0.045454545454545456,14.105427696881906,0.03909090909090909,0.053636363636363635,12.405427696881912,15.8054276968819,False,4.719007649878664
818,0.2727272727272727,10.900162114200416,0.2181818181818182,0.34545454545454546,9.400162114200421,12.80016211420041,True,0.17674450760383797
819,0.2727272727272727,3.9000000000000004,0.2181818181818182,0.33636363636363636,2.3000000000000003,5.5,True,0.9207340408065992
820,1.4,4.366963063930724,,,,,,11.433315787396436
821,0.03727272727272728,17.986753017217314,,,,,,9.612518055980896
823,0.02727272727272727,8.234438641641168,0.02181818181818182,0.031818181818181815,5.934438641641176,9.934438641641162,True,3.2146282105102966
824,0.4909090909090909,8.879047081405668,0.38181818181818183,0.7,6.779047081405675,11.579047081405658,True,0.033705853637554364
825,0.05545454545454545,7.686846316295842,0.045454545454545456,0.06909090909090909,5.486846316295843,10.086846316295842,False,2.67743621494628
826,0.031818181818181815,7.260959492179504,0.025454545454545455,0.04272727272727273,4.9609594921795015,9.960959492179505,True,0.14369574818129008
828,0.07090909090909091,17.074419753410943,,,,,,11.682981547500443
829,0.06545454545454546,14.057060092030314,0.05090909090909091,0.08272727272727273,11.457060092030323,16.857060092030302,True,0.41030569664622146
830,0.09272727272727273,13.80208313299586,0.08545454545454545,0.1,13.002083132995862,14.402083132995857,False,8.068958014404611
831,0.09272727272727273,5.0166935560151895,0.07336363636363635,0.11545454545454546,2.416693556015187,7.416693556015192,True,1.2364779631045613
832,0.010454545454545454,11.055670039325356,,,,,,32.10242935640613
833,0.049090909090909095,21.702067502403025,0.04363636363636364,0.05545454545454545,20.302067502403006,23.002067502403044,False,6.792156308959324
834,0.022727272727272728,8.364748026493865,0.019090909090909092,0.02727272727272727,6.764748026493871,10.464748026493858,True,3.526029621119227
835,0.03363636363636364,4.887021972481127,0.02909090909090909,0.03909090909090909,3.5870219724811254,6.287021972481128,True,5.566717514758341
836,0.15363636363636363,25.145240225858966,0.13545454545454547,0.1781818181818182,23.445240225858942,27.045240225858993,True,2.8953024175889137
837,0.24545454545454545,3.2,0.2,0.3090909090909091,1.9000000000000001,4.9,True,1.784299024193744
838,0.09909090909090909,10.746331512468728,0.08727272727272727,0.11,9.546331512468733,12.046331512468724,False,7.130966348917259
839,0.18363636363636365,8.204295007449849,0.16272727272727272,0.2181818181818182,7.004295007449853,9.304295007449845,True,5.401245069486183
840,0.02909090909090909,13.324589674899071,0.022727272727272728,0.04090909090909091,10.424589674899082,16.52458967489906,True,1.3959529887550575
841,0.015454545454545453,10.677170820566142,0.014545454545454545,0.017272727272727273,9.977170820566144,11.577170820566138,False,7.035490893074554
842,0.2181818181818182,13.564696939961227,0.1781818181818182,0.2636363636363636,12.364696939961231,14.864696939961222,False,3.054193368945949
843,0.509090909090909,6.823669613950104,0.4181818181818182,0.6454545454545454,5.4236696139501035,8.723669613950102,False,5.109785704008376
844,0.01,20.307573776223826,0.01,0.012272727272727272,19.80757377622382,22.207573776223853,False,5.4411039295712955
845,0.23636363636363636,10.250164312536251,0.1781818181818182,0.2818181818181818,8.550164312536257,11.650164312536246,True,0.3878095988747733
846,0.5727272727272728,14.25807889864133,0.4272727272727273,0.8272727272727273,11.858078898641338,17.05807889864132,True,0.03382350054133164
847,0.07018181818181819,13.821540658209626,0.05454545454545455,0.08909090909090908,10.921540658209636,16.621540658209618,True,0.08399968124053278
848,0.13363636363636364,6.444522894008807,0.11181818181818182,0.15363636363636363,4.0445228940088045,8.244522894008808,True,2.8423238370385038
849,0.04181818181818182,11.227936672259359,0.034545454545454546,0.04818181818181819,9.327936672259366,12.827936672259353,True,4.646441718193805
850,0.01818181818181818,12.92867912873455,,,,,,9.272641381844888
851,0.06454545454545454,15.067552234691258,0.056363636363636366,0.07254545454545454,13.667552234691263,16.467552234691254,False,6.445262505801681
852,0.06181818181818182,15.071631821417714,0.05,0.07545454545454545,12.971631821417722,17.471631821417706,True,3.1232309401003957
853,0.07472727272727273,4.576054171337772,0.060909090909090906,0.09272727272727273,2.17605417133777,6.976054171337774,True,2.3462905109432186
854,0.2636363636363636,8.05113303989874,0.2181818181818182,0.32727272727272727,6.751133039898738,9.751133039898741,True,1.6662386751670417
855,0.10727272727272727,9.69039386462555,0.09090909090909091,0.12454545454545454,8.090393864625556,11.590393864625543,True,4.723565545992963
856,0.16818181818181818,11.364972856482202,0.14272727272727273,0.2090909090909091,8.96497285648221,12.864972856482197,True,0.5376253233680295
857,0.1409090909090909,7.225011051225787,0.1190909090909091,0.1590909090909091,5.0250110512257855,9.025011051225789,True,2.323892825691532
858,0.02090909090909091,8.284297034623322,0.01681818181818182,0.026363636363636363,6.08429703462332,10.584297034623324,True,0.13302245335858012
859,0.01,12.20735639858193,0.01,0.011363636363636364,11.90735639858193,13.407356398581925,False,6.029606151827278
860,0.057272727272727274,10.090054072508948,0.046363636363636364,0.07281818181818181,7.790054072508957,12.790054072508939,True,1.7165212954212967
861,0.04272727272727273,9.084626366889628,0.03,0.06181818181818182,6.284626366889638,12.984626366889614,True,0.8805716699399375
862,0.019090909090909092,14.284327644877935,0.016363636363636365,0.02090909090909091,12.78432764487794,15.284327644877932,False,6.970401018452087
863,0.13727272727272727,9.914622138230747,0.10818181818181818,0.16454545454545455,6.714622138230759,12.514622138230738,True,0.7962771694892954
864,0.011363636363636364,10.747790673016796,0.01,0.013636363636363636,9.4477906730168,12.74779067301679,True,0.044011419409226885
865,0.026363636363636363,14.645002850091952,0.023636363636363636,0.03,13.445002850091957,16.14500285009195,False,5.631312568962333
866,0.02909090909090909,4.0,0.023636363636363636,0.03727272727272728,1.7000000000000002,6.2,True,1.178580789485904
867,0.015454545454545453,15.851771912537584,,,,,,10.4199732950316
868,0.4272727272727273,4.800000000000001,0.3181818181818182,0.6,2.5,7.4,True,2.1372184852157114
869,0.06636363636363636,9.567023386393064,0.05,0.08454545454545455,6.667023386393074,12.367023386393054,True,0.010706688895813797
870,0.2272727272727273,2.5,0.17272727272727273,0.2818181818181818,0.9,4.1000000000000005,True,0.3111536043346679
871,0.017727272727272727,5.131010520114787,0.015,0.02181818181818182,3.5310105201147852,7.231010520114788,False,5.807066904144894
872,0.2727272727272727,3.3000000000000003,0.2272727272727273,0.33636363636363636,2.0,4.9,True,2.2293633879103245
873,0.35454545454545455,6.848094709891007,0.2818181818181818,0.4636363636363636,5.148094709891005,9.048094709891009,True,0.0883477884543958
874,0.015,8.735048558249138,,,,,,11.99213257175173
876,0.07772727272727273,4.980919103939566,0.06363636363636364,0.09545454545454546,2.680919103939564,7.080919103939568,True,3.3364366810328603
877,0.11363636363636363,7.132267872741004,0.10636363636363637,0.12454545454545454,6.232267872741007,8.332267872741,True,7.520123521511743
878,0.014090909090909091,8.557192853947253,0.012272727272727272,0.01681818181818182,7.057192853947258,10.257192853947247,False,3.878098024945092
880,0.10090909090909092,10.363202457399051,0.07818181818181819,0.12454545454545454,7.763202457399061,13.063202457399042,False,0.08113791980307261
881,0.15,6.118594409051637,0.12818181818181817,0.17272727272727273,4.118594409051635,8.21859440905164,True,1.7720575680609814
882,0.019090909090909092,12.080265244134,,,,,,20.078981377360797
883,0.06181818181818182,14.289669516163908,0.05454545454545455,0.06818181818181819,12.989669516163913,15.389669516163904,False,6.945102589709362
884,0.1572727272727273,11.684839703787024,0.1390909090909091,0.18363636363636365,9.98483970378703,13.384839703787017,True,3.1655124898725324
885,0.11181818181818182,6.366456933613357,0.09363636363636364,0.12818181818181817,4.366456933613355,8.066456933613358,True,4.578501983255622
886,0.02727272727272727,10.931647409460524,0.02181818181818182,0.034545454545454546,8.631647409460532,13.231647409460516,True,1.455261268972558
887,0.012272727272727272,8.542994700181554,,,,,,17.293206931389573
888,0.5545454545454546,6.300000000000001,,,,,,13.520859815722048
889,0.7636363636363637,8.3,,,,,,12.024215339752404
890,0.06,10.000703151554674,0.05090909090909091,0.06909090909090909,8.40070315155468,11.600703151554669,True,5.876273142569037
891,0.01818181818181818,10.526136661181754,0.014545454545454545,0.02181818181818182,8.426136661181761,12.326136661181748,True,2.569519561418316
892,0.01,10.172610832412376,,,,,,18.05697031637002
893,0.01818181818181818,7.5359035081326144,0.015,0.02181818181818182,5.735903508132621,9.435903508132608,True,2.7579070467866376
894,0.04090909090909091,11.536956279132689,0.030909090909090907,0.05090909090909091,9.036956279132697,14.03695627913268,True,0.2739517101781887
895,0.045454545454545456,13.829326189770214,0.03636363636363636,0.056363636363636366,11.429326189770222,16.129326189770204,True,2.085916829156441
896,0.028181818181818183,4.493265033361618,0.024545454545454544,0.034545454545454546,2.8932650333616183,6.393265033361618,True,3.666991894588878
897,0.36363636363636365,5.948760524745562,0.2909090909090909,0.4818181818181818,4.14876052474556,8.148760524745565,True,0.253978060361708
898,0.01863636363636364,4.945930761801321,0.015909090909090907,0.02090909090909091,3.4459307618013204,6.045930761801323,False,5.100108995358868
899,0.3,5.684494208088804,0.2545454545454545,0.38181818181818183,4.384494208088803,7.684494208088807,True,1.6624155990706675
900,0.15181818181818182,6.275582957013291,0.13363636363636364,0.16818181818181818,4.675582957013289,7.975582957013292,True,3.8074787979563034
901,0.013636363636363636,9.392729222187956,0.012727272727272728,0.015,8.592729222187959,10.492729222187952,False,6.265149952179236
902,0.014545454545454545,8.822485700680105,,,,,,9.998129533502764
903,0.019545454545454546,10.016825041765932,0.015909090909090907,0.022727272727272728,8.016825041765939,11.416825041765927,False,3.5522601642325835
904,0.011818181818181818,8.229831686715354,0.010454545454545454,0.013181818181818182,7.029831686715358,9.32983168671535,False,6.26223827327115
905,0.09636363636363636,7.771129966300013,0.07545454545454545,0.1190909090909091,5.17112996630001,10.271129966300014,True,0.9246455643885669
906,0.014545454545454545,14.444213904926642,,,,,,9.014916813026954
907,0.03272727272727273,4.406788947262905,0.026363636363636363,0.04181818181818182,2.2067889472629063,6.606788947262905,True,2.21845733281449
908,0.16090909090909092,11.73364380512972,0.14454545454545453,0.1890909090909091,10.133643805129726,13.133643805129715,True,4.2168486196102055
909,0.012727272727272728,2.9000000000000004,0.01090909090909091,0.015454545454545453,1.3,5.1000000000000005,True,1.3044235686061207
910,0.03909090909090909,4.697757394013582,0.03,0.04727272727272727,2.39775739401358,6.797757394013583,True,1.9078855586063002
911,0.4636363636363636,13.101402933792132,0.35454545454545455,0.6363636363636364,10.90140293379214,15.601402933792123,True,0.16158472588521375
912,0.01681818181818182,9.658093393588858,,,,,,9.159789221327339
913,0.05181818181818182,11.42079406541659,0.04363636363636364,0.06181818181818182,9.520794065416597,13.320794065416584,True,4.51479042395621
914,0.15545454545454546,4.025107297738337,0.1390909090909091,0.17545454545454547,2.4251072977383377,5.625107297738337,True,4.1996744599633935
916,0.2272727272727273,14.293884395852857,0.17272727272727273,0.2818181818181818,12.593884395852863,15.793884395852851,True,0.5650677651897315
917,0.012272727272727272,10.009490746703252,0.01090909090909091,0.012727272727272728,8.809490746703256,10.50949074670325,False,7.244280514702352
919,0.04454545454545455,4.407697223441825,0.035454545454545454,0.057272727272727274,2.1076972234418254,7.207697223441825,True,1.1374843538895052
920,0.13363636363636364,9.413268873301849,,,,,,9.996407087376666
921,0.12818181818181817,7.506769150310515,0.10090909090909092,0.15545454545454546,4.506769150310513,10.206769150310517,True,0.2893230803818866
922,0.2181818181818182,2.9000000000000004,0.16818181818181818,0.2727272727272727,1.2000000000000002,4.4,True,2.2968605375205335
923,0.16818181818181818,8.109546816138678,0.15,0.2,6.409546816138684,9.409546816138674,True,4.338739966776339
924,0.01,14.25029960205909,,,,,,26.212090012441994
925,0.16090909090909092,3.5,0.1409090909090909,0.2,1.6,5.4,True,0.8693959149779661
926,0.015909090909090907,4.254242564756037,0.014090909090909091,0.01818181818181818,2.954242564756036,5.454242564756038,False,5.8526341023638615
927,0.01,15.053485600629086,,,,,,33.11512333967172
928,0.3,12.919411501847135,0.23636363636363636,0.37272727272727274,11.21941150184714,14.519411501847129,True,0.489321695314891
929,0.02909090909090909,9.494153622243966,0.022727272727272728,0.03909090909090909,6.6941536222439755,12.194153622243956,True,0.3087446898876183
930,0.01818181818181818,7.836439373164442,,,,,,10.0054451036168
931,0.024545454545454544,4.466614427042344,0.019545454545454546,0.02909090909090909,2.2666144270423416,6.566614427042346,True,3.9613994727639485
932,0.2818181818181818,8.73910069034861,0.2272727272727273,0.35454545454545455,7.139100690348609,10.539100690348612,True,0.10730823098624336
933,0.019545454545454546,6.109017454200116,0.01681818181818182,0.022727272727272728,4.609017454200115,7.509017454200118,False,5.089734549261952
934,0.2181818181818182,5.201231095358671,0.17272727272727273,0.2818181818181818,3.8012310953586717,6.901231095358671,True,0.5441827637809337
935,0.06181818181818182,8.792819961737226,0.04818181818181819,0.07772727272727273,6.192819961737236,11.392819961737217,True,1.137911394677337
936,0.01681818181818182,9.984831860265661,,,,,,13.317575315982236
937,0.12818181818181817,10.82990182848295,0.1190909090909091,0.1390909090909091,9.929901828482953,11.829901828482946,True,7.441239999544377
938,0.14272727272727273,10.386259009108489,0.12454545454545454,0.1590909090909091,8.586259009108495,11.986259009108483,True,4.010038626759716
939,0.1409090909090909,10.267264356040387,0.12272727272727273,0.15545454545454546,8.467264356040394,11.667264356040382,True,4.435358289247059
940,0.022727272727272728,10.531095162104393,0.01818181818181818,0.026363636363636363,8.4310951621044,11.931095162104388,True,3.946073185698223
941,0.028181818181818183,3.5837196051118525,0.023636363636363636,0.034545454545454546,1.6837196051118526,5.383719605111852,True,3.8414678044836292
942,0.13363636363636364,8.574797676742168,0.11181818181818182,0.1590909090909091,6.2747976767421765,10.87479767674216,True,0.8541680960683815
944,0.01818181818181818,6.015311851958358,0.015454545454545453,0.02181818181818182,4.515311851958357,7.815311851958359,True,4.505811497971385
945,0.33636363636363636,11.835346878382328,0.2727272727272727,0.4272727272727273,10.135346878382334,13.835346878382321,True,0.17744011987649716
946,1.009090909090909,10.154454288458997,0.6818181818181818,1.1,7.054454288458996,10.554454288458995,False,4.685083084307024
947,0.12272727272727273,9.309288026777505,0.1090909090909091,0.13,7.90928802677751,10.209288026777502,True,6.858935563215715
948,0.031818181818181815,6.309498597492215,0.028181818181818183,0.03727272727272728,5.10949859749222,7.70949859749221,False,6.285550276901802
950,0.015454545454545453,12.74116615189538,,,,,,15.82310081889453
951,0.34545454545454546,4.6000000000000005,0.2727272727272727,0.4363636363636364,2.8000000000000003,6.5,True,0.062399894022741084
952,0.15181818181818182,9.251914816777637,0.13181818181818183,0.1809090909090909,7.451914816777643,11.35191481677763,True,1.8832095974217213
953,0.7545454545454545,7.9,0.6454545454545454,0.7636363636363637,6.6000000000000005,7.9,False,7.574682181706584
954,0.03363636363636364,3.8000000000000003,0.026363636363636363,0.04363636363636364,1.4000000000000001,6.300000000000001,True,0.6815656126865614
955,0.06545454545454546,9.528097737049912,0.05909090909090909,0.07181818181818181,8.428097737049915,10.628097737049908,False,7.269594756609013
957,0.02909090909090909,8.862759835610552,0.028181818181818183,0.031818181818181815,8.462759835610553,9.662759835610549,False,8.020494037753316
958,0.015909090909090907,8.715452261768405,0.015,0.01681818181818182,8.115452261768407,9.115452261768404,False,8.207265410428406
960,0.06272727272727273,6.928283440635726,0.056363636363636366,0.06727272727272728,5.72828344063573,7.8282834406357225,False,7.397819797168141
961,0.019545454545454546,12.048547918424642,,,,,,13.494020276706532
962,0.02181818181818182,6.693925660125243,0.01863636363636364,0.026363636363636363,5.193925660125242,8.593925660125244,True,3.5927650661033717
963,0.053636363636363635,10.538887199693583,0.045454545454545456,0.06454545454545454,8.63888719969359,12.338887199693577,True,4.632057812940736
964,0.038181818181818185,4.254084164467682,0.030909090909090907,0.04727272727272727,2.35408416446768,6.554084164467684,True,3.036870486017985
965,0.3181818181818182,3.2,0.2545454545454545,0.4,1.5,5.0,True,0.3668701404343171
966,0.17,8.652868436999867,0.14636363636363636,0.2181818181818182,6.252868436999876,10.152868436999862,True,0.7066618570527676
967,0.04818181818181819,4.412044488471702,0.038181818181818185,0.06272727272727273,1.9120444884717025,7.212044488471701,True,0.7020364135315155
968,0.04454545454545455,7.260901440913617,0.038181818181818185,0.05,5.560901440913623,8.660901440913612,False,5.886930582534603
969,0.026363636363636363,6.500653639067808,0.02181818181818182,0.03272727272727273,4.7006536390678075,8.700653639067811,True,2.882786973025601
970,0.04727272727272727,3.4821395987842845,0.03909090909090909,0.060909090909090906,1.482139598784285,6.182139598784284,True,2.2908045186902517
971,0.13363636363636364,10.467376664075413,,,,,,12.357615395341664
973,0.11,9.834393801956013,0.1,0.12090909090909091,8.634393801956017,11.034393801956009,True,7.082650776874589
974,0.012272727272727272,10.002649344001298,,,,,,17.06596881247166
975,0.4636363636363636,6.766491544692806,0.4636363636363636,0.4818181818181818,6.766491544692806,7.066491544692806,False,8.595417694101165
976,0.13363636363636364,10.135709405205263,0.1190909090909091,0.14636363636363636,8.635709405205269,11.33570940520526,True,5.8893271213856915
977,0.060909090909090906,4.459766401948482,0.049090909090909095,0.07545454545454545,2.2597664019484798,6.959766401948484,True,2.6832327858797544
978,0.01,10.251876441423883,,,,,,10.015451153466561
979,0.013636363636363636,11.53445910696755,0.01090909090909091,0.015454545454545453,9.334459106967557,12.934459106967545,False,2.5012886289877296
980,0.05454545454545455,8.052206726058305,0.04363636363636364,0.07018181818181819,5.752206726058313,10.852206726058295,True,2.4870806279819018
981,0.04363636363636364,12.340937135964731,0.03727272727272728,0.049090909090909095,10.740937135964737,13.840937135964726,False,5.512489834064947
982,0.03727272727272728,6.089677015119419,0.02909090909090909,0.046363636363636364,3.8896770151194167,8.48967701511942,True,1.9726031068820014
983,0.01,12.831844001793145,0.01,0.01090909090909091,12.731844001793146,13.531844001793143,False,7.721359438868211
984,0.1890909090909091,2.5,0.1572727272727273,0.24545454545454545,0.6000000000000001,4.1000000000000005,True,0.5960235407886877
985,0.011363636363636364,6.8129546618994805,0.01,0.013636363636363636,5.512954661899479,8.71295466189948,False,5.087503609794806
986,0.10727272727272727,4.9604084627140885,0.08636363636363636,0.12818181818181817,2.760408462714086,7.26040846271409,True,2.5099909864538987
987,0.4272727272727273,6.163637000465943,0.33636363636363636,0.5454545454545454,4.263637000465943,8.163637000465943,True,1.216862681244839
988,0.2272727272727273,8.668166238592578,0.17,0.2727272727272727,6.868166238592577,9.96816623859258,True,0.43941811838620315
989,0.08454545454545455,7.51657900197831,0.06727272727272728,0.10636363636363637,4.916579001978308,10.016579001978313,True,1.526101521674531
990,0.11545454545454546,8.435786070806394,0.09545454545454546,0.13727272727272727,6.235786070806402,10.635786070806386,True,2.2212486723387297
992,0.1809090909090909,12.238386056990391,0.1572727272727273,0.2272727272727273,10.638386056990397,13.538386056990387,True,3.04277305871995
993,0.017272727272727273,9.48777103026565,0.015,0.019545454545454546,8.187771030265655,10.687771030265646,False,5.531693523604289
994,0.1390909090909091,9.008256153864405,0.12818181818181817,0.1481818181818182,8.008256153864409,9.708256153864403,True,7.42945185396861
995,0.012272727272727272,9.86696194223064,,,,,,10.291118378418389
996,0.2272727272727273,6.435164549923774,0.16636363636363638,0.2818181818181818,4.435164549923773,7.8351645499237765,True,0.3177483887430714
998,0.02727272727272727,9.66275572752512,0.022727272727272728,0.034545454545454546,7.762755727525127,11.962755727525112,True,1.4929565107657456
999,0.03272727272727273,6.4980461351753265,0.026363636363636363,0.04363636363636364,4.2980461351753245,9.29804613517533,True,0.14713362727408824
1000,0.1809090909090909,5.753238797857141,0.16090909090909092,0.2181818181818182,4.45323879785714,6.953238797857142,True,4.2730492304352
1001,0.1590909090909091,4.109117253550449,0.1390909090909091,0.19454545454545455,2.20911725355045,6.009117253550449,True,2.866769780497683
1002,0.9272727272727272,7.0,0.4363636363636364,1.2,0.8,8.700000000000001,True,0.8290733248499043
1003,0.049090909090909095,8.942059670016965,0.03909090909090909,0.06181818181818182,6.442059670016974,11.342059670016956,True,1.7322798781570383
1004,0.025454545454545455,8.97155355939132,0.025454545454545455,0.026363636363636363,8.97155355939132,9.371553559391318,False,8.670134064294292
1005,0.05090909090909091,4.414867027628228,0.04,0.06636363636363636,1.7148670276282258,7.214867027628231,True,2.7483267264257583
1006,0.1,8.620838113568709,0.09090909090909091,0.10272727272727274,7.920838113568712,9.020838113568708,False,8.146639156409536
1007,0.056363636363636366,4.620611063030083,0.046363636363636364,0.06727272727272728,2.520611063030081,6.6206110630300845,True,3.978972454588859
1008,0.026363636363636363,7.723292800694326,0.025454545454545455,0.02727272727272727,7.323292800694327,8.023292800694325,False,8.332002475527933
1009,0.01090909090909091,9.236979000021309,0.01,0.011818181818181818,8.436979000021312,10.036979000021306,False,7.046419461880156
1010,0.04454545454545455,2.972738293496362,0.03727272727272728,0.053636363636363635,1.072738293496362,5.072738293496362,True,4.017681431455069
1011,0.015,8.639539886608894,0.012727272727272728,0.01818181818181818,6.739539886608901,10.439539886608888,True,2.857060171335769
1012,0.05,4.24005688676775,0.04,0.06272727272727273,1.540056886767748,6.640056886767753,True,3.38462132355356
1013,0.7181818181818181,7.6000000000000005,0.5727272727272728,0.8727272727272728,5.9,9.1,False,6.706068318442368
1014,0.5545454545454546,2.5,0.38181818181818183,0.990909090909091,0.0,6.5,True,0.2075912959473451
1015,0.11545454545454546,4.862798965207161,0.09545454545454546,0.13545454545454547,2.662798965207159,6.862798965207163,True,2.905887501731593
1016,0.02,11.317546226962651,0.014545454545454545,0.02727272727272727,8.117546226962663,14.51754622696264,True,1.7656158831930422
1018,0.045454545454545456,4.4,0.034545454545454546,0.05909090909090909,1.6,7.300000000000001,False,0.5015559815056294
1020,0.019545454545454546,8.529150257617363,0.01863636363636364,0.02090909090909091,8.029150257617365,9.229150257617361,False,8.061765449015377
1021,0.1572727272727273,9.65618541308598,0.13727272727272727,0.18363636363636365,7.756185413085987,11.356185413085974,True,2.877049103176219
1022,0.04363636363636364,3.859850324031762,0.034545454545454546,0.053636363636363635,1.6598503240317624,6.159850324031761,True,2.241488571404808
1023,0.05272727272727273,7.70216207790234,0.046363636363636364,0.06363636363636364,6.202162077902345,9.702162077902333,True,5.321056389933788
1024,0.026363636363636363,4.034753328946603,0.02090909090909091,0.03363636363636364,1.8347533289466027,6.534753328946603,True,1.349539958493284
1025,0.04454545454545455,4.601863965645866,0.035454545454545454,0.05545454545454545,2.301863965645864,6.901863965645869,True,1.8043800666272614
1026,0.014545454545454545,9.362738952514475,0.013181818181818182,0.01681818181818182,8.262738952514479,10.66273895251447,False,6.07000049259808
1027,0.012727272727272728,5.03937573201093,0.011818181818181818,0.014545454545454545,4.239375732010929,6.439375732010931,False,6.006698664629546
1028,0.10181818181818182,9.656260324764409,0.08181818181818182,0.12090909090909091,7.456260324764417,11.856260324764401,True,2.7785310747186514
1029,0.10727272727272727,3.3000000000000003,0.08363636363636363,0.13181818181818183,0.7000000000000001,6.0,False,0.13685399986727423
1030,0.02,12.730537709937789,0.015909090909090907,0.026363636363636363,10.430537709937797,15.430537709937779,True,1.8733548113880298
1031,0.2181818181818182,3.3000000000000003,0.16818181818181818,0.2818181818181818,1.6,5.1000000000000005,True,0.6290130399051266
1032,0.13,7.6978306764045215,0.10545454545454545,0.15363636363636363,4.997830676404519,9.897830676404523,True,0.36459576028978513
1033,0.2818181818181818,19.575251063777866,0.24545454545454545,0.3181818181818182,18.47525106377785,20.47525106377788,False,5.876231368756949
1034,0.012727272727272728,10.971226967668143,,,,,,17.353225221909636
1036,0.3090909090909091,3.7,0.23636363636363636,0.4181818181818182,1.7000000000000002,6.2,True,0.19400632053764558
1037,1.0272727272727273,15.257343010746261,0.6727272727272727,1.4,11.957343010746273,17.857343010746252,False,0.21003651643635926
1038,0.011363636363636364,9.64231553692338,0.01,0.015909090909090907,8.042315536923386,13.342315536923367,True,2.871573865473186
1039,0.06636363636363636,10.4045989828134,,,,,,13.064935279063029
1041,1.2181818181818183,12.783571925639581,,,,,,30.791166809352934
1042,0.026363636363636363,5.164094885243388,0.02090909090909091,0.031818181818181815,2.8640948852433867,7.16409488524339,True,2.3738390748791347
1043,0.2181818181818182,3.5,0.1809090909090909,0.24545454545454545,2.4000000000000004,4.3,True,5.533829063376777
1045,0.046363636363636364,14.037786945629087,0.04090909090909091,0.060909090909090906,12.837786945629091,17.137786945629074,True,3.749131336736218
1046,0.02181818181818182,4.397502657148238,,,,,,9.814766795253036
1047,0.11727272727272728,6.847734761485627,0.09818181818181819,0.13727272727272727,4.847734761485626,8.947734761485629,True,3.0251004063528724
1048,0.08545454545454545,11.551370786345398,0.06909090909090909,0.11,8.951370786345407,14.251370786345388,True,1.3569841889077097
1050,0.014090909090909091,21.5452541929274,,,,,,28.68180152739913
1051,0.05454545454545455,22.345263335806123,,,,,,15.545761345391261
1052,0.02727272727272727,4.627851351561531,0.023636363636363636,0.03363636363636364,3.2278513515615295,6.727851351561532,True,4.127944956742788
1053,0.019090909090909092,3.724495789959169,0.016363636363636365,0.02181818181818182,2.324495789959169,5.024495789959168,True,5.331799865360956
1054,1.1272727272727274,11.312107622640596,0.5909090909090908,1.2454545454545454,5.91210762264059,11.712107622640595,False,2.145146995854374
1055,0.025454545454545455,9.859582748691196,0.019545454545454546,0.03363636363636364,7.359582748691205,12.659582748691186,True,3.5585059407442365
1056,0.08727272727272727,19.008271591688242,0.0710909090909091,0.11,16.70827159168825,21.408271591688234,True,1.8711293164478977
1057,0.028181818181818183,17.72093524462683,,,,,,9.21010526598263
1059,0.32727272727272727,3.7,0.2727272727272727,0.4,2.3000000000000003,5.4,False,3.1520142726341422
1060,0.1090909090909091,11.065349822769004,0.10272727272727274,0.11363636363636363,10.265349822769007,11.565349822769003,False,8.312377687883444
1061,0.05272727272727273,11.158475900125813,,,,,,13.079447992245072
1062,0.013636363636363636,3.699973109948675,0.012272727272727272,0.015909090909090907,2.4999731099486753,5.299973109948675,False,4.756331516454863
1063,0.02,12.251764869936252,,,,,,8.979536173024815
1064,0.019090909090909092,12.846648828837555,0.01818181818181818,0.02090909090909091,12.346648828837557,13.846648828837552,False,7.666552830112243
1065,0.09636363636363636,16.067930296359773,0.08363636363636363,0.10363636363636364,14.667930296359778,16.86793029635977,False,7.269460659446701
1066,0.026363636363636363,8.44784251614385,0.022727272727272728,0.02909090909090909,6.947842516143856,9.647842516143847,False,5.338207530395234
1067,0.05272727272727273,3.7315972441059206,0.04272727272727273,0.06727272727272728,1.3315972441059212,6.23159724410592,True,1.9907640881096964
1068,0.026363636363636363,4.103399115564389,0.02181818181818182,0.031818181818181815,2.2033991155643893,6.003399115564388,True,3.2986038315542974
1069,0.035454545454545454,5.351613338633774,0.02909090909090909,0.04272727272727273,3.4516133386337726,7.1516133386337755,True,3.9849862121692734
1070,0.12818181818181817,7.033469471961451,0.11181818181818182,0.1481818181818182,5.333469471961449,8.933469471961452,True,3.821585135443783
1071,0.2545454545454545,5.438454139430131,0.2090909090909091,0.3090909090909091,4.038454139430129,6.838454139430133,True,2.1402929618891817
1072,0.06545454545454546,9.110711392217443,0.05,0.08181818181818182,6.410711392217452,11.810711392217433,True,0.9379859148811582
1073,0.04727272727272727,12.946214020238202,0.04181818181818182,0.05545454545454545,11.546214020238207,14.646214020238196,False,6.173020172021962
1074,0.2090909090909091,3.8000000000000003,0.16636363636363638,0.2545454545454545,2.2,5.2,True,1.8523709610436536
1075,0.07163636363636364,6.8394050721226485,0.05181818181818182,0.1,3.2394050721226453,10.539405072122651,True,0.2201394980930521
1076,0.09272727272727273,9.139215006968321,0.07336363636363635,0.11545454545454546,6.63921500696833,11.639215006968312,True,1.6937492067993714
1077,0.07472727272727273,6.811976965728114,0.05909090909090909,0.09545454545454546,4.111976965728112,9.411976965728115,True,1.0690733204986897
1078,0.02181818181818182,20.112893628732675,0.02181818181818182,0.02181818181818182,20.112893628732675,20.112893628732675,False,8.715249351037471
1079,0.3181818181818182,8.996562971507192,0.2636363636363636,0.4181818181818182,7.496562971507197,11.196562971507184,True,0.17570023323023792
1080,0.16272727272727272,6.437402066446187,0.13181818181818183,0.2181818181818182,3.4374020664461837,8.837402066446188,True,0.6482037002349769
1081,0.014090909090909091,10.097973366269587,,,,,,10.653944746206804
1082,0.16090909090909092,9.785884949367206,0.14272727272727273,0.19181818181818183,7.985884949367213,11.3858849493672,True,3.5065867105339863
1083,0.3090909090909091,4.5,0.24545454545454545,0.4,2.8000000000000003,6.6000000000000005,True,0.3910567808067745
1084,0.015454545454545453,15.550189187125266,,,,,,8.971058974240119
1085,0.15181818181818182,16.798529363065207,0.13,0.18363636363636365,14.698529363065216,19.0985293630652,True,2.70273716760855
1086,0.046363636363636364,4.34724583239743,0.04,0.057272727272727274,2.747245832397429,6.547245832397432,True,4.3022139153736445
1087,0.02727272727272727,8.606154038428947,0.025454545454545455,0.03,7.90615403842895,9.906154038428943,False,6.861707497482854
1089,0.15,7.218686748637204,0.13727272727272727,0.16090909090909092,6.018686748637208,8.3186867486372,False,6.444240834454508
1090,0.046363636363636364,11.784553163000826,0.045454545454545456,0.04818181818181819,11.584553163000827,12.284553163000824,False,8.604615335577439
1091,0.031818181818181815,4.991580620579546,0.02727272727272727,0.04090909090909091,3.3915806205795445,7.2915806205795475,True,3.069889369169547
