index,file_lineno,best_mass,best_AV,mass_min,mass_max,AV_min,AV_max,intersects,min_chi2,chi2_threshold,dof_gof,passes_gof,p_value,true_AV,true_mass
1,3,0.15,7.911803300453408,0.13363636363636364,0.16272727272727272,6.411803300453412,9.011803300453405,False,18.632218641168823,30.25050462179688,4,False,0.0009280707067758988,9.3431,0.171107
2,4,0.02,3.4000000000000004,0.017272727272727273,0.024545454545454544,1.8,5.300000000000002,True,13.274943256187735,24.893229236815785,4,True,0.010007654603845615,4.31918,0.020454
3,5,0.10545454545454544,7.998669196533622,0.09090909090909093,0.1190909090909091,6.498669196533627,9.498669196533617,False,3.869437560157495,15.487723540785547,4,True,0.4239638243259385,6.74386,0.085403
5,7,0.1481818181818182,11.703231391783252,0.14454545454545453,0.15181818181818182,11.703231391783252,11.903231391783251,False,327.07996885477775,338.6982548354058,4,False,1.5551011570766265e-69,17.3093,0.20703
6,8,0.2727272727272727,20.941115342924586,0.24545454545454545,0.3272727272727273,20.14111534292457,22.341115342924603,False,140.86884716337062,152.48713314399868,4,False,1.8391876715702292e-29,25.4049,0.353775
8,10,0.06363636363636364,14.522913566249981,0.052727272727272734,0.07636363636363636,12.422913566249989,16.622913566249974,True,1.4814505926755084,13.099736573303561,4,True,0.8299221041744108,14.277,0.053173
9,11,0.3545454545454545,2.8608274269236675,0.3272727272727273,0.3727272727272728,2.260827426923668,3.260827426923668,False,308.7550982618798,320.3733842425079,4,False,1.3998146985502889e-65,5.86181,0.398091
11,13,0.3363636363636364,6.1724076338185405,0.3,0.3727272727272728,5.47240763381854,6.872407633818543,True,3.5835782389840563,15.201864219612107,4,True,0.4652843905724753,6.47402,0.321926
12,14,0.13,16.037412062183858,0.12818181818181815,0.13181818181818186,16.037412062183858,16.037412062183858,False,28938.890169961924,28950.508455942552,4,False,0.0,20.0599,0.070333
13,15,0.01636363636363636,15.169285480560465,0.013181818181818182,0.02090909090909091,12.769285480560471,17.669285480560454,False,50.0877389083379,61.70602488896595,4,False,3.461714126313247e-10,18.585,0.01878
14,16,0.1590909090909091,7.822346130938285,0.14272727272727273,0.1781818181818182,6.322346130938289,9.02234613093828,True,5.122508013089333,16.740793993717386,4,True,0.2749568027188483,7.98796,0.168693
15,17,0.16818181818181818,9.157113347388153,0.15545454545454546,0.2,7.8571133473881565,10.257113347388149,True,22.193218218555888,33.81150419918394,4,False,0.00018342880766959474,10.0988,0.185198
16,18,0.2909090909090909,7.509853173742477,0.2636363636363636,0.3272727272727273,6.709853173742479,8.409853173742473,False,23.59791829578443,35.216204276412476,4,False,9.61505566221867e-05,10.2079,0.366108
17,19,0.2727272727272727,16.726296726697107,0.2272727272727273,0.3181818181818182,15.326296726697116,17.826296726697105,False,11.882681414504745,23.5009673951328,4,True,0.018245336499017127,18.1528,0.259832
18,20,0.08818181818181818,12.688221759161179,0.07636363636363636,0.10545454545454544,11.188221759161184,14.488221759161172,False,27.974510437894587,39.59279641852264,4,False,1.262217928072872e-05,14.8723,0.097278
20,22,0.7272727272727273,15.345240448064205,0.7090909090909091,0.8545454545454546,15.345240448064205,16.5452404480642,False,344.04347343010073,355.66175941072873,4,False,3.3885168079426745e-73,22.9691,1.31329
21,23,0.3545454545454545,6.678902316761798,0.3090909090909091,0.3818181818181817,5.678902316761798,7.2789023167617986,False,23.750141173051208,35.368427153679264,4,False,8.963383759533154e-05,8.50713,0.394837
22,24,0.01090909090909091,3.7428924514667785,0.01,0.012727272727272728,2.8428924514667786,5.34289245146678,False,119.35323888281651,130.97152486344456,4,False,7.341669911449977e-25,7.83498,0.01503
23,25,1.3727272727272726,18.626446432627827,1.054545454545455,1.4,16.72644643262784,18.926446432627827,False,5.025457587636423,16.643743568264476,4,True,0.2846953481677121,20.2002,1.20782
24,26,0.34545454545454546,10.546402041344027,0.3,0.3909090909090909,9.546402041344033,11.646402041344025,True,1.2890356102587672,12.90732159088682,4,True,0.8632330383821457,11.0896,0.322605
25,27,0.4,6.111554851335328,0.3636363636363637,0.44545454545454544,5.311554851335327,6.811554851335328,True,17.597318184171122,29.21560416479917,4,False,0.0014789638420637352,6.78875,0.394081
26,28,0.17272727272727273,15.798500418995971,0.1590909090909091,0.2,14.598500418995974,16.698500418995973,False,1.4957850268714967,13.114071007499547,4,True,0.827387833745242,14.9163,0.158611
27,29,0.12454545454545456,10.192313873567949,0.11363636363636365,0.13545454545454547,8.892313873567955,11.292313873567949,False,8.29206353476763,19.91034951539568,4,True,0.08144674724594919,8.9241,0.106116
29,31,0.3363636363636364,20.60695615942355,0.2909090909090909,0.4090909090909091,19.40695615942353,22.306956159423574,False,1.100115802494821,12.718401783122873,4,True,0.8942538322920309,22.939,0.342464
30,32,0.34545454545454546,5.488098841522646,0.2909090909090909,0.4,4.488098841522646,6.388098841522646,True,1.0591585765182154,12.677444557146266,4,True,0.9006968246157353,4.9614,0.293764
32,34,0.12272727272727273,10.885031003006155,0.12090909090909092,0.12454545454545456,10.885031003006155,10.885031003006155,False,88742.12292195328,88753.74120793391,4,False,0.0,16.5894,0.019871
33,35,0.7272727272727273,4.6000000000000005,0.5909090909090908,0.9363636363636364,3.4000000000000004,6.1000000000000005,False,104.00312580037195,115.621411781,4,False,1.3813281370433792e-21,2.62726,0.39264
34,36,0.01590909090909091,5.374720951017494,0.015,0.017272727272727273,5.374720951017494,5.474720951017495,False,1147.3273202911707,1158.9456062717986,4,False,4.1730315192518236e-247,10.8478,0.017711
35,37,0.010454545454545454,5.6709332214282275,0.01,0.012272727272727272,5.070933221428229,7.270933221428231,False,9.469987749493503,21.088273730121557,4,True,0.050367598768778624,7.44862,0.01187
36,38,0.09636363636363636,9.64027684315137,0.08818181818181818,0.10727272727272727,8.940276843151373,10.840276843151365,False,162.04454886220228,173.66283484283036,4,False,5.326048429992462e-34,12.2681,0.109643
37,39,0.16272727272727272,21.572920644152173,0.1481818181818182,0.1890909090909091,20.072920644152152,23.072920644152195,True,4.906997448441848,16.5252834290699,4,True,0.2969739412017207,22.8605,0.167637
40,42,0.018636363636363642,8.048463276434939,0.01590909090909091,0.022727272727272728,6.648463276434944,9.948463276434932,False,80.88185709933043,92.50014307995848,4,False,1.1328107605963652e-16,11.7529,0.023358
42,44,0.11181818181818183,3.2250570425689817,0.10272727272727274,0.12090909090909092,2.22505704256898,4.125057042568982,True,21.94648564974551,33.564771630373556,4,False,0.00020539647355146263,3.3925,0.114438
43,45,0.10636363636363637,4.379689928442964,0.10363636363636364,0.11727272727272728,4.379689928442964,5.57968992844296,False,17.158561002650465,28.776846983278517,4,False,0.0018005231518179886,7.35146,0.135785
45,47,0.10727272727272727,15.372155653625953,0.08909090909090908,0.12090909090909092,13.372155653625958,17.072155653625945,False,12.294624352016251,23.9129103326443,4,True,0.015289701077674663,15.0886,0.087852
46,48,0.14636363636363636,6.8993412188506875,0.13545454545454547,0.1572727272727273,5.899341218850688,7.999341218850689,False,3.717822278380308,15.336108259008359,4,True,0.445539083049175,5.56832,0.134795
48,50,0.14636363636363636,7.3495744489651775,0.13545454545454547,0.1572727272727273,6.249574448965182,8.549574448965174,False,23.37794030310977,34.996226283737826,4,False,0.0001064072305092552,11.3775,0.195263
49,51,0.037272727272727284,9.290773110188768,0.030909090909090907,0.04454545454545455,7.590773110188774,11.190773110188761,False,16.768966125425774,28.387252106053825,4,False,0.002143263791836652,11.3536,0.040398
50,52,0.15181818181818182,7.186046626551343,0.1390909090909091,0.16090909090909092,5.986046626551341,8.086046626551344,True,3.5741514393086784,15.19243741993673,4,True,0.4666933838172561,6.79817,0.15319
51,53,0.2727272727272727,3.2132676165466743,0.24545454545454545,0.3090909090909091,2.5132676165466736,3.913267616546675,False,13.041958699340904,24.66024467996896,4,True,0.011072585642216994,6.22197,0.364245
52,54,0.11181818181818183,7.285951270538405,0.1,0.12454545454545456,5.78595127053841,8.6859512705384,True,15.276882739908846,26.895168720536894,4,True,0.004160087378809801,8.06416,0.116236
54,56,0.07281818181818181,4.234364877894467,0.06454545454545453,0.08181818181818183,2.834364877894465,5.5343648778944665,True,13.93045394572441,25.548739926352464,4,True,0.007520358016118748,4.17631,0.069229
55,57,0.5545454545454546,11.411968783709257,0.4727272727272727,0.6545454545454545,10.211968783709258,12.71196878370925,True,6.997225741323858,18.615511721951908,4,True,0.1360349049177894,12.0183,0.501966
58,60,0.9363636363636364,12.047288816568903,0.7727272727272727,1.1545454545454543,10.647288816568908,13.5472888165689,False,65.43289283133369,77.05117881196173,4,False,2.0857855268253762e-13,11.08,0.645787
59,61,0.17272727272727273,9.101374328814572,0.15545454545454546,0.2181818181818182,7.601374328814577,10.30137432881457,True,2.2354081205180565,13.853694101146107,4,True,0.6925522802136665,8.91214,0.176272
61,63,0.8727272727272728,9.7474365398247,0.7363636363636363,1.0181818181818183,8.5474365398247,10.847436539824702,False,55.65662477259613,67.27491075322419,4,False,2.3666645709180328e-11,7.58463,0.530846
62,64,0.022727272727272728,5.4761090434361535,0.01818181818181818,0.027272727272727268,3.476109043436152,7.3761090434361565,True,5.0916782791478585,16.70996425977591,4,True,0.2780194241021735,5.96092,0.021623
64,66,0.3090909090909091,8.055816847625174,0.2818181818181818,0.34545454545454546,7.3558168476251735,8.955816847625176,True,1.5473043697788822,13.165590350406935,4,True,0.8182303481156321,8.35411,0.2873
65,67,0.12090909090909092,8.369673778590922,0.10818181818181817,0.13545454545454547,6.969673778590928,9.869673778590917,True,7.849166888492503,19.46745286912056,4,True,0.09726230712781099,8.02624,0.113136
67,69,0.013636363636363636,15.27524071347038,0.010454545454545454,0.017727272727272727,12.57524071347039,17.97524071347037,False,9.49839936278297,21.116685343411017,4,True,0.0497801473454467,18.5645,0.015695
70,72,0.14636363636363636,8.130561260209566,0.13363636363636364,0.1590909090909091,7.03056126020957,9.43056126020956,False,40.827899208016035,52.44618518864407,4,False,2.917636002682706e-08,9.76368,0.166985
71,73,0.11181818181818183,6.603153823851647,0.10181818181818182,0.12454545454545456,5.403153823851646,8.003153823851651,True,8.767661192363331,20.385947172991386,4,True,0.06717658909993443,6.17901,0.104763
72,74,0.2727272727272727,5.118096031542279,0.24545454545454545,0.3,4.518096031542279,5.81809603154228,False,3.788749784669868,15.407035765297922,4,True,0.43534967019090254,5.97366,0.284688
73,75,0.15,7.514830483057627,0.14636363636363636,0.15363636363636365,7.514830483057627,7.514830483057627,False,15950.233171974995,15961.851457955625,4,False,0.0,14.3928,0.014379
74,76,0.06272727272727273,10.164125093338274,0.052727272727272734,0.07418181818181817,8.464125093338282,12.164125093338267,True,9.891188061644444,21.50947404227249,4,True,0.04230104094554436,11.8002,0.06481
77,79,0.029090909090909087,4.603397126202946,0.025454545454545452,0.034545454545454546,3.1033971262029447,6.203397126202948,True,8.502009514299289,20.12029549492734,4,True,0.07482634003049315,5.12136,0.028294
79,81,0.19454545454545452,8.39171927704626,0.16818181818181818,0.2272727272727273,7.391719277046257,9.39171927704626,False,3.665788212843049,15.2840741934711,4,True,0.45312136980351597,7.37689,0.174625
80,82,0.5636363636363636,13.288521250017713,0.4636363636363636,0.6818181818181818,11.788521250017716,14.688521250017708,False,42.64565490243093,54.26394088305898,4,False,1.2256399308758071e-08,16.6568,0.674569
82,84,0.2818181818181818,5.703272781796173,0.2636363636363636,0.3,5.203272781796171,6.203272781796173,False,4.583292502205103,16.201578482833153,4,True,0.3327850705393937,5.43837,0.250973
83,85,0.018636363636363642,13.928279216750502,0.014545454545454544,0.022727272727272728,11.52827921675051,15.728279216750494,False,24.473954333100327,36.09224031372838,4,False,6.417075678759336e-05,16.3505,0.01978
84,86,0.11545454545454545,13.143623795199694,0.1,0.13181818181818186,11.2436237951997,14.943623795199688,False,2.8995781940727587,14.517864174700813,4,True,0.5747689419521427,12.1325,0.092697
85,87,0.11545454545454545,8.656514727644398,0.11363636363636365,0.1190909090909091,8.656514727644398,8.656514727644398,False,10579.832850289142,10591.45113626977,4,False,0.0,12.7011,0.049048
87,89,0.01,5.587432591597982,0.01,0.011818181818181818,5.387432591597982,7.187432591597982,False,21.573989301000882,33.192275281628945,4,False,0.00024359638184216005,8.67125,0.013106
88,90,0.1,9.421682792865765,0.08181818181818183,0.12090909090909092,7.521682792865772,11.821682792865758,True,10.024806268013279,21.643092248641327,4,True,0.04001189038273623,10.6929,0.10164
89,91,0.15545454545454546,8.448338076913286,0.14454545454545453,0.16818181818181818,7.34833807691329,9.74833807691328,False,15.67574031869517,27.29402629932322,4,True,0.003486613896666252,9.59651,0.173357
90,92,0.12454545454545456,7.455968489349006,0.11363636363636365,0.1390909090909091,6.155968489349011,8.955968489349,True,4.784668340435597,16.40295432106365,4,True,0.31011380375700204,7.4095,0.123088
92,94,0.013636363636363636,9.371688363967518,0.013181818181818182,0.014090909090909091,9.371688363967518,9.471688363967518,False,1592.4499031232815,1604.0681891039096,4,False,0.0,15.6105,0.017277
93,95,0.509090909090909,7.98852697706688,0.4272727272727273,0.6636363636363636,6.88852697706688,9.588526977066882,True,9.19909343377565,20.817379414403703,4,True,0.056311242993896275,9.48228,0.579234
94,96,0.16454545454545455,3.108771719069216,0.15545454545454546,0.17272727272727273,2.308771719069216,3.708771719069216,False,30.136907134211192,41.75519311483925,4,False,4.590160243644797e-06,4.07236,0.18784
95,97,0.08545454545454545,9.230141981827881,0.07336363636363635,0.10272727272727274,7.530141981827887,11.030141981827876,True,14.215658045850446,25.833944026478502,4,True,0.006637639458011914,9.30849,0.078125
97,99,0.2818181818181818,2.1976909095946158,0.2818181818181818,0.2818181818181818,2.1976909095946158,2.1976909095946158,False,4065.855954349401,4077.4742403300293,4,False,0.0,7.69816,0.38784
111,113,0.08454545454545455,16.649431751334323,0.07200000000000001,0.10181818181818182,14.749431751334324,18.34943175133432,True,43.76574767675413,55.38403365738218,4,False,7.17627726634128e-09,17.3897,0.076348
122,124,0.05545454545454545,3.2557647764393103,0.049090909090909095,0.06636363636363636,2.055764776439309,5.055764776439312,True,10.707542161893057,22.32582814252111,4,True,0.03005511027778828,4.72655,0.060716
123,125,0.01590909090909091,9.151231138474405,0.014545454545454544,0.02,8.251231138474408,11.451231138474395,False,24.609122272738624,36.22740825336668,4,False,6.028337377655897e-05,13.5392,0.022391
126,128,0.02181818181818182,9.190263311142328,0.02,0.028181818181818183,8.69026331114233,11.990263311142318,False,38.217902480823724,49.836188461451776,4,False,1.0103627874197376e-07,13.537,0.028275
128,130,0.056363636363636366,4.243820398794695,0.04818181818181819,0.06636363636363636,2.4438203987946934,6.043820398794698,True,6.5292879307513045,18.147573911379357,4,True,0.1629543357593056,5.16294,0.05856
129,131,0.15363636363636365,7.571640094634037,0.12818181818181815,0.19454545454545452,5.6716400946340455,9.371640094634033,True,0.8588643521177509,12.477150332745802,4,True,0.9303867767416382,7.91275,0.162422
130,132,0.2636363636363636,5.0,0.24545454545454545,0.2909090909090909,4.5,5.800000000000002,False,7.880565020671871,19.498851001299922,4,True,0.09605253549637664,3.3689,0.199559
132,134,0.06181818181818183,3.8686922825244343,0.052727272727272734,0.07127272727272728,2.168692282524433,5.468692282524437,True,10.460725632726277,22.07901161335433,4,True,0.03334230565329119,4.78783,0.063889
134,136,0.1972727272727273,6.14289895088316,0.17,0.2181818181818182,5.3428989508831615,6.742898950883162,True,6.71736098978054,18.33564697040859,4,True,0.15159980044200866,6.18578,0.190286
135,137,0.2909090909090909,6.8598048883637155,0.2545454545454545,0.3363636363636364,6.059804888363716,7.759804888363718,True,3.800889588950224,15.419175569578275,4,True,0.43362260720038615,7.10218,0.271911
136,138,0.029090909090909087,11.909239008264642,0.02181818181818182,0.045454545454545456,9.00923900826465,16.309239008264626,True,3.55106245839315,15.169348439021206,4,True,0.4701567795575524,13.9785,0.030177
137,139,0.1190909090909091,9.377451452604543,0.10363636363636364,0.13545454545454547,7.677451452604552,11.177451452604537,True,5.461413888487315,17.079699869115366,4,True,0.2431421081778493,9.31098,0.112257
138,140,0.01,14.46685782233044,0.01,0.01090909090909091,14.066857822330446,15.466857822330436,False,290.66723183267004,302.2855178132981,4,False,1.116237675093599e-61,18.1738,0.01208
139,141,0.1,18.91452725785376,0.09090909090909093,0.11363636363636365,18.91452725785376,20.514527257853786,False,62.25104420327753,73.86933018390559,4,False,9.754560337261457e-13,23.5543,0.122405
140,142,0.1781818181818182,11.401995608400783,0.15363636363636365,0.2181818181818182,9.601995608400786,12.701995608400777,False,8.832231663276502,20.450517643904554,4,True,0.06543245372192556,12.845,0.193337
141,143,0.1409090909090909,11.840511478168885,0.12636363636363634,0.1572727272727273,10.34051147816889,13.440511478168881,True,14.754812763602285,26.373098744230326,4,True,0.005237725099718724,12.7388,0.148782
143,145,0.03,4.328461296354933,0.026363636363636363,0.03545454545454545,2.8284612963549325,5.628461296354934,False,36.12312573164231,47.741411712270356,4,False,2.729740847837995e-07,5.93254,0.033205
145,147,0.05090909090909091,12.881569467451332,0.04181818181818182,0.06363636363636364,10.78156946745134,15.081569467451324,True,4.48363896202025,16.101924942648303,4,True,0.34449188640230405,13.5438,0.047249
146,148,0.16090909090909092,7.479593721149074,0.15,0.1781818181818182,6.379593721149077,8.57959372114907,True,13.967315599683989,25.585601580312037,4,True,0.007400104757209046,8.12828,0.175352
147,149,0.06454545454545453,10.751235213980877,0.049090909090909095,0.08090909090909093,7.951235213980884,13.451235213980866,True,1.7050257966757578,13.323311777303811,4,True,0.7898044802488493,9.52671,0.050372
148,150,0.7363636363636363,7.808275082006607,0.7272727272727273,0.7454545454545455,7.808275082006607,7.808275082006607,False,108659.47012483748,108671.0884108181,4,False,0.0,11.0417,0.108144
150,152,0.02090909090909091,7.098745939592322,0.019545454545454543,0.02181818181818182,7.098745939592322,7.298745939592322,False,661.5285908430757,673.1468768237038,4,False,7.44254266752359e-142,12.3255,0.026252
153,155,1.4,6.600196919874137,1.4,1.4,6.600196919874137,6.600196919874137,False,629556.9660234461,629568.5843094267,4,False,0.0,11.3703,0.026494
154,156,0.8363636363636364,7.043478366585015,0.8272727272727273,0.8454545454545455,7.043478366585015,7.043478366585015,False,71203.10502015548,71214.7233061361,4,False,0.0,11.5548,0.177529
156,158,0.012272727272727272,14.026065157185268,0.01,0.01590909090909091,11.926065157185278,16.826065157185262,False,6.890875660502803,18.50916164113085,4,True,0.1417685519984483,17.0474,0.013958
157,159,1.4,7.003601180276037,1.4,1.4,7.003601180276037,7.003601180276037,False,568296.203068509,568307.8213544897,4,False,0.0,10.9663,0.045687
158,160,0.06909090909090909,20.445238090959045,0.06727272727272728,0.07127272727272728,20.445238090959045,20.64523809095905,False,958.247009534722,969.86529551535,4,False,3.9871144022967496e-206,27.4087,0.0928
159,161,0.1781818181818182,10.380717687090725,0.16090909090909092,0.2090909090909091,9.180717687090727,11.280717687090721,False,43.145884583475706,54.76417056410376,4,False,9.651134666791097e-09,13.3332,0.240288
160,162,0.3909090909090909,15.014262265153466,0.3181818181818182,0.4818181818181818,13.41426226515347,16.614262265153457,False,21.01593922976425,32.6342252103923,4,False,0.00031437317900901167,18.6386,0.486437
161,163,0.08636363636363636,4.355996003329869,0.07590909090909091,0.10181818181818182,2.855996003329868,5.855996003329871,False,11.495925292942994,23.11421127357105,4,True,0.02152108735536617,3.32899,0.075151
162,164,0.08454545454545455,12.49064796315592,0.08272727272727272,0.10545454545454544,12.49064796315592,14.89064796315591,False,22.138724135030678,33.75701011565873,4,False,0.00018807083455774724,16.4239,0.11131
163,165,0.13727272727272727,23.54713927086413,0.10636363636363637,0.16818181818181818,20.24713927086408,26.647139270864173,True,10.512017631711622,22.130303612339677,4,True,0.03263185229280015,25.7977,0.146333
164,166,0.1390909090909091,12.914769789883133,0.12090909090909092,0.1572727272727273,11.014769789883136,14.614769789883125,True,27.44996756210703,39.06825354273508,4,False,1.6120188087852515e-05,14.5128,0.154139
165,167,0.04181818181818182,11.957064539547325,0.03636363636363636,0.04818181818181819,10.65706453954733,13.657064539547319,True,2.0024694501047358,13.620755430732787,4,True,0.7353046524959637,12.3389,0.03704
167,169,0.1590909090909091,7.769781844421779,0.1481818181818182,0.1809090909090909,6.569781844421785,9.169781844421776,True,2.946770452143315,14.565056432771367,4,True,0.566772394268229,7.49457,0.15941
168,170,0.019545454545454543,16.729762881641186,0.01909090909090909,0.02,16.729762881641186,17.02976288164119,False,898.9768722614102,910.5951582420385,4,False,2.775467565003295e-193,23.0084,0.028044
169,171,0.4181818181818182,22.81781390682801,0.3545454545454545,0.4909090909090909,21.517813906828,24.117813906828037,False,108.84880740202463,120.4670933826527,4,False,1.2808044302131131e-22,27.1491,0.512431
170,172,0.1190909090909091,4.619164417674007,0.1190909090909091,0.12090909090909092,4.619164417674007,4.719164417674007,False,37218.62968496632,37230.24797094695,4,False,0.0,7.50252,0.087348
171,173,0.045454545454545456,16.308787183254687,0.04454545454545455,0.04727272727272727,16.308787183254687,16.308787183254687,False,8529.230497707937,8540.848783688565,4,False,0.0,21.4838,0.044426
172,174,0.08272727272727272,8.197477683195189,0.07127272727272728,0.0981818181818182,6.4974776831951955,9.897477683195183,True,24.808073572808226,36.42635955343628,4,False,5.498331006767865e-05,9.39909,0.082715
173,175,0.16818181818181818,4.007521596892449,0.1590909090909091,0.19454545454545452,3.2075215968924486,4.90752159689245,False,197.9811535505384,209.59943953116647,4,False,1.0206993062916852e-41,8.18233,0.262931
174,176,0.5636363636363636,5.2,0.4636363636363636,0.7272727272727273,4.1000000000000005,6.7,False,7.1267601141318515,18.745046094759907,4,True,0.12933925182530714,3.55322,0.397854
175,177,0.1481818181818182,13.464616413705842,0.13363636363636364,0.16272727272727272,12.164616413705847,14.864616413705836,True,1.989740698136204,13.608026678764254,4,True,0.7376459671639095,12.702,0.135225
176,178,0.04272727272727273,8.814651831357203,0.031818181818181815,0.057272727272727274,6.014651831357213,11.814651831357192,True,7.693261541593927,19.31154752222198,4,True,0.10348309699337127,9.17557,0.039529
177,179,0.10272727272727274,19.190626231762934,0.08454545454545455,0.13181818181818186,17.49062623176291,22.390626231762983,True,11.555796351251919,23.17408233187997,4,True,0.020979046495024658,21.6871,0.109122
178,180,0.1863636363636364,5.700550603996942,0.16636363636363638,0.2090909090909091,4.800550603996942,6.400550603996942,False,12.201159736990302,23.81944571761835,4,True,0.015916429264345992,7.68332,0.226368
180,182,0.16272727272727272,9.024347184065798,0.15363636363636365,0.18363636363636365,7.9243471840658,10.124347184065792,True,13.103515987199257,24.72180196782731,4,True,0.01078091744821786,9.25039,0.170038
181,183,0.1481818181818182,8.022987064420274,0.12272727272727273,0.17,6.022987064420282,9.922987064420267,True,2.866469356224848,14.484755336852901,4,True,0.5804142752775419,8.83741,0.159614
184,186,0.15,1.932128199915968,0.1481818181818182,0.15,1.932128199915968,1.932128199915968,False,35687.507263642336,35699.12554962297,4,False,0.0,6.25179,0.023886
187,189,0.10090909090909092,9.510363769386906,0.08272727272727272,0.1190909090909091,7.510363769386912,11.610363769386899,True,6.475926213328094,18.094212193956142,4,True,0.16631356074843492,9.71431,0.091428
193,195,0.03818181818181818,13.592967905194412,0.029090909090909087,0.04818181818181819,11.292967905194418,16.0929679051944,True,3.7738222608311176,15.39210824145917,4,True,0.4374801205830494,14.4896,0.034887
197,199,0.3727272727272728,7.442629944654707,0.3363636363636364,0.4090909090909091,6.642629944654707,8.242629944654709,True,8.6454681344065,20.26375411503455,4,True,0.07059845818534048,7.81628,0.354089
198,200,0.2818181818181818,10.15470822495024,0.2727272727272727,0.2818181818181818,10.15470822495024,10.15470822495024,False,33355.43114257797,33367.04942855859,4,False,0.0,13.4498,0.070947
199,201,0.3545454545454545,12.016885675070027,0.3,0.4181818181818182,10.816885675070028,13.516885675070018,True,12.545524850607965,24.163810831236013,4,True,0.013723765651321052,12.5327,0.323291
200,202,0.015454545454545453,9.854373907983634,0.015454545454545453,0.01590909090909091,9.854373907983634,9.954373907983634,False,2900.8446818469647,2912.462967827593,4,False,0.0,15.6087,0.022042
201,203,0.16818181818181818,8.26214981187262,0.15545454545454546,0.19181818181818186,6.862149811872626,9.162149811872617,True,5.8886028223345415,17.506888802962592,4,True,0.20762337148132115,7.60708,0.168851
202,204,0.014090909090909091,7.081279225852161,0.013636363636363636,0.014090909090909091,7.081279225852161,7.181279225852162,False,2317.243793019913,2328.8620790005416,4,False,0.0,12.4639,0.019502
203,205,0.04363636363636364,4.077547467177944,0.03636363636363636,0.052727272727272734,2.177547467177944,6.177547467177948,True,5.61212198471175,17.2304079653398,4,True,0.2300482525668912,5.21788,0.045316
204,206,0.10636363636363637,3.955480560524823,0.10545454545454544,0.10818181818181817,3.955480560524823,3.955480560524823,False,630.2577959961081,641.8760819767361,4,False,4.376457431852163e-135,6.80614,0.128256
205,207,0.6363636363636364,4.6000000000000005,0.5545454545454546,0.7818181818181819,3.8,5.800000000000002,False,57.34996968159764,68.96825566222569,4,False,1.0447270047252947e-11,4.827,0.529413
206,208,0.08727272727272728,6.748074309168169,0.07163636363636364,0.1090909090909091,4.648074309168168,9.048074309168172,True,1.4634499731455708,13.081735953773622,4,True,0.8330955206227078,6.34463,0.077882
207,209,0.2909090909090909,13.039370760391396,0.2818181818181818,0.3090909090909091,13.039370760391396,13.039370760391396,False,28234.49600712228,28246.11429310291,4,False,0.0,18.6688,0.024543
208,210,0.15,3.871055964286224,0.14636363636363636,0.16090909090909092,3.871055964286224,4.671055964286225,False,21.2606384612444,32.878924441872456,4,False,0.00028112706124674465,8.80882,0.227345
210,212,0.015454545454545453,8.299731101932085,0.013636363636363636,0.018636363636363642,6.799731101932091,9.99973110193208,False,11.337079661253734,22.955365641881784,4,True,0.023025823992639773,10.822,0.018198
212,214,0.6181818181818182,4.986456691315643,0.5181818181818182,0.7454545454545455,3.9864566913156425,6.086456691315645,False,59.215019242322654,70.83330522295071,4,False,4.2408210148345055e-12,8.1492,0.679251
213,215,0.3818181818181817,1.5,0.3545454545454545,0.4090909090909091,1.0,2.0,False,242.8915442968113,254.50983027743942,4,False,2.2116433797301288e-51,3.30871,0.38463
215,217,0.13,11.717508732866273,0.11363636363636365,0.1481818181818182,9.817508732866278,13.317508732866266,True,7.650535705588147,19.2688216862162,4,True,0.1052515998551174,10.7284,0.115338
216,218,0.04727272727272727,4.491948053362413,0.04,0.05454545454545455,2.591948053362413,5.991948053362412,True,3.8047220350484134,15.423008015676466,4,True,0.4330784161193733,3.57594,0.041088
217,219,0.4363636363636364,20.445263335806093,0.4272727272727273,0.44545454545454544,20.445263335806093,20.445263335806093,False,19629.739775193597,19641.358061174218,4,False,0.0,34.7551,0.877611
218,220,0.025454545454545452,2.1565631509239704,0.024545454545454544,0.030909090909090907,1.75656315092397,4.256563150923972,False,79.01150599412128,90.62979197474934,4,False,2.8208901866974385e-16,5.86068,0.034193
219,221,0.24545454545454545,0.8,0.2181818181818182,0.2636363636363636,0.30000000000000004,1.2000000000000002,False,17.864088577854645,29.482374558482693,4,False,0.0013119011135429533,3.17934,0.315323
221,223,0.2636363636363636,9.962946158732693,0.1972727272727273,0.34545454545454546,8.462946158732697,11.562946158732686,False,3.808266211583186,15.42655219221124,4,True,0.4325755981165279,12.8632,0.320629
222,224,0.6727272727272727,4.442279766211469,0.5727272727272728,0.8454545454545455,3.442279766211468,5.742279766211469,False,612.8627689845694,624.4810549651974,4,False,2.548524622762719e-131,8.18201,0.564628
223,225,0.1,13.612168446084715,0.08454545454545455,0.11545454545454545,11.91216844608472,15.512168446084706,False,2.3703065941933668,13.988592574821418,4,True,0.6679998619175082,13.0197,0.080372
224,226,0.04363636363636364,8.473433250089197,0.04181818181818182,0.05454545454545455,8.273433250089196,10.973433250089188,False,35.46800554294738,47.08629152357543,4,False,3.722639956099872e-07,12.1086,0.053026
225,227,0.04454545454545455,4.562317210198693,0.040909090909090916,0.053636363636363635,3.862317210198693,6.762317210198695,False,10.854672693256488,22.47295867388454,4,True,0.0282467704513988,7.20348,0.05084
230,232,0.039090909090909086,7.966650917689562,0.031818181818181815,0.04727272727272727,6.066650917689568,10.166650917689552,True,9.017549069763117,20.635835050391165,4,True,0.060662331378827414,9.51919,0.040646
232,234,0.0710909090909091,17.357670804067062,0.05181818181818182,0.09727272727272727,13.857670804067075,20.957670804067053,True,1.7295665555475024,13.347852536175553,4,True,0.7853400766280727,17.8396,0.061745
233,235,0.3272727272727273,9.526213385469086,0.2909090909090909,0.3636363636363637,8.52621338546909,10.226213385469084,False,6.5181306774195304,18.13641665804758,4,True,0.16365158274455868,10.449,0.325239
234,236,0.06,9.117560838530448,0.049090909090909095,0.07254545454545454,7.017560838530454,11.31756083853044,True,12.03146798323968,23.64975396386773,4,True,0.01711878891350995,10.4019,0.059896
235,237,0.2545454545454545,1.6744125774100334,0.2272727272727273,0.2636363636363636,1.0744125774100328,2.0744125774100333,False,77.33541606596283,88.9537020465909,4,False,6.386528895489144e-16,5.47197,0.363121
236,238,0.2090909090909091,23.3373001790869,0.17272727272727273,0.2545454545454545,22.137300179086882,24.637300179086925,False,80.22339830773831,91.84168428836635,4,False,1.5619812788558392e-16,26.0018,0.209504
237,239,0.15545454545454546,12.619510410703088,0.13727272727272727,0.1781818181818182,10.819510410703092,14.31951041070308,True,9.696702313229435,21.31498829385749,4,True,0.0458586523266216,12.3432,0.1504
238,240,0.8,7.036808431811807,0.6454545454545454,1.0454545454545454,5.6368084318118035,8.736808431811808,False,97.55415224194306,109.17243822257109,4,False,3.261477449580148e-20,7.60471,0.632756
239,241,0.04727272727272727,12.506595070194695,0.040909090909090916,0.05454545454545455,10.906595070194703,14.106595070194693,True,4.386030071201252,16.004316051829306,4,True,0.3562760550992026,13.0669,0.043291
240,242,0.02181818181818182,12.25899295363691,0.01909090909090909,0.026363636363636363,11.058992953636915,14.158992953636904,False,18.931673290305923,30.549959270933968,4,False,0.0008106125630194744,15.8741,0.026629
241,243,0.04181818181818182,2.4000000000000004,0.03636363636363636,0.04818181818181819,1.1,4.1000000000000005,True,7.662074987591046,19.280360968219103,4,True,0.10477121119509897,2.95512,0.04234
242,244,0.027272727272727268,15.144734709008533,0.022727272727272728,0.03545454545454545,13.144734709008539,17.744734709008526,False,9.10577065270408,20.724056633332133,4,True,0.05850941163343192,18.5904,0.031318
244,246,0.034545454545454546,4.127854900847916,0.029090909090909087,0.040909090909090916,2.5278549008479168,5.627854900847916,True,6.926170853944164,18.544456834572216,4,True,0.1398415755471643,4.27424,0.032383
245,247,0.5,0.0,0.4909090909090909,0.5272727272727272,0.0,0.2,False,110.77423975588553,122.39252573651356,4,False,4.975759500547059e-23,1.14525,0.490844
246,248,0.4181818181818182,7.404572673071687,0.3818181818181817,0.4636363636363636,6.604572673071687,8.10457267307169,True,10.123504055104203,21.741790035732254,4,True,0.03839787514063903,7.51441,0.384787
247,249,0.2272727272727273,5.631347422904371,0.2,0.2545454545454545,4.83134742290437,6.331347422904372,False,10.664086986777493,22.282372967405546,4,True,0.030610246211131942,8.44308,0.307826
248,250,0.19181818181818186,15.210449513262752,0.16090909090909092,0.24545454545454545,13.510449513262758,16.810449513262743,False,6.0753309845766745,17.69361696520473,4,True,0.1935926991645754,17.1685,0.201849
249,251,0.1809090909090909,2.2,0.16636363636363638,0.2,1.6,2.8000000000000003,False,20.30834854774412,31.926634528372173,4,False,0.0004340458120619721,3.63735,0.213754
250,252,0.3272727272727273,4.4,0.3,0.3636363636363637,3.8,5.1000000000000005,False,25.48154362067588,37.09982960130393,4,False,4.0249847110344457e-05,3.77234,0.284252
251,253,0.3363636363636364,20.20317928529927,0.3272727272727273,0.3636363636363637,20.20317928529927,20.803179285299283,False,543.5209101979038,555.1391961785318,4,False,2.580568296152803e-116,27.8617,0.579121
254,256,0.1972727272727273,15.029699132389906,0.1572727272727273,0.2636363636363636,13.129699132389911,16.829699132389898,False,105.90364058284905,117.52192656347708,4,False,5.436541939852268e-22,19.5355,0.281194
255,257,0.029090909090909087,6.523085258845363,0.025454545454545452,0.034545454545454546,5.02308525884536,8.123085258845364,True,2.785732351962269,14.404018332590322,4,True,0.594298065481717,6.41858,0.026355
256,258,0.11181818181818183,10.912801127016637,0.09727272727272727,0.12636363636363634,9.41280112701664,12.51280112701663,False,18.184114479111024,29.80240045973908,4,False,0.0011359243695298381,10.5602,0.09673
257,259,0.2,13.195761353864533,0.16818181818181818,0.2363636363636364,11.995761353864536,14.395761353864527,False,18.63287120410898,30.25115718473703,4,False,0.0009277972876620994,16.0383,0.252598
258,260,0.06181818181818183,30.445263335806235,0.04636363636363637,0.06454545454545453,27.045263335806194,30.445263335806235,False,43.68650034069882,55.304786321326866,4,False,7.453407742725018e-09,42.6108,0.12709
259,261,0.1481818181818182,8.879622665218266,0.13727272727272727,0.1590909090909091,7.879622665218268,9.879622665218262,False,193.34525853726586,204.9635445178939,4,False,1.0124729667606098e-40,10.7586,0.170935
261,263,0.3181818181818182,17.780730056548673,0.2818181818181818,0.3727272727272728,16.780730056548677,18.980730056548673,False,5.626982639087674,17.245268619715727,4,True,0.2287910372348946,19.7064,0.318568
262,264,0.2727272727272727,6.19865060568712,0.24545454545454545,0.3,5.49865060568712,6.89865060568712,True,1.9507272592176503,13.569013239845702,4,True,0.7448211683166188,6.51317,0.264027
263,265,0.1409090909090909,7.700963299313897,0.12818181818181815,0.15363636363636365,6.5009632993139,8.800963299313892,True,25.750488474632746,37.3687744552608,4,False,3.5529828489358645e-05,7.84282,0.145277
265,267,0.11181818181818183,17.295753792719545,0.10727272727272727,0.12454545454545456,16.89575379271954,18.695753792719568,False,654.2177040986522,665.8359900792802,4,False,2.8474002618913937e-140,21.654,0.140023
266,268,0.5818181818181818,16.58969889323334,0.4818181818181818,0.7363636363636363,15.089698893233345,18.389698893233334,True,3.6643245386806087,15.28261051930866,4,True,0.453335959168052,17.6157,0.535745
267,269,0.03,4.566947563675953,0.026363636363636363,0.03636363636363636,2.9669475636759515,6.166947563675954,True,9.993170219599497,21.611456200227547,4,True,0.04054288602343768,5.68679,0.031505
268,270,0.16636363636363638,21.14590148306612,0.1481818181818182,0.2,19.345901483066093,22.645901483066144,True,0.7021111184585513,12.320397099086607,4,True,0.9510683221628436,20.6584,0.149924
269,271,0.2818181818181818,0.1,0.2727272727272727,0.2909090909090909,0.0,0.30000000000000004,False,67.23300036078956,78.85128634141763,4,False,8.706079491444141e-14,3.99631,0.398539
270,272,0.02090909090909091,8.942585333913048,0.01681818181818182,0.027272727272727268,6.942585333913053,11.642585333913035,False,10.778670417815206,22.396956398443262,4,True,0.02916736061384608,11.8599,0.024701
271,273,0.17,16.388680194976143,0.16818181818181818,0.17545454545454547,16.388680194976143,16.388680194976143,False,3930.879863084274,3942.498149064903,4,False,0.0,23.2463,0.282247
272,274,0.05454545454545455,2.2898645006427207,0.04818181818181819,0.06363636363636364,1.1898645006427202,3.8898645006427226,True,24.875323628688804,36.49360960931685,4,False,5.329860144026954e-05,3.78625,0.05971
274,276,0.15363636363636365,12.433763345877695,0.1390909090909091,0.16636363636363638,11.133763345877702,13.733763345877692,True,7.009791601228353,18.6280775818564,4,True,0.13537168797204185,12.1785,0.149638
276,278,0.029090909090909087,3.7,0.025454545454545452,0.03272727272727273,2.2,4.800000000000002,False,1.4149056860373057,13.033191666665358,4,True,0.8416002428040361,2.55597,0.024638
277,279,0.3818181818181817,0.0,0.3727272727272728,0.4,0.0,0.30000000000000004,False,66.35841511079032,77.97670109141836,4,False,1.331113947900921e-13,3.23936,0.451866
279,281,0.14636363636363636,9.360990580229114,0.14272727272727273,0.15363636363636365,9.360990580229114,9.960990580229113,False,339.652672754175,351.27095873480306,4,False,3.005481482269019e-72,15.037,0.22838
282,284,0.16090909090909092,13.30215043601018,0.15,0.1781818181818182,12.302150436010187,14.402150436010174,True,2.189214110539342,13.807500091167395,4,True,0.701004422863195,12.5053,0.151441
283,285,0.7818181818181819,1.976723586306754,0.7727272727272727,0.7818181818181819,1.976723586306754,1.976723586306754,False,52926.634279685066,52938.2525656657,4,False,0.0,6.5213,0.19811
284,286,0.6909090909090909,6.1000000000000005,0.5636363636363636,0.8545454545454546,4.9,7.4,False,40.2072049357853,51.82549091641336,4,False,3.921687457566121e-08,4.03699,0.40714
285,287,0.1781818181818182,19.873549434495878,0.15181818181818182,0.2272727272727273,17.673549434495882,21.573549434495874,True,5.0570382218610845,16.675324202489136,4,True,0.2814949296898339,20.7813,0.175566
286,288,0.4,9.995484943053796,0.3545454545454545,0.44545454545454544,8.995484943053802,10.795484943053797,False,11.399474234562799,23.01776021519085,4,True,0.02242298280851328,11.2833,0.405095
287,289,0.034545454545454546,3.2656262252057,0.028181818181818183,0.04272727272727273,1.2656262252056998,5.465626225205699,True,5.708262715485923,17.326548696113974,4,True,0.22202046762542946,4.46489,0.036446
288,290,0.01,3.9561634331490563,0.01,0.011818181818181818,3.5561634331490564,5.456163433149059,False,91.81383691590834,103.43212289653637,4,False,5.4214509826538125e-19,7.36582,0.013026
289,291,0.3909090909090909,5.555389902410075,0.3636363636363637,0.4272727272727273,5.055389902410074,6.255389902410075,False,88.79660373305849,100.41488971368652,4,False,2.3719312764582382e-18,8.28644,0.460924
291,293,0.014090909090909091,5.492144577152693,0.01090909090909091,0.017272727272727273,2.8921445771526906,7.492144577152696,False,12.514860149167188,24.133146129795236,4,True,0.01390642531698187,7.5943,0.01613
292,294,0.5272727272727272,0.0,0.5181818181818182,0.5909090909090908,0.0,0.6000000000000001,False,97.8235927648326,109.44187874546066,4,False,2.8581165322540103e-20,4.44438,0.706293
293,295,0.2272727272727273,0.8,0.2181818181818182,0.24545454545454545,0.5,1.3,False,74.29444524806937,85.91273122869741,4,False,2.8095005420065954e-15,2.9281,0.282857
294,296,1.0727272727272728,9.483178675672717,0.8272727272727273,1.3727272727272726,7.883178675672723,10.983178675672713,True,15.389679643615654,27.007965624243703,4,True,0.003957629294286453,10.9687,0.925956
296,298,0.13,18.93747561550504,0.11181818181818183,0.15,16.73747561550504,20.837475615505028,False,1.7461901964257158,13.364476177053769,4,True,0.7823110128715197,18.394,0.110836
297,299,0.509090909090909,5.1000000000000005,0.4636363636363636,0.5727272727272728,4.4,5.800000000000002,False,44.56893569847175,56.1872216790998,4,False,4.887028793283913e-09,2.98493,0.318227
298,300,0.4636363636363636,9.039752810880088,0.4090909090909091,0.509090909090909,8.039752810880085,9.939752810880087,True,2.3695681638575343,13.987854144485588,4,True,0.6681336326313255,9.60489,0.443287
300,302,1.0272727272727271,6.077645746662232,1.0181818181818183,1.0454545454545454,6.077645746662232,6.077645746662232,False,77422.98811473617,77434.6064007168,4,False,0.0,8.95079,0.089046
302,304,1.3909090909090909,12.975710183781226,1.1909090909090907,1.4,11.875710183781226,13.175710183781225,False,38.89396737301421,50.51225335364225,4,False,7.32675291490395e-08,12.4186,0.9284
303,305,0.01,5.640324264504503,0.01,0.012272727272727272,5.5403242645045045,7.640324264504505,False,14.114178205665873,25.732464186293925,4,True,0.006939422195648193,7.74925,0.01175
304,306,0.09454545454545454,13.34584801590918,0.08090909090909093,0.1090909090909091,11.745848015909187,14.845848015909176,False,4.901211142430298,16.51949712305835,4,True,0.2975848669297319,11.8727,0.072793
305,307,0.4,5.5,0.3727272727272728,0.44545454545454544,4.9,6.2,False,12.096851734987451,23.715137715615505,4,True,0.016645397007094245,5.11355,0.351264
306,308,0.12272727272727273,0.22315533923420627,0.12090909090909092,0.12818181818181815,0.22315533923420627,0.923155339234206,False,192.0419003710299,203.66018635165798,4,False,1.929730721654138e-40,2.86052,0.153857
307,309,0.2636363636363636,5.800000000000002,0.2363636363636364,0.2909090909090909,5.1000000000000005,6.5,False,2.7765780223447214,14.394864002972774,4,True,0.5958824895678368,3.66366,0.190781
308,310,0.2181818181818182,8.644334465327303,0.2090909090909091,0.2181818181818182,8.644334465327303,8.644334465327303,False,3927.319260161339,3938.9375461419672,4,False,0.0,14.4488,0.287995
309,311,0.1090909090909091,2.5593217791242475,0.10818181818181817,0.11,2.5593217791242475,2.659321779124248,False,1147.1849515636768,1158.803237544305,4,False,4.4803592791231286e-247,5.37594,0.129888
310,312,1.318181818181818,13.006433855372364,1.2636363636363637,1.3545454545454545,12.706433855372362,13.006433855372364,False,60.226075139614245,71.8443611202423,4,False,2.6002575346849394e-12,8.7526,0.620898
311,313,1.4,5.925728868277161,1.3636363636363635,1.4,5.7257288682771605,6.025728868277161,False,193.56612989353627,205.1844158741643,4,False,9.0763784867439e-41,6.10097,1.08928
312,314,0.13,5.258377801299629,0.12090909090909092,0.1409090909090909,4.258377801299631,6.1583778012996255,False,23.423778354976488,35.042064335604536,4,False,0.0001041840547031198,7.94024,0.166565
313,315,0.3545454545454545,5.197229969524235,0.34545454545454546,0.3545454545454545,5.197229969524235,5.197229969524235,False,72489.51326285981,72501.13154884044,4,False,0.0,7.88829,0.06973
314,316,0.16454545454545455,8.03079743663707,0.16272727272727272,0.16636363636363638,8.03079743663707,8.03079743663707,False,3059.555595898494,3071.1738818791223,4,False,0.0,13.5731,0.229595
315,317,0.3272727272727273,0.8,0.3,0.3636363636363637,0.4,1.4,False,42.07581299129281,53.69409897192086,4,False,1.6088799304143923e-08,1.08928,0.27833
316,318,0.10727272727272727,4.4504195562954765,0.09727272727272727,0.11545454545454545,3.3504195562954764,5.450419556295478,False,34.93640749242181,46.55469347304986,4,False,4.787184452947397e-07,5.37589,0.116108
317,319,0.19454545454545452,6.630924877809832,0.17,0.2181818181818182,5.730924877809832,7.330924877809832,False,5.5271569696020855,17.145442950230137,4,True,0.2373526532707091,7.48673,0.198125
319,321,0.15363636363636365,6.023817006376929,0.14454545454545453,0.16636363636363638,5.12381700637693,7.223817006376931,False,11.942813267901741,23.561099248529796,4,True,0.01778162573483649,6.98574,0.172364
320,322,0.1809090909090909,6.552946165184853,0.16454545454545455,0.2090909090909091,5.652946165184852,7.252946165184853,True,31.790876537559217,43.40916251818727,4,False,2.110903278068196e-06,7.19678,0.192636
321,323,0.04727272727272727,19.490787438648653,0.034545454545454546,0.06272727272727273,16.190787438648606,22.590787438648697,True,3.2397991690394123,14.858085149667465,4,True,0.5185267850081794,21.4138,0.045716
322,324,0.2363636363636364,9.470390149431749,0.2181818181818182,0.2727272727272727,8.970390149431752,10.37039014943175,True,3.8455569629296447,15.463842943557696,4,True,0.42731074821442,10.1806,0.227933
323,325,0.1090909090909091,9.33879070752561,0.0918181818181818,0.12272727272727273,7.538790707525615,10.738790707525604,False,4.940685654049894,16.558971634677945,4,True,0.2934378430423599,8.19206,0.088783
324,326,0.17272727272727273,2.9000000000000004,0.16454545454545455,0.19181818181818186,2.3000000000000003,3.5,True,9.801266818275296,21.41955279890335,4,True,0.04391173394797168,2.42722,0.179936
326,328,0.17272727272727273,13.058593261055295,0.1572727272727273,0.2,11.6585932610553,14.058593261055293,False,17.843275375287607,29.46156135591566,4,False,0.0013242358664175054,14.249,0.187421
327,329,0.1572727272727273,12.751412995524491,0.14272727272727273,0.17,11.251412995524497,13.951412995524487,True,10.220349835139412,21.838635815767464,4,True,0.03687507181805312,13.2202,0.16271
328,330,0.2636363636363636,0.4,0.24545454545454545,0.2727272727272727,0.0,0.6000000000000001,False,59.70175875262845,71.32004473325651,4,False,3.3511614742016254e-12,1.62657,0.265953
329,331,0.014545454545454544,5.938424173012273,0.012272727272727272,0.017727272727272727,4.038424173012272,7.838424173012277,False,27.630329300065732,39.24861528069378,4,False,1.4820290219426847e-05,8.51681,0.017592
330,332,0.024545454545454544,3.4874238480002573,0.02090909090909091,0.028181818181818183,2.087423848000257,4.987423848000257,True,7.284917405874276,18.903203386502327,4,True,0.12157613533636172,4.47306,0.025467
331,333,0.16818181818181818,5.186827281645595,0.16636363636363638,0.17,5.186827281645595,5.186827281645595,False,17127.145938039266,17138.7642240199,4,False,0.0,7.98528,0.086248
332,334,1.1090909090909091,8.694919450599372,0.8272727272727273,1.4,6.894919450599378,10.194919450599368,False,50.972311498320934,62.59059747894897,4,False,2.262153764691847e-10,12.3416,1.24447
333,335,0.10545454545454544,8.422899200100622,0.09454545454545454,0.11727272727272728,7.3228992001006254,9.722899200100617,True,8.043461369470661,19.66174735009871,4,True,0.08999906005572901,8.2831,0.096396
334,336,0.11363636363636365,9.903034281654065,0.10090909090909092,0.12636363636363634,8.40303428165407,11.30303428165406,True,13.265177027052612,24.883463007680664,4,True,0.010050212795273602,10.8322,0.118758
335,337,0.1409090909090909,9.550960409627008,0.1390909090909091,0.14272727272727273,9.550960409627008,9.550960409627008,False,932.8173631565512,944.4356491371792,4,False,1.2911599710011284e-200,14.7917,0.191766
336,338,0.16454545454545455,2.5745259048219307,0.1590909090909091,0.17272727272727273,1.9745259048219308,3.1745259048219308,False,29.147299059320183,40.76558503994824,4,False,7.296840028666145e-06,4.01046,0.19403
337,339,0.4909090909090909,3.8,0.4545454545454546,0.5545454545454546,3.3000000000000003,4.6000000000000005,False,37.42683880035696,49.04512478098501,4,False,1.4710491334380622e-07,3.63504,0.40222
339,341,0.1890909090909091,2.6,0.16636363636363638,0.2090909090909091,1.8,3.1,False,57.471107579234975,69.08939355986303,4,False,9.85334265510038e-12,3.82772,0.220449
340,342,0.11363636363636365,8.557641540102521,0.10363636363636364,0.12636363636363634,7.357641540102525,9.957641540102514,True,22.766391709949204,34.384677690577256,4,False,0.0001409852230098301,8.84771,0.110302
341,343,0.6636363636363636,4.036444180959464,0.6454545454545454,0.6727272727272727,4.036444180959464,4.136444180959463,False,1134.1320246274245,1145.7503106080526,4,False,3.025232680400635e-244,9.64171,0.951855
342,344,1.4,1.6,1.2181818181818185,1.4,0.8,1.6,False,93.73958306711675,105.35786904774479,4,False,2.1123686100274206e-19,0.723914,0.921114
343,345,1.0636363636363635,14.329789542426797,1.0363636363636364,1.0909090909090908,14.329789542426797,14.329789542426797,False,148988.10684579515,148999.72513177578,4,False,0.0,21.1365,0.01455
344,346,0.18363636363636365,9.364161564578836,0.16636363636363638,0.2090909090909091,8.464161564578838,10.164161564578832,True,7.637161611345648,19.2554475919737,4,True,0.10581094027872118,9.55788,0.184106
345,347,0.4909090909090909,4.800000000000002,0.44545454545454544,0.5363636363636364,4.1000000000000005,5.4,False,49.16439518423522,60.78268116486327,4,False,5.395417816485979e-10,4.66521,0.392184
346,348,0.1,4.476902070586461,0.08818181818181818,0.11,3.37690207058646,5.676902070586463,True,36.4870962506874,48.10538223131545,4,False,2.2972743795808243e-07,5.36674,0.103231
347,349,0.15181818181818182,6.462116795787328,0.14272727272727273,0.16272727272727272,5.5621167957873245,7.462116795787328,True,4.891600873340925,16.50988685396898,4,True,0.2986018459652889,5.96922,0.153327
348,350,0.02181818181818182,4.286773828356528,0.02090909090909091,0.02181818181818182,4.286773828356528,4.286773828356528,False,5454.356847779043,5465.975133759671,4,False,0.0,8.88136,0.026211
349,351,0.2363636363636364,8.476738904718747,0.2181818181818182,0.2545454545454545,7.976738904718746,9.076738904718749,False,7.696512075404558,19.31479805603261,4,True,0.10334969156085312,6.69938,0.180308
350,352,0.5,0.0,0.4909090909090909,0.5181818181818182,0.0,0.0,False,251.49389259986697,263.11217858049497,4,False,3.102648739050789e-53,1.94461,0.459678
351,353,0.07018181818181819,16.34064650950002,0.0609090909090909,0.07727272727272727,14.740646509500024,17.540646509500014,False,20.14575264158733,31.764038622215384,4,False,0.00046737539590753545,17.5537,0.06645
352,354,0.02,13.387725912068165,0.01590909090909091,0.025454545454545452,11.18772591206817,15.687725912068155,False,17.68978543446461,29.30807141509266,4,False,0.0014188055796989301,16.7506,0.024071
354,356,0.1481818181818182,10.852823967130863,0.13,0.16636363636363638,9.352823967130867,12.452823967130856,True,3.1638354116581437,14.782121392286196,4,True,0.5307918737017019,10.0197,0.137932
355,357,0.027272727272727268,6.227458986579553,0.027272727272727268,0.027272727272727268,6.227458986579553,6.227458986579553,False,2924.6174244118083,2936.2357103924364,4,False,0.0,10.7726,0.035605
357,359,0.14454545454545453,8.092678503954778,0.13545454545454547,0.15545454545454546,7.2926785039547815,9.092678503954772,False,9.509195027801676,21.12748100842973,4,True,0.04955865254538597,6.86274,0.132942
358,360,1.3727272727272726,9.862797323210293,1.0727272727272728,1.4,8.262797323210291,10.06279732321029,False,30.518463730609326,42.136749711237385,4,False,3.837954548069889e-06,6.39137,0.662956
359,361,0.1809090909090909,8.145346633890464,0.16272727272727272,0.2090909090909091,7.045346633890469,9.045346633890462,True,6.342598992173671,17.960884972801722,4,True,0.1749820504693798,9.03267,0.191804
360,362,0.08727272727272728,3.941953800664305,0.08454545454545455,0.1,3.8419538006643053,5.341953800664307,False,40.85432656499333,52.47261254562139,4,False,2.8811136137593312e-08,6.5286,0.107734
361,363,0.015,2.4000000000000004,0.012272727272727272,0.019545454545454543,0.1,4.800000000000002,True,0.25751856738224543,11.875804548010294,4,True,0.9923888791709898,2.78868,0.015144
362,364,0.16090909090909092,16.710120246039533,0.1481818181818182,0.18363636363636365,15.310120246039537,18.010120246039527,False,22.029912989813624,33.64819897044168,4,False,0.00019769121859124472,18.961,0.185186
363,365,0.2545454545454545,0.5,0.2363636363636364,0.2727272727272727,0.1,1.0,False,66.80414638204178,78.42243236266984,4,False,1.0721327057304192e-13,2.61663,0.285649
365,367,0.3727272727272728,0.0,0.3636363636363637,0.3727272727272728,0.0,0.0,False,135.5303152255632,147.14860120619124,4,False,2.55466775409845e-28,2.38762,0.433287
368,370,0.011818181818181818,10.84326973692647,0.01,0.014090909090909091,9.143269736926477,12.843269736926462,False,21.941443663435287,33.55972964406334,4,False,0.00020587157404249086,14.6146,0.014912
371,373,0.028181818181818183,1.5092212305214954,0.028181818181818183,0.028181818181818183,1.5092212305214954,1.5092212305214954,False,2603.2914199666225,2614.9097059472506,4,False,0.0,5.7069,0.033703
373,375,0.030909090909090907,8.426064127034232,0.025454545454545452,0.040909090909090916,6.1260641270342395,11.126064127034226,True,5.975513653468841,17.59379963409689,4,True,0.20098440665986675,9.82369,0.031531
374,376,0.15181818181818182,8.401703167118482,0.1409090909090909,0.16090909090909092,7.301703167118486,9.40170316711848,True,11.108203912478173,22.726489893106226,4,True,0.02537449229889956,8.70859,0.158698
375,377,0.029090909090909087,8.97349815581057,0.024545454545454544,0.03636363636363636,6.973498155810577,11.073498155810563,True,8.549679483102066,20.16796546373012,4,True,0.07339558878981609,10.9066,0.031165
376,378,0.0918181818181818,9.239895071818278,0.07863636363636364,0.10545454545454544,7.539895071818284,10.639895071818273,True,31.64316219523674,43.26144817586479,4,False,2.2627753967851253e-06,10.3718,0.092124
377,379,0.02363636363636364,8.339161609939444,0.019545454545454543,0.028181818181818183,6.339161609939452,10.139161609939435,False,12.989485572171901,24.607771552799953,4,True,0.011327283740101586,10.1988,0.02545
378,380,0.039090909090909086,5.574636859717356,0.03363636363636364,0.045454545454545456,4.274636859717353,7.374636859717357,True,8.54810222690581,20.166388207533863,4,True,0.07344251159492378,7.35559,0.042825
379,381,0.13181818181818186,9.514847009956522,0.1190909090909091,0.14454545454545453,8.214847009956529,10.71484700995652,False,27.66887203579513,39.28715801642318,4,False,1.4556327460454309e-05,10.682,0.147559
380,382,0.18363636363636365,1.6,0.17,0.2,1.2000000000000002,2.1,True,40.143514201926116,51.76180018255417,4,False,4.042475536300514e-08,1.74591,0.192892
383,385,0.040909090909090916,8.517155099699902,0.039090909090909086,0.053636363636363635,8.417155099699903,11.717155099699893,False,11.205219296273734,22.823505276901784,4,True,0.0243519177215682,12.2809,0.050533
384,386,0.017272727272727273,11.372916111839526,0.014545454545454544,0.02181818181818182,9.772916111839534,13.77291611183952,False,39.724495467655004,51.34278144828306,4,False,4.9351062729471904e-08,14.9979,0.020907
386,388,0.09727272727272727,8.697970657608428,0.08454545454545455,0.11,7.397970657608432,10.197970657608423,False,8.836972498691608,20.45525847931966,4,True,0.06530610452986,7.77858,0.079968
387,389,0.034545454545454546,6.417341058798361,0.03272727272727273,0.04181818181818182,6.1173410587983605,8.417341058798353,False,42.06853667088306,53.686822651511115,4,False,1.6144773816317296e-08,10.1562,0.045054
388,390,0.01090909090909091,11.174352569312816,0.01,0.014545454545454544,10.074352569312818,14.474352569312805,False,19.23562391255777,30.853909893185826,4,False,0.0007064352618956835,16.2268,0.015508
389,391,0.028181818181818183,7.576967156489839,0.028181818181818183,0.029090909090909087,7.576967156489839,7.576967156489839,False,39695.33665188849,39706.95493786912,4,False,0.0,13.5995,0.015694
390,392,0.3,0.5,0.2818181818181818,0.3272727272727273,0.1,1.0,False,36.47963442504742,48.09792040567547,4,False,2.3054142613722745e-07,2.75166,0.358062
391,393,0.1890909090909091,4.6000000000000005,0.16818181818181818,0.2090909090909091,3.8,5.2,False,1.2320859194403488,12.8503719000684,4,True,0.8727881548524106,2.90691,0.169904
392,394,0.15181818181818182,6.508693359777242,0.14272727272727273,0.16454545454545455,5.708693359777242,7.708693359777245,True,20.47772873950122,32.09601472012928,4,False,0.000401827942334135,6.96599,0.163993
394,396,0.5363636363636364,3.3343256285519227,0.4727272727272727,0.6090909090909089,2.534325628551922,4.034325628551923,False,49.166202276829736,60.78448825745779,4,False,5.390735398915128e-10,7.12659,0.721981
395,397,0.3636363636363637,7.085236120831874,0.3272727272727273,0.3909090909090909,6.285236120831878,7.785236120831872,False,11.00668682286232,22.624972803490373,4,True,0.0264889663781036,9.86064,0.451638
396,398,0.1572727272727273,2.3000000000000003,0.15,0.16454545454545455,1.7000000000000002,3.0,False,29.64997641073645,41.268262391364495,4,False,5.7667725579056255e-06,2.91638,0.175856
397,399,0.04727272727272727,11.028544138079717,0.04181818181818182,0.05545454545454545,9.628544138079723,12.828544138079712,True,5.437820815409051,17.056106796037106,4,True,0.2452493861543837,11.7218,0.044551
398,400,0.01590909090909091,10.369643600351164,0.012727272727272728,0.02,7.869643600351171,12.769643600351154,False,24.14666323225585,35.7649492128839,4,False,7.464573153048998e-05,13.4445,0.018617
399,401,0.1481818181818182,16.577408362291482,0.13181818181818186,0.16272727272727272,15.077408362291484,18.077408362291475,True,14.60713704140332,26.225423022031368,4,True,0.0055894009840544686,17.9808,0.15907
400,402,0.1590909090909091,14.03236458251619,0.1409090909090909,0.19181818181818186,12.332364582516195,15.832364582516187,True,1.7163627415151086,13.33464872214316,4,True,0.7877432091029781,13.9504,0.155204
401,403,0.014545454545454544,9.840411856103898,0.011818181818181818,0.017272727272727273,7.640411856103906,11.340411856103893,False,36.60406146414445,48.2223474447725,4,False,2.1733618938804234e-07,12.5571,0.017154
402,404,0.01909090909090909,8.950890356899011,0.01636363636363636,0.022727272727272728,7.450890356899017,10.550890356899007,False,14.928398574530572,26.546684555158624,4,True,0.004852050561769716,10.6672,0.019849
403,405,0.05,5.039848553985788,0.040909090909090916,0.058181818181818175,2.639848553985785,6.539848553985789,True,5.801163344825397,17.41944932545345,4,True,0.21449775998566087,5.22552,0.047539
405,407,0.04363636363636364,4.185583708348954,0.03818181818181818,0.049090909090909095,2.6855837083489544,5.485583708348954,True,14.918120457734606,26.536406438362654,4,True,0.004874088601846446,4.12726,0.041103
406,408,0.4727272727272727,1.8232757278079368,0.4272727272727273,0.5272727272727272,1.3232757278079372,2.523275727807937,False,54.78664300766872,66.40492898829677,4,False,3.60120487979269e-11,6.01907,0.633023
408,410,0.028181818181818183,3.5,0.024545454545454544,0.030909090909090907,2.0,4.6000000000000005,True,5.882811560700551,17.50109754132861,4,True,0.20807257879425906,3.4944,0.026632
409,411,0.2727272727272727,6.074224277251972,0.24545454545454545,0.2909090909090909,5.37422427725197,6.574224277251972,False,3.672673795657064,15.290959776285113,4,True,0.4521128315839445,6.60901,0.270032
410,412,0.039090909090909086,9.027640471940273,0.031818181818181815,0.04636363636363637,7.227640471940278,11.027640471940265,True,8.39535178425828,20.013637764886333,4,True,0.07812350475285079,10.8719,0.041609
412,414,0.15181818181818182,8.020300761954468,0.1390909090909091,0.16272727272727272,6.920300761954472,9.120300761954462,False,34.86298136693661,46.48126734756467,4,False,4.956330356483286e-07,9.97166,0.177217
413,415,0.029090909090909087,11.268855621585097,0.02363636363636364,0.03818181818181818,8.868855621585107,13.76885562158509,True,7.6115551347252035,19.229841115353253,4,True,0.10688960421880464,13.298,0.030846
414,416,0.2818181818181818,1.0,0.2636363636363636,0.3,0.6000000000000001,1.4,False,44.45867728867113,56.076963269299185,4,False,5.1517850645411475e-09,0.284263,0.24143
417,419,0.011363636363636364,5.049537122909914,0.01,0.013181818181818182,3.9495371229099128,6.549537122909915,False,15.206554799005175,26.82484077963323,4,True,0.004291434687861571,7.46436,0.01374
418,420,0.16090909090909092,3.2,0.15,0.16818181818181818,2.3000000000000003,3.9,False,11.538009278760295,23.15629525938834,4,True,0.021138683231943258,3.06611,0.171222
420,422,0.04818181818181819,12.447810953031436,0.04181818181818182,0.05909090909090909,10.84781095303144,14.547810953031428,True,7.394192468982962,19.01247844961101,4,True,0.11646648390676552,13.5978,0.046545
421,423,0.10727272727272727,3.882580392223998,0.09727272727272727,0.11363636363636365,2.682580392223997,4.7825803922239984,True,18.07933590646219,29.697621887090243,4,False,0.0011908071649709587,3.98427,0.10699
422,424,0.2636363636363636,5.103812869968032,0.24545454545454545,0.2818181818181818,4.603812869968032,5.703812869968034,False,10.08165518652951,21.699941167157558,4,True,0.03907444633941578,6.11069,0.282061
423,425,0.14636363636363636,8.692348572901164,0.13181818181818186,0.1572727272727273,7.292348572901169,9.79234857290116,False,24.405478887420358,36.0237648680484,4,False,6.62341013158718e-05,11.0611,0.175172
425,427,0.08272727272727272,9.407398183026157,0.07727272727272727,0.09454545454545454,8.707398183026157,10.70739818302615,False,48.315920560351344,59.934206540979396,4,False,8.109733511708862e-10,11.8647,0.095051
427,429,0.02181818181818182,8.55091842823557,0.017727272727272727,0.027272727272727268,6.6509184282355776,10.850918428235564,False,14.260237912182697,25.878523892810755,4,True,0.006509169519340898,11.3974,0.025878
428,430,0.11,7.4229530026402175,0.10818181818181817,0.12272727272727273,7.4229530026402175,8.92295300264021,False,25.729679170231307,37.34796515085936,4,False,3.587451239024084e-05,10.9855,0.144802
429,431,0.024545454545454544,5.456987935122238,0.02,0.028181818181818183,3.4569879351222377,6.856987935122241,True,10.60724880388008,22.225534784508135,4,True,0.03135129728461152,5.89933,0.023617
432,434,0.4272727272727273,5.943614071762817,0.4,0.4727272727272727,5.443614071762817,6.6436140717628165,False,10.580787101847964,22.199073082476016,4,True,0.03170217734630245,5.43642,0.376892
437,439,0.15181818181818182,14.680638369776421,0.13,0.17272727272727273,12.680638369776425,16.480638369776415,True,14.617524436075175,26.235810416703227,4,True,0.00556392451794385,15.9771,0.16288
438,440,0.034545454545454546,7.8502297559616325,0.029090909090909087,0.040909090909090916,6.250229755961639,9.450229755961626,True,16.24355015866511,27.86183613929316,4,False,0.0027091762467321076,9.24686,0.035831
447,449,0.3181818181818182,4.7,0.2909090909090909,0.3545454545454545,4.1000000000000005,5.4,False,13.300448691731882,24.91873467235993,4,True,0.00989733873920314,4.01829,0.273084
455,457,0.03636363636363636,14.236907906886161,0.03,0.04363636363636364,12.636907906886165,16.13690790688615,False,24.063399506592113,35.681685487220165,4,False,7.757115440620807e-05,16.3642,0.037282
464,466,0.3636363636363637,7.651153296816629,0.3272727272727273,0.4,6.751153296816633,8.351153296816626,False,6.219106900777992,17.837392881406046,4,True,0.1833718762692317,10.0674,0.437363
475,477,0.05545454545454545,5.298157191069807,0.04727272727272727,0.06545454545454546,3.5981571910698062,6.898157191069808,True,17.99858904368595,29.616875024313998,4,False,0.0012348818528916251,6.54651,0.058404
481,483,0.13181818181818186,9.809275361175525,0.08727272727272728,0.15,5.0092753611755185,11.009275361175526,False,104.6673659216288,116.28565190225684,4,False,9.971760689358912e-22,3.14751,0.072883
482,484,0.015,3.1,0.012272727272727272,0.01909090909090909,0.9,5.300000000000002,True,19.84602616904205,31.46431214967011,4,False,0.0005355902068438676,4.35695,0.01612
483,485,0.11545454545454545,6.7311460700640575,0.10181818181818182,0.13,5.131146070064061,8.231146070064051,True,6.229681755663245,17.847967736291295,4,True,0.1826395549975702,6.95201,0.117115
484,486,0.026363636363636363,3.599107857520811,0.02181818181818182,0.03363636363636364,1.599107857520809,6.0991078575208135,True,6.350546413095247,17.968832393723297,4,True,0.17445413445425598,5.57325,0.029293
486,488,0.08272727272727272,30.445263335806235,0.075,0.08636363636363636,29.245263335806218,30.445263335806235,False,58.995963055759624,70.61424903638765,4,False,4.714769790902629e-12,46.3125,0.212182
487,489,0.12454545454545456,7.528266196644339,0.11727272727272728,0.1390909090909091,6.928266196644343,8.928266196644335,False,24.81751970480052,36.435805685428576,4,False,5.4743515277803194e-05,10.559,0.159868
489,491,0.01818181818181818,9.71353642108624,0.015454545454545453,0.022727272727272728,8.513536421086245,11.913536421086233,False,24.175498361431284,35.79378434205935,4,False,7.365838552627405e-05,13.6115,0.023737
491,493,0.06,6.962077740159064,0.05181818181818182,0.07363636363636364,5.6620777401590665,9.362077740159057,True,14.414910538275974,26.03319651890403,4,True,0.006082056812040729,8.64396,0.06414
492,494,0.01,13.974906806493369,0.01,0.013636363636363636,13.474906806493372,17.07490680649336,False,29.46019649402575,41.078482474653796,4,False,6.30276404094654e-06,18.798,0.014044
493,495,0.09454545454545454,3.9547718250414814,0.08818181818181818,0.10545454545454544,3.554771825041481,5.054771825041484,False,23.42871850157989,35.047004482207946,4,False,0.00010394722429143636,6.3779,0.115898
494,496,0.02363636363636364,10.562007006766164,0.01818181818181818,0.03,8.162007006766173,13.262007006766154,True,13.530081288647,25.14836726927505,4,True,0.008956202647976304,13.0414,0.02599
495,497,0.03,4.227694462053582,0.027272727272727268,0.04,3.227694462053581,6.7276944620535835,False,9.806119764571683,21.424405745199735,4,True,0.043823326200858666,7.20515,0.038747
496,498,0.3636363636363637,20.445263335806093,0.34545454545454546,0.3727272727272728,20.445263335806093,20.445263335806093,False,57823.581626475614,57835.19991245624,4,False,0.0,33.0097,0.128586
498,500,0.019545454545454543,17.056492827840398,0.01909090909090909,0.024545454545454544,17.056492827840398,19.35649282784043,False,70.52915657612958,82.14744255675762,4,False,1.7549747581234605e-14,23.3239,0.029028
500,502,0.024545454545454544,9.784605515806797,0.019545454545454543,0.03363636363636364,7.684605515806802,13.084605515806784,True,10.992991558843816,22.61127753947187,4,True,0.02664289258327818,12.6597,0.027738
501,503,0.06727272727272728,4.382596840833916,0.058181818181818175,0.07818181818181819,2.882596840833915,6.082596840833918,True,14.720728014579306,26.339013995207356,4,True,0.0053169149545251,4.67005,0.064485
504,506,0.08090909090909093,4.384894622478793,0.0710909090909091,0.09272727272727273,2.884894622478792,5.884894622478795,True,12.029515567457914,23.647801548085965,4,True,0.017133124240836968,5.36452,0.084551
505,507,0.04,9.949516130678509,0.030909090909090907,0.049090909090909095,7.449516130678517,12.2495161306785,True,7.314452850288067,18.932738830916122,4,True,0.12017499077822362,11.692,0.041881
506,508,0.07309090909090908,7.9780725272761925,0.07127272727272728,0.08545454545454545,7.9780725272761925,9.778072527276187,False,30.8375775504884,42.45586353111645,4,False,3.304047125798134e-06,10.9507,0.084959
508,510,0.026363636363636363,7.25198813755741,0.025454545454545452,0.028181818181818183,7.0519881375574105,8.151988137557408,False,232.561433453284,244.17971943391208,4,False,3.7081132133676676e-49,11.4617,0.034713
509,511,0.039090909090909086,23.645244326656808,0.026363636363636363,0.07227272727272728,20.445244326656766,30.44524432665691,False,11.029950668210759,22.64823664883881,4,True,0.026229464272188373,30.5859,0.055729
510,512,0.10363636363636364,5.4042506325088295,0.08818181818181818,0.11727272727272728,4.00425063250883,6.904250632508832,True,10.75348723067518,22.371773211303235,4,True,0.029478737052545955,4.99102,0.091685
511,513,0.14272727272727273,8.962774396699437,0.12818181818181815,0.1590909090909091,7.462774396699443,10.562774396699432,True,6.310493405044695,17.928779385672744,4,True,0.17712937147214386,10.0715,0.156885
512,514,0.2090909090909091,1.3,0.19181818181818186,0.2272727272727273,0.9,1.8,False,16.7945950606365,28.41288104126455,4,False,0.0021188635843237733,2.58566,0.239428
514,516,0.10636363636363637,1.1581147682060076,0.10454545454545457,0.10818181818181817,1.1581147682060076,1.1581147682060076,False,9677.904039749708,9689.522325730335,4,False,0.0,3.52765,0.064672
515,517,0.19454545454545452,0.8,0.1781818181818182,0.2181818181818182,0.4,1.3,False,78.54220955476227,90.16049553539033,4,False,3.546250752241424e-16,2.59389,0.230669
516,518,0.16454545454545455,2.0,0.15545454545454546,0.17272727272727273,1.3,2.6,False,32.69867073829467,44.31695671892273,4,False,1.376755146386277e-06,3.80183,0.197648
517,519,0.13363636363636364,8.846870368993052,0.1190909090909091,0.15181818181818182,7.246870368993058,10.546870368993046,True,13.051723734181053,24.670009714809108,4,True,0.011025808475998943,10.1964,0.151293
518,520,0.025454545454545452,17.066051469414166,0.024545454545454544,0.03363636363636364,17.066051469414166,19.966051469414207,False,27.69511044987223,39.31339643050028,4,False,1.4379312668436373e-05,23.1612,0.038086
519,521,0.15545454545454546,6.909472590142864,0.1409090909090909,0.16636363636363638,5.709472590142868,8.00947259014286,False,14.112603194793403,25.730889175421453,4,True,0.00694421038245918,8.71453,0.182241
520,522,0.018636363636363642,9.432954385212305,0.014545454545454544,0.02363636363636364,6.8329543852123145,11.732954385212295,False,20.59356158398329,32.211847564611354,4,False,0.0003811707987812439,11.7695,0.020433
522,524,0.013181818181818182,9.334013921009774,0.011363636363636364,0.01590909090909091,7.734013921009778,11.534013921009764,False,22.971744417587328,34.590030398215376,4,False,0.000128282662629556,13.4195,0.017577
523,525,0.019545454545454543,11.915156689772186,0.015,0.027272727272727268,9.415156689772193,15.215156689772172,True,5.9715043065590825,17.589790287187135,4,True,0.20128647985905268,14.935,0.02257
524,526,0.018636363636363642,9.931568668977151,0.015454545454545453,0.022727272727272728,8.431568668977157,11.831568668977143,False,21.125167156251198,32.743453136879246,4,False,0.00029907707348595487,13.5383,0.023779
525,527,0.09363636363636364,1.5732329485461198,0.09090909090909093,0.09636363636363636,1.5732329485461198,1.7732329485461202,False,166.91574422650862,178.53403020713668,4,False,4.801166920032348e-35,4.00063,0.112246
527,529,0.040909090909090916,3.97668625217411,0.034545454545454546,0.04727272727272727,2.376686252174109,5.676686252174112,False,10.87555493290456,22.49384091353261,4,True,0.027998786758299157,5.91485,0.0463
528,530,0.01636363636363636,9.866630122583391,0.01590909090909091,0.01681818181818182,9.866630122583391,9.866630122583391,False,26763.903029899204,26775.521315879832,4,False,0.0,16.7451,0.012321
529,531,0.075,3.8424423870387554,0.06909090909090909,0.08545454545454545,2.9424423870387546,5.342442387038757,False,16.071504103195178,27.689790083823233,4,False,0.002924701386981917,5.43351,0.083041
531,533,0.3181818181818182,6.633726547423568,0.2909090909090909,0.3545454545454545,6.0337265474235675,7.4337265474235705,False,15.261491954876387,26.879777935504446,4,True,0.0041884898149183135,8.49886,0.364109
532,534,0.05454545454545455,2.8000000000000003,0.04727272727272727,0.06545454545454546,1.3,4.7,False,5.956217105633388,17.574503086261434,4,True,0.2024419531847132,0.410124,0.042099
535,537,0.10363636363636364,10.716655357742887,0.10181818181818182,0.10545454545454544,10.716655357742887,10.716655357742887,False,2573.9190584377043,2585.5373444183324,4,False,0.0,14.4482,0.12612
536,538,0.01,14.750128295897381,0.01,0.011818181818181818,14.350128295897383,16.250128295897373,False,67.72513571191901,79.34342169254704,4,False,6.855403307162233e-14,19.474,0.014072
537,539,0.3636363636363637,5.5609183942522264,0.3363636363636364,0.4,4.960918394252226,6.460918394252229,False,25.017442294142562,36.63572827477061,4,False,4.990518467468158e-05,8.63694,0.472881
538,540,0.017272727272727273,11.341440516027626,0.014090909090909091,0.02181818181818182,9.241440516027637,13.64144051602762,False,18.5391139139106,30.15739989453865,4,False,0.0009679084288262967,14.4004,0.019997
539,541,0.1409090909090909,2.5,0.13363636363636364,0.15,1.9,3.3000000000000003,True,25.693429012121264,37.311714992749316,4,False,3.6482913825429465e-05,2.55447,0.149966
540,542,0.19454545454545452,5.562825831592352,0.17272727272727273,0.2181818181818182,4.962825831592352,6.262825831592353,True,7.1326959427624415,18.75098192339049,4,True,0.12903982298639186,5.53068,0.190281
541,543,0.04636363636363637,9.773814539000043,0.037272727272727284,0.058181818181818175,7.373814539000052,12.273814539000034,True,3.229704089381583,14.847990070009635,4,True,0.5201466290345069,10.7648,0.045489
542,544,0.8454545454545455,9.585580111185003,0.7181818181818181,1.0181818181818183,8.485580111185003,10.885580111185005,False,22.417257004598188,34.03554298522624,4,False,0.00016550890693457302,8.67659,0.617506
543,545,0.010454545454545454,9.559159537017672,0.01,0.013636363636363636,8.859159537017675,12.259159537017664,False,16.467837816195765,28.086123796823816,4,False,0.002451548616028852,14.353,0.015198
544,546,0.14636363636363636,0.7856973892573431,0.1390909090909091,0.15545454545454546,0.3856973892573432,1.3856973892573432,False,49.089804288777316,60.70809026940535,4,False,5.592277105456896e-10,4.63496,0.197094
545,547,0.2545454545454545,6.248016720506183,0.2363636363636364,0.2818181818181818,5.648016720506182,7.048016720506183,False,16.687471145704507,28.30575712633256,4,False,0.002222707022783998,8.15,0.292493
546,548,0.15363636363636365,3.4135807178064437,0.14454545454545453,0.16272727272727272,2.513580717806442,4.213580717806444,False,18.893289364925547,30.511575345553595,4,False,0.0008248047728290933,5.71428,0.189167
547,549,0.05090909090909091,4.694574885613667,0.04363636363636364,0.0609090909090909,2.994574885613665,6.494574885613668,True,20.71892237940696,32.33720836003501,4,False,0.0003599986746606156,6.11483,0.054052
549,551,0.015454545454545453,11.385095232088178,0.014090909090909091,0.02,10.285095232088182,13.985095232088169,False,23.246999205061954,34.86528518569001,4,False,0.00011302071044219033,15.4453,0.019802
550,552,0.02,6.058946209909013,0.01590909090909091,0.025454545454545452,3.6589462099090095,8.358946209909014,False,13.66348774365844,25.281773724286488,4,True,0.008450254920889673,8.51597,0.023658
552,554,0.012727272727272728,12.19630257850287,0.012727272727272728,0.013181818181818182,12.19630257850287,12.596302578502867,False,400.0801145293445,411.6984005099726,4,False,2.672942212348847e-85,18.3197,0.019008
553,555,0.09636363636363636,9.419452143259246,0.08181818181818183,0.11363636363636365,7.819452143259253,11.419452143259239,True,12.520910880566495,24.13919686119455,4,True,0.013870196456939802,11.2974,0.106722
554,556,0.026363636363636363,10.117211228467221,0.019545454545454543,0.034545454545454546,7.117211228467232,12.817211228467212,True,7.8212807844926475,19.4395667651207,4,True,0.0983486920837,12.0604,0.027524
555,557,0.018636363636363642,12.16719338629582,0.015454545454545453,0.022727272727272728,10.467193386295824,14.067193386295813,False,20.10063420940035,31.718920190028406,4,False,0.00047706491800473085,14.1034,0.019116
556,558,0.014090909090909091,4.275108110523224,0.011818181818181818,0.017727272727272727,2.1751081105232224,6.675108110523226,False,9.922377144116798,21.54066312474485,4,True,0.04175572605708915,6.81141,0.017207
557,559,0.2272727272727273,3.0,0.1972727272727273,0.24545454545454545,2.3000000000000003,3.5,False,5.5391131509056315,17.157399131533683,4,True,0.2363127356455352,3.67681,0.243092
558,560,0.022727272727272728,10.88174311364857,0.01909090909090909,0.029090909090909087,9.281743113648577,13.68174311364856,False,13.72524663924931,25.343532619877358,4,True,0.008225608418682952,14.5394,0.027907
559,561,0.1,7.180827372365793,0.08545454545454545,0.11181818181818183,5.880827372365798,8.580827372365787,False,27.93690841074091,39.555194391368964,4,False,1.2845599305645215e-05,8.81936,0.109691
560,562,0.03272727272727273,10.755434954978524,0.027272727272727268,0.04,9.055434954978526,12.455434954978516,True,8.321124590167893,19.939410570795946,4,True,0.08049849828213057,11.7409,0.030987
561,563,0.5,0.0,0.4909090909090909,0.509090909090909,0.0,0.1,False,151.98769173062058,163.60597771124867,4,False,7.633928630133202e-32,1.0937,0.440786
562,564,0.04818181818181819,10.033171595649335,0.04636363636363637,0.0609090909090909,9.63317159564934,12.433171595649329,False,15.717154295122265,27.33544027575032,4,True,0.0034231606477867164,13.2718,0.058365
564,566,0.16818181818181818,2.0,0.16272727272727272,0.1863636363636364,1.4,2.6,False,17.03831407021871,28.656600050846762,4,False,0.0019000962485545747,3.71339,0.205088
565,567,0.06545454545454546,6.64210810140141,0.056363636363636366,0.07727272727272727,4.942108101401409,8.642108101401412,True,3.5490249778001424,15.167310958428194,4,True,0.47046324745566,6.67193,0.060122
566,568,0.24545454545454545,7.802546786346314,0.2181818181818182,0.2727272727272727,6.9025467863463135,8.502546786346315,False,8.613624426178403,20.231910406806453,4,True,0.07151694283490125,8.70683,0.248844
567,569,0.04,10.287606267008986,0.031818181818181815,0.05,8.187606267008993,12.887606267008975,True,9.237881262066583,20.85616724269464,4,True,0.05542095627121405,11.6506,0.039732
568,570,0.02363636363636364,3.1668847866935645,0.01909090909090909,0.029090909090909087,1.066884786693565,5.366884786693563,True,7.779869066074718,19.39815504670277,4,True,0.09998294899654167,4.85044,0.02652
570,572,0.2727272727272727,3.9,0.2545454545454545,0.3,3.4000000000000004,4.6000000000000005,False,6.351928428637987,17.97021440926604,4,True,0.17436247914979502,3.29498,0.243295
572,574,0.06636363636363636,6.626834049272522,0.058181818181818175,0.07681818181818181,5.3268340492725255,8.426834049272513,True,12.165516483941193,23.783802464569245,4,True,0.016161961910052727,7.94537,0.068796
573,575,0.15545454545454546,1.7000000000000002,0.1481818181818182,0.16090909090909092,1.0,2.2,True,15.783606712287808,27.401892692915855,4,True,0.0033237105819776147,1.1075,0.160195
574,576,0.2363636363636364,11.479869647834866,0.19454545454545452,0.2636363636363636,10.27986964783487,12.379869647834864,False,11.92084220521675,23.539128185844802,4,True,0.017949713470096627,13.3992,0.259446
575,577,0.06636363636363636,2.708598652876061,0.06,0.07445454545454545,1.508598652876061,4.1085986528760605,True,9.024266911375594,20.64255289200365,4,True,0.06049577746034905,2.87642,0.064509
577,579,0.02,10.570260427352892,0.017272727272727273,0.024545454545454544,9.070260427352897,12.470260427352883,False,16.50236118359038,28.120647164218436,4,False,0.002414098347004576,12.7773,0.021735
578,580,0.1481818181818182,5.615051309660264,0.13363636363636364,0.16090909090909092,4.415051309660268,6.715051309660262,False,14.813170996191676,26.431456976819725,4,True,0.0051048198774875046,8.4546,0.187543
580,582,0.07036363636363636,8.598731220178964,0.0609090909090909,0.08181818181818183,6.9987312201789695,10.298731220178958,True,24.722468146032814,36.34075412666087,4,False,5.72045831127768e-05,10.0508,0.07229
582,584,0.026363636363636363,12.12318356247584,0.02181818181818182,0.031818181818181815,10.123183562475848,14.123183562475836,True,4.342235593071576,15.960521573699626,4,True,0.3616661777218633,13.2682,0.025101
584,586,0.14272727272727273,7.705267035494063,0.12818181818181815,0.15545454545454546,6.305267035494059,8.905267035494063,True,3.751050449724993,15.369336430353046,4,True,0.4407445247353519,6.58846,0.132778
585,587,0.13545454545454547,9.065738172348391,0.12272727272727273,0.1481818181818182,7.765738172348397,10.365738172348387,True,6.539435179603438,18.15772116023149,4,True,0.16232254527813533,9.43643,0.141082
586,588,0.10454545454545457,6.74779293317067,0.09,0.11727272727272728,5.347792933170675,8.347792933170664,True,7.166762651899031,18.785048632527086,4,True,0.12733366944285165,7.25393,0.100715
588,590,0.44545454545454544,6.0,0.4,0.4909090909090909,5.300000000000002,6.7,False,36.34314541029831,47.961431390926364,4,False,2.459483920240633e-07,3.85424,0.303633
589,591,0.029090909090909087,9.480013634008207,0.024545454545454544,0.037272727272727284,7.580013634008213,11.780013634008201,True,8.034589568465895,19.65287554909395,4,True,0.09031932041286686,11.2219,0.030123
590,592,0.029090909090909087,13.433978625773024,0.025454545454545452,0.03363636363636364,11.833978625773033,14.83397862577302,False,33.77827312233486,45.396559102962904,4,False,8.274286734963179e-07,16.7549,0.035163
592,594,0.2363636363636364,0.6000000000000001,0.2181818181818182,0.2545454545454545,0.2,1.0,False,100.62071047198519,112.23899645261324,4,False,7.255968018003075e-21,1.12957,0.229231
593,595,0.2545454545454545,7.410305816733332,0.2272727272727273,0.2909090909090909,6.610305816733332,8.310305816733331,True,1.2969972377736492,12.915283218401699,4,True,0.8618847886088032,7.33494,0.229351
594,596,0.025454545454545452,4.510102483046079,0.02090909090909091,0.03,2.510102483046078,6.4101024830460815,False,14.92276950305104,26.541055483679088,4,True,0.004864108104719216,6.52586,0.028387
595,597,0.05,8.278912590968831,0.049090909090909095,0.06,8.178912590968832,10.178912590968826,False,54.60048595805233,66.21877193868038,4,False,3.939537908605692e-11,11.6335,0.060288
596,598,0.031818181818181815,14.429188272272635,0.030909090909090907,0.03363636363636364,14.429188272272635,14.429188272272635,False,28260.39586274227,28272.014148722894,4,False,0.0,21.683,0.015404
597,599,0.2090909090909091,8.025234982756297,0.18363636363636365,0.24545454545454545,7.3252349827562995,9.025234982756293,False,14.959972654612534,26.578258635240587,4,True,0.004784960591990886,10.0801,0.24662
598,600,0.1590909090909091,4.6645650577979225,0.1481818181818182,0.16636363636363638,3.7645650577979217,5.464565057797923,False,27.76643545747325,39.384721438101295,4,False,1.3908874372264655e-05,7.05139,0.19339
599,601,0.027272727272727268,4.3874637569690895,0.022727272727272728,0.03272727272727273,2.387463756969088,6.187463756969091,True,9.159871179641119,20.77815716026917,4,True,0.057225346590364226,5.12363,0.027237
600,602,0.024545454545454544,19.495326866956304,0.01909090909090909,0.03,17.395326866956275,21.795326866956334,False,14.396128067431965,26.01441404806001,4,True,0.0061324189353993645,23.5905,0.028775
601,603,0.015454545454545453,3.0,0.013181818181818182,0.018636363636363642,1.3,4.6000000000000005,True,2.0379944205339435,13.656280401161995,4,True,0.7287706156381566,3.36684,0.015503
602,604,0.030909090909090907,6.507419921620595,0.03,0.031818181818181815,6.507419921620595,6.507419921620595,False,9331.594419294759,9343.212705275391,4,False,0.0,11.6299,0.022519
604,606,0.10727272727272727,1.9582505565478048,0.0981818181818182,0.11727272727272728,1.0582505565478044,2.9582505565478048,True,14.858404799827829,26.47669078045588,4,True,0.005004087268112807,2.33994,0.112798
606,608,0.990909090909091,0.0,0.9818181818181818,1.0818181818181818,0.0,0.5,False,82.03003566226256,93.6483216428906,4,False,6.46857522372962e-17,0.873258,0.825078
607,609,0.04272727272727273,14.270535867549928,0.034545454545454546,0.05181818181818182,12.170535867549935,16.47053586754992,False,21.993034551498027,33.61132053212608,4,False,0.00020106126504958546,16.7691,0.045331
611,613,0.3090909090909091,6.555987611197459,0.2818181818181818,0.34545454545454546,5.755987611197457,7.35598761119746,False,4.378926688895354,15.997212669523408,4,True,0.3571459802983761,7.94809,0.336714
612,614,0.06181818181818183,13.327796899902106,0.0609090909090909,0.07281818181818181,13.327796899902106,15.227796899902096,False,31.62210229569073,43.24038827631878,4,False,2.2852967547185718e-06,17.0366,0.073524
613,615,0.2090909090909091,9.4264697973188,0.18363636363636365,0.2363636363636364,8.526469797318804,10.126469797318798,True,10.126454271092108,21.744740251720163,4,True,0.03835060611035946,10.0311,0.198869
614,616,0.4545454545454546,3.8807991418750505,0.4272727272727273,0.4818181818181818,3.3807991418750505,4.38079914187505,False,68.7489025984612,80.36718857908927,4,False,4.169223667240991e-14,5.31291,0.478541
615,617,0.06636363636363636,15.23402852290542,0.06,0.07772727272727273,14.434028522905425,17.234028522905415,False,16.064061220348748,27.682347200976807,4,False,0.0029343967183149892,18.2707,0.074163
616,618,0.029090909090909087,4.10789706719714,0.024545454545454544,0.03545454545454545,2.107897067197137,6.007897067197142,True,6.500507956713459,18.11879393734151,4,True,0.1647583807172951,5.69178,0.032282
618,620,0.045454545454545456,8.097464291490542,0.03818181818181818,0.052727272727272734,6.39746429149054,9.797464291490543,True,1.4348455382494882,13.053131518877539,4,True,0.8381166463609595,7.77906,0.039982
619,621,0.029090909090909087,12.897264342086531,0.024545454545454544,0.039090909090909086,10.897264342086538,15.597264342086525,False,9.807284153224462,21.425570133852514,4,True,0.04380213953192948,15.7508,0.033452
622,624,0.2090909090909091,3.4000000000000004,0.1863636363636364,0.2272727272727273,2.8000000000000003,3.9,False,13.768862991281026,25.38714897190908,4,True,0.008070487599292834,4.30884,0.223279
623,625,0.24545454545454545,5.268484962398745,0.2181818181818182,0.2727272727272727,4.5684849623987445,5.968484962398746,False,22.802951812076298,34.421237792704346,4,False,0.0001386357710907831,7.39678,0.300303
624,626,0.03545454545454545,4.3883856493122435,0.029090909090909087,0.04272727272727273,2.5883856493122424,6.288385649312246,True,8.479628473361432,20.09791445398948,4,True,0.07550713000820525,5.69812,0.03757
625,627,0.07909090909090909,7.245221766651228,0.06909090909090909,0.09363636363636364,5.545221766651234,9.04522176665122,True,5.8530839627084426,17.471369943336494,4,True,0.21039199492470487,7.37222,0.074331
626,628,0.015,9.53909887250943,0.012727272727272728,0.01818181818181818,7.7390988725094365,11.239098872509425,False,38.94985261439166,50.56813859501971,4,False,7.134594860518444e-08,12.6072,0.018387
627,629,0.4181818181818182,5.968518856752371,0.3727272727272728,0.4818181818181818,5.06851885675237,6.768518856752371,True,4.9354891505200165,16.553775131148072,4,True,0.2939809907813964,5.62926,0.374195
629,631,0.04363636363636364,2.130488154559888,0.037272727272727284,0.049090909090909095,0.5304881545598883,3.4304881545598875,True,10.907817083512182,22.526103064140234,4,True,0.02761979318192841,3.33619,0.047277
630,632,0.15545454545454546,13.373524825910538,0.14272727272727273,0.16636363636363638,12.173524825910542,14.473524825910534,False,49.73749298295111,61.35577896357916,4,False,4.096528793384395e-10,14.8895,0.171642
631,633,0.025454545454545452,10.346529897094696,0.02181818181818182,0.029090909090909087,8.946529897094699,11.846529897094689,False,131.8558315379251,143.47411751855316,4,False,1.5612673543050489e-27,13.6924,0.029824
633,635,0.07545454545454545,6.1042636037190885,0.06727272727272728,0.08636363636363636,4.804263603719088,7.60426360371909,False,8.920415813762485,20.538701794390537,4,True,0.06311978304295253,5.19584,0.065563
634,636,0.08,15.833300265223224,0.06636363636363636,0.11,13.933300265223231,19.333300265223208,True,5.64617864285478,17.26446462348283,4,True,0.22717593837972155,17.8818,0.081806
635,637,0.01681818181818182,11.260967484752884,0.013636363636363636,0.02,9.160967484752891,12.960967484752882,False,24.193494473950764,35.811780454578816,4,False,7.304876397860844e-05,14.1235,0.019321
637,639,0.12272727272727273,8.513032111595782,0.11,0.1390909090909091,7.213032111595787,10.013032111595775,True,26.934065959893985,38.552351940522044,4,False,2.049846594369539e-05,9.80635,0.138574
638,640,0.2727272727272727,8.078734772078736,0.24545454545454545,0.3,7.278734772078736,8.878734772078738,True,3.0429082612967453,14.661194241924797,4,True,0.5506706612141927,8.86601,0.27151
639,641,0.07072727272727274,19.155505155639027,0.05909090909090909,0.08363636363636362,16.955505155639038,21.15550515563902,True,8.597411837935335,20.215697818563388,4,True,0.07198890317198332,19.6334,0.060288
640,642,0.2,7.584880766016539,0.1781818181818182,0.2363636363636364,6.8848807660165425,8.484880766016536,False,35.10553296801158,46.72381894863963,4,False,4.419153144608591e-07,9.48841,0.236238
641,643,0.03545454545454545,6.162064545298054,0.029090909090909087,0.04181818181818182,4.462064545298054,7.762064545298057,False,3.361307980078577,14.979593960706627,4,True,0.4992775131945438,5.28278,0.028749
642,644,0.16272727272727272,10.310004640310575,0.15181818181818182,0.18363636363636365,9.210004640310578,11.610004640310569,False,14.790791914136175,26.409077894764234,4,True,0.00515539004042318,11.646,0.1822
643,645,0.052727272727272734,7.520073327842324,0.045454545454545456,0.06363636363636364,5.92007332784233,9.520073327842317,True,3.527581014754044,15.145866995382097,4,True,0.4736970021656126,7.55486,0.048102
644,646,0.1390909090909091,2.436654322987816,0.13181818181818186,0.1481818181818182,1.8366543229878165,3.3366543229878163,False,28.256415301430945,39.87470128205899,4,False,1.1065851941066487e-05,3.09937,0.154103
645,647,0.12818181818181815,5.024935522680263,0.12636363636363634,0.13,5.024935522680263,5.024935522680263,False,656.1720342867648,667.7903202673928,4,False,1.0748864656583114e-140,8.65782,0.163774
647,649,0.14272727272727273,4.014179397444371,0.13363636363636364,0.15181818181818182,3.2141793974443704,4.814179397444372,False,164.49411916220384,176.1124051428319,4,False,1.5882716121330919e-34,6.85665,0.178373
648,650,0.12090909090909092,9.076404511558165,0.1090909090909091,0.13363636363636364,7.7764045115581695,10.37640451155816,True,10.713322973256552,22.331608953884608,4,True,0.029981997205950062,9.04201,0.118463
650,652,0.3181818181818182,8.304357871355425,0.2818181818181818,0.3636363636363637,7.404357871355424,9.204357871355427,False,6.956305226586518,18.57459120721457,4,True,0.13821538979070788,7.4,0.253976
651,653,0.2909090909090909,8.7310980632863,0.2727272727272727,0.34545454545454546,8.131098063286304,9.931098063286298,True,3.1339298223303533,14.752215802958407,4,True,0.5356680183395077,9.84136,0.300778
652,654,0.05454545454545455,5.197031768893494,0.04727272727272727,0.06545454545454546,3.797031768893492,7.097031768893495,True,17.751516525121886,29.36980250574993,4,False,0.0013799953234273359,6.74631,0.058662
653,655,0.10454545454545457,7.4897152994237555,0.09,0.11727272727272728,6.089715299423753,8.889715299423756,False,7.631740973110333,19.250026953738388,4,True,0.10603843341101947,6.08865,0.084054
655,657,0.16636363636363638,6.581484609009683,0.1572727272727273,0.1863636363636364,5.681484609009683,7.481484609009683,True,10.106444432417037,21.724730413045087,4,True,0.03867230809315565,6.21086,0.170539
658,660,0.34545454545454546,5.300000000000002,0.3181818181818182,0.3818181818181817,4.7,6.1000000000000005,False,22.71236612353713,34.330652104165175,4,False,0.00014452956471950113,3.64554,0.25906
659,661,0.029090909090909087,1.6884453600569842,0.029090909090909087,0.029090909090909087,1.6884453600569842,1.6884453600569842,False,941.2334023539772,952.8516883346052,4,False,1.9379954965535756e-202,5.4477,0.039626
660,662,0.04818181818181819,11.099863684139777,0.04454545454545455,0.057272727272727274,10.199863684139778,12.999863684139767,False,23.337074623410626,34.955360604038674,4,False,0.00010842891412585185,14.0233,0.056121
662,664,0.2636363636363636,10.148976999553252,0.2363636363636364,0.2909090909090909,9.448976999553254,10.84897699955325,False,26.46486121234209,38.083147192970145,4,False,2.549808006839437e-05,12.0407,0.290251
663,665,0.05454545454545455,9.980486313493154,0.04636363636363637,0.06454545454545453,8.18048631349316,11.78048631349315,True,7.671512116105862,19.28979809673391,4,True,0.10437985629776307,10.8146,0.052433
664,666,0.15,15.39556648219978,0.13363636363636364,0.16636363636363638,13.895566482199786,17.095566482199768,False,20.736895018519142,32.355180999147194,4,False,0.0003570603461835102,17.7697,0.173285
665,667,0.16454545454545455,16.130308659288097,0.15181818181818182,0.19181818181818186,14.7303086592881,17.330308659288093,False,24.319302423794216,35.93758840442227,4,False,6.892471127708895e-05,17.4148,0.177725
666,668,0.10727272727272727,11.542914041241314,0.10636363636363637,0.10818181818181817,11.542914041241314,11.542914041241314,False,69472.40412239874,69484.02240837937,4,False,0.0,15.3537,0.059141
667,669,0.05545454545454545,7.6211207086285535,0.053636363636363635,0.06636363636363636,7.521120708628555,9.521120708628548,False,33.92347497038874,45.54176095101679,4,False,7.726082681406069e-07,10.8387,0.064644
668,670,0.030909090909090907,5.795499192223714,0.03,0.034545454545454546,5.795499192223714,6.695499192223711,False,116.41868606667404,128.03697204730207,4,False,3.1073757182213545e-24,9.64378,0.039911
670,672,0.15181818181818182,7.64867764065034,0.13727272727272727,0.16090909090909092,6.248677640650341,8.448677640650343,True,5.216865355771035,16.835151336399086,4,True,0.2657606569729771,6.79293,0.146821
671,673,0.13181818181818186,7.751648374259325,0.1190909090909091,0.14272727272727273,6.251648374259322,8.751648374259325,False,2.4482133270457616,14.066499307673814,4,True,0.6539323795412364,6.16885,0.116125
672,674,0.01,17.794694470800586,0.01,0.010454545454545454,17.194694470800584,18.594694470800587,False,429.0369404271323,440.6552264077605,4,False,1.4767147595618315e-91,22.9161,0.01324
673,675,0.1390909090909091,15.296965238739785,0.12090909090909092,0.15363636363636365,13.596965238739795,16.796965238739787,True,16.639693093525608,28.257979074153663,4,False,0.0022706244819532,15.6681,0.13517
674,676,0.01,14.103923436327328,0.01,0.011363636363636364,13.903923436327329,15.203923436327324,False,48.24566098820097,59.86394696882902,4,False,8.387960886493052e-10,17.3838,0.012355
675,677,0.03,3.592015177169303,0.027272727272727268,0.03636363636363636,2.3920151771693017,5.292015177169304,False,13.488559005225762,25.10684498585381,4,True,0.009119638986492193,5.32467,0.034687
676,678,0.057272727272727274,12.907193120016466,0.052727272727272734,0.06909090909090909,12.207193120016465,15.107193120016456,False,27.907585711836273,39.52587169246432,4,False,1.3022552634518832e-05,15.9633,0.065193
678,680,0.1863636363636364,7.605493830494478,0.16454545454545455,0.2181818181818182,6.605493830494481,8.505493830494474,False,47.39481861373886,59.01310459436692,4,False,1.261819695455933e-09,10.496,0.251855
679,681,0.4818181818181818,12.025035668771167,0.3909090909090909,0.6272727272727272,10.625035668771174,14.025035668771162,True,2.768536712181404,14.386822692809455,4,True,0.5972759481065613,11.583,0.393924
680,682,0.2636363636363636,8.851252264236427,0.2363636363636364,0.2909090909090909,7.851252264236423,9.551252264236425,True,4.031859822975849,15.650145803603902,4,True,0.4017112626642018,8.96206,0.242356
682,684,0.11181818181818183,1.3,0.10363636363636364,0.12090909090909092,0.5,2.2,True,22.802486290582145,34.4207722712102,4,False,0.00013866544118024493,1.1378,0.112328
683,685,0.014545454545454544,5.147901372304586,0.012272727272727272,0.01818181818181818,3.247901372304585,7.347901372304588,True,16.094474723119347,27.712760703747396,4,False,0.0028949775742321327,7.32901,0.016782
684,686,0.6818181818181818,7.4,0.6,0.7727272727272727,6.5,8.3,False,41.23870128860544,52.85698726923349,4,False,2.398680696595026e-08,5.14895,0.432161
686,688,0.03363636363636364,4.831326185049116,0.028181818181818183,0.03818181818181818,3.1313261850491156,5.931326185049117,True,14.792403851991127,26.410689832619177,4,True,0.005151731155640272,5.55726,0.034011
689,691,0.02181818181818182,6.681093001142076,0.015,0.039090909090909086,3.781093001142074,12.381093001142082,True,1.9832857649487352,13.601571745576788,4,True,0.7388332581312286,8.21078,0.023607
690,692,0.05909090909090909,11.448726979736225,0.04818181818181819,0.07072727272727274,9.348726979736234,13.448726979736222,True,9.600263037338449,21.218549017966502,4,True,0.04772733780095108,11.4717,0.051115
692,694,0.015,4.410359489098669,0.013181818181818182,0.017727272727272727,2.910359489098668,5.910359489098671,False,25.484026599461203,37.10231258008925,4,False,4.020354045063653e-05,6.75972,0.018181
693,695,0.031818181818181815,4.077050051032429,0.027272727272727268,0.03818181818181818,2.477050051032429,5.777050051032429,True,6.106074829824863,17.724360810452914,4,True,0.191365352858576,4.0795,0.029403
694,696,0.028181818181818183,10.00480319170507,0.02363636363636364,0.03363636363636364,8.004803191705077,11.804803191705064,False,11.203918499868038,22.82220448049609,4,True,0.024365360940486448,12.2904,0.031047
695,697,0.16636363636363638,8.263277826963677,0.15363636363636365,0.1863636363636364,6.963277826963682,9.163277826963677,True,40.70831906646993,52.32660504709798,4,False,3.088753950538161e-08,8.55421,0.174136
696,698,0.2272727272727273,15.131783218496775,0.1781818181818182,0.2818181818181818,13.53178321849678,16.73178321849677,False,5.009362267353804,16.627648247981856,4,True,0.2863382163997861,17.526,0.257606
697,699,0.07545454545454545,14.966910574056833,0.07336363636363635,0.08090909090909093,14.966910574056833,15.76691057405683,False,103.22454309337341,114.84282907400144,4,False,2.023775442904449e-21,18.7438,0.088913
698,700,0.058181818181818175,4.821079471229323,0.04818181818181819,0.06727272727272728,2.7210794712293214,6.4210794712293255,True,4.482397498930768,16.100683479558818,4,True,0.3446397867811244,4.53716,0.053743
700,702,0.3727272727272728,8.61317685271063,0.3090909090909091,0.44545454545454544,7.413176852710628,9.913176852710633,True,0.716777159796772,12.335063140424824,4,True,0.9492439528100716,8.70285,0.337219
701,703,0.2363636363636364,5.411083134039241,0.2090909090909091,0.2545454545454545,4.7110831340392405,6.011083134039241,False,7.7035321263077305,19.321818106935783,4,True,0.10306212803872096,6.33301,0.248413
702,704,0.16454545454545455,5.207559273117106,0.1572727272727273,0.1809090909090909,4.5075592731171055,6.0075592731171055,True,8.70573772669987,20.32402370732792,4,True,0.06889055383318317,4.55449,0.167211
703,705,0.3727272727272728,0.0,0.3636363636363637,0.4,0.0,0.4,False,98.74548910456434,110.36377508519242,4,False,1.8192194831786023e-20,4.34316,0.494572
705,707,0.019545454545454543,8.109025328338817,0.01590909090909091,0.024545454545454544,6.109025328338825,10.50902532833881,False,20.2145455139092,31.83283149453725,4,False,0.0004529754356638847,11.3324,0.02377
706,708,0.015,10.52618925604933,0.013181818181818182,0.018636363636363642,9.026189256049337,12.426189256049323,False,6.4422632428586475,18.0605492234867,4,True,0.16846481356104,13.5213,0.018259
709,711,0.1390909090909091,5.177832388134743,0.13,0.15181818181818182,4.377832388134742,6.277832388134742,False,6.462198522887903,18.080484503515954,4,True,0.16718781973415722,3.77286,0.128131
710,712,0.3,7.454234122212855,0.2727272727272727,0.3363636363636364,6.654234122212856,8.254234122212857,True,4.964169461567005,16.582455442195055,4,True,0.29099373076887025,7.78242,0.283461
711,713,0.16090909090909092,8.482049484598416,0.15,0.1781818181818182,7.48204948459842,9.482049484598413,True,89.90560215588127,101.5238881365093,4,False,1.3789818019308363e-18,9.04732,0.1731
712,714,0.2272727272727273,7.558096751257912,0.1890909090909091,0.2545454545454545,6.558096751257912,8.358096751257913,True,2.809102936617729,14.427388917245779,4,True,0.5902624078987171,7.80597,0.205939
713,715,0.1390909090909091,6.731892814702871,0.12818181818181815,0.15,5.731892814702871,7.831892814702872,True,5.929876960825625,17.54816294145368,4,True,0.20444666566569555,5.87452,0.131759
714,716,0.1481818181818182,9.442466724723555,0.13545454545454547,0.1590909090909091,8.142466724723556,10.542466724723552,False,23.98630741416717,35.604593394795224,4,False,8.038112875870993e-05,11.1928,0.172347
715,717,0.1390909090909091,6.52759470935687,0.13727272727272727,0.15181818181818182,6.52759470935687,7.727594709356865,False,288.3549595234513,299.9732455040794,4,False,3.5189684870515956e-61,11.3491,0.19465
716,718,0.5545454545454546,6.910175118706177,0.4727272727272727,0.6363636363636364,5.910175118706177,7.910175118706177,False,45.79540414285225,57.4136901234803,4,False,2.716504849464154e-09,5.24428,0.365859
717,719,0.01590909090909091,12.1917135707647,0.013181818181818182,0.02,10.091713570764707,14.491713570764695,False,11.658413448496717,23.27669942912477,4,True,0.02008065825239824,14.8159,0.017874
718,720,1.4,10.194433232517849,1.4,1.4,10.194433232517849,10.194433232517849,False,932295.123544708,932306.7418306886,4,False,0.0,13.9877,0.14113
719,721,0.15,5.66967601102079,0.13727272727272727,0.16272727272727272,4.569676011020794,6.869676011020785,False,20.775683702440585,32.393969683068626,4,False,0.0003507995538693703,8.76664,0.194269
720,722,0.5818181818181818,11.783850944015349,0.4818181818181818,0.7636363636363637,10.383850944015352,13.883850944015341,False,46.07463203357965,57.692918014207706,4,False,2.376329991182321e-09,16.0246,0.762813
722,724,0.08454545454545455,4.705254342821106,0.07545454545454545,0.10090909090909092,3.5052543428211034,6.305254342821107,True,40.726805564268425,52.345091544896476,4,False,3.061660051952046e-08,5.70935,0.086759
723,725,1.4,11.472592882439717,1.4,1.4,11.472592882439717,11.472592882439717,False,16599.952572217724,16611.570858198353,4,False,0.0,18.1661,0.60407
725,727,0.4272727272727273,7.578918390963121,0.4090909090909091,0.44545454545454544,7.578918390963121,7.778918390963121,False,573.8032110272429,585.4214970078708,4,False,7.235356975036661e-123,13.7241,0.578629
726,728,0.3909090909090909,20.261711831014587,0.3818181818181817,0.4,20.261711831014587,20.261711831014587,False,26541.760870494658,26553.379156475294,4,False,0.0,27.1878,0.232769
727,729,0.8,20.427651215145076,0.7818181818181819,0.8272727272727273,20.427651215145076,20.427651215145076,False,15254.704803072542,15266.323089053169,4,False,0.0,29.2513,0.754343
728,730,0.1590909090909091,6.9614259724861824,0.15,0.17,6.061425972486181,7.9614259724861824,False,30.670179696848958,42.28846567747701,4,False,3.574181700356684e-06,7.78201,0.175496
730,732,0.2090909090909091,5.0880148008260795,0.1890909090909091,0.24545454545454545,4.488014800826078,5.988014800826079,True,10.237513470789708,21.85579945141776,4,True,0.03661131961405355,5.89957,0.220227
732,734,0.024545454545454544,8.550585314453214,0.02090909090909091,0.03,6.85058531445322,10.750585314453206,False,24.798754032114676,36.417040012742724,4,False,5.522091389536139e-05,11.5111,0.028879
734,736,0.4181818181818182,19.654067601331832,0.4090909090909091,0.4363636363636364,19.654067601331832,19.654067601331832,False,18676.70349611916,18688.32178209979,4,False,0.0,27.2308,0.353988
735,737,0.014090909090909091,4.0,0.011818181818181818,0.01681818181818182,2.1,5.7,True,6.247694004641249,17.865979985269302,4,True,0.18139822321505664,5.30615,0.015143
738,740,0.017727272727272727,3.9,0.012727272727272728,0.025454545454545452,0.5,7.4,True,11.61055925577714,23.228845236405192,4,True,0.020494865223897055,4.39314,0.017896
739,741,0.029090909090909087,2.9000000000000004,0.025454545454545452,0.03636363636363636,1.4,4.800000000000002,True,8.993144310308201,20.61143029093625,4,True,0.06127106920231346,3.65388,0.02952
741,743,0.16636363636363638,20.81096357250628,0.15363636363636365,0.2,19.510963572506267,22.410963572506304,False,18.510755170120614,30.129041150748673,4,False,0.0009803750311991892,23.3756,0.188545
742,744,0.0609090909090909,21.40118171205332,0.049090909090909095,0.07163636363636364,19.20118171205329,23.20118171205334,False,3.573767597230208,15.19205357785826,4,True,0.4667508175140664,21.0101,0.046602
743,745,0.0609090909090909,19.240881069524225,0.05909090909090909,0.07309090909090908,19.240881069524225,21.340881069524254,False,31.538641880403627,43.156927861031676,4,False,2.3767659052322557e-06,23.5562,0.073328
744,746,0.01636363636363636,11.312994870267403,0.013636363636363636,0.02,9.412994870267413,13.312994870267394,False,18.051561126049567,29.669847106677608,4,False,0.0012057895104225925,14.5894,0.019871
746,748,1.4,20.445263335806093,1.4,1.4,20.445263335806093,20.445263335806093,False,173038.83777848948,173050.45606447017,4,False,0.0,38.0394,0.379224
747,749,0.4181818181818182,15.219970791211159,0.3545454545454545,0.4818181818181818,13.919970791211163,16.419970791211153,False,9.231301685570331,20.84958766619839,4,True,0.05557102482178514,17.0425,0.419114
749,751,0.2090909090909091,19.682901342702127,0.2090909090909091,0.2181818181818182,19.682901342702127,19.682901342702127,False,5848.333746894345,5859.952032874972,4,False,0.0,27.0518,0.300315
750,752,0.13181818181818186,7.193645497889374,0.1190909090909091,0.14636363636363636,5.893645497889379,8.39364549788937,True,24.14454258396075,35.762828564588794,4,False,7.471886154756046e-05,7.40619,0.137217
753,755,0.01,7.863480879911434,0.01,0.01,7.363480879911437,8.363480879911434,False,1815.1947312535635,1826.8130172341919,4,False,0.0,13.234,0.011675
754,756,0.02363636363636364,6.105164791021696,0.02363636363636364,0.02363636363636364,6.105164791021696,6.105164791021696,False,6504.96063430801,6516.578920288638,4,False,0.0,10.9168,0.023788
756,758,0.027272727272727268,7.740439749599965,0.022727272727272728,0.030909090909090907,5.640439749599973,9.040439749599962,False,18.95838587542125,30.576671856049305,4,False,0.0008008785290326443,9.20948,0.028447
757,759,0.3363636363636364,12.607587997694411,0.3,0.3727272727272728,11.807587997694414,13.50758799769441,False,176.44714381775847,188.06542979838656,4,False,4.319854821876783e-37,16.161,0.412897
758,760,0.025454545454545452,5.290736142327988,0.024545454545454544,0.03,5.290736142327988,7.090736142327982,False,270.14007634855886,281.75836232918687,4,False,2.975707619869301e-57,9.52514,0.033949
760,762,0.9,13.018208050551966,0.6545454545454545,0.9363636363636364,10.618208050551964,13.018208050551966,False,546.4593130453012,558.0775990259292,4,False,5.970109538957061e-117,8.89971,0.492572
761,763,0.028181818181818183,3.7147931978670576,0.02363636363636364,0.034545454545454546,1.714793197867056,5.71479319786706,True,7.082039036464084,18.700325017092137,4,True,0.13161583140421915,4.90323,0.02944
762,764,0.09545454545454546,7.257123539862803,0.09363636363636364,0.0981818181818182,7.257123539862803,7.457123539862801,False,588.3880799819998,600.0063659626277,4,False,5.049628261734382e-126,10.8424,0.121177
763,765,0.10727272727272727,3.930885021440379,0.09454545454545454,0.11727272727272728,2.7308850214403777,5.03088502144038,True,18.11175710511996,29.730043085748008,4,False,0.0011735509124819385,4.85581,0.116393
764,766,0.034545454545454546,20.445263335806093,0.03363636363636364,0.037272727272727284,20.445263335806093,21.045263335806105,False,1789.219357303679,1800.8376432843077,4,False,0.0,36.1879,0.107321
765,767,0.9545454545454546,30.045263335806236,0.7818181818181819,1.0272727272727271,28.445263335806214,30.445263335806235,False,4.209309200770102,15.827595181398154,4,True,0.3784194165069806,33.8151,0.9533
767,769,0.24545454545454545,10.009393640560058,0.2090909090909091,0.2636363636363636,9.009393640560061,10.509393640560058,False,5.5964884220855415,17.214774402713598,4,True,0.2313773617202118,9.70966,0.199972
768,770,0.06636363636363636,10.787779044088644,0.056363636363636366,0.07863636363636364,8.98777904408865,12.787779044088635,False,0.4246157004599891,12.042901681088042,4,True,0.9804123867775688,9.65815,0.053105
770,772,0.3181818181818182,4.0,0.2909090909090909,0.34545454545454546,3.4000000000000004,4.6000000000000005,False,29.051666464240032,40.669952444868095,4,False,7.63072318486416e-06,3.31225,0.274373
771,773,0.024545454545454544,8.850232361401472,0.02090909090909091,0.027272727272727268,7.250232361401478,9.950232361401467,True,22.608743540694324,34.227029521322365,4,False,0.00015157694977806961,9.50101,0.023119
773,775,0.13545454545454547,7.207634173932805,0.12272727272727273,0.1481818181818182,5.907634173932803,8.307634173932804,False,3.298943669694664,14.917229650322714,4,True,0.5090996414692337,5.73992,0.121081
775,777,0.15363636363636365,22.022365152623426,0.13545454545454547,0.1863636363636364,20.322365152623398,24.22236515262345,False,179.25920931265128,190.8774952932793,4,False,1.0755419846970558e-37,26.8582,0.192016
776,778,0.6363636363636364,30.445263335806235,0.5818181818181818,0.6545454545454545,29.745263335806232,30.445263335806235,False,18.133927073750453,29.752213054378505,4,False,0.001161893344186666,36.5854,0.846811
778,780,0.04454545454545455,10.342007326158855,0.04363636363636364,0.04454545454545455,10.342007326158855,10.442007326158855,False,4530.48796724838,4542.106253229009,4,False,0.0,14.7396,0.048908
779,781,0.1972727272727273,6.5217273026911675,0.17545454545454547,0.2272727272727273,5.721727302691168,7.321727302691169,False,13.036667225001484,24.65495320562953,4,True,0.011098014137767748,8.28587,0.230489
780,782,0.030909090909090907,8.43202498032775,0.026363636363636363,0.03818181818181818,6.732024980327757,10.232024980327745,False,16.761759420441297,28.380045401069346,4,False,0.002150174739708082,10.9289,0.03694
781,783,0.6636363636363636,10.559902004779982,0.5545454545454546,0.8181818181818182,9.359902004779986,12.059902004779975,False,18.65208701998489,30.270373000612945,4,False,0.0009197815976988892,12.1119,0.66123
782,784,0.7636363636363637,14.320087945598384,0.5818181818181818,1.0272727272727271,12.420087945598393,16.42008794559838,True,10.61269851014326,22.230984490771316,4,True,0.03127950116268518,16.2467,0.751626
783,785,0.05454545454545455,4.417214888058451,0.04818181818181819,0.06272727272727273,3.2172148880584497,5.817214888058452,True,9.234302263437916,20.85258824406597,4,True,0.055502538951458125,4.56887,0.052594
784,786,0.01,4.322256253861527,0.01,0.01,4.322256253861527,4.522256253861526,False,6786.927749688081,6798.546035668708,4,False,0.0,10.8856,0.010555
785,787,0.2272727272727273,10.931632703504498,0.19181818181818186,0.2636363636363636,10.031632703504501,11.831632703504493,True,5.89392527719953,17.51221125782758,4,True,0.20721128459776827,11.4483,0.204244
786,788,0.24545454545454545,6.4536294866995405,0.2272727272727273,0.2727272727272727,5.9536294866995405,7.153629486699543,False,42.98744055909845,54.6057265397265,4,False,1.04101545515331e-08,8.39972,0.289133
787,789,0.5363636363636364,0.0,0.5272727272727272,0.5454545454545454,0.0,0.1,False,212.99042508006735,224.6087110606954,4,False,6.040960102990467e-45,2.12959,0.540695
788,790,0.06636363636363636,4.338434761019956,0.057272727272727274,0.07390909090909091,2.738434761019954,5.538434761019957,True,14.202996642823374,25.821282623451427,4,True,0.006674577991860949,5.14476,0.067674
789,791,0.16636363636363638,9.585853269741227,0.15363636363636365,0.1972727272727273,8.385853269741231,10.785853269741224,False,118.0545804782142,129.67286645884224,4,False,1.390344125610699e-24,12.5173,0.209647
790,792,0.11727272727272728,3.754491675714275,0.11545454545454545,0.1190909090909091,3.754491675714275,3.854491675714276,False,298.54699108897535,310.1652770696034,4,False,2.2296001214628202e-63,7.01301,0.148945
791,793,0.2818181818181818,11.218423363592857,0.24545454545454545,0.3181818181818182,10.21842336359286,12.118423363592852,True,1.8275892512453973,13.445875231873451,4,True,0.7674310509234124,11.4954,0.2492
793,795,0.2636363636363636,22.810372941670032,0.2181818181818182,0.3181818181818182,21.510372941670013,24.21037294167005,False,0.6940092242208242,12.312295204848876,4,True,0.9520656459853974,24.3537,0.230583
795,797,0.15,17.329376496112552,0.13,0.17,15.629376496112556,19.229376496112547,True,11.807396847916884,23.425682828544932,4,True,0.01884248435630553,18.2178,0.1526
798,800,0.011363636363636364,4.003489714643112,0.01,0.014545454545454544,2.5034897146431105,6.703489714643114,True,7.775948447232372,19.394234427860425,4,True,0.1001389782686408,6.54373,0.013859
799,801,0.15363636363636365,4.312155587367977,0.15181818181818182,0.15545454545454546,4.312155587367977,4.312155587367977,False,2365.904855896457,2377.523141877085,4,False,0.0,9.04851,0.193667
800,802,0.1590909090909091,2.9491482088419856,0.15181818181818182,0.16454545454545455,2.2491482088419854,3.649148208841985,False,26.46829130468911,38.086577285317155,4,False,2.545745448425258e-05,4.28371,0.183944
802,804,0.3909090909090909,7.984378855641081,0.3545454545454545,0.4545454545454546,7.18437885564108,9.084378855641082,False,6.395976669531724,18.014262650159775,4,True,0.1714638379350654,9.11644,0.396344
803,805,0.04818181818181819,15.646168268148706,0.04,0.06454545454545453,13.646168268148712,18.746168268148693,True,7.778307745830789,19.39659372645884,4,True,0.10004505779497684,18.1574,0.051258
804,806,0.34545454545454546,7.959872198286153,0.3090909090909091,0.3818181818181817,7.059872198286153,8.759872198286155,True,2.2872020978191863,13.90548807844724,4,True,0.6831000794409077,8.42571,0.332848
805,807,0.10090909090909092,10.91570155552376,0.08636363636363636,0.11181818181818183,9.515701555523764,12.315701555523756,True,33.547750003254144,45.16603598388219,4,False,9.225305740415843e-07,11.8772,0.098661
806,808,0.2727272727272727,9.184181631028157,0.2545454545454545,0.3,8.684181631028158,9.984181631028152,False,11.964113985578829,23.58239996620688,4,True,0.017620127519068742,9.46866,0.248601
807,809,0.09727272727272727,10.711619836617784,0.08181818181818183,0.11181818181818183,9.011619836617793,12.31161983661778,False,1.6642347154016677,13.28252069602972,4,True,0.7972037125875585,8.67404,0.072069
808,810,0.05181818181818182,6.074762715134972,0.05,0.053636363636363635,6.074762715134972,6.074762715134972,False,28238.75467208092,28250.372958061547,4,False,0.0,12.7368,0.01086
811,813,0.11363636363636365,9.571697068621878,0.10090909090909092,0.12818181818181815,8.071697068621884,11.171697068621869,True,11.52238787691775,23.1406738575458,4,True,0.021279854628831595,9.78896,0.109288
812,814,0.8363636363636364,10.77294450724359,0.7090909090909091,1.0,9.672944507243589,12.07294450724359,False,47.2547740685141,58.87306004914216,4,False,1.3495050835422827e-09,8.72334,0.529669
813,815,0.07590909090909091,13.165164037380093,0.06545454545454546,0.08636363636363636,11.465164037380095,14.665164037380086,False,7.234449696046838,18.85273567667489,4,True,0.12400529587029913,12.143,0.060605
816,818,0.5272727272727272,24.067244167182317,0.4272727272727273,0.6727272727272727,22.267244167182287,25.96724416718234,True,9.80515161987212,21.42343760050017,4,True,0.04384094958472026,25.0219,0.427674
817,819,0.04454545454545455,13.905427696881905,0.037272727272727284,0.05454545454545455,12.005427696881911,16.105427696881897,False,10.605444407859835,22.223730388487887,4,True,0.031375103962273734,16.1076,0.046814
818,820,0.16272727272727272,6.3001621142004325,0.16272727272727272,0.16454545454545455,6.3001621142004325,6.3001621142004325,False,2327.1907855568493,2338.809071537477,4,False,0.0,11.6516,0.258586
819,821,0.19454545454545452,1.4,0.17272727272727273,0.2090909090909091,0.8,1.8,False,39.74255763281571,51.360843613443755,4,False,4.892854727970548e-08,3.89706,0.263667
821,823,0.03636363636363636,17.78675301721731,0.03,0.045454545454545456,16.286753017217286,20.086753017217344,False,15.869864899899586,27.48815088052764,4,True,0.0031988501511067712,21.5311,0.042711
823,825,0.027272727272727268,8.234438641641168,0.022727272727272728,0.030909090909090907,6.3344386416411735,9.534438641641163,True,8.254400363987537,19.872686344615587,4,True,0.08269133611233434,9.0278,0.02647
824,826,0.4909090909090909,8.879047081405668,0.44545454545454544,0.5727272727272728,8.079047081405669,9.979047081405664,True,1.015042546059842,12.633328526687894,4,True,0.9075065347454276,9.88286,0.499542
825,827,0.040909090909090916,0.6868463162958438,0.04,0.040909090909090916,0.6868463162958438,0.6868463162958438,False,8404.596348943327,8416.214634923956,4,False,0.0,4.58732,0.037763
826,828,0.03363636363636364,7.760959492179505,0.027272727272727268,0.04,5.6609594921795034,9.360959492179509,True,0.9433831281082814,12.561669108736336,4,True,0.9182559624829114,6.97352,0.027703
828,830,0.06909090909090909,16.674419753410938,0.06454545454545453,0.08090909090909093,15.974419753410928,18.67441975341097,False,27.73570452591249,39.35399050654053,4,False,1.4109659176372193e-05,19.9347,0.077314
829,831,0.06545454545454546,14.057060092030316,0.056363636363636366,0.07727272727272727,12.45706009203032,16.057060092030305,False,1.7409097274735306,13.359195708101582,4,True,0.7832735991617348,13.8206,0.054719
830,832,0.09363636363636364,13.702083132995858,0.07727272727272727,0.10727272727272727,11.702083132995869,15.202083132995856,True,39.90684052391168,51.525126504539735,4,False,4.524750209766875e-08,14.9508,0.089767
831,833,0.08181818181818183,3.616693556015188,0.07390909090909091,0.09454545454545454,2.4166935560151868,5.116693556015188,True,13.92587973299381,25.544165713621858,4,True,0.0075354132460988986,3.35596,0.076239
832,834,0.010454545454545454,10.755670039325356,0.01,0.012272727272727272,10.15567003932536,12.355670039325352,False,104.07389492611908,115.69218090674713,4,False,1.3341952250964104e-21,15.9534,0.015163
833,835,0.045454545454545456,20.70206750240301,0.04181818181818182,0.057272727272727274,19.902067502403,23.40206750240305,False,13.610555915129545,25.228841895757604,4,True,0.008647562484276176,24.9725,0.052962
834,836,0.022727272727272728,8.464748026493865,0.019545454545454543,0.027272727272727268,7.06474802649387,10.264748026493859,True,8.420381837413219,20.038667818041276,4,True,0.07733764687779271,10.0594,0.023741
835,837,0.03,3.9870219724811258,0.026363636363636363,0.03636363636363636,2.2870219724811243,5.687021972481128,False,13.879510727098241,25.497796707726287,4,True,0.00768970467940078,6.20206,0.036103
836,838,0.1481818181818182,24.64524022585896,0.12636363636363634,0.16454545454545455,22.345240225858927,26.445240225858985,False,7.840855577089154,19.459141557717206,4,True,0.09758491929430596,26.7364,0.155917
837,839,0.2272727272727273,2.7,0.2,0.24545454545454545,2.0,3.1,False,15.603326837086716,27.221612817714767,4,True,0.003600355493907714,3.46252,0.249073
838,840,0.10818181818181817,12.046331512468724,0.08272727272727272,0.13,9.046331512468734,14.646331512468715,True,69.95393168875373,81.5722176693818,4,False,2.32124656425412e-14,12.1341,0.102358
839,841,0.15181818181818182,5.804295007449857,0.14272727272727273,0.16090909090909092,4.9042950074498615,6.804295007449854,False,29.837807639416894,41.45609362004495,4,False,5.280992538114206e-06,8.78826,0.192114
840,842,0.026363636363636363,12.024589674899074,0.02090909090909091,0.037272727272727284,9.724589674899084,15.624589674899065,True,14.046622185928841,25.66490816655689,4,True,0.007147733955550075,14.8783,0.028656
841,843,0.01636363636363636,10.977170820566142,0.013636363636363636,0.02,9.177170820566149,12.977170820566132,False,17.437715325012917,29.05600130564097,4,False,0.001588778852099358,13.2932,0.017887
842,844,0.1781818181818182,12.164696939961233,0.1572727272727273,0.2090909090909091,10.564696939961237,13.264696939961226,False,32.277735578105066,43.89602155873313,4,False,1.6786528945011802e-06,14.9492,0.221741
843,845,0.5181818181818182,6.923669613950104,0.4545454545454546,0.5818181818181818,6.023669613950103,7.823669613950102,False,13.607475732793134,25.225761713421182,4,True,0.008659181864028054,5.64008,0.395493
845,847,0.2363636363636364,10.250164312536251,0.2,0.2545454545454545,9.250164312536254,10.75016431253625,True,2.838796442921736,14.457082423549789,4,True,0.5851544900651345,10.3436,0.204342
846,848,0.5363636363636364,13.758078898641331,0.4545454545454546,0.6545454545454545,12.358078898641336,15.258078898641324,False,1.4231952439054236,13.041481224533474,4,True,0.8401537184231578,16.2356,0.604367
847,849,0.06909090909090909,13.521540658209627,0.057272727272727274,0.08,11.421540658209635,15.321540658209619,False,3.9398886539095535,15.558174634537606,4,True,0.41420215822442974,12.8565,0.055915
848,850,0.1090909090909091,3.644522894008804,0.1,0.11727272727272728,2.6445228940088032,4.5445228940088045,False,45.72523855639271,57.34352453702075,4,False,2.8093685600041152e-09,5.28195,0.125495
849,851,0.09636363636363636,8.527936672259369,0.09363636363636364,0.09909090909090908,8.527936672259369,8.527936672259369,False,42115.53617270445,42127.15445868508,4,False,0.0,12.7413,0.042593
850,852,0.014545454545454544,10.72867912873456,0.014545454545454544,0.01590909090909091,10.72867912873456,11.728679128734555,False,172.09128261279068,183.70956859341874,4,False,3.720487228831808e-36,16.0686,0.02089
851,853,0.06181818181818183,14.667552234691259,0.05181818181818182,0.07181818181818181,12.967552234691265,16.367552234691253,False,18.872811588886307,30.49109756951436,4,False,0.0008324765174065392,16.8094,0.064427
852,854,0.06,14.871631821417715,0.04818181818181819,0.07363636363636364,12.371631821417726,17.171631821417705,True,5.544731888431675,17.16301786905973,4,True,0.2358254023790489,16.2387,0.058311
853,855,0.07336363636363635,4.376054171337772,0.06454545454545453,0.08272727272727272,2.8760541713377705,5.876054171337772,True,6.868417546540673,18.48670352716873,4,True,0.14300730322112334,3.69614,0.066264
854,856,0.2636363636363636,8.05113303989874,0.2272727272727273,0.2818181818181818,7.051133039898739,8.55113303989874,False,9.172708689441404,20.790994670069455,4,True,0.05692461417799085,9.05117,0.27321
855,857,0.10454545454545457,9.290393864625553,0.08727272727272728,0.11727272727272728,7.590393864625557,10.790393864625546,True,15.931335614429958,27.549621595058014,4,True,0.003112698598607751,9.9007,0.101554
856,858,0.16090909090909092,10.664972856482203,0.1481818181818182,0.1809090909090909,9.464972856482207,11.864972856482199,True,4.295127820263545,15.913413800891595,4,True,0.3675355911486032,10.228,0.158482
857,859,0.13545454545454547,6.7250110512257875,0.12454545454545456,0.14636363636363636,5.625011051225785,7.7250110512257875,True,9.223448998894401,20.841734979522453,4,True,0.055750637722229233,6.07117,0.132785
858,860,0.02090909090909091,8.184297034623322,0.01681818181818182,0.026363636363636363,6.0842970346233205,10.484297034623324,True,1.7135129678418437,13.331798948469894,4,True,0.7882615371305327,8.58859,0.01911
860,862,0.04363636363636364,6.690054072508961,0.04272727272727273,0.04454545454545455,6.690054072508961,6.99005407250896,False,598.5853650732863,610.2036510539143,4,False,3.136059181963651e-128,10.3369,0.052253
861,863,1.4,6.284626366889638,1.4,1.4,6.284626366889638,6.284626366889638,False,644185.7046419275,644197.3229279082,4,False,0.0,10.4258,0.044029
862,864,0.015,11.784327644877946,0.014545454545454544,0.02,11.584327644877947,14.684327644877934,False,87.67494293908915,99.2932289197172,4,False,4.1045840531907444e-18,17.2039,0.021261
863,865,1.4,4.714622138230767,1.4,1.4,4.714622138230767,4.714622138230767,False,480503.0792764875,480514.6975624681,4,False,0.0,8.56264,0.12157
865,867,0.025454545454545452,14.245002850091955,0.02090909090909091,0.03272727272727273,12.34500285009196,16.845002850091944,False,11.694915534791225,23.313201515419284,4,True,0.019770184434111274,17.3099,0.028133
866,868,0.028181818181818183,3.7,0.025454545454545452,0.03272727272727273,2.5,5.1000000000000005,True,3.6578033199503928,15.276089300578446,4,True,0.4542929023213227,3.88656,0.027193
868,870,0.4,4.1000000000000005,0.3636363636363637,0.4727272727272727,3.5,5.1000000000000005,False,12.175029956749945,23.793315937378,4,True,0.016096069037379958,3.74039,0.355002
869,871,0.06636363636363636,9.567023386393064,0.05454545454545455,0.07772727272727273,7.367023386393073,11.467023386393054,False,0.2556615144881001,11.873947495116152,4,True,0.9924936610136418,8.01397,0.05146
870,872,0.1863636363636364,1.2000000000000002,0.17272727272727273,0.2,0.8,1.6,False,10.55337288085548,22.171658861483525,4,True,0.03206968023821635,1.72425,0.198511
871,873,0.017727272727272727,3.531010520114785,0.01681818181818182,0.018636363636363642,3.531010520114785,3.9310105201147856,False,851.449783307948,863.068069288576,4,False,5.497645379124243e-183,8.14094,0.022236
872,874,0.2181818181818182,1.6,0.1972727272727273,0.24545454545454545,1.2000000000000002,2.2,False,24.60926696806458,36.22755294869263,4,False,6.0279340358873325e-05,3.84881,0.286368
873,875,0.3545454545454545,6.848094709891008,0.3272727272727273,0.3909090909090909,6.148094709891008,7.748094709891008,True,8.069790707316,19.68807668794405,4,True,0.08905486740664369,7.49796,0.350584
874,876,0.014090909090909091,7.935048558249142,0.012272727272727272,0.017727272727272727,6.335048558249147,10.435048558249132,False,22.51475471152774,34.13304069215579,4,False,0.00015826347239924297,11.685,0.018365
876,878,0.07309090909090908,4.280919103939564,0.06545454545454546,0.08363636363636362,2.980919103939564,5.880919103939568,True,10.158176370272468,21.77646235090052,4,True,0.03784586810864563,4.26397,0.069881
878,880,0.014545454545454544,8.857192853947252,0.013181818181818182,0.017272727272727273,7.757192853947256,10.457192853947246,False,11.041220515781417,22.65950649640947,4,True,0.02610463775970397,10.7633,0.0158
880,882,0.0981818181818182,10.063202457399052,0.08545454545454545,0.11181818181818183,8.763202457399057,11.663202457399047,False,1.4531332444342957,13.071419225062348,4,True,0.8349096220181276,8.43176,0.075244
882,884,0.018636363636363642,11.880265244134002,0.01590909090909091,0.02363636363636364,10.680265244134006,14.180265244133992,False,25.95787985471116,37.57616583533921,4,False,3.226950080875576e-05,16.267,0.025114
883,885,0.058181818181818175,13.589669516163909,0.05,0.07090909090909091,12.289669516163913,15.889669516163902,False,18.084325207509185,29.70261118813724,4,False,0.0011881353733459515,16.126,0.062742
884,886,0.15181818181818182,11.084839703787026,0.13363636363636364,0.16636363636363638,9.484839703787033,12.484839703787019,True,14.633965756542732,26.252251737170788,4,True,0.005523832732530029,11.7632,0.160129
885,887,0.09909090909090908,4.766456933613355,0.08545454545454545,0.1090909090909091,3.2664569336133535,5.866456933613358,False,22.60392468954605,34.2222106701741,4,False,0.00015191285029133054,5.89987,0.105086
886,888,0.028181818181818183,11.231647409460523,0.022727272727272728,0.03545454545454545,9.031647409460529,13.431647409460515,True,3.061939522521155,14.680225503149204,4,True,0.547514010799465,11.9273,0.026097
888,890,0.3,0.7000000000000001,0.2818181818181818,0.3363636363636364,0.30000000000000004,1.3,False,72.30892269727838,83.92720867790644,4,False,7.38461587463675e-15,2.35311,0.310601
890,892,0.0609090909090909,10.100703151554674,0.05,0.07254545454545454,8.100703151554681,12.000703151554667,True,16.611562147694872,28.229848128322924,4,False,0.0022993121960384897,11.1569,0.060029
891,893,0.01818181818181818,10.526136661181754,0.014090909090909091,0.02363636363636364,7.926136661181762,12.926136661181744,True,3.1963265953282325,14.814612575956286,4,True,0.5255244691203901,12.0032,0.018515
892,894,0.01,8.97261083241238,0.01,0.010454545454545454,8.672610832412381,9.37261083241238,False,2906.627392782983,2918.2456787636106,4,False,0.0,14.0306,0.013499
893,895,0.01818181818181818,7.5359035081326144,0.015454545454545453,0.02090909090909091,6.1359035081326185,8.93590350813261,False,7.705192126674419,19.323478107302467,4,True,0.10299423833595912,8.98201,0.018821
894,896,0.040909090909090916,11.536956279132689,0.03272727272727273,0.04818181818181819,9.436956279132696,13.436956279132682,True,0.7903311223817807,12.408617103009831,4,True,0.9397395927355668,11.5766,0.03532
895,897,0.04727272727272727,14.129326189770213,0.04,0.058181818181818175,12.32932618977022,16.229326189770205,True,5.2613676132726725,16.879653593900727,4,True,0.26151521866042626,14.9865,0.043706
896,898,0.028181818181818183,4.4932650333616175,0.024545454545454544,0.03363636363636364,2.8932650333616183,6.093265033361617,True,13.707769210347966,25.326055190976014,4,True,0.00828858226776613,5.48375,0.028808
897,899,0.3363636363636364,5.148760524745562,0.3090909090909091,0.3636363636363637,4.5487605247455605,5.848760524745562,False,9.745963434131905,21.364249414759954,4,True,0.0449313615039161,6.12453,0.349815
898,900,0.017727272727272727,4.445930761801321,0.014545454545454544,0.02090909090909091,2.4459307618013195,6.045930761801323,False,12.916478075887849,24.534764056515908,4,True,0.011691190079308349,6.19964,0.019642
900,902,0.13545454545454547,4.77558295701329,0.12454545454545456,0.14636363636363636,3.7755829570132886,5.67558295701329,False,26.958828101667628,38.57711408229568,4,False,2.0263564621841397e-05,5.7953,0.153467
901,903,0.013181818181818182,9.092729222187957,0.011363636363636364,0.015454545454545453,7.392729222187962,10.792729222187953,False,13.275654485407893,24.893940466035946,4,True,0.010004562177348415,12.0449,0.01587
903,905,0.01818181818181818,9.116825041765935,0.014545454545454544,0.02363636363636364,6.916825041765943,11.816825041765926,True,9.319584933720293,20.937870914348345,4,True,0.05358933299758803,11.4437,0.019721
905,907,0.08909090909090908,7.071129966300013,0.07727272727272727,0.10545454545454544,5.471129966300009,8.771129966300013,True,5.411832257298991,17.030118237927038,4,True,0.247588884469364,6.34604,0.077687
906,908,0.014545454545454544,14.244213904926644,0.011363636363636364,0.01909090909090909,11.644213904926653,16.944213904926634,False,21.015005524155857,32.63329150478391,4,False,0.00031450721989559013,17.8041,0.017394
907,909,0.03272727272727273,4.3067889472629055,0.028181818181818183,0.03818181818181818,2.806788947262906,5.706788947262906,True,9.540206215929038,21.158492196557084,4,True,0.04892762282997836,4.69359,0.031327
908,910,0.1590909090909091,11.333643805129721,0.14636363636363636,0.17,10.133643805129728,12.433643805129716,True,30.598058760032767,42.21634474066082,4,False,3.697240522794278e-06,11.9956,0.167927
909,911,0.013181818181818182,3.2,0.010454545454545454,0.01590909090909091,0.9,5.300000000000002,True,3.946719305755468,15.565005286383519,4,True,0.4132646289587408,4.22214,0.013953
910,912,0.039090909090909086,4.697757394013582,0.030909090909090907,0.045454545454545456,2.69775739401358,6.2977573940135825,True,4.61148411612686,16.229770096754912,4,True,0.3295322401757121,4.82584,0.036931
911,913,0.4181818181818182,12.301402933792136,0.3636363636363637,0.4818181818181818,11.20140293379214,13.50140293379213,False,4.6120430720783565,16.23032905270641,4,True,0.3294680079620182,14.3718,0.454139
912,914,0.017727272727272727,10.058093393588855,0.015,0.02,8.558093393588862,11.35809339358885,False,33.242313250187195,44.86059923081525,4,False,1.065510677864393e-06,12.4757,0.019557
913,915,0.049090909090909095,10.920794065416592,0.04363636363636364,0.057272727272727274,9.620794065416597,12.620794065416586,False,10.660962961640085,22.279248942268133,4,True,0.03065053430661352,12.7094,0.051249
916,918,0.2363636363636364,14.493884395852856,0.1972727272727273,0.2545454545454545,13.49388439585286,14.993884395852856,True,2.7994447178147204,14.417730698442769,4,True,0.591928568891807,14.9195,0.199676
917,919,0.011818181818181818,9.609490746703251,0.01,0.015454545454545453,7.8094907467032595,12.609490746703242,False,11.325367352847532,22.943653333475584,4,True,0.02314072287246676,12.726,0.014262
919,921,0.04363636363636364,4.207697223441825,0.03818181818181818,0.049090909090909095,2.8076972234418247,5.607697223441825,True,5.5746418431121425,17.192927823740188,4,True,0.2332458962306928,4.22357,0.04136
920,922,0.1190909090909091,7.913268873301853,0.11181818181818183,0.13181818181818186,7.0132688733018576,9.21326887330185,False,26.154926485465413,37.77321246609347,4,False,2.944789652677389e-05,10.3712,0.14762
921,923,0.1190909090909091,6.5067691503105145,0.10454545454545457,0.13363636363636364,5.006769150310513,8.006769150310515,True,3.091319054067141,14.709605034695194,4,True,0.5426613793099793,5.57992,0.106051
923,925,0.14636363636363636,5.809546816138687,0.13545454545454547,0.1572727272727273,4.909546816138691,6.809546816138682,False,24.349622401005522,35.96790838163357,4,False,6.796590087296767e-05,7.98486,0.175896
924,926,0.01,14.25029960205909,0.01,0.011818181818181818,13.950299602059092,15.850299602059085,False,29.123700178851614,40.74198615947967,4,False,7.3778545175655124e-06,16.5997,0.011351
925,927,0.15,2.4000000000000004,0.1409090909090909,0.15545454545454546,1.7000000000000002,2.9000000000000004,False,26.802959536129237,38.421245516757295,4,False,2.1788052146409612e-05,2.00578,0.156566
926,928,0.015,3.8542425647560368,0.013636363636363636,0.01681818181818182,2.554242564756036,4.954242564756038,False,14.659745300299326,26.278031280927376,4,True,0.005461539975571638,5.92138,0.018038
927,929,0.01,14.953485600629088,0.01,0.011818181818181818,14.453485600629088,16.653485600629082,False,40.59618178133049,52.21446776195855,4,False,3.258305556928957e-08,17.0959,0.011042
928,930,0.2727272727272727,12.219411501847134,0.24545454545454545,0.3181818181818182,11.41941150184714,13.219411501847134,False,10.397890744756355,22.016176725384412,4,True,0.034232965487545064,13.24,0.263814
929,931,0.028181818181818183,9.094153622243967,0.02181818181818182,0.037272727272727284,6.294153622243978,11.794153622243956,True,2.4720195679503854,14.090305548578437,4,True,0.6496530336265116,9.71645,0.026481
931,933,0.022727272727272728,3.766614427042343,0.01818181818181818,0.027272727272727268,1.466614427042341,5.866614427042345,True,7.97198841494969,19.590274395577744,4,True,0.0926097006542036,5.75224,0.025778
932,934,0.2818181818181818,8.639100690348611,0.2545454545454545,0.3,7.8391006903486105,9.239100690348609,False,2.3647988232765904,13.983084803904642,4,True,0.6689978098907208,8.75912,0.25286
934,936,0.2181818181818182,5.201231095358671,0.19181818181818186,0.2363636363636364,4.501231095358671,5.701231095358671,True,3.661941851440989,15.28022783206904,4,True,0.4536854376890215,5.00055,0.198465
935,937,0.0609090909090909,8.592819961737227,0.05,0.07181818181818181,6.4928199617372355,10.49281996173722,True,5.577100232741815,17.195386213369865,4,True,0.23303497590151814,8.42342,0.054115
936,938,0.015454545454545453,9.284831860265664,0.013181818181818182,0.019545454545454543,7.6848318602656684,11.584831860265654,False,21.39281304136583,33.01109902199389,4,False,0.00026464404507707057,12.972,0.019863
937,939,0.1190909090909091,9.929901828482953,0.10454545454545457,0.13545454545454547,8.429901828482956,11.629901828482947,True,24.62688625390831,36.24517223453636,4,False,5.979019696620822e-05,11.472,0.134072
939,941,0.12454545454545456,8.567264356040393,0.11363636363636365,0.1409090909090909,7.367264356040398,10.167264356040388,True,28.789281071614532,40.40756705224258,4,False,8.626936451636306e-06,10.01,0.138906
940,942,0.02090909090909091,9.631095162104398,0.01681818181818182,0.027272727272727268,7.631095162104403,12.331095162104384,True,6.166443628624744,17.784729609252796,4,True,0.18705820064716225,11.8246,0.02264
942,944,0.13363636363636364,8.574797676742168,0.1190909090909091,0.1481818181818182,6.974797676742173,9.974797676742163,True,1.7707298450300444,13.389015825658095,4,True,0.7778329247802291,7.27116,0.119683
945,947,0.3181818181818182,11.33534687838233,0.2727272727272727,0.3636363636363637,10.235346878382334,12.335346878382325,False,5.3020201033120875,16.92030608394014,4,True,0.2576878794844905,12.6193,0.316421
946,948,0.3545454545454545,0.7544542884589978,0.34545454545454546,0.3727272727272728,0.5544542884589978,1.1544542884589977,False,82.54088537889695,94.15917135952499,4,False,5.040937006912509e-17,6.01061,0.513189
947,949,0.1090909090909091,7.909288026777509,0.09363636363636364,0.12454545454545456,6.309288026777517,9.609288026777504,True,12.12531877998949,23.743604760617547,4,True,0.016443291026706726,9.32162,0.121532
950,952,0.015454545454545453,12.54116615189538,0.013181818181818182,0.018636363636363642,10.641166151895387,14.441166151895375,False,43.638520460773755,55.256806441401814,4,False,7.62635897520019e-09,16.4273,0.019422
952,954,0.12454545454545456,6.451914816777648,0.11363636363636365,0.13727272727272727,5.45191481677765,7.751914816777643,False,38.09009028113101,49.708376261759064,4,False,1.0736161268930726e-07,8.76716,0.149394
953,955,0.3545454545454545,0.0,0.3545454545454545,0.3636363636363637,0.0,0.0,False,207.18369311215005,218.80197909277808,4,False,1.071841334108383e-43,2.61601,0.339581
957,959,0.024545454545454544,6.962759835610559,0.02363636363636364,0.028181818181818183,6.762759835610559,8.462759835610553,False,59.77970676335736,71.3979927439854,4,False,3.227137413857577e-12,11.2733,0.033316
961,963,0.018636363636363642,11.648547918424644,0.015,0.024545454545454544,9.74854791842465,14.148547918424635,False,17.52747480548861,29.14576078611666,4,False,0.001526065926318509,15.4366,0.023762
964,966,0.03636363636363636,3.8540841644676815,0.03,0.04272727272727273,2.15408416446768,5.454084164467684,True,8.191784381686308,19.81007036231436,4,True,0.08480019569693235,4.84853,0.03815
971,973,0.12454545454545456,9.567376664075416,0.11181818181818183,0.1390909090909091,8.167376664075421,11.067376664075413,False,35.70391736205241,47.322203342680474,4,False,3.32927241869774e-07,11.9173,0.151616
981,983,0.03545454545454545,10.040937135964741,0.034545454545454546,0.03818181818181818,10.040937135964741,10.640937135964736,False,455.6028548660095,467.2211408466375,4,False,2.6702739914944804e-97,14.3187,0.045414
992,994,0.16636363636363638,11.438386056990394,0.15,0.1972727272727273,10.0383860569904,12.53838605699039,False,32.51743409068073,44.13572007130878,4,False,1.4994687285788118e-06,12.6591,0.184342
1001,1003,0.1409090909090909,2.30911725355045,0.13363636363636364,0.15,1.7091172535504502,3.1091172535504503,False,11.477599624268253,23.095885604896306,4,True,0.021689695944356137,3.3255,0.162528
1012,1014,0.04,1.540056886767748,0.039090909090909086,0.04636363636363637,1.540056886767748,3.1400568867677494,False,47.45807393331523,59.07635991394328,4,False,1.224101382080989e-09,4.68253,0.049725
1021,1023,0.15,8.956185413085983,0.13727272727272727,0.16272727272727272,7.756185413085988,10.256185413085976,True,9.718049472192202,21.336335452820254,4,True,0.04545458544152774,9.2482,0.156466
1030,1032,0.02,12.730537709937787,0.014545454545454544,0.027272727272727268,9.530537709937802,15.630537709937778,True,9.249964790321265,20.86825077094932,4,True,0.05514635781895109,14.3181,0.019775
1031,1033,0.3,5.7,0.2272727272727273,0.4,3.7,8.0,False,302.92805844087593,314.546344421504,4,False,2.5303191105592057e-64,2.76585,0.197802
1032,1034,0.8636363636363636,2.9978306764045173,0.8545454545454546,0.8727272727272728,2.9978306764045173,2.9978306764045173,False,37720.59318203668,37732.211468017296,4,False,0.0,5.81235,0.110385
1033,1035,0.2545454545454545,18.77525106377785,0.19454545454545452,0.3272727272727273,17.07525106377783,20.87525106377789,False,9.44501968500182,21.063305665629876,4,True,0.05088931241401814,23.4578,0.364982
1034,1036,0.012727272727272728,10.971226967668144,0.01090909090909091,0.01636363636363636,9.671226967668149,13.671226967668133,False,17.814812669611804,29.433098650239852,4,False,0.0013412895960047573,15.8405,0.018322
1036,1038,0.2181818181818182,0.8,0.1972727272727273,0.2363636363636364,0.4,1.3,False,45.189610039965274,56.80789602059332,4,False,3.630924788462384e-09,3.29329,0.281266
1037,1039,1.4,11.657343010746276,1.4,1.4,11.657343010746276,11.657343010746276,False,5655.573072374309,5667.191358354937,4,False,0.0,18.2038,1.12232
1038,1040,0.4363636363636364,6.542315536923391,0.4181818181818182,0.44545454545454544,6.542315536923391,6.542315536923391,False,42003.95782051055,42015.57610649118,4,False,0.0,12.7885,0.013853
1039,1041,0.06272727272727273,9.804598982813404,0.05909090909090909,0.075,9.404598982813404,11.904598982813393,False,19.031381116974625,30.649667097602677,4,False,0.0007748647361578747,12.7344,0.072825
1041,1043,1.2454545454545454,12.78357192563958,1.1,1.2818181818181815,11.983571925639579,12.78357192563958,False,56.192358064454005,67.81064404508206,4,False,1.8273445574279944e-11,8.22863,0.547088
1043,1045,0.1781818181818182,2.2,0.16454545454545455,0.2,1.5,2.7,False,28.08575961937325,39.704045600001294,4,False,1.1983557779421413e-05,3.68005,0.221213
1045,1047,0.04636363636363637,14.037786945629088,0.04,0.06909090909090909,12.837786945629091,18.63778694562907,True,4.9541601297859765,16.572446110414027,4,True,0.2920333750501724,16.9745,0.051643
1046,1048,0.02090909090909091,3.9975026571482384,0.017272727272727273,0.025454545454545452,1.997502657148236,5.997502657148241,False,18.622542212705127,30.24082819333318,4,False,0.0009321344190431873,6.44436,0.025064
1047,1049,0.1090909090909091,5.947734761485625,0.09636363636363636,0.12272727272727273,4.547734761485625,7.347734761485628,True,9.495186024442381,21.113472005070435,4,True,0.049846257948412166,6.18093,0.108017
1048,1050,0.08181818181818183,10.9513707863454,0.06545454545454546,0.10363636363636364,8.351370786345411,13.351370786345393,True,4.940322873766438,16.558608854394492,4,True,0.2934757342191328,10.9121,0.07236
1050,1052,0.013636363636363636,21.04525419292739,0.012272727272727272,0.022727272727272728,20.445254192927386,26.34525419292747,False,40.341591748310826,51.95987772893889,4,False,3.6785091531504864e-08,31.4355,0.028947
1051,1053,1.4,20.445263335806093,1.4,1.4,20.445263335806093,20.445263335806093,False,43478.006276961154,43489.62456294178,4,False,0.0,31.5515,0.105439
1052,1054,0.029090909090909087,5.327851351561532,0.024545454545454544,0.034545454545454546,3.4278513515615296,6.827851351561532,True,11.84777806524216,23.46606404587021,4,True,0.01851986346817464,5.93153,0.028467
1053,1055,0.01681818181818182,2.424495789959169,0.014090909090909091,0.02,0.7244957899591694,4.324495789959169,False,22.09338271623753,33.711668696865594,4,False,0.00019202186504556083,5.02134,0.020328
1054,1056,0.4181818181818182,1.7121076226405867,0.4090909090909091,0.4272727272727273,1.7121076226405867,1.8121076226405868,False,124.54269532617587,136.1609813068039,4,False,5.716160495030096e-26,7.24133,0.578587
1056,1058,0.09090909090909093,19.408271591688237,0.07472727272727273,0.1090909090909091,17.208271591688245,21.308271591688236,True,5.94904197636331,17.567327956991363,4,True,0.20298630739841375,19.3656,0.07491
1057,1059,0.031818181818181815,16.32093524462681,0.031818181818181815,0.03272727272727273,16.32093524462681,16.32093524462681,False,10433.631946937994,10445.250232918625,4,False,0.0,21.9418,0.034782
1059,1061,0.2181818181818182,0.7000000000000001,0.2090909090909091,0.2363636363636364,0.4,1.2000000000000002,False,51.28447777544986,62.90276375607792,4,False,1.946649961450163e-10,2.35219,0.260428
1060,1062,0.10363636363636364,10.365349822769007,0.09,0.1190909090909091,9.065349822769011,12.065349822769,True,27.47686745307257,39.09515343370062,4,False,1.5919351624315654e-05,11.8802,0.110496
1061,1063,0.05090909090909091,10.958475900125814,0.04818181818181819,0.06272727272727273,10.458475900125816,13.058475900125805,False,19.29838716893716,30.91667314956521,4,False,0.0006866338241171253,14.0568,0.061322
1062,1064,0.013636363636363636,3.699973109948675,0.011818181818181818,0.01636363636363636,2.099973109948676,5.5999731099486745,False,9.078289521140011,20.696575501768066,4,True,0.059172128691894324,5.69065,0.015809
1063,1065,0.01909090909090909,11.651764869936256,0.01590909090909091,0.02363636363636364,9.75176486993626,13.751764869936247,False,40.18359868765235,51.8018846682804,4,False,3.9660304521488927e-08,15.0977,0.023013
1064,1066,0.018636363636363642,12.446648828837555,0.015,0.02363636363636364,10.446648828837564,14.846648828837548,False,26.89497323305569,38.513259213683746,4,False,2.087483578864336e-05,15.781,0.021697
1065,1067,0.08909090909090908,15.467930296359775,0.07445454545454545,0.10818181818181817,13.467930296359782,17.467930296359768,True,12.386506581663516,24.00479256229157,4,True,0.014697031460558597,17.1921,0.089889
1066,1068,0.026363636363636363,8.44784251614385,0.022727272727272728,0.031818181818181815,6.747842516143857,10.547842516143843,True,14.284133457668213,25.90241943829627,4,True,0.0064413142528631905,10.218,0.027672
1067,1069,0.05,3.131597244105921,0.04363636363636364,0.056363636363636366,1.4315972441059208,4.33159724410592,True,11.903059446703546,23.5213454273316,4,True,0.01808688870907312,3.51873,0.04941
1068,1070,0.026363636363636363,4.103399115564389,0.02181818181818182,0.03,2.2033991155643893,5.60339911556439,True,11.335891616647904,22.954177597275955,4,True,0.023037453588509983,4.88145,0.026555
1069,1071,0.030909090909090907,4.251613338633772,0.027272727272727268,0.039090909090909086,2.751613338633772,6.1516133386337755,False,10.817815699089337,22.436101679717392,4,True,0.028689646357010205,6.22732,0.036344
1070,1072,0.12272727272727273,6.533469471961451,0.10727272727272727,0.13727272727272727,4.933469471961448,7.83346947196145,True,6.0980611085442415,17.716347089172288,4,True,0.19194372072963187,6.56038,0.125241
1071,1073,0.2909090909090909,6.4384541394301325,0.2545454545454545,0.3272727272727273,5.53845413943013,7.238454139430133,True,16.045773545004394,27.66405952563245,4,False,0.0029583534026050838,5.86702,0.257914
1072,1074,0.04727272727272727,5.610711392217455,0.045454545454545456,0.05545454545454545,5.310711392217456,7.310711392217449,False,90.24662005029495,101.86490603092301,4,False,1.167121091995469e-18,8.57769,0.056023
1073,1075,0.04181818181818182,11.146214020238206,0.04,0.04363636363636364,11.146214020238206,11.646214020238205,False,267.98901339238097,279.60729937300897,4,False,8.654485062839102e-57,15.3816,0.050632
1075,1077,0.07200000000000001,6.939405072122649,0.05909090909090909,0.08727272727272728,4.639405072122647,9.339405072122652,False,0.39049595317210745,12.008781933800162,4,True,0.9832476074877629,5.49721,0.05894
1076,1078,0.08454545454545455,8.139215006968325,0.07163636363636364,0.10272727272727274,6.339215006968331,10.039215006968318,True,9.463767767938316,21.082053748566366,4,True,0.05049708678878757,8.14225,0.077226
1077,1079,0.07336363636363635,6.611976965728115,0.06363636363636364,0.08545454545454545,5.011976965728113,8.311976965728116,False,3.3489603953088958,14.967246375936947,4,True,0.5012124806055465,5.66244,0.063372
1078,1080,0.02181818181818182,20.112893628732678,0.02,0.03363636363636364,20.112893628732678,24.61289362873274,False,18.232182611037334,29.850468591665393,4,False,0.0011115898947084584,26.4947,0.032931
1079,1081,0.2636363636363636,7.496562971507197,0.2363636363636364,0.3,6.6965629715072,8.396562971507192,False,27.392696543814182,39.01098252444224,4,False,1.655621122640026e-05,9.88675,0.317527
1080,1082,0.16272727272727272,6.437402066446188,0.1481818181818182,0.19181818181818186,5.137402066446184,7.637402066446188,True,0.6983850565473205,12.316671037175373,4,True,0.9515279271902902,5.29032,0.159149
1081,1083,0.014090909090909091,9.997973366269589,0.011363636363636364,0.01818181818181818,7.5979733662695965,12.497973366269578,False,15.44103029576951,27.059316276397556,4,True,0.003868699654019988,12.8316,0.016564
1082,1084,0.1572727272727273,9.385884949367208,0.14454545454545453,0.17545454545454547,8.185884949367214,10.785884949367203,True,10.592757830747725,22.211043811375774,4,True,0.0315429798786868,9.67572,0.165428
1084,1086,0.015454545454545453,15.450189187125266,0.012272727272727272,0.02,12.850189187125276,17.950189187125254,False,14.089848992971275,25.70813497359933,4,True,0.007013747683119743,18.9693,0.018429
1085,1087,0.15363636363636365,16.998529363065213,0.12818181818181815,0.18363636363636365,14.498529363065215,19.198529363065198,True,10.759334510090682,22.377620490718737,4,True,0.029406153805436836,17.5467,0.154194
1086,1088,0.045454545454545456,3.9472458323974298,0.03818181818181818,0.053636363636363635,2.2472458323974287,5.947245832397432,True,10.247053035670145,21.865339016298194,4,True,0.03646551137721142,5.25203,0.047828
1089,1091,0.12818181818181815,5.218686748637211,0.11727272727272728,0.1390909090909091,4.118686748637215,6.218686748637206,False,25.750559165573073,37.36884514620112,4,False,3.552866319770817e-05,7.57273,0.16194
1090,1092,0.04272727272727273,10.284553163000831,0.04181818181818182,0.04363636363636364,10.284553163000831,10.58455316300083,False,563.2065289322112,574.8248149128391,4,False,1.4204741366162866e-120,14.4554,0.051704
1091,1093,0.030909090909090907,4.691580620579545,0.026363636363636363,0.03818181818181818,2.8915806205795436,6.591580620579548,True,10.668776798378607,22.28706277900666,4,True,0.03054986130773768,5.84142,0.031973
