index,file_lineno,best_mass,best_AV,mass_min,mass_max,AV_min,AV_max,intersects,min_chi2,chi2_threshold,dof_gof,passes_gof,p_value
1,3,0.15,7.911803300453407,0.13363636363636364,0.16272727272727272,6.411803300453412,9.011803300453403,False,18.632218641168826,30.25050462179688,4,False,0.0009280707067758988
2,4,0.02,3.4000000000000004,0.017272727272727273,0.024545454545454544,1.8,5.300000000000001,True,13.274943256187735,24.893229236815785,4,True,0.010007654603845617
3,5,0.10545454545454545,7.998669196533623,0.09090909090909091,0.1190909090909091,6.498669196533628,9.498669196533617,False,3.8694375601574946,15.487723540785547,4,True,0.4239638243259385
5,7,0.1481818181818182,11.703231391783252,0.14454545454545453,0.15181818181818182,11.703231391783252,11.903231391783251,False,327.07996885477775,338.6982548354058,4,False,1.5551011570766268e-69
6,8,0.2727272727272727,20.941115342924583,0.24545454545454545,0.32727272727272727,20.14111534292457,22.341115342924603,False,140.86884716337065,152.4871331439987,4,False,1.8391876715702295e-29
8,10,0.06363636363636364,14.522913566249981,0.05272727272727273,0.07636363636363636,12.422913566249989,16.622913566249974,True,1.4814505926755084,13.09973657330356,4,True,0.8299221041744108
9,11,0.35454545454545455,2.8608274269236675,0.32727272727272727,0.37272727272727274,2.260827426923668,3.260827426923668,False,308.7550982618798,320.3733842425079,4,False,1.399814698550289e-65
11,13,0.33636363636363636,6.172407633818541,0.3,0.37272727272727274,5.47240763381854,6.8724076338185425,True,3.583578238984056,15.201864219612109,4,True,0.4652843905724753
12,14,0.13,16.037412062183858,0.12818181818181817,0.13181818181818183,16.037412062183858,16.037412062183858,False,28938.890169961924,28950.508455942552,4,False,0.0
13,15,0.016363636363636365,15.169285480560465,0.013181818181818182,0.02090909090909091,12.769285480560473,17.669285480560454,False,50.0877389083379,61.70602488896595,4,False,3.461714126313247e-10
14,16,0.1590909090909091,7.822346130938284,0.14272727272727273,0.1781818181818182,6.322346130938289,9.02234613093828,True,5.122508013089333,16.740793993717386,4,True,0.2749568027188483
15,17,0.16818181818181818,9.157113347388151,0.15545454545454546,0.2,7.857113347388156,10.257113347388147,True,22.19321821855589,33.81150419918394,4,False,0.00018342880766959474
16,18,0.2909090909090909,7.509853173742476,0.2636363636363636,0.32727272727272727,6.709853173742479,8.409853173742473,False,23.59791829578443,35.21620427641248,4,False,9.61505566221867e-05
17,19,0.2727272727272727,16.726296726697107,0.2272727272727273,0.3181818181818182,15.326296726697114,17.826296726697105,False,11.882681414504743,23.500967395132797,4,True,0.018245336499017127
18,20,0.08818181818181818,12.688221759161179,0.07636363636363636,0.10545454545454545,11.188221759161184,14.488221759161172,False,27.974510437894587,39.59279641852264,4,False,1.262217928072872e-05
20,22,0.7272727272727273,15.345240448064203,0.7090909090909091,0.8545454545454546,15.345240448064203,16.5452404480642,False,344.0434734301007,355.66175941072873,4,False,3.388516807942675e-73
21,23,0.35454545454545455,6.678902316761798,0.3090909090909091,0.38181818181818183,5.678902316761797,7.2789023167617986,False,23.750141173051215,35.368427153679264,4,False,8.963383759533154e-05
22,24,0.01090909090909091,3.742892451466779,0.01,0.012727272727272728,2.842892451466778,5.34289245146678,False,119.3532388828165,130.97152486344456,4,False,7.341669911449978e-25
23,25,1.3727272727272726,18.62644643262783,1.0545454545454547,1.4,16.72644643262784,18.926446432627827,False,5.025457587636423,16.643743568264476,4,True,0.28469534816771214
24,26,0.34545454545454546,10.546402041344027,0.3,0.39090909090909093,9.546402041344031,11.646402041344023,True,1.2890356102587672,12.90732159088682,4,True,0.8632330383821457
25,27,0.4,6.1115548513353275,0.36363636363636365,0.44545454545454544,5.311554851335327,6.811554851335328,True,17.597318184171122,29.215604164799174,4,False,0.0014789638420637352
26,28,0.17272727272727273,15.798500418995973,0.1590909090909091,0.2,14.598500418995977,16.69850041899597,False,1.495785026871497,13.114071007499549,4,True,0.827387833745242
27,29,0.12454545454545454,10.19231387356795,0.11363636363636363,0.13545454545454547,8.892313873567955,11.292313873567947,False,8.29206353476763,19.91034951539568,4,True,0.08144674724594919
29,31,0.33636363636363636,20.60695615942355,0.2909090909090909,0.4090909090909091,19.406956159423533,22.306956159423574,False,1.100115802494821,12.718401783122873,4,True,0.894253832292031
30,32,0.34545454545454546,5.488098841522646,0.2909090909090909,0.4,4.488098841522646,6.388098841522646,True,1.0591585765182154,12.677444557146266,4,True,0.9006968246157353
32,34,0.12272727272727273,10.885031003006155,0.12090909090909091,0.12454545454545454,10.885031003006155,10.885031003006155,False,88742.12292195328,88753.74120793391,4,False,0.0
33,35,0.7272727272727273,4.6000000000000005,0.5909090909090908,0.9363636363636364,3.4000000000000004,6.1000000000000005,False,104.00312580037195,115.621411781,4,False,1.3813281370433792e-21
34,36,0.015909090909090907,5.374720951017494,0.015,0.017272727272727273,5.374720951017494,5.474720951017494,False,1147.3273202911707,1158.9456062717989,4,False,4.1730315192518255e-247
35,37,0.010454545454545454,5.670933221428228,0.01,0.012272727272727272,5.070933221428228,7.27093322142823,False,9.469987749493505,21.088273730121557,4,True,0.050367598768778624
36,38,0.09636363636363636,9.64027684315137,0.08818181818181818,0.10727272727272727,8.940276843151372,10.840276843151365,False,162.04454886220228,173.66283484283034,4,False,5.326048429992462e-34
37,39,0.16272727272727272,21.572920644152173,0.1481818181818182,0.1890909090909091,20.072920644152152,23.072920644152195,True,4.906997448441848,16.5252834290699,4,True,0.2969739412017207
40,42,0.01863636363636364,8.048463276434939,0.015909090909090907,0.022727272727272728,6.648463276434944,9.948463276434932,False,80.88185709933043,92.50014307995849,4,False,1.132810760596365e-16
42,44,0.11181818181818182,3.225057042568981,0.10272727272727274,0.12090909090909091,2.22505704256898,4.125057042568981,True,21.94648564974551,33.56477163037356,4,False,0.00020539647355146263
43,45,0.10636363636363637,4.379689928442964,0.10363636363636364,0.11727272727272728,4.379689928442964,5.57968992844296,False,17.158561002650465,28.776846983278517,4,False,0.0018005231518179886
45,47,0.10727272727272727,15.372155653625951,0.08909090909090908,0.12090909090909091,13.372155653625958,17.072155653625945,False,12.29462435201625,23.9129103326443,4,True,0.015289701077674663
46,48,0.14636363636363636,6.899341218850688,0.13545454545454547,0.1572727272727273,5.8993412188506875,7.999341218850689,False,3.7178222783803077,15.336108259008359,4,True,0.445539083049175
48,50,0.14636363636363636,7.349574448965178,0.13545454545454547,0.1572727272727273,6.249574448965182,8.549574448965174,False,23.37794030310977,34.996226283737826,4,False,0.0001064072305092552
49,51,0.03727272727272728,9.290773110188768,0.030909090909090907,0.04454545454545455,7.590773110188774,11.190773110188761,False,16.768966125425774,28.387252106053825,4,False,0.0021432637918366517
50,52,0.15181818181818182,7.186046626551342,0.1390909090909091,0.16090909090909092,5.986046626551341,8.086046626551342,True,3.574151439308679,15.19243741993673,4,True,0.4666933838172561
51,53,0.2727272727272727,3.2132676165466743,0.24545454545454545,0.3090909090909091,2.5132676165466736,3.913267616546675,False,13.041958699340906,24.660244679968958,4,True,0.011072585642216994
52,54,0.11181818181818182,7.285951270538405,0.1,0.12454545454545454,5.78595127053841,8.6859512705384,True,15.276882739908846,26.895168720536898,4,True,0.004160087378809801
54,56,0.07281818181818181,4.234364877894466,0.06454545454545454,0.08181818181818182,2.8343648778944646,5.5343648778944665,True,13.930453945724413,25.548739926352464,4,True,0.007520358016118749
55,57,0.5545454545454546,11.411968783709254,0.4727272727272727,0.6545454545454545,10.211968783709258,12.71196878370925,True,6.997225741323857,18.615511721951908,4,True,0.1360349049177894
58,60,0.9363636363636364,12.047288816568903,0.7727272727272727,1.1545454545454545,10.647288816568908,13.547288816568898,False,65.43289283133369,77.05117881196173,4,False,2.085785526825376e-13
59,61,0.17272727272727273,9.101374328814572,0.15545454545454546,0.2181818181818182,7.601374328814577,10.301374328814568,True,2.2354081205180565,13.853694101146107,4,True,0.6925522802136665
61,63,0.8727272727272728,9.747436539824701,0.7363636363636363,1.0181818181818183,8.5474365398247,10.847436539824702,False,55.65662477259613,67.27491075322419,4,False,2.3666645709180328e-11
62,64,0.022727272727272728,5.4761090434361535,0.01818181818181818,0.02727272727272727,3.4761090434361517,7.376109043436156,True,5.091678279147858,16.70996425977591,4,True,0.2780194241021735
64,66,0.3090909090909091,8.055816847625174,0.2818181818181818,0.34545454545454546,7.355816847625174,8.955816847625176,True,1.5473043697788822,13.165590350406934,4,True,0.8182303481156321
65,67,0.12090909090909091,8.369673778590922,0.10818181818181818,0.13545454545454547,6.969673778590927,9.869673778590917,True,7.849166888492503,19.467452869120557,4,True,0.097262307127811
67,69,0.013636363636363636,15.27524071347038,0.010454545454545454,0.017727272727272727,12.57524071347039,17.97524071347037,False,9.49839936278297,21.11668534341102,4,True,0.0497801473454467
70,72,0.14636363636363636,8.130561260209566,0.13363636363636364,0.1590909090909091,7.03056126020957,9.430561260209561,False,40.82789920801603,52.44618518864408,4,False,2.917636002682706e-08
71,73,0.11181818181818182,6.603153823851648,0.10181818181818182,0.12454545454545454,5.403153823851647,8.00315382385165,True,8.767661192363331,20.385947172991383,4,True,0.06717658909993444
72,74,0.2727272727272727,5.1180960315422785,0.24545454545454545,0.3,4.518096031542278,5.81809603154228,False,3.7887497846698683,15.40703576529792,4,True,0.43534967019090254
73,75,0.15,7.514830483057626,0.14636363636363636,0.15363636363636363,7.514830483057626,7.514830483057626,False,15950.233171974996,15961.851457955625,4,False,0.0
74,76,0.06272727272727273,10.164125093338276,0.05272727272727273,0.07418181818181818,8.464125093338282,12.164125093338269,True,9.891188061644442,21.509474042272494,4,True,0.042301040945544356
77,79,0.02909090909090909,4.603397126202946,0.025454545454545455,0.034545454545454546,3.1033971262029447,6.2033971262029475,True,8.502009514299289,20.12029549492734,4,True,0.07482634003049315
79,81,0.19454545454545455,8.39171927704626,0.16818181818181818,0.2272727272727273,7.391719277046258,9.39171927704626,False,3.6657882128430486,15.2840741934711,4,True,0.453121369803516
80,82,0.5636363636363636,13.288521250017713,0.4636363636363636,0.6818181818181818,11.788521250017718,14.688521250017708,False,42.64565490243093,54.26394088305898,4,False,1.225639930875807e-08
82,84,0.2818181818181818,5.703272781796172,0.2636363636363636,0.3,5.203272781796171,6.203272781796172,False,4.5832925022051025,16.201578482833156,4,True,0.33278507053939366
83,85,0.01863636363636364,13.928279216750502,0.014545454545454545,0.022727272727272728,11.52827921675051,15.728279216750495,False,24.47395433310033,36.09224031372838,4,False,6.417075678759336e-05
84,86,0.11545454545454546,13.143623795199694,0.1,0.13181818181818183,11.243623795199701,14.943623795199688,False,2.899578194072759,14.517864174700811,4,True,0.5747689419521427
85,87,0.11545454545454546,8.656514727644398,0.11363636363636363,0.1190909090909091,8.656514727644398,8.656514727644398,False,10579.832850289142,10591.45113626977,4,False,0.0
87,89,0.01,5.587432591597981,0.01,0.011818181818181818,5.387432591597981,7.187432591597982,False,21.573989301000882,33.19227528162894,4,False,0.00024359638184216008
88,90,0.1,9.421682792865766,0.08181818181818182,0.12090909090909091,7.521682792865773,11.821682792865758,True,10.02480626801328,21.64309224864133,4,True,0.04001189038273623
89,91,0.15545454545454546,8.448338076913286,0.14454545454545453,0.16818181818181818,7.34833807691329,9.748338076913281,False,15.675740318695167,27.29402629932322,4,True,0.0034866138966662516
90,92,0.12454545454545454,7.455968489349006,0.11363636363636363,0.1390909090909091,6.155968489349011,8.955968489349,True,4.784668340435597,16.40295432106365,4,True,0.310113803757002
92,94,0.013636363636363636,9.371688363967518,0.013181818181818182,0.014090909090909091,9.371688363967518,9.471688363967518,False,1592.4499031232815,1604.0681891039096,4,False,0.0
93,95,0.509090909090909,7.988526977066881,0.4272727272727273,0.6636363636363636,6.8885269770668796,9.588526977066882,True,9.19909343377565,20.817379414403703,4,True,0.056311242993896275
94,96,0.16454545454545455,3.1087717190692157,0.15545454545454546,0.17272727272727273,2.308771719069216,3.7087717190692158,False,30.136907134211192,41.755193114839244,4,False,4.590160243644797e-06
95,97,0.08545454545454545,9.230141981827881,0.07336363636363635,0.10272727272727274,7.530141981827887,11.030141981827875,True,14.215658045850448,25.8339440264785,4,True,0.006637639458011914
97,99,0.2818181818181818,2.1976909095946153,0.2818181818181818,0.2818181818181818,2.1976909095946153,2.1976909095946153,False,4065.855954349401,4077.4742403300293,4,False,0.0
111,113,0.08454545454545455,16.64943175133432,0.072,0.10181818181818182,14.749431751334326,18.349431751334315,True,43.76574767675413,55.38403365738218,4,False,7.176277266341279e-09
122,124,0.05545454545454545,3.2557647764393103,0.049090909090909095,0.06636363636363636,2.055764776439309,5.055764776439312,True,10.707542161893056,22.325828142521107,4,True,0.030055110277788285
123,125,0.015909090909090907,9.151231138474405,0.014545454545454545,0.02,8.251231138474408,11.451231138474396,False,24.609122272738624,36.227408253366676,4,False,6.028337377655897e-05
126,128,0.02181818181818182,9.190263311142328,0.02,0.028181818181818183,8.69026331114233,11.990263311142318,False,38.217902480823724,49.836188461451776,4,False,1.0103627874197378e-07
128,130,0.056363636363636366,4.2438203987946945,0.04818181818181819,0.06636363636363636,2.4438203987946934,6.043820398794697,True,6.5292879307513045,18.147573911379357,4,True,0.1629543357593056
129,131,0.15363636363636363,7.571640094634038,0.12818181818181817,0.19454545454545455,5.671640094634045,9.371640094634031,True,0.858864352117751,12.477150332745802,4,True,0.9303867767416382
130,132,0.2636363636363636,5.0,0.24545454545454545,0.2909090909090909,4.5,5.800000000000001,False,7.88056502067187,19.498851001299922,4,True,0.09605253549637663
132,134,0.06181818181818182,3.8686922825244348,0.05272727272727273,0.07127272727272727,2.1686922825244332,5.468692282524437,True,10.460725632726277,22.07901161335433,4,True,0.03334230565329119
134,136,0.1972727272727273,6.142898950883161,0.17,0.2181818181818182,5.342898950883161,6.742898950883163,True,6.7173609897805395,18.33564697040859,4,True,0.15159980044200866
135,137,0.2909090909090909,6.859804888363716,0.2545454545454545,0.33636363636363636,6.059804888363715,7.759804888363717,True,3.8008895889502243,15.419175569578275,4,True,0.43362260720038615
136,138,0.02909090909090909,11.90923900826464,0.02181818181818182,0.045454545454545456,9.00923900826465,16.309239008264626,True,3.55106245839315,15.169348439021203,4,True,0.4701567795575524
137,139,0.1190909090909091,9.377451452604545,0.10363636363636364,0.13545454545454547,7.677451452604551,11.177451452604538,True,5.461413888487315,17.079699869115366,4,True,0.24314210817784931
138,140,0.01,14.466857822330441,0.01,0.01090909090909091,14.066857822330443,15.466857822330438,False,290.66723183267004,302.2855178132981,4,False,1.1162376750935992e-61
139,141,0.1,18.91452725785376,0.09090909090909091,0.11363636363636363,18.91452725785376,20.514527257853782,False,62.25104420327753,73.86933018390559,4,False,9.754560337261457e-13
140,142,0.1781818181818182,11.401995608400782,0.15363636363636363,0.2181818181818182,9.601995608400788,12.701995608400777,False,8.832231663276502,20.450517643904554,4,True,0.06543245372192556
141,143,0.1409090909090909,11.840511478168885,0.12636363636363637,0.1572727272727273,10.34051147816889,13.44051147816888,True,14.754812763602283,26.373098744230333,4,True,0.005237725099718724
143,145,0.03,4.328461296354934,0.026363636363636363,0.035454545454545454,2.8284612963549325,5.628461296354935,False,36.12312573164231,47.74141171227036,4,False,2.729740847837995e-07
145,147,0.05090909090909091,12.881569467451333,0.04181818181818182,0.06363636363636364,10.781569467451341,15.081569467451326,True,4.48363896202025,16.101924942648303,4,True,0.34449188640230405
146,148,0.16090909090909092,7.479593721149074,0.15,0.1781818181818182,6.379593721149078,8.57959372114907,True,13.967315599683989,25.58560158031204,4,True,0.0074001047572090466
147,149,0.06454545454545454,10.751235213980875,0.049090909090909095,0.08090909090909092,7.951235213980885,13.451235213980866,True,1.7050257966757578,13.32331177730381,4,True,0.7898044802488493
148,150,0.7363636363636363,7.808275082006608,0.7272727272727273,0.7454545454545455,7.808275082006608,7.808275082006608,False,108659.47012483748,108671.0884108181,4,False,0.0
150,152,0.02090909090909091,7.098745939592323,0.019545454545454546,0.02181818181818182,7.098745939592323,7.298745939592322,False,661.5285908430757,673.1468768237037,4,False,7.442542667523592e-142
153,155,1.4,6.600196919874138,1.4,1.4,6.600196919874138,6.600196919874138,False,629556.9660234461,629568.5843094267,4,False,0.0
154,156,0.8363636363636364,7.043478366585015,0.8272727272727273,0.8454545454545455,7.043478366585015,7.043478366585015,False,71203.10502015548,71214.7233061361,4,False,0.0
156,158,0.012272727272727272,14.02606515718527,0.01,0.015909090909090907,11.926065157185278,16.826065157185262,False,6.890875660502802,18.509161641130852,4,True,0.1417685519984483
157,159,1.4,7.003601180276037,1.4,1.4,7.003601180276037,7.003601180276037,False,568296.203068509,568307.8213544897,4,False,0.0
158,160,0.06909090909090909,20.445238090959048,0.06727272727272728,0.07127272727272727,20.445238090959048,20.64523809095905,False,958.2470095347219,969.8652955153499,4,False,3.987114402296751e-206
159,161,0.1781818181818182,10.380717687090725,0.16090909090909092,0.2090909090909091,9.180717687090729,11.280717687090721,False,43.145884583475706,54.76417056410376,4,False,9.651134666791095e-09
160,162,0.39090909090909093,15.014262265153464,0.3181818181818182,0.4818181818181818,13.41426226515347,16.614262265153457,False,21.01593922976425,32.6342252103923,4,False,0.0003143731790090117
161,163,0.08636363636363636,4.355996003329869,0.07590909090909091,0.10181818181818182,2.8559960033298677,5.855996003329871,False,11.495925292942996,23.114211273571048,4,True,0.021521087355366172
162,164,0.08454545454545455,12.490647963155919,0.08272727272727273,0.10545454545454545,12.490647963155919,14.89064796315591,False,22.138724135030678,33.75701011565873,4,False,0.00018807083455774724
163,165,0.13727272727272727,23.54713927086413,0.10636363636363637,0.16818181818181818,20.247139270864082,26.647139270864173,True,10.512017631711624,22.130303612339674,4,True,0.03263185229280015
164,166,0.1390909090909091,12.91476978988313,0.12090909090909091,0.1572727272727273,11.014769789883136,14.614769789883123,True,27.449967562107027,39.06825354273508,4,False,1.6120188087852515e-05
165,167,0.04181818181818182,11.957064539547325,0.03636363636363636,0.04818181818181819,10.65706453954733,13.657064539547319,True,2.0024694501047353,13.620755430732787,4,True,0.7353046524959637
167,169,0.1590909090909091,7.7697818444217805,0.1481818181818182,0.1809090909090909,6.569781844421785,9.169781844421776,True,2.946770452143315,14.565056432771367,4,True,0.566772394268229
168,170,0.019545454545454546,16.729762881641186,0.019090909090909092,0.02,16.729762881641186,17.02976288164119,False,898.9768722614103,910.5951582420383,4,False,2.775467565003296e-193
169,171,0.4181818181818182,22.817813906828015,0.35454545454545455,0.4909090909090909,21.517813906827996,24.117813906828033,False,108.84880740202465,120.4670933826527,4,False,1.2808044302131131e-22
170,172,0.1190909090909091,4.619164417674007,0.1190909090909091,0.12090909090909091,4.619164417674007,4.719164417674007,False,37218.62968496632,37230.24797094695,4,False,0.0
171,173,0.045454545454545456,16.308787183254687,0.04454545454545455,0.04727272727272727,16.308787183254687,16.308787183254687,False,8529.230497707937,8540.848783688565,4,False,0.0
172,174,0.08272727272727273,8.197477683195189,0.07127272727272727,0.09818181818181819,6.497477683195195,9.897477683195183,True,24.808073572808226,36.42635955343628,4,False,5.498331006767865e-05
173,175,0.16818181818181818,4.007521596892449,0.1590909090909091,0.19454545454545455,3.2075215968924486,4.90752159689245,False,197.9811535505384,209.59943953116647,4,False,1.0206993062916852e-41
174,176,0.5636363636363636,5.2,0.4636363636363636,0.7272727272727273,4.1000000000000005,6.7,False,7.126760114131851,18.745046094759903,4,True,0.12933925182530717
175,177,0.1481818181818182,13.464616413705842,0.13363636363636364,0.16272727272727272,12.164616413705847,14.864616413705837,True,1.9897406981362042,13.608026678764256,4,True,0.7376459671639095
176,178,0.04272727272727273,8.814651831357203,0.031818181818181815,0.057272727272727274,6.014651831357213,11.814651831357192,True,7.693261541593928,19.31154752222198,4,True,0.10348309699337127
177,179,0.10272727272727274,19.190626231762934,0.08454545454545455,0.13181818181818183,17.49062623176291,22.39062623176298,True,11.55579635125192,23.174082331879973,4,True,0.02097904649502466
178,180,0.18636363636363637,5.700550603996942,0.16636363636363638,0.2090909090909091,4.800550603996941,6.400550603996942,False,12.201159736990299,23.81944571761835,4,True,0.015916429264345992
180,182,0.16272727272727272,9.024347184065796,0.15363636363636363,0.18363636363636365,7.9243471840658,10.124347184065792,True,13.103515987199257,24.72180196782731,4,True,0.01078091744821786
181,183,0.1481818181818182,8.022987064420274,0.12272727272727273,0.17,6.022987064420281,9.922987064420267,True,2.866469356224848,14.4847553368529,4,True,0.5804142752775419
184,186,0.15,1.9321281999159678,0.1481818181818182,0.15,1.9321281999159678,1.9321281999159678,False,35687.50726364234,35699.12554962297,4,False,0.0
187,189,0.10090909090909092,9.510363769386906,0.08272727272727273,0.1190909090909091,7.510363769386913,11.610363769386899,True,6.475926213328095,18.094212193956146,4,True,0.16631356074843492
193,195,0.038181818181818185,13.59296790519441,0.02909090909090909,0.04818181818181819,11.292967905194418,16.0929679051944,True,3.7738222608311176,15.39210824145917,4,True,0.4374801205830494
197,199,0.37272727272727274,7.442629944654708,0.33636363636363636,0.4090909090909091,6.642629944654708,8.242629944654709,True,8.6454681344065,20.26375411503455,4,True,0.07059845818534048
198,200,0.2818181818181818,10.15470822495024,0.2727272727272727,0.2818181818181818,10.15470822495024,10.15470822495024,False,33355.43114257796,33367.04942855859,4,False,0.0
199,201,0.35454545454545455,12.016885675070025,0.3,0.4181818181818182,10.81688567507003,13.51688567507002,True,12.545524850607965,24.163810831236017,4,True,0.013723765651321052
200,202,0.015454545454545453,9.854373907983634,0.015454545454545453,0.015909090909090907,9.854373907983634,9.954373907983634,False,2900.8446818469647,2912.462967827593,4,False,0.0
201,203,0.16818181818181818,8.26214981187262,0.15545454545454546,0.19181818181818183,6.862149811872625,9.162149811872617,True,5.888602822334541,17.506888802962592,4,True,0.20762337148132115
202,204,0.014090909090909091,7.081279225852162,0.013636363636363636,0.014090909090909091,7.081279225852162,7.181279225852162,False,2317.2437930199135,2328.8620790005416,4,False,0.0
203,205,0.04363636363636364,4.077547467177945,0.03636363636363636,0.05272727272727273,2.1775474671779436,6.177547467177947,True,5.612121984711749,17.2304079653398,4,True,0.2300482525668912
204,206,0.10636363636363637,3.9554805605248227,0.10545454545454545,0.10818181818181818,3.9554805605248227,3.9554805605248227,False,630.2577959961081,641.8760819767361,4,False,4.3764574318521643e-135
205,207,0.6363636363636364,4.6000000000000005,0.5545454545454546,0.7818181818181819,3.8000000000000003,5.800000000000001,False,57.34996968159764,68.96825566222569,4,False,1.0447270047252949e-11
206,208,0.08727272727272727,6.748074309168169,0.07163636363636364,0.1090909090909091,4.648074309168168,9.048074309168172,True,1.4634499731455708,13.081735953773622,4,True,0.8330955206227078
207,209,0.2909090909090909,13.039370760391396,0.2818181818181818,0.3090909090909091,13.039370760391396,13.039370760391396,False,28234.49600712228,28246.11429310291,4,False,0.0
208,210,0.15,3.8710559642862243,0.14636363636363636,0.16090909090909092,3.8710559642862243,4.671055964286225,False,21.2606384612444,32.878924441872456,4,False,0.00028112706124674465
210,212,0.015454545454545453,8.299731101932085,0.013636363636363636,0.01863636363636364,6.799731101932091,9.99973110193208,False,11.337079661253734,22.955365641881784,4,True,0.023025823992639777
212,214,0.6181818181818182,4.986456691315643,0.5181818181818182,0.7454545454545455,3.9864566913156425,6.086456691315645,False,59.21501924232266,70.83330522295071,4,False,4.2408210148345055e-12
213,215,0.38181818181818183,1.5,0.35454545454545455,0.4090909090909091,1.0,2.0,False,242.89154429681133,254.5098302774394,4,False,2.2116433797301294e-51
215,217,0.13,11.717508732866271,0.11363636363636363,0.1481818181818182,9.817508732866278,13.317508732866266,True,7.650535705588146,19.2688216862162,4,True,0.1052515998551174
216,218,0.04727272727272727,4.491948053362413,0.04,0.05454545454545455,2.591948053362413,5.991948053362412,True,3.804722035048414,15.423008015676466,4,True,0.43307841611937326
217,219,0.4363636363636364,20.445263335806096,0.4272727272727273,0.44545454545454544,20.445263335806096,20.445263335806096,False,19629.739775193593,19641.35806117422,4,False,0.0
218,220,0.025454545454545455,2.1565631509239704,0.024545454545454544,0.030909090909090907,1.75656315092397,4.256563150923972,False,79.01150599412128,90.62979197474934,4,False,2.8208901866974385e-16
219,221,0.24545454545454545,0.8,0.2181818181818182,0.2636363636363636,0.30000000000000004,1.2000000000000002,False,17.864088577854645,29.482374558482697,4,False,0.0013119011135429533
221,223,0.2636363636363636,9.962946158732692,0.1972727272727273,0.34545454545454546,8.462946158732697,11.562946158732686,False,3.808266211583186,15.426552192211238,4,True,0.4325755981165279
222,224,0.6727272727272727,4.442279766211469,0.5727272727272728,0.8454545454545455,3.442279766211468,5.74227976621147,False,612.8627689845694,624.4810549651974,4,False,2.5485246227627197e-131
223,225,0.1,13.612168446084715,0.08454545454545455,0.11545454545454546,11.91216844608472,15.512168446084708,False,2.3703065941933668,13.988592574821418,4,True,0.6679998619175082
224,226,0.04363636363636364,8.473433250089197,0.04181818181818182,0.05454545454545455,8.273433250089198,10.973433250089188,False,35.46800554294738,47.08629152357543,4,False,3.7226399560998714e-07
225,227,0.04454545454545455,4.562317210198694,0.04090909090909091,0.053636363636363635,3.862317210198693,6.762317210198695,False,10.854672693256488,22.47295867388454,4,True,0.028246770451398798
230,232,0.03909090909090909,7.966650917689561,0.031818181818181815,0.04727272727272727,6.066650917689568,10.166650917689553,True,9.017549069763115,20.635835050391165,4,True,0.06066233137882741
232,234,0.0710909090909091,17.357670804067062,0.05181818181818182,0.09727272727272727,13.857670804067077,20.95767080406705,True,1.7295665555475024,13.347852536175555,4,True,0.7853400766280727
233,235,0.32727272727272727,9.526213385469086,0.2909090909090909,0.36363636363636365,8.52621338546909,10.226213385469084,False,6.51813067741953,18.13641665804758,4,True,0.16365158274455868
234,236,0.06,9.117560838530448,0.049090909090909095,0.07254545454545454,7.017560838530455,11.31756083853044,True,12.031467983239681,23.64975396386773,4,True,0.01711878891350995
235,237,0.2545454545454545,1.674412577410033,0.2272727272727273,0.2636363636363636,1.0744125774100328,2.074412577410033,False,77.33541606596285,88.9537020465909,4,False,6.386528895489142e-16
236,238,0.2090909090909091,23.3373001790869,0.17272727272727273,0.2545454545454545,22.137300179086882,24.637300179086917,False,80.22339830773832,91.84168428836637,4,False,1.5619812788558392e-16
237,239,0.15545454545454546,12.619510410703086,0.13727272727272727,0.1781818181818182,10.819510410703092,14.31951041070308,True,9.696702313229437,21.31498829385749,4,True,0.0458586523266216
238,240,0.8,7.036808431811806,0.6454545454545454,1.0454545454545454,5.636808431811804,8.736808431811808,False,97.55415224194304,109.17243822257109,4,False,3.261477449580148e-20
239,241,0.04727272727272727,12.506595070194697,0.04090909090909091,0.05454545454545455,10.906595070194703,14.106595070194691,True,4.386030071201252,16.004316051829303,4,True,0.3562760550992026
240,242,0.02181818181818182,12.25899295363691,0.019090909090909092,0.026363636363636363,11.058992953636915,14.158992953636904,False,18.931673290305916,30.549959270933968,4,False,0.0008106125630194744
241,243,0.04181818181818182,2.4000000000000004,0.03636363636363636,0.04818181818181819,1.1,4.1000000000000005,True,7.662074987591046,19.2803609682191,4,True,0.10477121119509897
242,244,0.02727272727272727,15.144734709008533,0.022727272727272728,0.035454545454545454,13.14473470900854,17.744734709008526,False,9.105770652704079,20.724056633332133,4,True,0.058509411633431915
244,246,0.034545454545454546,4.127854900847916,0.02909090909090909,0.04090909090909091,2.5278549008479168,5.627854900847916,True,6.926170853944164,18.544456834572216,4,True,0.1398415755471643
245,247,0.5,0.0,0.4909090909090909,0.5272727272727272,0.0,0.2,False,110.77423975588552,122.39252573651356,4,False,4.975759500547059e-23
246,248,0.4181818181818182,7.404572673071688,0.38181818181818183,0.4636363636363636,6.604572673071687,8.10457267307169,True,10.123504055104204,21.741790035732258,4,True,0.03839787514063903
247,249,0.2272727272727273,5.631347422904371,0.2,0.2545454545454545,4.83134742290437,6.331347422904372,False,10.664086986777493,22.282372967405543,4,True,0.030610246211131942
248,250,0.19181818181818183,15.210449513262752,0.16090909090909092,0.24545454545454545,13.510449513262758,16.810449513262746,False,6.075330984576675,17.693616965204725,4,True,0.1935926991645754
249,251,0.1809090909090909,2.2,0.16636363636363638,0.2,1.6,2.8000000000000003,False,20.308348547744117,31.92663452837217,4,False,0.0004340458120619721
250,252,0.32727272727272727,4.4,0.3,0.36363636363636365,3.8000000000000003,5.1000000000000005,False,25.48154362067588,37.09982960130393,4,False,4.0249847110344457e-05
251,253,0.33636363636363636,20.203179285299274,0.32727272727272727,0.36363636363636365,20.203179285299274,20.803179285299283,False,543.5209101979038,555.1391961785318,4,False,2.580568296152803e-116
254,256,0.1972727272727273,15.029699132389903,0.1572727272727273,0.2636363636363636,13.12969913238991,16.829699132389898,False,105.90364058284904,117.52192656347708,4,False,5.436541939852268e-22
255,257,0.02909090909090909,6.523085258845362,0.025454545454545455,0.034545454545454546,5.02308525884536,8.123085258845364,True,2.7857323519622694,14.404018332590322,4,True,0.594298065481717
256,258,0.11181818181818182,10.912801127016635,0.09727272727272727,0.12636363636363637,9.41280112701664,12.51280112701663,False,18.184114479111024,29.802400459739076,4,False,0.001135924369529838
257,259,0.2,13.195761353864532,0.16818181818181818,0.23636363636363636,11.995761353864536,14.395761353864527,False,18.63287120410898,30.251157184737032,4,False,0.0009277972876620994
258,260,0.06181818181818182,30.44526333580624,0.046363636363636364,0.06454545454545454,27.04526333580619,30.44526333580624,False,43.68650034069882,55.30478632132687,4,False,7.453407742725017e-09
259,261,0.1481818181818182,8.879622665218266,0.13727272727272727,0.1590909090909091,7.879622665218269,9.879622665218262,False,193.34525853726586,204.96354451789392,4,False,1.01247296676061e-40
261,263,0.3181818181818182,17.780730056548673,0.2818181818181818,0.37272727272727274,16.780730056548677,18.98073005654867,False,5.626982639087675,17.245268619715727,4,True,0.2287910372348946
262,264,0.2727272727272727,6.19865060568712,0.24545454545454545,0.3,5.49865060568712,6.89865060568712,True,1.9507272592176506,13.569013239845702,4,True,0.7448211683166188
263,265,0.1409090909090909,7.700963299313896,0.12818181818181817,0.15363636363636363,6.5009632993139,8.800963299313892,True,25.750488474632746,37.3687744552608,4,False,3.552982848935864e-05
265,267,0.11181818181818182,17.295753792719545,0.10727272727272727,0.12454545454545454,16.89575379271954,18.695753792719565,False,654.2177040986522,665.8359900792802,4,False,2.8474002618913946e-140
266,268,0.5818181818181818,16.58969889323334,0.4818181818181818,0.7363636363636363,15.089698893233345,18.389698893233334,True,3.6643245386806087,15.28261051930866,4,True,0.453335959168052
267,269,0.03,4.566947563675953,0.026363636363636363,0.03636363636363636,2.9669475636759515,6.166947563675954,True,9.993170219599495,21.611456200227547,4,True,0.04054288602343768
268,270,0.16636363636363638,21.145901483066122,0.1481818181818182,0.2,19.345901483066097,22.645901483066144,True,0.7021111184585513,12.320397099086604,4,True,0.9510683221628435
269,271,0.2818181818181818,0.1,0.2727272727272727,0.2909090909090909,0.0,0.30000000000000004,False,67.23300036078956,78.85128634141762,4,False,8.706079491444141e-14
270,272,0.02090909090909091,8.942585333913046,0.01681818181818182,0.02727272727272727,6.942585333913053,11.642585333913036,False,10.778670417815208,22.39695639844326,4,True,0.02916736061384608
271,273,0.17,16.388680194976143,0.16818181818181818,0.17545454545454547,16.388680194976143,16.388680194976143,False,3930.8798630842743,3942.4981490649025,4,False,0.0
272,274,0.05454545454545455,2.289864500642721,0.04818181818181819,0.06363636363636364,1.1898645006427202,3.8898645006427226,True,24.875323628688804,36.493609609316856,4,False,5.329860144026954e-05
274,276,0.15363636363636363,12.433763345877697,0.1390909090909091,0.16636363636363638,11.133763345877702,13.733763345877692,True,7.009791601228352,18.628077581856402,4,True,0.13537168797204183
276,278,0.02909090909090909,3.7,0.025454545454545455,0.03272727272727273,2.2,4.800000000000001,False,1.4149056860373057,13.033191666665358,4,True,0.8416002428040361
277,279,0.38181818181818183,0.0,0.37272727272727274,0.4,0.0,0.30000000000000004,False,66.35841511079032,77.97670109141836,4,False,1.331113947900921e-13
279,281,0.14636363636363636,9.360990580229114,0.14272727272727273,0.15363636363636363,9.360990580229114,9.960990580229112,False,339.652672754175,351.27095873480306,4,False,3.0054814822690194e-72
282,284,0.16090909090909092,13.30215043601018,0.15,0.1781818181818182,12.302150436010184,14.402150436010176,True,2.189214110539342,13.807500091167395,4,True,0.701004422863195
283,285,0.7818181818181819,1.976723586306754,0.7727272727272727,0.7818181818181819,1.976723586306754,1.976723586306754,False,52926.63427968507,52938.2525656657,4,False,0.0
284,286,0.6909090909090909,6.1000000000000005,0.5636363636363636,0.8545454545454546,4.9,7.4,False,40.2072049357853,51.82549091641335,4,False,3.921687457566121e-08
285,287,0.1781818181818182,19.873549434495878,0.15181818181818182,0.2272727272727273,17.673549434495882,21.57354943449587,True,5.0570382218610845,16.675324202489136,4,True,0.2814949296898339
286,288,0.4,9.995484943053798,0.35454545454545455,0.44545454545454544,8.995484943053802,10.795484943053795,False,11.399474234562799,23.01776021519085,4,True,0.02242298280851328
287,289,0.034545454545454546,3.2656262252056996,0.028181818181818183,0.04272727272727273,1.2656262252056998,5.465626225205699,True,5.708262715485924,17.326548696113974,4,True,0.22202046762542946
288,290,0.01,3.956163433149057,0.01,0.011818181818181818,3.556163433149057,5.456163433149058,False,91.81383691590834,103.43212289653638,4,False,5.4214509826538125e-19
289,291,0.39090909090909093,5.555389902410074,0.36363636363636365,0.4272727272727273,5.055389902410073,6.255389902410074,False,88.79660373305849,100.41488971368653,4,False,2.3719312764582382e-18
291,293,0.014090909090909091,5.492144577152693,0.01090909090909091,0.017272727272727273,2.8921445771526906,7.492144577152695,False,12.514860149167188,24.13314612979524,4,True,0.013906425316981868
292,294,0.5272727272727272,0.0,0.5181818181818182,0.5909090909090908,0.0,0.6000000000000001,False,97.82359276483261,109.44187874546066,4,False,2.8581165322540103e-20
293,295,0.2272727272727273,0.8,0.2181818181818182,0.24545454545454545,0.5,1.3,False,74.29444524806937,85.91273122869742,4,False,2.8095005420065954e-15
294,296,1.0727272727272728,9.483178675672717,0.8272727272727273,1.3727272727272726,7.883178675672722,10.983178675672711,True,15.389679643615652,27.007965624243703,4,True,0.003957629294286452
296,298,0.13,18.937475615505036,0.11181818181818182,0.15,16.73747561550504,20.837475615505028,False,1.7461901964257158,13.364476177053767,4,True,0.7823110128715197
297,299,0.509090909090909,5.1000000000000005,0.4636363636363636,0.5727272727272728,4.4,5.800000000000001,False,44.56893569847175,56.1872216790998,4,False,4.887028793283913e-09
298,300,0.4636363636363636,9.039752810880087,0.4090909090909091,0.509090909090909,8.039752810880085,9.939752810880087,True,2.3695681638575343,13.987854144485587,4,True,0.6681336326313255
300,302,1.0272727272727273,6.077645746662231,1.0181818181818183,1.0454545454545454,6.077645746662231,6.077645746662231,False,77422.98811473617,77434.6064007168,4,False,0.0
302,304,1.3909090909090909,12.975710183781224,1.190909090909091,1.4,11.875710183781228,13.175710183781224,False,38.893967373014206,50.51225335364226,4,False,7.326752914903951e-08
303,305,0.01,5.640324264504503,0.01,0.012272727272727272,5.540324264504504,7.640324264504505,False,14.114178205665871,25.732464186293925,4,True,0.006939422195648193
304,306,0.09454545454545454,13.345848015909182,0.08090909090909092,0.1090909090909091,11.745848015909187,14.845848015909176,False,4.901211142430298,16.51949712305835,4,True,0.2975848669297319
305,307,0.4,5.5,0.37272727272727274,0.44545454545454544,4.9,6.2,False,12.096851734987453,23.715137715615505,4,True,0.016645397007094245
306,308,0.12272727272727273,0.22315533923420627,0.12090909090909091,0.12818181818181817,0.22315533923420627,0.9231553392342061,False,192.0419003710299,203.66018635165796,4,False,1.929730721654138e-40
307,309,0.2636363636363636,5.800000000000001,0.23636363636363636,0.2909090909090909,5.1000000000000005,6.5,False,2.7765780223447214,14.394864002972774,4,True,0.5958824895678368
308,310,0.2181818181818182,8.644334465327303,0.2090909090909091,0.2181818181818182,8.644334465327303,8.644334465327303,False,3927.319260161339,3938.9375461419672,4,False,0.0
309,311,0.1090909090909091,2.5593217791242475,0.10818181818181818,0.11,2.5593217791242475,2.6593217791242476,False,1147.1849515636768,1158.803237544305,4,False,4.480359279123131e-247
310,312,1.3181818181818181,13.006433855372363,1.2636363636363637,1.3545454545454545,12.706433855372362,13.006433855372363,False,60.22607513961425,71.8443611202423,4,False,2.6002575346849394e-12
311,313,1.4,5.925728868277161,1.3636363636363635,1.4,5.7257288682771605,6.025728868277161,False,193.56612989353624,205.1844158741643,4,False,9.076378486743902e-41
312,314,0.13,5.258377801299629,0.12090909090909091,0.1409090909090909,4.258377801299632,6.1583778012996255,False,23.423778354976488,35.042064335604536,4,False,0.00010418405470311979
313,315,0.35454545454545455,5.197229969524235,0.34545454545454546,0.35454545454545455,5.197229969524235,5.197229969524235,False,72489.51326285981,72501.13154884044,4,False,0.0
314,316,0.16454545454545455,8.03079743663707,0.16272727272727272,0.16636363636363638,8.03079743663707,8.03079743663707,False,3059.555595898494,3071.1738818791223,4,False,0.0
315,317,0.32727272727272727,0.8,0.3,0.36363636363636365,0.4,1.4000000000000001,False,42.07581299129281,53.69409897192086,4,False,1.6088799304143923e-08
316,318,0.10727272727272727,4.450419556295477,0.09727272727272727,0.11545454545454546,3.3504195562954764,5.450419556295478,False,34.93640749242181,46.55469347304986,4,False,4.787184452947398e-07
317,319,0.19454545454545455,6.630924877809833,0.17,0.2181818181818182,5.730924877809832,7.330924877809833,False,5.5271569696020855,17.145442950230137,4,True,0.2373526532707091
319,321,0.15363636363636363,6.02381700637693,0.14454545454545453,0.16636363636363638,5.12381700637693,7.223817006376931,False,11.942813267901741,23.561099248529793,4,True,0.017781625734836486
320,322,0.1809090909090909,6.552946165184852,0.16454545454545455,0.2090909090909091,5.652946165184851,7.252946165184852,True,31.79087653755922,43.40916251818727,4,False,2.1109032780681957e-06
321,323,0.04727272727272727,19.490787438648653,0.034545454545454546,0.06272727272727273,16.190787438648606,22.590787438648697,True,3.239799169039412,14.858085149667463,4,True,0.5185267850081794
322,324,0.23636363636363636,9.47039014943175,0.2181818181818182,0.2727272727272727,8.970390149431752,10.370390149431747,True,3.8455569629296447,15.463842943557697,4,True,0.42731074821441994
323,325,0.1090909090909091,9.33879070752561,0.09181818181818181,0.12272727272727273,7.5387907075256155,10.738790707525604,False,4.940685654049893,16.558971634677945,4,True,0.2934378430423599
324,326,0.17272727272727273,2.9000000000000004,0.16454545454545455,0.19181818181818183,2.3000000000000003,3.5,True,9.801266818275298,21.41955279890335,4,True,0.043911733947971675
326,328,0.17272727272727273,13.058593261055295,0.1572727272727273,0.2,11.6585932610553,14.058593261055291,False,17.843275375287607,29.46156135591566,4,False,0.0013242358664175057
327,329,0.1572727272727273,12.751412995524491,0.14272727272727273,0.17,11.251412995524497,13.951412995524487,True,10.220349835139412,21.838635815767464,4,True,0.03687507181805312
328,330,0.2636363636363636,0.4,0.24545454545454545,0.2727272727272727,0.0,0.6000000000000001,False,59.70175875262845,71.32004473325651,4,False,3.3511614742016254e-12
329,331,0.014545454545454545,5.938424173012274,0.012272727272727272,0.017727272727272727,4.038424173012272,7.838424173012276,False,27.630329300065736,39.248615280693784,4,False,1.4820290219426847e-05
330,332,0.024545454545454544,3.4874238480002573,0.02090909090909091,0.028181818181818183,2.087423848000257,4.987423848000257,True,7.2849174058742765,18.903203386502327,4,True,0.12157613533636172
331,333,0.16818181818181818,5.186827281645595,0.16636363636363638,0.17,5.186827281645595,5.186827281645595,False,17127.14593803927,17138.7642240199,4,False,0.0
332,334,1.1090909090909091,8.694919450599372,0.8272727272727273,1.4,6.894919450599378,10.194919450599366,False,50.972311498320934,62.590597478948986,4,False,2.262153764691847e-10
333,335,0.10545454545454545,8.422899200100622,0.09454545454545454,0.11727272727272728,7.3228992001006254,9.722899200100617,True,8.04346136947066,19.66174735009871,4,True,0.08999906005572901
334,336,0.11363636363636363,9.903034281654065,0.10090909090909092,0.12636363636363637,8.40303428165407,11.30303428165406,True,13.265177027052612,24.883463007680664,4,True,0.010050212795273602
335,337,0.1409090909090909,9.550960409627008,0.1390909090909091,0.14272727272727273,9.550960409627008,9.550960409627008,False,932.8173631565512,944.4356491371792,4,False,1.291159971001129e-200
336,338,0.16454545454545455,2.5745259048219307,0.1590909090909091,0.17272727272727273,1.9745259048219308,3.1745259048219308,False,29.147299059320183,40.765585039948235,4,False,7.296840028666145e-06
337,339,0.4909090909090909,3.8000000000000003,0.4545454545454546,0.5545454545454546,3.3000000000000003,4.6000000000000005,False,37.42683880035696,49.04512478098501,4,False,1.4710491334380622e-07
339,341,0.1890909090909091,2.6,0.16636363636363638,0.2090909090909091,1.8,3.1,False,57.47110757923498,69.08939355986303,4,False,9.85334265510038e-12
340,342,0.11363636363636363,8.557641540102521,0.10363636363636364,0.12636363636363637,7.3576415401025255,9.957641540102516,True,22.766391709949204,34.384677690577256,4,False,0.0001409852230098301
341,343,0.6636363636363636,4.036444180959464,0.6454545454545454,0.6727272727272727,4.036444180959464,4.136444180959463,False,1134.1320246274245,1145.7503106080526,4,False,3.025232680400637e-244
342,344,1.4,1.6,1.2181818181818183,1.4,0.8,1.6,False,93.73958306711675,105.3578690477448,4,False,2.1123686100274206e-19
343,345,1.0636363636363637,14.329789542426795,1.0363636363636364,1.090909090909091,14.329789542426795,14.329789542426795,False,148988.10684579515,148999.72513177578,4,False,0.0
344,346,0.18363636363636365,9.364161564578835,0.16636363636363638,0.2090909090909091,8.464161564578838,10.164161564578832,True,7.637161611345647,19.2554475919737,4,True,0.10581094027872118
345,347,0.4909090909090909,4.800000000000001,0.44545454545454544,0.5363636363636364,4.1000000000000005,5.4,False,49.16439518423522,60.78268116486327,4,False,5.395417816485979e-10
346,348,0.1,4.476902070586461,0.08818181818181818,0.11,3.37690207058646,5.676902070586462,True,36.4870962506874,48.10538223131545,4,False,2.2972743795808243e-07
347,349,0.15181818181818182,6.462116795787327,0.14272727272727273,0.16272727272727272,5.562116795787325,7.462116795787328,True,4.891600873340925,16.50988685396898,4,True,0.29860184596528894
348,350,0.02181818181818182,4.286773828356528,0.02090909090909091,0.02181818181818182,4.286773828356528,4.286773828356528,False,5454.356847779043,5465.975133759671,4,False,0.0
349,351,0.23636363636363636,8.476738904718747,0.2181818181818182,0.2545454545454545,7.976738904718746,9.076738904718749,False,7.696512075404559,19.31479805603261,4,True,0.10334969156085311
350,352,0.5,0.0,0.4909090909090909,0.5181818181818182,0.0,0.0,False,251.49389259986697,263.112178580495,4,False,3.1026487390507893e-53
351,353,0.07018181818181819,16.34064650950002,0.060909090909090906,0.07727272727272727,14.740646509500023,17.540646509500014,False,20.145752641587332,31.764038622215384,4,False,0.00046737539590753545
352,354,0.02,13.387725912068165,0.015909090909090907,0.025454545454545455,11.187725912068172,15.687725912068156,False,17.689785434464607,29.30807141509266,4,False,0.0014188055796989301
354,356,0.1481818181818182,10.852823967130863,0.13,0.16636363636363638,9.352823967130869,12.452823967130858,True,3.1638354116581433,14.782121392286195,4,True,0.5307918737017019
355,357,0.02727272727272727,6.227458986579553,0.02727272727272727,0.02727272727272727,6.227458986579553,6.227458986579553,False,2924.6174244118083,2936.2357103924364,4,False,0.0
357,359,0.14454545454545453,8.092678503954778,0.13545454545454547,0.15545454545454546,7.292678503954781,9.092678503954774,False,9.509195027801676,21.127481008429726,4,True,0.04955865254538597
358,360,1.3727272727272726,9.862797323210291,1.0727272727272728,1.4,8.262797323210291,10.06279732321029,False,30.518463730609326,42.13674971123738,4,False,3.837954548069889e-06
359,361,0.1809090909090909,8.145346633890465,0.16272727272727272,0.2090909090909091,7.045346633890469,9.045346633890462,True,6.342598992173671,17.960884972801722,4,True,0.1749820504693798
360,362,0.08727272727272727,3.941953800664305,0.08454545454545455,0.1,3.841953800664305,5.341953800664307,False,40.85432656499333,52.47261254562138,4,False,2.8811136137593312e-08
361,363,0.015,2.4000000000000004,0.012272727272727272,0.019545454545454546,0.1,4.800000000000001,True,0.25751856738224543,11.875804548010297,4,True,0.9923888791709898
362,364,0.16090909090909092,16.710120246039533,0.1481818181818182,0.18363636363636365,15.310120246039538,18.010120246039527,False,22.029912989813624,33.648198970441676,4,False,0.00019769121859124472
363,365,0.2545454545454545,0.5,0.23636363636363636,0.2727272727272727,0.1,1.0,False,66.80414638204178,78.42243236266984,4,False,1.0721327057304191e-13
365,367,0.37272727272727274,0.0,0.36363636363636365,0.37272727272727274,0.0,0.0,False,135.53031522556319,147.14860120619124,4,False,2.5546677540984505e-28
368,370,0.011818181818181818,10.84326973692647,0.01,0.014090909090909091,9.143269736926475,12.843269736926462,False,21.941443663435283,33.55972964406334,4,False,0.00020587157404249092
371,373,0.028181818181818183,1.5092212305214954,0.028181818181818183,0.028181818181818183,1.5092212305214954,1.5092212305214954,False,2603.2914199666225,2614.9097059472506,4,False,0.0
373,375,0.030909090909090907,8.426064127034232,0.025454545454545455,0.04090909090909091,6.12606412703424,11.126064127034223,True,5.975513653468841,17.593799634096893,4,True,0.20098440665986675
374,376,0.15181818181818182,8.401703167118482,0.1409090909090909,0.16090909090909092,7.301703167118486,9.401703167118479,True,11.108203912478173,22.726489893106226,4,True,0.025374492298899556
375,377,0.02909090909090909,8.97349815581057,0.024545454545454544,0.03636363636363636,6.973498155810578,11.073498155810563,True,8.549679483102066,20.16796546373012,4,True,0.07339558878981609
376,378,0.09181818181818181,9.239895071818278,0.07863636363636364,0.10545454545454545,7.539895071818284,10.639895071818273,True,31.64316219523674,43.26144817586479,4,False,2.2627753967851253e-06
377,379,0.023636363636363636,8.339161609939444,0.019545454545454546,0.028181818181818183,6.339161609939451,10.139161609939437,False,12.989485572171901,24.607771552799953,4,True,0.011327283740101586
378,380,0.03909090909090909,5.574636859717356,0.03363636363636364,0.045454545454545456,4.274636859717354,7.3746368597173575,True,8.54810222690581,20.166388207533863,4,True,0.07344251159492378
379,381,0.13181818181818183,9.514847009956524,0.1190909090909091,0.14454545454545453,8.214847009956529,10.71484700995652,False,27.66887203579513,39.28715801642318,4,False,1.455632746045431e-05
380,382,0.18363636363636365,1.6,0.17,0.2,1.2000000000000002,2.1,True,40.143514201926116,51.76180018255417,4,False,4.042475536300514e-08
383,385,0.04090909090909091,8.517155099699902,0.03909090909090909,0.053636363636363635,8.417155099699903,11.717155099699891,False,11.205219296273734,22.823505276901784,4,True,0.024351917721568205
384,386,0.017272727272727273,11.372916111839526,0.014545454545454545,0.02181818181818182,9.772916111839532,13.772916111839518,False,39.724495467655004,51.342781448283056,4,False,4.9351062729471904e-08
386,388,0.09727272727272727,8.697970657608428,0.08454545454545455,0.11,7.3979706576084325,10.197970657608423,False,8.836972498691607,20.45525847931966,4,True,0.06530610452986
387,389,0.034545454545454546,6.41734105879836,0.03272727272727273,0.04181818181818182,6.117341058798361,8.417341058798353,False,42.06853667088306,53.686822651511115,4,False,1.6144773816317296e-08
388,390,0.01090909090909091,11.174352569312815,0.01,0.014545454545454545,10.074352569312818,14.474352569312803,False,19.23562391255777,30.853909893185822,4,False,0.0007064352618956835
389,391,0.028181818181818183,7.576967156489838,0.028181818181818183,0.02909090909090909,7.576967156489838,7.576967156489838,False,39695.33665188849,39706.954937869115,4,False,0.0
390,392,0.3,0.5,0.2818181818181818,0.32727272727272727,0.1,1.0,False,36.47963442504742,48.097920405675474,4,False,2.3054142613722745e-07
391,393,0.1890909090909091,4.6000000000000005,0.16818181818181818,0.2090909090909091,3.8000000000000003,5.2,False,1.2320859194403488,12.850371900068401,4,True,0.8727881548524106
392,394,0.15181818181818182,6.508693359777243,0.14272727272727273,0.16454545454545455,5.708693359777242,7.708693359777244,True,20.47772873950122,32.096014720129276,4,False,0.000401827942334135
394,396,0.5363636363636364,3.3343256285519227,0.4727272727272727,0.609090909090909,2.534325628551922,4.034325628551923,False,49.166202276829736,60.78448825745779,4,False,5.390735398915128e-10
395,397,0.36363636363636365,7.085236120831874,0.32727272727272727,0.39090909090909093,6.285236120831877,7.785236120831872,False,11.006686822862319,22.624972803490373,4,True,0.026488966378103596
396,398,0.1572727272727273,2.3000000000000003,0.15,0.16454545454545455,1.7000000000000002,3.0,False,29.649976410736453,41.2682623913645,4,False,5.7667725579056255e-06
397,399,0.04727272727272727,11.028544138079718,0.04181818181818182,0.05545454545454545,9.628544138079723,12.828544138079712,True,5.437820815409052,17.056106796037103,4,True,0.24524938615438371
398,400,0.015909090909090907,10.369643600351163,0.012727272727272728,0.02,7.869643600351171,12.769643600351154,False,24.146663232255847,35.7649492128839,4,False,7.464573153048998e-05
399,401,0.1481818181818182,16.57740836229148,0.13181818181818183,0.16272727272727272,15.077408362291486,18.077408362291475,True,14.60713704140332,26.22542302203137,4,True,0.0055894009840544686
400,402,0.1590909090909091,14.03236458251619,0.1409090909090909,0.19181818181818183,12.332364582516195,15.832364582516183,True,1.7163627415151086,13.33464872214316,4,True,0.7877432091029781
401,403,0.014545454545454545,9.840411856103898,0.011818181818181818,0.017272727272727273,7.640411856103906,11.340411856103893,False,36.60406146414445,48.2223474447725,4,False,2.1733618938804232e-07
402,404,0.019090909090909092,8.950890356899013,0.016363636363636365,0.022727272727272728,7.450890356899018,10.550890356899007,False,14.928398574530572,26.546684555158624,4,True,0.004852050561769716
403,405,0.05,5.039848553985788,0.04090909090909091,0.05818181818181818,2.6398485539857854,6.539848553985789,True,5.801163344825397,17.41944932545345,4,True,0.21449775998566092
405,407,0.04363636363636364,4.185583708348954,0.038181818181818185,0.049090909090909095,2.6855837083489544,5.485583708348954,True,14.918120457734606,26.536406438362658,4,True,0.004874088601846446
406,408,0.4727272727272727,1.8232757278079372,0.4272727272727273,0.5272727272727272,1.3232757278079372,2.523275727807937,False,54.78664300766873,66.40492898829677,4,False,3.60120487979269e-11
408,410,0.028181818181818183,3.5,0.024545454545454544,0.030909090909090907,2.0,4.6000000000000005,True,5.882811560700551,17.501097541328605,4,True,0.20807257879425903
409,411,0.2727272727272727,6.074224277251971,0.24545454545454545,0.2909090909090909,5.37422427725197,6.574224277251971,False,3.672673795657064,15.290959776285115,4,True,0.45211283158394444
410,412,0.03909090909090909,9.027640471940272,0.031818181818181815,0.046363636363636364,7.227640471940278,11.027640471940265,True,8.39535178425828,20.013637764886333,4,True,0.07812350475285079
412,414,0.15181818181818182,8.020300761954468,0.1390909090909091,0.16272727272727272,6.920300761954472,9.120300761954464,False,34.862981366936616,46.48126734756467,4,False,4.956330356483286e-07
413,415,0.02909090909090909,11.268855621585098,0.023636363636363636,0.038181818181818185,8.868855621585107,13.76885562158509,True,7.611555134725204,19.229841115353256,4,True,0.10688960421880463
414,416,0.2818181818181818,1.0,0.2636363636363636,0.3,0.6000000000000001,1.4000000000000001,False,44.458677288671126,56.07696326929918,4,False,5.151785064541148e-09
417,419,0.011363636363636364,5.049537122909914,0.01,0.013181818181818182,3.9495371229099128,6.549537122909915,False,15.206554799005174,26.824840779633227,4,True,0.004291434687861571
418,420,0.16090909090909092,3.2,0.15,0.16818181818181818,2.3000000000000003,3.9000000000000004,False,11.538009278760294,23.156295259388344,4,True,0.02113868323194326
420,422,0.04818181818181819,12.447810953031436,0.04181818181818182,0.05909090909090909,10.847810953031441,14.547810953031428,True,7.394192468982962,19.012478449611013,4,True,0.11646648390676552
421,423,0.10727272727272727,3.882580392223998,0.09727272727272727,0.11363636363636363,2.682580392223997,4.7825803922239984,True,18.07933590646219,29.697621887090243,4,False,0.0011908071649709584
422,424,0.2636363636363636,5.103812869968032,0.24545454545454545,0.2818181818181818,4.603812869968032,5.703812869968034,False,10.08165518652951,21.69994116715756,4,True,0.03907444633941578
423,425,0.14636363636363636,8.692348572901164,0.13181818181818183,0.1572727272727273,7.292348572901169,9.79234857290116,False,24.405478887420358,36.02376486804841,4,False,6.62341013158718e-05
425,427,0.08272727272727273,9.407398183026155,0.07727272727272727,0.09454545454545454,8.707398183026157,10.70739818302615,False,48.315920560351344,59.934206540979396,4,False,8.109733511708863e-10
427,429,0.02181818181818182,8.55091842823557,0.017727272727272727,0.02727272727272727,6.6509184282355776,10.850918428235563,False,14.260237912182701,25.878523892810755,4,True,0.006509169519340898
428,430,0.11,7.422953002640217,0.10818181818181818,0.12272727272727273,7.422953002640217,8.922953002640211,False,25.729679170231307,37.34796515085936,4,False,3.587451239024084e-05
429,431,0.024545454545454544,5.456987935122239,0.02,0.028181818181818183,3.4569879351222377,6.856987935122241,True,10.607248803880081,22.225534784508135,4,True,0.031351297284611515
432,434,0.4272727272727273,5.943614071762817,0.4,0.4727272727272727,5.443614071762817,6.6436140717628165,False,10.580787101847964,22.199073082476016,4,True,0.03170217734630245
437,439,0.15181818181818182,14.68063836977642,0.13,0.17272727272727273,12.680638369776426,16.480638369776415,True,14.617524436075175,26.235810416703227,4,True,0.00556392451794385
438,440,0.034545454545454546,7.850229755961633,0.02909090909090909,0.04090909090909091,6.250229755961639,9.450229755961628,True,16.24355015866511,27.86183613929316,4,False,0.0027091762467321076
447,449,0.3181818181818182,4.7,0.2909090909090909,0.35454545454545455,4.1000000000000005,5.4,False,13.300448691731882,24.918734672359932,4,True,0.00989733873920314
455,457,0.03636363636363636,14.23690790688616,0.03,0.04363636363636364,12.636907906886165,16.13690790688615,False,24.063399506592113,35.681685487220165,4,False,7.757115440620807e-05
464,466,0.36363636363636365,7.651153296816629,0.32727272727272727,0.4,6.751153296816632,8.351153296816626,False,6.219106900777993,17.837392881406046,4,True,0.1833718762692317
475,477,0.05545454545454545,5.298157191069807,0.04727272727272727,0.06545454545454546,3.598157191069806,6.898157191069808,True,17.99858904368595,29.616875024314,4,False,0.0012348818528916251
481,483,0.13181818181818183,9.809275361175523,0.08727272727272727,0.15,5.009275361175519,11.009275361175526,False,104.66736592162879,116.28565190225683,4,False,9.971760689358912e-22
482,484,0.015,3.1,0.012272727272727272,0.019090909090909092,0.9,5.300000000000001,True,19.846026169042055,31.464312149670107,4,False,0.0005355902068438677
483,485,0.11545454545454546,6.731146070064057,0.10181818181818182,0.13,5.131146070064062,8.231146070064051,True,6.229681755663244,17.847967736291295,4,True,0.1826395549975702
484,486,0.026363636363636363,3.599107857520811,0.02181818181818182,0.03363636363636364,1.599107857520809,6.0991078575208135,True,6.3505464130952465,17.968832393723297,4,True,0.17445413445425598
486,488,0.08272727272727273,30.44526333580624,0.075,0.08636363636363636,29.24526333580622,30.44526333580624,False,58.99596305575962,70.61424903638766,4,False,4.714769790902629e-12
487,489,0.12454545454545454,7.52826619664434,0.11727272727272728,0.1390909090909091,6.928266196644342,8.928266196644335,False,24.81751970480052,36.435805685428576,4,False,5.474351527780319e-05
489,491,0.01818181818181818,9.713536421086241,0.015454545454545453,0.022727272727272728,8.513536421086245,11.913536421086233,False,24.175498361431284,35.79378434205934,4,False,7.365838552627405e-05
491,493,0.06,6.962077740159064,0.05181818181818182,0.07363636363636364,5.662077740159068,9.362077740159055,True,14.414910538275977,26.033196518904028,4,True,0.006082056812040729
492,494,0.01,13.97490680649337,0.01,0.013636363636363636,13.474906806493372,17.07490680649336,False,29.460196494025748,41.078482474653796,4,False,6.30276404094654e-06
493,495,0.09454545454545454,3.9547718250414814,0.08818181818181818,0.10545454545454545,3.554771825041481,5.054771825041483,False,23.428718501579894,35.047004482207946,4,False,0.00010394722429143636
494,496,0.023636363636363636,10.562007006766164,0.01818181818181818,0.03,8.162007006766173,13.262007006766154,True,13.530081288646999,25.14836726927505,4,True,0.008956202647976304
495,497,0.03,4.227694462053582,0.02727272727272727,0.04,3.227694462053581,6.727694462053584,False,9.806119764571685,21.424405745199735,4,True,0.04382332620085867
496,498,0.36363636363636365,20.445263335806096,0.34545454545454546,0.37272727272727274,20.445263335806096,20.445263335806096,False,57823.581626475614,57835.19991245624,4,False,0.0
498,500,0.019545454545454546,17.056492827840398,0.019090909090909092,0.024545454545454544,17.056492827840398,19.35649282784043,False,70.52915657612958,82.14744255675762,4,False,1.7549747581234605e-14
500,502,0.024545454545454544,9.784605515806795,0.019545454545454546,0.03363636363636364,7.684605515806803,13.084605515806784,True,10.992991558843817,22.61127753947187,4,True,0.02664289258327818
501,503,0.06727272727272728,4.382596840833916,0.05818181818181818,0.07818181818181819,2.882596840833915,6.082596840833918,True,14.720728014579304,26.339013995207356,4,True,0.0053169149545251
504,506,0.08090909090909092,4.384894622478793,0.0710909090909091,0.09272727272727273,2.884894622478792,5.884894622478795,True,12.029515567457915,23.647801548085965,4,True,0.017133124240836968
505,507,0.04,9.949516130678507,0.030909090909090907,0.049090909090909095,7.449516130678516,12.249516130678499,True,7.314452850288067,18.93273883091612,4,True,0.12017499077822362
506,508,0.07309090909090908,7.978072527276193,0.07127272727272727,0.08545454545454545,7.978072527276193,9.778072527276187,False,30.8375775504884,42.45586353111645,4,False,3.304047125798134e-06
508,510,0.026363636363636363,7.25198813755741,0.025454545454545455,0.028181818181818183,7.0519881375574105,8.151988137557407,False,232.561433453284,244.17971943391206,4,False,3.7081132133676676e-49
509,511,0.03909090909090909,23.64524432665681,0.026363636363636363,0.07227272727272727,20.445244326656766,30.44524432665691,False,11.029950668210759,22.64823664883881,4,True,0.026229464272188377
510,512,0.10363636363636364,5.40425063250883,0.08818181818181818,0.11727272727272728,4.00425063250883,6.904250632508832,True,10.75348723067518,22.371773211303232,4,True,0.029478737052545955
511,513,0.14272727272727273,8.962774396699437,0.12818181818181817,0.1590909090909091,7.462774396699443,10.562774396699432,True,6.310493405044695,17.928779385672748,4,True,0.17712937147214386
512,514,0.2090909090909091,1.3,0.19181818181818183,0.2272727272727273,0.9,1.8,False,16.7945950606365,28.41288104126455,4,False,0.0021188635843237733
514,516,0.10636363636363637,1.1581147682060076,0.10454545454545455,0.10818181818181818,1.1581147682060076,1.1581147682060076,False,9677.904039749708,9689.522325730337,4,False,0.0
515,517,0.19454545454545455,0.8,0.1781818181818182,0.2181818181818182,0.4,1.3,False,78.54220955476227,90.16049553539031,4,False,3.546250752241424e-16
516,518,0.16454545454545455,2.0,0.15545454545454546,0.17272727272727273,1.3,2.6,False,32.69867073829467,44.316956718922725,4,False,1.376755146386277e-06
517,519,0.13363636363636364,8.846870368993052,0.1190909090909091,0.15181818181818182,7.246870368993058,10.546870368993046,True,13.051723734181055,24.670009714809105,4,True,0.011025808475998945
518,520,0.025454545454545455,17.066051469414166,0.024545454545454544,0.03363636363636364,17.066051469414166,19.966051469414207,False,27.69511044987223,39.31339643050028,4,False,1.4379312668436373e-05
519,521,0.15545454545454546,6.9094725901428635,0.1409090909090909,0.16636363636363638,5.709472590142868,8.00947259014286,False,14.112603194793405,25.730889175421456,4,True,0.00694421038245918
520,522,0.01863636363636364,9.432954385212305,0.014545454545454545,0.023636363636363636,6.8329543852123145,11.732954385212297,False,20.593561583983295,32.21184756461135,4,False,0.0003811707987812439
522,524,0.013181818181818182,9.334013921009772,0.011363636363636364,0.015909090909090907,7.734013921009778,11.534013921009764,False,22.971744417587328,34.590030398215376,4,False,0.000128282662629556
523,525,0.019545454545454546,11.915156689772184,0.015,0.02727272727272727,9.415156689772193,15.215156689772172,True,5.971504306559083,17.589790287187135,4,True,0.20128647985905268
524,526,0.01863636363636364,9.931568668977151,0.015454545454545453,0.022727272727272728,8.431568668977157,11.831568668977145,False,21.125167156251198,32.74345313687925,4,False,0.0002990770734859549
525,527,0.09363636363636364,1.5732329485461198,0.09090909090909091,0.09636363636363636,1.5732329485461198,1.77323294854612,False,166.91574422650865,178.5340302071367,4,False,4.801166920032348e-35
527,529,0.04090909090909091,3.97668625217411,0.034545454545454546,0.04727272727272727,2.3766862521741086,5.676686252174111,False,10.87555493290456,22.493840913532612,4,True,0.027998786758299154
528,530,0.016363636363636365,9.86663012258339,0.015909090909090907,0.01681818181818182,9.86663012258339,9.86663012258339,False,26763.903029899204,26775.521315879832,4,False,0.0
529,531,0.075,3.8424423870387554,0.06909090909090909,0.08545454545454545,2.9424423870387546,5.342442387038757,False,16.07150410319518,27.689790083823233,4,False,0.0029247013869819175
531,533,0.3181818181818182,6.633726547423569,0.2909090909090909,0.35454545454545455,6.033726547423568,7.43372654742357,False,15.261491954876389,26.879777935504443,4,True,0.0041884898149183135
532,534,0.05454545454545455,2.8000000000000003,0.04727272727272727,0.06545454545454546,1.3,4.7,False,5.956217105633387,17.574503086261437,4,True,0.2024419531847132
535,537,0.10363636363636364,10.716655357742889,0.10181818181818182,0.10545454545454545,10.716655357742889,10.716655357742889,False,2573.9190584377043,2585.5373444183324,4,False,0.0
536,538,0.01,14.750128295897381,0.01,0.011818181818181818,14.350128295897383,16.250128295897376,False,67.725135711919,79.34342169254705,4,False,6.855403307162232e-14
537,539,0.36363636363636365,5.560918394252227,0.33636363636363636,0.4,4.960918394252227,6.460918394252229,False,25.017442294142562,36.635728274770614,4,False,4.990518467468158e-05
538,540,0.017272727272727273,11.341440516027628,0.014090909090909091,0.02181818181818182,9.241440516027636,13.64144051602762,False,18.5391139139106,30.157399894538653,4,False,0.0009679084288262969
539,541,0.1409090909090909,2.5,0.13363636363636364,0.15,1.9000000000000001,3.3000000000000003,True,25.69342901212126,37.311714992749316,4,False,3.648291382542947e-05
540,542,0.19454545454545455,5.5628258315923516,0.17272727272727273,0.2181818181818182,4.962825831592351,6.262825831592353,True,7.1326959427624415,18.750981923390494,4,True,0.12903982298639186
541,543,0.046363636363636364,9.773814539000044,0.03727272727272728,0.05818181818181818,7.373814539000053,12.273814539000035,True,3.229704089381583,14.847990070009635,4,True,0.5201466290345069
542,544,0.8454545454545455,9.585580111185003,0.7181818181818181,1.0181818181818183,8.485580111185003,10.885580111185005,False,22.417257004598188,34.03554298522624,4,False,0.00016550890693457302
543,545,0.010454545454545454,9.559159537017672,0.01,0.013636363636363636,8.859159537017675,12.259159537017663,False,16.467837816195765,28.086123796823816,4,False,0.002451548616028852
544,546,0.14636363636363636,0.7856973892573431,0.1390909090909091,0.15545454545454546,0.3856973892573432,1.385697389257343,False,49.08980428877731,60.70809026940536,4,False,5.592277105456896e-10
545,547,0.2545454545454545,6.2480167205061825,0.23636363636363636,0.2818181818181818,5.648016720506181,7.048016720506183,False,16.687471145704507,28.30575712633256,4,False,0.002222707022783998
546,548,0.15363636363636363,3.413580717806443,0.14454545454545453,0.16272727272727272,2.513580717806442,4.213580717806444,False,18.893289364925543,30.511575345553595,4,False,0.0008248047728290933
547,549,0.05090909090909091,4.694574885613667,0.04363636363636364,0.060909090909090906,2.994574885613665,6.494574885613668,True,20.718922379406962,32.337208360035014,4,False,0.0003599986746606156
549,551,0.015454545454545453,11.385095232088178,0.014090909090909091,0.02,10.285095232088182,13.985095232088169,False,23.246999205061954,34.865285185690006,4,False,0.00011302071044219033
550,552,0.02,6.058946209909012,0.015909090909090907,0.025454545454545455,3.6589462099090095,8.358946209909014,False,13.66348774365844,25.28177372428649,4,True,0.008450254920889674
552,554,0.012727272727272728,12.19630257850287,0.012727272727272728,0.013181818181818182,12.19630257850287,12.596302578502868,False,400.08011452934454,411.6984005099726,4,False,2.672942212348847e-85
553,555,0.09636363636363636,9.419452143259246,0.08181818181818182,0.11363636363636363,7.819452143259252,11.419452143259239,True,12.520910880566495,24.13919686119455,4,True,0.013870196456939802
554,556,0.026363636363636363,10.117211228467221,0.019545454545454546,0.034545454545454546,7.117211228467232,12.817211228467212,True,7.821280784492647,19.4395667651207,4,True,0.09834869208369999
555,557,0.01863636363636364,12.167193386295818,0.015454545454545453,0.022727272727272728,10.467193386295824,14.067193386295811,False,20.10063420940035,31.718920190028403,4,False,0.00047706491800473085
556,558,0.014090909090909091,4.275108110523224,0.011818181818181818,0.017727272727272727,2.1751081105232224,6.675108110523226,False,9.922377144116796,21.540663124744846,4,True,0.04175572605708915
557,559,0.2272727272727273,3.0,0.1972727272727273,0.24545454545454545,2.3000000000000003,3.5,False,5.539113150905632,17.157399131533683,4,True,0.2363127356455352
558,560,0.022727272727272728,10.88174311364857,0.019090909090909092,0.02909090909090909,9.281743113648576,13.68174311364856,False,13.72524663924931,25.34353261987736,4,True,0.008225608418682952
559,561,0.1,7.180827372365792,0.08545454545454545,0.11181818181818182,5.880827372365797,8.580827372365787,False,27.93690841074091,39.55519439136896,4,False,1.2845599305645215e-05
560,562,0.03272727272727273,10.755434954978522,0.02727272727272727,0.04,9.055434954978528,12.455434954978516,True,8.321124590167893,19.939410570795943,4,True,0.08049849828213057
561,563,0.5,0.0,0.4909090909090909,0.509090909090909,0.0,0.1,False,151.9876917306206,163.60597771124867,4,False,7.633928630133203e-32
562,564,0.04818181818181819,10.033171595649337,0.046363636363636364,0.060909090909090906,9.633171595649339,12.433171595649329,False,15.717154295122265,27.335440275750315,4,True,0.0034231606477867164
564,566,0.16818181818181818,2.0,0.16272727272727272,0.18636363636363637,1.4000000000000001,2.6,False,17.03831407021871,28.656600050846762,4,False,0.0019000962485545747
565,567,0.06545454545454546,6.64210810140141,0.056363636363636366,0.07727272727272727,4.942108101401409,8.642108101401412,True,3.5490249778001424,15.167310958428194,4,True,0.47046324745566004
566,568,0.24545454545454545,7.802546786346314,0.2181818181818182,0.2727272727272727,6.9025467863463135,8.502546786346315,False,8.613624426178403,20.231910406806456,4,True,0.07151694283490125
567,569,0.04,10.287606267008986,0.031818181818181815,0.05,8.187606267008993,12.887606267008977,True,9.237881262066585,20.85616724269464,4,True,0.05542095627121405
568,570,0.023636363636363636,3.1668847866935645,0.019090909090909092,0.02909090909090909,1.066884786693565,5.366884786693564,True,7.779869066074717,19.39815504670277,4,True,0.09998294899654167
570,572,0.2727272727272727,3.9000000000000004,0.2545454545454545,0.3,3.4000000000000004,4.6000000000000005,False,6.351928428637987,17.97021440926604,4,True,0.174362479149795
572,574,0.06636363636363636,6.626834049272521,0.05818181818181818,0.07681818181818181,5.3268340492725255,8.426834049272514,True,12.165516483941193,23.783802464569245,4,True,0.016161961910052727
573,575,0.15545454545454546,1.7000000000000002,0.1481818181818182,0.16090909090909092,1.0,2.2,True,15.783606712287808,27.401892692915858,4,True,0.0033237105819776147
574,576,0.23636363636363636,11.479869647834866,0.19454545454545455,0.2636363636363636,10.27986964783487,12.379869647834862,False,11.920842205216752,23.539128185844802,4,True,0.017949713470096627
575,577,0.06636363636363636,2.708598652876061,0.06,0.07445454545454545,1.5085986528760613,4.1085986528760605,True,9.024266911375594,20.642552892003646,4,True,0.06049577746034905
577,579,0.02,10.570260427352892,0.017272727272727273,0.024545454545454544,9.070260427352897,12.470260427352885,False,16.50236118359038,28.120647164218433,4,False,0.002414098347004576
578,580,0.1481818181818182,5.615051309660265,0.13363636363636364,0.16090909090909092,4.415051309660269,6.715051309660261,False,14.813170996191674,26.431456976819725,4,True,0.005104819877487505
580,582,0.07036363636363636,8.598731220178964,0.060909090909090906,0.08181818181818182,6.9987312201789695,10.298731220178958,True,24.722468146032817,36.34075412666087,4,False,5.7204583112776804e-05
582,584,0.026363636363636363,12.123183562475841,0.02181818181818182,0.031818181818181815,10.123183562475848,14.123183562475834,True,4.342235593071576,15.960521573699628,4,True,0.3616661777218633
584,586,0.14272727272727273,7.705267035494062,0.12818181818181817,0.15545454545454546,6.30526703549406,8.905267035494063,True,3.7510504497249926,15.369336430353044,4,True,0.44074452473535186
585,587,0.13545454545454547,9.065738172348391,0.12272727272727273,0.1481818181818182,7.765738172348396,10.365738172348387,True,6.539435179603439,18.15772116023149,4,True,0.16232254527813533
586,588,0.10454545454545455,6.74779293317067,0.09,0.11727272727272728,5.347792933170675,8.347792933170664,True,7.166762651899031,18.785048632527083,4,True,0.12733366944285163
588,590,0.44545454545454544,6.0,0.4,0.4909090909090909,5.300000000000001,6.7,False,36.343145410298305,47.96143139092636,4,False,2.4594839202406335e-07
589,591,0.02909090909090909,9.480013634008207,0.024545454545454544,0.03727272727272728,7.580013634008214,11.7800136340082,True,8.034589568465895,19.65287554909395,4,True,0.09031932041286686
590,592,0.02909090909090909,13.433978625773026,0.025454545454545455,0.03363636363636364,11.833978625773032,14.833978625773021,False,33.77827312233486,45.39655910296291,4,False,8.274286734963179e-07
592,594,0.23636363636363636,0.6000000000000001,0.2181818181818182,0.2545454545454545,0.2,1.0,False,100.62071047198518,112.23899645261324,4,False,7.255968018003075e-21
593,595,0.2545454545454545,7.410305816733333,0.2272727272727273,0.2909090909090909,6.610305816733332,8.310305816733333,True,1.296997237773649,12.9152832184017,4,True,0.8618847886088032
594,596,0.025454545454545455,4.510102483046079,0.02090909090909091,0.03,2.510102483046078,6.4101024830460815,False,14.92276950305104,26.54105548367909,4,True,0.004864108104719216
595,597,0.05,8.278912590968833,0.049090909090909095,0.06,8.178912590968833,10.178912590968826,False,54.600485958052325,66.21877193868038,4,False,3.939537908605692e-11
596,598,0.031818181818181815,14.429188272272636,0.030909090909090907,0.03363636363636364,14.429188272272636,14.429188272272636,False,28260.39586274227,28272.014148722898,4,False,0.0
597,599,0.2090909090909091,8.025234982756297,0.18363636363636365,0.24545454545454545,7.3252349827562995,9.025234982756293,False,14.959972654612535,26.578258635240587,4,True,0.004784960591990887
598,600,0.1590909090909091,4.6645650577979225,0.1481818181818182,0.16636363636363638,3.764565057797922,5.464565057797923,False,27.766435457473246,39.384721438101295,4,False,1.3908874372264655e-05
599,601,0.02727272727272727,4.3874637569690895,0.022727272727272728,0.03272727272727273,2.3874637569690877,6.187463756969091,True,9.15987117964112,20.778157160269174,4,True,0.05722534659036422
600,602,0.024545454545454544,19.495326866956304,0.019090909090909092,0.03,17.395326866956275,21.795326866956337,False,14.396128067431963,26.014414048060015,4,True,0.006132418935399365
601,603,0.015454545454545453,3.0,0.013181818181818182,0.01863636363636364,1.3,4.6000000000000005,True,2.0379944205339435,13.656280401161995,4,True,0.7287706156381566
602,604,0.030909090909090907,6.507419921620594,0.03,0.031818181818181815,6.507419921620594,6.507419921620594,False,9331.59441929476,9343.21270527539,4,False,0.0
604,606,0.10727272727272727,1.9582505565478046,0.09818181818181819,0.11727272727272728,1.0582505565478044,2.9582505565478048,True,14.858404799827827,26.47669078045588,4,True,0.005004087268112807
606,608,0.990909090909091,0.0,0.9818181818181818,1.0818181818181818,0.0,0.5,False,82.03003566226256,93.64832164289061,4,False,6.468575223729621e-17
607,609,0.04272727272727273,14.270535867549928,0.034545454545454546,0.05181818181818182,12.170535867549935,16.47053586754992,False,21.993034551498027,33.61132053212608,4,False,0.00020106126504958546
611,613,0.3090909090909091,6.555987611197459,0.2818181818181818,0.34545454545454546,5.755987611197458,7.35598761119746,False,4.378926688895354,15.997212669523407,4,True,0.35714598029837613
612,614,0.06181818181818182,13.327796899902104,0.060909090909090906,0.07281818181818181,13.327796899902104,15.227796899902097,False,31.622102295690727,43.24038827631878,4,False,2.285296754718572e-06
613,615,0.2090909090909091,9.426469797318799,0.18363636363636365,0.23636363636363636,8.526469797318802,10.126469797318796,True,10.126454271092108,21.74474025172016,4,True,0.03835060611035946
614,616,0.4545454545454546,3.8807991418750505,0.4272727272727273,0.4818181818181818,3.3807991418750505,4.38079914187505,False,68.7489025984612,80.36718857908926,4,False,4.1692236672409907e-14
615,617,0.06636363636363636,15.234028522905422,0.06,0.07772727272727273,14.434028522905425,17.234028522905415,False,16.06406122034875,27.682347200976803,4,False,0.002934396718314989
616,618,0.02909090909090909,4.10789706719714,0.024545454545454544,0.035454545454545454,2.1078970671971375,6.007897067197141,True,6.500507956713459,18.11879393734151,4,True,0.1647583807172951
618,620,0.045454545454545456,8.097464291490542,0.038181818181818185,0.05272727272727273,6.3974642914905395,9.797464291490543,True,1.4348455382494882,13.05313151887754,4,True,0.8381166463609595
619,621,0.02909090909090909,12.897264342086533,0.024545454545454544,0.03909090909090909,10.89726434208654,15.597264342086524,False,9.80728415322446,21.42557013385251,4,True,0.04380213953192948
622,624,0.2090909090909091,3.4000000000000004,0.18636363636363637,0.2272727272727273,2.8000000000000003,3.9000000000000004,False,13.768862991281026,25.387148971909077,4,True,0.008070487599292834
623,625,0.24545454545454545,5.268484962398745,0.2181818181818182,0.2727272727272727,4.568484962398744,5.968484962398746,False,22.802951812076298,34.421237792704346,4,False,0.00013863577109078307
624,626,0.035454545454545454,4.388385649312244,0.02909090909090909,0.04272727272727273,2.5883856493122424,6.288385649312246,True,8.479628473361432,20.097914453989482,4,True,0.07550713000820525
625,627,0.07909090909090909,7.245221766651227,0.06909090909090909,0.09363636363636364,5.545221766651233,9.04522176665122,True,5.8530839627084426,17.471369943336494,4,True,0.21039199492470492
626,628,0.015,9.53909887250943,0.012727272727272728,0.01818181818181818,7.739098872509436,11.239098872509423,False,38.94985261439166,50.56813859501971,4,False,7.134594860518444e-08
627,629,0.4181818181818182,5.96851885675237,0.37272727272727274,0.4818181818181818,5.06851885675237,6.76851885675237,True,4.935489150520017,16.55377513114807,4,True,0.2939809907813964
629,631,0.04363636363636364,2.130488154559888,0.03727272727272728,0.049090909090909095,0.5304881545598883,3.4304881545598875,True,10.907817083512182,22.526103064140234,4,True,0.02761979318192841
630,632,0.15545454545454546,13.373524825910538,0.14272727272727273,0.16636363636363638,12.173524825910542,14.473524825910534,False,49.73749298295111,61.35577896357916,4,False,4.0965287933843954e-10
631,633,0.025454545454545455,10.346529897094696,0.02181818181818182,0.02909090909090909,8.9465298970947,11.84652989709469,False,131.8558315379251,143.47411751855316,4,False,1.5612673543050489e-27
633,635,0.07545454545454545,6.1042636037190885,0.06727272727272728,0.08636363636363636,4.804263603719088,7.60426360371909,False,8.920415813762485,20.538701794390537,4,True,0.06311978304295252
634,636,0.08,15.833300265223224,0.06636363636363636,0.11,13.933300265223231,19.33330026522321,True,5.64617864285478,17.26446462348283,4,True,0.22717593837972155
635,637,0.01681818181818182,11.260967484752886,0.013636363636363636,0.02,9.160967484752893,12.96096748475288,False,24.19349447395076,35.81178045457881,4,False,7.304876397860844e-05
637,639,0.12272727272727273,8.513032111595782,0.11,0.1390909090909091,7.213032111595787,10.013032111595777,True,26.934065959893985,38.55235194052204,4,False,2.049846594369539e-05
638,640,0.2727272727272727,8.078734772078736,0.24545454545454545,0.3,7.278734772078736,8.878734772078737,True,3.0429082612967453,14.661194241924797,4,True,0.5506706612141927
639,641,0.07072727272727274,19.155505155639027,0.05909090909090909,0.08363636363636363,16.955505155639038,21.15550515563902,True,8.597411837935335,20.215697818563385,4,True,0.07198890317198332
640,642,0.2,7.584880766016539,0.1781818181818182,0.23636363636363636,6.884880766016542,8.484880766016536,False,35.10553296801158,46.72381894863963,4,False,4.419153144608591e-07
641,643,0.035454545454545454,6.162064545298055,0.02909090909090909,0.04181818181818182,4.462064545298054,7.762064545298056,False,3.3613079800785766,14.979593960706628,4,True,0.49927751319454383
642,644,0.16272727272727272,10.310004640310574,0.15181818181818182,0.18363636363636365,9.210004640310578,11.610004640310569,False,14.790791914136175,26.409077894764227,4,True,0.00515539004042318
643,645,0.05272727272727273,7.520073327842324,0.045454545454545456,0.06363636363636364,5.92007332784233,9.520073327842317,True,3.527581014754044,15.145866995382097,4,True,0.4736970021656126
644,646,0.1390909090909091,2.436654322987816,0.13181818181818183,0.1481818181818182,1.8366543229878163,3.336654322987816,False,28.256415301430945,39.87470128205899,4,False,1.1065851941066489e-05
645,647,0.12818181818181817,5.024935522680263,0.12636363636363637,0.13,5.024935522680263,5.024935522680263,False,656.1720342867648,667.7903202673928,4,False,1.0748864656583118e-140
647,649,0.14272727272727273,4.014179397444371,0.13363636363636364,0.15181818181818182,3.2141793974443704,4.814179397444372,False,164.49411916220384,176.1124051428319,4,False,1.588271612133092e-34
648,650,0.12090909090909091,9.076404511558165,0.1090909090909091,0.13363636363636364,7.7764045115581695,10.37640451155816,True,10.713322973256552,22.331608953884604,4,True,0.029981997205950062
650,652,0.3181818181818182,8.304357871355425,0.2818181818181818,0.36363636363636365,7.404357871355424,9.204357871355427,False,6.956305226586519,18.57459120721457,4,True,0.13821538979070788
651,653,0.2909090909090909,8.7310980632863,0.2727272727272727,0.34545454545454546,8.131098063286302,9.931098063286296,True,3.133929822330354,14.752215802958407,4,True,0.5356680183395077
652,654,0.05454545454545455,5.197031768893493,0.04727272727272727,0.06545454545454546,3.7970317688934916,7.097031768893494,True,17.751516525121886,29.369802505749938,4,False,0.0013799953234273359
653,655,0.10454545454545455,7.4897152994237555,0.09,0.11727272727272728,6.089715299423753,8.889715299423756,False,7.631740973110334,19.250026953738384,4,True,0.10603843341101948
655,657,0.16636363636363638,6.581484609009683,0.1572727272727273,0.18636363636363637,5.681484609009682,7.481484609009684,True,10.106444432417035,21.724730413045087,4,True,0.038672308093155645
658,660,0.34545454545454546,5.300000000000001,0.3181818181818182,0.38181818181818183,4.7,6.1000000000000005,False,22.712366123537134,34.33065210416518,4,False,0.00014452956471950113
659,661,0.02909090909090909,1.688445360056984,0.02909090909090909,0.02909090909090909,1.688445360056984,1.688445360056984,False,941.2334023539771,952.8516883346051,4,False,1.9379954965535763e-202
660,662,0.04818181818181819,11.099863684139775,0.04454545454545455,0.057272727272727274,10.199863684139778,12.999863684139768,False,23.337074623410626,34.955360604038674,4,False,0.00010842891412585184
662,664,0.2636363636363636,10.148976999553252,0.23636363636363636,0.2909090909090909,9.448976999553254,10.84897699955325,False,26.464861212342086,38.08314719297014,4,False,2.549808006839437e-05
663,665,0.05454545454545455,9.980486313493154,0.046363636363636364,0.06454545454545454,8.18048631349316,11.780486313493148,True,7.671512116105861,19.28979809673391,4,True,0.10437985629776307
664,666,0.15,15.39556648219978,0.13363636363636364,0.16636363636363638,13.895566482199785,17.09556648219977,False,20.736895018519142,32.355180999147194,4,False,0.0003570603461835102
665,667,0.16454545454545455,16.130308659288097,0.15181818181818182,0.19181818181818183,14.730308659288102,17.330308659288093,False,24.31930242379422,35.93758840442227,4,False,6.892471127708895e-05
666,668,0.10727272727272727,11.542914041241314,0.10636363636363637,0.10818181818181818,11.542914041241314,11.542914041241314,False,69472.40412239874,69484.02240837937,4,False,0.0
667,669,0.05545454545454545,7.621120708628554,0.053636363636363635,0.06636363636363636,7.521120708628555,9.521120708628548,False,33.92347497038874,45.54176095101679,4,False,7.726082681406069e-07
668,670,0.030909090909090907,5.795499192223714,0.03,0.034545454545454546,5.795499192223714,6.695499192223711,False,116.41868606667403,128.03697204730207,4,False,3.1073757182213545e-24
670,672,0.15181818181818182,7.648677640650341,0.13727272727272727,0.16090909090909092,6.248677640650341,8.448677640650342,True,5.216865355771035,16.835151336399086,4,True,0.2657606569729771
671,673,0.13181818181818183,7.751648374259325,0.1190909090909091,0.14272727272727273,6.251648374259323,8.751648374259325,False,2.4482133270457616,14.066499307673814,4,True,0.6539323795412364
672,674,0.01,17.794694470800586,0.01,0.010454545454545454,17.194694470800584,18.594694470800583,False,429.0369404271324,440.65522640776044,4,False,1.476714759561832e-91
673,675,0.1390909090909091,15.296965238739789,0.12090909090909091,0.15363636363636363,13.596965238739795,16.796965238739784,True,16.639693093525608,28.25797907415366,4,False,0.0022706244819532
674,676,0.01,14.103923436327328,0.01,0.011363636363636364,13.903923436327329,15.203923436327324,False,48.24566098820097,59.86394696882902,4,False,8.387960886493052e-10
675,677,0.03,3.592015177169303,0.02727272727272727,0.03636363636363636,2.392015177169302,5.292015177169304,False,13.488559005225762,25.10684498585381,4,True,0.009119638986492191
676,678,0.057272727272727274,12.907193120016464,0.05272727272727273,0.06909090909090909,12.207193120016466,15.107193120016456,False,27.907585711836273,39.52587169246432,4,False,1.3022552634518832e-05
678,680,0.18636363636363637,7.605493830494478,0.16454545454545455,0.2181818181818182,6.605493830494481,8.505493830494474,False,47.39481861373886,59.013104594366915,4,False,1.261819695455933e-09
679,681,0.4818181818181818,12.025035668771169,0.39090909090909093,0.6272727272727272,10.625035668771174,14.025035668771162,True,2.768536712181404,14.386822692809456,4,True,0.5972759481065613
680,682,0.2636363636363636,8.851252264236425,0.23636363636363636,0.2909090909090909,7.8512522642364235,9.551252264236425,True,4.031859822975849,15.650145803603902,4,True,0.4017112626642018
682,684,0.11181818181818182,1.3,0.10363636363636364,0.12090909090909091,0.5,2.2,True,22.802486290582145,34.4207722712102,4,False,0.00013866544118024493
683,685,0.014545454545454545,5.147901372304586,0.012272727272727272,0.01818181818181818,3.247901372304585,7.347901372304589,True,16.094474723119347,27.7127607037474,4,False,0.0028949775742321327
684,686,0.6818181818181818,7.4,0.6,0.7727272727272727,6.5,8.3,False,41.23870128860544,52.85698726923349,4,False,2.398680696595026e-08
686,688,0.03363636363636364,4.831326185049116,0.028181818181818183,0.038181818181818185,3.131326185049115,5.931326185049118,True,14.792403851991127,26.410689832619177,4,True,0.005151731155640272
689,691,0.02181818181818182,6.6810930011420755,0.015,0.03909090909090909,3.7810930011420734,12.381093001142082,True,1.9832857649487352,13.601571745576788,4,True,0.7388332581312286
690,692,0.05909090909090909,11.448726979736227,0.04818181818181819,0.07072727272727274,9.348726979736234,13.44872697973622,True,9.60026303733845,21.218549017966502,4,True,0.04772733780095108
692,694,0.015,4.410359489098669,0.013181818181818182,0.017727272727272727,2.910359489098668,5.910359489098671,False,25.484026599461203,37.102312580089254,4,False,4.020354045063653e-05
693,695,0.031818181818181815,4.077050051032429,0.02727272727272727,0.038181818181818185,2.477050051032429,5.777050051032429,True,6.106074829824863,17.724360810452914,4,True,0.19136535285857598
694,696,0.028181818181818183,10.00480319170507,0.023636363636363636,0.03363636363636364,8.004803191705077,11.804803191705064,False,11.203918499868037,22.82220448049609,4,True,0.024365360940486448
695,697,0.16636363636363638,8.263277826963678,0.15363636363636363,0.18636363636363637,6.963277826963683,9.163277826963675,True,40.708319066469926,52.32660504709798,4,False,3.088753950538161e-08
696,698,0.2272727272727273,15.131783218496775,0.1781818181818182,0.2818181818181818,13.53178321849678,16.73178321849677,False,5.009362267353805,16.627648247981856,4,True,0.28633821639978607
697,699,0.07545454545454545,14.966910574056833,0.07336363636363635,0.08090909090909092,14.966910574056833,15.76691057405683,False,103.2245430933734,114.84282907400146,4,False,2.023775442904449e-21
698,700,0.05818181818181818,4.821079471229323,0.04818181818181819,0.06727272727272728,2.7210794712293214,6.421079471229325,True,4.4823974989307676,16.100683479558818,4,True,0.3446397867811244
700,702,0.37272727272727274,8.61317685271063,0.3090909090909091,0.44545454545454544,7.413176852710629,9.913176852710631,True,0.716777159796772,12.335063140424824,4,True,0.9492439528100715
701,703,0.23636363636363636,5.411083134039241,0.2090909090909091,0.2545454545454545,4.7110831340392405,6.011083134039241,False,7.70353212630773,19.32181810693578,4,True,0.10306212803872095
702,704,0.16454545454545455,5.207559273117105,0.1572727272727273,0.1809090909090909,4.507559273117105,6.0075592731171055,True,8.70573772669987,20.32402370732792,4,True,0.06889055383318317
703,705,0.37272727272727274,0.0,0.36363636363636365,0.4,0.0,0.4,False,98.74548910456434,110.3637750851924,4,False,1.8192194831786026e-20
705,707,0.019545454545454546,8.109025328338818,0.015909090909090907,0.024545454545454544,6.109025328338825,10.50902532833881,False,20.214545513909197,31.83283149453725,4,False,0.0004529754356638847
706,708,0.015,10.52618925604933,0.013181818181818182,0.01863636363636364,9.026189256049335,12.426189256049323,False,6.442263242858647,18.0605492234867,4,True,0.16846481356104
709,711,0.1390909090909091,5.177832388134743,0.13,0.15181818181818182,4.377832388134742,6.277832388134743,False,6.462198522887903,18.080484503515954,4,True,0.16718781973415722
710,712,0.3,7.454234122212855,0.2727272727272727,0.33636363636363636,6.654234122212855,8.254234122212857,True,4.964169461567005,16.582455442195055,4,True,0.29099373076887025
711,713,0.16090909090909092,8.482049484598416,0.15,0.1781818181818182,7.48204948459842,9.482049484598413,True,89.90560215588127,101.52388813650933,4,False,1.3789818019308365e-18
712,714,0.2272727272727273,7.558096751257912,0.1890909090909091,0.2545454545454545,6.558096751257912,8.358096751257913,True,2.809102936617729,14.42738891724578,4,True,0.5902624078987171
713,715,0.1390909090909091,6.731892814702871,0.12818181818181817,0.15,5.731892814702871,7.831892814702872,True,5.929876960825626,17.54816294145368,4,True,0.20444666566569553
714,716,0.1481818181818182,9.442466724723554,0.13545454545454547,0.1590909090909091,8.142466724723558,10.54246672472355,False,23.986307414167175,35.60459339479523,4,False,8.038112875870993e-05
715,717,0.1390909090909091,6.527594709356869,0.13727272727272727,0.15181818181818182,6.527594709356869,7.727594709356865,False,288.3549595234513,299.9732455040794,4,False,3.518968487051596e-61
716,718,0.5545454545454546,6.910175118706177,0.4727272727272727,0.6363636363636364,5.910175118706177,7.910175118706177,False,45.79540414285225,57.4136901234803,4,False,2.716504849464154e-09
717,719,0.015909090909090907,12.191713570764701,0.013181818181818182,0.02,10.091713570764709,14.491713570764693,False,11.658413448496717,23.27669942912477,4,True,0.020080658252398235
718,720,1.4,10.194433232517849,1.4,1.4,10.194433232517849,10.194433232517849,False,932295.1235447079,932306.7418306886,4,False,0.0
719,721,0.15,5.66967601102079,0.13727272727272727,0.16272727272727272,4.569676011020794,6.869676011020786,False,20.775683702440585,32.39396968306863,4,False,0.0003507995538693703
720,722,0.5818181818181818,11.783850944015347,0.4818181818181818,0.7636363636363637,10.383850944015352,13.88385094401534,False,46.07463203357965,57.6929180142077,4,False,2.3763299911823215e-09
722,724,0.08454545454545455,4.705254342821105,0.07545454545454545,0.10090909090909092,3.505254342821104,6.305254342821106,True,40.726805564268425,52.345091544896476,4,False,3.0616600519520465e-08
723,725,1.4,11.472592882439717,1.4,1.4,11.472592882439717,11.472592882439717,False,16599.952572217724,16611.570858198353,4,False,0.0
725,727,0.4272727272727273,7.578918390963123,0.4090909090909091,0.44545454545454544,7.578918390963123,7.778918390963122,False,573.8032110272429,585.4214970078709,4,False,7.235356975036663e-123
726,728,0.39090909090909093,20.261711831014583,0.38181818181818183,0.4,20.261711831014583,20.261711831014583,False,26541.76087049466,26553.37915647529,4,False,0.0
727,729,0.8,20.427651215145072,0.7818181818181819,0.8272727272727273,20.427651215145072,20.427651215145072,False,15254.704803072542,15266.32308905317,4,False,0.0
728,730,0.1590909090909091,6.9614259724861824,0.15,0.17,6.061425972486181,7.9614259724861824,False,30.670179696848958,42.28846567747701,4,False,3.5741817003566836e-06
730,732,0.2090909090909091,5.088014800826079,0.1890909090909091,0.24545454545454545,4.488014800826078,5.988014800826079,True,10.237513470789706,21.85579945141776,4,True,0.036611319614053554
732,734,0.024545454545454544,8.550585314453214,0.02090909090909091,0.03,6.85058531445322,10.750585314453206,False,24.79875403211468,36.41704001274273,4,False,5.522091389536139e-05
734,736,0.4181818181818182,19.654067601331832,0.4090909090909091,0.4363636363636364,19.654067601331832,19.654067601331832,False,18676.70349611916,18688.32178209979,4,False,0.0
735,737,0.014090909090909091,4.0,0.011818181818181818,0.01681818181818182,2.1,5.7,True,6.247694004641249,17.865979985269302,4,True,0.18139822321505666
738,740,0.017727272727272727,3.9000000000000004,0.012727272727272728,0.025454545454545455,0.5,7.4,True,11.61055925577714,23.228845236405192,4,True,0.020494865223897058
739,741,0.02909090909090909,2.9000000000000004,0.025454545454545455,0.03636363636363636,1.4000000000000001,4.800000000000001,True,8.993144310308201,20.611430290936255,4,True,0.06127106920231346
741,743,0.16636363636363638,20.81096357250628,0.15363636363636363,0.2,19.510963572506263,22.410963572506304,False,18.510755170120618,30.12904115074867,4,False,0.0009803750311991892
742,744,0.060909090909090906,21.40118171205332,0.049090909090909095,0.07163636363636364,19.201181712053287,23.201181712053344,False,3.5737675972302076,15.19205357785826,4,True,0.46675081751406644
743,745,0.060909090909090906,19.240881069524228,0.05909090909090909,0.07309090909090908,19.240881069524228,21.340881069524258,False,31.538641880403627,43.156927861031676,4,False,2.3767659052322553e-06
744,746,0.016363636363636365,11.312994870267405,0.013636363636363636,0.02,9.412994870267411,13.312994870267397,False,18.051561126049563,29.669847106677615,4,False,0.0012057895104225923
746,748,1.4,20.445263335806096,1.4,1.4,20.445263335806096,20.445263335806096,False,173038.8377784895,173050.45606447014,4,False,0.0
747,749,0.4181818181818182,15.219970791211159,0.35454545454545455,0.4818181818181818,13.919970791211163,16.419970791211156,False,9.231301685570333,20.849587666198385,4,True,0.05557102482178514
749,751,0.2090909090909091,19.68290134270213,0.2090909090909091,0.2181818181818182,19.68290134270213,19.68290134270213,False,5848.333746894345,5859.952032874972,4,False,0.0
750,752,0.13181818181818183,7.193645497889374,0.1190909090909091,0.14636363636363636,5.893645497889379,8.39364549788937,True,24.14454258396075,35.7628285645888,4,False,7.471886154756046e-05
753,755,0.01,7.863480879911435,0.01,0.01,7.363480879911437,8.363480879911434,False,1815.1947312535635,1826.8130172341916,4,False,0.0
754,756,0.023636363636363636,6.105164791021696,0.023636363636363636,0.023636363636363636,6.105164791021696,6.105164791021696,False,6504.96063430801,6516.578920288638,4,False,0.0
756,758,0.02727272727272727,7.740439749599965,0.022727272727272728,0.030909090909090907,5.640439749599972,9.04043974959996,False,18.95838587542125,30.576671856049302,4,False,0.0008008785290326443
757,759,0.33636363636363636,12.607587997694411,0.3,0.37272727272727274,11.807587997694414,13.507587997694408,False,176.4471438177585,188.06542979838656,4,False,4.319854821876783e-37
758,760,0.025454545454545455,5.290736142327988,0.024545454545454544,0.03,5.290736142327988,7.090736142327982,False,270.14007634855886,281.7583623291869,4,False,2.975707619869302e-57
760,762,0.9,13.018208050551964,0.6545454545454545,0.9363636363636364,10.618208050551962,13.018208050551964,False,546.4593130453012,558.0775990259292,4,False,5.970109538957063e-117
761,763,0.028181818181818183,3.7147931978670576,0.023636363636363636,0.034545454545454546,1.7147931978670559,5.71479319786706,True,7.082039036464085,18.700325017092137,4,True,0.13161583140421917
762,764,0.09545454545454546,7.257123539862802,0.09363636363636364,0.09818181818181819,7.257123539862802,7.457123539862801,False,588.3880799819997,600.0063659626277,4,False,5.049628261734383e-126
763,765,0.10727272727272727,3.930885021440379,0.09454545454545454,0.11727272727272728,2.730885021440378,5.03088502144038,True,18.111757105119956,29.730043085748008,4,False,0.0011735509124819385
764,766,0.034545454545454546,20.445263335806096,0.03363636363636364,0.03727272727272728,20.445263335806096,21.045263335806105,False,1789.2193573036793,1800.8376432843074,4,False,0.0
765,767,0.9545454545454546,30.045263335806233,0.7818181818181819,1.0272727272727273,28.44526333580621,30.44526333580624,False,4.209309200770102,15.827595181398154,4,True,0.3784194165069806
767,769,0.24545454545454545,10.009393640560058,0.2090909090909091,0.2636363636363636,9.009393640560061,10.509393640560056,False,5.5964884220855415,17.214774402713594,4,True,0.2313773617202118
768,770,0.06636363636363636,10.787779044088644,0.056363636363636366,0.07863636363636364,8.98777904408865,12.787779044088637,False,0.4246157004599891,12.042901681088042,4,True,0.9804123867775687
770,772,0.3181818181818182,4.0,0.2909090909090909,0.34545454545454546,3.4000000000000004,4.6000000000000005,False,29.051666464240032,40.66995244486809,4,False,7.63072318486416e-06
771,773,0.024545454545454544,8.850232361401472,0.02090909090909091,0.02727272727272727,7.250232361401478,9.950232361401468,True,22.608743540694316,34.227029521322365,4,False,0.0001515769497780696
773,775,0.13545454545454547,7.207634173932805,0.12272727272727273,0.1481818181818182,5.907634173932803,8.307634173932804,False,3.2989436696946637,14.917229650322716,4,True,0.5090996414692337
775,777,0.15363636363636363,22.022365152623422,0.13545454545454547,0.18636363636363637,20.322365152623398,24.222365152623453,False,179.25920931265128,190.87749529327934,4,False,1.075541984697056e-37
776,778,0.6363636363636364,30.44526333580624,0.5818181818181818,0.6545454545454545,29.74526333580623,30.44526333580624,False,18.133927073750453,29.752213054378505,4,False,0.001161893344186666
778,780,0.04454545454545455,10.342007326158857,0.04363636363636364,0.04454545454545455,10.342007326158857,10.442007326158857,False,4530.487967248381,4542.106253229009,4,False,0.0
779,781,0.1972727272727273,6.521727302691168,0.17545454545454547,0.2272727272727273,5.721727302691168,7.321727302691169,False,13.036667225001482,24.654953205629532,4,True,0.011098014137767747
780,782,0.030909090909090907,8.43202498032775,0.026363636363636363,0.038181818181818185,6.732024980327756,10.232024980327743,False,16.761759420441294,28.380045401069346,4,False,0.002150174739708082
781,783,0.6636363636363636,10.559902004779982,0.5545454545454546,0.8181818181818182,9.359902004779986,12.059902004779977,False,18.65208701998489,30.270373000612942,4,False,0.0009197815976988892
782,784,0.7636363636363637,14.320087945598386,0.5818181818181818,1.0272727272727273,12.420087945598393,16.42008794559838,True,10.612698510143261,22.230984490771313,4,True,0.03127950116268518
783,785,0.05454545454545455,4.417214888058451,0.04818181818181819,0.06272727272727273,3.2172148880584497,5.817214888058452,True,9.234302263437916,20.85258824406597,4,True,0.055502538951458125
784,786,0.01,4.322256253861527,0.01,0.01,4.322256253861527,4.522256253861526,False,6786.927749688081,6798.546035668709,4,False,0.0
785,787,0.2272727272727273,10.931632703504498,0.19181818181818183,0.2636363636363636,10.031632703504501,11.831632703504495,True,5.89392527719953,17.51221125782758,4,True,0.20721128459776827
786,788,0.24545454545454545,6.4536294866995405,0.2272727272727273,0.2727272727272727,5.9536294866995405,7.153629486699542,False,42.987440559098445,54.6057265397265,4,False,1.0410154551533099e-08
787,789,0.5363636363636364,0.0,0.5272727272727272,0.5454545454545454,0.0,0.1,False,212.99042508006738,224.60871106069544,4,False,6.040960102990467e-45
788,790,0.06636363636363636,4.338434761019956,0.057272727272727274,0.07390909090909091,2.738434761019954,5.538434761019957,True,14.202996642823377,25.82128262345143,4,True,0.0066745779918609485
789,791,0.16636363636363638,9.585853269741227,0.15363636363636363,0.1972727272727273,8.385853269741231,10.785853269741223,False,118.05458047821419,129.67286645884224,4,False,1.3903441256106992e-24
790,792,0.11727272727272728,3.7544916757142754,0.11545454545454546,0.1190909090909091,3.7544916757142754,3.8544916757142755,False,298.5469910889754,310.16527706960346,4,False,2.2296001214628208e-63
791,793,0.2818181818181818,11.218423363592855,0.24545454545454545,0.3181818181818182,10.218423363592859,12.118423363592852,True,1.8275892512453973,13.44587523187345,4,True,0.7674310509234124
793,795,0.2636363636363636,22.81037294167003,0.2181818181818182,0.3181818181818182,21.51037294167001,24.210372941670048,False,0.6940092242208242,12.312295204848876,4,True,0.9520656459853974
795,797,0.15,17.329376496112552,0.13,0.17,15.629376496112558,19.229376496112543,True,11.807396847916886,23.425682828544936,4,True,0.018842484356305533
798,800,0.011363636363636364,4.003489714643112,0.01,0.014545454545454545,2.5034897146431105,6.703489714643114,True,7.775948447232373,19.394234427860425,4,True,0.10013897826864081
799,801,0.15363636363636363,4.312155587367977,0.15181818181818182,0.15545454545454546,4.312155587367977,4.312155587367977,False,2365.904855896457,2377.523141877085,4,False,0.0
800,802,0.1590909090909091,2.9491482088419856,0.15181818181818182,0.16454545454545455,2.2491482088419854,3.6491482088419853,False,26.468291304689107,38.08657728531716,4,False,2.545745448425258e-05
802,804,0.39090909090909093,7.984378855641081,0.35454545454545455,0.4545454545454546,7.18437885564108,9.084378855641082,False,6.3959766695317235,18.014262650159775,4,True,0.1714638379350654
803,805,0.04818181818181819,15.646168268148703,0.04,0.06454545454545454,13.64616826814871,18.746168268148693,True,7.778307745830789,19.39659372645884,4,True,0.10004505779497683
804,806,0.34545454545454546,7.959872198286154,0.3090909090909091,0.38181818181818183,7.059872198286154,8.759872198286155,True,2.2872020978191863,13.905488078447238,4,True,0.6831000794409077
805,807,0.10090909090909092,10.915701555523759,0.08636363636363636,0.11181818181818182,9.515701555523764,12.315701555523754,True,33.54775000325414,45.16603598388219,4,False,9.225305740415843e-07
806,808,0.2727272727272727,9.184181631028155,0.2545454545454545,0.3,8.684181631028157,9.984181631028152,False,11.964113985578827,23.58239996620688,4,True,0.017620127519068742
807,809,0.09727272727272727,10.711619836617785,0.08181818181818182,0.11181818181818182,9.011619836617792,12.31161983661778,False,1.6642347154016677,13.282520696029719,4,True,0.7972037125875585
808,810,0.05181818181818182,6.0747627151349715,0.05,0.053636363636363635,6.0747627151349715,6.0747627151349715,False,28238.754672080922,28250.37295806155,4,False,0.0
811,813,0.11363636363636363,9.571697068621877,0.10090909090909092,0.12818181818181817,8.071697068621882,11.17169706862187,True,11.522387876917747,23.1406738575458,4,True,0.021279854628831595
812,814,0.8363636363636364,10.77294450724359,0.7090909090909091,1.0,9.672944507243589,12.07294450724359,False,47.2547740685141,58.873060049142154,4,False,1.3495050835422827e-09
813,815,0.07590909090909091,13.165164037380091,0.06545454545454546,0.08636363636363636,11.465164037380097,14.665164037380086,False,7.234449696046838,18.85273567667489,4,True,0.12400529587029913
816,818,0.5272727272727272,24.067244167182313,0.4272727272727273,0.6727272727272727,22.267244167182287,25.96724416718234,True,9.80515161987212,21.423437600500172,4,True,0.04384094958472026
817,819,0.04454545454545455,13.905427696881906,0.03727272727272728,0.05454545454545455,12.005427696881913,16.105427696881897,False,10.605444407859837,22.223730388487887,4,True,0.03137510396227374
818,820,0.16272727272727272,6.3001621142004325,0.16272727272727272,0.16454545454545455,6.3001621142004325,6.3001621142004325,False,2327.190785556849,2338.809071537477,4,False,0.0
819,821,0.19454545454545455,1.4000000000000001,0.17272727272727273,0.2090909090909091,0.8,1.8,False,39.74255763281571,51.36084361344376,4,False,4.892854727970548e-08
821,823,0.03636363636363636,17.78675301721731,0.03,0.045454545454545456,16.28675301721729,20.086753017217344,False,15.869864899899586,27.488150880527638,4,True,0.0031988501511067712
823,825,0.02727272727272727,8.234438641641168,0.022727272727272728,0.030909090909090907,6.334438641641174,9.534438641641163,True,8.254400363987537,19.872686344615587,4,True,0.08269133611233434
824,826,0.4909090909090909,8.879047081405668,0.44545454545454544,0.5727272727272728,8.07904708140567,9.979047081405664,True,1.015042546059842,12.633328526687894,4,True,0.9075065347454276
825,827,0.04090909090909091,0.6868463162958438,0.04,0.04090909090909091,0.6868463162958438,0.6868463162958438,False,8404.596348943327,8416.214634923956,4,False,0.0
826,828,0.03363636363636364,7.760959492179505,0.02727272727272727,0.04,5.660959492179503,9.360959492179507,True,0.9433831281082814,12.561669108736334,4,True,0.9182559624829114
828,830,0.06909090909090909,16.674419753410938,0.06454545454545454,0.08090909090909092,15.974419753410928,18.674419753410966,False,27.735704525912492,39.35399050654054,4,False,1.4109659176372193e-05
829,831,0.06545454545454546,14.057060092030314,0.056363636363636366,0.07727272727272727,12.45706009203032,16.057060092030305,False,1.7409097274735306,13.359195708101582,4,True,0.7832735991617348
830,832,0.09363636363636364,13.70208313299586,0.07727272727272727,0.10727272727272727,11.702083132995867,15.202083132995854,True,39.90684052391169,51.52512650453974,4,False,4.524750209766875e-08
831,833,0.08181818181818182,3.6166935560151883,0.07390909090909091,0.09454545454545454,2.416693556015187,5.116693556015189,True,13.92587973299381,25.54416571362186,4,True,0.0075354132460988986
832,834,0.010454545454545454,10.755670039325357,0.01,0.012272727272727272,10.15567003932536,12.355670039325352,False,104.07389492611907,115.69218090674713,4,False,1.3341952250964104e-21
833,835,0.045454545454545456,20.70206750240301,0.04181818181818182,0.057272727272727274,19.902067502403,23.40206750240305,False,13.610555915129545,25.228841895757597,4,True,0.008647562484276176
834,836,0.022727272727272728,8.464748026493865,0.019545454545454546,0.02727272727272727,7.06474802649387,10.264748026493859,True,8.42038183741322,20.038667818041272,4,True,0.07733764687779271
835,837,0.03,3.9870219724811258,0.026363636363636363,0.03636363636363636,2.2870219724811243,5.687021972481127,False,13.879510727098241,25.497796707726295,4,True,0.00768970467940078
836,838,0.1481818181818182,24.64524022585896,0.12636363636363637,0.16454545454545455,22.345240225858927,26.445240225858985,False,7.840855577089154,19.459141557717206,4,True,0.09758491929430596
837,839,0.2272727272727273,2.7,0.2,0.24545454545454545,2.0,3.1,False,15.603326837086716,27.221612817714767,4,True,0.003600355493907714
838,840,0.10818181818181818,12.046331512468724,0.08272727272727273,0.13,9.046331512468734,14.646331512468715,True,69.95393168875373,81.57221766938179,4,False,2.3212465642541202e-14
839,841,0.15181818181818182,5.804295007449857,0.14272727272727273,0.16090909090909092,4.904295007449861,6.804295007449854,False,29.837807639416898,41.45609362004495,4,False,5.280992538114206e-06
840,842,0.026363636363636363,12.024589674899076,0.02090909090909091,0.03727272727272728,9.724589674899084,15.624589674899063,True,14.046622185928841,25.66490816655689,4,True,0.007147733955550075
841,843,0.016363636363636365,10.97717082056614,0.013636363636363636,0.02,9.177170820566147,12.977170820566133,False,17.437715325012917,29.05600130564097,4,False,0.001588778852099358
842,844,0.1781818181818182,12.164696939961232,0.1572727272727273,0.2090909090909091,10.564696939961237,13.264696939961228,False,32.27773557810507,43.896021558733125,4,False,1.6786528945011802e-06
843,845,0.5181818181818182,6.9236696139501035,0.4545454545454546,0.5818181818181818,6.023669613950104,7.823669613950103,False,13.607475732793132,25.225761713421186,4,True,0.008659181864028054
845,847,0.23636363636363636,10.250164312536251,0.2,0.2545454545454545,9.250164312536254,10.75016431253625,True,2.838796442921736,14.457082423549789,4,True,0.5851544900651345
846,848,0.5363636363636364,13.758078898641331,0.4545454545454546,0.6545454545454545,12.358078898641336,15.258078898641326,False,1.4231952439054236,13.041481224533475,4,True,0.8401537184231578
847,849,0.06909090909090909,13.521540658209627,0.057272727272727274,0.08,11.421540658209635,15.32154065820962,False,3.939888653909553,15.558174634537604,4,True,0.41420215822442974
848,850,0.1090909090909091,3.644522894008804,0.1,0.11727272727272728,2.6445228940088032,4.544522894008805,False,45.725238556392696,57.34352453702075,4,False,2.8093685600041152e-09
849,851,0.09636363636363636,8.527936672259369,0.09363636363636364,0.09909090909090909,8.527936672259369,8.527936672259369,False,42115.53617270445,42127.15445868508,4,False,0.0
850,852,0.014545454545454545,10.728679128734559,0.014545454545454545,0.015909090909090907,10.728679128734559,11.728679128734555,False,172.09128261279068,183.70956859341874,4,False,3.7204872288318075e-36
851,853,0.06181818181818182,14.667552234691259,0.05181818181818182,0.07181818181818181,12.967552234691265,16.367552234691253,False,18.872811588886307,30.49109756951436,4,False,0.0008324765174065393
852,854,0.06,14.871631821417715,0.04818181818181819,0.07363636363636364,12.371631821417724,17.171631821417705,True,5.544731888431676,17.16301786905973,4,True,0.23582540237904892
853,855,0.07336363636363635,4.376054171337772,0.06454545454545454,0.08272727272727273,2.8760541713377705,5.876054171337773,True,6.868417546540672,18.486703527168725,4,True,0.14300730322112337
854,856,0.2636363636363636,8.05113303989874,0.2272727272727273,0.2818181818181818,7.051133039898739,8.55113303989874,False,9.172708689441404,20.790994670069455,4,True,0.05692461417799085
855,857,0.10454545454545455,9.290393864625552,0.08727272727272727,0.11727272727272728,7.5903938646255575,10.790393864625546,True,15.931335614429958,27.54962159505801,4,True,0.0031126985986077507
856,858,0.16090909090909092,10.664972856482205,0.1481818181818182,0.1809090909090909,9.464972856482209,11.8649728564822,True,4.295127820263545,15.913413800891597,4,True,0.36753559114860324
857,859,0.13545454545454547,6.725011051225787,0.12454545454545454,0.14636363636363636,5.625011051225785,7.7250110512257875,True,9.223448998894401,20.841734979522453,4,True,0.05575063772222923
858,860,0.02090909090909091,8.184297034623322,0.01681818181818182,0.026363636363636363,6.08429703462332,10.484297034623324,True,1.7135129678418437,13.331798948469896,4,True,0.7882615371305327
860,862,0.04363636363636364,6.690054072508961,0.04272727272727273,0.04454545454545455,6.690054072508961,6.9900540725089595,False,598.5853650732863,610.2036510539143,4,False,3.136059181963652e-128
861,863,1.4,6.284626366889638,1.4,1.4,6.284626366889638,6.284626366889638,False,644185.7046419275,644197.3229279082,4,False,0.0
862,864,0.015,11.784327644877944,0.014545454545454545,0.02,11.584327644877945,14.684327644877934,False,87.67494293908914,99.2932289197172,4,False,4.104584053190745e-18
863,865,1.4,4.714622138230766,1.4,1.4,4.714622138230766,4.714622138230766,False,480503.0792764875,480514.6975624681,4,False,0.0
865,867,0.025454545454545455,14.245002850091954,0.02090909090909091,0.03272727272727273,12.34500285009196,16.845002850091944,False,11.694915534791226,23.31320151541928,4,True,0.019770184434111274
866,868,0.028181818181818183,3.7,0.025454545454545455,0.03272727272727273,2.5,5.1000000000000005,True,3.6578033199503928,15.276089300578445,4,True,0.4542929023213227
868,870,0.4,4.1000000000000005,0.36363636363636365,0.4727272727272727,3.5,5.1000000000000005,False,12.175029956749945,23.793315937377997,4,True,0.016096069037379958
869,871,0.06636363636363636,9.567023386393064,0.05454545454545455,0.07772727272727273,7.367023386393072,11.467023386393057,False,0.25566151448810015,11.873947495116152,4,True,0.9924936610136418
870,872,0.18636363636363637,1.2000000000000002,0.17272727272727273,0.2,0.8,1.6,False,10.55337288085548,22.171658861483532,4,True,0.03206968023821635
871,873,0.017727272727272727,3.5310105201147852,0.01681818181818182,0.01863636363636364,3.5310105201147852,3.9310105201147856,False,851.449783307948,863.068069288576,4,False,5.497645379124246e-183
872,874,0.2181818181818182,1.6,0.1972727272727273,0.24545454545454545,1.2000000000000002,2.2,False,24.60926696806458,36.22755294869263,4,False,6.0279340358873325e-05
873,875,0.35454545454545455,6.848094709891007,0.32727272727272727,0.39090909090909093,6.148094709891007,7.748094709891008,True,8.069790707316,19.688076687944054,4,True,0.08905486740664369
874,876,0.014090909090909091,7.935048558249141,0.012272727272727272,0.017727272727272727,6.335048558249147,10.435048558249132,False,22.51475471152774,34.13304069215579,4,False,0.00015826347239924297
876,878,0.07309090909090908,4.280919103939565,0.06545454545454546,0.08363636363636363,2.980919103939564,5.880919103939567,True,10.158176370272468,21.77646235090052,4,True,0.03784586810864563
878,880,0.014545454545454545,8.857192853947252,0.013181818181818182,0.017272727272727273,7.757192853947256,10.457192853947246,False,11.041220515781415,22.659506496409467,4,True,0.02610463775970397
880,882,0.09818181818181819,10.063202457399052,0.08545454545454545,0.11181818181818182,8.763202457399057,11.663202457399047,False,1.4531332444342955,13.071419225062348,4,True,0.8349096220181276
882,884,0.01863636363636364,11.880265244134002,0.015909090909090907,0.023636363636363636,10.680265244134006,14.180265244133993,False,25.95787985471116,37.57616583533921,4,False,3.226950080875576e-05
883,885,0.05818181818181818,13.58966951616391,0.05,0.07090909090909091,12.289669516163915,15.889669516163902,False,18.084325207509185,29.702611188137237,4,False,0.0011881353733459515
884,886,0.15181818181818182,11.084839703787026,0.13363636363636364,0.16636363636363638,9.484839703787031,12.48483970378702,True,14.633965756542732,26.252251737170784,4,True,0.005523832732530029
885,887,0.09909090909090909,4.766456933613355,0.08545454545454545,0.1090909090909091,3.266456933613354,5.866456933613357,False,22.603924689546048,34.2222106701741,4,False,0.00015191285029133054
886,888,0.028181818181818183,11.231647409460523,0.022727272727272728,0.035454545454545454,9.03164740946053,13.431647409460515,True,3.061939522521155,14.680225503149206,4,True,0.547514010799465
888,890,0.3,0.7000000000000001,0.2818181818181818,0.33636363636363636,0.30000000000000004,1.3,False,72.30892269727838,83.92720867790644,4,False,7.38461587463675e-15
890,892,0.060909090909090906,10.100703151554674,0.05,0.07254545454545454,8.100703151554681,12.000703151554667,True,16.611562147694872,28.229848128322924,4,False,0.0022993121960384897
891,893,0.01818181818181818,10.526136661181754,0.014090909090909091,0.023636363636363636,7.926136661181763,12.926136661181745,True,3.196326595328233,14.814612575956286,4,True,0.52552446912039
892,894,0.01,8.97261083241238,0.01,0.010454545454545454,8.672610832412381,9.372610832412379,False,2906.627392782983,2918.245678763611,4,False,0.0
893,895,0.01818181818181818,7.5359035081326144,0.015454545454545453,0.02090909090909091,6.135903508132619,8.93590350813261,False,7.7051921266744205,19.32347810730247,4,True,0.10299423833595912
894,896,0.04090909090909091,11.536956279132689,0.03272727272727273,0.04818181818181819,9.436956279132696,13.436956279132682,True,0.7903311223817807,12.408617103009833,4,True,0.9397395927355667
895,897,0.04727272727272727,14.129326189770213,0.04,0.05818181818181818,12.329326189770219,16.229326189770205,True,5.261367613272673,16.879653593900727,4,True,0.26151521866042626
896,898,0.028181818181818183,4.493265033361618,0.024545454545454544,0.03363636363636364,2.8932650333616183,6.093265033361618,True,13.707769210347966,25.326055190976017,4,True,0.00828858226776613
897,899,0.33636363636363636,5.148760524745561,0.3090909090909091,0.36363636363636365,4.5487605247455605,5.848760524745562,False,9.745963434131903,21.364249414759954,4,True,0.0449313615039161
898,900,0.017727272727272727,4.445930761801321,0.014545454545454545,0.02090909090909091,2.4459307618013195,6.045930761801323,False,12.91647807588785,24.534764056515904,4,True,0.011691190079308349
900,902,0.13545454545454547,4.77558295701329,0.12454545454545454,0.14636363636363636,3.7755829570132886,5.67558295701329,False,26.958828101667628,38.57711408229568,4,False,2.02635646218414e-05
901,903,0.013181818181818182,9.092729222187957,0.011363636363636364,0.015454545454545453,7.392729222187963,10.792729222187951,False,13.275654485407896,24.89394046603595,4,True,0.010004562177348417
903,905,0.01818181818181818,9.116825041765935,0.014545454545454545,0.023636363636363636,6.916825041765943,11.816825041765926,True,9.319584933720291,20.937870914348345,4,True,0.05358933299758803
905,907,0.08909090909090908,7.071129966300012,0.07727272727272727,0.10545454545454545,5.47112996630001,8.771129966300013,True,5.411832257298991,17.03011823792704,4,True,0.247588884469364
906,908,0.014545454545454545,14.244213904926642,0.011363636363636364,0.019090909090909092,11.644213904926652,16.944213904926634,False,21.015005524155857,32.63329150478391,4,False,0.00031450721989559013
907,909,0.03272727272727273,4.3067889472629055,0.028181818181818183,0.038181818181818185,2.806788947262906,5.706788947262906,True,9.540206215929036,21.158492196557088,4,True,0.04892762282997836
908,910,0.1590909090909091,11.333643805129721,0.14636363636363636,0.17,10.133643805129726,12.433643805129718,True,30.59805876003277,42.21634474066082,4,False,3.6972405227942782e-06
909,911,0.013181818181818182,3.2,0.010454545454545454,0.015909090909090907,0.9,5.300000000000001,True,3.946719305755468,15.56500528638352,4,True,0.41326462895874083
910,912,0.03909090909090909,4.697757394013582,0.030909090909090907,0.045454545454545456,2.69775739401358,6.297757394013583,True,4.61148411612686,16.229770096754912,4,True,0.32953224017571214
911,913,0.4181818181818182,12.301402933792135,0.36363636363636365,0.4818181818181818,11.201402933792139,13.50140293379213,False,4.612043072078357,16.23032905270641,4,True,0.3294680079620182
912,914,0.017727272727272727,10.058093393588857,0.015,0.02,8.558093393588862,11.358093393588852,False,33.242313250187195,44.86059923081525,4,False,1.065510677864393e-06
913,915,0.049090909090909095,10.920794065416592,0.04363636363636364,0.057272727272727274,9.620794065416597,12.620794065416586,False,10.660962961640083,22.279248942268133,4,True,0.03065053430661352
916,918,0.23636363636363636,14.493884395852856,0.1972727272727273,0.2545454545454545,13.49388439585286,14.993884395852854,True,2.79944471781472,14.41773069844277,4,True,0.591928568891807
917,919,0.011818181818181818,9.609490746703253,0.01,0.015454545454545453,7.8094907467032595,12.609490746703242,False,11.325367352847532,22.943653333475584,4,True,0.023140722872466764
919,921,0.04363636363636364,4.207697223441825,0.038181818181818185,0.049090909090909095,2.807697223441825,5.607697223441825,True,5.574641843112141,17.19292782374019,4,True,0.2332458962306928
920,922,0.1190909090909091,7.913268873301854,0.11181818181818182,0.13181818181818183,7.0132688733018576,9.21326887330185,False,26.154926485465413,37.77321246609347,4,False,2.9447896526773892e-05
921,923,0.1190909090909091,6.5067691503105145,0.10454545454545455,0.13363636363636364,5.006769150310513,8.006769150310515,True,3.091319054067141,14.709605034695192,4,True,0.5426613793099793
923,925,0.14636363636363636,5.8095468161386865,0.13545454545454547,0.1572727272727273,4.90954681613869,6.809546816138683,False,24.34962240100552,35.96790838163357,4,False,6.796590087296767e-05
924,926,0.01,14.25029960205909,0.01,0.011818181818181818,13.950299602059092,15.850299602059085,False,29.123700178851617,40.741986159479666,4,False,7.377854517565513e-06
925,927,0.15,2.4000000000000004,0.1409090909090909,0.15545454545454546,1.7000000000000002,2.9000000000000004,False,26.80295953612924,38.421245516757295,4,False,2.1788052146409615e-05
926,928,0.015,3.8542425647560368,0.013636363636363636,0.01681818181818182,2.5542425647560356,4.954242564756038,False,14.659745300299324,26.278031280927376,4,True,0.005461539975571638
927,929,0.01,14.953485600629087,0.01,0.011818181818181818,14.453485600629088,16.653485600629082,False,40.59618178133049,52.214467761958545,4,False,3.258305556928957e-08
928,930,0.2727272727272727,12.219411501847137,0.24545454545454545,0.3181818181818182,11.41941150184714,13.219411501847134,False,10.397890744756356,22.01617672538441,4,True,0.03423296548754506
929,931,0.028181818181818183,9.094153622243967,0.02181818181818182,0.03727272727272728,6.294153622243977,11.794153622243957,True,2.4720195679503854,14.090305548578437,4,True,0.6496530336265116
931,933,0.022727272727272728,3.766614427042343,0.01818181818181818,0.02727272727272727,1.466614427042341,5.866614427042345,True,7.97198841494969,19.590274395577744,4,True,0.09260970065420361
932,934,0.2818181818181818,8.63910069034861,0.2545454545454545,0.3,7.83910069034861,9.23910069034861,False,2.3647988232765904,13.983084803904642,4,True,0.6689978098907208
934,936,0.2181818181818182,5.201231095358671,0.19181818181818183,0.23636363636363636,4.501231095358671,5.701231095358671,True,3.6619418514409885,15.280227832069041,4,True,0.4536854376890215
935,937,0.060909090909090906,8.592819961737227,0.05,0.07181818181818181,6.492819961737235,10.49281996173722,True,5.577100232741815,17.195386213369865,4,True,0.23303497590151817
936,938,0.015454545454545453,9.284831860265664,0.013181818181818182,0.019545454545454546,7.684831860265669,11.584831860265655,False,21.39281304136583,33.011099021993886,4,False,0.00026464404507707057
937,939,0.1190909090909091,9.929901828482953,0.10454545454545455,0.13545454545454547,8.429901828482958,11.629901828482947,True,24.626886253908307,36.245172234536355,4,False,5.9790196966208224e-05
939,941,0.12454545454545454,8.567264356040393,0.11363636363636363,0.1409090909090909,7.367264356040398,10.167264356040388,True,28.789281071614532,40.407567052242584,4,False,8.626936451636306e-06
940,942,0.02090909090909091,9.631095162104396,0.01681818181818182,0.02727272727272727,7.631095162104403,12.331095162104386,True,6.166443628624744,17.784729609252796,4,True,0.18705820064716225
942,944,0.13363636363636364,8.574797676742168,0.1190909090909091,0.1481818181818182,6.974797676742174,9.974797676742163,True,1.7707298450300444,13.389015825658095,4,True,0.7778329247802291
945,947,0.3181818181818182,11.33534687838233,0.2727272727272727,0.36363636363636365,10.235346878382334,12.335346878382326,False,5.302020103312088,16.92030608394014,4,True,0.2576878794844905
946,948,0.35454545454545455,0.7544542884589978,0.34545454545454546,0.37272727272727274,0.5544542884589978,1.1544542884589977,False,82.54088537889696,94.159171359525,4,False,5.0409370069125094e-17
947,949,0.1090909090909091,7.90928802677751,0.09363636363636364,0.12454545454545454,6.309288026777516,9.609288026777504,True,12.12531877998949,23.743604760617544,4,True,0.016443291026706726
950,952,0.015454545454545453,12.54116615189538,0.013181818181818182,0.01863636363636364,10.641166151895387,14.441166151895374,False,43.63852046077376,55.256806441401814,4,False,7.62635897520019e-09
952,954,0.12454545454545454,6.451914816777647,0.11363636363636363,0.13727272727272727,5.45191481677765,7.751914816777642,False,38.090090281131005,49.70837626175906,4,False,1.0736161268930726e-07
953,955,0.35454545454545455,0.0,0.35454545454545455,0.36363636363636365,0.0,0.0,False,207.18369311215005,218.8019790927781,4,False,1.0718413341083832e-43
957,959,0.024545454545454544,6.962759835610559,0.023636363636363636,0.028181818181818183,6.762759835610559,8.462759835610553,False,59.77970676335737,71.39799274398541,4,False,3.2271374138575775e-12
961,963,0.01863636363636364,11.648547918424644,0.015,0.024545454545454544,9.74854791842465,14.148547918424635,False,17.52747480548861,29.14576078611666,4,False,0.001526065926318509
964,966,0.03636363636363636,3.8540841644676815,0.03,0.04272727272727273,2.15408416446768,5.454084164467683,True,8.191784381686308,19.81007036231436,4,True,0.08480019569693235
971,973,0.12454545454545454,9.567376664075416,0.11181818181818182,0.1390909090909091,8.167376664075421,11.067376664075411,False,35.703917362052415,47.32220334268047,4,False,3.32927241869774e-07
981,983,0.035454545454545454,10.04093713596474,0.034545454545454546,0.038181818181818185,10.04093713596474,10.640937135964737,False,455.60285486600947,467.2211408466375,4,False,2.6702739914944804e-97
992,994,0.16636363636363638,11.438386056990394,0.15,0.1972727272727273,10.038386056990399,12.53838605699039,False,32.51743409068073,44.13572007130878,4,False,1.4994687285788118e-06
1001,1003,0.1409090909090909,2.30911725355045,0.13363636363636364,0.15,1.7091172535504502,3.10911725355045,False,11.477599624268251,23.095885604896303,4,True,0.021689695944356137
1012,1014,0.04,1.540056886767748,0.03909090909090909,0.046363636363636364,1.540056886767748,3.1400568867677494,False,47.45807393331523,59.07635991394328,4,False,1.224101382080989e-09
1021,1023,0.15,8.956185413085983,0.13727272727272727,0.16272727272727272,7.756185413085987,10.256185413085978,True,9.718049472192202,21.336335452820254,4,True,0.04545458544152774
1030,1032,0.02,12.730537709937789,0.014545454545454545,0.02727272727272727,9.5305377099378,15.630537709937778,True,9.249964790321263,20.868250770949317,4,True,0.055146357818951094
1031,1033,0.3,5.7,0.2272727272727273,0.4,3.7,8.0,False,302.92805844087593,314.546344421504,4,False,2.5303191105592063e-64
1032,1034,0.8636363636363636,2.997830676404517,0.8545454545454546,0.8727272727272728,2.997830676404517,2.997830676404517,False,37720.593182036675,37732.2114680173,4,False,0.0
1033,1035,0.2545454545454545,18.775251063777855,0.19454545454545455,0.32727272727272727,17.07525106377783,20.875251063777885,False,9.44501968500182,21.063305665629873,4,True,0.05088931241401814
1034,1036,0.012727272727272728,10.971226967668143,0.01090909090909091,0.016363636363636365,9.671226967668147,13.671226967668133,False,17.814812669611804,29.433098650239856,4,False,0.0013412895960047573
1036,1038,0.2181818181818182,0.8,0.1972727272727273,0.23636363636363636,0.4,1.3,False,45.18961003996527,56.80789602059332,4,False,3.6309247884623835e-09
1037,1039,1.4,11.657343010746274,1.4,1.4,11.657343010746274,11.657343010746274,False,5655.573072374309,5667.191358354937,4,False,0.0
1038,1040,0.4363636363636364,6.542315536923391,0.4181818181818182,0.44545454545454544,6.542315536923391,6.542315536923391,False,42003.95782051055,42015.57610649118,4,False,0.0
1039,1041,0.06272727272727273,9.804598982813403,0.05909090909090909,0.075,9.404598982813404,11.904598982813395,False,19.031381116974625,30.649667097602677,4,False,0.0007748647361578747
1041,1043,1.2454545454545454,12.783571925639581,1.1,1.2818181818181817,11.98357192563958,12.783571925639581,False,56.192358064454,67.81064404508206,4,False,1.8273445574279944e-11
1043,1045,0.1781818181818182,2.2,0.16454545454545455,0.2,1.5,2.7,False,28.08575961937325,39.7040456000013,4,False,1.1983557779421413e-05
1045,1047,0.046363636363636364,14.037786945629087,0.04,0.06909090909090909,12.837786945629091,18.63778694562907,True,4.954160129785977,16.572446110414027,4,True,0.2920333750501724
1046,1048,0.02090909090909091,3.997502657148238,0.017272727272727273,0.025454545454545455,1.9975026571482362,5.99750265714824,False,18.622542212705124,30.240828193333176,4,False,0.0009321344190431871
1047,1049,0.1090909090909091,5.947734761485626,0.09636363636363636,0.12272727272727273,4.547734761485625,7.347734761485627,True,9.495186024442381,21.113472005070435,4,True,0.049846257948412166
1048,1050,0.08181818181818182,10.9513707863454,0.06545454545454546,0.10363636363636364,8.35137078634541,13.351370786345392,True,4.940322873766438,16.55860885439449,4,True,0.2934757342191328
1050,1052,0.013636363636363636,21.04525419292739,0.012272727272727272,0.022727272727272728,20.445254192927383,26.345254192927467,False,40.34159174831083,51.959877728938885,4,False,3.6785091531504864e-08
1051,1053,1.4,20.445263335806096,1.4,1.4,20.445263335806096,20.445263335806096,False,43478.006276961154,43489.62456294178,4,False,0.0
1052,1054,0.02909090909090909,5.327851351561531,0.024545454545454544,0.034545454545454546,3.4278513515615296,6.827851351561533,True,11.847778065242158,23.466064045870212,4,True,0.01851986346817464
1053,1055,0.01681818181818182,2.424495789959169,0.014090909090909091,0.02,0.7244957899591694,4.324495789959169,False,22.093382716237535,33.71166869686559,4,False,0.00019202186504556085
1054,1056,0.4181818181818182,1.7121076226405867,0.4090909090909091,0.4272727272727273,1.7121076226405867,1.8121076226405868,False,124.54269532617589,136.16098130680393,4,False,5.716160495030096e-26
1056,1058,0.09090909090909091,19.40827159168824,0.07472727272727273,0.1090909090909091,17.208271591688245,21.308271591688232,True,5.94904197636331,17.567327956991363,4,True,0.20298630739841378
1057,1059,0.031818181818181815,16.32093524462681,0.031818181818181815,0.03272727272727273,16.32093524462681,16.32093524462681,False,10433.631946937994,10445.250232918623,4,False,0.0
1059,1061,0.2181818181818182,0.7000000000000001,0.2090909090909091,0.23636363636363636,0.4,1.2000000000000002,False,51.284477775449865,62.90276375607792,4,False,1.946649961450163e-10
1060,1062,0.10363636363636364,10.365349822769007,0.09,0.1190909090909091,9.065349822769011,12.065349822769,True,27.476867453072565,39.09515343370062,4,False,1.5919351624315657e-05
1061,1063,0.05090909090909091,10.958475900125814,0.04818181818181819,0.06272727272727273,10.458475900125816,13.058475900125806,False,19.29838716893716,30.916673149565213,4,False,0.0006866338241171252
1062,1064,0.013636363636363636,3.699973109948675,0.011818181818181818,0.016363636363636365,2.0999731099486754,5.5999731099486745,False,9.078289521140011,20.696575501768063,4,True,0.05917212869189432
1063,1065,0.019090909090909092,11.651764869936255,0.015909090909090907,0.023636363636363636,9.751764869936261,13.751764869936247,False,40.18359868765235,51.8018846682804,4,False,3.966030452148893e-08
1064,1066,0.01863636363636364,12.446648828837557,0.015,0.023636363636363636,10.446648828837564,14.846648828837548,False,26.894973233055687,38.51325921368374,4,False,2.0874835788643356e-05
1065,1067,0.08909090909090908,15.467930296359775,0.07445454545454545,0.10818181818181818,13.467930296359782,17.467930296359768,True,12.386506581663516,24.00479256229157,4,True,0.014697031460558596
1066,1068,0.026363636363636363,8.44784251614385,0.022727272727272728,0.031818181818181815,6.747842516143857,10.547842516143843,True,14.284133457668217,25.90241943829627,4,True,0.006441314252863191
1067,1069,0.05,3.1315972441059206,0.04363636363636364,0.056363636363636366,1.431597244105921,4.33159724410592,True,11.903059446703544,23.521345427331596,4,True,0.01808688870907312
1068,1070,0.026363636363636363,4.103399115564389,0.02181818181818182,0.03,2.2033991155643893,5.603399115564389,True,11.335891616647903,22.954177597275955,4,True,0.023037453588509983
1069,1071,0.030909090909090907,4.251613338633773,0.02727272727272727,0.03909090909090909,2.751613338633772,6.151613338633775,False,10.817815699089335,22.43610167971739,4,True,0.028689646357010205
1070,1072,0.12272727272727273,6.53346947196145,0.10727272727272727,0.13727272727272727,4.933469471961448,7.833469471961451,True,6.098061108544241,17.71634708917229,4,True,0.19194372072963187
1071,1073,0.2909090909090909,6.4384541394301325,0.2545454545454545,0.32727272727272727,5.538454139430131,7.238454139430133,True,16.045773545004394,27.664059525632446,4,False,0.0029583534026050833
1072,1074,0.04727272727272727,5.610711392217455,0.045454545454545456,0.05545454545454545,5.310711392217456,7.310711392217449,False,90.24662005029495,101.86490603092301,4,False,1.167121091995469e-18
1073,1075,0.04181818181818182,11.146214020238208,0.04,0.04363636363636364,11.146214020238208,11.646214020238206,False,267.98901339238097,279.607299373009,4,False,8.654485062839102e-57
1075,1077,0.072,6.939405072122649,0.05909090909090909,0.08727272727272727,4.6394050721226465,9.339405072122652,False,0.39049595317210745,12.00878193380016,4,True,0.9832476074877627
1076,1078,0.08454545454545455,8.139215006968325,0.07163636363636364,0.10272727272727274,6.339215006968331,10.039215006968318,True,9.463767767938315,21.082053748566366,4,True,0.050497086788787574
1077,1079,0.07336363636363635,6.611976965728115,0.06363636363636364,0.08545454545454545,5.011976965728113,8.311976965728116,False,3.3489603953088953,14.967246375936947,4,True,0.5012124806055465
1078,1080,0.02181818181818182,20.112893628732675,0.02,0.03363636363636364,20.112893628732675,24.61289362873274,False,18.232182611037338,29.85046859166539,4,False,0.0011115898947084584
1079,1081,0.2636363636363636,7.496562971507197,0.23636363636363636,0.3,6.6965629715072,8.396562971507194,False,27.392696543814182,39.010982524442234,4,False,1.655621122640026e-05
1080,1082,0.16272727272727272,6.437402066446187,0.1481818181818182,0.19181818181818183,5.137402066446185,7.637402066446188,True,0.6983850565473205,12.316671037175372,4,True,0.9515279271902902
1081,1083,0.014090909090909091,9.997973366269587,0.011363636363636364,0.01818181818181818,7.597973366269596,12.497973366269578,False,15.44103029576951,27.05931627639756,4,True,0.003868699654019988
1082,1084,0.1572727272727273,9.385884949367208,0.14454545454545453,0.17545454545454547,8.185884949367212,10.785884949367203,True,10.592757830747724,22.211043811375774,4,True,0.031542979878686796
1084,1086,0.015454545454545453,15.450189187125266,0.012272727272727272,0.02,12.850189187125276,17.950189187125257,False,14.089848992971275,25.70813497359933,4,True,0.007013747683119743
1085,1087,0.15363636363636363,16.99852936306521,0.12818181818181817,0.18363636363636365,14.498529363065217,19.198529363065198,True,10.759334510090682,22.377620490718733,4,True,0.029406153805436833
1086,1088,0.045454545454545456,3.94724583239743,0.038181818181818185,0.053636363636363635,2.2472458323974287,5.9472458323974315,True,10.247053035670143,21.865339016298194,4,True,0.03646551137721142
1089,1091,0.12818181818181817,5.218686748637211,0.11727272727272728,0.1390909090909091,4.118686748637215,6.218686748637207,False,25.75055916557307,37.368845146201124,4,False,3.552866319770817e-05
1090,1092,0.04272727272727273,10.284553163000831,0.04181818181818182,0.04363636363636364,10.284553163000831,10.58455316300083,False,563.2065289322111,574.8248149128391,4,False,1.420474136616287e-120
1091,1093,0.030909090909090907,4.691580620579545,0.026363636363636363,0.038181818181818185,2.891580620579544,6.591580620579547,True,10.668776798378609,22.28706277900666,4,True,0.030549861307737684
