index,file_lineno,best_mass,best_AV,mass_min,mass_max,AV_min,AV_max,intersects,min_chi2,chi2_threshold,dof_gof,passes_gof,p_value
0,2,0.05,8.273206199553446,0.04454545454545455,0.06636363636363636,6.9732061995534504,11.273206199553435,True,7.578474196423542,13.569938743531521,1,False,0.005906941902388865
1,3,0.16272727272727272,9.111803300453403,0.14636363636363636,0.1890909090909091,7.511803300453408,10.611803300453397,True,9.945961007583033,15.937425554691012,1,False,0.0016120269398747413
2,4,0.02,3.4000000000000004,0.017727272727272727,0.022727272727272728,2.1,4.6000000000000005,True,12.276296704409518,18.2677612515175,1,False,0.0004587477940815147
3,5,0.10727272727272727,8.198669196533622,0.09727272727272727,0.12090909090909091,6.998669196533626,9.798669196533616,False,2.0903729413571934,8.081837488465172,1,True,0.1482298809982385
4,6,0.13727272727272727,6.113133506030667,0.11545454545454546,0.1590909090909091,3.9131335060306647,8.113133506030668,True,5.462895003852724,11.454359550960703,1,False,0.01942443852449292
5,7,0.2272727272727273,16.203231391783234,0.18636363636363637,0.2727272727272727,15.00323139178324,17.603231391783233,True,0.35327715862667325,6.344741705734652,1,True,0.552263846856974
6,8,0.32727272727272727,22.441115342924604,0.2909090909090909,0.36363636363636365,21.54111534292459,23.241115342924616,False,2.208597305932387,8.200061853040367,1,True,0.13724341017482672
8,10,0.06545454545454546,14.72291356624998,0.056363636363636366,0.07363636363636364,13.022913566249986,16.222913566249975,False,1.016416347928774,7.007880895036753,1,True,0.3133705722961857
9,11,0.7,9.260827426923665,0.5545454545454546,0.8454545454545455,7.260827426923667,10.660827426923667,False,10.159856913591105,16.151321460699084,1,False,0.0014353176061386425
11,13,0.34545454545454546,6.472407633818542,0.3090909090909091,0.38181818181818183,5.572407633818541,7.272407633818543,True,0.1250821315053204,6.116546678613299,1,True,0.723586565358977
12,14,0.08727272727272727,20.237412062183918,0.07227272727272727,0.10818181818181818,17.937412062183885,22.63741206218395,False,0.5788879329616563,6.570352480069635,1,True,0.44674854610942905
13,15,0.017727272727272727,15.969285480560462,0.014545454545454545,0.02090909090909091,13.969285480560469,17.669285480560454,False,3.352385375328587,9.343849922436565,1,True,0.0671077017529375
14,16,0.16272727272727272,8.122346130938283,0.14454545454545453,0.1972727272727273,6.522346130938288,9.622346130938277,True,4.177746493642488,10.169211040750467,1,False,0.04095812699801222
15,17,0.19454545454545455,10.157113347388147,0.16818181818181818,0.2181818181818182,9.157113347388151,10.857113347388145,True,9.147700040900613,15.139164588008592,1,False,0.002490308898340943
16,18,0.33636363636363636,8.709853173742472,0.2909090909090909,0.37272727272727274,7.509853173742476,9.609853173742469,False,2.8767490176940154,8.868213564801994,1,True,0.08986728930872043
17,19,0.2818181818181818,16.92629672669711,0.2545454545454545,0.3181818181818182,16.22629672669711,17.826296726697105,False,0.05141319505181827,6.0428777421597974,1,True,0.8206222047939299
18,20,0.08818181818181818,12.688221759161179,0.07727272727272727,0.10272727272727274,11.188221759161184,14.188221759161173,False,26.850356887510006,32.841821434617984,1,False,2.1983375063383555e-07
20,22,1.3727272727272726,20.545240448064185,1.190909090909091,1.4,19.44524044806419,20.745240448064184,False,1.7192839993701683,7.710748546478147,1,True,0.18978523604914727
21,23,0.4090909090909091,7.978902316761799,0.36363636363636365,0.4636363636363636,6.978902316761799,8.9789023167618,True,0.2805899317154309,6.27205447882341,1,True,0.5963148150935296
22,24,0.013181818181818182,5.64289245146678,0.011818181818181818,0.014545454545454545,4.54289245146678,6.842892451466782,False,7.029383242490045,13.020847789598024,1,False,0.00801829637265388
23,25,1.3909090909090909,18.72644643262783,1.1272727272727274,1.4,17.126446432627837,18.926446432627827,False,1.7139836524724248,7.705448199580404,1,True,0.19046932666454883
24,26,0.34545454545454546,10.546402041344027,0.3090909090909091,0.4,9.546402041344031,11.746402041344023,True,0.5000857066984422,6.491550253806421,1,True,0.47946246583072005
25,27,0.4636363636363636,7.411554851335328,0.38181818181818183,0.5909090909090908,5.711554851335327,9.41155485133533,True,4.066135347507085,10.057599894615064,1,False,0.04375126441024008
26,28,0.1781818181818182,15.898500418995972,0.16454545454545455,0.2,15.198500418995975,16.69850041899597,False,0.37098589156835177,6.362450438676331,1,True,0.5424673626422676
27,29,0.12818181818181817,10.59231387356795,0.1190909090909091,0.13545454545454547,9.592313873567953,11.292313873567947,False,1.1264357638799274,7.117900310987906,1,True,0.2885368757615598
28,30,0.01,10.699509820512935,0.01,0.010454545454545454,10.499509820512936,11.299509820512933,False,13.170475702666048,19.161940249774027,1,False,0.0002843945321660495
29,31,0.33636363636363636,20.60695615942355,0.3,0.38181818181818183,19.706956159423537,21.706956159423566,False,0.16697519446984713,6.158439741577826,1,True,0.682814159228871
30,32,0.35454545454545455,5.788098841522646,0.2636363636363636,0.4909090909090909,3.5880988415226462,8.388098841522645,True,0.47697633533454725,6.468440882442526,1,True,0.48979511406053666
32,34,0.02,14.685031003006142,0.016363636363636365,0.024545454545454544,12.685031003006149,16.685031003006134,True,2.9333237930221365,8.924788340130116,1,True,0.08676868536223949
33,35,0.8363636363636364,7.7,0.4363636363636364,0.9,2.3000000000000003,7.7,False,2.691901326838283,8.683365873946261,1,True,0.10085939880924644
34,36,0.017272727272727273,9.37472095101748,0.012272727272727272,0.025454545454545455,5.774720951017493,13.174720951017466,True,0.366970983421318,6.358435530529297,1,True,0.544659988903999
35,37,0.010454545454545454,5.670933221428228,0.01,0.011818181818181818,5.170933221428228,6.77093322142823,False,8.623245342780542,14.614709889888521,1,False,0.003318999913662523
36,38,0.11727272727272728,12.24027684315136,0.1090909090909091,0.12636363636363637,11.240276843151364,13.340276843151356,True,13.18072740562609,19.172191952734067,1,False,0.00028284294605258984
37,39,0.16272727272727272,21.572920644152173,0.15363636363636363,0.1809090909090909,20.57292064415216,22.67292064415219,False,3.358860681807349,9.350325228915327,1,True,0.06684429925921781
40,42,0.02181818181818182,9.648463276434933,0.01818181818181818,0.026363636363636363,7.84846327643494,11.648463276434926,False,17.125736142140116,23.117200689248094,1,False,3.4985013742277605e-05
41,43,0.08363636363636363,6.839280115746188,0.07281818181818181,0.11,5.539280115746193,9.939280115746177,True,5.589929758099055,11.581394305207034,1,False,0.018064020531483413
42,44,0.12272727272727273,4.525057042568982,0.11363636363636363,0.13363636363636364,3.425057042568981,5.625057042568983,False,9.990402645363451,15.98186719247143,1,False,0.0015735819313068631
43,45,0.12090909090909091,6.179689928442958,0.10454545454545455,0.14272727272727273,4.379689928442964,8.47968992844295,True,9.224909441729155,15.216373988837134,1,False,0.00238744502048958
44,46,0.013636363636363636,6.691037611541303,0.012272727272727272,0.015,5.391037611541307,7.891037611541298,False,20.01122212888602,26.002686675994,1,False,7.69890092938093e-06
45,47,0.10818181818181818,15.47215565362595,0.09909090909090909,0.12272727272727273,14.372155653625954,17.172155653625943,False,2.4257725502635332,8.417237097371512,1,True,0.1193543871707085
46,48,0.15363636363636363,7.599341218850689,0.14272727272727273,0.16454545454545455,6.599341218850688,8.699341218850691,False,0.09896086144656334,6.090425408554542,1,True,0.7530802223946984
47,49,0.025454545454545455,8.354940218880003,0.02181818181818182,0.028181818181818183,6.754940218880009,9.45494021888,True,3.8108103994990588,9.802274946607039,1,True,0.05092280686791729
48,50,0.16272727272727272,9.149574448965172,0.14636363636363636,0.1972727272727273,7.449574448965178,11.049574448965165,False,12.529861455198967,18.521326002306946,1,False,0.00040049950447285706
49,51,0.03727272727272728,9.290773110188768,0.03272727272727273,0.04272727272727273,8.190773110188772,10.690773110188763,False,16.647538220088965,22.639002767196942,1,False,4.500868451130663e-05
50,52,0.15545454545454546,7.586046626551342,0.14272727272727273,0.16636363636363638,6.286046626551341,8.786046626551343,True,2.2661024556881024,8.257567002796081,1,True,0.13223208253852634
51,53,0.35454545454545455,5.513267616546676,0.2818181818181818,0.4636363636363636,3.6132676165466746,7.813267616546678,True,0.1977391450839383,6.189203692191917,1,True,0.6565519652341176
52,54,0.11727272727272728,7.885951270538403,0.10636363636363637,0.13,6.585951270538407,9.385951270538397,True,10.904365507676552,16.895830054784533,1,False,0.0009593789506524885
53,55,0.09090909090909091,5.534066783280366,0.07681818181818181,0.10818181818181818,3.7340667832803645,7.234066783280367,True,3.7996966309148954,9.791161178022875,1,True,0.0512618697768547
54,56,0.07590909090909091,4.734364877894466,0.06909090909090909,0.08454545454545455,3.434364877894465,6.034364877894467,True,10.784478719336422,16.7759432664444,1,False,0.0010235472474864385
55,57,0.5545454545454546,11.511968783709253,0.4909090909090909,0.6636363636363636,10.611968783709257,12.911968783709248,True,3.885696310506192,9.877160857614172,1,False,0.048699064603903774
56,58,0.04272727272727273,10.911898582608194,0.04090909090909091,0.049090909090909095,10.711898582608194,12.711898582608187,False,18.592517943372346,24.583982490480324,1,False,1.6185455405629767e-05
57,59,0.04363636363636364,1.8,0.03636363636363636,0.05545454545454545,0.0,4.4,True,0.5831773008039978,6.574641847911977,1,True,0.44506960841103915
58,60,1.3545454545454545,15.147288816568892,1.1090909090909091,1.3818181818181818,13.547288816568898,15.147288816568892,False,31.40859513424315,37.40005968135113,1,False,2.0905340914284647e-08
59,61,0.19181818181818183,9.70137432881457,0.1590909090909091,0.23636363636363636,8.001374328814576,10.901374328814565,True,0.25068717179757977,6.242151718905559,1,True,0.616591633800917
61,63,1.1454545454545455,11.947436539824704,1.0,1.1636363636363636,10.9474365398247,11.947436539824704,False,21.097452986711723,27.088917533819703,1,False,4.365079320253403e-06
62,64,0.022727272727272728,5.4761090434361535,0.019545454545454546,0.026363636363636363,4.076109043436152,6.976109043436155,True,4.108643897258271,10.10010844436625,1,False,0.04266455957717029
63,65,0.2818181818181818,3.8000000000000003,0.24545454545454545,0.35454545454545455,2.7,5.6000000000000005,True,0.6009404066666855,6.592404953774665,1,True,0.43821944313002703
64,66,0.3181818181818182,8.355816847625174,0.2818181818181818,0.35454545454545455,7.255816847625174,9.255816847625177,True,0.5441559581922245,6.535620505300203,1,True,0.4607154477639619
65,67,0.13181818181818183,9.569673778590918,0.11727272727272728,0.14454545454545453,7.9696737785909235,10.769673778590914,False,1.59588459971402,7.587349146822,1,True,0.20648739936665997
66,68,0.01,11.328624202072177,0.01,0.011363636363636364,11.228624202072178,12.428624202072173,False,13.409685617171979,19.401150164279958,1,False,0.0002503283657451791
67,69,0.013636363636363636,15.27524071347038,0.011818181818181818,0.016363636363636365,13.675240713470386,17.175240713470373,False,7.4718062856342105,13.46327083274219,1,False,0.006267264080003011
69,71,0.01,18.78881207150991,0.01,0.011363636363636364,18.38881207150991,20.088812071509906,False,22.44222891045459,28.43369345756257,1,False,2.1655989092475194e-06
70,72,0.16636363636363638,10.130561260209559,0.15545454545454546,0.19181818181818183,9.030561260209563,11.230561260209555,True,7.673526711897845,13.664991259005824,1,False,0.005603682685510437
71,73,0.11363636363636363,6.803153823851648,0.10454545454545455,0.12636363636363637,5.703153823851647,8.103153823851649,True,5.776858695397371,11.76832324250535,1,False,0.016238537889663125
72,74,0.2909090909090909,5.71809603154228,0.24545454545454545,0.32727272727272727,4.418096031542278,6.61809603154228,True,1.9195944140735324,7.911058961181512,1,True,0.16590137877833158
73,75,0.01,10.214830483057616,0.01,0.012727272727272728,9.614830483057618,12.614830483057608,False,12.527505460037313,18.518970007145292,1,False,0.00040100482009590557
74,76,0.06363636363636364,10.364125093338275,0.05454545454545455,0.07390909090909091,8.664125093338281,12.164125093338269,True,8.596030772464644,14.587495319572623,1,False,0.003368964720756046
75,77,0.13363636363636364,4.69995804492251,0.11545454545454546,0.15,2.8999580449225095,6.19995804492251,False,0.684040906553184,6.675505453661163,1,True,0.40819871576375577
77,79,0.03,5.003397126202946,0.02727272727272727,0.034545454545454546,3.9033971262029454,6.2033971262029475,True,4.059785892842377,10.051250439950355,1,False,0.04391606729237418
78,80,0.060909090909090906,6.490916517935604,0.05272727272727273,0.06909090909090909,4.990916517935609,7.990916517935599,True,7.281619273077904,13.273083820185883,1,False,0.00696637109969163
79,81,0.2181818181818182,9.09171927704626,0.17545454545454547,0.2545454545454545,7.691719277046259,10.19171927704626,False,1.7706500185173728,7.762114565625351,1,True,0.18330165458667153
80,82,0.8,16.088521250017703,0.6454545454545454,1.0181818181818183,14.488521250017708,17.888521250017696,True,6.613395139643886,12.604859686751865,1,False,0.010121450964179086
81,83,0.013181818181818182,7.909980821562593,0.012272727272727272,0.015454545454545453,7.009980821562596,9.609980821562587,False,27.775624529075778,33.76708907618376,1,False,1.362317700376236e-07
82,84,0.2909090909090909,6.003272781796172,0.2636363636363636,0.3181818181818182,5.203272781796171,6.703272781796172,False,1.6581514321107254,7.649615979218704,1,True,0.19785309870724105
83,85,0.01863636363636364,13.928279216750502,0.015909090909090907,0.02181818181818182,12.428279216750507,15.428279216750497,False,13.018582970753279,19.01004751786126,1,False,0.0003084151033116772
84,86,0.1190909090909091,13.543623795199693,0.10545454545454545,0.13,11.943623795199699,14.843623795199688,False,1.071210156246518,7.062674703354497,1,True,0.3006722601035809
85,87,0.04,9.056514727644396,0.03727272727272728,0.057272727272727274,8.656514727644398,13.256514727644381,True,5.526309861807272,11.517774408915251,1,False,0.018732572798934505
87,89,0.01,5.587432591597981,0.01,0.011363636363636364,5.487432591597981,6.787432591597982,False,20.5301524398678,26.52161698697578,1,False,5.869926770541879e-06
88,90,0.10545454545454545,10.121682792865764,0.08545454545454545,0.12818181818181817,7.921682792865772,12.721682792865755,True,7.976288980232244,13.967753527340223,1,False,0.004739399749616479
89,91,0.16636363636363638,9.548338076913282,0.15363636363636363,0.18636363636363637,8.348338076913286,10.548338076913279,True,7.22269954096185,13.214164088069829,1,False,0.00719873661927446
90,92,0.13363636363636364,8.455968489349003,0.11545454545454546,0.1481818181818182,6.45596848934901,9.955968489348997,True,3.084219761093106,9.075684308201085,1,True,0.07905517244341195
92,94,0.016363636363636365,13.471688363967504,0.012727272727272728,0.022727272727272728,10.771688363967513,16.571688363967493,True,0.4831595469893027,6.4746240940972815,1,True,0.48699464652555335
93,95,0.5272727272727272,7.988526977066881,0.34545454545454546,0.9363636363636364,4.288526977066877,12.488526977066885,True,0.11677989000560729,6.108244437113586,1,True,0.7325535456663006
94,96,0.2,4.708771719069216,0.1781818181818182,0.2272727272727273,4.008771719069216,5.508771719069216,True,4.022274952054603,10.013739499162583,1,False,0.04490310567393755
95,97,0.08909090909090908,9.73014198182788,0.07772727272727273,0.10272727272727274,8.230141981827884,11.130141981827874,True,12.383380316221302,18.37484486332928,1,False,0.00043317222649914654
96,98,0.09545454545454546,9.077015500347816,0.07909090909090909,0.11363636363636363,7.077015500347823,11.077015500347809,True,2.9108713020446753,8.902335849152655,1,True,0.08798432951081564
97,99,0.4,7.29769090959462,0.35454545454545455,0.4636363636363636,6.197690909594619,8.39769090959462,True,0.2882367243971312,6.27970127150511,1,True,0.591352700653873
98,100,0.36363636363636365,6.350530703892701,0.3090909090909091,0.39090909090909093,5.0505307038927,7.150530703892701,True,1.043150316951073,7.034614864059052,1,True,0.30708992177771355
99,101,0.33636363636363636,5.237495539580931,0.3,0.38181818181818183,4.33749553958093,6.437495539580932,True,1.2711352906637028,7.262599837771682,1,True,0.25955380816258866
100,102,0.12090909090909091,3.476196789173178,0.09909090909090909,0.1481818181818182,0.9761967891731788,6.1761967891731775,True,1.9742304267269262,7.965694973834905,1,True,0.15999954110195544
101,103,0.02,10.022258541219903,0.017727272727272727,0.022727272727272728,8.822258541219908,11.2222585412199,False,19.612134640900578,25.60359918800856,1,False,9.48647781210114e-06
102,104,0.03636363636363636,2.5,0.030909090909090907,0.04181818181818182,1.1,4.0,True,3.514652352564647,9.506116899672627,1,True,0.0608284172349402
103,105,0.06909090909090909,3.0,0.05545454545454545,0.08181818181818182,0.6000000000000001,5.0,True,1.7555368109727716,7.747001358080751,1,True,0.1851821894217094
104,106,0.9272727272727272,6.5,0.6,1.0636363636363637,3.0,7.4,False,2.9968542692933484,8.988318816401328,1,True,0.08342635625292807
105,107,0.01,13.374886508957909,0.01,0.01090909090909091,13.07488650895791,14.074886508957906,False,36.891195997054155,42.882660544162135,1,False,1.2490871250009306e-09
106,108,0.1781818181818182,8.25635762062967,0.16272727272727272,0.2,7.156357620629669,8.956357620629671,False,0.21133123147956104,6.20279577858754,1,True,0.6457259934267381
107,109,0.03272727272727273,8.645393052066725,0.028181818181818183,0.04181818181818182,7.14539305206673,11.045393052066716,True,4.869954985513714,10.861419532621692,1,False,0.02732821329912856
108,110,0.4909090909090909,2.9000000000000004,0.34545454545454546,0.9,0.0,7.7,True,0.48531984921124505,6.476784396319224,1,True,0.48602247376780305
109,111,0.10272727272727274,9.233036862150126,0.09090909090909091,0.11181818181818182,8.13303686215013,10.533036862150121,False,19.31691916727668,25.30838371438466,1,False,1.1072089210128014e-05
110,112,0.13545454545454547,3.6531025436053275,0.12454545454545454,0.14636363636363636,2.4531025436053278,4.553102543605327,True,6.4349036019771235,12.426368149085103,1,False,0.011189923025242013
111,113,0.09454545454545454,17.749431751334313,0.08272727272727273,0.10545454545454545,16.349431751334322,18.84943175133431,False,6.553834225160404,12.545298772268383,1,False,0.010465838552503664
112,114,0.08818181818181818,4.6000000000000005,0.07681818181818181,0.10545454545454545,3.0,6.4,False,0.05910322083815354,6.0505677679461325,1,True,0.8079189918009774
113,115,0.024545454545454544,8.312496096246718,0.02090909090909091,0.02909090909090909,6.812496096246724,10.112496096246712,True,4.35995708406979,10.351421631177768,1,False,0.03679323216320941
114,116,0.06545454545454546,8.775645624675343,0.053636363636363635,0.08363636363636363,6.87564562467535,11.775645624675333,True,1.5540105544103835,7.545475101518362,1,True,0.212544349699503
119,121,1.2454545454545454,11.947359259636947,0.7727272727272727,1.4,8.047359259636943,13.347359259636947,False,2.626544621566257,8.618009168674236,1,True,0.10509019362310192
120,122,0.1890909090909091,6.513078358366252,0.13727272727272727,0.2818181818181818,2.8130783583662486,9.413078358366255,True,2.4266879237899146,8.418152470897894,1,True,0.11928469351985026
121,123,0.12454545454545454,8.753810084794635,0.10727272727272727,0.13727272727272727,6.653810084794642,10.05381008479463,True,18.92566692622455,24.91713147333253,1,False,1.3591172981018424e-05
122,124,0.057272727272727274,3.5557647764393105,0.049090909090909095,0.07090909090909091,2.055764776439309,6.055764776439313,True,7.9173484000777306,13.908812947185709,1,False,0.004896298138729815
123,125,0.015,8.651231138474406,0.014545454545454545,0.01863636363636364,8.251231138474408,10.6512311384744,False,23.94148748381872,29.9329520309267,1,False,9.930842137730163e-07
124,126,0.24545454545454545,7.829999614258762,0.18636363636363637,0.2909090909090909,6.129999614258761,9.029999614258763,True,3.659531465045222,9.6509960121532,1,True,0.05574930839756797
126,128,0.025454545454545455,10.790263311142322,0.02090909090909091,0.03,8.79026331114233,12.790263311142315,False,17.92846613946926,23.91993068657724,1,False,2.2936476195087603e-05
127,129,0.02090909090909091,7.702823147496694,0.01818181818181818,0.026363636363636363,6.302823147496699,10.002823147496686,True,2.608783569857541,8.60024811696552,1,True,0.1062732525924982
128,130,0.05909090909090909,4.643820398794695,0.05,0.06909090909090909,2.8438203987946937,6.543820398794697,True,5.262638475462661,11.25410302257064,1,False,0.021787963965634132
129,131,0.1572727272727273,8.071640094634036,0.11727272727272728,0.2727272727272727,4.471640094634049,12.47164009463402,True,0.38671369636839437,6.378178243476373,1,True,0.534031900465151
130,132,0.23636363636363636,4.1000000000000005,0.19454545454545455,0.2727272727272727,2.8000000000000003,5.300000000000001,True,0.09901234279257369,6.090476889900553,1,True,0.7530180958661509
132,134,0.06181818181818182,3.8686922825244348,0.05272727272727273,0.07336363636363635,2.1686922825244332,5.968692282524437,True,8.773530811190307,14.764995358298286,1,False,0.003056332373465508
133,135,0.013636363636363636,14.94090997663065,0.011363636363636364,0.01681818181818182,12.840909976630657,17.040909976630644,False,12.372621822646426,18.364086369754403,1,False,0.00043567538361850643
134,136,0.2272727272727273,7.142898950883163,0.18636363636363637,0.2636363636363636,5.742898950883161,8.242898950883163,True,0.049971626088323215,6.041436173196303,1,True,0.8231126538190219
135,137,0.3090909090909091,7.359804888363716,0.2727272727272727,0.36363636363636365,6.3598048883637155,8.559804888363718,False,1.0763753546127783,7.067839901720758,1,True,0.29950983130366193
136,138,0.02909090909090909,11.90923900826464,0.02181818181818182,0.04090909090909091,9.00923900826465,15.109239008264629,True,3.3541804427225896,9.345644989830568,1,True,0.06703457107123456
137,139,0.12454545454545454,10.077451452604542,0.11,0.1409090909090909,8.377451452604548,11.777451452604536,True,3.0883824899090775,9.079847037017057,1,True,0.0788531556765154
138,140,0.010454545454545454,15.266857822330438,0.01,0.012727272727272728,14.56685782233044,17.16685782233043,False,3.8444597608741935,9.835924307982172,1,False,0.04991059813566906
139,141,0.12272727272727273,22.014527257853803,0.09,0.16454545454545455,18.91452725785376,26.214527257853863,True,1.2866888587497378,7.278153405857717,1,True,0.25665904963910635
140,142,0.1972727272727273,12.201995608400779,0.16636363636363638,0.23636363636363636,10.901995608400783,13.301995608400775,True,3.181835379411843,9.173299926519821,1,True,0.07446104778104942
141,143,0.1481818181818182,12.540511478168883,0.13545454545454547,0.16090909090909092,11.340511478168887,13.940511478168878,True,6.985631704342563,12.977096251450542,1,False,0.008216664710009848
142,144,0.01818181818181818,7.5662523027706285,0.01681818181818182,0.02181818181818182,6.966252302770631,9.366252302770622,False,18.702596266976975,24.694060814084956,1,False,1.5277433152927622e-05
143,145,0.03363636363636364,5.228461296354935,0.03,0.038181818181818185,4.328461296354934,6.428461296354936,True,14.613118799992,20.60458334709998,1,False,0.00013199248850952048
144,146,0.031818181818181815,7.440363921365455,0.028181818181818183,0.03727272727272728,6.240363921365459,8.94036392136545,False,12.283664444583561,18.27512899169154,1,False,0.00045694027905013925
145,147,0.05181818181818182,13.081569467451333,0.04454545454545455,0.060909090909090906,11.381569467451339,14.581569467451327,True,3.743244139047189,9.734708686155168,1,True,0.05302140735567163
146,148,0.17545454545454547,8.57959372114907,0.1572727272727273,0.2,7.079593721149076,9.479593721149067,True,7.258285157733051,13.24974970484103,1,False,0.00705746490473604
147,149,0.06727272727272728,11.251235213980873,0.05454545454545455,0.08090909090909092,8.951235213980882,13.451235213980866,False,0.15207297276538062,6.14353751987336,1,True,0.696562170590439
148,150,0.12636363636363637,12.108275082006593,0.11545454545454546,0.1409090909090909,10.908275082006597,13.508275082006588,False,1.659045029866301,7.65050957697428,1,True,0.19773231133911104
149,151,0.026363636363636363,4.572361325572839,0.022727272727272728,0.03272727272727273,2.972361325572839,6.772361325572838,True,3.250211758234205,9.241676305342184,1,True,0.07141423095137321
150,152,0.022727272727272728,9.498745939592315,0.017272727272727273,0.031818181818181815,7.098745939592323,12.998745939592302,True,3.8745775215537863,9.866042068661766,1,False,0.04902264631007216
151,153,0.16272727272727272,7.305650004372371,0.14454545454545453,0.2,5.405650004372378,9.105650004372364,True,7.365477497526367,13.356942044634346,1,False,0.006648794199900109
152,154,0.022727272727272728,4.39118875102736,0.019545454545454546,0.02727272727272727,2.9911887510273587,6.291188751027361,True,3.346425187733501,9.33788973484148,1,True,0.06735113076054422
153,155,0.025454545454545455,9.700196919874127,0.02181818181818182,0.02909090909090909,8.100196919874133,11.200196919874122,False,4.745154918351401,10.73661946545938,1,False,0.02938090808204663
154,156,0.19181818181818183,11.943478366584998,0.16818181818181818,0.2181818181818182,11.043478366585001,12.743478366584995,True,1.1375310218381005,7.128995568946079,1,True,0.286174640129925
156,158,0.012272727272727272,14.02606515718527,0.010454545454545454,0.014545454545454545,12.426065157185276,16.026065157185265,False,6.461353513096494,12.452818060204473,1,False,0.011024563777309393
157,159,0.03363636363636364,7.103601180276037,0.03272727272727273,0.04454545454545455,7.003601180276037,10.003601180276027,False,5.615378674436586,11.606843221544565,1,False,0.017803533683405398
158,160,0.11,26.445238090959133,0.09,0.12818181818181817,24.245238090959102,28.445238090959162,True,1.0993388277588236,7.090803374866803,1,True,0.2944112497582352
159,161,0.2090909090909091,11.48071768709072,0.1890909090909091,0.23636363636363636,10.780717687090723,12.280717687090718,False,9.769846261191402,15.761310808299381,1,False,0.0017739728669649037
160,162,0.509090909090909,17.214262265153458,0.4,0.6454545454545454,15.214262265153463,19.014262265153448,True,0.8233998326588895,6.814864379766869,1,True,0.3641880062568428
161,163,0.09636363636363636,5.4559960033298704,0.08272727272727273,0.11181818181818182,3.8559960033298686,7.1559960033298715,False,0.4673285353422516,6.458793082450231,1,True,0.4942187411953163
162,164,0.08636363636363636,12.790647963155918,0.08363636363636363,0.10363636363636364,12.490647963155919,14.69064796315591,False,20.574080898437877,26.565545445545858,1,False,5.736758131084661e-06
163,165,0.13727272727272727,23.54713927086413,0.11363636363636363,0.1590909090909091,21.047139270864093,25.74713927086416,False,9.822794804591364,15.814259351699343,1,False,0.0017236223095029159
164,166,0.15363636363636363,14.214769789883125,0.13727272727272727,0.16454545454545455,12.81476978988313,15.41476978988312,True,9.493623494687224,15.485088041795203,1,False,0.002061872131154032
165,167,0.04363636363636364,12.457064539547323,0.038181818181818185,0.04727272727272727,11.157064539547328,13.35706453954732,False,1.6434094504924341,7.634873997600414,1,True,0.19985831909815258
166,168,0.09909090909090909,21.11984918261964,0.075,0.12454545454545454,18.219849182619598,24.01984918261968,False,0.05324416101444618,6.0447087081224256,1,True,0.817511386535482
167,169,0.17545454545454547,9.169781844421776,0.15363636363636363,0.2272727272727273,7.169781844421783,10.86978184442177,True,0.09392547128555438,6.085390018393533,1,True,0.759244818031839
168,170,0.019545454545454546,17.229762881641193,0.01818181818181818,0.023636363636363636,16.729762881641186,19.12976288164122,False,27.751836640181175,33.743301187289156,1,False,1.3791720623096636e-07
169,171,0.4909090909090909,24.217813906828034,0.4272727272727273,0.5818181818181818,23.017813906828017,25.41781390682805,False,1.2195988878057182,7.211063434913697,1,True,0.2694393848052975
170,172,0.11363636363636363,9.41916441767399,0.10363636363636364,0.12454545454545454,8.319164417673994,10.519164417673986,False,1.3337935786343247,7.3252581257423035,1,True,0.24813145591248922
171,173,0.04090909090909091,18.308787183254715,0.03363636363636364,0.05,16.408787183254688,20.70878718325475,False,5.006922058783462,10.99838660589144,1,False,0.025246155453879666
172,174,0.09909090909090909,10.097477683195182,0.08272727272727273,0.11,8.297477683195188,11.397477683195177,False,5.935526937693433,11.926991484801412,1,False,0.014838631409113442
173,175,0.3,8.407521596892453,0.2636363636363636,0.33636363636363636,7.307521596892452,9.307521596892453,False,0.760648918485981,6.75211346559396,1,True,0.38312552154901214
174,176,0.6272727272727272,6.4,0.35454545454545455,0.8909090909090909,1.9000000000000001,8.6,True,2.01212474093298,8.00358928804096,1,True,0.15604663927946294
175,177,0.15,13.664616413705842,0.1409090909090909,0.16090909090909092,12.764616413705845,14.764616413705838,False,0.6516636811803855,6.643128228288365,1,True,0.41951849743605074
176,178,0.045454545454545456,9.5146518313572,0.038181818181818185,0.056363636363636366,7.514651831357208,11.814651831357192,True,0.19969127420649332,6.191155821314473,1,True,0.6549701560503494
177,179,0.10818181818181818,19.790626231762943,0.08818181818181818,0.12818181818181817,17.690626231762913,21.990626231762974,True,8.862205390359447,14.853669937467426,1,False,0.0029113561822805235
178,180,0.2272727272727273,7.000550603996943,0.18636363636363637,0.2727272727272727,5.700550603996942,8.500550603996945,True,3.4302844923419062,9.421749039449885,1,True,0.06401107374264418
180,182,0.18636363636363637,10.224347184065792,0.16454545454545455,0.2,9.124347184065796,10.82434718406579,True,1.7624667141571058,7.753931261265085,1,True,0.1843171370700438
181,183,0.15363636363636363,8.822987064420271,0.11727272727272728,0.23636363636363636,5.422987064420283,12.422987064420258,True,0.8566952074515726,6.848159754559552,1,True,0.3546651698133574
182,184,0.0710909090909091,2.9000000000000004,0.05272727272727273,0.11727272727272728,0.0,8.8,True,0.4038331126526622,6.395297659760641,1,True,0.5251162878681584
183,185,0.14272727272727273,4.393791085082511,0.12818181818181817,0.1572727272727273,3.1937910850825113,5.693791085082511,False,2.33079666121856,8.32226120832654,1,True,0.12683694967893877
184,186,0.019090909090909092,3.6321281999159694,0.015454545454545453,0.024545454545454544,1.9321281999159678,5.932128199915971,False,11.706319877329598,17.69778442443758,1,False,0.0006228818442530126
185,187,0.02181818181818182,10.60051398516955,0.01818181818181818,0.025454545454545455,8.900513985169557,12.200513985169545,False,18.621120506860272,24.612585053968253,1,False,1.594442955278282e-05
186,188,0.17545454545454547,7.077209038205601,0.15,0.2272727272727273,4.877209038205599,8.777209038205601,True,1.4430404004331394,7.434504947541118,1,True,0.22964797058644057
187,189,0.10636363636363637,10.210363769386904,0.09090909090909091,0.12272727272727273,8.61036376938691,11.910363769386898,True,4.205720674522758,10.197185221630736,1,False,0.040287851938933784
188,190,0.025454545454545455,5.14860912761198,0.02181818181818182,0.02909090909090909,3.5486091276119787,6.7486091276119815,True,8.270630688237054,14.262095235345033,1,False,0.004029150767598996
189,191,0.08545454545454545,10.771782634498654,0.07163636363636364,0.10636363636363637,8.771782634498662,13.071782634498646,True,9.843730333573912,15.835194880681891,1,False,0.001704115699650306
190,192,0.37272727272727274,5.645552799612218,0.32727272727272727,0.4272727272727273,4.545552799612218,6.845552799612217,True,0.07475545807602742,6.0662200051840065,1,True,0.7845346510895381
191,193,0.026363636363636363,9.84914051472398,0.02181818181818182,0.02909090909090909,7.849140514723986,11.049140514723975,False,29.883777204590213,35.87524175169819,1,False,4.5873508326358155e-08
192,194,0.5545454545454546,1.9000000000000001,0.4181818181818182,0.9636363636363636,0.0,6.0,True,0.016285749355523314,6.007750296463502,1,True,0.8984531602822385
193,195,0.03909090909090909,13.79296790519441,0.03272727272727273,0.046363636363636364,12.292967905194415,15.692967905194402,True,0.48903766345785565,6.4805022105658345,1,True,0.48435689502776835
194,196,0.026363636363636363,3.2,0.023636363636363636,0.030909090909090907,2.1,4.9,True,0.9933670571323638,6.984831604240343,1,True,0.3189208264396823
195,197,0.015,6.98040266293096,0.012727272727272728,0.01818181818181818,4.880402662930967,8.780402662930953,False,21.743375993623868,27.734840540731845,1,False,3.116641064227807e-06
196,198,0.03272727272727273,9.022228570332102,0.02727272727272727,0.04090909090909091,6.922228570332109,11.222228570332094,True,3.0091821229810733,9.000646670089052,1,True,0.08279405678899353
197,199,0.38181818181818183,7.742629944654709,0.34545454545454546,0.4272727272727273,6.742629944654707,8.54262994465471,True,2.303484360777464,8.294948907885443,1,True,0.12908413901917729
198,200,0.05909090909090909,10.15470822495024,0.057272727272727274,0.07163636363636364,10.15470822495024,12.454708224950231,False,10.531960029275458,16.523424576383437,1,False,0.0011732771371647172
199,201,0.33636363636363636,11.716885675070026,0.3,0.38181818181818183,10.81688567507003,12.716885675070023,True,0.4135001826399324,6.4049647297479115,1,True,0.5201982758861182
200,202,0.01863636363636364,12.354373907983625,0.016363636363636365,0.02090909090909091,11.15437390798363,13.55437390798362,False,16.16329943169211,22.15476397880009,1,False,5.8109123720759077e-05
201,203,0.1781818181818182,8.762149811872618,0.1590909090909091,0.19454545454545455,7.262149811872623,9.362149811872616,True,2.901082898391677,8.892547445499655,1,True,0.08852006672939669
202,204,0.01818181818181818,10.38127922585215,0.015909090909090907,0.02090909090909091,9.181279225852155,11.681279225852146,False,5.50744806402375,11.498912611131729,1,False,0.01893565587289381
203,205,0.045454545454545456,4.577547467177945,0.038181818181818185,0.05545454545454545,2.677547467177944,6.777547467177948,True,4.307924016259575,10.299388563367554,1,False,0.03793522833177899
204,206,0.12272727272727273,6.555480560524813,0.10727272727272727,0.13727272727272727,4.65548056052482,8.055480560524808,True,9.51887284560009,15.510337392708069,1,False,0.0020336945483450173
205,207,1.009090909090909,8.9,0.6454545454545454,1.1363636363636365,5.2,9.5,False,3.234272951126313,9.225737498234292,1,True,0.07211230476609659
206,208,0.09181818181818181,7.348074309168171,0.07,0.12090909090909091,4.248074309168167,10.548074309168173,True,1.0074901676527768,6.998954714760756,1,True,0.31550486885437123
207,209,0.023636363636363636,16.239370760391385,0.016363636363636365,0.03272727272727273,13.039370760391396,19.53937076039137,True,1.3133506785550653,7.304815225663044,1,True,0.251788891734987
208,210,0.23636363636363636,8.271055964286228,0.16454545454545455,0.32727272727272727,5.571055964286225,10.77105596428623,True,0.7388171675993452,6.730281714707324,1,True,0.3900400451373911
209,211,0.16272727272727272,8.315894520575627,0.12272727272727273,0.23636363636363636,4.515894520575641,11.215894520575617,True,1.2451457752496653,7.236610322357644,1,True,0.2644816371744456
210,212,0.015454545454545453,8.299731101932085,0.014090909090909091,0.017727272727272727,7.299731101932089,9.59973110193208,False,10.408050207756084,16.399514754864065,1,False,0.0012546714854949257
211,213,0.07636363636363636,30.145263335806234,0.05909090909090909,0.08,27.14526333580619,30.44526333580624,False,6.985222602121372,12.97668714922935,1,False,0.008218543071548842
212,214,1.3363636363636364,11.98645669131565,0.8,1.4,7.786456691315646,12.58645669131565,False,2.967344572402329,8.958809119510308,1,True,0.08496121001990575
213,215,0.609090909090909,6.2,0.4727272727272727,0.790909090909091,4.1000000000000005,8.3,False,5.214951257387406,11.206415804495386,1,False,0.02239347469837256
214,216,0.05090909090909091,26.94526333580619,0.02909090909090909,0.07390909090909091,21.245263335806108,30.44526333580624,False,3.6687319157327627,9.66019646284074,1,True,0.055442350917265765
215,217,0.13363636363636364,11.91750873286627,0.12090909090909091,0.14636363636363636,10.717508732866275,13.217508732866266,False,1.2857738844820394,7.2772384315900185,1,True,0.25682823306701136
216,218,0.04818181818181819,4.691948053362412,0.04272727272727273,0.057272727272727274,3.391948053362413,6.491948053362412,False,0.34496240648450066,6.33642695359248,1,True,0.5569787366925603
217,219,0.790909090909091,30.245263335806236,0.609090909090909,0.8272727272727273,28.34526333580621,30.44526333580624,False,0.12167236593305601,6.113136913041035,1,True,0.7272277046198494
218,220,0.03272727272727273,4.856563150923973,0.02727272727272727,0.03909090909090909,2.956563150923971,6.356563150923974,True,11.088473514801985,17.079938061909964,1,False,0.0008686595951092344
219,221,0.3,2.7,0.24545454545454545,0.39090909090909093,1.1,4.800000000000001,True,0.7203661214220098,6.711830668529989,1,True,0.39602384095306187
220,222,0.08818181818181818,4.574456568560269,0.06909090909090909,0.12090909090909091,1.9744565685602664,8.274456568560272,True,1.4389328948738251,7.430397441981804,1,True,0.23031209931197555
221,223,0.35454545454545455,12.362946158732683,0.23636363636363636,0.5909090909090908,9.162946158732694,16.562946158732668,True,0.15874523782065594,6.150209784928635,1,True,0.6903143826273277
222,224,1.090909090909091,12.242279766211476,0.5363636363636364,1.2454545454545454,6.542279766211471,12.742279766211476,True,3.883057016880544,9.874521563988523,1,False,0.048775669316085124
223,225,0.10090909090909092,13.812168446084714,0.08818181818181818,0.11181818181818182,12.512168446084718,15.11216844608471,False,1.948327153448124,7.939791700556103,1,True,0.1627672299737072
224,226,0.05090909090909091,10.37343325008919,0.04272727272727273,0.06272727272727273,8.273433250089198,12.573433250089183,True,7.703429715054552,13.694894262162531,1,False,0.005511599963218986
225,227,0.05,6.062317210198695,0.04181818181818182,0.06181818181818182,3.862317210198693,8.362317210198697,True,6.033151744993404,12.024616292101383,1,False,0.014039642946472817
227,229,0.15363636363636363,9.637551128702604,0.12454545454545454,0.19454545454545455,6.737551128702615,12.237551128702595,True,2.727732279901458,8.719196827009437,1,True,0.0986192251546793
228,230,0.06727272727272728,7.333389228694701,0.05818181818181818,0.10636363636363637,6.133389228694705,12.433389228694683,True,3.9353544051163993,9.926818952224378,1,False,0.04728117694797615
229,231,0.13363636363636364,9.794510138140138,0.1190909090909091,0.15363636363636363,8.094510138140144,11.89451013814013,False,11.335979723651409,17.327444270759386,1,False,0.0007601971757491587
230,232,0.04,8.26665091768956,0.034545454545454546,0.045454545454545456,6.7666509176895655,9.666650917689555,True,8.23933470147685,14.230799248584828,1,False,0.004099215523735083
231,233,0.015,7.135918619322649,0.010454545454545454,0.023636363636363636,3.335918619322646,11.335918619322653,True,0.852194292318656,6.843658839426635,1,True,0.3559323234080972
232,234,0.0710909090909091,17.357670804067062,0.057272727272727274,0.08909090909090908,14.957670804067073,20.057670804067055,True,1.2873148740363376,7.278779421144317,1,True,0.25654337543523503
233,235,0.34545454545454546,9.926213385469085,0.3090909090909091,0.38181818181818183,9.026213385469088,10.726213385469082,True,0.6484166886857056,6.639881235793685,1,True,0.42067932402835495
234,236,0.06,9.117560838530448,0.05090909090909091,0.07072727272727274,7.417560838530454,11.11756083853044,True,11.396263340233316,17.387727887341295,1,False,0.0007359198413185856
235,237,0.4090909090909091,5.974412577410032,0.34545454545454546,0.4909090909090909,4.374412577410032,7.474412577410032,True,2.3115272035788474,8.302991750686827,1,True,0.12841782270863464
236,238,0.23636363636363636,24.13730017908691,0.2090909090909091,0.2727272727272727,23.3373001790869,25.237300179086926,False,0.22933178864488357,6.220796335752863,1,True,0.6320197403373031
237,239,0.16272727272727272,13.419510410703083,0.15,0.18636363636363637,12.019510410703088,14.619510410703079,True,0.23742528937084204,6.228889836478821,1,True,0.6260719223223847
238,240,1.2636363636363637,11.63680843181181,0.7818181818181819,1.4,7.836808431811806,12.03680843181181,False,3.422680020247191,9.41414456735517,1,True,0.06430653749280929
239,241,0.04727272727272727,12.506595070194697,0.04272727272727273,0.053636363636363635,11.406595070194701,13.906595070194692,True,2.851062314354092,8.842526861462071,1,True,0.09131358145854315
240,242,0.023636363636363636,13.058992953636908,0.02,0.025454545454545455,11.558992953636913,13.858992953636905,False,13.439462129011549,19.430926676119526,1,False,0.0002463862521897121
241,243,0.04363636363636364,2.9000000000000004,0.038181818181818185,0.04818181818181819,1.5,4.0,True,6.486590229679899,12.478054776787879,1,False,0.010869126077841454
242,244,0.02727272727272727,15.144734709008533,0.024545454545454544,0.03272727272727273,13.944734709008538,17.144734709008524,False,8.983872171669049,14.975336718777028,1,False,0.0027237284891338926
244,246,0.034545454545454546,4.127854900847916,0.03,0.04,2.927854900847917,5.527854900847917,True,5.867099769673972,11.858564316781951,1,False,0.015426446277254395
245,247,0.4,0.0,0.38181818181818183,0.509090909090909,0.0,2.0,True,8.08127436276096,14.072738909868939,1,False,0.004472498325824857
246,248,0.4272727272727273,7.504572673071689,0.39090909090909093,0.4818181818181818,6.8045726730716884,8.504572673071689,False,5.275804030618975,11.267268577726954,1,False,0.02162379905496358
247,249,0.2545454545454545,6.531347422904371,0.2181818181818182,0.3090909090909091,5.33134742290437,8.131347422904373,False,5.233617122781395,11.225081669889374,1,False,0.022154413961570064
248,250,0.2,15.510449513262751,0.17,0.2545454545454545,14.410449513262755,17.110449513262743,False,3.95618177966859,9.94764632677657,1,False,0.0466995165510463
249,251,0.23636363636363636,4.0,0.19454545454545455,0.2727272727272727,2.8000000000000003,5.1000000000000005,True,1.1220512967277112,7.113515843835691,1,True,0.2894771851133972
250,252,0.33636363636363636,4.6000000000000005,0.3,0.39090909090909093,3.8000000000000003,5.9,False,17.114137530832505,23.105602077940482,1,False,3.5199311989070544e-05
251,253,0.6181818181818182,25.50317928529935,0.5,0.7818181818181819,23.803179285299326,27.403179285299377,False,2.1037548587734305,8.095219405881409,1,True,0.14693790907875223
253,255,0.07018181818181819,3.9380313867035572,0.06,0.08090909090909092,2.1380313867035556,5.538031386703558,True,4.598762911867768,10.590227458975747,1,False,0.031995035231959366
254,256,0.3,18.12969913238989,0.24545454545454545,0.37272727272727274,16.629699132389895,19.829699132389884,True,0.11432824289408865,6.105792790002067,1,True,0.7352692955397317
255,257,0.028181818181818183,6.223085258845361,0.026363636363636363,0.03272727272727273,5.423085258845361,7.723085258845363,False,2.4714619942014675,8.462926541309447,1,True,0.11593004714636085
256,258,0.12272727272727273,12.21280112701663,0.11181818181818182,0.13363636363636364,10.912801127016635,13.412801127016627,False,0.43122299043121326,6.4226875375391925,1,True,0.5113894548995774
257,259,0.2181818181818182,13.79576135386453,0.1890909090909091,0.24545454545454545,12.895761353864533,14.695761353864526,False,11.913809640970001,17.905274188077982,1,False,0.0005571933152420014
258,260,0.06181818181818182,30.44526333580624,0.05545454545454545,0.06363636363636364,29.14526333580622,30.44526333580624,False,16.947716944931685,22.939181492039665,1,False,3.8423500298980854e-05
259,261,0.18636363636363637,11.579622665218256,0.16818181818181818,0.2,10.879622665218259,11.979622665218255,False,0.8645194016700809,6.85598394877806,1,True,0.3524770519341529
261,263,0.32727272727272727,17.980730056548673,0.2909090909090909,0.36363636363636365,17.080730056548674,18.78073005654867,False,0.18481038006553194,6.176274927173511,1,True,0.6672714567030091
262,264,0.2727272727272727,6.19865060568712,0.24545454545454545,0.3090909090909091,5.49865060568712,7.198650605687121,True,0.5868251133823207,6.5782896604903,1,True,0.4436494604425838
263,265,0.15545454545454546,9.100963299313891,0.14272727272727273,0.16454545454545455,7.900963299313895,10.000963299313888,False,2.0041510561983014,7.99561560330628,1,True,0.15686909314092265
265,267,0.15545454545454546,21.89575379271961,0.1481818181818182,0.16636363636363638,21.0957537927196,22.995753792719626,False,0.4115552343220845,6.403019781430063,1,True,0.5211811835406392
266,268,0.5545454545454546,16.18969889323334,0.4727272727272727,0.6636363636363636,14.789698893233346,17.589698893233336,False,1.1253753579439922,7.116839905051972,1,True,0.2887639375080257
267,269,0.030909090909090907,4.866947563675954,0.02727272727272727,0.035454545454545454,3.366947563675952,5.966947563675954,True,7.804461415544081,13.79592596265206,1,False,0.005211739740346882
268,270,0.16636363636363638,21.145901483066122,0.15363636363636363,0.19181818181818183,19.945901483066105,22.34590148306614,False,0.09136687861728457,6.082831425725264,1,True,0.7624465917071366
269,271,0.4909090909090909,5.2,0.38181818181818183,0.7363636363636363,3.0,8.3,True,4.110326543038211,10.10179109014619,1,False,0.04262213224745444
270,272,0.02090909090909091,8.942585333913046,0.017727272727272727,0.025454545454545455,7.342585333913052,11.042585333913038,False,10.540351986700301,16.531816533808282,1,False,0.001167961743655696
271,273,0.2727272727272727,20.788680194976205,0.24545454545454545,0.3090909090909091,19.988680194976194,21.88868019497622,False,2.6275707619327755,8.619035309040754,1,True,0.10502228518936295
272,274,0.06363636363636364,3.9898645006427227,0.05272727272727273,0.07363636363636364,2.089864500642721,5.689864500642724,True,4.869440843976609,10.860905391084588,1,False,0.02733635659627254
274,276,0.15363636363636363,12.433763345877697,0.14454545454545453,0.16454545454545455,11.6337633458777,13.533763345877693,True,6.035702733811909,12.027167280919887,1,False,0.014019368854648872
275,277,0.015,10.204919056625489,0.014090909090909091,0.01681818181818182,9.304919056625492,11.204919056625485,False,45.31555136217325,51.30701590928123,1,False,1.677121205767238e-11
276,278,0.02909090909090909,3.7,0.026363636363636363,0.031818181818181815,2.6,4.6000000000000005,False,0.4455190704426387,6.436983617550617,1,True,0.5044705934876099
277,279,0.5818181818181818,4.800000000000001,0.37272727272727274,0.9181818181818182,1.0,8.200000000000001,True,0.77357182381855,6.765036370926529,1,True,0.37911434314983694
279,281,0.23636363636363636,13.860990580229098,0.2,0.2727272727272727,12.960990580229101,14.860990580229094,False,1.5727826883842162,7.5642472354921955,1,True,0.20980335968247277
280,282,0.01,13.077730408073629,0.01,0.011818181818181818,12.77773040807363,14.677730408073623,False,13.855410190963356,19.846874738071335,1,False,0.00019742751867934095
281,283,0.05909090909090909,7.5189402607986775,0.053636363636363635,0.06909090909090909,6.618940260798681,9.41894026079867,False,10.083980480435578,16.07544502754356,1,False,0.0014956389191371896
282,284,0.16272727272727272,13.50215043601018,0.15545454545454546,0.17545454545454547,12.802150436010182,14.302150436010177,False,1.099654748080557,7.091119295188536,1,True,0.2943418851472754
283,285,0.18363636363636365,5.876723586306758,0.16636363636363638,0.2090909090909091,5.076723586306757,6.576723586306758,True,11.583217778971605,17.574682326079582,1,False,0.0006654968457123283
284,286,0.9,8.8,0.6818181818181818,0.9454545454545454,6.6000000000000005,8.8,False,7.085178215223878,13.076642762331858,1,False,0.007772408945642431
285,287,0.18636363636363637,20.273549434495877,0.16272727272727272,0.2272727272727273,18.77354943449588,21.57354943449587,True,0.25742278961050097,6.24888733671848,1,True,0.6118962870643327
286,288,0.4363636363636364,10.695484943053795,0.39090909090909093,0.5,9.795484943053799,11.795484943053792,True,1.3545008950709272,7.3459654421789065,1,True,0.24449280285873984
287,289,0.034545454545454546,3.2656262252056996,0.02909090909090909,0.04181818181818182,1.6656262252056997,5.365626225205699,True,4.729938792435078,10.721403339543057,1,False,0.029641940112298343
288,290,0.011363636363636364,5.456163433149058,0.01,0.014090909090909091,3.956163433149057,7.7561634331490605,True,3.482449136913339,9.473913684021317,1,True,0.06202288132881756
289,291,0.6727272727272727,10.255389902410077,0.5363636363636364,0.8545454545454546,8.455389902410076,12.155389902410079,False,14.405756651125705,20.397221198233684,1,False,0.0001473511715001252
290,292,0.028181818181818183,2.9000000000000004,0.024545454545454544,0.031818181818181815,1.4000000000000001,4.2,True,2.0143784791504187,8.005843026258397,1,True,0.15581506381814592
291,293,0.014090909090909091,5.492144577152693,0.012272727272727272,0.01681818181818182,3.9921445771526916,7.292144577152694,False,10.802119986747329,16.79358453385531,1,False,0.0010138392586658581
292,294,0.6,2.8000000000000003,0.4,1.1363636363636365,0.0,7.4,True,0.5323398287536736,6.523804375861653,1,True,0.465624804723175
293,295,0.32727272727272727,3.8000000000000003,0.2909090909090909,0.36363636363636365,2.8000000000000003,4.6000000000000005,False,1.4217202949027166,7.413184842010695,1,True,0.2331204584201771
294,296,1.4,11.983178675672708,1.0272727272727273,1.4,9.383178675672717,12.383178675672706,False,5.133126823157462,11.124591370265442,1,False,0.02347340397350246
296,298,0.13,18.937475615505036,0.11727272727272728,0.14454545454545453,17.337475615505042,20.337475615505028,False,1.015096205922177,7.006560753030156,1,True,0.31368503368792333
297,299,0.7272727272727273,8.1,0.609090909090909,0.7454545454545455,6.7,8.1,False,17.969622180629955,23.961086727737936,1,False,2.244585515769293e-05
298,300,0.44545454545454544,8.839752810880086,0.4,0.4909090909090909,7.839752810880086,9.539752810880087,False,0.041715680800860286,6.033180227908839,1,True,0.8381626964505325
299,301,0.34545454545454546,7.691151160041938,0.2727272727272727,0.4363636363636364,5.891151160041937,9.59115116004194,True,1.4867483356390667,7.478212882747046,1,True,0.22272166008370206
300,302,0.09818181818181819,8.97764574666222,0.07590909090909091,0.1190909090909091,6.577645746662229,11.077645746662213,True,5.5129106307659255,11.504375177873904,1,False,0.018876608047289887
302,304,1.4,13.175710183781224,1.3,1.4,12.575710183781226,13.375710183781223,False,24.516419176146695,30.507883723254672,1,False,7.36792910997843e-07
303,305,0.01,5.640324264504503,0.01,0.011363636363636364,5.640324264504503,6.840324264504504,False,13.44393379426468,19.43539834137266,1,False,0.0002457996755491469
304,306,0.09363636363636364,13.245848015909182,0.08272727272727273,0.10454545454545455,11.945848015909187,14.245848015909178,False,1.6770897281778123,7.668554275285791,1,True,0.19531160841379328
305,307,0.4363636363636364,6.2,0.38181818181818183,0.4909090909090909,5.2,7.2,False,6.728294366706219,12.719758913814198,1,False,0.009489529834703006
306,308,0.15181818181818182,3.6231553392342057,0.13545454545454547,0.16818181818181818,1.923155339234206,5.423155339234206,True,2.5748320043645228,8.566296551472501,1,True,0.10857562797213327
307,309,0.23636363636363636,5.0,0.19454545454545455,0.2818181818181818,3.7,6.4,False,0.7665673280078164,6.758031875115796,1,True,0.38128107616314333
308,310,0.3090909090909091,13.544334465327285,0.2727272727272727,0.35454545454545455,12.544334465327289,14.544334465327282,True,0.07253569219735771,6.0640002393053365,1,True,0.7876799717894633
309,311,0.14272727272727273,6.859321779124252,0.13,0.15545454545454546,5.65932177912425,8.059321779124254,False,2.7155007294463847,8.706965276554364,1,True,0.09937778184894146
310,312,1.3545454545454545,13.006433855372363,1.2363636363636363,1.3818181818181818,12.306433855372362,13.006433855372363,False,24.074759799901198,30.066224347009175,1,False,9.266700739733929e-07
311,313,1.4,6.2257288682771605,1.090909090909091,1.4,4.325728868277161,6.7257288682771605,False,11.400243438471083,17.39170798557906,1,False,0.0007343448233440371
312,314,0.13727272727272727,6.058377801299626,0.12090909090909091,0.15545454545454546,4.258377801299632,7.8583778012996195,False,18.297030851864115,24.288495398972096,1,False,1.8900151732155423e-05
313,315,0.08818181818181818,9.59722996952422,0.07590909090909091,0.10363636363636364,7.897229969524226,11.097229969524214,False,0.8050436701134306,6.79650821722141,1,True,0.3695896603600498
314,316,0.2181818181818182,12.230797436637054,0.1781818181818182,0.24545454545454545,10.930797436637059,12.930797436637052,False,9.05507184396544,15.046536391073419,1,False,0.002619671104578145
315,317,0.6181818181818182,6.6000000000000005,0.4272727272727273,0.6454545454545454,3.4000000000000004,6.6000000000000005,False,9.820860784767664,15.812325331875643,1,False,0.0017254357029565033
316,318,0.11545454545454546,5.550419556295479,0.10727272727272727,0.12636363636363637,4.550419556295477,6.650419556295479,True,14.268369156212572,20.259833703320552,1,False,0.00015850623550119856
317,319,0.2272727272727273,7.730924877809834,0.18636363636363637,0.2636363636363636,6.230924877809833,8.930924877809835,True,1.0783205636777142,7.069785110785693,1,True,0.2990735613434925
318,320,0.023636363636363636,15.681713110090657,0.01818181818181818,0.02909090909090909,13.081713110090666,18.081713110090647,False,4.135775768589234,10.127240315697213,1,False,0.04198581900651199
319,321,0.16454545454545455,7.223817006376931,0.15,0.1890909090909091,5.62381700637693,8.423817006376932,True,4.462445752223569,10.453910299331548,1,False,0.03464785505387003
320,322,0.2181818181818182,7.752946165184853,0.18636363636363637,0.23636363636363636,6.752946165184852,8.152946165184854,True,1.357213223762808,7.348677770870787,1,True,0.24402103869514014
321,323,0.04727272727272727,19.490787438648653,0.038181818181818185,0.057272727272727274,17.09078743864862,21.590787438648682,True,2.771632826078075,8.763097373186055,1,True,0.09594824137727627
322,324,0.2545454545454545,9.970390149431749,0.2272727272727273,0.2727272727272727,9.270390149431751,10.470390149431747,True,0.8391589102549264,6.830623457362906,1,True,0.35963743373100854
323,325,0.1090909090909091,9.438790707525609,0.09636363636363636,0.12272727272727273,7.938790707525614,10.838790707525604,False,3.9806063985436118,9.972070945651591,1,False,0.046026990348029866
324,326,0.19454545454545455,3.7,0.17272727272727273,0.2181818181818182,2.9000000000000004,4.4,False,1.9021777173330805,7.893642264441059,1,True,0.16783476561815502
326,328,0.1809090909090909,13.358593261055294,0.16454545454545455,0.2,12.358593261055297,14.058593261055291,False,11.00505311694347,16.99651766405145,1,False,0.0009086382867692475
327,329,0.16454545454545455,13.451412995524489,0.15363636363636363,0.18363636363636365,12.251412995524493,14.451412995524485,True,2.188300638295818,8.179765185403797,1,True,0.13906266777631876
328,330,0.4363636363636364,5.0,0.34545454545454546,0.5545454545454546,2.9000000000000004,7.1000000000000005,False,9.72210253375857,15.713567080866548,1,False,0.0018206511698701457
329,331,0.015,6.238424173012275,0.013181818181818182,0.01681818181818182,4.838424173012273,7.238424173012275,False,26.75375376619693,32.74521831330491,1,False,2.3110236074013922e-07
330,332,0.024545454545454544,3.4874238480002573,0.022727272727272728,0.02727272727272727,2.687423848000257,4.587423848000257,True,6.682836862015016,12.674301409122995,1,False,0.009734557790910243
331,333,0.11363636363636363,9.986827281645578,0.09,0.13363636363636364,7.386827281645587,12.18682728164557,False,0.30842956254574916,6.299894109653728,1,True,0.5786454710664118
332,334,1.3818181818181818,11.394919450599362,0.8363636363636364,1.4,7.494919450599376,11.89491945059936,False,0.21036898026109624,6.201833527369075,1,True,0.6464783546980826
333,335,0.11,9.02289920010062,0.10090909090909092,0.1190909090909091,7.922899200100623,10.022899200100616,False,4.069619350625857,10.061083897733836,1,False,0.04366111219040337
334,336,0.11545454545454546,10.103034281654065,0.10545454545454545,0.12818181818181817,8.903034281654069,11.60303428165406,True,11.603372075331347,17.594836622439324,1,False,0.0006583234555520893
335,337,0.19454545454545455,13.950960409626992,0.17,0.2181818181818182,13.050960409626995,14.75096040962699,False,3.3123573571780174,9.303821904285996,1,True,0.06876078896273077
336,338,0.19454545454545455,4.074525904821931,0.17272727272727273,0.2181818181818182,3.274525904821931,4.874525904821931,True,7.6988917719211925,13.69035631902917,1,False,0.005525474079670946
337,339,0.8090909090909091,8.200000000000001,0.5181818181818182,0.8818181818181818,4.5,8.700000000000001,False,4.226436550953188,10.217901098061166,1,False,0.03979891552914716
338,340,0.03272727272727273,15.440988818511068,0.03272727272727273,0.03727272727272728,15.340988818511068,16.64098881851106,False,55.59732044059753,61.58878498770551,1,False,8.894478736417751e-14
339,341,0.23636363636363636,4.0,0.2181818181818182,0.2727272727272727,3.5,4.9,True,1.3732986400854137,7.364763187193393,1,True,0.24124593927974233
340,342,0.12454545454545454,9.857641540102517,0.11545454545454546,0.13545454545454547,8.85764154010252,10.957641540102513,False,4.84774888850707,10.839213435615049,1,False,0.027682237218768724
341,343,0.5272727272727272,4.136444180959463,0.509090909090909,0.6181818181818182,4.036444180959464,5.436444180959459,False,30.310330298375106,36.30179484548309,1,False,3.68159910448277e-08
342,344,1.4,3.2,0.9,1.4,0.0,3.7,True,2.4914692159702883,8.482933763078268,1,True,0.11446482503157088
343,345,0.01,15.82978954242679,0.01,0.011363636363636364,15.62978954242679,17.129789542426785,False,45.795833666486075,51.787298213594056,1,False,1.3124237808483906e-11
344,346,0.1972727272727273,9.864161564578833,0.17545454545454547,0.2181818181818182,9.064161564578836,10.46416156457883,True,1.5360690633200353,7.527533610428014,1,True,0.21520386689371304
345,347,0.8454545454545455,9.5,0.6727272727272727,0.8636363636363636,7.5,9.5,False,14.289685824894343,20.281150372002323,1,False,0.00015672126502616268
346,348,0.11,5.776902070586463,0.09818181818181819,0.12090909090909091,4.3769020705864605,6.976902070586464,True,20.03854269614135,26.03000724324933,1,False,7.589688878229384e-06
347,349,0.1572727272727273,6.962116795787328,0.14454545454545453,0.16818181818181818,5.662116795787326,8.062116795787329,True,3.493372964814922,9.484837511922901,1,True,0.06161492569418005
348,350,0.031818181818181815,9.58677382835651,0.028181818181818183,0.03636363636363636,8.386773828356514,10.686773828356506,False,0.26141568450418545,6.252880231612164,1,True,0.6091492246487299
349,351,0.23636363636363636,8.476738904718747,0.2090909090909091,0.24545454545454545,7.6767389047187455,8.776738904718748,False,4.5723742025729885,10.563838749680968,1,False,0.03249150525701023
350,352,0.5545454545454546,3.2,0.38181818181818183,0.9090909090909091,0.0,7.0,True,0.42899822830495826,6.420462775412937,1,True,0.5124809121452695
351,353,0.07018181818181819,16.34064650950002,0.06363636363636364,0.07545454545454545,15.24064650950002,17.240646509500014,False,19.420978527308694,25.41244307441667,1,False,1.0484898977230759e-05
352,354,0.02,13.387725912068165,0.017272727272727273,0.024545454545454544,11.88772591206817,15.187725912068158,False,15.859930034988942,21.851394582096923,1,False,6.820768333270713e-05
354,356,0.15363636363636363,11.352823967130862,0.1390909090909091,0.17,10.052823967130866,12.852823967130856,False,0.18838185037309954,6.179846397481079,1,True,0.6642668154380069
355,357,0.03363636363636364,9.027458986579543,0.03,0.038181818181818185,8.027458986579546,10.127458986579539,False,17.7702744443097,23.76173899141768,1,False,2.49247112981505e-05
357,359,0.15,8.592678503954776,0.14272727272727273,0.1590909090909091,7.992678503954778,9.492678503954773,False,0.9841970742273598,6.975661621335339,1,True,0.3211648081930925
358,360,1.4,10.56279732321029,0.9363636363636364,1.4,7.362797323210291,10.862797323210291,False,4.9267076814491615,10.91817222855714,1,False,0.02644465402242792
359,361,0.1972727272727273,8.845346633890463,0.17272727272727273,0.23636363636363636,7.8453466338904665,10.045346633890459,True,1.6819098620105823,7.673374409118561,1,True,0.1946708699725725
360,362,0.09909090909090909,5.341953800664307,0.08727272727272727,0.1090909090909091,4.041953800664305,6.541953800664308,True,25.250561459139806,31.242026006247784,1,False,5.034491219614596e-07
361,363,0.015,2.4000000000000004,0.013181818181818182,0.01863636363636364,0.8,4.4,True,0.1976917746588222,6.189156321766801,1,True,0.6565904654945902
362,364,0.16454545454545455,17.010120246039534,0.15363636363636363,0.18363636363636365,15.910120246039536,18.010120246039527,False,18.607854310239343,24.59931885734732,1,False,1.6055768538590957e-05
363,365,0.4545454545454546,5.7,0.37272727272727274,0.6181818181818182,3.9000000000000004,8.200000000000001,False,11.991596381997084,17.983060929105065,1,False,0.0005344099105265645
364,366,0.5363636363636364,5.800000000000001,0.4,0.7363636363636363,3.3000000000000003,8.1,False,6.547536455659424,12.539001002767403,1,False,0.010502948509966787
365,367,0.4727272727272727,2.9000000000000004,0.38181818181818183,0.6181818181818182,1.0,5.2,True,0.359629287471706,6.351093834579685,1,True,0.5487121918438809
366,368,0.7,7.0,0.4818181818181818,0.7272727272727273,4.0,7.0,False,9.415375445771227,15.406839992879206,1,False,0.0021517350094824605
368,370,0.011818181818181818,10.84326973692647,0.010454545454545454,0.013636363636363636,9.643269736926474,12.343269736926464,False,19.627352656953093,25.618817204061074,1,False,9.411220379124343e-06
369,371,0.07545454545454545,9.317226946448336,0.06181818181818182,0.09545454545454546,7.117226946448344,11.817226946448327,True,5.888692968622585,11.880157515730563,1,False,0.015238406330060995
370,372,0.03,7.2907112634156945,0.02727272727272727,0.03636363636363636,5.990711263415699,8.890711263415689,False,14.19023730700268,20.18170185411066,1,False,0.00016522553998289178
371,373,0.03272727272727273,4.709221230521498,0.02727272727272727,0.04090909090909091,2.9092212305214966,6.8092212305215,True,4.718530245651884,10.709994792759863,1,False,0.02983923739094017
372,374,0.015,19.234382003229523,0.014545454545454545,0.019090909090909092,19.03438200322952,21.634382003229558,False,27.27256440041456,33.26402894752254,1,False,1.7670092802119384e-07
373,375,0.030909090909090907,8.426064127034232,0.026363636363636363,0.038181818181818185,6.626064127034239,10.226064127034226,True,5.605081497028157,11.596546044136137,1,False,0.017908461983430057
374,376,0.1572727272727273,9.00170316711848,0.14636363636363636,0.16818181818181818,7.901703167118484,10.201703167118476,True,5.518983865875594,11.510448412983573,1,False,0.018811182460657317
375,377,0.02909090909090909,8.97349815581057,0.025454545454545455,0.034545454545454546,7.473498155810576,10.573498155810565,False,8.357007758363178,14.348472305471157,1,False,0.00384202711899461
376,378,0.09272727272727273,9.439895071818277,0.08181818181818182,0.10363636363636364,7.939895071818283,10.539895071818274,True,29.62687852620667,35.61834307331465,1,False,5.237363489291761e-08
377,379,0.023636363636363636,8.339161609939444,0.02090909090909091,0.026363636363636363,7.039161609939448,9.43916160993944,False,12.54652366900562,18.537988216113597,1,False,0.0003969440685181937
378,380,0.04090909090909091,6.074636859717357,0.035454545454545454,0.04454545454545455,4.674636859717355,7.074636859717357,False,7.769692429132381,13.761156976240361,1,False,0.005313009490604668
379,381,0.13727272727272727,10.014847009956522,0.12818181818181817,0.1481818181818182,9.114847009956526,11.014847009956519,True,17.894694135396758,23.886158682504735,1,False,2.3347110780502703e-05
380,382,0.2181818181818182,2.7,0.2090909090909091,0.23636363636363636,2.4000000000000004,3.2,False,0.6673969009571968,6.658861448065176,1,True,0.41396064056764115
382,384,0.03272727272727273,2.726894247384989,0.028181818181818183,0.04,1.126894247384989,4.526894247384989,True,7.206941222072217,13.198405769180196,1,False,0.0072622156590277254
383,385,0.045454545454545456,9.817155099699898,0.04,0.05545454545454545,8.417155099699903,12.11715509969989,False,6.77971465039561,12.771179197503589,1,False,0.009219962846359874
384,386,0.017272727272727273,11.372916111839526,0.015,0.02,10.07291611183953,12.97291611183952,False,39.37153033251545,45.36299487962343,1,False,3.503682367560439e-10
385,387,0.024545454545454544,6.774684102633155,0.02181818181818182,0.02727272727272727,5.574684102633154,7.974684102633156,False,21.990586704727555,27.982051251835536,1,False,2.7399097556778976e-06
386,388,0.10272727272727274,9.297970657608426,0.09090909090909091,0.11181818181818182,8.09797065760843,10.497970657608422,False,2.0735057830054964,8.064970330113475,1,True,0.14987665490066546
387,389,0.034545454545454546,6.41734105879836,0.03363636363636364,0.04090909090909091,6.117341058798361,8.017341058798355,False,41.07559682849552,47.0670613756035,1,False,1.464535269847313e-10
388,390,0.01090909090909091,11.174352569312815,0.01,0.013636363636363636,10.174352569312818,13.674352569312806,False,18.05814165487425,24.04960620198223,1,False,2.1426042990578292e-05
389,391,0.011818181818181818,9.57696715648983,0.01,0.013636363636363636,7.876967156489837,11.176967156489825,False,20.036269165113204,26.027733712221185,1,False,7.598717528182238e-06
390,392,0.4909090909090909,4.9,0.37272727272727274,0.7090909090909091,2.6,7.800000000000001,False,6.547428160524284,12.538892707632263,1,False,0.010503587823839283
391,393,0.19454545454545455,4.800000000000001,0.16272727272727272,0.23636363636363636,3.2,6.1000000000000005,False,0.25336561159401794,6.244830158701997,1,True,0.6147151538376696
392,394,0.16272727272727272,7.508693359777244,0.15,0.17272727272727273,6.3086933597772425,8.408693359777244,True,14.560999382585361,20.55246392969334,1,False,0.0001356941803263546
393,395,0.08,7.084222748578897,0.06818181818181819,0.09818181818181819,5.184222748578904,9.18422274857889,True,9.542530678642247,15.533995225750227,1,False,0.0020076474023948978
394,396,0.790909090909091,6.834325628551926,0.5636363636363636,1.1545454545454545,4.034325628551923,9.934325628551928,True,0.1395441033180526,6.131008650426032,1,True,0.7087346564988937
395,397,0.4272727272727273,8.585236120831869,0.36363636363636365,0.4818181818181818,7.185236120831874,9.685236120831865,False,0.8055219171134076,6.796986464221387,1,True,0.36944751811127585
396,398,0.18636363636363637,4.2,0.16636363636363638,0.2090909090909091,3.3000000000000003,4.9,False,4.137115154082099,10.128579701190077,1,False,0.04195260782704892
397,399,0.04727272727272727,11.028544138079718,0.04454545454545455,0.05272727272727273,10.228544138079721,12.328544138079714,True,4.802928333644438,10.794392880752417,1,False,0.028411406655289392
398,400,0.015909090909090907,10.369643600351163,0.013636363636363636,0.01863636363636364,8.669643600351169,11.969643600351157,False,23.148255258597914,29.139719805705894,1,False,1.4997922499160077e-06
399,401,0.1481818181818182,16.57740836229148,0.13545454545454547,0.1572727272727273,15.377408362291485,17.57740836229148,False,14.508947695311562,20.500412242419543,1,False,0.00013949539564830362
400,402,0.16272727272727272,14.532364582516188,0.1481818181818182,0.19454545454545455,12.932364582516193,16.03236458251618,True,0.7308936050374852,6.722358152145464,1,True,0.3925936896005967
401,403,0.014545454545454545,9.840411856103898,0.012727272727272728,0.015909090909090907,8.340411856103904,10.740411856103895,False,35.217052052046846,41.20851659915483,1,False,2.9492978806929187e-09
402,404,0.019545454545454546,9.150890356899012,0.017727272727272727,0.02181818181818182,8.150890356899016,10.250890356899008,False,7.273904184210258,13.265368731318237,1,False,0.006996356272852309
403,405,0.05272727272727273,5.539848553985788,0.04363636363636364,0.06454545454545454,3.339848553985786,7.73984855398579,True,3.7837623491379335,9.775226896245913,1,True,0.05175217021627133
404,406,0.025454545454545455,10.224997363215206,0.022727272727272728,0.031818181818181815,9.324997363215209,12.724997363215197,False,13.912254906745861,19.90371945385384,1,False,0.00019154549862027365
405,407,0.045454545454545456,4.585583708348954,0.04,0.049090909090909095,3.1855837083489544,5.485583708348954,True,12.585926816211654,18.577391363319634,1,False,0.00038866225034146247
406,408,0.9363636363636364,8.123275727807936,0.5545454545454546,1.2727272727272727,3.923275727807937,10.523275727807935,True,0.9291035542212394,6.920568101329218,1,True,0.3350959743345987
407,409,0.01,16.92785797140605,0.01,0.011363636363636364,16.727857971406046,18.227857971406042,False,30.00971477876625,36.001179325874226,1,False,4.298871913681733e-08
408,410,0.028181818181818183,3.5,0.025454545454545455,0.03,2.3000000000000003,4.3,True,5.0838690438082885,11.075333590916268,1,False,0.024149422483827135
409,411,0.2727272727272727,6.074224277251971,0.23636363636363636,0.3181818181818182,4.974224277251969,7.3742242772519715,True,2.183546237139411,8.175010784247391,1,True,0.1394927202320565
410,412,0.03909090909090909,9.027640471940272,0.03363636363636364,0.04454545454545455,7.727640471940276,10.527640471940266,False,8.300455403042005,14.291919950149984,1,False,0.003963513841285892
411,413,0.02181818181818182,3.254778910771018,0.01863636363636364,0.026363636363636363,1.6547789107710167,5.254778910771019,False,10.223677587815116,16.215142134923095,1,False,0.0013864911571568397
412,414,0.1590909090909091,8.920300761954465,0.1481818181818182,0.1809090909090909,7.820300761954469,10.42030076195446,True,24.76394006502504,30.75540461213302,1,False,6.479845294514086e-07
413,415,0.02909090909090909,11.268855621585098,0.025454545454545455,0.035454545454545454,9.668855621585104,12.968855621585092,False,7.362126995277495,13.353591542385473,1,False,0.006661194712778575
414,416,0.34545454545454546,2.8000000000000003,0.2909090909090909,0.4,1.4000000000000001,4.0,False,23.09274632309134,29.08421087019932,1,False,1.5437197626617727e-06
415,417,0.12818181818181817,6.049566566387851,0.10727272727272727,0.15,3.7495665663878484,8.049566566387853,True,6.177298821941913,12.168763369049891,1,False,0.012939967353492801
417,419,0.011363636363636364,5.049537122909914,0.010454545454545454,0.012272727272727272,4.349537122909913,5.849537122909915,False,14.816967311023472,20.80843185813145,1,False,0.00011846485083235349
418,420,0.17,4.2,0.15181818181818182,0.2,2.4000000000000004,5.300000000000001,True,2.7252955268223813,8.71676007393036,1,True,0.09876983827874462
419,421,0.024545454545454544,7.08517872511282,0.02181818181818182,0.026363636363636363,5.985178725112824,7.885178725112818,False,14.34887897613524,20.34034352324322,1,False,0.00015187009461560395
420,422,0.04818181818181819,12.447810953031436,0.04454545454545455,0.056363636363636366,11.44781095303144,14.04781095303143,True,7.3409316403832925,13.332396187491272,1,False,0.006740189839794591
421,423,0.1090909090909091,4.182580392223999,0.1,0.12090909090909091,2.9825803922239973,5.4825803922239995,True,13.462212332358309,19.453676879466286,1,False,0.0002434165614461638
422,424,0.2727272727272727,5.403812869968033,0.2545454545454545,0.2909090909090909,4.903812869968032,6.0038128699680335,False,6.098970462827237,12.090435009935216,1,False,0.013526066239489858
423,425,0.1590909090909091,10.092348572901159,0.14636363636363636,0.18363636363636365,8.692348572901164,11.692348572901153,True,10.898724967584352,16.89018951469233,1,False,0.0009623047627357158
425,427,0.09181818181818181,10.60739818302615,0.08272727272727273,0.10363636363636364,9.407398183026155,11.807398183026146,False,15.179816435245446,21.171280982353423,1,False,9.774258874276132e-05
426,428,0.16818181818181818,5.297297649041478,0.15181818181818182,0.2181818181818182,3.497297649041476,7.097297649041479,True,5.4089426269573915,11.400407174065371,1,False,0.020033847357476247
427,429,0.02181818181818182,8.55091842823557,0.01863636363636364,0.025454545454545455,7.050918428235576,10.050918428235565,False,13.122583455886648,19.11404800299463,1,False,0.00029175743763615937
428,430,0.12818181818181817,9.622953002640209,0.11181818181818182,0.14636363636363636,7.722953002640216,11.422953002640202,True,9.415179658415449,15.406644205523428,1,False,0.002151964770634578
429,431,0.024545454545454544,5.456987935122239,0.02181818181818182,0.02727272727272727,4.256987935122238,6.55698793512224,True,6.876038738898078,12.867503286006057,1,False,0.008735896909968404
431,433,0.014090909090909091,4.468456103026589,0.012727272727272728,0.015454545454545453,3.2684561030265895,5.468456103026589,False,4.72305400817274,10.71451855528072,1,False,0.029760841087700635
432,434,0.4272727272727273,5.943614071762817,0.39090909090909093,0.4909090909090909,5.043614071762817,7.1436140717628165,False,9.656967978166254,15.648432525274233,1,False,0.0018863470245251675
433,435,0.02090909090909091,8.527727205951093,0.017727272727272727,0.024545454545454544,7.0277272059510985,10.027727205951088,True,4.823396188385717,10.814860735493696,1,False,0.028075974136406712
434,436,0.013181818181818182,11.046009117476212,0.011363636363636364,0.015,9.546009117476217,12.446009117476207,False,21.182056953337884,27.173521500445865,1,False,4.176563842925169e-06
435,437,0.1190909090909091,4.624308600492013,0.1,0.13727272727272727,2.4243086004920107,6.624308600492014,True,7.385861632051329,13.377326179159308,1,False,0.006573856939188115
436,438,0.06727272727272728,10.557433526692922,0.05818181818181818,0.07590909090909091,8.857433526692928,12.157433526692916,True,10.995636092300078,16.987100639408055,1,False,0.000913266641436515
437,439,0.1572727272727273,15.280638369776417,0.1409090909090909,0.1809090909090909,13.680638369776423,16.880638369776413,True,9.62370646877859,15.615171015886569,1,False,0.001920816881472481
438,440,0.034545454545454546,7.850229755961633,0.03,0.04,6.750229755961637,9.150229755961629,False,9.24362880616434,15.235093353272319,1,False,0.0023631618257153627
439,441,0.01,13.113586450087128,0.01,0.01090909090909091,12.81358645008713,14.013586450087125,False,22.335379666036786,28.326844213144767,1,False,2.289494417490145e-06
440,442,0.019545454545454546,8.79390362071456,0.016363636363636365,0.023636363636363636,6.993903620714567,10.693903620714554,False,7.077455638789717,13.068920185897696,1,False,0.007805977079201193
441,443,0.7818181818181819,6.9,0.6181818181818182,0.8090909090909091,5.0,6.9,False,8.935785457992548,14.927250005100527,1,False,0.002796371926743625
442,444,0.049090909090909095,3.6030242402064077,0.04181818181818182,0.06181818181818182,1.6030242402064059,6.10302424020641,True,4.502689929581844,10.494154476689822,1,False,0.033841578306029935
444,446,0.17,8.226591979374929,0.1572727272727273,0.19181818181818183,6.826591979374927,8.92659197937493,True,2.621524480276477,8.612989027384456,1,True,0.10542311341868023
445,447,0.01681818181818182,5.0010060658936,0.014545454545454545,0.02,3.8010060658936005,6.6010060658936,True,0.09558655098797486,6.087051098095954,1,True,0.7571916448054231
446,448,0.010454545454545454,8.819883217286016,0.01,0.013636363636363636,8.019883217286019,11.619883217286006,False,8.17342110346653,14.16488565057451,1,False,0.00425086549379437
447,449,0.35454545454545455,5.6000000000000005,0.2818181818181818,0.4363636363636364,3.7,7.4,False,6.600968120633986,12.592432667741965,1,False,0.010192333394943104
448,450,0.06,4.4171549042149865,0.05,0.07090909090909091,2.517154904214985,6.217154904214988,True,7.315966844642482,13.30743139175046,1,False,0.006834461955470797
449,451,0.2090909090909091,6.026570883776368,0.18363636363636365,0.23636363636363636,5.226570883776367,6.826570883776369,True,2.1033942428707393,8.09485878997872,1,True,0.14697255806862847
450,452,0.14636363636363636,4.327821384972214,0.12090909090909091,0.16636363636363638,1.827821384972212,6.327821384972216,True,3.253968830183476,9.245433377291455,1,True,0.0712507391545975
451,453,0.02,8.487609222956358,0.017727272727272727,0.023636363636363636,7.187609222956363,10.087609222956353,False,11.30813904104089,17.29960358814887,1,False,0.0007716807605585126
452,454,0.017727272727272727,8.053777573936115,0.015,0.02,6.65377757393612,9.35377757393611,False,3.500323248682482,9.491787795790462,1,True,0.06135685202105073
453,455,0.23636363636363636,7.874925779432637,0.2090909090909091,0.2636363636363636,7.074925779432636,8.774925779432637,False,3.4616810266941314,9.45314557380211,1,True,0.06280643242956482
454,456,0.05090909090909091,8.05583050148089,0.04454545454545455,0.05909090909090909,6.555830501480889,9.55583050148089,True,0.8032992439552282,6.7947637910632075,1,True,0.3701087768537652
455,457,0.03636363636363636,14.33690790688616,0.031818181818181815,0.04272727272727273,13.136907906886163,15.836907906886154,False,16.216654707820265,22.208119254928242,1,False,5.649524800820822e-05
456,458,0.8636363636363636,3.4000000000000004,0.5363636363636364,1.4,0.0,7.5,True,0.07544932519478476,6.066913872302764,1,True,0.7835617864216795
457,459,0.24545454545454545,6.289988710142398,0.2181818181818182,0.2727272727272727,5.589988710142398,7.089988710142399,False,4.877724118215328,10.869188665323307,1,False,0.02720546751081404
458,460,0.011363636363636364,9.37449587214261,0.01090909090909091,0.013636363636363636,9.27449587214261,11.474495872142603,False,28.887499636778756,34.87896418388674,1,False,7.670635193756355e-08
460,462,0.08272727272727273,8.598978946149739,0.07309090909090908,0.1,7.198978946149744,10.498978946149732,False,8.784779434976384,14.776243982084363,1,False,0.0030375429043944884
461,463,0.02727272727272727,8.59645272980962,0.024545454545454544,0.031818181818181815,7.296452729809625,10.296452729809614,False,9.122261654158288,15.113726201266267,1,False,0.0025251758193105983
462,464,0.6363636363636364,5.1000000000000005,0.4545454545454546,0.7272727272727273,2.2,6.0,False,5.846696148894307,11.838160696002287,1,False,0.015606323816994769
463,465,0.013181818181818182,9.331590518745708,0.011363636363636364,0.016363636363636365,7.831590518745713,11.7315905187457,False,13.80788270869345,19.79934725580143,1,False,0.000202484902639973
464,466,0.4090909090909091,8.751153296816625,0.34545454545454546,0.4727272727272727,7.25115329681663,9.95115329681662,False,1.1872564107326042,7.178720957840583,1,True,0.27588367009671905
465,467,0.026363636363636363,9.1344291242704,0.02181818181818182,0.030909090909090907,7.234429124270406,11.134429124270392,False,5.777756417088262,11.76922096419624,1,False,0.016230245825576972
466,468,0.060909090909090906,6.480942140516792,0.049090909090909095,0.075,4.0809421405168,8.880942140516783,True,2.91536338903071,8.90682793613869,1,True,0.08773964638170317
467,469,0.034545454545454546,8.384855999800427,0.028181818181818183,0.04090909090909091,6.484855999800434,9.984855999800422,True,1.8121330108397844,7.803597557947763,1,True,0.17825256687390115
468,470,0.509090909090909,0.0,0.4818181818181818,0.7727272727272727,0.0,3.2,True,7.023025832755301,13.014490379863279,1,False,0.00804681372427721
469,471,0.36363636363636365,4.792173097214826,0.3181818181818182,0.4181818181818182,3.692173097214827,5.992173097214826,True,0.6142872864797477,6.6057518335877266,1,True,0.43317812247908727
470,472,0.09,4.097979923849306,0.07727272727272727,0.1090909090909091,2.2979799238493044,6.097979923849308,True,1.6205050777653616,7.611969624873341,1,True,0.20302137607717693
471,473,0.05090909090909091,8.183660744045984,0.04272727272727273,0.060909090909090906,6.083660744045991,10.083660744045977,True,2.8635395599315023,8.85500410703948,1,True,0.09060791863520762
472,474,0.030909090909090907,8.65666694830388,0.02727272727272727,0.03727272727272728,7.256666948303884,10.156666948303874,False,7.938246525744374,13.929711072852353,1,False,0.004840071211320881
473,475,0.024545454545454544,11.665965733243901,0.024545454545454544,0.02727272727272727,11.665965733243901,12.865965733243897,False,21.495204381393904,27.486668928501885,1,False,3.547146244712167e-06
474,476,0.1090909090909091,5.572633349649839,0.09,0.12818181818181817,3.572633349649837,7.672633349649841,True,4.015274261359788,10.006738808467766,1,False,0.045089889250258065
475,477,0.06363636363636364,6.698157191069809,0.05272727272727273,0.07254545454545454,4.8981571910698065,8.09815719106981,True,7.391295671698936,13.382760218806915,1,False,0.006554026007136135
476,478,0.03,4.737419072355775,0.025454545454545455,0.03909090909090909,2.737419072355773,7.237419072355777,True,3.845605584791401,9.837070131899381,1,False,0.04987650713841435
477,479,0.3090909090909091,5.25845052254823,0.2545454545454545,0.37272727272727274,3.7584505225482303,6.658450522548231,True,0.484815088596494,6.476279635704473,1,True,0.4862493366313907
478,480,0.16636363636363638,4.855737339646733,0.14454545454545453,0.2181818181818182,2.555737339646731,6.755737339646735,True,5.705713512346053,11.697178059454032,1,False,0.016909780463588785
479,481,0.09909090909090909,4.876930556071685,0.08090909090909092,0.12272727272727273,3.0769305560716838,7.576930556071687,True,6.066668809003179,12.058133356111158,1,False,0.013775652979475462
481,483,0.07863636363636364,3.609275361175518,0.06181818181818182,0.11727272727272728,1.0092753611755159,8.009275361175522,True,1.7047695921188717,7.696234139226851,1,True,0.19166539790765277
482,484,0.017272727272727273,4.4,0.014545454545454545,0.02090909090909091,2.7,6.300000000000001,True,0.08947619650109777,6.0809407436090765,1,True,0.764844122306368
483,485,0.1190909090909091,7.131146070064055,0.10272727272727274,0.13727272727272727,5.131146070064062,9.031146070064048,True,4.810553028541331,10.802017575649309,1,False,0.028285966345162637
484,486,0.028181818181818183,4.399107857520812,0.023636363636363636,0.03363636363636364,2.39910785752081,6.199107857520813,True,4.444838700351415,10.436303247459394,1,False,0.03500689698346718
486,488,0.08272727272727273,30.44526333580624,0.07863636363636364,0.08545454545454545,29.84526333580623,30.44526333580624,False,57.234411141725204,63.225875688833185,1,False,3.868431858742818e-14
487,489,0.1409090909090909,9.228266196644334,0.12454545454545454,0.1572727272727273,7.62826619664434,10.828266196644329,False,11.749657368617465,17.741121915725444,1,False,0.000608544397285718
489,491,0.01818181818181818,9.713536421086241,0.015909090909090907,0.02181818181818182,8.513536421086245,11.613536421086234,False,21.69094942910749,27.68241397621547,1,False,3.2029889318325977e-06
491,493,0.06,6.962077740159064,0.05272727272727273,0.07254545454545454,5.662077740159068,9.162077740159056,True,13.668631050316982,19.660095597424963,1,False,0.0002180668571535298
492,494,0.01,14.07490680649337,0.01,0.012727272727272728,13.674906806493372,16.274906806493362,False,25.778241695761224,31.769706242869205,1,False,3.829816864015869e-07
493,495,0.10272727272727274,4.954771825041482,0.08909090909090908,0.12272727272727273,3.554771825041481,7.254771825041484,True,13.243506144848551,19.23497069195653,1,False,0.00027352580686525283
494,496,0.024545454545454544,10.962007006766163,0.019545454545454546,0.028181818181818183,8.86200700676617,12.462007006766157,False,12.75327133134541,18.74473587845339,1,False,0.0003553870503147405
495,497,0.034545454545454546,5.427694462053583,0.02727272727272727,0.04272727272727273,3.227694462053581,7.627694462053585,True,5.9445285573450874,11.935993104453066,1,False,0.01476303931578324
496,498,0.07336363636363635,24.545263335806155,0.05818181818181818,0.09909090909090909,21.745263335806115,27.945263335806203,False,20.604312331712,26.595776878819976,1,False,5.646877434405922e-06
497,499,0.028181818181818183,9.426325175657919,0.022727272727272728,0.034545454545454546,7.026325175657927,11.326325175657912,False,18.769732799912518,24.7611973470205,1,False,1.4748933219994542e-05
498,500,0.02181818181818182,18.05649282784041,0.019545454545454546,0.025454545454545455,17.056492827840398,19.556492827840433,False,27.201241635209087,33.19270618231707,1,False,1.8334089361789313e-07
499,501,0.014090909090909091,9.838881749649044,0.014090909090909091,0.01863636363636364,9.838881749649044,12.738881749649034,False,17.770428916559005,23.761893463666986,1,False,2.4922687674777483e-05
500,502,0.024545454545454544,9.784605515806795,0.02,0.03,7.784605515806803,12.184605515806787,False,10.41458390137111,16.40604844847909,1,False,0.0012502402232008767
501,503,0.07909090909090909,6.382596840833918,0.06818181818181819,0.09363636363636364,4.582596840833917,8.082596840833919,False,1.0438124344440767,7.035276981552055,1,True,0.3069364552431806
504,506,0.08090909090909092,4.384894622478793,0.07127272727272727,0.09727272727272727,2.884894622478792,6.384894622478795,True,9.426969573076672,15.418434120184651,1,False,0.0021381732888669618
505,507,0.04181818181818182,10.349516130678506,0.034545454545454546,0.049090909090909095,8.449516130678512,12.249516130678499,True,3.281736931014941,9.273201478122921,1,True,0.07005475242302651
506,508,0.07772727272727273,8.77807252727619,0.07145454545454545,0.09909090909090909,7.978072527276193,11.378072527276181,True,15.244505272569233,21.235969819677212,1,False,9.445114176408278e-05
507,509,0.02909090909090909,8.834711861741123,0.025454545454545455,0.03272727272727273,7.334711861741129,9.93471186174112,False,9.642660410600822,15.634124957708801,1,False,0.001901096854548976
508,510,0.028181818181818183,8.151988137557407,0.025454545454545455,0.035454545454545454,7.0519881375574105,10.451988137557398,False,22.300369626760435,28.291834173868416,1,False,2.3316172355965477e-06
509,511,0.046363636363636364,25.64524432665684,0.028181818181818183,0.07254545454545454,20.545244326656768,30.44524432665691,False,1.7066814195654496,7.698145966673429,1,True,0.19141650607144328
510,512,0.12090909090909091,7.404250632508832,0.10363636363636364,0.13727272727272727,5.504250632508831,9.004250632508834,False,0.16039402787450913,6.151858574982488,1,True,0.6887940038042526
511,513,0.15,9.662774396699435,0.13181818181818183,0.17272727272727273,7.862774396699441,11.862774396699427,True,3.960124811105578,9.951589358213557,1,False,0.046590248787938666
512,514,0.2727272727272727,3.3000000000000003,0.2272727272727273,0.3181818181818182,1.9000000000000001,4.6000000000000005,True,0.09839049960561409,6.089855046713593,1,True,0.7537697137028888
514,516,0.06,2.3581147682060086,0.05272727272727273,0.07309090909090908,1.1581147682060076,4.758114768206011,True,7.40628580115818,13.39775034826616,1,False,0.00649963721306848
515,517,0.2909090909090909,3.9000000000000004,0.2545454545454545,0.35454545454545455,2.8000000000000003,5.4,False,4.137879338553983,10.129343885661962,1,False,0.04193367160626699
516,518,0.2090909090909091,4.0,0.17272727272727273,0.24545454545454545,2.8000000000000003,5.1000000000000005,True,6.569761904836417,12.561226451944396,1,False,0.010372582639107961
517,519,0.1390909090909091,9.24687036899305,0.11727272727272728,0.1572727272727273,6.946870368993059,11.146870368993044,True,11.637280232690406,17.628744779798385,1,False,0.0006464305068473063
518,520,0.025454545454545455,17.066051469414166,0.025454545454545455,0.030909090909090907,17.066051469414166,19.266051469414197,False,26.835311611864725,32.826776158972706,1,False,2.2155185577663075e-07
519,521,0.16818181818181818,8.309472590142859,0.15,0.2090909090909091,6.509472590142865,9.709472590142854,True,8.29974972921362,14.291214276321599,1,False,0.003965054221665439
520,522,0.01863636363636364,9.432954385212305,0.015454545454545453,0.02181818181818182,7.532954385212312,11.0329543852123,False,18.55904920489364,24.55051375200162,1,False,1.647213801126131e-05
522,524,0.013181818181818182,9.334013921009772,0.011818181818181818,0.015,8.034013921009777,10.934013921009766,False,22.05815718817812,28.049621735286102,1,False,2.645132008386172e-06
523,525,0.019545454545454546,11.915156689772184,0.015909090909090907,0.025454545454545455,10.01515668977219,14.615156689772174,False,3.887842293744613,9.879306840852593,1,False,0.04863687170293013
524,526,0.01863636363636364,9.931568668977151,0.015909090909090907,0.02181818181818182,8.431568668977157,11.431568668977146,False,21.116584381743756,27.108048928851737,1,False,4.321716830558291e-06
525,527,0.1190909090909091,4.773232948546123,0.10181818181818182,0.13363636363636364,2.673232948546121,6.373232948546124,True,10.780831534664555,16.772296081772534,1,False,0.0010255659913719411
526,528,0.07545454545454545,4.743775967612514,0.06454545454545454,0.08909090909090908,2.8437759676125123,6.643775967612515,True,5.568268522997173,11.559733070105153,1,False,0.018288837115803154
527,529,0.04090909090909091,3.97668625217411,0.035454545454545454,0.046363636363636364,2.5766862521741087,5.476686252174112,False,10.545145402960273,16.536609950068254,1,False,0.0011649365748138693
528,530,0.01,13.366630122583377,0.01,0.011818181818181818,13.166630122583378,14.966630122583371,False,26.356099906381875,32.34756445348985,1,False,2.839208076454333e-07
529,531,0.08,4.542442387038756,0.07090909090909091,0.09181818181818181,3.242442387038755,6.1424423870387574,True,9.935162806136331,15.92662735324431,1,False,0.0016215109297559557
530,532,0.010454545454545454,16.494753629507365,0.01,0.013181818181818182,15.894753629507365,18.594753629507355,False,19.57418010988004,25.56564465698802,1,False,9.676817191661482e-06
531,533,0.36363636363636365,7.83372654742357,0.32727272727272727,0.4181818181818182,6.833726547423569,8.933726547423571,True,0.6622333358346828,6.653697882942662,1,True,0.4157725972645365
532,534,0.06,3.8000000000000003,0.04818181818181819,0.0710909090909091,1.5,5.7,False,4.245844283205261,10.23730883031324,1,False,0.03934650128131332
533,535,0.04272727272727273,9.003984239241701,0.04181818181818182,0.049090909090909095,8.903984239241701,10.703984239241695,False,20.521747175989365,26.513211723097342,1,False,5.895758695552274e-06
534,536,0.011363636363636364,9.545405638830431,0.01,0.013636363636363636,8.245405638830436,11.345405638830425,False,7.79082774555423,13.78229229266221,1,False,0.005251213202265645
535,537,0.10636363636363637,11.916655357742885,0.09363636363636364,0.1190909090909091,10.716655357742889,13.516655357742879,False,20.08845248167107,26.07991702877905,1,False,7.394177616534242e-06
536,538,0.01,14.750128295897381,0.01,0.01090909090909091,14.450128295897382,15.650128295897378,False,57.11891180725425,63.11037635436223,1,False,4.102417053528889e-14
537,539,0.4727272727272727,7.860918394252229,0.4090909090909091,0.5636363636363636,6.660918394252228,9.260918394252231,True,0.06337137404724803,6.054835921155227,1,True,0.801244575629613
538,540,0.017272727272727273,11.341440516027628,0.014545454545454545,0.02,9.641440516027634,12.841440516027623,False,18.018223304602884,24.009687851710865,1,False,2.1880039777898112e-05
539,541,0.1590909090909091,4.3,0.1481818181818182,0.17,3.2,5.4,False,3.1868836669136806,9.17834821402166,1,True,0.07423139673090139
540,542,0.2090909090909091,6.062825831592352,0.18363636363636365,0.23636363636363636,5.362825831592351,6.762825831592353,True,3.8216622850408983,9.813126832148878,1,True,0.050594020829069504
541,543,0.046363636363636364,9.773814539000044,0.04,0.05545454545454545,8.07381453900005,11.773814539000037,True,3.147533725668879,9.138998272776858,1,True,0.07604181409659712
542,544,1.1090909090909091,11.885580111185005,0.8545454545454546,1.290909090909091,9.785580111185004,12.985580111185007,False,8.502551005879129,14.494015552987108,1,False,0.0035464891442538635
543,545,0.010454545454545454,9.559159537017672,0.01,0.012727272727272728,8.859159537017675,11.559159537017665,False,15.93839029055695,21.929854837664926,1,False,6.54379011847722e-05
544,546,0.1972727272727273,4.485697389257342,0.15363636363636363,0.2545454545454545,1.8856973892573428,6.285697389257342,True,3.807548315536229,9.799012862644208,1,True,0.05102208115695259
545,547,0.3,7.648016720506183,0.2727272727272727,0.34545454545454546,6.7480167205061825,8.748016720506184,True,0.3815943212820009,6.37305886838998,1,True,0.5367512153167464
546,548,0.17272727272727273,5.3135807178064445,0.1481818181818182,0.2272727272727273,2.9135807178064423,7.0135807178064455,True,7.4816691852016515,13.47313373230963,1,False,0.006233026251363874
547,549,0.053636363636363635,5.294574885613667,0.045454545454545456,0.06454545454545454,3.3945748856136655,7.194574885613669,True,18.623794741904597,24.615259289012577,1,False,1.5922079637185594e-05
548,550,0.2090909090909091,8.56380701522567,0.16636363636363638,0.24545454545454545,6.963807015225669,9.663807015225672,True,0.7813076816125222,6.772772228720501,1,True,0.37674150243699467
549,551,0.016363636363636365,11.885095232088176,0.014090909090909091,0.019090909090909092,10.285095232088182,13.48509523208817,False,22.648092232154756,28.639556779262733,1,False,1.9455329841599313e-06
550,552,0.02,6.058946209909012,0.017272727272727273,0.024545454545454544,4.45894620990901,8.058946209909013,False,9.024702523027065,15.016167070135044,1,False,0.002663552692006897
552,554,0.013181818181818182,12.896302578502867,0.012272727272727272,0.01681818181818182,12.19630257850287,15.496302578502858,False,25.236566499335368,31.22803104644335,1,False,5.071154985975323e-07
553,555,0.09636363636363636,9.419452143259246,0.08181818181818182,0.11363636363636363,7.819452143259252,11.419452143259239,True,11.467149287560325,17.458613834668306,1,False,0.00070837257998914
554,556,0.02727272727272727,10.51721122846722,0.02181818181818182,0.03363636363636364,8.117211228467228,12.617211228467212,True,5.111059434358616,11.102523981466595,1,False,0.02377379862904932
555,557,0.01863636363636364,12.167193386295818,0.016363636363636365,0.02090909090909091,10.967193386295822,13.367193386295813,False,19.350213173116693,25.341677720224673,1,False,1.0880709825098879e-05
556,558,0.014090909090909091,4.275108110523224,0.012272727272727272,0.016363636363636365,2.4751081105232227,5.875108110523225,False,9.053655943799898,15.045120490907877,1,False,0.0026217005790800134
557,559,0.23636363636363636,3.3000000000000003,0.18636363636363637,0.2909090909090909,1.8,5.0,True,2.6190297560742075,8.610494303182186,1,True,0.10558898542936662
558,560,0.022727272727272728,10.88174311364857,0.019545454545454546,0.02727272727272727,9.281743113648576,12.881743113648563,False,12.744101514590303,18.735566061698282,1,False,0.0003571336620264708
559,561,0.11363636363636363,8.780827372365787,0.09909090909090909,0.12636363636363637,7.080827372365793,10.180827372365782,True,14.336358748746054,20.32782329585403,1,False,0.00015288341961666578
560,562,0.03272727272727273,10.755434954978522,0.02909090909090909,0.038181818181818185,9.655434954978526,12.055434954978518,True,7.727262424453086,13.718726971561065,1,False,0.005439315821126355
561,563,0.5727272727272728,2.9000000000000004,0.4,0.8818181818181818,0.0,6.1000000000000005,True,1.1048229890905017,7.0962875361984805,1,True,0.29321009092604733
562,564,0.05,10.533171595649335,0.046363636363636364,0.06,9.633171595649339,12.333171595649329,False,13.389446628195682,19.38091117530366,1,False,0.0002530440348950791
563,565,0.10454545454545455,9.279333665046115,0.09,0.12454545454545454,7.87933366504612,11.679333665046107,True,20.451684675647876,26.443149222755856,1,False,6.115570098825636e-06
564,566,0.2,3.3000000000000003,0.16818181818181818,0.2545454545454545,2.0,4.9,True,8.760000569409522,14.751465116517501,1,False,0.003079089529709169
565,567,0.07018181818181819,7.442108101401411,0.060909090909090906,0.07954545454545454,5.64210810140141,9.042108101401412,False,2.0789278430994846,8.070392390207463,1,True,0.1493450442886128
566,568,0.2636363636363636,8.302546786346316,0.23636363636363636,0.2909090909090909,7.502546786346314,9.102546786346316,True,1.7661214065470414,7.7575859536550205,1,True,0.18386281481801273
567,569,0.04181818181818182,10.787606267008984,0.034545454545454546,0.04818181818181819,8.88760626700899,12.387606267008978,True,9.001713994535056,14.993178541643035,1,False,0.0026972652137527485
568,570,0.023636363636363636,3.1668847866935645,0.019545454545454546,0.02727272727272727,1.266884786693565,4.766884786693564,False,7.642357953110231,13.63382250021821,1,False,0.005701334034399127
569,571,0.09363636363636364,8.43854206963085,0.07727272727272727,0.1090909090909091,6.4385420696308575,10.138542069630844,True,13.07534653749444,19.06681108460242,1,False,0.00029920785901773196
570,572,0.2636363636363636,3.6,0.2272727272727273,0.2909090909090909,2.5,4.5,True,1.0047631621114634,6.9962277092194425,1,True,0.3161607004379593
571,573,0.012727272727272728,9.682846160297126,0.01090909090909091,0.014545454545454545,8.082846160297132,11.182846160297121,False,3.845124956452733,9.836589503560711,1,False,0.04989080398255918
572,574,0.06818181818181819,6.92683404927252,0.05818181818181818,0.07863636363636364,5.3268340492725255,8.826834049272513,True,10.384921368905216,16.376385916013195,1,False,0.0012704859817278522
573,575,0.17272727272727273,3.3000000000000003,0.1590909090909091,0.1972727272727273,2.1,4.1000000000000005,False,0.9461264135379617,6.937590960645941,1,True,0.33070724921522193
574,576,0.2545454545454545,12.079869647834863,0.2181818181818182,0.2818181818181818,10.979869647834867,12.97986964783486,False,7.228057556600195,13.219522103708174,1,False,0.007177282391033456
575,577,0.06909090909090909,3.208598652876061,0.060909090909090906,0.07772727272727273,1.708598652876061,4.70859865287606,True,6.150672034257734,12.142136581365712,1,False,0.013136217555207604
577,579,0.02,10.570260427352892,0.01818181818181818,0.023636363636363636,9.570260427352896,12.070260427352887,False,16.419285833108923,22.410750380216903,1,False,5.076608051500667e-05
578,580,0.17545454545454547,8.015051309660256,0.14454545454545453,0.2181818181818182,5.4150513096602655,9.515051309660251,True,4.953539169779763,10.945003716887742,1,False,0.026037314327848893
579,581,0.02727272727272727,11.666359504706564,0.023636363636363636,0.031818181818181815,10.06635950470657,13.266359504706559,False,9.10485346732036,15.09631801442834,1,False,0.002549321390098849
580,582,0.07127272727272727,8.798731220178963,0.06272727272727273,0.08181818181818182,7.2987312201789685,10.398731220178957,True,23.160401113135652,29.15186566024363,1,False,1.4903489388399859e-06
581,583,0.07254545454545454,13.510467234546702,0.06454545454545454,0.09272727272727273,12.310467234546707,16.21046723454669,True,6.7797979480587784,12.771262495166757,1,False,0.009219532586860648
582,584,0.026363636363636363,12.123183562475841,0.022727272727272728,0.03,10.623183562475846,13.623183562475836,True,4.232963128071402,10.224427675179381,1,False,0.03964616826815472
583,585,0.015,9.801133349830833,0.013181818181818182,0.017727272727272727,8.301133349830838,11.301133349830828,False,7.484413583885948,13.475878130993927,1,False,0.006223533405064981
584,586,0.1481818181818182,8.205267035494062,0.13181818181818183,0.16090909090909092,6.70526703549406,9.505267035494063,False,1.8016334233703584,7.793097970478337,1,True,0.17951514733273635
585,587,0.1390909090909091,9.46573817234839,0.12818181818181817,0.15181818181818182,8.265738172348394,10.765738172348385,True,3.915282381991009,9.906746929098988,1,False,0.0478489762011021
586,588,0.11363636363636363,7.947792933170666,0.09636363636363636,0.12818181818181817,5.947792933170673,9.64779293317066,True,3.2416543726269884,9.233118919734967,1,True,0.07178811471726536
588,590,0.509090909090909,7.2,0.4181818181818182,0.6181818181818182,5.5,8.6,False,32.9757293051921,38.96719385230008,1,False,9.331656715930882e-09
589,591,0.02909090909090909,9.480013634008207,0.025454545454545455,0.034545454545454546,7.980013634008213,11.080013634008202,False,7.810672039945102,13.80213658705308,1,False,0.005193858562072803
590,592,0.02909090909090909,13.433978625773026,0.026363636363636363,0.031818181818181815,12.33397862577303,14.333978625773023,False,32.69625160968964,38.68771615679762,1,False,1.0774480258841286e-08
592,594,0.34545454545454546,3.8000000000000003,0.3,0.39090909090909093,2.7,4.9,False,28.66722484936397,34.65868939647195,1,False,8.594609897246667e-08
593,595,0.2545454545454545,7.410305816733333,0.2181818181818182,0.2818181818181818,6.410305816733333,8.110305816733334,True,0.3786703539054155,6.370134901013395,1,True,0.5383157007985596
594,596,0.025454545454545455,4.510102483046079,0.022727272727272728,0.02909090909090909,3.2101024830460787,6.110102483046081,False,14.088784248181916,20.080248795289897,1,False,0.00017438049285537104
595,597,0.06363636363636364,10.878912590968824,0.053636363636363635,0.07336363636363635,9.07891259096883,12.578912590968818,True,8.134724682498518,14.126189229606497,1,False,0.004342544074259079
596,598,0.011363636363636364,16.42918827227263,0.01,0.014545454545454545,15.029188272272634,19.329188272272617,False,17.661274849505894,23.652739396613875,1,False,2.639459717763466e-05
597,599,0.24545454545454545,9.125234982756293,0.2090909090909091,0.2727272727272727,8.025234982756297,10.12523498275629,True,5.365926580117934,11.357391127225913,1,False,0.020533876527334637
598,600,0.2,6.964565057797925,0.17,0.23636363636363636,5.964565057797924,8.064565057797926,True,4.875194300407852,10.866658847515831,1,False,0.027245373436987137
599,601,0.02727272727272727,4.3874637569690895,0.023636363636363636,0.030909090909090907,2.887463756969088,5.88746375696909,True,8.64174159341784,14.63320614052582,1,False,0.003285472081961088
600,602,0.024545454545454544,19.495326866956304,0.02,0.028181818181818183,17.595326866956277,20.995326866956326,False,12.512755777483797,18.504220324591778,1,False,0.00040418299394165327
601,603,0.015454545454545453,3.0,0.013636363636363636,0.017272727272727273,1.6,4.0,True,1.5683742605031283,7.559838807611108,1,True,0.21044326763898769
602,604,0.019090909090909092,8.807419921620586,0.015,0.025454545454545455,6.507419921620594,11.707419921620575,True,6.70931483519052,12.7007793822985,1,False,0.009591056913369993
604,606,0.12090909090909091,3.4582505565478048,0.10636363636363637,0.13727272727272727,1.8582505565478045,5.058250556547804,True,5.328451725346174,11.319916272454153,1,False,0.02098001458830955
606,608,1.4,4.0,1.009090909090909,1.4,1.2000000000000002,4.3,False,4.9121501674889005,10.90361471459688,1,False,0.026668423570745625
607,609,0.04272727272727273,14.270535867549928,0.03727272727272728,0.05,12.870535867549933,16.170535867549923,False,17.92229219604864,23.91375674315662,1,False,2.301099949881699e-05
608,610,0.053636363636363635,6.748860744422974,0.04454545454545455,0.06454545454545454,4.648860744422981,8.848860744422966,True,3.0614888309076265,9.052953378015605,1,True,0.0801681824251195
609,611,0.15,8.028211729297949,0.13727272727272727,0.16090909090909092,6.828211729297953,9.128211729297945,True,11.58661432245131,17.578078869559288,1,False,0.000664282427409336
610,612,0.014090909090909091,14.790389678546473,0.012727272727272728,0.016363636363636365,13.490389678546478,16.39038967854647,False,50.222833308652596,56.21429785576058,1,False,1.3724157683686743e-12
611,613,0.33636363636363636,7.255987611197459,0.2727272727272727,0.4,5.555987611197458,8.85598761119746,True,0.4648066222720905,6.456271169380069,1,True,0.4953861178191913
612,614,0.06181818181818182,13.327796899902104,0.060909090909090906,0.07090909090909091,13.327796899902104,15.027796899902098,False,29.565151223945314,35.556615771053295,1,False,5.4068348170115884e-08
613,615,0.2272727272727273,9.926469797318797,0.2090909090909091,0.24545454545454545,9.326469797318799,10.526469797318795,False,2.353680081109743,8.345144628217723,1,True,0.12498763619202143
614,616,0.6363636363636364,6.880799141875051,0.5,0.7818181818181819,4.880799141875051,8.680799141875049,False,3.4132633203939116,9.40472786750189,1,True,0.06467443105274062
615,617,0.06636363636363636,15.234028522905422,0.060909090909090906,0.07472727272727273,14.434028522905425,16.73402852290542,False,15.687301265001107,21.678765812109084,1,False,7.472417765156991e-05
616,618,0.02909090909090909,4.10789706719714,0.025454545454545455,0.034545454545454546,2.507897067197138,5.70789706719714,True,6.044329176112508,12.035793723220486,1,False,0.013951032718302914
617,619,0.01,15.855220325629496,0.01,0.011363636363636364,15.655220325629497,17.155220325629493,False,18.23492712928091,24.226391676388886,1,False,1.9526504204894093e-05
618,620,0.045454545454545456,8.097464291490542,0.04,0.05,6.79746429149054,9.297464291490542,False,1.198694794939058,7.190159342047037,1,True,0.27358270285370956
619,621,0.02909090909090909,12.897264342086533,0.025454545454545455,0.035454545454545454,11.397264342086538,14.697264342086527,False,9.301487116331058,15.292951663439037,1,False,0.0022896792122746195
620,622,0.06454545454545454,9.220361708119782,0.053636363636363635,0.07590909090909091,7.320361708119789,11.220361708119775,True,8.651078141027627,14.642542688135606,1,False,0.003268678825236574
622,624,0.24545454545454545,4.6000000000000005,0.2090909090909091,0.2818181818181818,3.5,5.6000000000000005,True,2.151307489728987,8.142772036836966,1,True,0.14244853544068112
623,625,0.2909090909090909,6.568484962398746,0.2545454545454545,0.32727272727272727,5.568484962398745,7.468484962398747,True,2.8846904528431683,8.876154999951147,1,True,0.08942519105477978
624,626,0.038181818181818185,5.088385649312245,0.030909090909090907,0.04363636363636364,3.288385649312243,6.488385649312246,True,6.86247678067317,12.853941327781149,1,False,0.008802445417316607
625,627,0.08181818181818182,7.645221766651225,0.07072727272727274,0.09727272727272727,5.745221766651232,9.445221766651219,True,4.98246999162069,10.973934538728669,1,False,0.025605400482222793
626,628,0.015,9.53909887250943,0.013181818181818182,0.017272727272727273,8.139098872509434,10.739098872509425,False,23.30023815036867,29.29170269747665,1,False,1.3858284485288541e-06
627,629,0.44545454545454544,6.368518856752369,0.37272727272727274,0.5454545454545454,4.96851885675237,7.868518856752369,True,3.5363631186216713,9.52782766572965,1,True,0.06003696637279595
629,631,0.04363636363636364,2.130488154559888,0.03909090909090909,0.049090909090909095,0.8304881545598882,3.6304881545598877,True,9.767699002110005,15.759163549217984,1,False,0.0017760459300324896
630,632,0.1590909090909091,13.773524825910537,0.1481818181818182,0.16454545454545455,12.67352482591054,14.373524825910534,False,45.45679518004495,51.44825972715293,1,False,1.5604322421031985e-11
631,633,0.02909090909090909,11.84652989709469,0.026363636363636363,0.03363636363636364,10.746529897094694,13.046529897094686,False,9.904468796455886,15.895933343563865,1,False,0.001648779132030024
632,634,0.014090909090909091,12.811194439679515,0.012272727272727272,0.01681818181818182,11.31119443967952,14.611194439679508,False,12.668599435870668,18.66006398297865,1,False,0.0003718479732645924
633,635,0.07818181818181819,6.504263603719089,0.07036363636363636,0.08727272727272727,5.304263603719088,7.8042636037190904,False,6.3379810707334165,12.329445617841396,1,False,0.011817932092126324
634,636,0.08090909090909092,16.033300265223225,0.06727272727272728,0.10545454545454545,13.933300265223231,18.733300265223214,True,5.290836704818401,11.28230125192638,1,False,0.02143791766290005
635,637,0.01681818181818182,11.260967484752886,0.014545454545454545,0.019090909090909092,9.96096748475289,12.560967484752881,False,20.518037925827592,26.509502472935573,1,False,5.907194603888835e-06
636,638,0.01,15.862974603686743,0.01,0.01090909090909091,15.562974603686744,16.66297460368674,False,31.70541510135945,37.69687964846743,1,False,1.794212267614467e-08
637,639,0.13,9.21303211159578,0.1190909090909091,0.14272727272727273,8.013032111595784,10.413032111595776,True,19.35545552953285,25.346920076640828,1,False,1.0850880057166889e-05
638,640,0.2818181818181818,8.378734772078737,0.24545454545454545,0.3090909090909091,7.278734772078736,9.178734772078737,True,1.9612566257120685,7.9527211728200475,1,True,0.16137898835954922
639,641,0.07145454545454545,19.35550515563903,0.06363636363636364,0.08090909090909092,17.855505155639033,20.855505155639023,False,1.8870372310150467,7.8785017781230255,1,True,0.1695364714239153
640,642,0.24545454545454545,8.984880766016534,0.2181818181818182,0.2727272727272727,8.184880766016537,9.684880766016532,True,3.4635906361238695,9.455055183231849,1,True,0.06273394721648173
641,643,0.035454545454545454,6.162064545298055,0.030909090909090907,0.04181818181818182,5.062064545298053,7.762064545298056,False,0.27458780964856494,6.266052356756544,1,True,0.6002707022039386
642,644,0.16454545454545455,10.610004640310573,0.15545454545454546,0.1890909090909091,9.610004640310576,11.810004640310568,True,12.828042223057041,18.81950677016502,1,False,0.0003414628557240923
643,645,0.05272727272727273,7.520073327842324,0.04727272727272727,0.06,6.320073327842328,9.020073327842319,True,3.514716172086388,9.506180719194367,1,True,0.060826074536100984
644,646,0.1572727272727273,4.336654322987815,0.15,0.16818181818181818,3.436654322987816,5.436654322987816,False,6.741615550583464,12.733080097691442,1,False,0.009418929014230778
645,647,0.1590909090909091,8.82493552268025,0.14636363636363636,0.17545454545454547,7.424935522680254,10.124935522680245,True,5.99859819668541,11.990062743793388,1,False,0.014317249880474694
647,649,0.2,7.914179397444375,0.17545454545454547,0.2272727272727273,7.014179397444374,8.714179397444376,False,0.17709533114410594,6.168559878252085,1,True,0.6738814426606673
648,650,0.12090909090909091,9.076404511558165,0.11181818181818182,0.13181818181818183,8.076404511558168,10.27640451155816,True,10.078555877106416,16.070020424214395,1,False,0.0015000485380765708
650,652,0.3181818181818182,8.304357871355425,0.2727272727272727,0.37272727272727274,7.004357871355424,9.604357871355425,False,4.045374074252044,10.036838621360022,1,False,0.04429256129967932
651,653,0.3090909090909091,9.131098063286299,0.2818181818181818,0.34545454545454546,8.431098063286301,10.031098063286295,True,0.8562886714259423,6.847753218533922,1,True,0.35477936889379846
652,654,0.06,6.197031768893494,0.05090909090909091,0.07018181818181819,4.597031768893492,7.997031768893495,True,10.916652895677188,16.90811744278517,1,False,0.0009530364432459175
653,655,0.11181818181818182,8.289715299423756,0.1,0.12272727272727273,6.989715299423755,9.489715299423757,False,0.7632554652225034,6.754720012330482,1,True,0.38231164942266904
654,656,0.012272727272727272,13.83972051989228,0.010454545454545454,0.013636363636363636,12.239720519892286,15.039720519892276,False,12.413949221577315,18.405413768685293,1,False,0.0004261387240994764
655,657,0.1781818181818182,7.281484609009683,0.16090909090909092,0.2,6.081484609009682,8.081484609009685,True,6.358319195893978,12.349783743001957,1,False,0.011683216861057116
656,658,0.012272727272727272,8.721702501186762,0.010454545454545454,0.013636363636363636,7.321702501186767,9.821702501186758,False,15.342362108863737,21.333826655971716,1,False,8.968275641986136e-05
658,660,0.35454545454545455,5.5,0.3090909090909091,0.4,4.4,6.6000000000000005,False,19.348831325518596,25.340295872626577,1,False,1.0888586442126912e-05
659,661,0.03909090909090909,4.688445360056987,0.034545454545454546,0.04272727272727273,3.4884453600569856,5.588445360056987,True,8.176866059682197,14.168330606790176,1,False,0.004242799901336901
660,662,0.04818181818181819,11.099863684139775,0.04454545454545455,0.05545454545454545,10.199863684139778,12.59986368413977,False,21.912720871245053,27.90418541835303,1,False,2.853361825616398e-06
662,664,0.2909090909090909,10.948976999553249,0.2727272727272727,0.32727272727272727,10.44897699955325,11.748976999553246,False,0.5501967391443644,6.541661286252343,1,True,0.45823731777490617
663,665,0.05454545454545455,9.980486313493154,0.049090909090909095,0.06272727272727273,8.880486313493158,11.480486313493149,True,6.636852435588849,12.628316982696827,1,False,0.009989026850866141
664,666,0.15545454545454546,15.995566482199777,0.1390909090909091,0.16636363636363638,14.495566482199782,17.09556648219977,False,19.536089276751134,25.527553823859115,1,False,9.87169566699354e-06
665,667,0.16636363636363638,16.2303086592881,0.1572727272727273,0.1890909090909091,15.3303086592881,17.330308659288093,False,21.65169094344276,27.64315549055074,1,False,3.269216864552338e-06
666,668,0.04727272727272727,11.542914041241314,0.04727272727272727,0.05454545454545455,11.542914041241314,13.042914041241309,False,20.73475987823778,26.726224425345762,1,False,5.274971724119185e-06
667,669,0.07727272727272727,11.62112070862854,0.060909090909090906,0.10181818181818182,8.72112070862855,14.52112070862853,True,0.6600418750015218,6.651506422109501,1,True,0.41654516021746235
668,670,0.04454545454545455,9.5954991922237,0.034545454545454546,0.056363636363636366,6.9954991922237095,12.195499192223691,True,0.9024187597364954,6.893883306844474,1,True,0.34213397967844705
669,671,0.06909090909090909,8.388507054538511,0.056363636363636366,0.08272727272727273,6.088507054538519,10.488507054538504,True,6.0308320373277535,12.022296584435733,1,False,0.014058105109719015
670,672,0.1572727272727273,8.148677640650341,0.14272727272727273,0.16818181818181818,6.748677640650341,9.248677640650342,True,2.534774810786833,8.526239357894813,1,True,0.11136277326285302
671,673,0.13363636363636364,7.851648374259325,0.1190909090909091,0.14272727272727273,6.251648374259323,8.851648374259327,False,1.6533312098571322,7.644795756965111,1,True,0.19850614139826595
672,674,0.01,18.69469447080058,0.01,0.011363636363636364,18.194694470800584,19.994694470800574,False,38.70071110353331,44.69217565064129,1,False,4.940290407790283e-10
673,675,0.14636363636363636,16.096965238739784,0.13363636363636364,0.1572727272727273,14.89696523873979,17.096965238739784,True,1.1543097434498653,7.145774290557844,1,True,0.2826487833379999
674,676,0.01,14.103923436327328,0.01,0.010454545454545454,14.003923436327328,14.603923436327326,False,45.63139104116951,51.62285558827749,1,False,1.4273567835466908e-11
675,677,0.03,3.592015177169303,0.028181818181818183,0.035454545454545454,2.7920151771693025,4.992015177169304,False,13.150521908206697,19.141986455314676,1,False,0.0002874391689222746
676,678,0.05909090909090909,13.307193120016462,0.053636363636363635,0.06818181818181819,12.207193120016466,14.907193120016457,False,21.935883929522653,27.927348476630634,1,False,2.8191289043234345e-06
678,680,0.24545454545454545,9.505493830494471,0.2181818181818182,0.2818181818181818,8.605493830494474,10.505493830494467,True,3.242419324522248,9.233883871630226,1,True,0.0717546076925676
679,681,0.4272727272727273,11.025035668771173,0.32727272727272727,0.5909090909090908,8.92503566877118,13.625035668771163,True,0.41536535944731984,6.4068299065552985,1,True,0.5192587462987183
680,682,0.24545454545454545,8.251252264236424,0.2181818181818182,0.2818181818181818,7.3512522642364235,9.351252264236425,True,3.017087480777433,9.008552027885411,1,True,0.08239131288939107
681,683,0.13,30.345263335806237,0.12272727272727273,0.13181818181818183,29.545263335806226,30.44526333580624,False,41.41449173722645,47.40595628433443,1,False,1.231411156404875e-10
682,684,0.13181818181818183,3.5,0.1190909090909091,0.14454545454545453,2.1,4.6000000000000005,False,2.2144920396550978,8.205956586763076,1,True,0.1367200556644928
683,685,0.014545454545454545,5.147901372304586,0.013181818181818182,0.017272727272727273,3.9479013723045857,6.747901372304588,False,15.455571015003978,21.447035562111957,1,False,8.446759192976682e-05
684,686,0.9090909090909091,9.9,0.7454545454545455,0.9272727272727272,8.200000000000001,9.9,False,19.824620006161943,25.816084553269924,1,False,8.488229014245372e-06
686,688,0.03363636363636364,4.831326185049116,0.03,0.03727272727272728,3.831326185049116,5.631326185049117,True,13.067381525467583,19.058846072575562,1,False,0.00030048290470874897
687,689,0.09454545454545454,5.660051736509585,0.08363636363636363,0.10545454545454545,4.460051736509584,6.7600517365095865,False,6.748866509240442,12.74033105634842,1,False,0.009380726090358138
688,690,0.04454545454545455,8.762658305489234,0.038181818181818185,0.05090909090909091,7.16265830548924,10.262658305489229,True,8.120152487820798,14.111617034928777,1,False,0.004377587661637259
689,691,0.019545454545454546,5.581093001142075,0.015454545454545453,0.03363636363636364,3.7810930011420734,11.08109300114208,True,1.444844653149254,7.436309200257233,1,True,0.22935697634116958
690,692,0.06181818181818182,11.948726979736225,0.053636363636363635,0.07181818181818181,10.54872697973623,13.848726979736218,False,0.5327613641204745,6.524225911228454,1,True,0.4654482327519137
691,693,0.014545454545454545,16.63612472034079,0.011818181818181818,0.017272727272727273,14.1361247203408,18.336124720340784,True,0.34154245831076374,6.333007005418743,1,True,0.5589402360430931
692,694,0.015,4.410359489098669,0.014090909090909091,0.017272727272727273,3.6103594890986686,5.61035948909867,False,24.52901171253149,30.520476259639466,1,False,7.319933691697678e-07
693,695,0.031818181818181815,4.077050051032429,0.028181818181818183,0.03636363636363636,2.777050051032429,5.3770500510324295,True,5.056192303751869,11.047656850859848,1,False,0.0245380931561548
694,696,0.028181818181818183,10.00480319170507,0.024545454545454544,0.031818181818181815,8.504803191705076,11.304803191705066,False,10.963465792756255,16.954930339864234,1,False,0.0009292585146773418
695,697,0.1972727272727273,9.663277826963673,0.17545454545454547,0.2272727272727273,8.863277826963676,10.56327782696367,False,1.3988462879940586,7.390310835102038,1,True,0.2369168351438868
696,698,0.23636363636363636,15.431783218496774,0.19181818181818183,0.2727272727272727,14.031783218496779,16.63178321849677,False,4.671407788705524,10.662872335813503,1,False,0.03066877818910079
697,699,0.07772727272727273,15.466910574056831,0.07336363636363635,0.09363636363636364,14.966910574056833,17.566910574056823,False,18.303681178072427,24.295145725180404,1,False,1.8834287193861076e-05
698,700,0.05545454545454545,4.321079471229323,0.04727272727272727,0.06636363636363636,2.421079471229321,6.321079471229325,True,3.5880311420143247,9.579495689122304,1,True,0.058197154687650056
699,701,0.06545454545454546,8.775710241985575,0.05545454545454545,0.09090909090909091,7.37571024198558,12.575710241985561,True,3.90811882048516,9.899583367593138,1,False,0.04805335773764598
700,702,0.36363636363636365,8.51317685271063,0.2818181818181818,0.4818181818181818,6.413176852710628,10.713176852710632,True,0.14676349419386175,6.138228041301841,1,True,0.7016476670445292
701,703,0.2545454545454545,6.011083134039241,0.2272727272727273,0.2818181818181818,5.2110831340392405,6.811083134039242,True,2.3478402950256347,8.339304842133615,1,True,0.12545671101300815
702,704,0.1809090909090909,6.107559273117105,0.16454545454545455,0.2,5.207559273117105,6.807559273117106,False,0.7379282823286322,6.729392829436611,1,True,0.39032533240246103
703,705,0.4545454545454546,3.4000000000000004,0.3,0.8181818181818182,0.0,8.1,True,0.0936647951745052,6.085129342282484,1,True,0.7595688246670576
705,707,0.02,8.509025328338817,0.017272727272727273,0.024545454545454544,6.9090253283388225,10.40902532833881,False,18.89061564312981,24.882080190237787,1,False,1.3843198807701653e-05
706,708,0.015,10.52618925604933,0.013636363636363636,0.017727272727272727,9.426189256049334,11.926189256049325,False,5.377737245696535,11.369201792804514,1,False,0.020395314035854126
707,709,0.2090909090909091,4.4,0.17,0.23636363636363636,3.1,5.300000000000001,True,4.445382807734184,10.436847354842163,1,False,0.03499574351721441
709,711,0.1481818181818182,5.977832388134743,0.13727272727272727,0.16090909090909092,5.077832388134742,7.177832388134744,False,0.16254520631936606,6.154009753427345,1,True,0.6868239363207788
710,712,0.3181818181818182,7.854234122212856,0.2909090909090909,0.35454545454545455,7.254234122212855,8.754234122212857,False,0.8834433884751225,6.874907935583101,1,True,0.3472602944147225
711,713,0.18636363636363637,9.882049484598411,0.17,0.2090909090909091,9.382049484598413,10.48204948459841,False,1.3119749083499535,7.303439455457933,1,True,0.25203739855407314
712,714,0.23636363636363636,7.8580967512579125,0.1972727272727273,0.2818181818181818,6.6580967512579114,9.358096751257914,True,0.08622841679482389,6.077692963902803,1,True,0.7690278445481226
713,715,0.1481818181818182,7.631892814702872,0.13545454545454547,0.1590909090909091,6.431892814702871,8.831892814702872,False,0.5168494096363652,6.508313956744344,1,True,0.47218873717202026
714,716,0.1572727272727273,10.24246672472355,0.14454545454545453,0.16818181818181818,9.042466724723555,11.442466724723547,False,14.492421288341571,20.48388583544955,1,False,0.00014072456593065832
715,717,0.2181818181818182,11.227594709356852,0.19181818181818183,0.24545454545454545,10.427594709356855,11.92759470935685,True,1.5189657563958814,7.510430303503861,1,True,0.21777607224383805
716,718,0.8,10.110175118706177,0.6545454545454545,0.8181818181818182,8.510175118706176,10.110175118706177,False,21.36773423770974,27.35919878481772,1,False,3.7909772795812874e-06
717,719,0.015909090909090907,12.191713570764701,0.013636363636363636,0.01863636363636364,10.591713570764707,13.691713570764696,False,10.872652275348432,16.86411682245641,1,False,0.0009759466500704617
718,720,0.1409090909090909,13.694433232517836,0.12636363636363637,0.15181818181818182,12.194433232517842,14.794433232517832,True,5.523634287444519,11.515098834552498,1,False,0.018761242928331024
719,721,0.16636363636363638,7.369676011020784,0.14636363636363636,0.2,5.469676011020791,8.76967601102078,True,11.963493646634998,17.954958193742975,1,False,0.0005425305110089618
720,722,0.8636363636363636,15.083850944015335,0.6545454545454545,1.1,12.883850944015343,16.98385094401533,True,0.6370611819368371,6.628525729044816,1,True,0.4247769935500313
722,724,0.10636363636363637,7.105254342821107,0.09272727272727273,0.11727272727272728,5.705254342821106,8.405254342821108,False,2.519076379773558,8.510540926881538,1,True,0.11247644625436332
723,725,0.7363636363636363,17.672592882439695,0.5454545454545454,0.990909090909091,15.372592882439703,19.972592882439685,True,1.7337640404595014,7.72522858756748,1,True,0.18793090776678184
725,727,1.190909090909091,17.57891839096309,0.8454545454545455,1.2454545454545454,14.778918390963097,17.57891839096309,False,20.166473144091682,26.157937691199663,1,False,7.098626473471698e-06
726,728,0.3,26.061711831014666,0.2636363636363636,0.33636363636363636,24.96171183101465,27.06171183101468,False,1.3576335924586518,7.349098139566631,1,True,0.2439480220253218
727,729,0.5727272727272728,24.227651215145126,0.4727272727272727,0.7,22.727651215145105,25.727651215145148,False,1.22463042267646,7.216094969784439,1,True,0.2684538402042308
728,730,0.1781818181818182,8.361425972486183,0.16272727272727272,0.2,7.361425972486183,9.061425972486184,True,5.178871411278266,11.170335958386245,1,False,0.022863169702021447
730,732,0.24545454545454545,6.0880148008260795,0.2090909090909091,0.2727272727272727,5.088014800826079,6.88801480082608,True,3.166184348759828,9.157648895867807,1,True,0.07517788991405534
731,733,0.028181818181818183,17.37179401334852,0.025454545454545455,0.03272727272727273,16.271794013348526,18.871794013348516,False,7.782156019836863,13.773620566944842,1,False,0.005276478818572334
732,734,0.024545454545454544,8.550585314453214,0.02181818181818182,0.028181818181818183,7.350585314453218,10.050585314453208,False,24.758638621072297,30.750103168180274,1,False,6.497692576579564e-07
734,736,0.35454545454545455,24.5540676013319,0.3090909090909091,0.4181818181818182,23.354067601331884,25.95406760133192,False,0.21935475682279962,6.210819303930779,1,True,0.6395320016615934
735,737,0.014090909090909091,4.0,0.012272727272727272,0.015909090909090907,2.5,5.300000000000001,False,4.698531460126155,10.689996007234134,1,False,0.030188401276317132
738,740,0.015454545454545453,2.6,0.012727272727272728,0.02090909090909091,0.4,5.5,True,2.9187072849298454,8.910171832037825,1,True,0.08755798362622165
739,741,0.03,3.3000000000000003,0.026363636363636363,0.035454545454545454,1.8,4.6000000000000005,True,8.251314121786532,14.24277866889451,1,False,0.004072250960912898
741,743,0.16636363636363638,20.81096357250628,0.1572727272727273,0.19454545454545455,19.91096357250627,22.0109635725063,False,18.347964573904072,24.339429121012053,1,False,1.8401546951867155e-05
742,744,0.060909090909090906,21.40118171205332,0.05181818181818182,0.06818181818181819,19.801181712053296,22.601181712053336,False,0.23390790763227412,6.225372454740254,1,True,0.6286411923835946
743,745,0.060909090909090906,19.240881069524228,0.06,0.07309090909090908,19.240881069524228,21.340881069524258,False,15.75868914932143,21.750153696429408,1,False,7.195667418058296e-05
744,746,0.016363636363636365,11.312994870267405,0.014090909090909091,0.019090909090909092,9.81299487026741,12.8129948702674,False,17.516752250886732,23.508216797994713,1,False,2.8478730357394738e-05
746,748,0.23636363636363636,30.44526333580624,0.23636363636363636,0.24545454545454545,30.345263335806237,30.44526333580624,False,97.82359675048298,103.81506129759096,1,False,4.573647248113762e-23
747,749,0.4363636363636364,15.719970791211157,0.39090909090909093,0.5,14.71997079121116,16.819970791211155,False,2.540822477256757,8.532287024364736,1,True,0.11093698496991285
749,751,0.32727272727272727,24.882901342702205,0.2818181818181818,0.39090909090909093,23.78290134270219,26.482901342702228,False,2.4338071529785914,8.42527170008657,1,True,0.1187441921849461
750,752,0.14636363636363636,8.49364549788937,0.13363636363636364,0.1572727272727273,7.3936454978893735,9.493645497889366,True,7.404456167725005,13.395920714832984,1,False,0.006506250919078852
753,755,0.012272727272727272,12.36348087991142,0.01,0.015454545454545453,10.163480879911427,14.96348087991141,True,0.147969924125927,6.139434471233906,1,True,0.700482969370823
754,756,0.02181818181818182,8.805164791021687,0.01863636363636364,0.02727272727272727,7.305164791021692,11.205164791021678,True,5.581955195443204,11.573419742551183,1,False,0.018146452777342854
756,758,0.02727272727272727,7.740439749599965,0.024545454545454544,0.02909090909090909,6.540439749599969,8.540439749599962,False,9.327336419413328,15.318800966521307,1,False,0.0022576027733338068
757,759,0.4636363636363636,15.307587997694402,0.4181818181818182,0.5363636363636364,14.607587997694404,16.507587997694397,False,10.891336652993377,16.882801200101355,1,False,0.0009661508189856042
758,760,0.04090909090909091,9.990736142327972,0.03363636363636364,0.046363636363636364,8.190736142327978,11.390736142327967,True,0.25726682571553744,6.248731372823516,1,True,0.6120041307505878
760,762,0.4909090909090909,8.018208050551959,0.4181818181818182,0.609090909090909,6.718208050551958,9.718208050551961,True,0.07683193073894598,6.068296477846925,1,True,0.7816374937921559
761,763,0.028181818181818183,3.7147931978670576,0.024545454545454544,0.03363636363636364,2.114793197867056,5.414793197867059,True,6.678244864849716,12.669709411957694,1,False,0.009759667690642314
762,764,0.12818181818181817,11.157123539862788,0.1190909090909091,0.1390909090909091,10.157123539862791,12.257123539862784,True,11.6783362410182,17.66980078812618,1,False,0.000632320522147863
763,765,0.12090909090909091,5.530885021440381,0.10636363636363637,0.13727272727272727,3.930885021440379,7.130885021440382,True,6.137335912461426,12.128800459569405,1,False,0.013235657641904451
764,766,0.08363636363636363,30.44526333580624,0.07727272727272727,0.08545454545454545,29.545263335806226,30.44526333580624,False,17.287564039401325,23.279028586509305,1,False,3.21282643971596e-05
765,767,0.9545454545454546,30.045263335806233,0.8272727272727273,1.0181818181818183,28.945263335806217,30.44526333580624,False,3.471686161079183,9.463150708187161,1,True,0.0624276446677489
767,769,0.24545454545454545,10.009393640560058,0.2181818181818182,0.2636363636363636,9.20939364056006,10.509393640560056,False,0.394562047068548,6.386026594176527,1,True,0.5299110909271236
768,770,0.06636363636363636,10.787779044088644,0.05909090909090909,0.07545454545454545,9.487779044088649,12.287779044088639,False,0.26292652671669,6.254391073824669,1,True,0.6081166830176457
770,772,0.33636363636363636,4.5,0.2909090909090909,0.39090909090909093,3.4000000000000004,5.800000000000001,False,15.366120558767625,21.357585105875604,1,False,8.85620657330284e-05
771,773,0.024545454545454544,8.850232361401472,0.02181818181818182,0.026363636363636363,7.650232361401477,9.55023236140147,True,21.524665733717384,27.516130280825365,1,False,3.493067766689313e-06
773,775,0.1409090909090909,7.707634173932805,0.12818181818181817,0.15363636363636363,6.507634173932804,8.907634173932806,False,0.6031791077553759,6.594643654863355,1,True,0.43736761682517244
774,776,0.08363636363636363,14.879440937467912,0.07636363636363636,0.09545454545454546,13.779440937467916,16.279440937467907,False,3.507765188634276,9.499229735742254,1,True,0.061081797771745876
775,777,0.2181818181818182,25.32236515262347,0.1781818181818182,0.2545454545454545,24.122365152623452,26.322365152623483,False,0.18176186383280746,6.173226410940787,1,True,0.6698634744234653
776,778,0.6363636363636364,30.44526333580624,0.6,0.6454545454545454,30.045263335806233,30.44526333580624,False,16.973007622000125,22.964472169108106,1,False,3.791503613563248e-05
777,779,0.15181818181818182,30.44526333580624,0.15,0.15363636363636363,30.245263335806236,30.44526333580624,False,61.1978791790105,67.18934372611848,1,False,5.161710148677228e-15
778,780,0.05545454545454545,14.342007326158843,0.049090909090909095,0.06454545454545454,12.942007326158848,16.04200732615884,False,1.0952550404798462,7.086719587587825,1,True,0.2953097878524824
779,781,0.23636363636363636,7.7217273026911695,0.19454545454545455,0.2818181818181818,6.421727302691169,9.02172730269117,True,4.643886877097475,10.635351424205453,1,False,0.03116434211448559
780,782,0.030909090909090907,8.43202498032775,0.02727272727272727,0.035454545454545454,6.8320249803277555,9.532024980327746,False,16.3805173111592,22.371981858267176,1,False,5.1815098695648616e-05
781,783,0.8454545454545455,12.459902004779975,0.6818181818181818,1.0181818181818183,10.85990200477998,13.85990200477997,False,3.6433145248423497,9.634779071950328,1,True,0.05629475669217974
782,784,0.9,15.720087945598381,0.6454545454545454,1.209090909090909,13.12008794559839,17.920087945598375,True,1.578812068393846,7.570276615501825,1,True,0.20893188845181218
783,785,0.056363636363636366,4.717214888058451,0.05,0.06272727272727273,3.51721488805845,5.817214888058452,True,8.641350110474637,14.632814657582616,1,False,0.0032861781382940826
784,786,0.010454545454545454,9.722256253861508,0.01,0.013181818181818182,9.12225625386151,11.9222562538615,True,0.10337412482968715,6.094838671937667,1,True,0.7478175196765832
785,787,0.24545454545454545,11.431632703504496,0.2090909090909091,0.2727272727272727,10.5316327035045,12.231632703504493,False,0.30315287997408213,6.294617427082061,1,True,0.5819125663402398
786,788,0.3,7.953629486699542,0.2727272727272727,0.32727272727272727,7.253629486699541,8.553629486699542,True,1.9043496247485356,7.8958141718565145,1,True,0.16759226463626584
787,789,0.4,0.0,0.38181818181818183,0.5909090909090908,0.0,3.2,True,3.117082954312333,9.108547501420311,1,True,0.07747536181129944
788,790,0.07,5.038434761019956,0.06272727272727273,0.07863636363636364,3.738434761019955,6.438434761019957,True,8.305606126352231,14.29707067346021,1,False,0.003952289008111868
789,791,0.2272727272727273,11.885853269741219,0.1972727272727273,0.24545454545454545,10.985853269741222,12.485853269741217,False,2.89929241022136,8.890756957329339,1,True,0.08861844535577248
790,792,0.14636363636363636,7.254491675714279,0.13181818181818183,0.16272727272727272,5.754491675714277,8.95449167571428,True,5.137596424842582,11.129060971950562,1,False,0.02341304193470415
791,793,0.2909090909090909,11.418423363592854,0.2545454545454545,0.3181818181818182,10.418423363592858,12.218423363592851,False,0.7907221043048214,6.7821866514128,1,True,0.37388186631196607
792,794,0.01863636363636364,25.34524907689083,0.012272727272727272,0.028181818181818183,20.745249076890765,29.845249076890894,False,58.21083590468557,64.20230045179355,1,False,2.354784520501484e-14
793,795,0.2636363636363636,22.81037294167003,0.2272727272727273,0.3,21.910372941670015,23.71037294167004,False,0.3211569044981374,6.312621451606116,1,True,0.5709132158627535
795,797,0.15363636363636363,17.72937649611255,0.1390909090909091,0.16818181818181818,16.329376496112555,19.129376496112545,True,7.225915583423609,13.217380130531588,1,False,0.007185851295551317
798,800,0.011818181818181818,4.403489714643112,0.01,0.014090909090909091,2.7034897146431107,6.3034897146431135,False,5.9557524550232035,11.947217002131183,1,False,0.014669340442285166
799,801,0.24545454545454545,9.812155587367958,0.2090909090909091,0.2727272727272727,8.91215558736796,10.612155587367955,False,1.1605133055744172,7.151977852682396,1,True,0.2813591108182371
800,802,0.18636363636363637,4.849148208841985,0.16454545454545455,0.2181818181818182,3.5491482088419852,5.849148208841985,True,7.3414357658603,13.33290031296828,1,False,0.006738299900385978
801,803,0.014090909090909091,17.6223913760996,0.013636363636363636,0.019090909090909092,17.322391376099596,20.722391376099644,False,15.077939490060002,21.06940403716798,1,False,0.00010316187742408702
802,804,0.44545454545454544,9.084378855641082,0.36363636363636365,0.5818181818181818,7.3843788556410805,11.284378855641084,True,2.0827745113779623,8.074239058485942,1,True,0.14896918665309897
803,805,0.04818181818181819,15.646168268148703,0.04,0.06,13.64616826814871,17.846168268148695,False,7.209458736148533,13.200923283256511,1,False,0.007252036125889686
804,806,0.34545454545454546,7.959872198286154,0.3,0.39090909090909093,6.759872198286153,8.959872198286156,True,0.22386654377085796,6.215331090878837,1,True,0.6361094678851349
805,807,0.10272727272727274,11.215701555523758,0.09272727272727273,0.11181818181818182,10.215701555523761,12.315701555523754,True,30.755999253906367,36.74746380101435,1,False,2.9259782771667055e-08
806,808,0.2909090909090909,9.684181631028153,0.2727272727272727,0.3090909090909091,9.084181631028155,10.184181631028151,False,7.13541426120174,13.12687880830972,1,False,0.007557618102647429
807,809,0.10090909090909092,11.011619836617784,0.08636363636363636,0.11,9.61161983661779,12.11161983661778,False,0.06298857676739039,6.054453123875369,1,True,0.8018332435169928
808,810,0.01,11.074762715134954,0.01,0.011818181818181818,10.674762715134955,12.674762715134948,False,4.068933090793712,10.06039763790169,1,False,0.04367885441039095
809,811,0.011818181818181818,8.381852680338524,0.01,0.014545454545454545,6.781852680338529,10.581852680338516,False,7.77611142391818,13.767575971026158,1,False,0.005294163388888425
810,812,0.10090909090909092,9.478057586300112,0.08181818181818182,0.12090909090909091,7.478057586300119,11.678057586300104,True,2.8277836672122634,8.819248214320243,1,True,0.09264613595168003
811,813,0.12272727272727273,10.571697068621873,0.11,0.13545454545454547,9.171697068621878,11.871697068621868,False,4.176326939561465,10.167791486669444,1,False,0.04099245083879033
812,814,1.0363636363636364,12.472944507243591,0.8636363636363636,1.1181818181818182,11.072944507243589,12.972944507243591,False,28.400520176589914,34.391984723697895,1,False,9.863880204364386e-08
813,815,0.07772727272727273,13.46516403738009,0.07,0.08636363636363636,12.265164037380094,14.665164037380086,False,0.27654161173617486,6.268006158844154,1,True,0.5989769784769128
815,817,0.07418181818181818,23.30174377882242,0.06454545454545454,0.08545454545454545,21.701743778822397,24.901743778822443,False,9.106374594847379,15.097839141955358,1,False,0.002547202238033363
816,818,0.5181818181818182,23.86724416718231,0.44545454545454544,0.6181818181818182,22.667244167182293,25.26724416718233,False,7.762454743744347,13.753919290852327,1,False,0.005334341308799008
817,819,0.04454545454545455,13.905427696881906,0.04,0.05090909090909091,12.605427696881911,15.5054276968819,False,9.678236698244612,15.669701245352591,1,False,0.0018646349463831268
818,820,0.2818181818181818,11.200162114200415,0.2545454545454545,0.3,10.300162114200418,11.700162114200413,True,0.6109309913164114,6.602395538424391,1,True,0.4344374906640438
819,821,0.2727272727272727,3.9000000000000004,0.23636363636363636,0.3090909090909091,2.8000000000000003,4.9,True,2.3487929279239665,8.340257475031946,1,True,0.12538005841962624
820,822,1.4,4.366963063930724,1.1272727272727274,1.4,2.6669630639307247,4.866963063930724,False,11.433315787396436,17.424780334504415,1,False,0.0007213883432053293
821,823,0.03727272727272728,18.086753017217315,0.03,0.04363636363636364,16.28675301721729,19.586753017217337,False,12.40733810316086,18.39880265026884,1,False,0.000427650025387999
823,825,0.02727272727272727,8.234438641641168,0.024545454545454544,0.02909090909090909,7.034438641641172,8.934438641641165,False,6.969452105412419,12.960916652520398,1,False,0.008291287969431373
824,826,0.4909090909090909,8.879047081405668,0.4272727272727273,0.5909090909090908,7.679047081405672,10.279047081405663,True,0.08389920376413718,6.075363750872116,1,True,0.7720812625877876
825,827,0.05454545454545455,7.486846316295843,0.04727272727272727,0.06545454545454546,5.986846316295843,9.386846316295841,False,3.2427614771473454,9.234226024255324,1,True,0.07173962588074799
826,828,0.031818181818181815,7.260959492179504,0.028181818181818183,0.038181818181818185,6.060959492179503,8.860959492179505,False,0.2912975019477562,6.282762049055735,1,True,0.5893902578580548
828,830,0.06909090909090909,16.674419753410938,0.06454545454545454,0.07727272727272727,15.974419753410928,18.074419753410957,False,27.248819866763405,33.240284413871386,1,False,1.7888428091384424e-07
829,831,0.06545454545454546,14.057060092030314,0.05909090909090909,0.07418181818181818,12.957060092030318,15.557060092030309,False,1.5889066494445854,7.580371196552564,1,True,0.2074824126742709
830,832,0.09636363636363636,14.002083132995859,0.08454545454545455,0.10727272727272727,12.702083132995863,15.202083132995854,True,33.36514717369503,39.35661172080301,1,False,7.638059164907438e-09
831,833,0.09272727272727273,5.0166935560151895,0.08090909090909092,0.10636363636363637,3.516693556015188,6.416693556015191,False,3.593481965918147,9.584946513026125,1,True,0.0580065837816731
832,834,0.010454545454545454,10.755670039325357,0.01,0.011818181818181818,10.25567003932536,11.955670039325353,False,103.7430997876857,109.73456433479367,1,False,2.30325860592356e-24
833,835,0.045454545454545456,20.70206750240301,0.04181818181818182,0.05272727272727273,19.902067502403,22.502067502403037,False,13.076078083317144,19.067542630425123,1,False,0.00029909102640919913
834,836,0.022727272727272728,8.464748026493865,0.02090909090909091,0.025454545454545455,7.664748026493868,9.564748026493861,False,8.328190539250116,14.319655086358095,1,False,0.0039034519369368563
835,837,0.03,3.9870219724811258,0.02727272727272727,0.035454545454545454,2.7870219724811247,5.487021972481127,False,13.57519956113217,19.566664108240147,1,False,0.0002291936204887216
836,838,0.1481818181818182,24.64524022585896,0.13363636363636364,0.16090909090909092,23.145240225858938,26.04524022585898,False,6.14134264130043,12.13280718840841,1,False,0.013205700614451879
837,839,0.2545454545454545,3.5,0.2181818181818182,0.2818181818181818,2.5,4.2,True,2.897687874634176,8.889152421742155,1,True,0.08870670748340394
838,840,0.09272727272727273,10.24633151246873,0.07909090909090909,0.11,8.546331512468736,12.246331512468723,True,8.558300906150711,14.54976545325869,1,False,0.0034395028172145496
839,841,0.16818181818181818,7.504295007449851,0.15545454545454546,0.2,6.204295007449856,8.904295007449846,True,18.326578946211278,24.31804349331926,1,False,1.8609267304314077e-05
840,842,0.02909090909090909,13.324589674899071,0.023636363636363636,0.03909090909090909,10.72458967489908,16.124589674899063,True,1.6715937796567215,7.6630583267647,1,True,0.19604519675747234
841,843,0.016363636363636365,10.97717082056614,0.014545454545454545,0.01863636363636364,9.877170820566144,12.277170820566136,False,16.57624095113583,22.56770549824381,1,False,4.6732828239185134e-05
842,844,0.2181818181818182,13.564696939961227,0.18363636363636365,0.24545454545454545,12.46469693996123,14.364696939961224,False,6.746454499821466,12.737919046929445,1,False,0.009393416528828136
843,845,0.509090909090909,6.823669613950104,0.4272727272727273,0.6454545454545454,5.523669613950104,8.723669613950102,False,9.079349889649585,15.070814436757564,1,False,0.0025851193217506633
844,846,0.01,20.307573776223826,0.01,0.013181818181818182,19.607573776223816,23.007573776223865,False,5.4411039295712955,11.432568476679275,1,False,0.019668234939874768
845,847,0.23636363636363636,10.250164312536251,0.2090909090909091,0.2545454545454545,9.550164312536253,10.65016431253625,False,1.3281287541391762,7.3195933012471555,1,True,0.24913838734278315
846,848,0.5727272727272728,14.25807889864133,0.4818181818181818,0.6909090909090909,12.858078898641335,15.758078898641324,False,0.052601271271824415,6.044065818379804,1,True,0.8185971508238333
847,849,0.07018181818181819,13.821540658209626,0.06272727272727273,0.07954545454545454,12.421540658209631,15.221540658209621,False,0.36347433750047203,6.354938884608451,1,True,0.5465829804452615
848,850,0.12818181818181817,5.944522894008806,0.11727272727272728,0.1390909090909091,4.544522894008805,6.9445228940088075,True,9.253827390970924,15.245291938078903,1,False,0.0023500375975691852
849,851,0.04090909090909091,10.92793667225936,0.03363636363636364,0.04727272727272727,9.127936672259366,12.727936672259354,False,5.858542599313129,11.850007146421108,1,False,0.015501624481665166
850,852,0.017272727272727273,12.428679128734553,0.014545454545454545,0.02,10.728679128734559,14.128679128734547,False,14.3860708547967,20.37753540190468,1,False,0.00014889967611851786
851,853,0.06454545454545454,15.167552234691257,0.056363636363636366,0.07054545454545455,13.767552234691262,16.167552234691254,False,12.711133084279219,18.7025976313872,1,False,0.00036348512224247995
852,854,0.06,14.871631821417715,0.05090909090909091,0.07054545454545455,13.071631821417721,16.67163182141771,True,4.5168006981711635,10.508265245279143,1,False,0.0335635382237665
853,855,0.07336363636363635,4.376054171337772,0.06545454545454546,0.08272727272727273,2.9760541713377706,5.876054171337773,True,6.4686821177789,12.460146664886878,1,False,0.010979191972736198
854,856,0.2636363636363636,8.05113303989874,0.23636363636363636,0.2818181818181818,7.251133039898739,8.75113303989874,False,6.173215405864227,12.164679952972206,1,False,0.012969867012763764
855,857,0.10727272727272727,9.69039386462555,0.09545454545454546,0.12090909090909091,8.390393864625555,11.190393864625545,True,11.68541422066792,17.676878767775897,1,False,0.0006299196093385743
856,858,0.16454545454545455,11.064972856482203,0.15545454545454546,0.18636363636363637,10.064972856482207,12.0649728564822,True,1.5523321316711218,7.543796678779101,1,True,0.21279148507128998
857,859,0.13727272727272727,6.825011051225786,0.12818181818181817,0.14636363636363636,6.0250110512257855,7.825011051225788,True,6.366794640900411,12.35825918800839,1,False,0.01162754374793431
858,860,0.02090909090909091,8.284297034623322,0.017727272727272727,0.025454545454545455,6.68429703462332,10.084297034623322,True,0.22970220003357378,6.221166747141552,1,True,0.6317447306246964
859,861,0.01,12.00735639858193,0.01,0.012727272727272728,11.90735639858193,14.407356398581921,False,7.811963267742668,13.803427814850647,1,False,0.005190148811450517
860,862,0.057272727272727274,10.090054072508948,0.05,0.06454545454545454,8.690054072508953,11.390054072508944,True,4.288072165978779,10.279536713086758,1,False,0.038380661366716126
861,863,0.04272727272727273,9.084626366889628,0.030909090909090907,0.05818181818181818,6.284626366889638,12.384626366889616,True,0.8805716699399375,6.872036217047917,1,True,0.3480451514493531
862,864,0.019090909090909092,14.184327644877936,0.015,0.023636363636363636,11.884327644877944,16.384327644877928,False,9.103932062514971,15.09539660962295,1,False,0.00255060591131439
863,865,0.13363636363636364,9.614622138230748,0.11363636363636363,0.15181818181818182,7.314622138230757,11.414622138230742,True,1.3436159536273766,7.335080500735356,1,True,0.24639729279976363
864,866,0.011363636363636364,10.747790673016796,0.01,0.012727272727272728,9.5477906730168,11.847790673016792,False,0.08431808575462152,6.075782632862601,1,True,0.7715287809697302
865,867,0.025454545454545455,14.245002850091954,0.022727272727272728,0.03,12.945002850091958,16.14500285009195,False,11.66203339170953,17.65349793881751,1,False,0.0006378858110462855
866,868,0.028181818181818183,3.7,0.026363636363636363,0.030909090909090907,2.9000000000000004,4.7,True,3.01340941437239,9.004873961480369,1,True,0.08257843078354937
867,869,0.015,15.651771912537585,0.012727272727272728,0.01863636363636364,13.651771912537592,17.751771912537578,False,11.043768742408925,17.035233289516903,1,False,0.0008898578187437907
868,870,0.4272727272727273,4.800000000000001,0.3181818181818182,0.5909090909090908,2.6,7.300000000000001,True,2.1372184852157114,8.128683032323691,1,True,0.14376234639724556
869,871,0.06636363636363636,9.567023386393064,0.057272727272727274,0.07545454545454545,7.86702338639307,11.167023386393058,False,0.030260272064763408,6.021724819172743,1,True,0.8619009857757585
870,872,0.2272727272727273,2.5,0.19181818181818183,0.2545454545454545,1.4000000000000001,3.4000000000000004,True,1.0012845549946277,6.992749102102607,1,True,0.31699988266776313
871,873,0.017727272727272727,5.131010520114787,0.014545454545454545,0.023636363636363636,3.5310105201147852,8.031010520114789,False,5.807066904144894,11.798531451252874,1,False,0.01596189511052292
872,874,0.2727272727272727,3.3000000000000003,0.23636363636363636,0.3181818181818182,2.2,4.5,True,3.5886532299117997,9.58011777701978,1,True,0.05817537175791314
873,875,0.35454545454545455,6.848094709891007,0.32727272727272727,0.39090909090909093,6.148094709891007,7.748094709891008,True,0.27575469699072963,6.267219244098708,1,True,0.5994973361945567
874,876,0.014090909090909091,7.935048558249141,0.012272727272727272,0.016363636363636365,6.335048558249147,9.635048558249135,False,20.975593826341665,26.967058373449646,1,False,4.6517163299962845e-06
876,878,0.07681818181818181,4.880919103939566,0.06818181818181819,0.08636363636363636,3.4809191039395646,6.1809191039395674,True,7.65026980193777,13.641734349045748,1,False,0.005676383124069972
877,879,0.11727272727272728,7.4322678727410025,0.09909090909090909,0.13181818181818183,5.43226787274101,9.032267872740997,True,14.910911929191732,20.90237647629971,1,False,0.0001127091612082113
878,880,0.014545454545454545,8.857192853947252,0.013636363636363636,0.016363636363636365,8.057192853947255,9.957192853947248,False,10.60589660194655,16.597361149054528,1,False,0.001127275810667124
880,882,0.10272727272727274,10.56320245739905,0.09,0.11181818181818182,9.363202457399055,11.663202457399047,False,0.30585981273115864,6.297324359839138,1,True,0.5802319523688172
881,883,0.1481818181818182,6.018594409051637,0.13363636363636364,0.16090909090909092,4.7185944090516365,7.318594409051638,True,3.0887508706736417,9.08021541778162,1,True,0.07883530499556322
882,884,0.01863636363636364,11.880265244134002,0.016363636363636365,0.02181818181818182,10.680265244134006,13.480265244133996,False,25.711511124928485,31.702975672036466,1,False,3.964552482316477e-07
883,885,0.05818181818181818,13.58966951616391,0.05090909090909091,0.06727272727272728,12.289669516163915,15.289669516163904,False,17.14830916607202,23.13977371318,1,False,3.4571702201019e-05
884,886,0.16090909090909092,11.984839703787022,0.14636363636363636,0.1809090909090909,10.584839703787027,13.184839703787018,True,6.1880252155046716,12.17948976261265,1,False,0.012861763388780239
885,887,0.11181818181818182,6.266456933613357,0.09636363636363636,0.12272727272727273,4.466456933613355,7.566456933613358,True,13.399523130873682,19.390987677981663,1,False,0.0002516882774989018
886,888,0.028181818181818183,11.231647409460523,0.024545454545454544,0.03272727272727273,9.631647409460529,12.831647409460517,True,2.8025485666839627,8.79401311379194,1,True,0.09411460079867161
887,889,0.011818181818181818,8.242994700181555,0.010454545454545454,0.013636363636363636,7.042994700181559,9.64299470018155,False,28.47808748962096,34.46955203672894,1,False,9.476495735805379e-08
888,890,0.5636363636363636,6.4,0.4090909090909091,0.6727272727272727,3.8000000000000003,7.5,False,14.095152115037362,20.08661666214534,1,False,0.00017379112504101773
889,891,0.790909090909091,8.4,0.6181818181818182,0.8090909090909091,6.300000000000001,8.4,False,14.3893504231553,20.38081497026328,1,False,0.00014864056903060872
890,892,0.060909090909090906,10.100703151554674,0.053636363636363635,0.07036363636363636,8.800703151554679,11.700703151554668,True,15.943776723201662,21.93524127030964,1,False,6.525195373396125e-05
891,893,0.01818181818181818,10.526136661181754,0.015,0.02181818181818182,8.526136661181761,12.326136661181748,True,3.1099466419498425,9.10141118905782,1,True,0.07781550967799788
892,894,0.010454545454545454,10.472610832412375,0.01,0.012272727272727272,9.972610832412377,11.97261083241237,False,20.824080292074722,26.8155448391827,1,False,5.034596248256053e-06
893,895,0.01818181818181818,7.5359035081326144,0.016363636363636365,0.02,6.635903508132618,8.535903508132611,False,7.534823944855663,13.526288491963642,1,False,0.006051765071563733
894,896,0.04,11.23695627913269,0.034545454545454546,0.045454545454545456,9.836956279132695,12.836956279132684,True,0.5027155237203718,6.494180070828351,1,True,0.47830936858205486
895,897,0.04727272727272727,14.129326189770213,0.04272727272727273,0.053636363636363635,12.929326189770217,15.629326189770207,True,5.001595700458152,10.993060247566131,1,False,0.025323960855296805
896,898,0.028181818181818183,4.493265033361618,0.025454545454545455,0.031818181818181815,3.2932650333616182,5.693265033361618,True,12.794446063099945,18.785910610207925,1,False,0.0003476499072112166
897,899,0.38181818181818183,6.248760524745562,0.33636363636363636,0.4090909090909091,5.148760524745561,6.848760524745563,True,1.0093466821433148,7.000811229251294,1,True,0.3150594046241105
898,900,0.017727272727272727,4.445930761801321,0.015,0.02,2.84593076180132,5.645930761801322,False,12.843620646125817,18.835085193233795,1,False,0.00033863174102371764
899,901,0.3,5.784494208088804,0.2636363636363636,0.36363636363636365,4.884494208088803,7.184494208088806,True,1.8312540803668733,7.822718627474853,1,True,0.17597949156473444
900,902,0.15181818181818182,6.275582957013291,0.1409090909090909,0.16636363636363638,5.37558295701329,7.775582957013293,True,8.942046364938879,14.933510912046858,1,False,0.0027868034196022254
901,903,0.013181818181818182,9.092729222187957,0.011818181818181818,0.014545454545454545,7.8927292221879615,10.292729222187953,False,13.122192945137185,19.113657492245164,1,False,0.00029181825760965713
902,904,0.014545454545454545,8.822485700680105,0.013181818181818182,0.016363636363636365,7.522485700680109,9.9224857006801,False,23.248688023191228,29.24015257029921,1,False,1.4234752122948307e-06
903,905,0.01818181818181818,9.116825041765935,0.015454545454545453,0.02181818181818182,7.516825041765941,11.116825041765928,False,9.10960549602627,15.101070043134248,1,False,0.002542707052542788
904,906,0.011818181818181818,8.129831686715354,0.010454545454545454,0.014090909090909091,6.929831686715358,10.029831686715347,False,8.513980934979502,14.505445482087481,1,False,0.003524282274407821
905,907,0.09636363636363636,7.771129966300013,0.08272727272727273,0.11,6.171129966300011,9.271129966300014,False,1.9800125275942502,7.971477074702229,1,True,0.1593890870243501
906,908,0.015,14.64421390492664,0.012727272727272728,0.01818181818181818,12.844213904926647,16.544213904926636,False,11.685677939374024,17.677142486482005,1,False,0.0006298303317593003
907,909,0.03272727272727273,4.3067889472629055,0.02909090909090909,0.03727272727272728,3.206788947262906,5.506788947262906,True,8.932440309121425,14.923904856229404,1,False,0.0028014979656613348
908,910,0.16454545454545455,11.93364380512972,0.15545454545454546,0.1781818181818182,11.133643805129722,12.833643805129716,True,19.703009475346622,25.6944740224546,1,False,9.045879657471722e-06
909,911,0.013181818181818182,3.2,0.011363636363636364,0.015454545454545453,1.7000000000000002,5.0,True,1.7583678590451757,7.749832406153155,1,True,0.18482822461768544
910,912,0.04,4.897757394013582,0.03363636363636364,0.045454545454545456,3.397757394013581,6.297757394013583,True,3.528860443625831,9.52032499073381,1,True,0.060309225094843856
911,913,0.4545454545454546,13.001402933792132,0.4,0.5454545454545454,12.001402933792136,14.501402933792127,True,0.29349697093392935,6.284961518041908,1,True,0.5879882547935404
912,914,0.017727272727272727,10.058093393588857,0.015454545454545453,0.019090909090909092,8.858093393588861,10.858093393588854,False,32.67610072391811,38.66756527102609,1,False,1.0886762515125026e-08
913,915,0.049090909090909095,10.920794065416592,0.045454545454545456,0.05545454545454545,10.120794065416595,12.220794065416587,False,10.583393709341703,16.57485825644968,1,False,0.0011410799719768498
914,916,0.15181818181818182,3.5251072977383373,0.1409090909090909,0.16454545454545455,2.4251072977383377,4.925107297738337,True,12.793335011057867,18.784799558165844,1,False,0.0003478564381541414
916,918,0.23636363636363636,14.493884395852856,0.2090909090909091,0.24545454545454545,13.693884395852859,14.793884395852855,False,2.244992471597855,8.236457018705835,1,True,0.13404756087269137
917,919,0.011818181818181818,9.609490746703253,0.01,0.014090909090909091,7.909490746703259,11.609490746703246,False,10.453818345126411,16.44528289223439,1,False,0.0012239618504405595
919,921,0.04454545454545455,4.407697223441825,0.04,0.049090909090909095,3.307697223441825,5.607697223441825,True,3.788942841935734,9.780407389043713,1,True,0.05159222369292921
920,922,0.12272727272727273,8.313268873301853,0.11181818181818182,0.1390909090909091,7.0132688733018576,10.013268873301847,False,22.92630272834657,28.91776727545455,1,False,1.6833262137590935e-06
921,923,0.12818181818181817,7.506769150310515,0.10636363636363637,0.1481818181818182,5.106769150310512,9.606769150310516,False,0.32172232905628606,6.313186876164265,1,True,0.5705744221370168
922,924,0.2181818181818182,2.9000000000000004,0.16818181818181818,0.2545454545454545,1.2000000000000002,4.0,True,2.649986077586247,8.641450624694226,1,True,0.10355080308496958
923,925,0.16636363636363638,7.909546816138679,0.15,0.19454545454545455,6.209546816138685,9.109546816138675,True,12.219275332985603,18.210739880093584,1,False,0.0004729829881574078
924,926,0.01,14.25029960205909,0.01,0.01090909090909091,13.950299602059092,15.150299602059087,False,26.45024006406822,32.4417046111762,1,False,2.7041487007806254e-07
925,927,0.16272727272727272,3.7,0.15363636363636363,0.17545454545454547,2.8000000000000003,4.5,False,3.0847882925999848,9.076252839707964,1,True,0.07902754883580718
926,928,0.015,3.8542425647560368,0.014090909090909091,0.016363636363636365,2.954242564756036,4.554242564756038,False,12.170348292469534,18.161812839577514,1,False,0.00048555238813903934
927,929,0.01,15.053485600629086,0.01,0.01090909090909091,14.653485600629088,15.853485600629083,False,33.11512333967172,39.1065878867797,1,False,8.686048746825243e-09
928,930,0.2909090909090909,12.719411501847135,0.2727272727272727,0.3181818181818182,12.119411501847138,13.319411501847133,False,1.0194132618369132,7.010877808944892,1,True,0.31265822551821815
929,931,0.02909090909090909,9.494153622243966,0.024545454545454544,0.03636363636363636,7.494153622243973,11.494153622243958,True,0.6025511204296331,6.5940156675376125,1,True,0.4376063102160691
930,932,0.01681818181818182,7.236439373164444,0.014545454545454545,0.019545454545454546,5.63643937316445,8.736439373164439,False,13.162544917473967,19.154009464581947,1,False,0.0002856007336459335
931,933,0.023636363636363636,4.066614427042343,0.019090909090909092,0.028181818181818183,1.9666144270423414,6.066614427042345,True,6.60905019743757,12.60051474454555,1,False,0.010146176432881017
932,934,0.2818181818181818,8.63910069034861,0.2636363636363636,0.3090909090909091,8.13910069034861,9.43910069034861,False,0.5581132207173715,6.54957776782535,1,True,0.4550214550453964
933,935,0.01863636363636364,5.609017454200115,0.015909090909090907,0.02181818181818182,4.009017454200114,7.309017454200117,False,9.84055949974957,15.83202404685755,1,False,0.0017070556778691062
934,936,0.2181818181818182,5.201231095358671,0.2,0.24545454545454545,4.701231095358671,6.001231095358671,False,2.0115328388839453,8.002997385991925,1,True,0.15610752302093908
935,937,0.06272727272727273,8.892819961737226,0.053636363636363635,0.07163636363636364,7.292819961737232,10.49281996173722,True,3.376365927249428,9.367830474357408,1,True,0.06613773478005103
936,938,0.015454545454545453,9.284831860265664,0.014090909090909091,0.01818181818181818,8.184831860265668,10.884831860265658,False,21.119045451390388,27.110509998498365,1,False,4.316170135804125e-06
937,939,0.13,11.129901828482948,0.11727272727272728,0.14272727272727273,9.729901828482953,12.229901828482944,True,12.40347515634749,18.39493970345547,1,False,0.0004285355967210008
938,940,0.1409090909090909,10.18625900910849,0.12636363636363637,0.15363636363636363,8.786259009108495,11.386259009108485,True,12.38019052599349,18.37165507310147,1,False,0.00043391287144657273
939,941,0.1390909090909091,10.067264356040388,0.12818181818181817,0.15181818181818182,8.967264356040392,11.267264356040384,True,15.515463054578262,21.506927601686243,1,False,8.183309594548099e-05
940,942,0.022727272727272728,10.531095162104393,0.01863636363636364,0.026363636363636363,8.5310951621044,11.931095162104388,True,4.107495798300446,10.098960345408425,1,False,0.04269353397746645
941,943,0.028181818181818183,3.4837196051118524,0.025454545454545455,0.031818181818181815,2.2837196051118527,4.783719605111852,True,13.223037231063042,19.21450177817102,1,False,0.0002765291505052895
942,944,0.13363636363636364,8.574797676742168,0.11727272727272728,0.15,6.774797676742175,10.174797676742163,True,1.5612278105969755,7.552692357704954,1,True,0.21148553572294712
944,946,0.01818181818181818,6.015311851958358,0.015,0.022727272727272728,4.215311851958356,8.11531185195836,True,4.566111004640419,10.557575551748398,1,False,0.032610515940609895
945,947,0.33636363636363636,11.835346878382328,0.3,0.37272727272727274,10.935346878382331,12.735346878382325,True,0.38634180956886255,6.3778063566768415,1,True,0.5342285971630185
946,948,1.0727272727272728,10.554454288458995,0.7545454545454545,1.090909090909091,7.554454288458996,10.554454288458995,False,5.187326850135076,11.178791397243055,1,False,0.022752186750554765
947,949,0.11727272727272728,8.809288026777507,0.10181818181818182,0.13363636363636364,7.009288026777513,10.5092880267775,True,8.238839958139511,14.23030450524749,1,False,0.004100333043947396
948,950,0.03,5.909498597492217,0.026363636363636363,0.03727272727272728,4.309498597492222,7.80949859749221,False,7.993556116887019,13.985020663994998,1,False,0.004694412143152673
950,952,0.015454545454545453,12.54116615189538,0.013636363636363636,0.017272727272727273,11.141166151895385,13.641166151895376,False,42.65945393711161,48.65091848421959,1,False,6.514879501109292e-11
951,953,0.34545454545454546,4.6000000000000005,0.3,0.38181818181818183,3.6,5.5,True,0.18955673782147336,6.181021284929453,1,True,0.6632857970546734
952,954,0.15545454545454546,9.551914816777636,0.13545454545454547,0.16818181818181818,7.751914816777642,10.851914816777631,True,4.591213915189103,10.582678462297082,1,False,0.03213624620325122
953,955,0.7636363636363637,7.9,0.5454545454545454,0.7818181818181819,5.0,7.9,False,8.444025026699682,14.435489573807661,1,False,0.0036624473417593843
954,956,0.034545454545454546,4.0,0.02909090909090909,0.04,2.5,5.300000000000001,True,2.385234688582398,8.376699235690378,1,True,0.12248649633733459
955,957,0.06272727272727273,9.028097737049913,0.05454545454545455,0.06909090909090909,7.628097737049918,10.12809773704991,False,19.507616081417474,25.499080628525455,1,False,1.0019938389574203e-05
957,959,0.02727272727272727,8.162759835610554,0.024545454545454544,0.031818181818181815,6.862759835610559,9.962759835610548,False,10.779480142497938,16.77094468960592,1,False,0.0010263150190328708
958,960,0.015,8.215452261768407,0.013636363636363636,0.01818181818181818,6.9154522617684115,10.1154522617684,False,13.77580884494563,19.76727339205361,1,False,0.00020597143976344568
960,962,0.05909090909090909,6.428283440635727,0.05272727272727273,0.07036363636363636,5.328283440635731,8.42828344063572,True,8.438740216114752,14.430204763222731,1,False,0.0036731061810610383
961,963,0.01863636363636364,11.648547918424644,0.015909090909090907,0.022727272727272728,10.04854791842465,13.448547918424637,False,16.736925958374716,22.728390505482693,1,False,4.2937114907499517e-05
962,964,0.02090909090909091,6.293925660125242,0.01863636363636364,0.024545454545454544,5.093925660125241,7.893925660125244,False,12.680861545747486,18.672326092855464,1,False,0.00036941731476052995
963,965,0.05545454545454545,10.738887199693583,0.04727272727272727,0.06454545454545454,9.138887199693588,12.338887199693577,True,8.763771861313664,14.755236408421643,1,False,0.0030727291641905645
964,966,0.03636363636363636,3.8540841644676815,0.030909090909090907,0.04181818181818182,2.25408416446768,5.354084164467683,True,7.3424130724465675,13.333877619554546,1,False,0.006734637571760231
965,967,0.3090909090909091,3.0,0.2909090909090909,0.34545454545454546,2.5,3.8000000000000003,False,2.03350296288315,8.024967509991129,1,True,0.15386561314920025
966,968,0.17272727272727273,8.752868436999867,0.1572727272727273,0.1972727272727273,7.252868436999872,9.552868436999864,True,2.521372243606931,8.51283679071491,1,True,0.11231281099381829
967,969,0.049090909090909095,4.612044488471701,0.04454545454545455,0.05545454545454545,3.512044488471702,5.8120444884717015,False,2.580531969293403,8.571996516401382,1,True,0.10818529847065624
968,970,0.04090909090909091,6.36090144091362,0.03636363636363636,0.04818181818181819,5.160901440913625,8.360901440913613,False,6.9293095362164365,12.920774083324416,1,False,0.008479441834480062
969,971,0.02727272727272727,6.900653639067809,0.022727272727272728,0.03272727272727273,5.000653639067807,8.700653639067811,True,3.829186512437463,9.820651059545442,1,True,0.05036737263903113
970,972,0.046363636363636364,3.1821395987842847,0.04,0.05454545454545455,1.582139598784285,5.082139598784284,True,5.769819862595225,11.761284409703205,1,False,0.01630370565087648
971,973,0.13181818181818183,10.367376664075413,0.1190909090909091,0.14272727272727273,8.967376664075418,11.36737666407541,False,31.728096917791124,37.7195614648991,1,False,1.7733798372815127e-08
973,975,0.10818181818181818,9.534393801956014,0.09636363636363636,0.12090909090909091,8.334393801956018,11.034393801956009,True,19.99229580406396,25.983760351171938,1,False,7.775481267829551e-06
974,976,0.011818181818181818,9.6026493440013,0.01,0.013181818181818182,8.002649344001306,10.802649344001296,False,35.41928749835868,41.41075204546666,1,False,2.658413062389285e-09
975,977,0.4818181818181818,7.166491544692806,0.4090909090909091,0.6181818181818182,5.766491544692806,9.166491544692805,False,25.519687049426643,31.511151596534624,1,False,4.3789188142177466e-07
976,978,0.13,9.935709405205264,0.1190909090909091,0.1409090909090909,8.635709405205269,10.835709405205261,True,18.330113786697613,24.32157833380559,1,False,1.857477132623927e-05
977,979,0.05909090909090909,4.2597664019484816,0.05272727272727273,0.06727272727272728,2.9597664019484804,5.559766401948482,True,7.034073135908114,13.025537683016093,1,False,0.007997325246153432
978,980,0.01,10.251876441423883,0.01,0.01090909090909091,9.951876441423885,11.15187644142388,False,10.015451153466561,16.006915700574538,1,False,0.001552323858215171
979,981,0.012727272727272728,10.834459106967552,0.011363636363636364,0.014545454545454545,9.634459106967556,12.334459106967547,False,2.8047920573082963,8.796256604416275,1,True,0.09398302935858062
980,982,0.053636363636363635,7.952206726058305,0.04454545454545455,0.06636363636363636,5.752206726058313,10.352206726058297,True,2.6408364118581424,8.632300958966121,1,True,0.1041486992537776
981,983,0.04181818181818182,11.840937135964733,0.03636363636363636,0.04818181818181819,10.440937135964738,13.540937135964727,False,13.805327968726218,19.7967925158342,1,False,0.00020276041880883341
982,984,0.03727272727272728,6.089677015119419,0.03,0.045454545454545456,4.289677015119417,8.189677015119422,True,1.9833494702559877,7.974814017363967,1,True,0.1590379913200634
983,985,0.01,12.831844001793145,0.01,0.012272727272727272,12.431844001793147,14.931844001793138,False,8.180878884731733,14.172343431839712,1,False,0.004233424409157722
984,986,0.1890909090909091,2.5,0.16636363636363638,0.2181818181818182,1.5,3.4000000000000004,False,1.016995150417896,7.0084596975258755,1,True,0.3132328297911822
985,987,0.011363636363636364,6.8129546618994805,0.01,0.013636363636363636,5.512954661899479,8.912954661899482,False,5.087503609794806,11.078968156902786,1,False,0.024098858046994198
986,988,0.10363636363636364,4.560408462714088,0.08818181818181818,0.11727272727272728,2.9604084627140863,6.16040846271409,True,3.751111615877287,9.742576162985266,1,True,0.052772404380889704
987,989,0.4272727272727273,6.163637000465943,0.37272727272727274,0.4818181818181818,5.063637000465944,7.163637000465943,False,3.5107324017216643,9.502196948829644,1,True,0.06097249577381684
988,990,0.2272727272727273,8.668166238592578,0.18363636363636365,0.2545454545454545,7.368166238592577,9.468166238592579,True,0.6389131490936135,6.630377696201593,1,True,0.424104635821835
989,991,0.08454545454545455,7.51657900197831,0.075,0.09727272727272727,6.2165790019783085,8.916579001978311,False,4.039049557461588,10.030514104569567,1,False,0.04445885394526282
990,992,0.11363636363636363,8.335786070806394,0.1,0.12818181818181817,6.6357860708064,9.935786070806389,True,3.4758687790121243,9.467333326120103,1,True,0.062270015633412605
992,994,0.18636363636363637,12.338386056990391,0.16636363636363638,0.2090909090909091,11.538386056990394,12.938386056990389,True,5.177194186790033,11.168658733898013,1,False,0.022885250936279748
993,995,0.016363636363636365,9.087771030265651,0.014545454545454545,0.019090909090909092,7.887771030265656,10.587771030265646,False,8.079760893455948,14.071225440563927,1,False,0.004476235144262924
994,996,0.14272727272727273,9.208256153864404,0.13,0.15181818181818182,8.108256153864408,10.108256153864401,True,22.707272542187148,28.69873708929513,1,False,1.886525222651858e-06
995,997,0.012272727272727272,9.86696194223064,0.01,0.014545454545454545,7.7669619422306475,11.766961942230633,False,10.291118378418389,16.28258292552637,1,False,0.0013367204721193315
996,998,0.2090909090909091,5.935164549923774,0.1781818181818182,0.2545454545454545,5.035164549923774,7.235164549923775,False,0.504123023394143,6.495587570502122,1,True,0.4776940819299028
998,1000,0.02727272727272727,9.66275572752512,0.023636363636363636,0.03272727272727273,8.162755727525125,11.562755727525113,True,2.2871068092665716,8.27857135637455,1,True,0.13045289360571347
999,1001,0.03272727272727273,6.4980461351753265,0.028181818181818183,0.04,4.998046135175326,8.398046135175328,True,0.22463842214061755,6.216102969248596,1,True,0.6355281754298922
1000,1002,0.1809090909090909,5.853238797857141,0.16090909090909092,0.2090909090909091,4.45323879785714,6.653238797857142,True,7.675076215054026,13.666540762162004,1,False,0.005598872855490571
1001,1003,0.15181818181818182,3.4091172535504497,0.13727272727272727,0.16818181818181818,1.9091172535504501,5.209117253550449,True,5.89106064270524,11.882525189813219,1,False,0.015217932060407276
1002,1004,0.9272727272727272,7.0,0.4818181818181818,1.1818181818181819,1.6,8.700000000000001,True,0.8329227683431735,6.824387315451153,1,True,0.3614287393964246
1003,1005,0.049090909090909095,8.942059670016965,0.04272727272727273,0.057272727272727274,7.342059670016971,10.54205967001696,True,3.4343985654435993,9.425863112551578,1,True,0.06385182959879322
1004,1006,0.024545454545454544,8.67155355939132,0.02090909090909091,0.028181818181818183,7.1715535593913255,10.271553559391315,False,11.18489753111346,17.176362078221437,1,False,0.0008246581032426161
1005,1007,0.04818181818181819,3.8148670276282277,0.04090909090909091,0.060909090909090906,1.7148670276282258,6.4148670276282305,True,3.285590559024822,9.277055106132801,1,True,0.06989048096147009
1006,1008,0.1,8.620838113568709,0.07818181818181819,0.11545454545454546,6.220838113568718,10.520838113568702,True,9.029472514582741,15.02093706169072,1,False,0.002656611295858048
1007,1009,0.053636363636363635,4.320611063030082,0.04727272727272727,0.06272727272727273,2.9206110630300812,5.920611063030083,True,4.927291756665244,10.918756303773222,1,False,0.026435716787326036
1008,1010,0.026363636363636363,7.823292800694325,0.02181818181818182,0.02909090909090909,5.723292800694333,9.023292800694321,False,10.200500112757037,16.191964659865015,1,False,0.0014040257204376515
1009,1011,0.01090909090909091,9.236979000021309,0.01,0.013181818181818182,8.336979000021312,11.136979000021302,False,8.110436322020934,14.101900869128913,1,False,0.004401113201878035
1010,1012,0.04363636363636364,2.772738293496362,0.035454545454545454,0.05181818181818182,0.6727382934963623,4.8727382934963615,True,4.431631066484136,10.423095613592114,1,False,0.03527877916821384
1011,1013,0.015,8.639539886608894,0.013181818181818182,0.01818181818181818,7.0395398866089,10.339539886608888,True,3.104523365278297,9.095987912386276,1,True,0.07807508148968234
1012,1014,0.05,4.24005688676775,0.03909090909090909,0.06363636363636364,1.540056886767748,6.640056886767753,True,3.38462132355356,9.376085870661539,1,True,0.06580729399931011
1013,1015,0.7818181818181819,8.200000000000001,0.5545454545454546,0.8909090909090909,5.5,9.1,False,7.5736055734623,13.56507012057028,1,False,0.005922918307538117
1014,1016,0.5545454545454546,2.5,0.39090909090909093,0.9727272727272728,0.0,6.5,True,0.2075912959473451,6.199055843055324,1,True,0.6486619077718887
1015,1017,0.1090909090909091,4.162798965207161,0.09818181818181819,0.12272727272727273,2.762798965207159,5.662798965207162,True,6.592728458492202,12.58419300560018,1,False,0.010239611954702302
1016,1018,0.02,11.317546226962651,0.015,0.026363636363636363,8.517546226962661,14.117546226962641,True,1.7656158831930422,7.757080430301022,1,True,0.18392557997096054
1018,1020,0.046363636363636364,4.6000000000000005,0.03909090909090909,0.05545454545454545,2.6,6.6000000000000005,False,0.6051791739400268,6.596643721048006,1,True,0.4366087318357218
1020,1022,0.019545454545454546,8.529150257617363,0.015454545454545453,0.024545454545454544,6.429150257617371,10.829150257617355,False,8.061765449015377,14.053229996123356,1,False,0.0045209110413260535
1021,1023,0.15363636363636363,9.356185413085981,0.14272727272727273,0.16818181818181818,8.356185413085985,10.756185413085976,True,7.342625475277263,13.334090022385242,1,False,0.0067338418888747325
1022,1024,0.04272727272727273,3.759850324031762,0.03636363636363636,0.049090909090909095,1.9598503240317622,5.359850324031761,True,3.6366092246721253,9.628073771780105,1,True,0.05652193797923873
1023,1025,0.05272727272727273,7.70216207790234,0.046363636363636364,0.06181818181818182,6.202162077902345,9.302162077902334,True,11.48908142079169,17.48054596789967,1,False,0.000700062270975766
1024,1026,0.025454545454545455,3.834753328946603,0.022727272727272728,0.028181818181818183,2.434753328946603,5.034753328946603,True,2.3069967434056835,8.298461290513663,1,True,0.12879268015300638
1025,1027,0.04363636363636364,4.401863965645866,0.03727272727272728,0.05,2.7018639656458645,6.001863965645867,True,2.1755718070738586,8.167036354181837,1,True,0.14021739127486732
1026,1028,0.015,9.662738952514474,0.012727272727272728,0.017727272727272727,7.96273895251448,11.162738952514468,False,6.363941101887841,12.35540564899582,1,False,0.011646257467049585
1027,1029,0.012727272727272728,5.03937573201093,0.01090909090909091,0.014545454545454545,3.439375732010929,6.539375732010932,False,6.979607569300439,12.971072116408418,1,False,0.008244368501154965
1028,1030,0.10272727272727274,9.756260324764408,0.08727272727272727,0.11545454545454546,8.156260324764414,11.256260324764403,True,7.449382061797545,13.440846608905524,1,False,0.006345823151874015
1029,1031,0.10636363636363637,3.2,0.09272727272727273,0.12090909090909091,1.8,4.9,False,0.21924123476664992,6.210705781874629,1,True,0.6396186685157192
1030,1032,0.02,12.730537709937789,0.016363636363636365,0.026363636363636363,10.730537709937796,15.23053770993778,True,2.048505748443617,8.039970295551596,1,True,0.15235565716846405
1031,1033,0.2272727272727273,3.5,0.17545454545454547,0.2727272727272727,1.9000000000000001,4.800000000000001,True,0.8189945842667425,6.810459131374722,1,True,0.36547428981712293
1032,1034,0.13,7.6978306764045215,0.11181818181818182,0.1481818181818182,5.69783067640452,9.297830676404523,False,0.3878847213119993,6.379349268419978,1,True,0.533413382790412
1033,1035,0.2636363636363636,19.07525106377786,0.2272727272727273,0.32727272727272727,17.875251063777842,20.875251063777885,False,6.551105420975954,12.542569968083933,1,False,0.010481901647444192
1034,1036,0.012727272727272728,10.971226967668143,0.01090909090909091,0.015,9.671226967668147,12.871226967668136,False,17.353225221909636,23.344689769017613,1,False,3.1037110723269286e-05
1036,1038,0.3181818181818182,4.0,0.2545454545454545,0.39090909090909093,2.1,5.7,True,0.34112287469182623,6.332587421799805,1,True,0.5591817933854127
1037,1039,1.0272727272727273,15.257343010746261,0.7181818181818181,1.4,12.557343010746271,17.757343010746254,False,0.21680354923949963,6.208268096347479,1,True,0.6414863215763233
1038,1040,0.011363636363636364,9.64231553692338,0.01,0.015909090909090907,8.042315536923386,13.342315536923367,True,2.871573865473186,8.863038412581165,1,True,0.09015666472783393
1039,1041,0.06272727272727273,9.904598982813402,0.05909090909090909,0.07336363636363635,9.404598982813404,11.704598982813396,False,18.521302566720717,24.512767113828694,1,False,1.6801588818420434e-05
1041,1043,1.2363636363636363,12.783571925639581,1.1090909090909091,1.2727272727272727,11.98357192563958,12.783571925639581,False,37.17288926931387,43.16435381642185,1,False,1.0810632850504217e-09
1042,1044,0.026363636363636363,5.164094885243388,0.022727272727272728,0.02909090909090909,3.6640948852433874,6.46409488524339,True,3.4706045575264883,9.462069104634468,1,True,0.06246847586763373
1043,1045,0.2090909090909091,3.3000000000000003,0.17,0.23636363636363636,2.1,4.1000000000000005,True,9.388658146275718,15.380122693383697,1,False,0.00218331951866371
1045,1047,0.046363636363636364,14.037786945629087,0.04090909090909091,0.06272727272727273,12.837786945629091,17.437786945629075,True,3.749131336736218,9.740595883844197,1,True,0.052834962734411656
1046,1048,0.02090909090909091,3.997502657148238,0.01818181818181818,0.024545454545454544,2.5975026571482367,5.597502657148239,False,17.884759245333996,23.876223792441976,1,False,2.34693095934296e-05
1047,1049,0.11727272727272728,6.847734761485627,0.10181818181818182,0.13181818181818183,5.047734761485625,8.447734761485629,True,5.94584741665039,11.937311963758368,1,False,0.01475199739617778
1048,1050,0.08545454545454545,11.451370786345398,0.07090909090909091,0.10636363636363637,9.251370786345406,13.85137078634539,True,2.304199604554539,8.295664151662518,1,True,0.1290247282896591
1050,1052,0.014090909090909091,21.5452541929274,0.012272727272727272,0.02090909090909091,20.445254192927383,25.645254192927457,False,28.68180152739913,34.67326607450711,1,False,8.53015881598477e-08
1051,1053,0.05454545454545455,22.345263335806123,0.04454545454545455,0.07445454545454545,20.445263335806096,25.74526333580617,False,15.545761345391261,21.53722589249924,1,False,8.05320007964511e-05
1052,1054,0.02909090909090909,5.327851351561531,0.026363636363636363,0.03363636363636364,4.12785135156153,6.6278513515615325,True,10.546774808538341,16.53823935564632,1,False,0.0011639100485225707
1053,1055,0.01818181818181818,3.324495789959169,0.015454545454545453,0.02090909090909091,1.8244957899591692,4.824495789959168,False,7.459992286992447,13.451456834100426,1,False,0.006308527699699037
1054,1056,1.1636363636363636,11.512107622640595,0.6454545454545454,1.2363636363636363,6.612107622640591,11.712107622640595,False,2.220233302729437,8.211697849837416,1,True,0.13621247468951347
1055,1057,0.025454545454545455,9.859582748691196,0.019090909090909092,0.03363636363636364,7.159582748691205,12.659582748691186,True,3.5585059407442365,9.549970487852216,1,True,0.059241037573030654
1056,1058,0.09181818181818181,19.50827159168824,0.07909090909090909,0.10454545454545455,17.908271591688244,20.708271591688234,False,5.038019450382222,11.029483997490201,1,False,0.024796824549064615
1057,1059,0.02727272727272727,17.220935244626823,0.025454545454545455,0.03272727272727273,16.32093524462681,19.22093524462685,False,18.882472407909418,24.8739369550174,1,False,1.3902419053537452e-05
1059,1061,0.32727272727272727,3.9000000000000004,0.2727272727272727,0.38181818181818183,2.4000000000000004,5.2,False,9.260484983279266,15.251949530387245,1,False,0.002341510076665586
1060,1062,0.1090909090909091,11.065349822769004,0.09727272727272727,0.1190909090909091,9.765349822769009,12.165349822769,True,23.100369960559483,29.091834507667464,1,False,1.5376111149507475e-06
1061,1063,0.05,10.758475900125815,0.04818181818181819,0.05909090909090909,10.458475900125816,12.458475900125809,False,18.786683547380804,24.778148094488785,1,False,1.4618425200421625e-05
1062,1064,0.013636363636363636,3.699973109948675,0.012272727272727272,0.015454545454545453,2.4999731099486753,5.0999731099486745,False,8.769645494523523,14.761110041631502,1,False,0.0030628497271671133
1063,1065,0.02,12.151764869936253,0.017272727272727273,0.023636363636363636,10.551764869936259,13.751764869936247,False,19.262923644178848,25.25438819128683,1,False,1.1389677178767012e-05
1064,1066,0.02,13.346648828837553,0.01681818181818182,0.022727272727272728,11.44664882883756,14.44664882883755,False,18.164360365699842,24.155824912807823,1,False,2.026356210063415e-05
1065,1067,0.09090909090909091,15.667930296359774,0.07818181818181819,0.10454545454545455,13.96793029635978,17.06793029635977,False,11.015908830457889,17.00737337756587,1,False,0.0009033322485699367
1066,1068,0.026363636363636363,8.44784251614385,0.023636363636363636,0.02909090909090909,7.247842516143855,9.647842516143847,False,13.708013121996938,19.699477669104915,1,False,0.0002135414225237172
1067,1069,0.05090909090909091,3.3315972441059207,0.046363636363636364,0.06,2.231597244105921,5.03159724410592,True,8.064924532964165,14.056389080072144,1,False,0.0045130354974975756
1068,1070,0.026363636363636363,4.103399115564389,0.022727272727272728,0.02909090909090909,2.603399115564389,5.303399115564389,True,9.889317724110906,15.880782271218886,1,False,0.0016624099591369037
1069,1071,0.034545454545454546,5.051613338633774,0.02909090909090909,0.04,3.5516133386337727,6.551613338633776,True,4.95694832066773,10.948412867775708,1,False,0.02598602743946035
1070,1072,0.12818181818181817,7.133469471961451,0.11181818181818182,0.14636363636363636,5.333469471961449,8.833469471961452,True,4.060636840516283,10.052101387624262,1,False,0.04389394271877205
1071,1073,0.2545454545454545,5.438454139430131,0.2272727272727273,0.2909090909090909,4.53845413943013,6.4384541394301325,True,4.148509688331041,10.13997423543902,1,False,0.041671184757536964
1072,1074,0.06545454545454546,9.110711392217443,0.057272727272727274,0.07472727272727273,7.710711392217448,10.710711392217437,False,2.2221921597035768,8.213656706811555,1,True,0.13603977659595165
1073,1075,0.045454545454545456,12.546214020238203,0.04,0.05818181818181818,11.146214020238208,15.246214020238193,False,6.66758417565452,12.659048722762499,1,False,0.00981821855257095
1074,1076,0.2090909090909091,3.8000000000000003,0.1809090909090909,0.23636363636363636,3.0,4.6000000000000005,True,5.131221498735882,11.12268604584386,1,False,0.023499184445991
1075,1077,0.07163636363636364,6.8394050721226485,0.056363636363636366,0.08909090909090908,4.039405072122646,9.539405072122651,True,0.2326676884469608,6.22413223555494,1,True,0.6295527941281989
1076,1078,0.09454545454545454,9.33921500696832,0.08,0.1090909090909091,7.6392150069683264,10.839215006968315,False,2.9524595177808073,8.943924064888787,1,True,0.0857469688847026
1077,1079,0.07472727272727273,6.811976965728114,0.06727272727272728,0.08545454545454545,5.611976965728113,8.311976965728116,False,2.4217807227273087,8.413245269835288,1,True,0.1196588394972353
1078,1080,0.02181818181818182,20.112893628732675,0.02,0.031818181818181815,20.112893628732675,24.01289362873273,False,8.715249351037471,14.70671389814545,1,False,0.00315559254743711
1079,1081,0.33636363636363636,9.39656297150719,0.2909090909090909,0.38181818181818183,8.296562971507194,10.396562971507187,True,0.3286777431317791,6.320142290239758,1,True,0.5664387200593188
1080,1082,0.16272727272727272,6.437402066446187,0.13545454545454547,0.2090909090909091,3.837402066446184,8.43740206644619,True,0.6482037002349769,6.639668247342956,1,True,0.42075563657157156
1081,1083,0.014090909090909091,9.997973366269587,0.012272727272727272,0.01681818181818182,8.397973366269593,11.79797336626958,False,14.336652166061587,20.328116713169564,1,False,0.00015285959414272017
1082,1084,0.1590909090909091,9.585884949367207,0.14636363636363636,0.17545454545454547,8.285884949367212,10.885884949367203,True,9.389934428325878,15.381398975433857,1,False,0.0021818000895937766
1083,1085,0.3090909090909091,4.5,0.2727272727272727,0.37272727272727274,3.4000000000000004,6.1000000000000005,True,0.7751962554636096,6.766660802571589,1,True,0.37861433388083054
1084,1086,0.015454545454545453,15.450189187125266,0.013636363636363636,0.019090909090909092,13.950189187125272,17.45018918712526,False,11.388440648068428,17.379905195176406,1,False,0.0007390254171415758
1085,1087,0.15,16.59852936306521,0.12818181818181817,0.16636363636363638,14.398529363065217,18.3985293630652,True,5.404084177000337,11.395548724108316,1,False,0.02008968664219489
1086,1088,0.04818181818181819,4.7472458323974305,0.04090909090909091,0.056363636363636366,2.8472458323974292,6.447245832397432,True,8.348863643020477,14.340328190128456,1,False,0.0038592862075082254
1087,1089,0.02727272727272727,8.706154038428947,0.024545454545454544,0.030909090909090907,7.506154038428951,10.106154038428942,False,11.135221911506596,17.126686458614575,1,False,0.0008470379626987995
1089,1091,0.14454545454545453,6.818686748637205,0.13,0.15545454545454546,5.51868674863721,7.918686748637201,False,8.320477100246755,14.311941647354734,1,False,0.003920062241482828
1090,1092,0.04818181818181819,12.184553163000825,0.04090909090909091,0.05909090909090909,10.284553163000831,14.284553163000817,False,13.404186926768507,19.395651473876484,1,False,0.0002510632610956483
1091,1093,0.030909090909090907,4.691580620579545,0.02727272727272727,0.038181818181818185,3.2915806205795444,6.591580620579547,True,9.514329157415672,15.50579370452365,1,False,0.002038736214916533
