index,file_lineno,best_mass,best_AV,mass_min,mass_max,AV_min,AV_max,intersects,min_chi2,chi2_threshold,dof_gof,passes_gof,p_value
0,2,0.07363636363636364,12.173206199553432,0.04818181818181819,0.11,7.373206199553449,16.673206199553416,True,0.0023324905530802626,5.993797037661059,0,,
1,3,0.19181818181818183,10.411803300453398,0.16090909090909092,0.23636363636363636,8.611803300453404,11.811803300453393,True,0.008259068949084911,5.999723616057064,0,,
2,4,0.023636363636363636,4.800000000000001,0.02,0.028181818181818183,3.2,6.800000000000001,True,0.07731659615855915,6.068781143266539,0,,
3,5,0.11727272727272728,9.198669196533618,0.10090909090909092,0.13181818181818183,7.298669196533625,10.898669196533612,False,0.015346745758435552,6.006811292866415,0,,
4,6,0.16454545454545455,8.413133506030668,0.13363636363636364,0.2181818181818182,5.213133506030665,10.71313350603067,True,0.0009998318038169354,5.992464378911796,0,,
5,7,0.24545454545454545,16.703231391783234,0.18636363636363637,0.2909090909090909,14.80323139178324,18.203231391783227,True,0.04274186462418705,6.034206411732166,0,,
6,8,0.34545454545454546,22.74111534292461,0.3,0.4090909090909091,21.54111534292459,24.24111534292463,False,0.038045577778180545,6.029510124886159,0,,
8,10,0.07036363636363636,15.622913566249977,0.056363636363636366,0.08363636363636363,13.022913566249986,17.62291356624997,False,0.074120560248242,6.065585107356221,0,,
9,11,0.4,5.460827426923667,0.3090909090909091,0.5818181818181818,3.0608274269236677,8.460827426923666,True,0.017749849313699533,6.009214396421679,0,,
11,13,0.33636363636363636,6.172407633818541,0.3,0.38181818181818183,5.1724076338185405,7.3724076338185425,True,0.02518775370559534,6.016652300813575,0,,
12,14,0.09818181818181819,21.23741206218393,0.06909090909090909,0.12454545454545454,17.337412062183876,24.437412062183977,True,0.02009977923128591,6.011564326339265,0,,
13,15,0.02090909090909091,17.369285480560457,0.015909090909090907,0.028181818181818183,14.569285480560467,20.569285480560445,True,0.004168285616580605,5.99563283272456,0,,
14,16,0.1890909090909091,9.322346130938278,0.15545454545454546,0.23636363636363636,7.122346130938286,10.922346130938273,True,0.0005103585361681118,5.991974905644147,0,,
15,17,0.2181818181818182,10.757113347388145,0.18363636363636365,0.24545454545454545,9.65711334738815,11.657113347388142,True,0.11485849770641887,6.106323044814398,0,,
16,18,0.37272727272727274,9.40985317374247,0.3090909090909091,0.4636363636363636,7.809853173742475,11.309853173742463,True,0.021687125837270664,6.013151672945249,0,,
17,19,0.2818181818181818,16.92629672669711,0.23636363636363636,0.32727272727272727,15.626296726697113,18.3262967266971,True,0.03780433243602032,6.0292688795439995,0,,
18,20,0.12636363636363637,16.388221759161166,0.10818181818181818,0.14454545454545453,14.288221759161173,18.18822175916116,False,0.0077809858794519035,5.999245532987431,0,,
20,22,1.2454545454545454,19.84524044806419,0.9545454545454546,1.4,17.745240448064195,21.045240448064185,False,0.021079969195291166,6.0125445163032705,0,,
21,23,0.4,7.878902316761799,0.35454545454545455,0.4636363636363636,6.678902316761798,9.0789023167618,True,0.1926324244961443,6.184096971604124,0,,
22,24,0.015454545454545453,7.2428924514667825,0.013181818181818182,0.019090909090909092,5.34289245146678,9.442892451466783,True,0.03709070931744769,6.028555256425427,0,,
23,25,1.1727272727272726,17.526446432627836,0.8272727272727273,1.4,14.826446432627844,19.226446432627828,False,0.00566864408802683,5.9971331911960055,0,,
24,26,0.33636363636363636,10.346402041344028,0.2727272727272727,0.4090909090909091,8.646402041344034,12.146402041344022,True,0.012026757522918466,6.003491304630898,0,,
25,27,0.4,6.311554851335327,0.32727272727272727,0.5181818181818182,4.511554851335326,8.51155485133533,True,0.0008833085258872761,5.9923478556338665,0,,
26,28,0.17272727272727273,15.798500418995973,0.1572727272727273,0.2,14.398500418995978,16.79850041899597,True,0.04043185441017039,6.031896401518149,0,,
27,29,0.13363636363636364,10.992313873567948,0.1190909090909091,0.1481818181818182,9.492313873567953,12.492313873567943,False,0.046714421435491954,6.038178968543471,0,,
28,30,0.01,10.599509820512935,0.01,0.012272727272727272,10.199509820512937,12.599509820512928,True,0.084473512018961,6.07593805912694,0,,
29,31,0.33636363636363636,20.60695615942355,0.2909090909090909,0.4090909090909091,19.30695615942353,22.406956159423576,False,0.12794777935306315,6.119412326461042,0,,
30,32,0.3090909090909091,4.888098841522646,0.2090909090909091,0.5,1.7880988415226464,9.088098841522644,True,0.00702890222890087,5.99849344933688,0,,
32,34,0.023636363636363636,16.085031003006137,0.017727272727272727,0.03,13.185031003006147,18.785031003006125,True,0.011679909907234658,6.003144457015214,0,,
33,35,0.4,2.6,0.2545454545454545,0.8727272727272728,0.0,7.7,True,0.0011222702818555904,5.992586817389834,0,,
34,36,0.019545454545454546,10.474720951017476,0.011818181818181818,0.03272727272727273,5.374720951017494,15.374720951017459,True,0.005447315065003778,5.996911862172983,0,,
35,37,0.011818181818181818,6.670933221428229,0.01,0.013181818181818182,5.070933221428228,7.970933221428231,True,0.02111670535700892,6.0125812524649875,0,,
36,38,0.13727272727272727,14.040276843151354,0.12272727272727273,0.15,12.540276843151359,15.340276843151349,False,0.06858479038738154,6.060049337495361,0,,
37,39,0.18636363636363637,22.67292064415219,0.1590909090909091,0.2181818181818182,20.972920644152165,23.972920644152207,True,0.09000976241077072,6.081474309518749,0,,
40,42,0.02727272727272727,11.748463276434926,0.02181818181818182,0.03363636363636364,9.448463276434934,13.948463276434918,True,0.004089600741044138,5.995554147849023,0,,
41,43,0.12090909090909091,10.639280115746175,0.08,0.1590909090909091,5.939280115746191,14.53928011574616,True,0.018309963875521498,6.0097745109835,0,,
42,44,0.1390909090909091,5.925057042568983,0.12454545454545454,0.15363636363636363,4.425057042568982,7.325057042568985,False,0.018459484296301294,6.009924031404281,0,,
43,45,0.1572727272727273,9.479689928442946,0.12454545454545454,0.2,6.079689928442958,11.879689928442938,True,0.010786485555528856,6.002251032663508,0,,
44,46,0.02090909090909091,10.29103761154129,0.015909090909090907,0.02727272727272727,7.591037611541299,12.99103761154128,True,0.013081684488716714,6.004546231596696,0,,
45,47,0.1190909090909091,16.672155653625946,0.10181818181818182,0.13545454545454547,14.572155653625954,18.47215565362594,False,0.03192394093979034,6.023388488047769,0,,
46,48,0.15545454545454546,7.79934121885069,0.1390909090909091,0.17,6.199341218850687,9.29934121885069,False,0.0025882763530930505,5.994052823461072,0,,
47,49,0.02727272727272727,8.954940218880001,0.022727272727272728,0.034545454545454546,6.954940218880008,11.354940218879992,True,0.06605926825473254,6.057523815362711,0,,
48,50,0.2272727272727273,11.349574448965164,0.17272727272727273,0.2909090909090909,9.54957444896517,13.349574448965157,True,0.012949655711792452,6.004414202819771,0,,
49,51,0.049090909090909095,12.090773110188758,0.04090909090909091,0.060909090909090906,9.890773110188766,14.39077311018875,False,0.049046012810405167,6.040510559918384,0,,
50,52,0.16818181818181818,8.686046626551343,0.14454545454545453,0.2090909090909091,6.286046626551341,10.286046626551345,True,0.0038891082445786256,5.995353655352558,0,,
51,53,0.38181818181818183,6.113267616546677,0.2727272727272727,0.5818181818181818,3.013267616546674,9.61326761654668,True,0.03458669510779538,6.026051242215774,0,,
52,54,0.14272727272727273,10.285951270538394,0.12272727272727273,0.1590909090909091,8.185951270538402,11.985951270538388,False,0.04884256610220965,6.040307113210189,0,,
53,55,0.11363636363636363,7.6340667832803675,0.08636363636363636,0.1390909090909091,4.534066783280365,10.33406678328037,False,0.001441454137318568,5.992906001245298,0,,
54,56,0.09454545454545454,6.834364877894468,0.07818181818181819,0.11181818181818182,4.834364877894466,8.834364877894469,False,0.004669830309426746,5.996134377417405,0,,
55,57,0.4818181818181818,10.611968783709257,0.4090909090909091,0.6,9.111968783709262,12.41196878370925,True,0.01385899596246727,6.005323543070446,0,,
56,58,0.06818181818181819,15.611898582608177,0.05181818181818182,0.08727272727272727,12.511898582608188,18.51189858260817,True,0.0012008642663663385,5.992665411374345,0,,
57,59,0.04818181818181819,2.8000000000000003,0.03636363636363636,0.07545454545454545,0.0,7.800000000000001,True,0.017292086309168345,6.008756633417147,0,,
58,60,0.6363636363636364,9.94728881656891,0.4545454545454546,0.9727272727272728,7.047288816568921,13.1472888165689,True,0.05603182667599603,6.047496373783975,0,,
59,61,0.1972727272727273,9.80137432881457,0.1572727272727273,0.2636363636363636,7.5013743288145776,11.901374328814562,True,0.006471101029751044,5.99793564813773,0,,
61,63,0.5272727272727272,6.847436539824698,0.38181818181818183,0.8090909090909091,4.147436539824696,10.247436539824701,True,0.01923109779056131,6.01069564489854,0,,
62,64,0.024545454545454544,6.076109043436154,0.02090909090909091,0.02909090909090909,4.476109043436153,8.176109043436156,True,0.24425338061213525,6.235717927720114,0,,
63,65,0.2727272727272727,3.6,0.2181818181818182,0.34545454545454546,1.8,5.6000000000000005,True,0.009690040266324945,6.001154587374304,0,,
64,66,0.3090909090909091,8.155816847625175,0.2727272727272727,0.35454545454545455,6.955816847625174,9.355816847625176,True,0.13244127820631932,6.123905825314298,0,,
65,67,0.1390909090909091,10.169673778590916,0.1190909090909091,0.1590909090909091,7.9696737785909235,12.169673778590909,False,0.0031805249116544435,5.994645072019633,0,,
66,68,0.011363636363636364,12.328624202072174,0.01,0.013636363636363636,10.828624202072179,14.228624202072167,True,0.0494897554703341,6.040954302578313,0,,
67,69,0.01681818181818182,17.175240713470373,0.013181818181818182,0.02181818181818182,14.475240713470383,19.775240713470364,True,0.04848867959858857,6.039953226706568,0,,
69,71,0.013181818181818182,20.688812071509904,0.01,0.019545454545454546,17.388812071509918,24.88881207150989,True,0.019657639478533533,6.011122186586513,0,,
70,72,0.18636363636363637,10.930561260209556,0.16454545454545455,0.2090909090909091,9.73056126020956,11.730561260209553,True,0.04966892399130649,6.041133471099285,0,,
71,73,0.13363636363636364,8.603153823851649,0.11545454545454546,0.15,6.603153823851648,10.20315382385165,False,0.022986718643698445,6.014451265751678,0,,
72,74,0.3090909090909091,6.11809603154228,0.2545454545454545,0.37272727272727274,4.418096031542278,7.718096031542282,True,0.07819913585322952,6.069663682961209,0,,
73,75,0.014545454545454545,13.014830483057606,0.01,0.024545454545454544,8.114830483057624,17.51483048305759,True,0.009685185819749045,6.001149732927728,0,,
74,76,0.08727272727272727,13.764125093338263,0.06636363636363636,0.11181818181818182,10.464125093338275,16.564125093338255,False,0.015813781366743475,6.007278328474722,0,,
75,77,0.1409090909090909,5.299958044922509,0.11545454545454546,0.16090909090909092,2.6999580449225093,7.39995804492251,False,0.029828887783353814,6.021293434891333,0,,
77,79,0.03363636363636364,5.803397126202947,0.02909090909090909,0.04090909090909091,4.403397126202946,7.703397126202949,False,0.11361638995218784,6.105080937060167,0,,
78,80,0.08454545454545455,9.890916517935592,0.06363636363636364,0.11,6.490916517935604,12.790916517935582,False,0.002546522653727618,5.994011069761707,0,,
79,81,0.1972727272727273,8.59171927704626,0.16272727272727272,0.24545454545454545,6.7917192770462576,10.091719277046261,True,0.006586045034128679,5.998050592142108,0,,
80,82,0.6454545454545454,14.588521250017708,0.5,0.8545454545454546,12.588521250017715,16.788521250017702,True,0.012683634940644927,6.004148182048624,0,,
81,83,0.02181818181818182,12.109980821562578,0.016363636363636365,0.028181818181818183,9.309980821562588,15.009980821562568,True,0.01545404916537574,6.006918596273355,0,,
82,84,0.2818181818181818,5.803272781796172,0.24545454545454545,0.3090909090909091,4.703272781796171,6.603272781796172,True,0.1306031703085676,6.122067717416547,0,,
83,85,0.022727272727272728,15.628279216750496,0.01863636363636364,0.028181818181818183,13.528279216750503,17.828279216750488,True,0.1436896322345615,6.135154179342541,0,,
84,86,0.12454545454545454,14.043623795199691,0.10636363636363637,0.1409090909090909,11.943623795199699,15.743623795199685,False,0.04574169287707677,6.037206239985056,0,,
85,87,0.06181818181818182,13.45651472764438,0.03909090909090909,0.1,8.656514727644398,18.656514727644364,True,0.00730093098784154,5.99876547809582,0,,
87,89,0.013181818181818182,7.8874325915979835,0.011363636363636364,0.015,6.1874325915979815,9.487432591597985,True,0.013108490789347445,6.004573037897327,0,,
88,90,0.13,12.721682792865755,0.10272727272727274,0.15545454545454546,9.521682792865766,15.121682792865746,False,0.03503402664009443,6.026498573748073,0,,
89,91,0.1972727272727273,10.648338076913278,0.16454545454545455,0.23636363636363636,9.148338076913284,11.848338076913274,True,0.03712331326813449,6.028587860376113,0,,
90,92,0.14636363636363636,9.455968489348999,0.12272727272727273,0.17,7.0559684893490076,11.85596848934899,True,0.001971474935531214,5.99343602204351,0,,
92,94,0.01863636363636364,14.5716883639675,0.012272727272727272,0.03,9.971688363967516,19.371688363967483,True,0.012342469731315493,6.0038070168392945,0,,
93,95,0.5545454545454546,8.28852697706688,0.3181818181818182,1.190909090909091,3.6885269770668767,13.688526977066886,True,0.0021258665811614884,5.993590413689141,0,,
94,96,0.2181818181818182,5.208771719069216,0.1890909090909091,0.24545454545454545,4.208771719069216,6.108771719069216,False,0.24911884065574202,6.240583387763721,0,,
95,97,0.1090909090909091,11.730141981827872,0.09090909090909091,0.12272727272727273,9.63014198182788,13.330141981827866,False,0.04082861267524892,6.032293159783228,0,,
96,98,0.11727272727272728,11.177015500347808,0.08545454545454545,0.1481818181818182,7.577015500347821,14.477015500347797,True,0.007430816871596271,5.9988953639795755,0,,
97,99,0.39090909090909093,6.99769090959462,0.34545454545454546,0.4636363636363636,5.897690909594619,8.49769090959462,True,0.03513972222690644,6.026604269334886,0,,
98,100,0.37272727272727274,6.550530703892702,0.3181818181818182,0.44545454545454544,5.0505307038927,8.050530703892703,True,0.010556095392454948,6.002020642500434,0,,
99,101,0.36363636363636365,5.737495539580931,0.3,0.4545454545454546,4.037495539580929,7.737495539580933,True,0.008785351669825272,6.000249898777804,0,,
100,102,0.1409090909090909,5.376196789173178,0.10363636363636364,0.1781818181818182,1.2761967891731787,8.576196789173178,True,0.007679845235010701,5.9991443923429895,0,,
101,103,0.02727272727272727,12.722258541219894,0.022727272727272728,0.03272727272727273,10.722258541219901,14.522258541219887,True,0.015429844625218833,6.006894391733198,0,,
102,104,0.045454545454545456,4.6000000000000005,0.03363636363636364,0.05909090909090909,1.5,7.4,True,0.035829319045891,6.02729386615387,0,,
103,105,0.07954545454545454,4.5,0.05818181818181818,0.10818181818181818,0.8,7.9,True,0.006104720097247681,5.997569267205226,0,,
104,106,0.5,2.3000000000000003,0.35454545454545455,1.0363636363636364,0.0,7.4,True,0.009366149401752668,6.000830696509731,0,,
105,107,0.01,13.07488650895791,0.01,0.012727272727272728,12.774886508957911,15.474886508957901,True,0.04565464364776504,6.037119190755744,0,,
106,108,0.18363636363636365,8.35635762062967,0.1572727272727273,0.2272727272727273,6.556357620629669,9.856357620629671,True,0.044746469679640556,6.03621101678762,0,,
107,109,0.045454545454545456,11.545393052066714,0.031818181818181815,0.06636363636363636,7.945393052066727,15.6453930520667,True,0.010450530214533592,6.001915077322512,0,,
108,110,0.6181818181818182,4.5,0.34545454545454546,1.2818181818181817,0.0,9.5,True,0.000971316348742552,5.992435863456722,0,,
109,111,0.14636363636363636,13.333036862150111,0.12272727272727273,0.16636363636363638,10.83303686215012,15.333036862150104,False,0.01796417628642099,6.0094287233944,0,,
110,112,0.16090909090909092,5.6531025436053275,0.13727272727272727,0.19181818181818183,3.3531025436053277,7.353102543605327,False,0.04689084433288746,6.0383553914408665,0,,
111,113,0.10363636363636364,18.54943175133431,0.09090909090909091,0.1190909090909091,17.249431751334317,20.449431751334306,False,0.08572265665001741,6.077187203757997,0,,
112,114,0.08727272727272727,4.5,0.06,0.12090909090909091,0.2,8.4,True,0.002938720708518371,5.994403267816497,0,,
113,115,0.02909090909090909,9.912496096246713,0.023636363636363636,0.04,7.512496096246721,12.912496096246702,True,0.04225530279635474,6.033719849904334,0,,
114,116,0.08909090909090908,11.975645624675332,0.05454545454545455,0.1390909090909091,6.87564562467535,16.875645624675315,True,0.0034578196449175152,5.994922366752896,0,,
119,121,0.7454545454545455,8.347359259636944,0.4,1.4,3.5473592596369397,13.547359259636949,True,0.0028720707432302395,5.994336617851209,0,,
120,122,0.23636363636363636,7.613078358366253,0.1481818181818182,0.39090909090909093,3.313078358366249,11.813078358366255,True,0.0050115851056311955,5.99647613221361,0,,
121,123,0.14636363636363636,10.653810084794628,0.12636363636363637,0.16272727272727272,8.653810084794635,12.353810084794622,False,0.011413058383735854,6.002877605491715,0,,
122,124,0.08,7.155764776439314,0.05818181818181818,0.10818181818181818,3.3557647764393104,10.455764776439317,True,0.0010528116159371204,5.992517358723916,0,,
123,125,0.026363636363636363,13.35123113847439,0.019545454545454546,0.035454545454545454,10.2512311384744,16.551231138474378,True,0.022719339060345504,6.0141838861683246,0,,
124,126,0.2818181818181818,8.529999614258763,0.2181818181818182,0.36363636363636365,6.529999614258761,10.729999614258766,True,0.016653292102135026,6.008117839210114,0,,
126,128,0.03363636363636364,13.390263311142313,0.026363636363636363,0.04454545454545455,10.890263311142322,16.290263311142304,True,0.019316268321906943,6.010780815429886,0,,
127,129,0.024545454545454544,9.10282314749669,0.019090909090909092,0.03,6.602823147496698,11.402823147496681,True,0.03188312534449239,6.023347672452472,0,,
128,130,0.07727272727272727,7.443820398794698,0.057272727272727274,0.10272727272727274,3.9438203987946947,10.5438203987947,True,0.004140251272235927,5.9956047983802145,0,,
129,131,0.1809090909090909,9.471640094634031,0.11545454545454546,0.36363636363636365,4.471640094634049,14.471640094634013,True,0.00022585553017927078,5.9916904026381586,0,,
130,132,0.23636363636363636,4.1000000000000005,0.1890909090909091,0.2909090909090909,2.6,5.800000000000001,True,0.01394888033053252,6.005413427438511,0,,
132,134,0.08545454545454545,7.368692282524438,0.06545454545454546,0.11,4.0686922825244345,10.16869228252444,False,0.01806951246293529,6.009534059570914,0,,
133,135,0.016363636363636365,16.640909976630645,0.013181818181818182,0.02090909090909091,14.040909976630653,19.140909976630635,True,0.021412232672161798,6.012876779780141,0,,
134,136,0.2272727272727273,7.142898950883163,0.18363636363636365,0.2636363636363636,5.642898950883161,8.342898950883164,True,0.05337851228343102,6.04484305939141,0,,
135,137,0.2909090909090909,6.959804888363716,0.24545454545454545,0.36363636363636365,5.559804888363715,8.759804888363718,True,0.0036041499356186837,5.995068697043598,0,,
136,138,0.03727272727272728,14.009239008264633,0.025454545454545455,0.05818181818181818,10.009239008264647,18.909239008264613,True,0.020244468445152396,6.011709015553132,0,,
137,139,0.1390909090909091,11.377451452604538,0.11545454545454546,0.1590909090909091,8.877451452604546,13.37745145260453,False,0.027031195784498297,6.018495742892477,0,,
138,140,0.012272727272727272,16.566857822330434,0.01,0.015909090909090907,14.166857822330442,19.466857822330425,True,0.018206884628730692,6.0096714317367095,0,,
139,141,0.14454545454545453,23.91452725785383,0.09272727272727273,0.2272727272727273,18.91452725785376,28.614527257853897,True,0.008046248809005457,5.999510795916985,0,,
140,142,0.2272727272727273,12.901995608400776,0.1781818181818182,0.2727272727272727,11.201995608400782,14.401995608400771,True,0.029645311117234948,6.021109858225214,0,,
141,143,0.16636363636363638,14.140511478168877,0.1481818181818182,0.19454545454545455,12.340511478168883,15.540511478168872,True,0.024476757292137788,6.015941304400116,0,,
142,144,0.03,12.066252302770613,0.02181818181818182,0.04272727272727273,8.566252302770625,15.4662523027706,True,0.027782179430275264,6.019246726538254,0,,
143,145,0.04090909090909091,6.828461296354936,0.034545454545454546,0.04727272727272727,5.128461296354935,8.528461296354937,False,0.012477683223189432,6.003942230331169,0,,
144,146,0.04454545454545455,10.240363921365445,0.035454545454545454,0.057272727272727274,7.840363921365453,13.040363921365435,True,0.006204721185583802,5.997669268293563,0,,
145,147,0.06,14.381569467451328,0.04818181818181819,0.07363636363636364,11.981569467451337,16.78156946745132,False,0.008161857379284753,5.999626404487263,0,,
146,148,0.1972727272727273,9.179593721149068,0.16818181818181818,0.23636363636363636,7.979593721149072,10.379593721149064,True,0.0029080858643381743,5.9943726329723175,0,,
147,149,0.06545454545454546,10.951235213980874,0.049090909090909095,0.08272727272727273,7.851235213980885,13.851235213980864,True,0.014331728969500265,6.005796276077479,0,,
148,150,0.13363636363636364,12.80827508200659,0.1190909090909091,0.15181818181818182,11.208275082006596,14.508275082006584,False,0.05077196669818334,6.042236513806162,0,,
149,151,0.03,5.972361325572838,0.024545454545454544,0.04181818181818182,3.472361325572839,9.072361325572837,True,0.04274095499377085,6.0342055021017496,0,,
150,152,0.030909090909090907,12.498745939592304,0.019090909090909092,0.049090909090909095,7.498745939592322,17.098745939592288,True,0.008214298547448436,5.999678845655428,0,,
151,153,0.2272727272727273,9.505650004372363,0.16272727272727272,0.2818181818181818,6.905650004372372,11.305650004372357,True,0.09731534774027198,6.088779894848251,0,,
152,154,0.02727272727272727,5.991188751027361,0.02181818181818182,0.03636363636363636,3.5911887510273592,8.991188751027364,True,0.03696709129058145,6.02843163839856,0,,
153,155,0.030909090909090907,11.50019691987412,0.024545454545454544,0.04181818181818182,8.80019691987413,14.40019691987411,True,0.006598519065804717,5.998063066173784,0,,
154,156,0.2,12.243478366584997,0.17,0.23636363636363636,11.143478366585,13.343478366584993,True,0.0012938502581102966,5.99275839736609,0,,
156,158,0.014090909090909091,15.326065157185266,0.011818181818181818,0.017727272727272727,13.326065157185273,17.826065157185255,True,0.016925369627677773,6.0083899167356565,0,,
157,159,0.056363636363636366,11.80360118027602,0.034545454545454546,0.09272727272727273,7.003601180276037,17.003601180276,True,0.0068287013679309205,5.99829324847591,0,,
158,160,0.12272727272727273,27.64523809095915,0.08818181818181818,0.15181818181818182,23.845238090959096,30.44523809095919,True,0.010165005258404873,6.001629552366384,0,,
159,161,0.2636363636363636,12.680717687090716,0.2272727272727273,0.3181818181818182,11.48071768709072,14.180717687090711,True,0.028344824802245323,6.019809371910225,0,,
160,162,0.4636363636363636,16.41426226515346,0.36363636363636365,0.6363636363636364,14.414262265153466,19.014262265153448,True,0.0036672152478376017,5.9951317623558165,0,,
161,163,0.10454545454545455,6.155996003329871,0.07909090909090909,0.12636363636363637,3.255996003329868,8.755996003329873,False,0.0076582679707482984,5.999122815078727,0,,
162,164,0.13727272727272727,17.6906479631559,0.1090909090909091,0.16272727272727272,14.69064796315591,20.29064796315589,True,0.0035149666262465034,5.994979513734226,0,,
163,165,0.16272727272727272,25.74713927086416,0.13545454545454547,0.2,22.94713927086412,27.74713927086419,True,0.07836094594236392,6.069825493050343,0,,
164,166,0.17,15.71476978988312,0.15181818181818182,0.2,13.714769789883126,16.814769789883115,True,0.06586288269806434,6.057327429806043,0,,
165,167,0.045454545454545456,12.857064539547322,0.03909090909090909,0.05181818181818182,11.157064539547328,14.457064539547316,False,0.03575511131579906,6.027219658423778,0,,
166,168,0.10272727272727274,21.519849182619645,0.07,0.13545454545454547,17.219849182619583,25.119849182619696,True,0.010309005205737864,6.001773552313717,0,,
167,169,0.17545454545454547,9.169781844421776,0.13727272727272727,0.24545454545454545,5.569781844421788,11.569781844421767,True,0.005670651687628547,5.997135198795608,0,,
168,170,0.03363636363636364,22.02976288164126,0.024545454545454544,0.04727272727272727,18.729762881641214,25.629762881641312,True,0.011109178813239487,6.002573725921218,0,,
169,171,0.4636363636363636,23.717813906828027,0.4,0.5636363636363636,22.51781390682801,25.31781390682805,False,0.03205622762035343,6.023520774728333,0,,
170,172,0.1190909090909091,9.919164417673988,0.10636363636363637,0.13,8.419164417673993,11.219164417673984,False,0.12538845124461054,6.11685299835259,0,,
171,173,0.053636363636363635,21.108787183254755,0.03909090909090909,0.07772727272727273,17.508787183254704,25.308787183254815,True,0.014849400453368692,6.006313947561348,0,,
172,174,0.11363636363636363,11.597477683195176,0.09272727272727273,0.13363636363636364,9.197477683195185,13.797477683195169,False,0.10451261433034821,6.095977161438327,0,,
173,175,0.2909090909090909,8.207521596892454,0.24545454545454545,0.33636363636363636,6.707521596892452,9.507521596892454,True,0.11047337618944639,6.101937923297426,0,,
174,176,0.4090909090909091,3.5,0.2545454545454545,0.8545454545454546,0.0,8.6,True,0.000362362808167858,5.9918269099161465,0,,
175,177,0.15545454545454546,14.16461641370584,0.1390909090909091,0.17272727272727273,12.464616413705846,15.764616413705834,False,0.07203508506232861,6.063499632170307,0,,
176,178,0.04727272727272727,9.9146518313572,0.03636363636363636,0.06545454545454546,6.91465183135721,13.514651831357186,True,0.011479128308408639,6.002943675416388,0,,
177,179,0.13545454545454547,22.49062623176298,0.1090909090909091,0.1590909090909091,19.49062623176294,24.790626231763014,True,0.0018486923314743723,5.993313239439454,0,,
178,180,0.2636363636363636,8.000550603996945,0.2,0.3181818181818182,6.000550603996942,9.600550603996947,True,0.06275364898104635,6.054218196089026,0,,
180,182,0.19181818181818183,10.424347184065791,0.16636363636363638,0.2181818181818182,9.224347184065795,11.324347184065788,True,0.050776825867349565,6.042241372975329,0,,
181,183,0.17545454545454547,10.322987064420266,0.1190909090909091,0.3090909090909091,5.422987064420283,14.62298706442025,True,0.00454068932504151,5.996005236433021,0,,
182,184,0.08454545454545455,4.800000000000001,0.05181818181818182,0.13363636363636364,0.0,9.700000000000001,True,0.002353156626571247,5.993817703734551,0,,
183,185,0.15545454545454546,5.393791085082511,0.13363636363636364,0.18363636363636365,3.2937910850825114,7.39379108508251,False,0.01815710614059193,6.009621653248571,0,,
184,186,0.02727272727272727,6.6321281999159725,0.019545454545454546,0.04090909090909091,3.232128199915969,10.632128199915975,True,0.013012710985414799,6.004477258093394,0,,
185,187,0.028181818181818183,13.000513985169542,0.023636363636363636,0.03636363636363636,10.90051398516955,15.500513985169533,True,0.006362454006022533,5.997827001114001,0,,
186,188,0.2,7.777209038205602,0.15363636363636363,0.2818181818181818,4.877209038205599,10.277209038205605,True,0.025440363016711084,6.0169049101246905,0,,
187,189,0.12272727272727273,11.810363769386898,0.1,0.14454545454545453,9.110363769386908,14.01036376938689,False,0.11636765266930954,6.107832199777288,0,,
188,190,0.03,6.948609127611982,0.024545454545454544,0.038181818181818185,4.5486091276119796,9.048609127611984,True,0.11360377516466832,6.105068322272647,0,,
189,191,0.1090909090909091,13.171782634498646,0.08636363636363636,0.13363636363636364,10.671782634498655,15.971782634498636,False,0.062260016023388,6.053724563131367,0,,
190,192,0.37272727272727274,5.645552799612218,0.3181818181818182,0.44545454545454544,4.345552799612218,7.245552799612217,True,0.03049954506222015,6.021964092170199,0,,
191,193,0.035454545454545454,12.44914051472397,0.028181818181818183,0.04363636363636364,10.249140514723978,14.549140514723963,True,0.02327914015164464,6.014743687259624,0,,
192,194,0.5545454545454546,1.9000000000000001,0.4090909090909091,1.090909090909091,0.0,6.7,True,0.0057550980383632025,5.997219645146342,0,,
193,195,0.04181818181818182,14.392967905194407,0.031818181818181815,0.057272727272727274,11.692967905194417,17.892967905194396,True,0.025883110576633145,6.0173476576846125,0,,
194,196,0.02909090909090909,4.2,0.023636363636363636,0.03636363636363636,1.8,6.300000000000001,True,0.0495584011196987,6.041022948227678,0,,
195,197,0.019090909090909092,9.080402662930952,0.015,0.024545454545454544,6.680402662930961,11.580402662930943,True,0.00560004266078825,5.997064589768767,0,,
196,198,0.04181818181818182,11.022228570332095,0.02909090909090909,0.05909090909090909,7.422228570332107,14.92222857033208,True,0.019302917863273848,6.010767464971253,0,,
197,199,0.35454545454545455,7.142629944654708,0.32727272727272727,0.4,6.342629944654707,8.342629944654709,True,0.3570198693209585,6.348484416428938,0,,
198,200,0.09727272727272727,15.154708224950221,0.06363636363636364,0.13545454545454547,10.254708224950239,19.454708224950206,True,0.0034620875563100856,5.9949266346642895,0,,
199,201,0.33636363636363636,11.716885675070026,0.2909090909090909,0.38181818181818183,10.316885675070031,12.916885675070022,True,0.13628618900831851,6.1277507361162975,0,,
200,202,0.026363636363636363,15.454373907983614,0.02090909090909091,0.031818181818181815,12.954373907983623,17.554373907983607,True,0.07778640471230888,6.069250951820288,0,,
201,203,0.1890909090909091,8.962149811872617,0.16272727272727272,0.2181818181818182,7.562149811872622,9.962149811872614,True,0.017097051175824843,6.008561598283804,0,,
202,204,0.022727272727272728,12.181279225852144,0.01818181818181818,0.028181818181818183,9.881279225852152,14.581279225852136,True,0.032580281781028966,6.024044828889008,0,,
203,205,0.057272727272727274,6.877547467177948,0.04272727272727273,0.07545454545454545,3.577547467177945,10.07754746717795,True,0.012679599838288334,6.004144146946268,0,,
204,206,0.1481818181818182,8.655480560524806,0.12636363636363637,0.1781818181818182,6.555480560524813,11.155480560524797,True,0.057326128887177266,6.048790675995156,0,,
205,207,0.5181818181818182,4.3,0.3,1.090909090909091,0.0,9.5,True,0.0024453119484942115,5.993909859056473,0,,
206,208,0.10636363636363637,8.748074309168171,0.07,0.14636363636363636,3.948074309168167,12.948074309168176,True,0.005763473289396788,5.997228020397376,0,,
207,209,0.028181818181818183,17.83937076039138,0.017272727272727273,0.04818181818181819,13.039370760391396,23.03937076039136,True,0.0030193616898167206,5.994483908797796,0,,
208,210,0.2545454545454545,8.771055964286228,0.16636363636363638,0.38181818181818183,5.571055964286225,12.171055964286232,True,0.01256617371713203,6.004030720825111,0,,
209,211,0.18636363636363637,9.315894520575624,0.12818181818181817,0.3090909090909091,4.515894520575641,13.11589452057561,True,0.013240006829956586,6.004704553937936,0,,
210,212,0.02,10.399731101932078,0.016363636363636365,0.024545454545454544,8.299731101932085,12.49973110193207,True,0.00406472979022625,5.995529276898205,0,,
211,213,0.08090909090909092,30.44526333580624,0.06636363636363636,0.08454545454545455,28.045263335806204,30.44526333580624,False,4.134944752495723,10.1264092996037,0,,
212,214,0.6727272727272727,7.186456691315645,0.37272727272727274,1.4,2.5864566913156413,12.58645669131565,True,0.00017882806823802603,5.991643375176217,0,,
213,215,0.39090909090909093,3.2,0.2818181818181818,0.6363636363636364,0.4,7.1000000000000005,True,0.003643266162361037,5.99510781327034,0,,
214,216,0.07445454545454545,30.44526333580624,0.03909090909090909,0.08272727272727273,23.045263335806133,30.44526333580624,False,0.43240917329019113,6.42387372039817,0,,
215,217,0.1409090909090909,12.517508732866268,0.12454545454545454,0.1572727272727273,10.817508732866274,14.217508732866262,False,0.004483007086377107,5.995947554194356,0,,
216,218,0.05,5.191948053362412,0.04272727272727273,0.06,3.191948053362413,6.991948053362412,False,0.08283087884708784,6.074295425955067,0,,
217,219,0.7454545454545455,29.84526333580623,0.5636363636363636,0.8454545454545455,27.6452633358062,30.44526333580624,False,0.044316754928887314,6.035781302036867,0,,
218,220,0.04181818181818182,6.7565631509239745,0.03272727272727273,0.05181818181818182,4.456563150923973,9.356563150923977,True,0.0024001716508236645,5.993864718758803,0,,
219,221,0.33636363636363636,3.4000000000000004,0.24545454545454545,0.4727272727272727,0.9,6.300000000000001,True,0.016569045104182334,6.008033592212161,0,,
220,222,0.11363636363636363,7.074456568560271,0.07,0.16454545454545455,1.9744565685602664,11.974456568560274,True,0.012213177182567042,6.003677724290546,0,,
221,223,0.33636363636363636,11.962946158732684,0.19181818181818183,0.6363636363636364,7.762946158732699,17.062946158732665,True,0.004924271207206142,5.996388818315185,0,,
222,224,0.5363636363636364,7.042279766211472,0.3090909090909091,1.1818181818181819,2.7422797662114675,12.742279766211476,True,0.0038064270896123018,5.995270974197592,0,,
223,225,0.11181818181818182,15.01216844608471,0.09,0.13,12.612168446084718,17.0121684460847,False,0.01188143263803704,6.003345979746016,0,,
224,226,0.06818181818181819,13.27343325008918,0.05,0.09272727272727273,9.873433250089192,16.873433250089168,True,0.020842857450280215,6.01230740455826,0,,
225,227,0.06636363636363636,8.962317210198698,0.04727272727272727,0.09,5.162317210198694,12.662317210198701,True,0.04911019037043539,6.040574737478415,0,,
227,229,0.17545454545454547,11.237551128702599,0.13545454545454547,0.2545454545454545,7.537551128702612,13.937551128702589,True,0.0031743633235231192,5.994638910431502,0,,
228,230,0.09636363636363636,11.133389228694687,0.06,0.14454545454545453,6.133389228694705,16.133389228694668,True,0.0009991207127293272,5.992463667820708,0,,
229,231,0.17272727272727273,13.094510138140127,0.1409090909090909,0.2272727272727273,10.094510138140137,15.09451013814012,True,0.032908371967220025,6.024372919075199,0,,
230,232,0.049090909090909095,10.366650917689553,0.03909090909090909,0.06363636363636364,7.766650917689562,13.166650917689543,True,0.0026024014315198544,5.994066948539499,0,,
231,233,0.01818181818181818,8.63591861932265,0.01090909090909091,0.02909090909090909,3.335918619322646,13.335918619322655,True,0.00861812605104231,6.000082673159022,0,,
232,234,0.08272727272727273,19.057670804067058,0.05818181818181818,0.11181818181818182,14.957670804067073,22.557670804067044,True,0.015925487157316273,6.0073900342652955,0,,
233,235,0.33636363636363636,9.626213385469086,0.3,0.38181818181818183,8.726213385469089,10.826213385469082,True,0.2280404166601979,6.219504963768177,0,,
234,236,0.07818181818181819,12.017560838530438,0.06272727272727273,0.10090909090909092,9.417560838530447,14.717560838530428,False,0.013793618963950137,6.005258166071929,0,,
235,237,0.37272727272727274,5.274412577410032,0.3,0.4727272727272727,3.374412577410032,7.274412577410032,True,0.002771441694220799,5.9942359888022,0,,
236,238,0.23636363636363636,24.13730017908691,0.2090909090909091,0.2727272727272727,23.237300179086898,25.337300179086927,False,0.06689138431309036,6.05835593142107,0,,
237,239,0.16636363636363638,13.619510410703082,0.14636363636363636,0.2,11.719510410703089,15.119510410703077,True,0.006181336586550452,5.9976458836945294,0,,
238,240,0.6363636363636364,6.836808431811805,0.34545454545454546,1.3454545454545455,2.036808431811801,12.03680843181181,True,0.003789015555291709,5.995253562663271,0,,
239,241,0.053636363636363635,13.806595070194692,0.045454545454545456,0.06363636363636364,11.9065950701947,15.706595070194686,False,0.05616965816957259,6.047634205277552,0,,
240,242,0.03,15.2589929536369,0.025454545454545455,0.04,13.258992953636907,17.858992953636893,True,0.06241686219597467,6.053881409303954,0,,
241,243,0.05272727272727273,4.800000000000001,0.04272727272727273,0.06454545454545454,2.4000000000000004,6.9,False,0.06204718713316061,6.053511734241139,0,,
242,244,0.038181818181818185,18.044734709008523,0.02909090909090909,0.05,15.444734709008532,21.14473470900851,True,0.004347503594127071,5.995812050702106,0,,
244,246,0.04,5.427854900847916,0.03363636363636364,0.046363636363636364,3.727854900847917,7.127854900847916,False,0.14761170096048104,6.13907624806846,0,,
245,247,0.4909090909090909,1.2000000000000002,0.39090909090909093,0.9727272727272728,0.0,6.0,True,0.0014382665649838098,5.992902813672963,0,,
246,248,0.4,7.204572673071689,0.34545454545454546,0.4545454545454546,5.904572673071687,8.204572673071688,True,0.24606040004369528,6.237524947151674,0,,
247,249,0.32727272727272727,8.031347422904373,0.24545454545454545,0.44545454545454544,5.731347422904371,10.731347422904376,True,0.031011312855366707,6.022475859963346,0,,
248,250,0.24545454545454545,16.710449513262745,0.18363636363636365,0.2909090909090909,14.710449513262754,18.110449513262743,True,0.12315309407287842,6.114617641180858,0,,
249,251,0.24545454545454545,4.2,0.2,0.3,2.8000000000000003,5.800000000000001,True,0.061147168968727864,6.052611716076707,0,,
250,252,0.3,3.9000000000000004,0.2727272727272727,0.35454545454545455,3.0,5.2,True,0.030704298974530017,6.022168846082509,0,,
251,253,0.509090909090909,24.20317928529933,0.4,0.7454545454545455,22.1031792852993,27.303179285299375,False,0.00703349959393418,5.998498046701913,0,,
253,255,0.08363636363636363,5.638031386703559,0.06727272727272728,0.10818181818181818,3.0380313867035564,8.43803138670356,False,0.03598318095990442,6.027447728067884,0,,
254,256,0.3,18.22969913238989,0.2272727272727273,0.38181818181818183,15.9296991323899,20.329699132389884,True,0.08145960718280755,6.072924154290787,0,,
255,257,0.030909090909090907,7.123085258845362,0.02727272727272727,0.03636363636363636,5.623085258845361,8.523085258845363,False,0.02539249660996274,6.016857043717942,0,,
256,258,0.12636363636363637,12.51280112701663,0.10727272727272727,0.14454545454545453,10.312801127016638,14.412801127016623,False,0.06202090279873462,6.053485449906714,0,,
257,259,0.2727272727272727,14.995761353864525,0.2272727272727273,0.32727272727272727,13.59576135386453,16.595761353864518,True,0.08594140911596335,6.077405956223942,0,,
258,260,0.06272727272727273,30.44526333580624,0.05,0.06545454545454546,28.145263335806206,30.44526333580624,False,13.930038921506119,19.921503468614098,0,,
259,261,0.19181818181818183,11.679622665218256,0.17,0.2090909090909091,10.879622665218259,12.379622665218253,False,0.1523944959408633,6.143859043048843,0,,
261,263,0.32727272727272727,17.980730056548673,0.2909090909090909,0.37272727272727274,16.980730056548676,19.18073005654867,False,0.00919269153654161,6.0006572386445205,0,,
262,264,0.2818181818181818,6.39865060568712,0.24545454545454545,0.33636363636363636,5.2986506056871185,7.898650605687122,True,0.08196600671826886,6.073430553826248,0,,
263,265,0.16272727272727272,9.700963299313889,0.14636363636363636,0.1890909090909091,8.000963299313895,11.100963299313884,False,0.016392248004126562,6.007856795112105,0,,
265,267,0.1590909090909091,22.095753792719613,0.14636363636363636,0.17,20.795753792719594,23.29575379271963,False,0.2411041031134584,6.232568650221437,0,,
266,268,0.5,15.489698893233344,0.4090909090909091,0.6636363636363636,13.68969889323335,17.689698893233334,True,0.005251129092212668,5.996715676200192,0,,
267,269,0.038181818181818185,6.466947563675954,0.030909090909090907,0.04727272727272727,4.466947563675953,8.866947563675957,True,0.04980924842055835,6.041273795528538,0,,
268,270,0.16636363636363638,21.145901483066122,0.14636363636363636,0.1972727272727273,19.045901483066093,22.645901483066144,True,0.023388469333573816,6.014853016441553,0,,
269,271,0.4,3.7,0.3090909090909091,0.6,1.4000000000000001,7.0,True,0.0163973532569224,6.007861900364902,0,,
270,272,0.02909090909090909,12.042585333913035,0.02181818181818182,0.03909090909090909,8.942585333913046,14.942585333913025,True,0.03820733236178796,6.029671879469767,0,,
271,273,0.2909090909090909,21.18868019497621,0.2545454545454545,0.34545454545454546,20.088680194976195,22.58868019497623,False,0.02192861412107424,6.013393161229053,0,,
272,274,0.07909090909090909,6.289864500642725,0.06,0.10363636363636364,3.089864500642722,9.189864500642727,False,0.0052348289357702586,5.9966993760437495,0,,
274,276,0.16636363636363638,13.533763345877693,0.15181818181818182,0.1890909090909091,12.033763345877698,14.63376334587769,False,0.06523151805072662,6.056696065158706,0,,
275,277,0.02,12.50491905662548,0.017727272727272727,0.024545454545454544,11.204919056625485,14.504919056625473,True,0.09175060938865509,6.083215156496634,0,,
276,278,0.028181818181818183,3.4000000000000004,0.024545454545454544,0.034545454545454546,1.8,5.300000000000001,True,0.04599189196155595,6.037456439069535,0,,
277,279,0.4545454545454546,3.1,0.2909090909090909,0.9454545454545454,0.0,8.200000000000001,True,0.002073340758763439,5.993537887866743,0,,
279,281,0.2545454545454545,14.260990580229096,0.2090909090909091,0.3090909090909091,12.760990580229102,15.96099058022909,True,0.018247495866449182,6.009712042974428,0,,
280,282,0.013181818181818182,15.277730408073621,0.01,0.017272727272727273,12.277730408073632,18.17773040807361,True,0.05812978224995951,6.049594329357938,0,,
281,283,0.08636363636363636,11.418940260798664,0.06545454545454546,0.11545454545454546,8.218940260798675,14.818940260798652,True,0.028597387149181832,6.020061934257161,0,,
282,284,0.16636363636363638,13.802150436010178,0.15545454545454546,0.18636363636363637,12.502150436010183,14.702150436010175,False,0.08589715550238743,6.077361702610366,0,,
283,285,0.23636363636363636,7.076723586306759,0.19454545454545455,0.2727272727272727,5.676723586306757,8.27672358630676,True,0.1606611943254582,6.152125741433437,0,,
284,286,0.4181818181818182,3.9000000000000004,0.24545454545454545,0.8636363636363636,0.0,8.8,True,0.0012364670755806496,5.9927010141835595,0,,
285,287,0.1972727272727273,20.473549434495872,0.1572727272727273,0.2545454545454545,18.273549434495884,22.373549434495867,True,0.06331975466707922,6.054784301775058,0,,
286,288,0.4090909090909091,10.295484943053797,0.34545454545454546,0.4909090909090909,8.795484943053802,11.895484943053791,True,0.020635897704722156,6.012100444812702,0,,
287,289,0.04454545454545455,5.665626225205699,0.031818181818181815,0.06181818181818182,2.3656262252056997,9.365626225205698,True,0.003467803195776941,5.994932350303756,0,,
288,290,0.012727272727272728,6.356163433149059,0.01,0.017727272727272727,3.856163433149057,9.956163433149062,True,0.04263671644516856,6.034101263553148,0,,
289,291,0.4636363636363636,7.655389902410075,0.37272727272727274,0.6,5.655389902410073,9.755389902410077,True,0.038802505188068714,6.030267052296048,0,,
290,292,0.03,3.6,0.025454545454545455,0.03727272727272728,1.6,5.5,True,0.028873958260767156,6.020338505368747,0,,
291,293,0.01681818181818182,6.992144577152694,0.014090909090909091,0.02090909090909091,5.092144577152693,9.392144577152695,True,0.033165960451007274,6.024630507558986,0,,
292,294,0.7181818181818181,4.0,0.4090909090909091,1.4,0.0,9.1,True,0.00046624863760318694,5.991930795745582,0,,
293,295,0.3,3.2,0.2636363636363636,0.35454545454545455,2.1,4.6000000000000005,True,0.021445284592466266,6.012909831700445,0,,
294,296,0.9454545454545454,9.683178675672716,0.4727272727272727,1.4,5.183178675672732,13.883178675672701,True,0.00032037358833028644,5.991784920696309,0,,
296,298,0.1390909090909091,19.637475615505032,0.11727272727272728,0.15545454545454546,17.337475615505042,21.437475615505026,False,0.10401267943722396,6.095477226545203,0,,
297,299,0.33636363636363636,3.2,0.2272727272727273,0.5363636363636364,0.1,7.2,True,0.0017619563972363283,5.993226503505215,0,,
298,300,0.44545454545454544,8.839752810880086,0.37272727272727274,0.5454545454545454,7.239752810880085,10.439752810880087,True,0.030881286951673755,6.022345834059653,0,,
299,301,0.3090909090909091,6.991151160041937,0.24545454545454545,0.4090909090909091,4.891151160041936,9.39115116004194,True,0.010599435150102803,6.002063982258082,0,,
300,302,0.12090909090909091,11.177645746662213,0.09090909090909091,0.1481818181818182,7.977645746662224,13.977645746662203,False,0.00216322237223765,5.9936277694802165,0,,
302,304,0.9363636363636364,10.875710183781232,0.5454545454545454,1.4,6.575710183781247,14.37571018378122,True,0.0008309781177141638,5.9922955252256935,0,,
303,305,0.011818181818181818,7.0403242645045045,0.01,0.013181818181818182,5.440324264504503,8.340324264504506,True,0.06723546503506508,6.058700012143044,0,,
304,306,0.1,13.64584801590918,0.08454545454545455,0.11545454545454546,12.045848015909186,15.545848015909174,False,0.011499532126692073,6.002964079234671,0,,
305,307,0.36363636363636365,5.0,0.3090909090909091,0.4272727272727273,3.6,6.4,True,0.07390378765871075,6.06536833476669,0,,
306,308,0.16818181818181818,5.123155339234205,0.1409090909090909,0.2272727272727273,2.323155339234206,7.2231553392342045,True,0.01469180536472438,6.006156352472703,0,,
307,309,0.2272727272727273,4.800000000000001,0.16818181818181818,0.2909090909090909,2.7,6.7,True,0.01926654833382473,6.010731095441804,0,,
308,310,0.3090909090909091,13.544334465327285,0.2636363636363636,0.36363636363636365,12.04433446532729,15.04433446532728,True,0.10502293776069702,6.096487484868676,0,,
309,311,0.15181818181818182,7.6593217791242525,0.13545454545454547,0.16818181818181818,6.05932177912425,9.359321779124254,False,0.016560435681050926,6.00802498278903,0,,
310,312,0.609090909090909,7.806433855372358,0.4272727272727273,1.0,4.806433855372355,11.606433855372362,True,0.001157765558859062,5.992622312666838,0,,
311,313,1.1727272727272726,5.625728868277161,0.5636363636363636,1.4,0.825728868277162,8.22572886827716,True,0.0011473295745778177,5.992611876682557,0,,
312,314,0.18363636363636365,9.258377801299615,0.15181818181818182,0.23636363636363636,6.758377801299623,11.058377801299608,True,0.02839129360078188,6.019855840708761,0,,
313,315,0.09727272727272727,10.297229969524217,0.07545454545454545,0.11545454545454546,7.597229969524227,12.49722996952421,False,0.03141691790003856,6.022881465008018,0,,
314,316,0.2636363636363636,13.130797436637051,0.2090909090909091,0.3090909090909091,11.630797436637057,14.530797436637046,True,0.06350162781959652,6.054966174927576,0,,
315,317,0.3,1.7000000000000002,0.2272727272727273,0.509090909090909,0.0,6.1000000000000005,True,0.005932302287902573,5.997396849395882,0,,
316,318,0.14272727272727273,7.85041955629548,0.12636363636363637,0.15545454545454546,6.150419556295478,9.150419556295482,False,0.057822806746005984,6.049287353853985,0,,
317,319,0.2272727272727273,7.630924877809834,0.18636363636363637,0.2818181818181818,6.230924877809833,9.430924877809836,True,0.17855702656858088,6.17002157367656,0,,
318,320,0.028181818181818183,17.481713110090652,0.02090909090909091,0.04181818181818182,14.181713110090662,21.281713110090635,True,0.005280397523639827,5.996744944631619,0,,
319,321,0.19181818181818183,8.223817006376933,0.1590909090909091,0.24545454545454545,6.323817006376931,9.923817006376934,True,0.012447809026065527,6.003912356134045,0,,
320,322,0.2272727272727273,7.8529461651848536,0.19181818181818183,0.2636363636363636,6.6529461651848525,8.952946165184855,True,0.08975554035468558,6.081220087462665,0,,
321,323,0.056363636363636366,21.190787438648677,0.04090909090909091,0.07909090909090909,17.590787438648626,25.190787438648734,True,0.0020379172448010373,5.99350246435278,0,,
322,324,0.2636363636363636,10.170390149431748,0.2272727272727273,0.2909090909090909,9.070390149431752,10.970390149431745,True,0.1356792885978217,6.127143835705801,0,,
323,325,0.1190909090909091,10.338790707525606,0.10363636363636364,0.13727272727272727,8.438790707525612,12.238790707525599,False,0.15552339576202945,6.146987942870009,0,,
324,326,0.2,3.8000000000000003,0.1781818181818182,0.23636363636363636,3.0,4.9,False,0.19620016012313515,6.187664707231114,0,,
326,328,0.2181818181818182,14.35859326105529,0.18363636363636365,0.24545454545454545,13.158593261055294,15.258593261055287,True,0.02656210493641916,6.018026652044398,0,,
327,329,0.18363636363636365,14.351412995524486,0.15545454545454546,0.2181818181818182,12.251412995524493,15.451412995524482,True,0.060911963971212096,6.052376511079191,0,,
328,330,0.2909090909090909,2.2,0.2181818181818182,0.4,0.0,5.0,True,0.028542687107278444,6.0200072342152575,0,,
329,331,0.019090909090909092,8.238424173012277,0.015909090909090907,0.022727272727272728,6.338424173012275,10.038424173012277,True,0.0006904104390577278,5.9921549575470365,0,,
330,332,0.02909090909090909,5.087423848000257,0.025454545454545455,0.03636363636363636,3.387423848000257,7.1874238480002575,True,0.050580021154285136,6.0420445682622645,0,,
331,333,0.11727272727272728,10.286827281645577,0.08363636363636363,0.15,6.386827281645591,13.586827281645565,True,0.0027032536496739033,5.994167800757653,0,,
332,334,1.2636363636363637,10.794919450599364,0.6454545454545454,1.4,6.39491945059938,12.594919450599358,True,7.887653416235863e-05,5.991543423642141,0,,
333,335,0.12636363636363637,10.522899200100614,0.10727272727272727,0.14454545454545453,8.422899200100622,12.322899200100608,False,0.09323227658442229,6.0846968236924015,0,,
334,336,0.14272727272727273,12.503034281654056,0.12272727272727273,0.16272727272727272,10.603034281654063,14.603034281654049,False,0.00784998559353244,5.999314532701511,0,,
335,337,0.2181818181818182,14.45096040962699,0.1809090909090909,0.2636363636363636,13.150960409626995,16.050960409626985,True,0.08021188183532806,6.071676428943307,0,,
336,338,0.2272727272727273,4.874525904821931,0.1890909090909091,0.2636363636363636,3.6745259048219308,6.074525904821931,True,0.1613080197900204,6.152772566897999,0,,
337,339,0.4090909090909091,3.5,0.2636363636363636,0.8363636363636364,0.0,8.700000000000001,True,0.004514596960466155,5.995979144068445,0,,
338,340,0.05454545454545455,20.24098881851105,0.04363636363636364,0.07254545454545454,17.74098881851106,23.54098881851104,True,0.08042899369673757,6.071893540804717,0,,
339,341,0.2545454545454545,4.4,0.2181818181818182,0.2909090909090909,3.3000000000000003,5.5,True,0.04435057002013163,6.03581511712811,0,,
340,342,0.13727272727272727,10.957641540102513,0.12272727272727273,0.15181818181818182,9.457641540102518,12.357641540102508,False,0.013797646710842711,6.0052621938188215,0,,
341,343,1.0,8.636444180959447,0.5909090909090908,1.4,4.536444180959462,11.536444180959437,True,0.005746767643518823,5.997211314751498,0,,
342,344,0.990909090909091,0.9,0.790909090909091,1.4,0.0,4.3,True,0.001047155129533453,5.992511702237512,0,,
343,345,0.015,19.329789542426777,0.011363636363636364,0.02090909090909091,15.92978954242679,22.629789542426764,True,0.03025789089901866,6.021722438006997,0,,
344,346,0.2090909090909091,10.064161564578832,0.1809090909090909,0.24545454545454545,9.064161564578836,11.264161564578828,True,0.12699237382927717,6.118456920937256,0,,
345,347,0.4090909090909091,4.6000000000000005,0.2818181818181818,0.6545454545454545,1.5,8.5,True,0.023759429416003695,6.015223976523982,0,,
346,348,0.13363636363636364,8.076902070586463,0.11727272727272728,0.14636363636363636,6.276902070586463,9.276902070586466,False,0.13654389439394551,6.128008441501924,0,,
347,349,0.17,8.062116795787329,0.15,0.2,6.062116795787326,9.262116795787328,False,0.05678777629933671,6.048252323407316,0,,
348,350,0.03,9.186773828356511,0.026363636363636363,0.03727272727272728,7.586773828356517,11.086773828356504,False,0.03795135884919396,6.029415905957173,0,,
349,351,0.2090909090909091,7.876738904718747,0.1781818181818182,0.23636363636363636,6.776738904718745,8.676738904718746,False,0.08796146626921306,6.0794260133771925,0,,
350,352,0.4545454545454546,1.8,0.33636363636363636,0.9636363636363636,0.0,7.0,True,0.00504702582082712,5.9965115729288065,0,,
351,353,0.08909090909090908,18.940646509500006,0.07681818181818181,0.10363636363636364,17.140646509500016,20.440646509500002,False,0.12100968430572942,6.112474231413708,0,,
352,354,0.028181818181818183,16.387725912068156,0.022727272727272728,0.03636363636363636,13.887725912068163,18.787725912068147,True,0.032209982997632065,6.023674530105611,0,,
354,356,0.1572727272727273,11.65282396713086,0.13727272727272727,0.18363636363636365,9.652823967130868,13.452823967130854,True,0.009155855662792393,6.000620402770771,0,,
355,357,0.04363636363636364,11.327458986579535,0.03636363636363636,0.05090909090909091,9.527458986579541,13.227458986579528,False,0.07262525628345444,6.064089803391433,0,,
357,359,0.15363636363636363,8.892678503954775,0.14272727272727273,0.16454545454545455,7.892678503954778,9.992678503954771,False,0.06911672294709978,6.060581270055079,0,,
358,360,0.6636363636363636,5.662797323210292,0.33636363636363636,1.4,0.8627973232102928,10.862797323210291,True,0.00018233839858989385,5.991646885506569,0,,
359,361,0.2272727272727273,9.54534663389046,0.1781818181818182,0.2727272727272727,7.8453466338904665,11.045346633890455,True,0.04843487084734198,6.039899417955321,0,,
360,362,0.13363636363636364,8.84195380066431,0.11727272727272728,0.15181818181818182,6.8419538006643075,10.541953800664311,False,0.05804974441918043,6.049514291527159,0,,
361,363,0.015454545454545453,2.6,0.013181818181818182,0.019545454545454546,0.7000000000000001,4.9,True,0.028978930362381347,6.02044347747036,0,,
362,364,0.2090909090909091,18.510120246039527,0.1781818181818182,0.24545454545454545,17.410120246039533,19.61012024603952,True,0.04226878073969249,6.0337333278476715,0,,
363,365,0.3,2.8000000000000003,0.2272727272727273,0.4272727272727273,0.6000000000000001,5.800000000000001,True,0.0360328234891148,6.027497370597094,0,,
364,366,0.37272727272727274,3.2,0.2636363636363636,0.5727272727272728,0.30000000000000004,6.7,True,0.01903742435283091,6.01050197146081,0,,
365,367,0.4363636363636364,2.3000000000000003,0.32727272727272727,0.6818181818181818,0.0,5.9,True,0.006292365308177705,5.997756912416157,0,,
366,368,0.33636363636363636,2.0,0.24545454545454545,0.5818181818181818,0.0,6.7,True,0.007515661846256513,5.998980208954236,0,,
368,370,0.015,13.143269736926461,0.013181818181818182,0.019090909090909092,11.443269736926467,15.543269736926453,True,0.11801108039169232,6.1094756274996715,0,,
369,371,0.10181818181818182,12.117226946448326,0.07254545454545454,0.13181818181818183,8.51722694644834,15.717226946448314,True,0.008614722257836882,6.000079269365816,0,,
370,372,0.04,9.590711263415686,0.031818181818181815,0.049090909090909095,7.390711263415694,11.990711263415678,True,0.028249998059761815,6.019714545167741,0,,
371,373,0.04181818181818182,6.8092212305215,0.03,0.05454545454545455,3.8092212305214974,9.909221230521503,True,0.016209193258328296,6.007673740366307,0,,
372,374,0.02727272727272727,24.334382003229596,0.01681818181818182,0.04363636363636364,19.434382003229526,29.034382003229663,True,0.02689631674267375,6.018360863850653,0,,
373,375,0.038181818181818185,10.126064127034226,0.02909090909090909,0.05,7.526064127034235,13.326064127034215,True,0.06926700711454989,6.060731554222529,0,,
374,376,0.1781818181818182,10.401703167118475,0.15545454545454546,0.2090909090909091,8.601703167118481,11.501703167118471,True,0.06922755796375463,6.060692105071734,0,,
375,377,0.038181818181818185,11.173498155810563,0.03,0.04818181818181819,8.97349815581057,13.873498155810553,True,0.010201902162144349,6.0016664492701235,0,,
376,378,0.12272727272727273,12.339895071818267,0.10818181818181818,0.1390909090909091,10.639895071818273,14.039895071818261,False,0.04794560333756688,6.039410150445546,0,,
377,379,0.02909090909090909,10.239161609939437,0.024545454545454544,0.03727272727272728,8.339161609939444,12.539161609939429,True,0.015818663830123234,6.007283210938103,0,,
378,380,0.05181818181818182,8.474636859717359,0.04181818181818182,0.06818181818181819,5.974636859717356,11.374636859717361,True,0.02004295514272765,6.011507502250707,0,,
379,381,0.16454545454545455,12.314847009956514,0.15,0.1890909090909091,10.71484700995652,13.51484700995651,False,0.060778765831833004,6.052243312939812,0,,
380,382,0.2272727272727273,2.9000000000000004,0.2090909090909091,0.2545454545454545,2.3000000000000003,3.7,False,0.08096520835090795,6.072429755458887,0,,
382,384,0.04454545454545455,5.42689424738499,0.03272727272727273,0.05818181818181818,2.326894247384989,8.42689424738499,True,0.06035884828381547,6.051823395391795,0,,
383,385,0.06636363636363636,13.517155099699885,0.045454545454545456,0.09363636363636364,9.2171550996999,17.617155099699872,True,0.012076352021362518,6.003540899129342,0,,
384,386,0.024545454545454544,14.572916111839515,0.02,0.02909090909090909,12.572916111839522,16.572916111839508,True,0.01160546311387191,6.003070010221851,0,,
385,387,0.03,8.874684102633157,0.026363636363636363,0.03636363636363636,7.274684102633156,10.474684102633159,False,0.04420029782082058,6.0356648449287995,0,,
386,388,0.1090909090909091,9.997970657608423,0.09454545454545454,0.12454545454545454,8.397970657608429,11.797970657608417,False,0.13044178846033583,6.1219063355683145,0,,
387,389,0.05545454545454545,11.117341058798344,0.045454545454545456,0.07036363636363636,8.817341058798352,13.817341058798334,False,0.020392477605350796,6.01185702471333,0,,
388,390,0.015909090909090907,14.674352569312802,0.012272727272727272,0.023636363636363636,11.674352569312813,18.574352569312786,True,0.016163410199983807,6.007627957307963,0,,
389,391,0.016363636363636365,12.47696715648982,0.013181818181818182,0.02181818181818182,9.97696715648983,15.37696715648981,True,0.005457503014167988,5.996922050122147,0,,
390,392,0.37272727272727274,2.9000000000000004,0.2727272727272727,0.5454545454545454,0.30000000000000004,6.1000000000000005,True,0.0005696890816595314,5.992034236189639,0,,
391,393,0.1890909090909091,4.7,0.1572727272727273,0.23636363636363636,2.6,6.2,True,0.10514109703510692,6.096605644143086,0,,
392,394,0.1809090909090909,8.508693359777244,0.16272727272727272,0.2090909090909091,7.408693359777244,9.508693359777245,False,0.068345458173109,6.059810005281088,0,,
393,395,0.1090909090909091,10.184222748578886,0.08272727272727273,0.13363636363636364,7.084222748578897,12.884222748578877,False,0.0009565032278265389,5.992421050335806,0,,
394,396,0.7272727272727273,6.234325628551925,0.4272727272727273,1.4,1.9343256285519215,11.43432562855193,True,0.0018632443905403084,5.993327791498519,0,,
395,397,0.44545454545454544,8.885236120831868,0.36363636363636365,0.5818181818181818,7.085236120831874,11.08523612083186,True,0.013219462777601321,6.0046840098855805,0,,
396,398,0.1972727272727273,4.5,0.17272727272727273,0.2272727272727273,3.6,5.4,False,0.14859953982453647,6.140064086932515,0,,
397,399,0.05545454545454545,12.628544138079713,0.04727272727272727,0.06545454545454546,10.72854413807972,14.528544138079706,False,0.01937864154916591,6.0108431886571445,0,,
398,400,0.02090909090909091,12.869643600351154,0.016363636363636365,0.026363636363636363,10.369643600351163,15.269643600351145,True,0.008051150567261264,5.99951569767524,0,,
399,401,0.17545454545454547,18.677408362291473,0.15545454545454546,0.2090909090909091,16.87740836229148,19.777408362291467,True,0.01271802443166164,6.004182571539641,0,,
400,402,0.17272727272727273,15.132364582516185,0.1481818181818182,0.2090909090909091,12.832364582516194,16.632364582516182,True,0.07137242861446064,6.06283697572244,0,,
401,403,0.01863636363636364,11.840411856103891,0.015454545454545453,0.02181818181818182,10.140411856103897,13.440411856103886,True,0.01858751000316357,6.010052057111142,0,,
402,404,0.023636363636363636,10.750890356899006,0.019545454545454546,0.02727272727272727,8.950890356899013,12.350890356899,True,0.04260526546341097,6.03406981257139,0,,
403,405,0.06181818181818182,7.239848553985789,0.04727272727272727,0.07727272727272727,4.239848553985787,9.839848553985792,True,0.060787288334975445,6.052251835442955,0,,
404,406,0.04,14.224997363215191,0.028181818181818183,0.05454545454545455,10.824997363215203,17.82499736321518,True,0.01620425674531351,6.007668803853292,0,,
405,407,0.049090909090909095,5.385583708348954,0.04454545454545455,0.057272727272727274,4.285583708348954,6.985583708348954,False,0.09663687769578785,6.088101424803767,0,,
406,408,0.6363636363636364,5.5232757278079365,0.33636363636363636,1.3181818181818181,0.5232757278079374,10.523275727807935,True,0.009822266881087758,6.001286813989067,0,,
407,409,0.011818181818181818,18.027857971406043,0.01,0.016363636363636365,16.12785797140605,21.72785797140603,True,0.004165700082859778,5.995630247190839,0,,
408,410,0.030909090909090907,4.4,0.02727272727272727,0.03727272727272728,2.9000000000000004,6.0,False,0.041683045940762185,6.033147593048741,0,,
409,411,0.2909090909090909,6.574224277251971,0.24545454545454545,0.35454545454545455,5.1742242772519695,8.174224277251973,True,0.11144591511681946,6.1029104622247985,0,,
410,412,0.05,11.627640471940262,0.04090909090909091,0.06545454545454546,9.027640471940272,14.527640471940252,True,0.005127488397494663,5.996592035505474,0,,
411,413,0.030909090909090907,6.454778910771021,0.023636363636363636,0.04363636363636364,3.354778910771018,9.654778910771025,True,0.0006820688272109318,5.99214661593519,0,,
412,414,0.1972727272727273,10.720300761954459,0.17,0.2272727272727273,9.620300761954462,11.720300761954455,True,0.04879775445467751,6.040262301562657,0,,
413,415,0.038181818181818185,13.36885562158509,0.02909090909090909,0.049090909090909095,10.7688556215851,16.268855621585082,True,0.011768486797619621,6.003233033905599,0,,
414,416,0.2727272727272727,1.2000000000000002,0.23636363636363636,0.3181818181818182,0.0,2.5,True,0.0045367104521251275,5.9960012575601045,0,,
415,417,0.15,7.8495665663878516,0.12272727272727273,0.18363636363636365,5.049566566387849,10.449566566387855,True,0.04428319723811292,6.035747744346092,0,,
417,419,0.013636363636363636,6.649537122909916,0.012272727272727272,0.015909090909090907,5.349537122909914,8.349537122909917,True,0.06989148990420446,6.0613560370121835,0,,
418,420,0.19181818181818183,4.800000000000001,0.1572727272727273,0.24545454545454545,2.7,6.5,True,0.004765672221393048,5.996230219329372,0,,
419,421,0.03,9.085178725112813,0.026363636363636363,0.03636363636363636,7.385178725112819,10.785178725112807,False,0.031497134256559096,6.022961681364539,0,,
420,422,0.05818181818181818,14.24781095303143,0.049090909090909095,0.07,12.447810953031436,16.34781095303142,False,0.006581356516425711,5.998045903624405,0,,
421,423,0.13545454545454547,6.682580392224001,0.11727272727272728,0.15181818181818182,4.682580392223999,8.282580392224002,False,0.031282897022743957,6.022747444130723,0,,
422,424,0.3,6.103812869968034,0.2636363636363636,0.34545454545454546,5.003812869968033,7.303812869968035,True,0.2027227847220906,6.1941873318300695,0,,
423,425,0.1972727272727273,11.892348572901152,0.16272727272727272,0.24545454545454545,10.092348572901159,13.392348572901147,True,0.12748687271681297,6.118951419824792,0,,
425,427,0.12636363636363637,13.907398183026139,0.10545454545454545,0.14454545454545453,11.407398183026148,15.707398183026132,False,0.029449449195857937,6.020913996303837,0,,
426,428,0.2181818181818182,6.697297649041479,0.16454545454545455,0.2909090909090909,4.497297649041477,8.997297649041482,True,0.03524959464636935,6.026714141754349,0,,
427,429,0.03,11.65091842823556,0.024545454545454544,0.04,9.050918428235569,14.150918428235551,True,0.024206258524141135,6.01567080563212,0,,
428,430,0.16272727272727272,12.522953002640199,0.13363636363636364,0.2090909090909091,9.622953002640209,14.622953002640191,True,0.011792975047101016,6.00325752215508,0,,
429,431,0.02727272727272727,6.456987935122241,0.024545454545454544,0.031818181818181815,5.156987935122239,8.056987935122242,False,0.00518344194595096,5.99664798905393,0,,
431,433,0.016363636363636365,5.668456103026589,0.013636363636363636,0.02,3.768456103026589,7.768456103026589,True,0.0010760187809014446,5.992540565888881,0,,
432,434,0.39090909090909093,5.343614071762817,0.34545454545454546,0.44545454545454544,4.043614071762818,6.443614071762816,True,0.06804500818019606,6.059509555288175,0,,
433,435,0.024545454545454544,10.027727205951088,0.019545454545454546,0.02909090909090909,7.727727205951096,11.927727205951081,True,0.08992238643378843,6.081386933541768,0,,
434,436,0.017727272727272727,13.546009117476203,0.014090909090909091,0.02181818181818182,11.146009117476211,15.746009117476195,True,0.06669991477993255,6.058164461887912,0,,
435,437,0.1481818181818182,7.124308600492015,0.1190909090909091,0.18363636363636365,4.124308600492013,9.924308600492019,True,0.02235633809662163,6.0138208852046,0,,
436,438,0.09,13.65743352669291,0.07145454545454545,0.11545454545454546,10.95743352669292,16.457433526692903,False,0.02743833888652036,6.0189028859945,0,,
437,439,0.1809090909090909,16.68063836977641,0.15545454545454546,0.2181818181818182,14.780638369776419,17.980638369776408,True,0.013256484838262342,6.004721031946241,0,,
438,440,0.04272727272727273,9.650229755961627,0.03636363636363636,0.05272727272727273,7.950229755961633,12.150229755961618,False,0.07668750165135532,6.068152048759335,0,,
439,441,0.012727272727272728,14.513586450087123,0.01,0.02,11.213586450087135,19.313586450087108,True,0.0002869643940993657,5.991751511502079,0,,
440,442,0.024545454545454544,10.793903620714554,0.019090909090909092,0.031818181818181815,8.093903620714563,13.593903620714544,True,0.09016964402605475,6.081634191134034,0,,
441,443,0.36363636363636365,2.0,0.2545454545454545,0.7,0.0,6.9,True,0.00025675200566424654,5.991721299113643,0,,
442,444,0.06727272727272728,6.70302424020641,0.04727272727272727,0.09272727272727273,2.803024240206407,10.503024240206413,True,0.00697784258594103,5.9984423896939205,0,,
444,446,0.1890909090909091,8.726591979374929,0.16090909090909092,0.2181818181818182,7.026591979374928,9.72659197937493,True,0.04573838232763813,6.037202929435617,0,,
445,447,0.01681818181818182,5.0010060658936,0.014090909090909091,0.02090909090909091,3.2010060658936004,7.3010060658936,True,0.05128456243956876,6.042749109547548,0,,
446,448,0.015,12.219883217286004,0.010454545454545454,0.022727272727272728,8.019883217286019,16.21988321728599,True,0.01917912084462814,6.010643667952607,0,,
447,449,0.2909090909090909,4.2,0.23636363636363636,0.38181818181818183,2.5,6.5,True,0.07132761818859602,6.0627921652965755,0,,
448,450,0.07772727272727273,7.017154904214989,0.060909090909090906,0.10090909090909092,4.117154904214987,9.917154904214993,False,0.001524615711624293,5.992989162819604,0,,
449,451,0.23636363636363636,6.626570883776369,0.19181818181818183,0.2818181818181818,5.226570883776367,8.026570883776369,True,0.018105690605990293,6.0095702377139695,0,,
450,452,0.16636363636363638,6.027821384972216,0.13181818181818183,0.23636363636363636,2.4278213849722126,8.527821384972217,True,0.022627794946814935,6.014092342054794,0,,
451,453,0.026363636363636363,10.88760922295635,0.02181818181818182,0.03272727272727273,8.687609222956358,13.187609222956342,True,0.11798478157677386,6.109449328684753,0,,
452,454,0.02,9.053777573936111,0.016363636363636365,0.025454545454545455,6.853777573936119,11.553777573936102,True,0.0165244194326916,6.007988966540671,0,,
453,455,0.2727272727272727,8.674925779432638,0.2272727272727273,0.32727272727272727,7.274925779432636,10.274925779432639,True,0.04724973885715707,6.038714285965136,0,,
454,456,0.05545454545454545,8.855830501480892,0.04363636363636364,0.07336363636363635,6.155830501480889,11.955830501480893,True,0.013403755381048708,6.004868302489028,0,,
455,457,0.046363636363636364,16.736907906886152,0.038181818181818185,0.053636363636363635,14.536907906886158,18.336907906886147,False,0.16969166230355565,6.161156209411534,0,,
456,458,0.7818181818181819,2.7,0.5,1.4,0.0,7.6000000000000005,True,0.006539753652404556,5.998004300760384,0,,
457,459,0.2818181818181818,7.089988710142399,0.24545454545454545,0.33636363636363636,5.889988710142398,8.5899887101424,True,0.028066665103913004,6.019531212211892,0,,
458,460,0.019545454545454546,14.174495872142593,0.014090909090909091,0.02909090909090909,10.674495872142606,18.574495872142577,True,0.012838466549926866,6.004303013657906,0,,
460,462,0.12272727272727273,12.498978946149725,0.09,0.15363636363636363,8.898978946149738,15.698978946149714,True,0.03631643717114895,6.027780984279128,0,,
461,463,0.04181818181818182,12.196452729809607,0.028181818181818183,0.06181818181818182,8.296452729809621,16.49645272980959,True,0.021201550835618536,6.0126660979435975,0,,
462,464,0.35454545454545455,1.1,0.2818181818181818,0.6545454545454545,0.0,6.0,True,0.007034867444382681,5.998499414552362,0,,
463,465,0.02,12.931590518745695,0.014090909090909091,0.02909090909090909,9.231590518745708,16.93159051874568,True,0.006610872368550544,5.99807541947653,0,,
464,466,0.4272727272727273,8.951153296816624,0.35454545454545455,0.5727272727272728,7.25115329681663,11.351153296816616,True,0.03169888872857459,6.023163435836554,0,,
465,467,0.034545454545454546,11.53442912427039,0.025454545454545455,0.049090909090909095,8.334429124270402,15.434429124270377,True,0.010803782870698112,6.002268329978677,0,,
466,468,0.07909090909090909,9.180942140516782,0.05272727272727273,0.11363636363636363,4.480942140516799,13.180942140516768,True,0.0051317239738068714,5.996596271081786,0,,
467,469,0.03909090909090909,9.384855999800424,0.02909090909090909,0.05090909090909091,6.484855999800434,12.384855999800413,True,0.016322348802633068,6.007786895910612,0,,
468,470,0.7181818181818181,2.0,0.5,1.4,0.0,7.0,True,0.0003051776380234879,5.9917697247460024,0,,
469,471,0.38181818181818183,5.092173097214826,0.3181818181818182,0.4636363636363636,3.4921730972148266,6.7921730972148255,True,0.06731330682148716,6.058777853929466,0,,
470,472,0.11,5.897979923849308,0.07681818181818181,0.14272727272727273,1.897979923849304,9.49797992384931,True,0.022569168288309183,6.014033715396288,0,,
471,473,0.06454545454545454,10.383660744045976,0.045454545454545456,0.09,6.48366074404599,14.283660744045962,True,0.013821688656930228,6.005286235764909,0,,
472,474,0.04090909090909091,10.856666948303872,0.030909090909090907,0.05,8.35666694830388,13.256666948303863,True,0.02833134154204493,6.019795888650024,0,,
473,475,0.04363636363636364,16.365965733243883,0.028181818181818183,0.06818181818181819,11.9659657332439,21.565965733243864,True,0.009400447746882371,6.000864994854862,0,,
474,476,0.13,7.672633349649841,0.10181818181818182,0.15545454545454546,4.3726333496498375,10.172633349649843,False,0.029159134743048556,6.020623681851028,0,,
475,477,0.07545454545454545,8.49815719106981,0.06181818181818182,0.09545454545454546,6.098157191069808,10.998157191069811,False,0.031376449680309455,6.022840996788289,0,,
476,478,0.04181818181818182,7.337419072355777,0.028181818181818183,0.06363636363636364,3.4374190723557736,12.137419072355781,True,0.0024268720852730625,5.993891419193252,0,,
477,479,0.2909090909090909,4.858450522548231,0.23636363636363636,0.37272727272727274,2.9584505225482305,6.9584505225482305,True,0.06054193796348956,6.052006485071469,0,,
478,480,0.2181818181818182,6.455737339646735,0.16272727272727272,0.2909090909090909,3.955737339646732,8.655737339646736,True,0.00034859991747491364,5.991813147025454,0,,
479,481,0.13181818181818183,8.176930556071689,0.09454545454545454,0.16454545454545455,3.9769305560716846,11.476930556071691,True,0.009528183798457733,6.000992730906437,0,,
481,483,0.1,5.80927536117552,0.06272727272727273,0.1481818181818182,1.0092753611755159,11.009275361175526,True,0.010595129702381616,6.002059676810361,0,,
482,484,0.017272727272727273,4.4,0.013636363636363636,0.02181818181818182,1.9000000000000001,6.800000000000001,True,0.04307735942977981,6.034541906537759,0,,
483,485,0.1409090909090909,9.031146070064048,0.11545454545454546,0.16636363636363638,6.231146070064058,11.731146070064039,True,0.03109338567235936,6.022557932780338,0,,
484,486,0.03636363636363636,6.499107857520814,0.026363636363636363,0.05,3.1991078575208105,10.099107857520817,True,0.005897302966907332,5.997361850074887,0,,
486,488,0.08090909090909092,30.44526333580624,0.07054545454545455,0.08454545454545455,28.845263335806216,30.44526333580624,False,29.50129446020088,35.49275900730886,0,,
487,489,0.17545454545454547,11.828266196644325,0.1481818181818182,0.2272727272727273,9.428266196644334,13.528266196644319,True,0.002434152379549982,5.993898699487529,0,,
489,491,0.02727272727272727,13.313536421086228,0.02181818181818182,0.03636363636363636,10.813536421086237,16.213536421086218,True,0.011547142075819587,6.003011689183799,0,,
491,493,0.08545454545454545,10.76207774015905,0.06454545454545454,0.11181818181818182,7.362077740159062,13.76207774015904,False,0.002955176022711538,5.99441972313069,0,,
492,494,0.014090909090909091,16.87490680649336,0.010454545454545454,0.02,13.774906806493371,20.574906806493345,True,0.01581477786434255,6.0072793249723215,0,,
493,495,0.1390909090909091,8.454771825041485,0.11545454545454546,0.16636363636363638,5.954771825041483,11.154771825041488,True,0.04081506872141183,6.032279615829391,0,,
494,496,0.03,12.962007006766155,0.024545454545454544,0.03909090909090909,10.562007006766164,15.462007006766147,True,0.00443156947375482,5.995896116581734,0,,
495,497,0.046363636363636364,8.027694462053585,0.03272727272727273,0.06909090909090909,4.5276944620535815,12.427694462053589,True,0.007916427729839607,5.999380974837819,0,,
496,498,0.13,30.44526333580624,0.10181818181818182,0.13545454545454547,27.245263335806193,30.44526333580624,False,1.4015379630546112,7.3930025101625905,0,,
497,499,0.03909090909090909,12.226325175657909,0.02909090909090909,0.05181818181818182,9.426325175657919,15.326325175657898,True,0.017833065932087774,6.009297613040067,0,,
498,500,0.035454545454545454,22.356492827840473,0.02727272727272727,0.046363636363636364,19.556492827840433,25.256492827840514,True,0.014425121418044206,6.005889668526024,0,,
499,501,0.024545454545454544,14.638881749649027,0.015454545454545453,0.03909090909090909,10.138881749649043,19.43888174964901,True,0.030519352221561512,6.02198389932954,0,,
500,502,0.03272727272727273,12.584605515806786,0.024545454545454544,0.046363636363636364,9.484605515806797,16.184605515806773,True,0.024548509118704112,6.016013056226683,0,,
501,503,0.08636363636363636,7.282596840833919,0.06909090909090909,0.10727272727272727,4.582596840833917,9.582596840833922,False,0.00576244685228762,5.9972269939602665,0,,
504,506,0.11545454545454546,7.984894622478797,0.08727272727272727,0.14272727272727273,4.884894622478794,10.784894622478799,False,0.012068110238677201,6.003532657346656,0,,
505,507,0.05,12.249516130678499,0.038181818181818185,0.07054545454545455,9.04951613067851,16.049516130678484,True,0.02103216569590523,6.012496712803884,0,,
506,508,0.11545454545454546,12.878072527276176,0.08636363636363636,0.14272727272727273,9.678072527276187,15.878072527276165,False,0.07227271848047957,6.0637372655884585,0,,
507,509,0.03727272727272728,10.734711861741117,0.02909090909090909,0.045454545454545456,8.434711861741125,12.934711861741109,True,0.0581502975359697,6.049614844643949,0,,
508,510,0.04272727272727273,11.951988137557393,0.031818181818181815,0.057272727272727274,9.051988137557403,15.251988137557381,True,0.041078311279776486,6.032542858387756,0,,
509,511,0.0710909090909091,29.9452443266569,0.03,0.08181818181818182,20.64524432665677,30.44524432665691,False,8.394367106202152e-05,5.991548490779041,0,,
510,512,0.12272727272727273,7.504250632508833,0.1,0.14454545454545453,4.90425063250883,9.904250632508834,False,0.0014135759476556517,5.992878123055634,0,,
511,513,0.17,11.462774396699428,0.14272727272727273,0.2272727272727273,8.662774396699438,13.462774396699421,True,0.012775414428079602,6.004239961536059,0,,
512,514,0.2727272727272727,3.3000000000000003,0.2090909090909091,0.33636363636363636,1.4000000000000001,5.1000000000000005,True,0.0298361358813843,6.021300682989363,0,,
514,516,0.08636363636363636,6.158114768206012,0.05909090909090909,0.12090909090909091,1.758114768206008,10.058114768206014,True,0.0002763842658916332,5.9917409313738705,0,,
515,517,0.2636363636363636,3.3000000000000003,0.2181818181818182,0.3181818181818182,1.8,4.9,True,0.0018504170828101776,5.993314964190789,0,,
516,518,0.23636363636363636,4.6000000000000005,0.19181818181818183,0.2818181818181818,3.2,6.0,True,0.17609487214147931,6.167559419249458,0,,
517,519,0.16818181818181818,11.846870368993041,0.1409090909090909,0.2090909090909091,9.046870368993051,13.546870368993035,True,0.009986461400527962,6.001451008508507,0,,
518,520,0.045454545454545456,22.36605146941424,0.03272727272727273,0.06545454545454546,18.86605146941419,26.4660514694143,True,0.015230255148734733,6.006694802256714,0,,
519,521,0.2090909090909091,9.509472590142854,0.16636363636363638,0.2636363636363636,7.80947259014286,11.209472590142848,True,0.03527690948960867,6.026741456597588,0,,
520,522,0.023636363636363636,11.432954385212298,0.019090909090909092,0.02909090909090909,9.332954385212306,13.93295438521229,True,0.03309068780597194,6.024555234913951,0,,
522,524,0.019090909090909092,12.63401392100976,0.015,0.024545454545454544,10.234013921009769,15.134013921009752,True,0.005920732472780635,5.99738527958076,0,,
523,525,0.026363636363636363,14.615156689772174,0.01818181818181818,0.03909090909090909,10.815156689772188,18.515156689772162,True,0.0007701586380399988,5.992234705746019,0,,
524,526,0.02727272727272727,13.23156866897714,0.02181818181818182,0.03636363636363636,10.731568668977149,16.13156866897713,True,0.018648101173573517,6.010112648281552,0,,
525,527,0.1390909090909091,6.573232948546124,0.1190909090909091,0.1572727272727273,4.473232948546123,8.473232948546126,False,0.048126453020217744,6.039591000128197,0,,
526,528,0.09272727272727273,6.743775967612516,0.07227272727272727,0.11545454545454546,3.9437759676125133,9.343775967612519,False,0.0055654107187017065,5.997029957826681,0,,
527,529,0.057272727272727274,7.2766862521741125,0.04454545454545455,0.07681818181818181,4.37668625217411,10.676686252174116,True,0.01500231967743827,6.006466866785417,0,,
528,530,0.012272727272727272,14.966630122583371,0.01,0.016363636363636365,12.76663012258338,18.16663012258336,True,0.11031193028081304,6.101776477388792,0,,
529,531,0.11545454545454546,8.242442387038759,0.08818181818181818,0.13727272727272727,5.142442387038757,10.542442387038761,False,0.022405026322776373,6.013869573430755,0,,
530,532,0.015,19.594753629507352,0.011818181818181818,0.02090909090909091,16.794753629507362,22.99475362950734,True,0.014226480709152538,6.005691027817131,0,,
531,533,0.36363636363636365,7.73372654742357,0.32727272727272727,0.4363636363636364,6.733726547423569,9.333726547423572,True,0.20620328745154934,6.197667834559528,0,,
532,534,0.05,2.1,0.04181818181818182,0.06545454545454546,0.0,4.9,True,0.03808335884685901,6.029547905954838,0,,
533,535,0.07036363636363636,14.003984239241683,0.05090909090909091,0.09454545454545454,10.303984239241696,17.30398423924167,True,0.009186137307200228,6.000650684415179,0,,
534,536,0.013636363636363636,11.145405638830425,0.01090909090909091,0.017727272727272727,8.645405638830434,13.845405638830416,True,0.010481579999901682,6.001946127107881,0,,
535,537,0.15,15.81665535774287,0.12636363636363637,0.17,13.516655357742879,18.016655357742863,False,0.031229201401506278,6.022693748509485,0,,
536,538,0.014090909090909091,17.550128295897373,0.01090909090909091,0.019545454545454546,14.550128295897382,20.950128295897358,True,0.04484405056508527,6.036308597673064,0,,
537,539,0.4727272727272727,7.860918394252229,0.38181818181818183,0.5909090909090908,6.060918394252228,9.760918394252231,True,0.0545898609690171,6.046054408076996,0,,
538,540,0.023636363636363636,14.041440516027619,0.01863636363636364,0.02909090909090909,11.641440516027627,16.54144051602761,True,0.08871811286040109,6.08018265996838,0,,
539,541,0.16818181818181818,5.1000000000000005,0.15181818181818182,0.1890909090909091,3.5,6.0,False,0.1931246204983059,6.184589167606285,0,,
540,542,0.2272727272727273,6.562825831592353,0.19181818181818183,0.2545454545454545,5.462825831592352,7.362825831592354,False,0.13335725625490713,6.124821803362886,0,,
541,543,0.056363636363636366,11.673814539000038,0.04272727272727273,0.07590909090909091,8.573814539000049,15.073814539000026,True,0.004133790138437436,5.995598337246417,0,,
542,544,0.609090909090909,7.785580111185002,0.4181818181818182,1.0,4.685580111184999,11.585580111185006,True,0.009755371980949504,6.001219919088928,0,,
543,545,0.015909090909090907,13.25915953701766,0.012272727272727272,0.02181818181818182,10.15915953701767,16.459159537017648,True,0.006501299780518405,5.997965846888498,0,,
544,546,0.23636363636363636,5.385697389257342,0.16636363636363638,0.3181818181818182,2.8856973892573428,7.885697389257341,True,0.018248450447149532,6.009712997555129,0,,
545,547,0.3,7.648016720506183,0.2727272727272727,0.37272727272727274,6.648016720506183,9.448016720506185,True,0.18939274857933228,6.180857295687312,0,,
546,548,0.2181818181818182,6.5135807178064455,0.16636363636363638,0.2818181818181818,4.513580717806444,8.513580717806448,True,0.010250136804444691,6.001714683912423,0,,
547,549,0.07090909090909091,8.094574885613671,0.056363636363636366,0.08636363636363636,5.494574885613668,10.494574885613673,False,0.019372518702229426,6.010837065810208,0,,
548,550,0.2181818181818182,8.763807015225671,0.16818181818181818,0.2727272727272727,6.863807015225669,10.463807015225672,True,0.04203476603164879,6.033499313139628,0,,
549,551,0.023636363636363636,15.085095232088165,0.01818181818181818,0.02909090909090909,12.485095232088174,17.485095232088156,True,0.04503022876904524,6.036494775877024,0,,
550,552,0.02727272727272727,8.758946209909015,0.02090909090909091,0.03727272727272728,5.958946209909012,11.858946209909016,True,0.03048519797310968,6.021949745081089,0,,
552,554,0.02181818181818182,17.39630257850285,0.015,0.030909090909090907,13.696302578502864,21.29630257850284,True,0.0044290266850202055,5.9958935737929995,0,,
553,555,0.13545454545454547,13.319452143259232,0.10272727272727274,0.16272727272727272,9.619452143259245,16.119452143259224,True,0.018593570731670367,6.010058117839649,0,,
554,556,0.03272727272727273,12.217211228467214,0.025454545454545455,0.04454545454545455,9.417211228467224,15.217211228467203,True,0.02749560667834278,6.018960153786322,0,,
555,557,0.02181818181818182,13.567193386295813,0.01863636363636364,0.025454545454545455,11.967193386295818,15.167193386295807,True,0.14250624073586843,6.133970787843848,0,,
556,558,0.01818181818181818,6.475108110523227,0.014090909090909091,0.024545454545454544,3.775108110523224,9.475108110523228,True,0.029769978482291702,6.021234525590271,0,,
557,559,0.2727272727272727,4.2,0.2,0.36363636363636365,2.0,6.5,True,0.005129090936445468,5.996593638044424,0,,
558,560,0.03363636363636364,14.481743113648557,0.025454545454545455,0.046363636363636364,11.481743113648568,17.681743113648544,True,0.027603659703332707,6.019068206811312,0,,
559,561,0.13727272727272727,10.980827372365779,0.1190909090909091,0.15363636363636363,8.980827372365786,12.580827372365773,False,0.04708394487707669,6.038548491985056,0,,
560,562,0.038181818181818185,11.955434954978518,0.031818181818181815,0.04454545454545455,10.255434954978524,13.755434954978512,False,0.019118646527936316,6.010583193635916,0,,
561,563,0.44545454545454544,1.2000000000000002,0.35454545454545455,0.8818181818181818,0.0,6.1000000000000005,True,0.0010024434400801887,5.992466990548059,0,,
562,564,0.07636363636363636,14.633171595649321,0.057272727272727274,0.10181818181818182,11.233171595649333,17.83317159564931,True,0.0147258187889094,6.006190365896888,0,,
563,565,0.13727272727272727,12.679333665046103,0.11727272727272728,0.16090909090909092,10.479333665046111,15.079333665046095,False,0.0377121916341631,6.029176738742142,0,,
564,566,0.24545454545454545,4.5,0.19181818181818183,0.2909090909090909,2.8000000000000003,5.9,True,0.00801251489034735,5.999477061998326,0,,
565,567,0.08,8.942108101401413,0.060909090909090906,0.10272727272727274,5.64210810140141,11.642108101401416,False,0.014152644365827504,6.005617191473807,0,,
566,568,0.2818181818181818,8.802546786346316,0.24545454545454545,0.3090909090909091,7.502546786346314,9.702546786346316,True,0.3471252616300207,6.338589808738,0,,
567,569,0.04818181818181819,12.287606267008979,0.03909090909090909,0.06,9.887606267008987,14.68760626700897,True,0.029757358077559068,6.021221905185538,0,,
568,570,0.030909090909090907,5.5668847866935645,0.024545454545454544,0.04272727272727273,2.8668847866935647,8.766884786693563,True,0.023925398088952356,6.015389945196931,0,,
569,571,0.12454545454545454,11.638542069630839,0.09909090909090909,0.1481818181818182,8.53854206963085,13.93854206963083,False,0.02423734035834288,6.015701887466322,0,,
570,572,0.2727272727272727,3.8000000000000003,0.2272727272727273,0.32727272727272727,2.4000000000000004,5.300000000000001,True,0.1068358612061631,6.0983004083141426,0,,
571,573,0.014090909090909091,10.582846160297123,0.011818181818181818,0.017727272727272727,8.48284616029713,13.082846160297114,True,0.017337452636447863,6.008801999744427,0,,
572,574,0.09363636363636364,10.226834049272508,0.07054545454545455,0.1190909090909091,7.026834049272519,13.126834049272498,False,0.002893775847309908,5.994358322955289,0,,
573,575,0.17545454545454547,3.4000000000000004,0.16090909090909092,0.2,2.2,4.3,False,0.18824630987833646,6.179710856986316,0,,
574,576,0.2818181818181818,12.679869647834861,0.24545454545454545,0.32727272727272727,11.479869647834866,13.979869647834857,True,0.1642072371473844,6.155671784255364,0,,
575,577,0.08454545454545455,5.40859865287606,0.06818181818181819,0.10818181818181818,2.8085986528760607,8.00859865287606,False,0.027106385527768312,6.018570932635748,0,,
577,579,0.025454545454545455,12.570260427352885,0.02181818181818182,0.02909090909090909,10.97026042735289,14.270260427352879,False,0.07141180606342205,6.062876353171401,0,,
578,580,0.2181818181818182,9.115051309660252,0.16090909090909092,0.2909090909090909,6.515051309660262,11.315051309660245,True,0.07949184797892772,6.070956395086907,0,,
579,581,0.03909090909090909,14.566359504706554,0.02909090909090909,0.053636363636363635,11.666359504706564,18.16635950470654,True,0.020570127554768,6.012034674662747,0,,
580,582,0.1,12.098731220178951,0.08090909090909092,0.11545454545454546,9.998731220178959,14.098731220178944,False,0.006252486288833224,5.997717033396812,0,,
581,583,0.10818181818181818,17.410467234546687,0.072,0.14454545454545453,12.910467234546704,21.310467234546675,True,0.0005956254305612023,5.99206017253854,0,,
582,584,0.02909090909090909,13.123183562475838,0.024545454545454544,0.035454545454545454,11.223183562475844,15.12318356247583,True,0.005489726361902877,5.996954273469882,0,,
583,585,0.017727272727272727,11.201133349830828,0.014545454545454545,0.02090909090909091,9.201133349830835,12.901133349830822,True,0.06627266598114585,6.0577372130891245,0,,
584,586,0.15363636363636363,8.605267035494062,0.13545454545454547,0.17272727272727273,6.905267035494061,10.505267035494064,False,0.00916989854601343,6.000634445653993,0,,
585,587,0.16090909090909092,11.265738172348383,0.13545454545454547,0.1972727272727273,8.665738172348393,13.165738172348377,True,0.013693669686023837,6.005158216794003,0,,
586,588,0.13181818181818183,9.847792933170659,0.10272727272727274,0.15545454545454546,6.547792933170671,12.147792933170651,False,0.04500544892366524,6.036469996031644,0,,
588,590,0.32727272727272727,4.1000000000000005,0.2727272727272727,0.4,2.5,5.800000000000001,True,0.009714841350075856,6.001179388458055,0,,
589,591,0.03727272727272728,11.4800136340082,0.02909090909090909,0.04727272727272727,9.180013634008208,14.080013634008191,True,0.001362466145996646,5.992827013253976,0,,
590,592,0.04272727272727273,16.633978625773015,0.035454545454545454,0.05090909090909091,14.633978625773022,18.733978625773005,False,0.043929291489176604,6.035393838597155,0,,
592,594,0.2636363636363636,2.0,0.2181818181818182,0.3090909090909091,0.7000000000000001,3.3000000000000003,True,0.0803027876933237,6.071767334801303,0,,
593,595,0.2636363636363636,7.510305816733333,0.2272727272727273,0.3,6.310305816733332,8.710305816733335,True,0.042800469099185695,6.034265016207165,0,,
594,596,0.034545454545454546,7.310102483046083,0.02727272727272727,0.04363636363636364,4.91010248304608,9.610102483046084,True,0.0066573329506871125,5.998121880058666,0,,
595,597,0.08,13.378912590968815,0.06272727272727273,0.10090909090909092,10.478912590968825,15.778912590968806,False,0.020595203152568926,6.012059750260548,0,,
596,598,0.016363636363636365,19.92918827227262,0.011818181818181818,0.024545454545454544,16.22918827227263,23.929188272272604,True,0.022154284026752707,6.013618831134732,0,,
597,599,0.2727272727272727,9.82523498275629,0.23636363636363636,0.3181818181818182,8.625234982756295,11.225234982756286,True,0.025031142715512395,6.016495689823492,0,,
598,600,0.2272727272727273,7.664565057797926,0.18363636363636365,0.2727272727272727,6.164565057797924,9.064565057797926,True,0.05005809254472429,6.041522639652704,0,,
599,601,0.031818181818181815,5.88746375696909,0.02727272727272727,0.04,4.08746375696909,7.987463756969093,False,0.0076203527592005865,5.99908489986718,0,,
600,602,0.034545454545454546,22.495326866956347,0.026363636363636363,0.046363636363636364,19.595326866956306,25.695326866956393,True,0.02057660659302462,6.012041153701004,0,,
601,603,0.016363636363636365,3.4000000000000004,0.014090909090909091,0.01863636363636364,1.8,4.800000000000001,True,0.10044591526995403,6.091910462377933,0,,
602,604,0.026363636363636363,11.707419921620575,0.017727272727272727,0.04,7.50741992162059,15.707419921620561,True,0.037426990085196156,6.028891537193175,0,,
604,606,0.1390909090909091,5.058250556547804,0.11727272727272728,0.1590909090909091,2.7582505565478046,7.058250556547804,False,0.0029965908617032625,5.994461137969682,0,,
606,608,0.8727272727272728,1.0,0.6818181818181818,1.4,0.0,5.5,True,0.00017604915407794813,5.991640596262057,0,,
607,609,0.057272727272727274,17.270535867549917,0.045454545454545456,0.07018181818181819,14.770535867549926,19.570535867549907,False,0.09091592818933414,6.082380475297313,0,,
608,610,0.06545454545454546,8.748860744422966,0.04727272727272727,0.09,5.148860744422979,12.448860744422953,True,0.005524779303635134,5.996989326411614,0,,
609,611,0.17545454545454547,10.028211729297942,0.15545454545454546,0.2090909090909091,8.128211729297949,11.228211729297938,True,0.08764393377319227,6.079108480881171,0,,
610,612,0.022727272727272728,19.090389678546458,0.017272727272727273,0.02909090909090909,16.39038967854647,21.89038967854645,True,0.007363331991872896,5.998827879099852,0,,
611,613,0.35454545454545455,7.655987611197459,0.2727272727272727,0.4636363636363636,5.4559876111974575,9.955987611197461,True,0.028602266557027765,6.020066813665006,0,,
612,614,0.10272727272727274,18.527796899902086,0.07681818181818181,0.12454545454545454,15.427796899902097,21.127796899902076,False,0.02070773732518741,6.012172284433166,0,,
613,615,0.24545454545454545,10.426469797318795,0.2090909090909091,0.2636363636363636,9.2264697973188,11.026469797318793,False,0.5994408238691314,6.590905370977111,0,,
614,616,0.4818181818181818,4.980799141875051,0.36363636363636365,0.7090909090909091,2.4807991418750506,8.080799141875051,True,0.042530367957663635,6.033994915065643,0,,
615,617,0.10363636363636364,19.634028522905407,0.07727272727272727,0.12636363636363637,16.434028522905418,22.3340285229054,False,0.043640648429430155,6.035105195537409,0,,
616,618,0.03909090909090909,6.407897067197141,0.02909090909090909,0.053636363636363635,3.607897067197139,10.007897067197145,True,0.03459058407858014,6.026055131186559,0,,
617,619,0.012272727272727272,17.45522032562949,0.01,0.015454545454545453,15.155220325629498,20.05522032562948,True,0.02561398304521903,6.017078530153198,0,,
618,620,0.04818181818181819,8.797464291490542,0.04,0.06,6.597464291490541,11.097464291490544,False,0.0236221435784534,6.015086690686433,0,,
619,621,0.04090909090909091,15.697264342086523,0.03,0.053636363636363635,12.897264342086533,18.797264342086514,True,0.018815354082149054,6.0102799011901284,0,,
620,622,0.07909090909090909,11.420361708119774,0.06363636363636364,0.10090909090909092,8.920361708119783,14.020361708119765,False,0.011860997099709657,6.003325544207689,0,,
622,624,0.2545454545454545,4.800000000000001,0.2181818181818182,0.3,3.6,6.2,True,0.06347184178079279,6.0549363888887715,0,,
623,625,0.3181818181818182,7.168484962398746,0.2727272727272727,0.38181818181818183,5.668484962398745,8.768484962398748,True,0.06275646002226234,6.054221007130241,0,,
624,626,0.045454545454545456,6.788385649312246,0.03636363636363636,0.05818181818181818,4.388385649312244,9.48838564931225,True,0.08252292103533365,6.073987468143312,0,,
625,627,0.10363636363636364,9.945221766651217,0.07863636363636364,0.12636363636363637,6.845221766651228,12.445221766651208,False,0.0434995018757391,6.034964048983718,0,,
626,628,0.02,11.839098872509421,0.01681818181818182,0.025454545454545455,10.139098872509427,14.239098872509413,True,0.028219863275529108,6.019684410383508,0,,
627,629,0.38181818181818183,5.368518856752369,0.3090909090909091,0.4818181818181818,3.56851885675237,7.26851885675237,True,0.0076679186864258946,5.999132465794405,0,,
629,631,0.06,5.230488154559887,0.046363636363636364,0.07681818181818181,2.430488154559888,8.030488154559887,True,0.003125114614606292,5.994589661722586,0,,
630,632,0.19181818181818183,15.37352482591053,0.17,0.2090909090909091,14.573524825910534,15.973524825910529,True,0.006399815996340684,5.99786436310432,0,,
631,633,0.03636363636363636,13.546529897094684,0.03,0.04454545454545455,11.84652989709469,15.646529897094677,False,0.032765956510454046,6.024230503618433,0,,
632,634,0.017727272727272727,14.711194439679508,0.014545454545454545,0.02181818181818182,12.711194439679515,16.8111944396795,True,0.015616602089025884,6.007081149197005,0,,
633,635,0.08727272727272727,7.704263603719091,0.07590909090909091,0.10090909090909092,6.004263603719089,9.10426360371909,False,0.0066232564485152745,5.998087803556494,0,,
634,636,0.11181818181818182,19.133300265223212,0.07818181818181819,0.14454545454545453,15.133300265223227,22.7333002652232,True,0.006828725196412451,5.998293272304392,0,,
635,637,0.02181818181818182,13.460967484752878,0.01818181818181818,0.02727272727272727,11.660967484752884,15.76096748475287,True,0.1362630592907428,6.127727606398722,0,,
636,638,0.011818181818181818,16.96297460368674,0.01,0.014545454545454545,15.062974603686746,19.36297460368673,True,0.015177778598033187,6.006642325706013,0,,
637,639,0.1572727272727273,11.413032111595772,0.1409090909090909,0.1781818181818182,9.913032111595777,13.013032111595766,False,0.04777517001285078,6.03923971712083,0,,
638,640,0.2909090909090909,8.578734772078738,0.2545454545454545,0.34545454545454546,7.378734772078737,9.978734772078738,True,0.0033127375770202086,5.994777284684999,0,,
639,641,0.08,20.555505155639025,0.06454545454545454,0.09727272727272727,17.95550515563903,22.655505155639016,False,0.023951705252702633,6.015416252360682,0,,
640,642,0.2636363636363636,9.284880766016533,0.23636363636363636,0.3,8.384880766016536,10.484880766016529,False,0.01873215719923906,6.010196704307218,0,,
641,643,0.035454545454545454,6.162064545298055,0.02909090909090909,0.04181818181818182,4.462064545298054,7.962064545298056,False,0.1045310227834107,6.0959955698913895,0,,
642,644,0.2090909090909091,12.110004640310567,0.17272727272727273,0.24545454545454545,10.810004640310572,13.410004640310563,True,0.05406428395434798,6.045528831062327,0,,
643,645,0.060909090909090906,9.020073327842319,0.049090909090909095,0.07472727272727273,6.720073327842327,11.32007332784231,False,0.060421549594795065,6.051886096702774,0,,
644,646,0.16818181818181818,5.336654322987815,0.15545454545454546,0.19454545454545455,3.936654322987816,6.436654322987815,False,0.11760856717933572,6.109073114287315,0,,
645,647,0.1809090909090909,10.124935522680245,0.1572727272727273,0.2181818181818182,8.224935522680251,11.32493552268024,True,0.11433688606981103,6.10580143317779,0,,
647,649,0.2,7.914179397444375,0.17272727272727273,0.23636363636363636,6.914179397444373,9.014179397444376,False,0.04102267253328867,6.0324872196412676,0,,
648,650,0.14272727272727273,10.976404511558158,0.12636363636363637,0.1590909090909091,9.276404511558164,12.676404511558152,False,0.0595630741746944,6.051027621282674,0,,
650,652,0.2727272727272727,7.204357871355424,0.2272727272727273,0.33636363636363636,5.804357871355423,9.104357871355425,True,0.14832046356206935,6.139785010670049,0,,
651,653,0.3181818181818182,9.331098063286298,0.2818181818181818,0.36363636363636365,8.231098063286302,10.531098063286294,True,0.00109622864714089,5.99256077575512,0,,
652,654,0.07727272727272727,8.897031768893497,0.06272727272727273,0.09545454545454546,6.297031768893493,11.197031768893499,False,0.004066716461226004,5.995531263569205,0,,
653,655,0.11363636363636363,8.489715299423755,0.1,0.13,6.789715299423754,10.289715299423758,False,0.056508863918821525,6.047973411026801,0,,
654,656,0.015,15.639720519892274,0.012727272727272728,0.019545454545454546,13.539720519892281,18.239720519892266,True,0.02146694143204882,6.012931488540028,0,,
655,657,0.19181818181818183,7.681484609009684,0.16818181818181818,0.2181818181818182,6.681484609009683,8.581484609009685,False,0.02043337510544702,6.011897922213426,0,,
656,658,0.014090909090909091,10.021702501186757,0.012272727272727272,0.01681818181818182,8.421702501186763,11.821702501186751,True,0.06687535437241346,6.058339901480393,0,,
658,660,0.2818181818181818,4.0,0.24545454545454545,0.33636363636363636,2.8000000000000003,5.4,True,0.07999798945180205,6.071462536559781,0,,
659,661,0.04727272727272727,6.488445360056988,0.04,0.06,4.4884453600569865,9.08844536005699,False,0.03239465213147332,6.023859199239452,0,,
660,662,0.07254545454545454,15.19986368413976,0.05909090909090909,0.09,12.799863684139769,17.69986368413975,False,0.015750055813916003,6.007214602921895,0,,
662,664,0.3090909090909091,11.348976999553248,0.2636363636363636,0.36363636363636365,10.048976999553252,12.748976999553243,True,0.020020087833287965,6.011484634941267,0,,
663,665,0.06909090909090909,12.380486313493146,0.05545454545454545,0.08272727272727273,9.880486313493154,14.480486313493138,False,0.0449919461734565,6.0364564932814355,0,,
664,666,0.19454545454545455,17.89556648219977,0.16454545454545455,0.2272727272727273,16.395566482199776,19.095566482199764,True,0.024823488091309374,6.016288035199288,0,,
665,667,0.2,17.430308659288094,0.17545454545454547,0.2272727272727273,16.530308659288096,18.33030865928809,True,0.007152149667654574,5.998616696775634,0,,
666,668,0.07727272727272727,16.542914041241296,0.05818181818181818,0.10363636363636364,13.142914041241308,19.742914041241285,True,0.015693304602570308,6.0071578517105495,0,,
667,669,0.08636363636363636,12.821120708628536,0.05909090909090909,0.12090909090909091,8.421120708628552,16.721120708628522,True,0.00020436595285951183,5.991668913060838,0,,
668,670,0.049090909090909095,10.695499192223696,0.034545454545454546,0.06909090909090909,6.89549919222371,14.395499192223683,True,0.023725464568587512,6.015190011676567,0,,
669,671,0.08545454545454545,10.688507054538503,0.06636363636363636,0.11,7.588507054538514,13.488507054538493,False,0.0039178326212496225,5.995382379729229,0,,
670,672,0.16454545454545455,8.848677640650342,0.1481818181818182,0.1890909090909091,7.048677640650341,10.048677640650343,False,0.10807833915335031,6.09954288626133,0,,
671,673,0.14272727272727273,8.551648374259326,0.12090909090909091,0.1590909090909091,6.351648374259324,10.251648374259327,False,0.058117687220596695,6.049582234328576,0,,
672,674,0.013636363636363636,20.894694470800573,0.01,0.02,17.294694470800586,25.194694470800556,True,0.02610783831993458,6.017572385427914,0,,
673,675,0.15545454545454546,16.796965238739784,0.13363636363636364,0.1809090909090909,14.596965238739791,18.796965238739777,True,0.03309891592786348,6.024563463035842,0,,
674,676,0.012272727272727272,15.603923436327323,0.010454545454545454,0.014545454545454545,13.903923436327329,17.503923436327316,True,0.026949411654056434,6.018413958762036,0,,
675,677,0.04181818181818182,6.1920151771693055,0.034545454545454546,0.05181818181818182,4.292015177169304,8.692015177169306,True,0.020840881058922366,6.0123054281669015,0,,
676,678,0.08727272727272727,17.407193120016448,0.07,0.10818181818181818,14.707193120016457,19.70719312001644,False,0.0016063481433089765,5.993070895251288,0,,
678,680,0.2727272727272727,10.105493830494469,0.23636363636363636,0.32727272727272727,8.805493830494473,11.705493830494463,True,0.04638998582825958,6.0378545329362385,0,,
679,681,0.39090909090909093,10.425035668771175,0.2909090909090909,0.609090909090909,7.825035668771184,14.025035668771162,True,0.01039104383073186,6.001855590938711,0,,
680,682,0.2727272727272727,8.951252264236425,0.2272727272727273,0.3090909090909091,7.551252264236423,10.051252264236425,True,0.08964334611720337,6.081107893225182,0,,
681,683,0.13727272727272727,30.44526333580624,0.13363636363636364,0.1390909090909091,30.145263335806234,30.44526333580624,False,25.78245139174771,31.773915938855687,0,,
682,684,0.13727272727272727,3.9000000000000004,0.12272727272727273,0.15363636363636363,2.4000000000000004,5.5,False,0.022473290473387413,6.013937837581366,0,,
683,685,0.017727272727272727,6.847901372304588,0.015,0.02181818181818182,5.347901372304587,8.94790137230459,True,0.018445813128625532,6.009910360236605,0,,
684,686,0.4363636363636364,4.800000000000001,0.32727272727272727,0.6454545454545454,2.3000000000000003,8.0,True,0.0013294327579019536,5.992793979865881,0,,
686,688,0.04181818181818182,6.631326185049119,0.035454545454545454,0.04818181818181819,4.931326185049117,8.33132618504912,False,0.03779004640212948,6.0292545935101085,0,,
687,689,0.1090909090909091,7.160051736509587,0.09090909090909091,0.12272727272727273,5.160051736509585,8.760051736509588,False,0.02248520578424549,6.013949752892224,0,,
688,690,0.05181818181818182,10.262658305489229,0.04363636363636364,0.06545454545454546,8.262658305489236,12.76265830548922,False,0.0351171411993134,6.026581688307292,0,,
689,691,0.02727272727272727,8.481093001142078,0.015454545454545453,0.049090909090909095,3.7810930011420734,13.781093001142082,True,0.0009923902007244047,5.992456937308703,0,,
690,692,0.06545454545454546,12.548726979736223,0.05272727272727273,0.08181818181818182,10.148726979736232,15.248726979736213,False,0.01756103481344955,6.009025581921429,0,,
691,693,0.014545454545454545,16.53612472034079,0.011818181818181818,0.01863636363636364,14.0361247203408,19.03612472034078,True,0.02170393353642274,6.013168480644402,0,,
692,694,0.019545454545454546,6.510359489098671,0.017272727272727273,0.023636363636363636,5.2103594890986695,8.410359489098674,True,0.0805285095883967,6.071993056696376,0,,
693,695,0.03636363636363636,5.077050051032429,0.03,0.04363636363636364,3.377050051032429,6.977050051032429,False,0.06784316137015178,6.059307708478131,0,,
694,696,0.03909090909090909,12.70480319170506,0.02909090909090909,0.049090909090909095,9.90480319170507,15.204803191705052,True,0.0326673046478931,6.024131851755872,0,,
695,697,0.19454545454545455,9.563277826963674,0.17,0.2181818181818182,8.663277826963677,10.363277826963671,False,0.06563403593613973,6.057098583044119,0,,
696,698,0.2818181818181818,16.43178321849677,0.2181818181818182,0.35454545454545455,14.531783218496777,18.43178321849676,True,0.03452261799445352,6.025987165102433,0,,
697,699,0.12090909090909091,19.966910574056815,0.09454545454545454,0.14454545454545453,16.966910574056826,22.466910574056804,False,0.005816254175133624,5.997280801283113,0,,
698,700,0.07036363636363636,6.721079471229325,0.05090909090909091,0.09363636363636364,3.221079471229322,10.021079471229328,True,0.006660459492106185,5.998125006600085,0,,
699,701,0.09545454545454546,12.575710241985561,0.05818181818181818,0.1409090909090909,7.37571024198558,17.375710241985544,True,0.001052461069831159,5.99251700817781,0,,
700,702,0.34545454545454546,8.013176852710629,0.2636363636363636,0.4909090909090909,5.713176852710628,11.213176852710632,True,0.009635897124462028,6.001100444232441,0,,
701,703,0.2727272727272727,6.411083134039242,0.23636363636363636,0.3181818181818182,5.31108313403924,7.811083134039243,True,0.01835234666035665,6.009816893768336,0,,
702,704,0.1890909090909091,6.307559273117106,0.16454545454545455,0.2090909090909091,5.107559273117104,7.107559273117107,False,0.25633760958193,6.247802156689909,0,,
703,705,0.4909090909090909,4.0,0.2909090909090909,0.9727272727272728,0.0,8.700000000000001,True,0.0016668804806845778,5.993131427588664,0,,
705,707,0.02727272727272727,11.209025328338807,0.02181818181818182,0.035454545454545454,8.909025328338815,13.909025328338798,True,0.15826049050911248,6.149725037617092,0,,
706,708,0.02,12.826189256049322,0.015454545454545453,0.02727272727272727,10.126189256049331,15.826189256049311,True,0.004017477504195548,5.9954820246121745,0,,
707,709,0.2272727272727273,4.800000000000001,0.18363636363636365,0.2818181818181818,3.4000000000000004,6.4,True,0.0730176996575562,6.064482246765535,0,,
709,711,0.15181818181818182,6.277832388134743,0.13727272727272727,0.16272727272727272,4.877832388134742,7.577832388134745,False,0.10461056736065041,6.096075114468629,0,,
710,712,0.3,7.454234122212855,0.2727272727272727,0.34545454545454546,6.654234122212855,8.854234122212857,True,0.16668958974159398,6.158154136849573,0,,
711,713,0.19454545454545455,10.08204948459841,0.17545454545454547,0.2181818181818182,9.382049484598413,10.782049484598408,False,0.04192940771963484,6.033393954827614,0,,
712,714,0.24545454545454545,8.158096751257913,0.18363636363636365,0.3,6.1580967512579114,9.858096751257914,True,0.04226877450131135,6.03373332160929,0,,
713,715,0.15363636363636363,8.031892814702871,0.13363636363636364,0.17545454545454547,6.131892814702871,10.031892814702875,False,0.05857579428417013,6.050040341392149,0,,
714,716,0.19454545454545455,12.042466724723544,0.16454545454545455,0.2272727272727273,10.64246672472355,13.34246672472354,True,0.009688688061439563,6.001153235169419,0,,
715,717,0.2272727272727273,11.327594709356852,0.1972727272727273,0.2545454545454545,10.427594709356855,12.327594709356848,False,0.03940555910438512,6.030870106212364,0,,
716,718,0.38181818181818183,5.210175118706177,0.2818181818181818,0.5454545454545454,2.5101751187061767,8.110175118706177,True,0.03211714225508847,6.023581689363067,0,,
717,719,0.019545454545454546,13.991713570764695,0.015909090909090907,0.024545454545454544,11.791713570764703,16.291713570764685,True,0.0439135241591335,6.035378071267113,0,,
718,720,0.1590909090909091,15.19443323251783,0.13727272727272727,0.19181818181818183,12.994433232517839,17.094433232517822,True,0.004421862195462307,5.995886409303441,0,,
719,721,0.2272727272727273,9.069676011020778,0.17272727272727273,0.2818181818181818,7.269676011020785,10.969676011020772,True,0.023677968318051367,6.015142515426031,0,,
720,722,0.7272727272727273,13.88385094401534,0.4818181818181818,1.190909090909091,10.68385094401535,17.683850944015326,True,0.0014755157279139368,5.992940062835893,0,,
722,724,0.11727272727272728,8.105254342821109,0.09818181818181819,0.13727272727272727,6.005254342821106,10.20525434282111,False,0.011505149704053969,6.002969696812033,0,,
723,725,0.5636363636363636,15.872592882439701,0.39090909090909093,0.9636363636363636,12.872592882439712,19.972592882439685,True,0.0007497467393387235,5.992214293847318,0,,
725,727,0.5545454545454546,12.078918390963107,0.38181818181818183,0.9818181818181818,8.878918390963118,16.57891839096309,True,0.001509968276844998,5.992974515384824,0,,
726,728,0.2545454545454545,25.161711831014653,0.17545454545454547,0.35454545454545455,22.561711831014616,27.961711831014693,True,0.0047717529375647235,5.996236300045544,0,,
727,729,0.6727272727272727,25.327651215145142,0.4727272727272727,1.0181818181818183,22.527651215145102,28.527651215145188,False,0.009354850346622822,6.000819397454602,0,,
728,730,0.1972727272727273,8.861425972486185,0.17,0.2272727272727273,7.861425972486183,9.861425972486185,False,0.027132496244272032,6.018597043352251,0,,
730,732,0.2545454545454545,6.28801480082608,0.2181818181818182,0.2909090909090909,5.188014800826078,7.388014800826081,True,0.03148998604309052,6.022954533151069,0,,
731,733,0.034545454545454546,19.071794013348516,0.028181818181818183,0.04272727272727273,17.171794013348524,21.371794013348506,True,0.013760153590178915,6.005224700698158,0,,
732,734,0.035454545454545454,11.750585314453202,0.028181818181818183,0.04363636363636364,9.55058531445321,13.950585314453194,True,0.005749445873747065,5.9972139929817265,0,,
734,736,0.35454545454545455,24.654067601331903,0.2818181818181818,0.4363636363636364,22.654067601331874,26.45406760133193,False,0.060867515268056074,6.052332062376035,0,,
735,737,0.015454545454545453,4.9,0.013181818181818182,0.019090909090909092,3.1,6.9,True,0.04480686294795571,6.036271410055935,0,,
738,740,0.019545454545454546,4.6000000000000005,0.014090909090909091,0.028181818181818183,1.1,8.5,True,0.0056799585518518166,5.997144505659831,0,,
739,741,0.03636363636363636,4.7,0.02909090909090909,0.04454545454545455,2.7,6.800000000000001,True,0.004843895501831689,5.996308442609811,0,,
741,743,0.2090909090909091,22.1109635725063,0.1809090909090909,0.24545454545454545,21.210963572506287,23.51096357250632,True,0.29431790414714776,6.285782451255127,0,,
742,744,0.05909090909090909,21.101181712053314,0.04727272727272727,0.0710909090909091,18.70118171205328,23.201181712053344,False,0.032654011049912696,6.024118558157892,0,,
743,745,0.10090909090909092,24.2408810695243,0.06909090909090909,0.13363636363636364,20.04088106952424,27.94088106952435,True,0.000204384529536111,5.991668931637515,0,,
744,746,0.023636363636363636,14.212994870267394,0.01863636363636364,0.02909090909090909,11.812994870267403,16.712994870267387,True,0.013884094464614027,6.005348641572593,0,,
746,748,0.24545454545454545,30.44526333580624,0.2272727272727273,0.2545454545454545,29.94526333580623,30.44526333580624,False,16.65268943291931,22.64415398002729,0,,
747,749,0.4181818181818182,15.419970791211158,0.35454545454545455,0.4818181818181818,14.019970791211163,16.719970791211153,False,0.09142230112747295,6.082886848235452,0,,
749,751,0.3090909090909091,24.682901342702202,0.2545454545454545,0.37272727272727274,22.982901342702178,26.382901342702226,False,0.020757520759990957,6.01222206786797,0,,
750,752,0.1572727272727273,9.393645497889366,0.14272727272727273,0.17,7.993645497889371,10.793645497889361,False,0.07719759471384607,6.068662141821825,0,,
753,755,0.011818181818181818,12.06348087991142,0.01,0.016363636363636365,9.963480879911428,15.663480879911408,True,0.015175159232994546,6.006639706340974,0,,
754,756,0.02727272727272727,10.80516479102168,0.02181818181818182,0.03727272727272728,8.405164791021688,13.905164791021669,True,0.051286627033366,6.042751174141345,0,,
756,758,0.034545454545454546,9.640439749599958,0.028181818181818183,0.04363636363636364,7.540439749599965,11.94043974959995,True,0.009384529544968327,6.000849076652948,0,,
757,759,0.4,14.407587997694405,0.36363636363636365,0.4636363636363636,13.507587997694408,15.7075879976944,False,0.04464190004819058,6.03610644715617,0,,
758,760,0.04181818181818182,10.190736142327971,0.031818181818181815,0.05272727272727273,7.59073614232798,12.790736142327962,True,0.008022099005231029,5.99948664611321,0,,
760,762,0.4727272727272727,7.818208050551959,0.38181818181818183,0.6818181818181818,5.8182080505519576,10.718208050551961,True,0.027572936967453675,6.019037484075433,0,,
761,763,0.035454545454545454,5.614793197867059,0.02727272727272727,0.04727272727272727,3.014793197867057,8.814793197867061,True,0.03021036399708121,6.02167491110506,0,,
762,764,0.14454545454545453,12.557123539862783,0.13181818181818183,0.1590909090909091,11.257123539862787,13.957123539862778,False,0.09112784165216563,6.082592388760145,0,,
763,765,0.14272727272727273,7.330885021440382,0.1190909090909091,0.16272727272727272,5.03088502144038,9.430885021440385,False,0.040829462933153135,6.032294010041132,0,,
764,766,0.08818181818181818,30.44526333580624,0.08181818181818182,0.09181818181818181,29.645263335806227,30.44526333580624,False,17.496598120567565,23.488062667675543,0,,
765,767,0.8272727272727273,29.04526333580622,0.6818181818181818,1.0,27.545263335806197,30.44526333580624,False,0.03810812674024389,6.029572673848223,0,,
767,769,0.23636363636363636,9.709393640560059,0.2181818181818182,0.2636363636363636,9.10939364056006,10.709393640560055,False,0.07798302239563545,6.069447569503614,0,,
768,770,0.06909090909090909,11.187779044088643,0.056363636363636366,0.08363636363636363,8.887779044088651,13.487779044088635,False,0.0470761752070528,6.038540722315032,0,,
770,772,0.2909090909090909,3.5,0.2636363636363636,0.34545454545454546,2.6,4.9,True,0.07363541206796397,6.065099959175943,0,,
771,773,0.026363636363636363,9.45023236140147,0.024545454545454544,0.02909090909090909,8.650232361401473,10.650232361401466,False,0.19934972503279427,6.1908142721407735,0,,
773,775,0.14454545454545453,8.007634173932805,0.12818181818181817,0.16090909090909092,6.407634173932804,9.607634173932807,False,0.005863000059906962,5.997327547167886,0,,
774,776,0.09909090909090909,16.379440937467905,0.08,0.11727272727272728,14.179440937467914,18.5794409374679,False,0.005157694092482203,5.996622241200461,0,,
775,777,0.2181818181818182,25.32236515262347,0.17272727272727273,0.2727272727272727,23.722365152623446,26.92236515262349,True,0.007405518685598616,5.998870065793578,0,,
776,778,0.6272727272727272,30.44526333580624,0.5272727272727272,0.6545454545454545,29.04526333580622,30.44526333580624,False,1.1849429514657714,7.1764074985737505,0,,
777,779,0.15545454545454546,30.44526333580624,0.15363636363636363,0.1590909090909091,30.145263335806234,30.44526333580624,False,34.97290037025679,40.96436491736477,0,,
778,780,0.06363636363636364,15.642007326158838,0.04818181818181819,0.08,12.642007326158849,18.44200732615883,True,0.021919558764491465,6.01338410587247,0,,
779,781,0.2636363636363636,8.42172730269117,0.2090909090909091,0.3181818181818182,6.721727302691169,10.021727302691172,True,0.14682091642478023,6.1382854635327595,0,,
780,782,0.04454545454545455,11.33202498032774,0.034545454545454546,0.05909090909090909,8.832024980327748,14.532024980327728,True,0.015289198350882615,6.0067537454588615,0,,
781,783,0.6454545454545454,10.659902004779982,0.4818181818181818,0.9090909090909091,8.35990200477999,13.259902004779972,True,0.010872829362238066,6.0023373764702175,0,,
782,784,0.7363636363636363,14.320087945598386,0.4909090909090909,1.1454545454545455,11.020087945598398,17.720087945598372,True,0.02729087498966565,6.0187554220976445,0,,
783,785,0.06727272727272728,6.417214888058452,0.057272727272727274,0.07954545454545454,4.6172148880584505,8.417214888058453,False,0.036942608250781814,6.028407155358761,0,,
784,786,0.010454545454545454,9.722256253861508,0.01,0.014090909090909091,8.622256253861512,12.922256253861496,True,0.005121373703837251,5.996585920811817,0,,
785,787,0.24545454545454545,11.431632703504496,0.2,0.2818181818181818,10.1316327035045,12.631632703504492,True,0.07894876464302711,6.070413311751006,0,,
786,788,0.3090909090909091,8.153629486699542,0.2818181818181818,0.34545454545454546,7.253629486699541,9.053629486699542,True,0.2281394131203037,6.219603960228283,0,,
787,789,0.5363636363636364,2.0,0.39090909090909093,1.0727272727272728,0.0,6.9,True,0.00038651246968571815,5.991851059577665,0,,
788,790,0.09181818181818181,7.8384347610199585,0.07281818181818181,0.11181818181818182,5.1384347610199566,10.03843476101996,False,0.011373560960050006,6.002838108068029,0,,
789,791,0.24545454545454545,12.285853269741217,0.2090909090909091,0.2818181818181818,11.085853269741222,13.385853269741213,True,0.005949860461299188,5.997414407569278,0,,
790,792,0.16636363636363638,8.95449167571428,0.14272727272727273,0.2,6.654491675714278,10.554491675714281,True,0.09748988218425703,6.088954429292236,0,,
791,793,0.2727272727272727,11.018423363592856,0.23636363636363636,0.3181818181818182,9.71842336359286,12.318423363592851,True,0.014861339461569631,6.006325886569549,0,,
792,794,0.045454545454545456,30.445249076890903,0.035454545454545454,0.05090909090909091,27.845249076890866,30.445249076890903,False,19.436433361275494,25.42789790838347,0,,
793,795,0.2545454545454545,22.610372941670025,0.2090909090909091,0.3,21.210372941670006,24.010372941670045,False,0.02417435259135847,6.015638899699337,0,,
795,797,0.16636363636363638,18.829376496112545,0.15,0.1972727272727273,17.129376496112553,20.129376496112542,True,0.03212811525799972,6.023592662365979,0,,
798,800,0.014090909090909091,6.003489714643114,0.01090909090909091,0.01863636363636364,3.203489714643111,8.903489714643117,True,0.07088065230162978,6.0623451994096085,0,,
799,801,0.2272727272727273,9.412155587367959,0.1890909090909091,0.2636363636363636,8.112155587367964,10.712155587367954,True,0.03920189147553812,6.030666438583517,0,,
800,802,0.2090909090909091,5.449148208841985,0.17545454545454547,0.24545454545454545,4.249148208841985,6.649148208841985,True,0.0941515106521958,6.085616057760175,0,,
801,803,0.023636363636363636,22.222391376099665,0.014545454545454545,0.03909090909090909,17.422391376099597,27.322391376099738,True,0.006554550838544759,5.998019097946524,0,,
802,804,0.4,8.384378855641081,0.3181818181818182,0.5363636363636364,6.28437885564108,10.784378855641084,True,0.027598826263085744,6.019063373371065,0,,
803,805,0.06636363636363636,18.746168268148693,0.04818181818181819,0.08909090909090908,15.146168268148704,22.24616826814868,True,0.004946584741413604,5.996411131849393,0,,
804,806,0.34545454545454546,7.959872198286154,0.2909090909090909,0.4090909090909091,6.559872198286154,9.459872198286156,True,0.08416601699379092,6.07563056410177,0,,
805,807,0.12818181818181817,13.815701555523749,0.11545454545454546,0.1409090909090909,12.315701555523754,15.015701555523744,False,0.026766436482217243,6.018230983590196,0,,
806,808,0.2727272727272727,9.184181631028155,0.2545454545454545,0.2909090909090909,8.584181631028157,9.884181631028152,False,0.5122794041942859,6.503743951302265,0,,
807,809,0.10090909090909092,11.011619836617784,0.08454545454545455,0.11363636363636363,9.21161983661779,12.511619836617779,False,0.07933762335665767,6.070802170464637,0,,
808,810,0.01090909090909091,11.574762715134952,0.01,0.015,10.074762715134957,15.274762715134939,True,0.012457098403478294,6.003921645511458,0,,
809,811,0.015,10.681852680338515,0.011818181818181818,0.02,7.781852680338526,13.581852680338505,True,0.02117545048110131,6.012639997589081,0,,
810,812,0.12272727272727273,11.678057586300104,0.08909090909090908,0.15181818181818182,8.078057586300117,14.678057586300094,True,0.009808970644626895,6.0012735177526055,0,,
811,813,0.13727272727272727,11.871697068621868,0.11727272727272728,0.15363636363636363,9.771697068621876,13.571697068621862,False,0.04010481332188334,6.031569360429862,0,,
812,814,0.509090909090909,7.672944507243587,0.4181818181818182,0.6818181818181818,6.0729445072435855,9.872944507243588,True,0.0057597555488397975,5.997224302656819,0,,
813,815,0.07954545454545454,13.765164037380089,0.06818181818181819,0.09454545454545454,11.865164037380096,15.565164037380082,False,0.010333828086218732,6.0017983751941975,0,,
815,817,0.09454545454545454,25.801743778822456,0.07545454545454545,0.11545454545454546,23.20174377882242,28.101743778822488,False,0.010979804418188983,6.002444351526168,0,,
816,818,0.4090909090909091,22.267244167182287,0.34545454545454546,0.5,20.667244167182265,24.067244167182313,False,0.016326218821802553,6.007790765929782,0,,
817,819,0.05818181818181818,16.405427696881898,0.04727272727272727,0.07390909090909091,14.205427696881905,19.205427696881888,False,0.01436856689942147,6.005833114007401,0,,
818,820,0.2818181818181818,11.200162114200415,0.2545454545454545,0.3090909090909091,10.300162114200418,11.900162114200413,True,0.011789200137931232,6.00325374724591,0,,
819,821,0.2909090909090909,4.3,0.24545454545454545,0.34545454545454546,2.9000000000000004,5.800000000000001,True,0.13965830623525613,6.131122853343236,0,,
820,822,1.309090909090909,4.866963063930724,0.6454545454545454,1.4,0.2669630639307252,6.466963063930724,True,0.0004175103127609167,5.99188205742074,0,,
821,823,0.05181818181818182,21.18675301721736,0.04,0.06909090909090909,18.186753017217317,24.286753017217404,True,0.03533102546436427,6.026795572572343,0,,
823,825,0.03,9.134438641641164,0.026363636363636363,0.03727272727272728,7.53443864164117,11.134438641641157,True,0.053824483666065195,6.045289030774044,0,,
824,826,0.4909090909090909,8.879047081405668,0.4,0.6363636363636364,7.079047081405674,10.87904708140566,True,0.022809849347956337,6.014274396455935,0,,
825,827,0.045454545454545456,5.686846316295843,0.035454545454545454,0.06,3.0868463162958433,8.886846316295841,True,0.019565122499554128,6.011029669607534,0,,
826,828,0.03272727272727273,7.460959492179504,0.028181818181818183,0.04,5.960959492179503,9.460959492179505,False,0.10528940593015365,6.0967539530381325,0,,
828,830,0.10545454545454545,20.974419753411,0.08636363636363636,0.12636363636363637,18.774419753410967,23.27441975341103,False,0.017636886894012455,6.009101434001992,0,,
829,831,0.07145454545454545,15.05706009203031,0.060909090909090906,0.08363636363636363,13.157060092030317,16.857060092030302,False,0.031175127074421674,6.0226396741824,0,,
830,832,0.12090909090909091,16.40208313299585,0.10727272727272727,0.13545454545454547,14.902083132995855,18.002083132995843,False,0.023796803848460828,6.01526135095644,0,,
831,833,0.10727272727272727,6.416693556015191,0.08636363636363636,0.12272727272727273,4.116693556015189,8.216693556015192,False,0.09653906237414835,6.0880036094821275,0,,
832,834,0.015909090909090907,14.655670039325344,0.013636363636363636,0.01863636363636364,12.95567003932535,16.255670039325338,True,0.03501576560337922,6.026480312711358,0,,
833,835,0.06909090909090909,25.002067502403072,0.05,0.09090909090909091,21.502067502403023,28.30206750240312,True,0.02187274095301065,6.01333728806099,0,,
834,836,0.02727272727272727,10.06474802649386,0.023636363636363636,0.03272727272727273,8.464748026493865,11.964748026493853,True,0.03940440561812756,6.030868952726107,0,,
835,837,0.04363636363636364,7.0870219724811285,0.034545454545454546,0.056363636363636366,4.687021972481126,9.98702197248113,True,0.009032966840898535,6.000497513948877,0,,
836,838,0.16818181818181818,26.445240225858985,0.14636363636363636,0.2090909090909091,24.04524022585895,28.14524022585901,True,0.05883007083809889,6.050294617946078,0,,
837,839,0.2727272727272727,3.8000000000000003,0.23636363636363636,0.32727272727272727,2.6,5.4,True,0.0593845582555296,6.0508491053635085,0,,
838,840,0.13181818181818183,14.046331512468717,0.09818181818181819,0.16090909090909092,10.24633151246873,17.046331512468704,True,0.013383942688633124,6.004848489796612,0,,
839,841,0.2272727272727273,9.304295007449845,0.18363636363636365,0.2727272727272727,7.90429500744985,10.70429500744984,True,0.020416907985262127,6.011881455093241,0,,
840,842,0.034545454545454546,14.624589674899067,0.024545454545454544,0.05090909090909091,11.02458967489908,18.924589674899053,True,0.0029561763762039703,5.994420723484183,0,,
841,843,0.019545454545454546,12.577170820566135,0.01681818181818182,0.023636363636363636,10.97717082056614,14.377170820566128,True,0.004172472716018257,5.995637019823997,0,,
842,844,0.2545454545454545,14.364696939961224,0.2090909090909091,0.2909090909090909,12.964696939961229,15.56469693996122,True,0.012442985005784973,6.003907532113764,0,,
843,845,0.4090909090909091,5.4236696139501035,0.33636363636363636,0.5,3.623669613950104,7.223669613950103,True,0.027887149064955357,6.019351696172935,0,,
844,846,0.013181818181818182,22.307573776223855,0.01,0.02181818181818182,18.5075737762238,27.00757377622392,True,0.0027070180518539524,5.994171565159833,0,,
845,847,0.24545454545454545,10.55016431253625,0.2181818181818182,0.2636363636363636,9.550164312536253,11.150164312536248,False,0.11972234944173918,6.111186896549718,0,,
846,848,0.5727272727272728,14.25807889864133,0.4363636363636364,0.8181818181818182,11.958078898641338,17.05807889864132,True,0.018661713114850226,6.01012626022283,0,,
847,849,0.07336363636363635,14.221540658209625,0.060909090909090906,0.08636363636363636,12.021540658209632,16.22154065820962,False,0.01452742228513157,6.0059919693931105,0,,
848,850,0.1481818181818182,7.544522894008807,0.13,0.16636363636363638,5.7445228940088064,9.44452289400881,False,0.052398753850656364,6.043863300958636,0,,
849,851,0.05090909090909091,13.127936672259352,0.04,0.07036363636363636,10.227936672259363,16.72793667225934,True,0.015056593957413137,6.0065211410653925,0,,
850,852,0.024545454545454544,15.628679128734541,0.01818181818181818,0.03272727272727273,12.428679128734553,18.72867912873453,True,0.055059620257764105,6.046524167365743,0,,
851,853,0.08545454545454545,18.06755223469125,0.07,0.10545454545454545,15.667552234691255,20.36755223469124,False,0.013997155049313058,6.005461702157292,0,,
852,854,0.07681818181818181,17.371631821417708,0.057272727272727274,0.10090909090909092,13.971631821417718,20.371631821417694,True,0.002823593567213478,5.9942881406751924,0,,
853,855,0.08818181818181818,6.2760541713377735,0.07227272727272727,0.10818181818181818,3.9760541713377715,8.476054171337776,False,0.021755239042597373,6.013219786150576,0,,
854,856,0.2909090909090909,8.65113303989874,0.2636363636363636,0.33636363636363636,7.851133039898739,9.95113303989874,True,0.019775554561464313,6.0112401016694434,0,,
855,857,0.13181818181818183,12.090393864625542,0.11181818181818182,0.14636363636363636,9.89039386462555,13.590393864625536,False,0.04791104083120636,6.039375587939185,0,,
856,858,0.17545454545454547,11.664972856482201,0.1572727272727273,0.2,10.064972856482207,12.664972856482198,True,0.013745545220667222,6.005210092328646,0,,
857,859,0.15363636363636363,8.225011051225788,0.1390909090909091,0.16818181818181818,6.725011051225787,9.725011051225788,False,0.011508258656401935,6.002972805764381,0,,
858,860,0.02181818181818182,8.584297034623322,0.017727272727272727,0.026363636363636363,6.48429703462332,10.684297034623324,True,0.018508927787563488,6.009973474895543,0,,
859,861,0.011818181818181818,13.507356398581924,0.01,0.014545454545454545,11.707356398581931,15.807356398581916,True,0.07093809047693442,6.062402637584913,0,,
860,862,0.06727272727272728,11.690054072508943,0.05454545454545455,0.08272727272727273,9.290054072508951,14.190054072508934,False,0.03466226439148625,6.0261268114994655,0,,
861,863,0.05454545454545455,11.38462636688962,0.030909090909090907,0.09,6.284626366889638,16.284626366889604,True,0.003109067445938161,5.994573614553917,0,,
862,864,0.024545454545454544,16.384327644877928,0.01818181818181818,0.034545454545454546,13.384327644877938,19.984327644877915,True,0.03738088514673346,6.0288454322547125,0,,
863,865,0.14454545454545453,10.514622138230745,0.11363636363636363,0.1809090909090909,7.214622138230757,13.514622138230735,True,0.006226391359748618,5.997690938467728,0,,
864,866,0.011363636363636364,10.747790673016796,0.01,0.013181818181818182,9.347790673016801,12.44779067301679,True,0.029382496211010006,6.020847043318989,0,,
865,867,0.03363636363636364,16.845002850091944,0.02727272727272727,0.04363636363636364,14.545002850091953,19.445002850091935,True,0.04689373708119167,6.0383582841891705,0,,
866,868,0.031818181818181815,4.7,0.02727272727272727,0.03909090909090909,3.0,6.6000000000000005,False,0.03719684466531515,6.028661391773294,0,,
867,869,0.02090909090909091,18.351771912537576,0.015454545454545453,0.028181818181818183,15.351771912537586,21.551771912537564,True,0.020759195317999177,6.012223742425978,0,,
868,870,0.37272727272727274,3.9000000000000004,0.2727272727272727,0.5181818181818182,1.3,6.7,True,0.0390883285637878,6.030552875671767,0,,
869,871,0.06636363636363636,9.567023386393064,0.05272727272727273,0.08272727272727273,7.067023386393073,12.167023386393055,False,0.02640938270127899,6.017873929809258,0,,
870,872,0.23636363636363636,2.7,0.19454545454545455,0.2818181818181818,1.4000000000000001,4.1000000000000005,True,0.019703731398298018,6.011168278506277,0,,
871,873,0.025454545454545455,8.23101052011479,0.01681818181818182,0.04090909090909091,4.031010520114785,13.031010520114794,True,0.016833292706000903,6.00829783981398,0,,
872,874,0.3090909090909091,4.1000000000000005,0.2545454545454545,0.38181818181818183,2.4000000000000004,6.0,True,0.03872086341554153,6.03018541052352,0,,
873,875,0.36363636363636365,7.148094709891007,0.3090909090909091,0.4272727272727273,5.648094709891006,8.548094709891009,True,0.004154242357002546,5.995618789464982,0,,
874,876,0.02,11.13504855824913,0.015454545454545453,0.026363636363636363,8.43504855824914,13.93504855824912,True,0.00871000974747592,6.0001745568554545,0,,
876,878,0.09727272727272727,7.080919103939568,0.07772727272727273,0.11363636363636363,4.680919103939566,9.08091910393957,False,0.03628234290238811,6.027746890010367,0,,
877,879,0.14272727272727273,9.732267872740994,0.12090909090909091,0.16090909090909092,7.532267872741002,11.732267872740987,False,0.011035745846879094,6.002500292954858,0,,
878,880,0.016363636363636365,9.957192853947248,0.014545454545454545,0.019090909090909092,8.657192853947253,11.357192853947243,True,0.10575096108893058,6.09721550819691,0,,
880,882,0.10454545454545455,10.76320245739905,0.08818181818181818,0.11727272727272728,9.063202457399056,12.263202457399045,False,0.012580948570067162,6.004045495678046,0,,
881,883,0.16090909090909092,7.018594409051638,0.1409090909090909,0.19181818181818183,5.118594409051637,8.81859440905164,False,0.006325699517444592,5.997790246625423,0,,
882,884,0.02909090909090909,15.880265244133987,0.022727272727272728,0.03909090909090909,13.180265244133997,18.680265244133977,True,0.005570791754821025,5.9970353388628,0,,
883,885,0.08454545454545455,17.589669516163895,0.06545454545454546,0.10636363636363637,14.489669516163907,20.089669516163887,False,0.03723605237757113,6.02870059948555,0,,
884,886,0.17545454545454547,12.984839703787019,0.15545454545454546,0.2090909090909091,11.284839703787025,14.184839703787015,True,0.11849019844769014,6.109954745555669,0,,
885,887,0.13363636363636364,8.366456933613359,0.11363636363636363,0.15,6.166456933613357,10.06645693361336,False,0.10825191971295059,6.099716466820929,0,,
886,888,0.030909090909090907,12.23164740946052,0.025454545454545455,0.038181818181818185,10.031647409460527,14.031647409460513,True,0.07330107915529843,6.064765626263277,0,,
887,889,0.016363636363636365,11.142994700181545,0.013636363636363636,0.02,9.042994700181552,13.242994700181537,True,0.05386635300391151,6.045330900111891,0,,
888,890,0.32727272727272727,2.6,0.23636363636363636,0.4818181818181818,0.0,5.9,True,0.0098280240945405,6.001292571202519,0,,
889,891,0.37272727272727274,3.2,0.2636363636363636,0.6181818181818182,0.2,7.4,True,0.020066129689994515,6.011530676797974,0,,
890,892,0.07909090909090909,12.900703151554664,0.06636363636363636,0.09545454545454546,10.700703151554672,14.900703151554657,False,0.007110365414932921,5.998574912522912,0,,
891,893,0.02090909090909091,11.72613666118175,0.015909090909090907,0.02727272727272727,8.92613666118176,14.42613666118174,True,0.0322976414989041,6.0237621886068835,0,,
892,894,0.013636363636363636,12.672610832412367,0.011363636363636364,0.016363636363636365,10.772610832412374,14.67261083241236,True,0.024159278674949124,6.015623825782928,0,,
893,895,0.02090909090909091,8.83590350813261,0.01818181818181818,0.024545454545454544,7.335903508132615,10.435903508132604,True,0.0771487183122725,6.068613265420251,0,,
894,896,0.04272727272727273,11.836956279132687,0.03363636363636364,0.05545454545454545,9.536956279132696,14.936956279132676,True,0.03934822503582791,6.030812772143807,0,,
895,897,0.053636363636363635,15.429326189770208,0.045454545454545456,0.06454545454545454,13.529326189770215,17.4293261897702,False,0.0021734300853371263,5.993637977193316,0,,
896,898,0.035454545454545454,6.393265033361618,0.02909090909090909,0.04272727272727273,4.493265033361618,8.293265033361617,False,0.15795536577891323,6.149419912886892,0,,
897,899,0.36363636363636365,5.948760524745562,0.3181818181818182,0.4090909090909091,4.7487605247455615,6.9487605247455635,True,0.014863950712528124,6.006328497820507,0,,
898,900,0.022727272727272728,6.545930761801324,0.01863636363636364,0.02727272727272727,4.545930761801321,8.545930761801326,True,0.008069984137134788,5.999534531245114,0,,
899,901,0.34545454545454546,6.584494208088805,0.2818181818181818,0.4363636363636364,4.884494208088803,8.584494208088806,True,0.03154217836404812,6.023006725472027,0,,
900,902,0.16818181818181818,7.775582957013293,0.15181818181818182,0.2,5.975582957013291,8.975582957013295,False,0.07138326533304457,6.062847812441023,0,,
901,903,0.01681818181818182,11.19272922218795,0.014090909090909091,0.02,9.292729222187956,13.092729222187943,True,0.055276479400696014,6.046741026508675,0,,
902,904,0.019090909090909092,11.022485700680097,0.015909090909090907,0.022727272727272728,9.122485700680103,12.92248570068009,True,0.027821578639994196,6.019286125747973,0,,
903,905,0.022727272727272728,11.216825041765928,0.01818181818181818,0.028181818181818183,8.916825041765936,13.51682504176592,True,0.046393957950582584,6.037858505058562,0,,
904,906,0.014090909090909091,9.829831686715348,0.011818181818181818,0.01681818181818182,7.829831686715355,11.729831686715341,True,0.031238261258149616,6.0227028083661285,0,,
905,907,0.10818181818181818,8.971129966300014,0.08636363636363636,0.12636363636363637,6.571129966300012,11.071129966300015,False,0.017775893188740458,6.009240440296719,0,,
906,908,0.01863636363636364,16.444213904926634,0.014545454545454545,0.024545454545454544,13.944213904926643,19.244213904926625,True,0.09193976105071877,6.0834043081586975,0,,
907,909,0.03909090909090909,5.8067889472629055,0.031818181818181815,0.046363636363636364,3.906788947262906,7.706788947262905,False,0.13126565526692133,6.122730202374901,0,,
908,910,0.1890909090909091,12.933643805129716,0.16818181818181818,0.2090909090909091,12.033643805129719,13.633643805129713,False,0.04764319472030085,6.03910774182828,0,,
909,911,0.014090909090909091,3.9000000000000004,0.011818181818181818,0.017272727272727273,1.8,6.0,True,0.005312032491551909,5.996776579599531,0,,
910,912,0.04454545454545455,5.897757394013583,0.03636363636363636,0.05545454545454545,3.797757394013581,8.397757394013585,True,0.010723067575587799,6.002187614683566,0,,
911,913,0.44545454545454544,12.901402933792133,0.36363636363636365,0.5727272727272728,11.00140293379214,15.001402933792125,True,0.0067901681042482264,5.998254715212227,0,,
912,914,0.023636363636363636,12.558093393588848,0.019545454545454546,0.026363636363636363,10.658093393588855,13.758093393588844,True,0.3776798900598102,6.369144437167789,0,,
913,915,0.06727272727272728,14.020794065416581,0.053636363636363635,0.08090909090909092,11.42079406541659,16.220794065416573,False,0.028911235906432464,6.020375783014411,0,,
914,916,0.17272727272727273,5.325107297738337,0.15545454545454546,0.2090909090909091,3.7251072977383375,6.625107297738337,False,0.16397420668434293,6.155438753792322,0,,
916,918,0.23636363636363636,14.493884395852856,0.2181818181818182,0.2545454545454545,13.793884395852858,15.093884395852854,False,0.027837089773623123,6.019301636881602,0,,
917,919,0.014545454545454545,11.709490746703246,0.011818181818181818,0.01863636363636364,9.209490746703255,14.109490746703237,True,0.09867070420067749,6.090135251308657,0,,
919,921,0.05,5.707697223441825,0.04272727272727273,0.060909090909090906,3.707697223441825,7.707697223441824,False,0.05178809555259356,6.043252642660573,0,,
920,922,0.16454545454545455,11.91326887330184,0.14272727272727273,0.1972727272727273,9.713268873301848,13.513268873301834,True,0.015664070492738175,6.007128617600717,0,,
921,923,0.13181818181818183,7.906769150310516,0.10181818181818182,0.16272727272727272,4.406769150310512,11.006769150310518,True,0.018723370155085087,6.010187917263064,0,,
922,924,0.24545454545454545,3.5,0.18363636363636365,0.3181818181818182,1.5,5.6000000000000005,True,0.021565772275301657,6.01303031938328,0,,
923,925,0.2,9.109546816138675,0.16636363636363638,0.23636363636363636,7.5095468161386805,10.20954681613867,True,0.06798831640783429,6.059452863515813,0,,
924,926,0.01090909090909091,14.55029960205909,0.01,0.014545454545454545,13.350299602059094,17.75029960205908,True,0.08618475806713266,6.077649305175112,0,,
925,927,0.17272727272727273,4.4,0.1590909090909091,0.1972727272727273,3.1,5.2,False,0.04817253754946359,6.039637084657443,0,,
926,928,0.019545454545454546,5.8542425647560385,0.016363636363636365,0.024545454545454544,3.954242564756037,8.054242564756041,True,0.08953837785449076,6.08100292496247,0,,
927,929,0.01090909090909091,15.253485600629086,0.01,0.014545454545454545,14.05348560062909,18.653485600629075,True,0.03667203657428745,6.028136583682267,0,,
928,930,0.2818181818181818,12.419411501847136,0.2636363636363636,0.3181818181818182,11.819411501847139,13.419411501847133,True,0.07989875188865202,6.071363298996631,0,,
929,931,0.03,9.794153622243964,0.023636363636363636,0.04181818181818182,6.994153622243974,12.994153622243953,True,0.0625617200404465,6.0540262671484255,0,,
930,932,0.024545454545454544,10.236439373164433,0.01863636363636364,0.031818181818181815,7.436439373164443,13.136439373164423,True,0.047082075532146495,6.038546622640125,0,,
931,933,0.03,6.566614427042346,0.022727272727272728,0.04272727272727273,3.2666144270423425,9.866614427042348,True,0.025916672694094076,6.017381219802073,0,,
932,934,0.2727272727272727,8.43910069034861,0.24545454545454545,0.3090909090909091,7.53910069034861,9.539100690348612,True,0.12785923172826633,6.119323778836246,0,,
933,935,0.025454545454545455,8.409017454200118,0.019090909090909092,0.030909090909090907,5.409017454200116,10.70901745420012,True,0.08156683681710757,6.073031383925087,0,,
934,936,0.23636363636363636,5.6012310953586715,0.2090909090909091,0.2636363636363636,4.701231095358671,6.601231095358671,False,0.12321279107932465,6.114677338187303,0,,
935,937,0.07,10.092819961737222,0.057272727272727274,0.08545454545454545,7.79281996173723,12.492819961737213,False,0.01887170853106056,6.010336255639039,0,,
936,938,0.023636363636363636,12.88483186026565,0.01818181818181818,0.02909090909090909,10.18483186026566,15.284831860265642,True,0.09521748643152105,6.0866820335395,0,,
937,939,0.15363636363636363,12.929901828482942,0.13545454545454547,0.17545454545454547,11.229901828482948,14.929901828482935,False,0.05846372876816988,6.049928275876149,0,,
938,940,0.16090909090909092,11.886259009108484,0.14272727272727273,0.18363636363636365,10.08625900910849,13.386259009108478,False,0.11168918960915603,6.103153736717135,0,,
939,941,0.1590909090909091,11.767264356040382,0.14272727272727273,0.17545454545454547,10.067264356040388,13.167264356040377,False,0.04255572322686306,6.0340202703348425,0,,
940,942,0.025454545454545455,11.33109516210439,0.02,0.034545454545454546,9.031095162104398,14.531095162104378,True,0.12841346002063758,6.119878007128617,0,,
941,943,0.034545454545454546,5.283719605111852,0.02909090909090909,0.04181818181818182,3.5837196051118525,7.183719605111851,False,0.02857023482427331,6.020034781932252,0,,
942,944,0.14454545454545453,9.474797676742165,0.12090909090909091,0.16636363636363638,6.974797676742174,11.674797676742157,False,0.007271632383796153,5.998736179491775,0,,
944,946,0.022727272727272728,7.91531185195836,0.01681818181818182,0.03,4.915311851958357,11.115311851958364,True,0.005088603300113129,5.996553150408092,0,,
945,947,0.32727272727272727,11.735346878382328,0.2818181818181818,0.38181818181818183,10.535346878382333,13.035346878382324,True,0.023010300944308004,6.014474848052287,0,,
946,948,0.4909090909090909,5.154454288458997,0.3090909090909091,1.0363636363636364,1.1544542884589977,10.554454288458995,True,0.006898124103835083,5.998362671211814,0,,
947,949,0.14454545454545453,11.209288026777498,0.12090909090909091,0.16818181818181818,8.609288026777508,13.60928802677749,True,0.018547458370825127,6.010012005478804,0,,
948,950,0.04272727272727273,8.809498597492206,0.030909090909090907,0.05909090909090909,5.709498597492217,12.409498597492194,True,0.005133619371646718,5.996598166479626,0,,
950,952,0.02181818181818182,15.44116615189537,0.01818181818181818,0.02727272727272727,13.541166151895377,17.741166151895364,True,0.12280543838621902,6.114269985494198,0,,
951,953,0.34545454545454546,4.6000000000000005,0.3,0.4,3.4000000000000004,5.9,True,0.010022159940004995,6.0014867070479845,0,,
952,954,0.16454545454545455,10.351914816777633,0.14454545454545453,0.2,8.35191481677764,12.051914816777627,True,0.02279160770066963,6.014256154808649,0,,
953,955,0.35454545454545455,2.8000000000000003,0.2272727272727273,0.7,0.0,7.9,True,0.0017172513267739002,5.993181798434753,0,,
954,956,0.03727272727272728,4.6000000000000005,0.03,0.04363636363636364,2.7,6.300000000000001,False,0.00861481690812356,6.000079364016103,0,,
955,957,0.08909090909090908,12.8280977370499,0.07181818181818181,0.10818181818181818,10.228097737049909,14.928097737049892,False,0.015855711385713542,6.007320258493692,0,,
957,959,0.04090909090909091,11.662759835610542,0.02909090909090909,0.056363636363636366,8.462759835610553,15.26275983561053,True,0.008327612082737941,5.999792159190717,0,,
958,960,0.02090909090909091,11.015452261768397,0.015909090909090907,0.026363636363636363,8.315452261768407,13.515452261768388,True,0.026629765028334588,6.018094312136314,0,,
960,962,0.08727272727272727,10.428283440635713,0.06181818181818182,0.11727272727272728,6.328283440635728,13.9282834406357,True,0.006306086367175629,5.997770633475155,0,,
961,963,0.02727272727272727,14.948547918424632,0.02090909090909091,0.03727272727272728,12.148547918424642,18.04854791842462,True,0.05565313659144799,6.047117683699427,0,,
962,964,0.026363636363636363,8.393925660125245,0.022727272727272728,0.031818181818181815,6.693925660125243,10.493925660125246,True,0.00656997409469184,5.998034521202671,0,,
963,965,0.07036363636363636,13.138887199693574,0.056363636363636366,0.08545454545454545,10.638887199693583,15.538887199693566,False,0.021795136578799088,6.013259683686778,0,,
964,966,0.04727272727272727,6.354084164467683,0.03636363636363636,0.06,3.454084164467681,8.954084164467687,True,0.06843711563964895,6.059901662747628,0,,
965,967,0.3,2.8000000000000003,0.2727272727272727,0.33636363636363636,2.0,3.7,True,0.34834781844565216,6.339812365553631,0,,
966,968,0.1809090909090909,8.952868436999866,0.16090909090909092,0.2090909090909091,7.552868436999871,9.952868436999863,False,0.09558240303368364,6.087046950141663,0,,
967,969,0.053636363636363635,5.412044488471702,0.046363636363636364,0.06272727272727273,3.812044488471702,7.112044488471701,False,0.010687162357780633,6.0021517094657595,0,,
968,970,0.060909090909090906,10.260901440913607,0.04272727272727273,0.08545454545454545,6.260901440913621,14.360901440913592,True,0.0035130739843052374,5.994977621092285,0,,
969,971,0.031818181818181815,8.30065363906781,0.025454545454545455,0.04090909090909091,5.7006536390678075,10.800653639067813,True,0.028926180609523348,6.020390727717502,0,,
970,972,0.05818181818181818,5.4821395987842845,0.04454545454545455,0.075,2.5821395987842846,8.482139598784283,True,0.028119709287029674,6.019584256395008,0,,
971,973,0.16818181818181818,13.367376664075403,0.15,0.1972727272727273,11.46737666407541,14.567376664075399,True,0.028540335939794683,6.020004883047774,0,,
973,975,0.13727272727272727,12.334393801956004,0.1190909090909091,0.15363636363636363,10.434393801956011,13.934393801955999,False,0.018191029634463708,6.009655576742443,0,,
974,976,0.015909090909090907,12.30264934400129,0.013636363636363636,0.02,10.402649344001297,14.702649344001282,True,0.025820000511656546,6.017284547619636,0,,
975,977,0.36363636363636365,5.066491544692806,0.3,0.4363636363636364,3.466491544692806,6.666491544692806,True,0.04446453856069616,6.035929085668675,0,,
976,978,0.15545454545454546,11.935709405205257,0.1390909090909091,0.17,10.335709405205263,13.435709405205252,False,0.023702997993417442,6.015167545101397,0,,
977,979,0.07390909090909091,6.559766401948484,0.06,0.09090909090909091,4.059766401948481,8.859766401948486,False,0.0007065396144031169,5.992171086722382,0,,
978,980,0.010454545454545454,10.151876441423884,0.01,0.014545454545454545,9.051876441423888,13.85187644142387,True,0.01876333495135051,6.010227882059329,0,,
979,981,0.015,12.434459106967546,0.012272727272727272,0.019545454545454546,9.934459106967555,15.034459106967537,True,0.015107239336109224,6.006571786444089,0,,
980,982,0.07127272727272727,10.752206726058295,0.046363636363636364,0.1090909090909091,5.752206726058313,15.552206726058278,True,0.0021214879992381727,5.993586035107217,0,,
981,983,0.056363636363636366,14.940937135964722,0.045454545454545456,0.07181818181818181,12.440937135964731,17.740937135964714,False,0.004791452492153179,5.996255999600132,0,,
982,984,0.04454545454545455,7.789677015119421,0.031818181818181815,0.06181818181818182,4.3896770151194175,11.389677015119425,True,0.009690613802048541,6.001155160910027,0,,
983,985,0.012272727272727272,14.53184400179314,0.01,0.015909090909090907,12.231844001793148,17.43184400179313,True,0.010566650452173594,6.002031197560153,0,,
984,986,0.2090909090909091,3.0,0.16636363636363638,0.2545454545454545,1.3,4.4,False,0.06103888817765237,6.052503435285631,0,,
985,987,0.014090909090909091,8.812954661899482,0.01090909090909091,0.01863636363636364,5.912954661899479,11.812954661899484,True,0.01470893433746246,6.006173481445441,0,,
986,988,0.12272727272727273,6.56040846271409,0.09727272727272727,0.1481818181818182,3.560408462714087,9.060408462714092,False,0.002514067928092676,5.993978615036072,0,,
987,989,0.38181818181818183,5.463637000465943,0.32727272727272727,0.44545454545454544,4.063637000465944,6.763637000465943,True,0.012876259692068872,6.004340806800048,0,,
988,990,0.23636363636363636,8.868166238592579,0.18363636363636365,0.2818181818181818,7.168166238592577,10.368166238592579,True,0.03055137110650051,6.022015918214479,0,,
989,991,0.09818181818181819,8.916579001978311,0.08090909090909092,0.11363636363636363,6.9165790019783095,10.716579001978314,False,0.010852757754389961,6.002317304862369,0,,
990,992,0.13,9.935786070806389,0.10727272727272727,0.15363636363636363,7.335786070806398,12.23578607080638,False,0.017120790819172726,6.008585337927152,0,,
992,994,0.2181818181818182,13.138386056990388,0.1781818181818182,0.24545454545454545,11.838386056990393,14.038386056990385,True,0.2365219547222264,6.227986501830205,0,,
993,995,0.02090909090909091,11.087771030265644,0.01681818181818182,0.026363636363636363,8.787771030265652,13.487771030265636,True,0.02969686452603861,6.021161411634018,0,,
994,996,0.16272727272727272,10.908256153864398,0.1481818181818182,0.1809090909090909,9.508256153864403,12.108256153864394,False,0.11458934123050951,6.106053888338488,0,,
995,997,0.01681818181818182,12.66696194223063,0.012272727272727272,0.023636363636363636,9.166961942230643,16.06696194223062,True,0.008946494074120143,6.000411041182099,0,,
996,998,0.2090909090909091,5.935164549923774,0.17272727272727273,0.2545454545454545,4.635164549923774,7.335164549923776,True,0.06241850051575998,6.053883047623739,0,,
998,1000,0.030909090909090907,10.862755727525116,0.025454545454545455,0.04,8.562755727525124,13.262755727525107,True,0.009233915499745064,6.000698462607724,0,,
999,1001,0.03363636363636364,6.698046135175327,0.028181818181818183,0.04272727272727273,4.898046135175325,9.098046135175329,True,0.06206489476693812,6.053529441874917,0,,
1000,1002,0.2181818181818182,6.653238797857142,0.1781818181818182,0.2636363636363636,5.353238797857141,8.253238797857144,True,0.005132563008608688,5.996597110116587,0,,
1001,1003,0.1781818181818182,5.30911725355045,0.15,0.2272727272727273,2.90911725355045,6.909117253550449,True,0.0773828040300958,6.068847351138075,0,,
1002,1004,0.5545454545454546,3.5,0.32727272727272727,1.2454545454545454,0.0,8.700000000000001,True,0.0013842954601670362,5.992848842568146,0,,
1003,1005,0.057272727272727274,10.34205967001696,0.045454545454545456,0.072,7.842059670016969,12.94205967001695,True,0.0049151585991017415,5.9963797057070805,0,,
1004,1006,0.034545454545454546,11.67155355939131,0.026363636363636363,0.045454545454545456,8.97155355939132,14.5715535593913,True,0.0005831210079079828,5.992047668115887,0,,
1005,1007,0.06454545454545454,6.61486702762823,0.04363636363636364,0.09636363636363636,2.3148670276282264,11.214867027628234,True,0.0040262647548796075,5.995490811862859,0,,
1006,1008,0.12818181818181817,11.520838113568699,0.09909090909090909,0.15181818181818182,8.12083811356871,13.92083811356869,False,0.02836060435749683,6.019825151465476,0,,
1007,1009,0.07072727272727274,6.920611063030085,0.05272727272727273,0.09090909090909091,3.820611063030082,9.920611063030087,True,0.010963180293380285,6.0024277274013595,0,,
1008,1010,0.03727272727272728,10.623292800694315,0.02727272727272727,0.05,7.5232928006943265,14.023292800694303,True,0.02427208012948077,6.01573662723746,0,,
1009,1011,0.013181818181818182,10.836979000021303,0.010454545454545454,0.015909090909090907,8.436979000021312,13.036979000021296,True,0.1279956348368284,6.119460181944808,0,,
1010,1012,0.05818181818181818,5.572738293496362,0.04090909090909091,0.08272727272727273,1.6727382934963622,9.672738293496359,True,0.016600049085088095,6.008064596193067,0,,
1011,1013,0.017272727272727273,9.73953988660889,0.014090909090909091,0.02181818181818182,7.439539886608898,12.139539886608882,True,0.05328437930162232,6.044748926409602,0,,
1012,1014,0.06454545454545454,6.640056886767753,0.04363636363636364,0.09363636363636364,2.2400568867677486,10.940056886767756,True,0.005094575771518976,5.996559122879498,0,,
1013,1015,0.44545454545454544,4.3,0.3090909090909091,0.7272727272727273,1.3,8.200000000000001,True,0.00746313950511317,5.998927686613092,0,,
1014,1016,0.4727272727272727,1.4000000000000001,0.35454545454545455,1.0181818181818183,0.0,6.5,True,0.0017628771123019043,5.993227424220281,0,,
1015,1017,0.13363636363636364,6.562798965207163,0.11,0.15363636363636363,3.9627989652071602,8.462798965207163,False,0.010669332700981936,6.002133879808961,0,,
1016,1018,0.023636363636363636,12.717546226962646,0.015909090909090907,0.03727272727272728,8.617546226962661,17.417546226962628,True,0.008032873347254565,5.999497420455234,0,,
1018,1020,0.04272727272727273,3.8000000000000003,0.03,0.05818181818181818,0.4,7.300000000000001,True,0.03452221730031146,6.02598676440829,0,,
1020,1022,0.02727272727272727,11.629150257617352,0.019090909090909092,0.038181818181818185,7.929150257617366,15.02915025761734,True,0.03645076090373809,6.027915308011717,0,,
1021,1023,0.17272727272727273,10.856185413085976,0.15363636363636363,0.2,9.056185413085982,11.956185413085972,True,0.005507504720386061,5.996972051828365,0,,
1022,1024,0.05,5.359850324031761,0.03909090909090909,0.06818181818181819,2.459850324031762,8.65985032403176,True,0.06786642244626197,6.059330969554241,0,,
1023,1025,0.07072727272727274,10.60216207790233,0.057272727272727274,0.08818181818181818,8.102162077902339,13.20216207790232,False,0.0017692702192097327,5.993233817327189,0,,
1024,1026,0.03,5.434753328946603,0.023636363636363636,0.03909090909090909,2.5347533289466027,7.834753328946603,True,0.14814598509806254,6.139610532206041,0,,
1025,1027,0.05181818181818182,6.101863965645868,0.038181818181818185,0.07281818181818181,2.7018639656458645,9.90186396564587,True,0.0074015836055939055,5.998866130713573,0,,
1026,1028,0.017727272727272727,10.962738952514469,0.014090909090909091,0.02181818181818182,8.662738952514477,13.162738952514461,True,0.019697248417275534,6.011161795525255,0,,
1027,1029,0.015909090909090907,6.939375732010932,0.012727272727272728,0.02181818181818182,4.43937573201093,10.039375732010935,True,0.017658076755620276,6.0091226238635995,0,,
1028,1030,0.1190909090909091,11.456260324764402,0.10090909090909092,0.13727272727272727,9.25626032476441,13.356260324764396,False,0.00810309595344206,5.999567643061421,0,,
1029,1031,0.1090909090909091,3.5,0.08545454545454545,0.13363636363636364,0.9,6.300000000000001,False,0.03069021518050106,6.02215476228848,0,,
1030,1032,0.022727272727272728,13.730537709937785,0.017272727272727273,0.03,10.930537709937795,16.830537709937772,True,0.02394753952164355,6.015412086629623,0,,
1031,1033,0.23636363636363636,3.7,0.1809090909090909,0.2909090909090909,1.9000000000000001,5.5,True,0.0011756311013787792,5.992640178209358,0,,
1032,1034,0.13727272727272727,8.197830676404521,0.10545454545454545,0.16636363636363638,4.697830676404518,11.197830676404523,True,0.00917052327961682,6.000635070387596,0,,
1033,1035,0.36363636363636365,21.075251063777888,0.2727272727272727,0.509090909090909,18.575251063777852,24.17525106377793,True,0.03245271755359173,6.023917264661571,0,,
1034,1036,0.02,14.871226967668129,0.014545454545454545,0.028181818181818183,11.57122696766814,18.571226967668117,True,0.00923515221027478,6.000699699318254,0,,
1036,1038,0.3090909090909091,3.8000000000000003,0.23636363636363636,0.39090909090909093,1.6,5.800000000000001,True,0.06518386588943254,6.056648412997411,0,,
1037,1039,1.1,15.75734301074626,0.6545454545454545,1.4,11.757343010746274,18.157343010746253,False,0.0035199976817792585,5.994984544789759,0,,
1038,1040,0.013636363636363636,11.242315536923375,0.01,0.022727272727272728,7.542315536923388,16.542315536923354,True,0.02669623256953743,6.018160779677516,0,,
1039,1041,0.10090909090909092,14.604598982813386,0.07545454545454545,0.12636363636363637,11.404598982813397,17.504598982813377,False,0.006258658325173868,5.997723205433153,0,,
1041,1043,0.5363636363636364,7.383571925639576,0.38181818181818183,0.8636363636363636,4.483571925639573,11.08357192563958,True,0.004203576495974852,5.995668123603954,0,,
1042,1044,0.03,6.5640948852433905,0.024545454545454544,0.03909090909090909,4.064094885243388,8.864094885243393,True,0.04922411231389089,6.04068865942187,0,,
1043,1045,0.2545454545454545,4.3,0.2090909090909091,0.3090909090909091,2.8000000000000003,5.9,True,0.020840463827045234,6.012305010935024,0,,
1045,1047,0.06636363636363636,17.637786945629074,0.04272727272727273,0.10727272727272727,12.837786945629091,22.837786945629055,True,0.008944134854959315,6.000408681962939,0,,
1046,1048,0.02909090909090909,6.997502657148241,0.023636363636363636,0.038181818181818185,4.5975026571482385,9.597502657148244,True,0.00969025052833005,6.001154797636309,0,,
1047,1049,0.13545454545454547,8.547734761485628,0.11363636363636363,0.15545454545454546,6.147734761485626,10.54773476148563,False,0.014521765393768614,6.005986312501748,0,,
1048,1050,0.1,12.851370786345393,0.07472727272727273,0.12454545454545454,9.751370786345404,15.751370786345383,False,0.004627734578683129,5.996092281686662,0,,
1050,1052,0.035454545454545454,29.745254192927515,0.01818181818181818,0.04090909090909091,22.94525419292742,30.445254192927525,False,0.007305853134217908,5.998770400242197,0,,
1051,1053,0.12272727272727273,30.345263335806237,0.07818181818181819,0.13363636363636364,25.145263335806163,30.44526333580624,False,0.1744062620089629,6.165870809116942,0,,
1052,1054,0.034545454545454546,6.727851351561532,0.02909090909090909,0.04181818181818182,5.127851351561532,8.527851351561534,False,0.0015371998582663453,5.993001746966246,0,,
1053,1055,0.023636363636363636,5.524495789959168,0.01818181818181818,0.03,2.924495789959169,8.324495789959169,True,0.06115688103097341,6.052621428138952,0,,
1054,1056,0.5636363636363636,6.412107622640591,0.3,1.2363636363636363,1.7121076226405867,11.712107622640595,True,0.0002096797186391519,5.9916742268266185,0,,
1055,1057,0.030909090909090907,11.759582748691189,0.02181818181818182,0.045454545454545456,7.9595827486912025,15.659582748691175,True,0.005625590996325053,5.997090138104304,0,,
1056,1058,0.10181818181818182,20.308271591688236,0.08636363636363636,0.1190909090909091,18.70827159168824,22.408271591688226,False,0.07938715386956838,6.070851700977547,0,,
1057,1059,0.04090909090909091,20.920935244626875,0.02909090909090909,0.060909090909090906,17.62093524462683,25.320935244626938,True,0.04064109719783811,6.032105644305817,0,,
1059,1061,0.2818181818181818,2.8000000000000003,0.23636363636363636,0.34545454545454546,1.4000000000000001,4.5,True,0.15083829652018477,6.142302843628164,0,,
1060,1062,0.13727272727272727,13.665349822768995,0.12090909090909091,0.15181818181818182,11.965349822769001,15.06534982276899,False,0.002412395269467868,5.9938769423774465,0,,
1061,1063,0.08,15.358475900125798,0.06363636363636364,0.10454545454545455,12.558475900125808,18.258475900125788,False,0.01820898290253333,6.009673530010512,0,,
1062,1064,0.016363636363636365,5.299973109948675,0.013636363636363636,0.02,3.399973109948675,7.399973109948674,True,0.008033282214730418,5.999497829322709,0,,
1063,1065,0.026363636363636363,14.551764869936244,0.02181818181818182,0.03363636363636364,12.451764869936252,17.151764869936237,True,0.1332606872035154,6.124725234311494,0,,
1064,1066,0.025454545454545455,15.246648828837547,0.02,0.030909090909090907,12.946648828837555,17.54664882883754,True,0.17556858558409608,6.167033132692075,0,,
1065,1067,0.12090909090909091,18.467930296359764,0.09818181818181819,0.14272727272727273,15.867930296359773,20.867930296359756,False,0.014672775090770588,6.006137322198749,0,,
1066,1068,0.03272727272727273,10.447842516143844,0.02727272727272727,0.04,8.54784251614385,12.347842516143837,True,0.024600539825121406,6.0160650869331,0,,
1067,1069,0.06272727272727273,5.33159724410592,0.05181818181818182,0.07681818181818181,3.3315972441059207,7.83159724410592,False,0.05888280955006793,6.050347356658047,0,,
1068,1070,0.03,5.403399115564389,0.026363636363636363,0.038181818181818185,3.803399115564389,7.503399115564388,True,0.07569865895822778,6.067163206066207,0,,
1069,1071,0.04363636363636364,7.051613338633776,0.03363636363636364,0.05909090909090909,4.4516133386337735,10.451613338633777,True,0.017330634563491015,6.00879518167147,0,,
1070,1072,0.1481818181818182,8.733469471961453,0.12272727272727273,0.17545454545454547,6.133469471961449,11.133469471961455,True,2.8615006891771973e-05,5.991493162114871,0,,
1071,1073,0.2818181818181818,6.038454139430132,0.24545454545454545,0.33636363636363636,4.83845413943013,7.338454139430133,True,0.014230173970720518,6.0056947210787,0,,
1072,1074,0.07309090909090908,10.310711392217438,0.06,0.08909090909090908,8.010711392217447,12.71071139221743,False,0.0013367897026284755,5.992801336810608,0,,
1073,1075,0.06545454545454546,16.14621402023819,0.046363636363636364,0.09181818181818181,12.246214020238204,20.046214020238175,True,6.869762174999979e-05,5.991533244729729,0,,
1074,1076,0.2272727272727273,4.2,0.1972727272727273,0.2636363636363636,3.3000000000000003,5.4,False,0.10079508424868572,6.092259631356665,0,,
1075,1077,0.07636363636363636,7.539405072122649,0.049090909090909095,0.11545454545454546,2.739405072122645,12.339405072122652,True,0.007291946837629831,5.998756493945609,0,,
1076,1078,0.10636363636363637,10.439215006968317,0.08636363636363636,0.12636363636363637,8.139215006968325,12.739215006968308,False,0.0065397573287328675,5.998004304436712,0,,
1077,1079,0.08545454545454545,8.211976965728116,0.07,0.10272727272727274,5.811976965728114,10.111976965728118,False,0.047642648152858805,6.039107195260838,0,,
1078,1080,0.04,25.212893628732747,0.022727272727272728,0.06727272727272728,20.112893628732675,30.112893628732817,True,0.00034686020975226346,5.991811407317731,0,,
1079,1081,0.33636363636363636,9.39656297150719,0.2818181818181818,0.39090909090909093,7.9965629715071955,10.796562971507186,True,0.04695960353067742,6.038424150638656,0,,
1080,1082,0.17545454545454547,7.2374020664461876,0.13363636363636364,0.2545454545454545,3.4374020664461837,9.93740206644619,True,0.008459268855110577,5.99992381596309,0,,
1081,1083,0.017272727272727273,11.79797336626958,0.014090909090909091,0.022727272727272728,9.697973366269588,14.497973366269571,True,0.16119190231763894,6.152656449425618,0,,
1082,1084,0.18636363636363637,10.985884949367202,0.1590909090909091,0.2181818181818182,9.285884949367208,12.085884949367198,True,0.03694664392984594,6.028411191037825,0,,
1083,1085,0.3,4.4,0.24545454545454545,0.37272727272727274,2.6,6.2,True,0.03766096783645593,6.029125514944435,0,,
1084,1086,0.02,17.650189187125257,0.015909090909090907,0.026363636363636363,15.150189187125267,20.55018918712525,True,0.03407636437036342,6.025540911478342,0,,
1085,1087,0.17,18.3985293630652,0.1409090909090909,0.2181818181818182,15.398529363065213,20.198529363065198,True,0.05011871840102533,6.041583265509004,0,,
1086,1088,0.060909090909090906,6.947245832397432,0.04818181818181819,0.07636363636363636,4.447245832397431,9.647245832397434,False,0.01912400282189348,6.010588549929873,0,,
1087,1089,0.03636363636363636,11.106154038428938,0.02909090909090909,0.045454545454545456,9.006154038428946,13.50615403842893,True,0.020304948476850174,6.011769495584829,0,,
1089,1091,0.1809090909090909,9.118686748637197,0.15,0.2272727272727273,6.7186867486372055,10.818686748637191,True,0.027422785268716113,6.018887332376695,0,,
1090,1092,0.06727272727272728,15.484553163000813,0.05,0.08727272727272727,12.284553163000824,18.6845531630008,True,0.014222456117108179,6.005687003225087,0,,
1091,1093,0.04,6.891580620579547,0.030909090909090907,0.04818181818181819,4.491580620579546,9.091580620579549,True,0.06898802160473827,6.0604525687127175,0,,
