index,file_lineno,best_mass,best_AV,mass_min,mass_max,AV_min,AV_max,intersects,min_chi2,chi2_threshold,dof_gof,passes_gof,p_value,true_AV,true_mass
0,2,0.07363636363636364,12.173206199553432,0.045454545454545456,0.11545454545454545,6.97320619955345,16.973206199553413,True,0.0023324905530802626,11.620618471181134,0,,,10.5382,0.056206
1,3,0.19181818181818186,10.411803300453398,0.15181818181818182,0.2545454545454545,7.811803300453408,12.411803300453393,True,0.008259068949084911,11.626545049577134,0,,,9.3431,0.171107
2,4,0.02363636363636364,4.800000000000002,0.018636363636363642,0.03,2.4000000000000004,7.5,True,0.07731659615855915,11.695602576786609,0,,,4.31918,0.020454
3,5,0.11727272727272728,9.198669196533617,0.09272727272727273,0.1390909090909091,6.498669196533627,11.598669196533608,False,0.015346745758435552,11.633632726386487,0,,,6.74386,0.085403
4,6,0.16454545454545455,8.413133506030668,0.1190909090909091,0.24545454545454545,3.8131335060306646,11.613133506030671,True,0.0009998318038169354,11.619285812431867,0,,,6.40226,0.147953
5,7,0.24545454545454545,16.703231391783234,0.16818181818181818,0.3272727272727273,14.003231391783245,19.103231391783225,True,0.04274186462418705,11.66102784525224,0,,,17.3093,0.20703
6,8,0.34545454545454546,22.74111534292461,0.2818181818181818,0.44545454545454544,21.041115342924584,24.941115342924643,False,0.03804557777818055,11.656331558406231,0,,,25.4049,0.353775
8,10,0.07036363636363636,15.622913566249974,0.05090909090909091,0.09090909090909093,11.92291356624999,18.62291356624997,True,0.074120560248242,11.692406540876293,0,,,14.277,0.053173
9,11,0.4,5.460827426923667,0.2818181818181818,0.7090909090909091,2.260827426923668,9.960827426923663,True,0.01774984931369953,11.636035829941749,0,,,5.86181,0.398091
11,13,0.3363636363636364,6.1724076338185405,0.2818181818181818,0.4090909090909091,4.6724076338185405,7.972407633818543,True,0.02518775370559534,11.643473734333648,0,,,6.47402,0.321926
12,14,0.0981818181818182,21.23741206218393,0.0609090909090909,0.13727272727272727,16.037412062183858,25.737412062184,True,0.02009977923128591,11.638385759859338,0,,,20.0599,0.070333
13,15,0.02090909090909091,17.369285480560457,0.014545454545454544,0.031818181818181815,13.56928548056047,21.96928548056044,True,0.004168285616580605,11.622454266244633,0,,,18.585,0.01878
14,16,0.1890909090909091,9.322346130938277,0.14636363636363636,0.2636363636363636,6.2223461309382895,11.62234613093827,True,0.0005103585361681118,11.618796339164222,0,,,7.98796,0.168693
15,17,0.2181818181818182,10.757113347388144,0.17272727272727273,0.2545454545454545,9.25711334738815,11.957113347388141,True,0.11485849770641887,11.73314447833447,0,,,10.0988,0.185198
16,18,0.3727272727272728,9.409853173742471,0.2909090909090909,0.509090909090909,7.209853173742478,12.109853173742462,True,0.021687125837270664,11.639973106465325,0,,,10.2079,0.366108
17,19,0.2818181818181818,16.92629672669711,0.2272727272727273,0.3545454545454545,15.226296726697116,18.926296726697107,True,0.03780433243602032,11.656090313064071,0,,,18.1528,0.259832
18,20,0.12636363636363634,16.388221759161166,0.1,0.15181818181818182,13.288221759161177,18.888221759161155,False,0.007780985879451902,11.626066966507507,0,,,14.8723,0.097278
20,22,1.2454545454545454,19.845240448064192,0.8545454545454546,1.4,16.845240448064196,21.045240448064185,False,0.02107996919529117,11.639365949823347,0,,,22.9691,1.31329
21,23,0.4,7.878902316761799,0.3363636363636364,0.4909090909090909,6.178902316761798,9.578902316761802,True,0.1926324244961443,11.810918405124195,0,,,8.50713,0.394837
22,24,0.015454545454545453,7.2428924514667825,0.012272727272727272,0.02090909090909091,4.542892451466781,10.242892451466783,True,0.037090709317447686,11.6553766899455,0,,,7.83498,0.01503
23,25,1.1727272727272726,17.526446432627836,0.7272727272727273,1.4,13.826446432627847,19.426446432627827,False,0.005668644088026829,11.62395462471608,0,,,20.2002,1.20782
24,26,0.3363636363636364,10.346402041344028,0.2545454545454545,0.4636363636363636,8.046402041344036,13.046402041344018,True,0.012026757522918466,11.630312738150971,0,,,11.0896,0.322605
25,27,0.4,6.311554851335328,0.3,0.5909090909090908,3.8115548513353255,9.61155485133533,True,0.0008833085258872762,11.619169289153938,0,,,6.78875,0.394081
26,28,0.17272727272727273,15.798500418995971,0.15181818181818182,0.2090909090909091,13.798500418995982,17.198500418995973,True,0.04043185441017039,11.658717835038226,0,,,14.9163,0.158611
27,29,0.13363636363636364,10.992313873567948,0.11363636363636365,0.15363636363636365,8.792313873567956,12.992313873567939,False,0.04671442143549195,11.665000402063544,0,,,8.9241,0.106116
28,30,0.01,10.599509820512937,0.01,0.013181818181818182,9.999509820512936,13.499509820512927,True,0.084473512018961,11.702759492647012,0,,,11.7408,0.010147
29,31,0.3363636363636364,20.60695615942355,0.2727272727272727,0.44545454545454544,18.706956159423523,23.006956159423584,True,0.12794777935306315,11.746233759981115,0,,,22.939,0.342464
30,32,0.3090909090909091,4.8880988415226465,0.16818181818181818,0.6363636363636364,0.4880988415226468,10.288098841522645,True,0.0070289022289008705,11.625314882856953,0,,,4.9614,0.293764
32,34,0.02363636363636364,16.085031003006133,0.01590909090909091,0.034545454545454546,12.18503100300615,19.98503100300612,True,0.011679909907234658,11.629965890535289,0,,,16.5894,0.019871
33,35,0.4,2.6,0.2363636363636364,0.9454545454545454,0.0,7.7,True,0.0011222702818555904,11.619408250909908,0,,,2.62726,0.39264
34,36,0.019545454545454543,10.474720951017476,0.01090909090909091,0.03545454545454545,5.374720951017494,15.37472095101746,True,0.005447315065003778,11.623733295693054,0,,,10.8478,0.017711
35,37,0.011818181818181818,6.670933221428228,0.01,0.014090909090909091,4.9709332214282265,8.770933221428232,True,0.02111670535700892,11.63940268598506,0,,,7.44862,0.01187
36,38,0.13727272727272727,14.040276843151355,0.11545454545454545,0.15545454545454546,11.740276843151364,15.840276843151347,False,0.06858479038738154,11.686870771015437,0,,,12.2681,0.109643
37,39,0.1863636363636364,22.672920644152192,0.15,0.2363636363636364,19.972920644152147,24.572920644152216,True,0.09000976241077073,11.708295743038823,0,,,22.8605,0.167637
40,42,0.027272727272727268,11.748463276434924,0.02,0.03818181818181818,8.548463276434937,15.048463276434916,True,0.004089600741044138,11.622375581369095,0,,,11.7529,0.023358
41,43,0.12090909090909092,10.639280115746176,0.07418181818181817,0.17272727272727273,5.539280115746193,15.539280115746156,True,0.018309963875521498,11.636595944503574,0,,,8.43351,0.089676
42,44,0.1390909090909091,5.925057042568983,0.1190909090909091,0.16090909090909092,3.825057042568981,8.025057042568985,False,0.01845948429630129,11.636745464924353,0,,,3.3925,0.114438
43,45,0.1572727272727273,9.479689928442946,0.11181818181818183,0.2272727272727273,4.679689928442963,12.779689928442936,True,0.010786485555528856,11.62907246618358,0,,,7.35146,0.135785
44,46,0.02090909090909091,10.29103761154129,0.014545454545454544,0.029090909090909087,6.491037611541302,13.991037611541277,True,0.013081684488716714,11.631367665116768,0,,,10.478,0.018535
45,47,0.1190909090909091,16.672155653625946,0.09363636363636364,0.14272727272727273,13.772155653625955,19.272155653625934,False,0.03192394093979034,11.650209921567845,0,,,15.0886,0.087852
46,48,0.15545454545454546,7.7993412188506905,0.13363636363636364,0.1809090909090909,5.599341218850689,9.699341218850694,False,0.0025882763530930505,11.620874256981145,0,,,5.56832,0.134795
47,49,0.027272727272727268,8.954940218880003,0.02090909090909091,0.03818181818181818,6.154940218880012,12.354940218879989,True,0.06605926825473253,11.684345248882785,0,,,8.92927,0.024008
48,50,0.2272727272727273,11.349574448965162,0.16090909090909092,0.3272727272727273,8.449574448965175,14.149574448965154,True,0.012949655711792452,11.631235636339845,0,,,11.3775,0.195263
49,51,0.049090909090909095,12.090773110188758,0.037272727272727284,0.06545454545454546,8.99077311018877,15.190773110188749,True,0.049046012810405167,11.667331993438456,0,,,11.3536,0.040398
50,52,0.16818181818181818,8.686046626551343,0.13545454545454547,0.2272727272727273,5.38604662655134,10.886046626551344,True,0.0038891082445786256,11.62217508887263,0,,,6.79817,0.15319
51,53,0.3818181818181817,6.113267616546677,0.2363636363636364,0.7181818181818181,2.013267616546673,11.01326761654668,True,0.034586695107795384,11.652872675735848,0,,,6.22197,0.364245
52,54,0.14272727272727273,10.285951270538394,0.11363636363636365,0.16636363636363638,7.285951270538405,12.785951270538385,True,0.04884256610220965,11.667128546730261,0,,,8.06416,0.116236
53,55,0.11363636363636365,7.634066783280367,0.07636363636363636,0.15,3.2340667832803636,11.23406678328037,True,0.001441454137318568,11.61972743476537,0,,,4.91622,0.082613
54,56,0.09454545454545454,6.834364877894468,0.07227272727272728,0.11727272727272728,3.9343648778944655,9.43436487789447,False,0.004669830309426746,11.622955810937476,0,,,4.17631,0.069229
55,57,0.4818181818181818,10.611968783709255,0.3909090909090909,0.6636363636363636,8.611968783709264,13.111968783709248,True,0.01385899596246727,11.632144976590519,0,,,12.0183,0.501966
56,58,0.06818181818181819,15.611898582608175,0.04727272727272727,0.09727272727272727,11.411898582608194,19.611898582608163,True,0.0012008642663663385,11.61948684489442,0,,,14.5721,0.052476
57,59,0.04818181818181819,2.8000000000000003,0.034545454545454546,0.08,0.0,8.0,True,0.017292086309168345,11.63557806693722,0,,,1.31523,0.040538
58,60,0.6363636363636364,9.94728881656891,0.4090909090909091,1.1636363636363636,6.147288816568924,14.547288816568894,True,0.05603182667599603,11.674317807304046,0,,,11.08,0.645787
59,61,0.1972727272727273,9.801374328814571,0.14454545454545453,0.2909090909090909,6.201374328814581,12.70137432881456,True,0.006471101029751044,11.624757081657805,0,,,8.91214,0.176272
61,63,0.5272727272727272,6.847436539824697,0.34545454545454546,0.990909090909091,3.3474365398246952,11.747436539824701,True,0.01923109779056131,11.637517078418613,0,,,7.58463,0.530846
62,64,0.024545454545454544,6.076109043436153,0.019545454545454543,0.03272727272727273,3.776109043436152,9.176109043436156,True,0.24425338061213525,11.862539361240186,0,,,5.96092,0.021623
63,65,0.2727272727272727,3.6,0.1890909090909091,0.3818181818181817,1.0,6.6000000000000005,True,0.009690040266324943,11.627976020894375,0,,,3.12508,0.245797
64,66,0.3090909090909091,8.155816847625175,0.2545454545454545,0.3818181818181817,6.555816847625174,9.955816847625176,True,0.13244127820631932,11.750727258834369,0,,,8.35411,0.2873
65,67,0.1390909090909091,10.169673778590916,0.11,0.16636363636363638,7.0696737785909285,12.969673778590904,True,0.0031805249116544435,11.621466505539706,0,,,8.02624,0.113136
66,68,0.011363636363636364,12.328624202072177,0.01,0.014545454545454544,10.72862420207218,15.028624202072166,True,0.0494897554703341,11.667775736098385,0,,,13.7233,0.011521
67,69,0.01681818181818182,17.175240713470373,0.012272727272727272,0.02363636363636364,13.575240713470386,20.67524071347036,True,0.04848867959858857,11.666774660226642,0,,,18.5645,0.015695
69,71,0.013181818181818182,20.688812071509908,0.01,0.02181818181818182,17.088812071509913,25.48881207150989,True,0.01965763947853353,11.637943620106585,0,,,22.8529,0.012946
70,72,0.1863636363636364,10.930561260209556,0.1572727272727273,0.2272727272727273,9.030561260209565,12.330561260209553,True,0.049668923991306485,11.66795490461936,0,,,9.76368,0.166985
71,73,0.13363636363636364,8.603153823851649,0.10636363636363637,0.1572727272727273,5.703153823851648,11.003153823851653,False,0.022986718643698445,11.64127269927175,0,,,6.17901,0.104763
72,74,0.3090909090909091,6.118096031542279,0.2363636363636364,0.4,3.9180960315422784,8.418096031542282,True,0.07819913585322953,11.69648511648128,0,,,5.97366,0.284688
73,75,0.014545454545454544,13.014830483057606,0.01,0.026363636363636363,7.514830483057627,17.51483048305759,True,0.009685185819749044,11.627971166447802,0,,,14.3928,0.014379
74,76,0.08727272727272728,13.764125093338265,0.05909090909090909,0.12090909090909092,9.16412509333828,17.66412509333825,True,0.015813781366743475,11.634099761994795,0,,,11.8002,0.06481
75,77,0.1409090909090909,5.2999580449225085,0.10636363636363637,0.17,1.5999580449225093,8.299958044922509,True,0.029828887783353814,11.648114868411405,0,,,2.46876,0.113714
77,79,0.03363636363636364,5.803397126202947,0.027272727272727268,0.04363636363636364,3.703397126202945,8.50339712620295,True,0.11361638995218785,11.73190237058024,0,,,5.12136,0.028294
78,80,0.08454545454545455,9.890916517935592,0.056363636363636366,0.12090909090909092,5.190916517935609,13.990916517935574,True,0.002546522653727618,11.620832503281779,0,,,7.62777,0.063378
79,81,0.1972727272727273,8.59171927704626,0.15363636363636365,0.2636363636363636,5.891719277046256,10.691719277046259,True,0.006586045034128679,11.62487202566218,0,,,7.37689,0.174625
80,82,0.6454545454545454,14.588521250017708,0.4636363636363636,0.9727272727272728,11.888521250017718,17.788521250017695,True,0.012683634940644927,11.630969615568695,0,,,16.6568,0.674569
81,83,0.02181818181818182,12.109980821562578,0.015,0.031818181818181815,8.409980821562591,16.209980821562564,True,0.01545404916537574,11.633740029793428,0,,,12.5041,0.019064
82,84,0.2818181818181818,5.8032727817961725,0.2363636363636364,0.3272727272727273,4.40327278179617,7.103272781796173,True,0.1306031703085676,11.74888915093662,0,,,5.43837,0.250973
83,85,0.022727272727272728,15.628279216750492,0.017272727272727273,0.03,12.828279216750506,18.728279216750487,True,0.1436896322345615,11.761975612862615,0,,,16.3505,0.01978
84,86,0.12454545454545456,14.043623795199693,0.1,0.14636363636363636,11.2436237951997,16.343623795199687,False,0.045741692877076766,11.664027673505128,0,,,12.1325,0.092697
85,87,0.06181818181818183,13.456514727644382,0.03818181818181818,0.10272727272727274,8.656514727644398,18.656514727644364,True,0.007300930987841541,11.625586911615894,0,,,12.7011,0.049048
87,89,0.013181818181818182,7.887432591597983,0.010454545454545454,0.01636363636363636,5.387432591597982,10.287432591597986,True,0.013108490789347444,11.631394471417401,0,,,8.67125,0.013106
88,90,0.13,12.721682792865755,0.09090909090909093,0.16454545454545455,8.32168279286577,16.221682792865742,True,0.03503402664009443,11.653320007268144,0,,,10.6929,0.10164
89,91,0.1972727272727273,10.648338076913276,0.1572727272727273,0.24545454545454545,8.348338076913286,12.248338076913273,True,0.037123313268134485,11.655409293896186,0,,,9.59651,0.173357
90,92,0.14636363636363636,9.455968489349,0.11181818181818183,0.1863636363636364,5.755968489349012,12.555968489348988,True,0.001971474935531214,11.620257455563586,0,,,7.4095,0.123088
92,94,0.018636363636363642,14.5716883639675,0.01090909090909091,0.031818181818181815,9.371688363967518,19.371688363967486,True,0.012342469731315493,11.630628450359369,0,,,15.6105,0.017277
93,95,0.5545454545454546,8.28852697706688,0.3,1.2545454545454546,3.6885269770668767,13.688526977066884,True,0.002125866581161489,11.620411847209215,0,,,9.48228,0.579234
94,96,0.2181818181818182,5.208771719069215,0.1781818181818182,0.2636363636363636,3.8087717190692163,6.608771719069217,True,0.249118840655742,11.867404821283793,0,,,4.07236,0.18784
95,97,0.1090909090909091,11.730141981827874,0.08545454545454545,0.12818181818181815,9.030141981827883,13.930141981827864,False,0.04082861267524892,11.6591145933033,0,,,9.30849,0.078125
96,98,0.11727272727272728,11.177015500347807,0.075,0.16090909090909092,6.277015500347827,15.577015500347793,True,0.007430816871596271,11.62571679749965,0,,,9.05418,0.08666
97,99,0.3909090909090909,6.9976909095946205,0.3272727272727273,0.4909090909090909,5.49769090959462,8.997690909594619,True,0.035139722226906436,11.65342570285496,0,,,7.69816,0.38784
98,100,0.3727272727272728,6.550530703892702,0.2909090909090909,0.4818181818181818,4.450530703892699,8.850530703892703,True,0.010556095392454948,11.628842076020506,0,,,6.84038,0.360001
99,101,0.3636363636363637,5.737495539580932,0.2818181818181818,0.4909090909090909,3.4374955395809286,8.437495539580933,True,0.008785351669825272,11.627071332297875,0,,,6.06938,0.352549
100,102,0.1409090909090909,5.376196789173178,0.09090909090909093,0.2,0.2761967891731789,9.476196789173176,True,0.007679845235010701,11.625965825863064,0,,,2.62518,0.115311
101,103,0.027272727272727268,12.722258541219896,0.02090909090909091,0.03636363636363636,9.822258541219904,15.522258541219886,True,0.015429844625218831,11.633715825253269,0,,,12.7504,0.023383
102,104,0.045454545454545456,4.6000000000000005,0.03,0.06636363636363636,0.5,8.9,True,0.035829319045891,11.654115299673945,0,,,3.00835,0.036662
103,105,0.07954545454545454,4.5,0.052727272727272734,0.1190909090909091,0.0,9.1,True,0.006104720097247681,11.6243907007253,0,,,1.83744,0.060408
104,106,0.5,2.3000000000000003,0.3363636363636364,1.1,0.0,7.4,True,0.009366149401752668,11.627652130029805,0,,,2.43285,0.500934
105,107,0.01,13.07488650895791,0.01,0.013636363636363636,12.574886508957913,16.3748865089579,True,0.04565464364776504,11.663940624275815,0,,,14.7899,0.010328
106,108,0.18363636363636365,8.35635762062967,0.15,0.24545454545454545,5.656357620629668,10.356357620629671,True,0.04474646967964056,11.663032450307693,0,,,6.84536,0.165704
107,109,0.045454545454545456,11.545393052066714,0.028181818181818183,0.07336363636363635,6.645393052066733,16.645393052066694,True,0.010450530214533592,11.628736510842586,0,,,11.0379,0.037703
108,110,0.6181818181818182,4.5,0.3272727272727273,1.3545454545454545,0.0,9.5,True,0.0009713163487425519,11.619257296976794,0,,,4.95815,0.620258
109,111,0.14636363636363636,13.333036862150113,0.11363636363636365,0.1809090909090909,9.733036862150124,16.1330368621501,True,0.01796417628642099,11.636250156914473,0,,,11.4629,0.121196
110,112,0.16090909090909092,5.653102543605328,0.12818181818181815,0.2090909090909091,2.453102543605328,7.953102543605326,True,0.04689084433288746,11.66517682496094,0,,,3.16361,0.14078
111,113,0.10363636363636364,18.54943175133431,0.08454545454545455,0.12454545454545456,16.349431751334322,21.049431751334303,False,0.08572265665001741,11.704008637278069,0,,,17.3897,0.076348
112,114,0.08727272727272728,4.5,0.056363636363636366,0.13363636363636364,0.0,9.4,True,0.0029387207085183713,11.621224701336569,0,,,1.64683,0.065444
113,115,0.029090909090909087,9.912496096246713,0.02090909090909091,0.04454545454545455,6.3124960962467265,14.112496096246698,True,0.04225530279635474,11.660541283424404,0,,,9.844,0.02555
114,116,0.08909090909090908,11.975645624675332,0.05181818181818182,0.14454545454545453,6.87564562467535,16.875645624675315,True,0.003457819644917515,11.62174380027297,0,,,9.99249,0.066844
119,121,0.7454545454545455,8.347359259636944,0.3909090909090909,1.4,3.54735925963694,13.547359259636949,True,0.0028720707432302395,11.621158051371284,0,,,9.33179,0.741
120,122,0.2363636363636364,7.613078358366254,0.13727272727272727,0.4636363636363636,2.8130783583662486,12.813078358366258,True,0.005011585105631196,11.623297565733685,0,,,7.35916,0.20042
121,123,0.14636363636363636,10.653810084794628,0.1190909090909091,0.17272727272727273,7.853810084794638,13.253810084794619,True,0.011413058383735854,11.629699039011786,0,,,8.62908,0.121819
122,124,0.08,7.155764776439314,0.05090909090909091,0.1190909090909091,2.055764776439309,11.755764776439314,True,0.0010528116159371204,11.619338792243989,0,,,4.72655,0.060716
123,125,0.026363636363636363,13.351231138474391,0.017272727272727273,0.040909090909090916,9.051231138474405,17.751231138474374,True,0.022719339060345504,11.641005319688395,0,,,13.5392,0.022391
124,126,0.2818181818181818,8.529999614258763,0.1890909090909091,0.4090909090909091,5.629999614258762,11.729999614258766,True,0.016653292102135026,11.634939272730186,0,,,8.60738,0.253938
126,128,0.03363636363636364,13.390263311142313,0.02363636363636364,0.05,9.690263311142326,17.690263311142296,True,0.019316268321906943,11.637602248949962,0,,,13.537,0.028275
127,129,0.024545454545454544,9.10282314749669,0.017727272727272727,0.03363636363636364,5.7028231474967015,12.40282314749668,True,0.031883125344492384,11.650169105972545,0,,,8.78322,0.020641
128,130,0.07727272727272727,7.443820398794697,0.05,0.11363636363636365,2.543820398794693,11.8438203987947,True,0.0041402512722359276,11.622426231900286,0,,,5.16294,0.05856
129,131,0.1809090909090909,9.471640094634033,0.11,0.4090909090909091,4.471640094634049,14.471640094634012,True,0.0002258555301792708,11.61851183615823,0,,,7.91275,0.162422
130,132,0.2363636363636364,4.1000000000000005,0.17,0.3181818181818182,1.9,6.5,True,0.01394888033053252,11.632234860958587,0,,,3.3689,0.199559
132,134,0.08545454545454545,7.368692282524438,0.058181818181818175,0.12090909090909092,2.7686922825244342,11.368692282524442,True,0.01806951246293529,11.636355493090987,0,,,4.78783,0.063889
133,135,0.01636363636363636,16.640909976630645,0.011818181818181818,0.02363636363636364,12.940909976630655,20.340909976630627,True,0.0214122326721618,11.639698213300214,0,,,17.9853,0.015424
134,136,0.2272727272727273,7.142898950883162,0.16636363636363638,0.2818181818181818,4.94289895088316,8.842898950883164,True,0.05337851228343102,11.671664492911482,0,,,6.18578,0.190286
135,137,0.2909090909090909,6.959804888363715,0.2272727272727273,0.3909090909090909,4.959804888363713,9.459804888363717,True,0.003604149935618684,11.621890130563669,0,,,7.10218,0.271911
136,138,0.037272727272727284,14.009239008264633,0.022727272727272728,0.06181818181818183,9.00923900826465,19.009239008264615,True,0.0202444684451524,11.638530449073205,0,,,13.9785,0.030177
137,139,0.1390909090909091,11.377451452604538,0.10636363636363637,0.16818181818181818,7.77745145260455,14.377451452604527,True,0.027031195784498297,11.64531717641255,0,,,9.31098,0.112257
138,140,0.012272727272727272,16.566857822330437,0.01,0.01818181818181818,13.866857822330447,20.866857822330417,True,0.01820688462873069,11.636492865256784,0,,,18.1738,0.01208
139,141,0.14454545454545453,23.914527257853827,0.08818181818181818,0.2636363636363636,18.91452725785376,28.914527257853898,True,0.008046248809005457,11.626332229437056,0,,,23.5543,0.122405
140,142,0.2272727272727273,12.901995608400776,0.16454545454545455,0.3,10.301995608400787,15.201995608400766,True,0.02964531111723495,11.647931291745286,0,,,12.845,0.193337
141,143,0.16636363636363638,14.140511478168877,0.1390909090909091,0.2090909090909091,11.440511478168887,15.940511478168869,True,0.024476757292137788,11.642762737920188,0,,,12.7388,0.148782
142,144,0.03,12.066252302770613,0.01909090909090909,0.049090909090909095,7.366252302770629,16.966252302770595,True,0.027782179430275264,11.646068160058329,0,,,11.9309,0.025716
143,145,0.040909090909090916,6.828461296354936,0.031818181818181815,0.05090909090909091,4.5284612963549336,9.528461296354935,True,0.012477683223189432,11.630763663851239,0,,,5.93254,0.033205
144,146,0.04454545454545455,10.240363921365443,0.031818181818181815,0.06363636363636364,6.840363921365457,14.24036392136543,True,0.0062047211855838025,11.624490701813636,0,,,9.6584,0.036798
145,147,0.06,14.38156946745133,0.04454545454545455,0.08,10.981569467451338,17.681569467451318,True,0.008161857379284753,11.626447838007335,0,,,13.5438,0.047249
146,148,0.1972727272727273,9.179593721149068,0.16090909090909092,0.24545454545454545,7.179593721149075,10.779593721149062,True,0.0029080858643381747,11.621194066492391,0,,,8.12828,0.175352
147,149,0.06545454545454546,10.951235213980873,0.045454545454545456,0.09272727272727273,6.851235213980888,15.051235213980858,True,0.014331728969500263,11.632617709597552,0,,,9.52671,0.050372
148,150,0.13363636363636364,12.80827508200659,0.11181818181818183,0.1572727272727273,10.3082750820066,15.208275082006583,False,0.05077196669818334,11.669057947326234,0,,,11.0417,0.108144
149,151,0.03,5.972361325572837,0.02181818181818182,0.04727272727272727,2.3723613255728386,10.372361325572838,True,0.04274095499377085,11.661026935621825,0,,,5.46216,0.02661
150,152,0.030909090909090907,12.498745939592304,0.017727272727272727,0.05181818181818182,7.098745939592322,17.098745939592288,True,0.008214298547448436,11.6265002791755,0,,,12.3255,0.026252
151,153,0.2272727272727273,9.505650004372363,0.15181818181818182,0.3181818181818182,5.605650004372378,12.305650004372351,True,0.09731534774027198,11.715601328368326,0,,,8.58899,0.187903
152,154,0.027272727272727268,5.991188751027361,0.01909090909090909,0.040909090909090916,2.3911887510273577,10.191188751027363,True,0.03696709129058145,11.655253071918633,0,,,5.57062,0.023801
153,155,0.030909090909090907,11.500196919874119,0.02181818181818182,0.04636363636363637,7.6001969198741355,15.700196919874106,True,0.006598519065804717,11.624884499693856,0,,,11.3703,0.026494
154,156,0.2,12.243478366584995,0.16272727272727272,0.24545454545454545,10.343478366585005,13.743478366584993,True,0.0012938502581102964,11.619579830886162,0,,,11.5548,0.177529
156,158,0.014090909090909091,15.326065157185266,0.010454545454545454,0.019545454545454543,12.226065157185275,18.926065157185253,True,0.016925369627677773,11.63521135025573,0,,,17.0474,0.013958
157,159,0.056363636363636366,11.80360118027602,0.03272727272727273,0.0981818181818182,7.003601180276037,17.003601180276,True,0.006828701367930921,11.625114681995985,0,,,10.9663,0.045687
158,160,0.12272727272727273,27.645238090959147,0.07590909090909091,0.15545454545454546,22.04523809095907,30.44523809095919,True,0.010165005258404872,11.628450985886454,0,,,27.4087,0.0928
159,161,0.2636363636363636,12.680717687090715,0.2090909090909091,0.3363636363636364,10.880717687090723,14.780717687090707,True,0.028344824802245323,11.646630805430295,0,,,13.3332,0.240288
160,162,0.4636363636363636,16.41426226515346,0.3363636363636364,0.7454545454545455,13.614262265153467,20.314262265153445,True,0.0036672152478376017,11.621953195875891,0,,,18.6386,0.486437
161,163,0.10454545454545457,6.155996003329871,0.0710909090909091,0.13727272727272727,1.955996003329867,9.855996003329873,True,0.0076582679707482984,11.625944248598799,0,,,3.32899,0.075151
162,164,0.13727272727272727,17.6906479631559,0.0981818181818182,0.17545454545454547,13.290647963155914,21.290647963155887,True,0.0035149666262465034,11.621800947254298,0,,,16.4239,0.11131
163,165,0.16272727272727272,25.747139270864164,0.12272727272727273,0.2272727272727273,21.747139270864107,28.6471392708642,True,0.07836094594236392,11.696646926570413,0,,,25.7977,0.146333
164,166,0.17,15.71476978988312,0.14454545454545453,0.2181818181818182,13.014769789883127,17.414769789883113,True,0.06586288269806434,11.684148863326115,0,,,14.5128,0.154139
165,167,0.045454545454545456,12.857064539547322,0.03636363636363636,0.056363636363636366,10.45706453954733,15.257064539547311,True,0.03575511131579906,11.654041091943851,0,,,12.3389,0.03704
166,168,0.10272727272727274,21.519849182619645,0.06363636363636364,0.1481818181818182,16.31984918261957,26.319849182619716,True,0.010309005205737864,11.628594985833788,0,,,20.3757,0.074023
167,169,0.17545454545454547,9.169781844421776,0.12272727272727273,0.2818181818181818,4.069781844421794,12.569781844421765,True,0.005670651687628547,11.623956632315679,0,,,7.49457,0.15941
168,170,0.03363636363636364,22.029762881641265,0.02181818181818182,0.052727272727272734,17.429762881641196,26.729762881641324,True,0.011109178813239487,11.629395159441293,0,,,23.0084,0.028044
169,171,0.4636363636363636,23.71781390682803,0.3818181818181817,0.6181818181818182,22.017813906828003,26.01781390682806,False,0.03205622762035343,11.650342208248405,0,,,27.1491,0.512431
170,172,0.1190909090909091,9.919164417673988,0.10090909090909092,0.13545454545454547,7.8191644176739965,11.719164417673984,False,0.12538845124461054,11.74367443187266,0,,,7.50252,0.087348
171,173,0.053636363636363635,21.108787183254755,0.034545454545454546,0.08545454545454545,16.308787183254687,26.30878718325483,True,0.01484940045336869,11.633135381081418,0,,,21.4838,0.044426
172,174,0.11363636363636365,11.597477683195176,0.08454545454545455,0.1409090909090909,8.297477683195188,14.597477683195164,False,0.1045126143303482,11.7227985949584,0,,,9.39909,0.082715
173,175,0.2909090909090909,8.207521596892455,0.2272727272727273,0.3636363636363637,6.207521596892453,10.107521596892454,True,0.1104733761894464,11.728759356817498,0,,,8.18233,0.262931
174,176,0.4090909090909091,3.5,0.2363636363636364,0.9181818181818182,0.0,8.6,True,0.000362362808167858,11.61864834343622,0,,,3.55322,0.397854
175,177,0.15545454545454546,14.16461641370584,0.13181818181818186,0.18363636363636365,11.864616413705848,16.164616413705833,True,0.07203508506232861,11.690321065690382,0,,,12.702,0.135225
176,178,0.04727272727272727,9.9146518313572,0.031818181818181815,0.07418181818181817,5.714651831357214,14.914651831357178,True,0.01147912830840864,11.62976510893646,0,,,9.17557,0.039529
177,179,0.13545454545454547,22.49062623176298,0.0981818181818182,0.17,18.190626231762923,25.89062623176303,True,0.0018486923314743726,11.620134672959528,0,,,21.6871,0.109122
178,180,0.2636363636363636,8.000550603996945,0.1809090909090909,0.3545454545454545,5.40055060399694,10.500550603996944,True,0.06275364898104635,11.681039629609096,0,,,7.68332,0.226368
180,182,0.19181818181818186,10.424347184065793,0.1590909090909091,0.2363636363636364,8.524347184065798,11.824347184065786,True,0.05077682586734957,11.669062806495402,0,,,9.25039,0.170038
181,183,0.17545454545454547,10.322987064420266,0.11363636363636365,0.3727272727272728,5.422987064420282,15.422987064420248,True,0.00454068932504151,11.622826669953096,0,,,8.83741,0.159614
182,184,0.08454545454545455,4.800000000000002,0.05,0.13727272727272727,0.0,9.7,True,0.002353156626571247,11.620639137254622,0,,,1.97041,0.063472
183,185,0.15545454545454546,5.393791085082512,0.12454545454545456,0.1972727272727273,2.3937910850825115,7.99379108508251,True,0.01815710614059193,11.636443086768644,0,,,3.01147,0.135303
184,186,0.027272727272727268,6.6321281999159725,0.017272727272727273,0.04636363636363637,1.932128199915968,11.932128199915974,True,0.0130127109854148,11.631298691613464,0,,,6.25179,0.023886
185,187,0.028181818181818183,13.000513985169542,0.02090909090909091,0.04,9.800513985169555,16.30051398516953,True,0.006362454006022533,11.624648434634075,0,,,13.1899,0.024505
186,188,0.2,7.777209038205602,0.13727272727272727,0.3181818181818182,3.377209038205598,11.377209038205605,True,0.025440363016711084,11.643726343644767,0,,,6.77909,0.179237
187,189,0.12272727272727273,11.8103637693869,0.09,0.15363636363636365,8.21036376938691,14.910363769386887,True,0.11636765266930955,11.73465363329736,0,,,9.71431,0.091428
188,190,0.03,6.948609127611983,0.02181818181818182,0.04181818181818182,3.4486091276119786,10.048609127611984,True,0.11360377516466832,11.73188975579272,0,,,6.06479,0.025411
189,191,0.1090909090909091,13.171782634498644,0.07818181818181819,0.14272727272727273,9.47178263449866,16.771782634498635,True,0.062260016023388,11.680545996651439,0,,,11.399,0.080407
190,192,0.3727272727272728,5.645552799612219,0.3,0.4818181818181818,3.8455527996122183,7.9455527996122175,True,0.03049954506222015,11.648785525690274,0,,,5.99249,0.362685
191,193,0.03545454545454545,12.449140514723972,0.027272727272727268,0.04636363636363637,9.74914051472398,15.449140514723961,True,0.02327914015164464,11.641565120779696,0,,,12.2704,0.028873
192,194,0.5545454545454546,1.9,0.3909090909090909,1.1454545454545455,0.0,6.7,True,0.0057550980383632025,11.624041078666416,0,,,1.8484,0.54845
193,195,0.04181818181818182,14.392967905194409,0.028181818181818183,0.06454545454545453,10.592967905194419,19.19296790519439,True,0.025883110576633145,11.644169091204686,0,,,14.4896,0.034887
194,196,0.029090909090909087,4.2,0.02181818181818182,0.04,1.0,7.300000000000002,True,0.0495584011196987,11.667844381747749,0,,,3.18633,0.024886
195,197,0.01909090909090909,9.080402662930954,0.014090909090909091,0.027272727272727268,5.780402662930964,12.780402662930939,True,0.00560004266078825,11.623886023288838,0,,,9.47664,0.017606
196,198,0.04181818181818182,11.022228570332096,0.026363636363636363,0.06636363636363636,6.322228570332111,15.922228570332074,True,0.019302917863273848,11.637588898491325,0,,,10.4913,0.033931
197,199,0.3545454545454545,7.142629944654707,0.3090909090909091,0.4272727272727273,5.942629944654707,8.842629944654712,True,0.3570198693209585,11.97530584994901,0,,,7.81628,0.354089
198,200,0.09727272727272727,15.154708224950221,0.06,0.14636363636363636,10.15470822495024,20.154708224950205,True,0.0034620875563100856,11.62174806818436,0,,,13.4498,0.070947
199,201,0.3363636363636364,11.716885675070026,0.2727272727272727,0.4090909090909091,10.016885675070034,13.516885675070018,True,0.13628618900831851,11.754572169636369,0,,,12.5327,0.323291
200,202,0.026363636363636363,15.454373907983616,0.01909090909090909,0.03545454545454545,11.954373907983625,18.4543739079836,True,0.07778640471230887,11.69607238534036,0,,,15.6087,0.022042
201,203,0.1890909090909091,8.962149811872617,0.1572727272727273,0.2363636363636364,6.862149811872626,10.562149811872613,True,0.017097051175824843,11.635383031803874,0,,,7.60708,0.168851
202,204,0.022727272727272728,12.181279225852144,0.01636363636363636,0.030909090909090907,8.881279225852156,15.581279225852132,True,0.032580281781028966,11.650866262409078,0,,,12.4639,0.019502
203,205,0.057272727272727274,6.877547467177948,0.03818181818181818,0.08454545454545455,2.377547467177944,11.477547467177954,True,0.012679599838288334,11.63096558046634,0,,,5.21788,0.045316
204,206,0.1481818181818182,8.655480560524808,0.11545454545454545,0.19454545454545452,5.355480560524819,11.855480560524795,True,0.05732612888717727,11.67561210951523,0,,,6.80614,0.128256
205,207,0.5181818181818182,4.3,0.2818181818181818,1.1636363636363636,0.0,9.5,True,0.0024453119484942115,11.620731292576544,0,,,4.827,0.529413
206,208,0.10636363636363637,8.748074309168171,0.06636363636363636,0.1572727272727273,3.848074309168167,13.848074309168176,True,0.0057634732893967885,11.624049453917445,0,,,6.34463,0.077882
207,209,0.028181818181818183,17.83937076039138,0.01636363636363636,0.05090909090909091,13.039370760391396,23.03937076039136,True,0.003019361689816721,11.621305342317868,0,,,18.6688,0.024543
208,210,0.2545454545454545,8.771055964286226,0.15,0.4727272727272727,3.871055964286224,13.871055964286231,True,0.012566173717132029,11.630852154345186,0,,,8.80882,0.227345
209,211,0.1863636363636364,9.315894520575624,0.12090909090909092,0.3727272727272728,4.515894520575642,14.515894520575605,True,0.013240006829956586,11.631525987458007,0,,,8.24896,0.170177
210,212,0.02,10.399731101932078,0.015,0.027272727272727268,7.499731101932088,13.599731101932068,True,0.00406472979022625,11.622350710418276,0,,,10.822,0.018198
211,213,0.08090909090909093,30.445263335806235,0.058181818181818175,0.08636363636363636,26.445263335806178,30.445263335806235,False,4.1349447524957235,15.753230733123775,0,,,34.7439,0.08449
212,214,0.6727272727272727,7.186456691315645,0.34545454545454546,1.4,2.5864566913156413,12.58645669131565,True,0.00017882806823802606,11.61846480869629,0,,,8.1492,0.679251
213,215,0.3909090909090909,3.2,0.2545454545454545,0.7727272727272727,0.0,8.3,True,0.0036432661623610365,11.621929246790414,0,,,3.30871,0.38463
214,216,0.07445454545454545,30.445263335806235,0.028181818181818183,0.08636363636363636,20.445263335806093,30.445263335806235,False,0.4324091732901911,12.050695153918245,0,,,33.401,0.069919
215,217,0.1409090909090909,12.517508732866268,0.11545454545454545,0.16454545454545455,9.917508732866278,15.017508732866258,False,0.004483007086377107,11.622768987714428,0,,,10.7284,0.115338
216,218,0.05,5.191948053362412,0.04,0.06454545454545453,2.491948053362413,7.8919480533624125,True,0.08283087884708784,11.70111685947514,0,,,3.57594,0.041088
217,219,0.7454545454545455,29.84526333580623,0.509090909090909,0.8545454545454546,26.745263335806182,30.445263335806235,False,0.044316754928887314,11.66260273555694,0,,,34.7551,0.877611
218,220,0.04181818181818182,6.756563150923975,0.03,0.058181818181818175,3.656563150923972,10.456563150923976,True,0.0024001716508236645,11.620686152278873,0,,,5.86068,0.034193
219,221,0.3363636363636364,3.4000000000000004,0.2181818181818182,0.5636363636363636,0.0,7.9,True,0.016569045104182334,11.634855025732234,0,,,3.17934,0.315323
220,222,0.11363636363636365,7.074456568560271,0.06727272727272728,0.17,1.9744565685602664,11.974456568560276,True,0.012213177182567042,11.630499157810616,0,,,4.36454,0.083205
221,223,0.3363636363636364,11.962946158732686,0.16454545454545455,0.6909090909090909,7.062946158732703,17.062946158732665,True,0.004924271207206142,11.62321025183526,0,,,12.8632,0.320629
222,224,0.5363636363636364,7.042279766211473,0.2909090909090909,1.2363636363636363,2.7422797662114675,12.742279766211475,True,0.0038064270896123018,11.622092407717664,0,,,8.18201,0.564628
223,225,0.11181818181818183,15.012168446084711,0.08363636363636362,0.13727272727272727,11.712168446084721,17.7121684460847,False,0.01188143263803704,11.630167413266088,0,,,13.0197,0.080372
224,226,0.06818181818181819,13.27343325008918,0.04454545454545455,0.10454545454545457,8.473433250089197,18.173433250089158,True,0.020842857450280212,11.639128838078332,0,,,12.1086,0.053026
225,227,0.06636363636363636,8.962317210198696,0.04272727272727273,0.10272727272727274,3.862317210198693,13.862317210198702,True,0.04911019037043539,11.667396170998488,0,,,7.20348,0.05084
227,229,0.17545454545454547,11.2375511287026,0.12090909090909092,0.2818181818181818,6.237551128702616,14.937551128702586,True,0.0031743633235231192,11.621460343951574,0,,,9.83942,0.159405
228,230,0.09636363636363636,11.133389228694687,0.058181818181818175,0.15,6.133389228694705,16.133389228694668,True,0.0009991207127293274,11.61928510134078,0,,,8.92587,0.07056
229,231,0.17272727272727273,13.094510138140128,0.12818181818181815,0.2545454545454545,8.894510138140141,15.894510138140117,True,0.032908371967220025,11.651194352595274,0,,,11.7973,0.156721
230,232,0.049090909090909095,10.366650917689553,0.03636363636363636,0.07018181818181819,6.966650917689566,14.266650917689539,True,0.002602401431519855,11.620888382059572,0,,,9.51919,0.040646
231,233,0.01818181818181818,8.63591861932265,0.01,0.030909090909090907,3.3359186193226464,13.335918619322655,True,0.00861812605104231,11.626904106679095,0,,,8.95003,0.016697
232,234,0.08272727272727272,19.057670804067055,0.05181818181818182,0.12454545454545456,13.857670804067075,23.85767080406704,True,0.015925487157316273,11.634211467785368,0,,,17.8396,0.061745
233,235,0.3363636363636364,9.626213385469086,0.2818181818181818,0.4,8.32621338546909,11.32621338546908,True,0.2280404166601979,11.846326397288252,0,,,10.449,0.325239
234,236,0.07818181818181819,12.017560838530438,0.056363636363636366,0.10818181818181817,8.217560838530451,15.717560838530426,True,0.013793618963950136,11.632079599592002,0,,,10.4019,0.059896
235,237,0.3727272727272728,5.2744125774100326,0.2818181818181818,0.5272727272727272,2.774412577410033,8.174412577410031,True,0.002771441694220799,11.621057422322274,0,,,5.47197,0.363121
236,238,0.2363636363636364,24.13730017908691,0.1890909090909091,0.2909090909090909,22.63730017908689,25.837300179086927,False,0.06689138431309036,11.685177364941142,0,,,26.0018,0.209504
237,239,0.16636363636363638,13.619510410703082,0.1390909090909091,0.2181818181818182,10.819510410703092,15.719510410703075,True,0.006181336586550452,11.6244673172146,0,,,12.3432,0.1504
238,240,0.6363636363636364,6.8368084318118045,0.3181818181818182,1.4,2.0368084318118007,12.03680843181181,True,0.0037890155552917095,11.622074996183345,0,,,7.60471,0.632756
239,241,0.053636363636363635,13.806595070194692,0.04272727272727273,0.06818181818181819,11.206595070194702,16.506595070194685,True,0.05616965816957259,11.674455638797625,0,,,13.0669,0.043291
240,242,0.03,15.258992953636902,0.02363636363636364,0.04363636363636364,12.35899295363691,18.858992953636886,True,0.06241686219597468,11.680702842824026,0,,,15.8741,0.026629
241,243,0.052727272727272734,4.800000000000002,0.039090909090909086,0.07018181818181819,1.4,7.9,True,0.06204718713316061,11.680333167761214,0,,,2.95512,0.04234
242,244,0.03818181818181818,18.044734709008523,0.026363636363636363,0.057272727272727274,14.244734709008537,22.544734709008512,True,0.004347503594127071,11.622633484222181,0,,,18.5904,0.031318
244,246,0.04,5.427854900847916,0.030909090909090907,0.049090909090909095,2.927854900847917,7.827854900847917,True,0.14761170096048104,11.765897681588532,0,,,4.27424,0.032383
245,247,0.4909090909090909,1.2000000000000002,0.3818181818181817,1.0272727272727271,0.0,6.0,True,0.0014382665649838098,11.619724247193036,0,,,1.14525,0.490844
246,248,0.4,7.204572673071689,0.3272727272727273,0.4818181818181818,5.404572673071686,8.704572673071691,True,0.2460604000436953,11.86434638067175,0,,,7.51441,0.384787
247,249,0.3272727272727273,8.031347422904373,0.2181818181818182,0.509090909090909,4.93134742290437,11.931347422904375,True,0.031011312855366707,11.649297293483418,0,,,8.44308,0.307826
248,250,0.24545454545454545,16.710449513262745,0.16818181818181818,0.3181818181818182,14.010449513262756,18.91044951326274,True,0.12315309407287843,11.74143907470093,0,,,17.1685,0.201849
249,251,0.24545454545454545,4.2,0.1809090909090909,0.3272727272727273,2.2,6.6000000000000005,True,0.06114716896872785,11.679433149596779,0,,,3.63735,0.213754
250,252,0.3,3.9,0.2545454545454545,0.3727272727272728,2.5,5.7,True,0.030704298974530017,11.648990279602582,0,,,3.77234,0.284252
251,253,0.509090909090909,24.20317928529933,0.3636363636363637,0.8909090909090909,21.30317928529929,28.603179285299397,True,0.00703349959393418,11.625319480221984,0,,,27.8617,0.579121
253,255,0.08363636363636362,5.638031386703559,0.0609090909090909,0.11727272727272728,1.8380313867035556,9.538031386703564,True,0.035983180959904416,11.654269161587957,0,,,3.26746,0.06402
254,256,0.3,18.229699132389893,0.2090909090909091,0.4363636363636364,15.129699132389904,21.429699132389878,True,0.08145960718280755,11.69974558781086,0,,,19.5355,0.281194
255,257,0.030909090909090907,7.123085258845363,0.025454545454545452,0.039090909090909086,4.923085258845361,9.323085258845364,True,0.02539249660996274,11.643678477238016,0,,,6.41858,0.026355
256,258,0.12636363636363634,12.51280112701663,0.1,0.15181818181818182,9.51280112701664,15.112801127016619,False,0.06202090279873462,11.680306883426786,0,,,10.5602,0.09673
257,259,0.2727272727272727,14.995761353864525,0.2090909090909091,0.3545454545454545,13.095761353864534,17.295761353864513,True,0.08594140911596335,11.704227389744014,0,,,16.0383,0.252598
258,260,0.06272727272727273,30.445263335806235,0.04363636363636364,0.06636363636363636,26.445263335806178,30.445263335806235,False,13.930038921506119,25.54832490213417,0,,,42.6108,0.12709
259,261,0.19181818181818186,11.679622665218256,0.16454545454545455,0.2272727272727273,10.37962266521826,12.879622665218253,True,0.1523944959408633,11.770680476568913,0,,,10.7586,0.170935
261,263,0.3272727272727273,17.980730056548673,0.2727272727272727,0.3909090909090909,16.38073005654868,19.580730056548667,False,0.009192691536541609,11.627478672164596,0,,,19.7064,0.318568
262,264,0.2818181818181818,6.39865060568712,0.2363636363636364,0.3636363636363637,4.898650605687118,8.498650605687121,True,0.08196600671826887,11.70025198734632,0,,,6.51317,0.264027
263,265,0.16272727272727272,9.700963299313885,0.1390909090909091,0.2,7.3009632993138975,11.600963299313884,True,0.016392248004126562,11.63467822863218,0,,,7.84282,0.145277
265,267,0.1590909090909091,22.095753792719613,0.1409090909090909,0.1809090909090909,20.395753792719592,23.69575379271964,False,0.2411041031134584,11.859390083741513,0,,,21.654,0.140023
266,268,0.5,15.489698893233344,0.3818181818181817,0.7454545454545455,13.089698893233352,18.589698893233333,True,0.005251129092212668,11.623537109720266,0,,,17.6157,0.535745
267,269,0.03818181818181818,6.466947563675954,0.029090909090909087,0.05181818181818182,3.866947563675952,9.866947563675957,True,0.04980924842055835,11.66809522904861,0,,,5.68679,0.031505
268,270,0.16636363636363638,21.14590148306612,0.13727272727272727,0.2090909090909091,18.345901483066086,23.04590148306615,True,0.023388469333573816,11.641674449961624,0,,,20.6584,0.149924
269,271,0.4,3.7,0.2727272727272727,0.7454545454545455,0.5,8.700000000000001,True,0.0163973532569224,11.634683333884974,0,,,3.99631,0.398539
270,272,0.029090909090909087,12.042585333913035,0.019545454545454543,0.04454545454545455,7.84258533391305,16.24258533391302,True,0.038207332361787964,11.656493312989841,0,,,11.8599,0.024701
271,273,0.2909090909090909,21.18868019497621,0.24545454545454545,0.3636363636363637,19.688680194976193,23.088680194976238,False,0.02192861412107424,11.640214594749127,0,,,23.2463,0.282247
272,274,0.07909090909090909,6.289864500642724,0.053636363636363635,0.11181818181818183,1.7898645006427207,10.289864500642727,True,0.005234828935770258,11.62352080956382,0,,,3.78625,0.05971
274,276,0.16636363636363638,13.533763345877693,0.14636363636363636,0.2,11.4337633458777,15.033763345877688,True,0.06523151805072662,11.683517498678777,0,,,12.1785,0.149638
275,277,0.02,12.50491905662548,0.01636363636363636,0.025454545454545452,10.504919056625488,15.104919056625473,True,0.09175060938865508,11.710036590016706,0,,,13.4064,0.018457
276,278,0.028181818181818183,3.4000000000000004,0.022727272727272728,0.037272727272727284,1.0,6.0,True,0.04599189196155595,11.664277872589608,0,,,2.55597,0.024638
277,279,0.4545454545454546,3.1,0.2818181818181818,1.0,0.0,8.200000000000001,True,0.002073340758763439,11.620359321386815,0,,,3.23936,0.451866
279,281,0.2545454545454545,14.260990580229096,0.1890909090909091,0.3363636363636364,12.260990580229105,16.66099058022909,True,0.018247495866449186,11.6365334764945,0,,,15.037,0.22838
280,282,0.013181818181818182,15.277730408073618,0.01,0.019545454545454543,11.977730408073633,19.477730408073608,True,0.05812978224995951,11.676415762878012,0,,,16.7526,0.012869
281,283,0.08636363636363636,11.418940260798664,0.058181818181818175,0.12636363636363634,6.81894026079868,16.018940260798647,True,0.028597387149181832,11.646883367777233,0,,,9.60764,0.065644
282,284,0.16636363636363638,13.802150436010177,0.15,0.1972727272727273,12.002150436010186,15.102150436010175,True,0.08589715550238743,11.70418313613044,0,,,12.5053,0.151441
283,285,0.2363636363636364,7.076723586306759,0.1809090909090909,0.2909090909090909,5.176723586306757,8.77672358630676,True,0.1606611943254582,11.77894717495351,0,,,6.5213,0.19811
284,286,0.4181818181818182,3.9,0.2181818181818182,0.9454545454545454,0.0,8.8,True,0.0012364670755806494,11.619522447703634,0,,,4.03699,0.40714
285,287,0.1972727272727273,20.473549434495872,0.14636363636363636,0.2727272727272727,17.173549434495886,23.073549434495874,True,0.06331975466707923,11.68160573529513,0,,,20.7813,0.175566
286,288,0.4090909090909091,10.295484943053797,0.3272727272727273,0.5454545454545454,8.195484943053803,12.695484943053787,True,0.02063589770472216,11.638921878332772,0,,,11.2833,0.405095
287,289,0.04454545454545455,5.665626225205699,0.028181818181818183,0.06909090909090909,1.1656262252057,10.665626225205699,True,0.003467803195776941,11.621753783823829,0,,,4.46489,0.036446
288,290,0.012727272727272728,6.356163433149058,0.01,0.02,3.4561634331490567,10.956163433149063,True,0.04263671644516856,11.660922697073222,0,,,7.36582,0.013026
289,291,0.4636363636363636,7.655389902410076,0.34545454545454546,0.6909090909090909,5.055389902410074,10.855389902410078,True,0.03880250518806872,11.657088485816118,0,,,8.28644,0.460924
290,292,0.03,3.6,0.02363636363636364,0.04,0.9,6.2,True,0.028873958260767163,11.64715993888882,0,,,2.56491,0.025927
291,293,0.01681818181818182,6.992144577152693,0.012727272727272728,0.02363636363636364,4.092144577152691,10.492144577152695,True,0.033165960451007274,11.651451941079062,0,,,7.5943,0.01613
292,294,0.7181818181818181,4.0,0.3909090909090909,1.4,0.0,9.1,True,0.00046624863760318694,11.618752229265654,0,,,4.44438,0.706293
293,295,0.3,3.2,0.2545454545454545,0.3818181818181817,1.7000000000000002,5.2,True,0.021445284592466262,11.63973126522052,0,,,2.9281,0.282857
294,296,0.9454545454545454,9.683178675672718,0.44545454545454544,1.4,5.183178675672732,14.383178675672701,True,0.00032037358833028644,11.618606354216382,0,,,10.9687,0.925956
296,298,0.1390909090909091,19.63747561550503,0.10818181818181817,0.16454545454545455,16.237475615505044,22.237475615505023,True,0.10401267943722396,11.722298660065274,0,,,18.394,0.110836
297,299,0.3363636363636364,3.2,0.2090909090909091,0.6545454545454545,0.0,8.1,True,0.0017619563972363285,11.620047937025287,0,,,2.98493,0.318227
298,300,0.44545454545454544,8.839752810880086,0.34545454545454546,0.6,6.6397528108800845,11.23975281088009,True,0.030881286951673755,11.649167267579724,0,,,9.60489,0.443287
299,301,0.3090909090909091,6.991151160041938,0.2181818181818182,0.4727272727272727,4.091151160041935,10.591151160041939,True,0.010599435150102804,11.628885415778155,0,,,7.16208,0.291543
300,302,0.12090909090909092,11.177645746662213,0.08,0.1590909090909091,6.5776457466622285,14.9776457466622,True,0.00216322237223765,11.620449203000287,0,,,8.95079,0.089046
302,304,0.9363636363636364,10.875710183781234,0.509090909090909,1.4,6.575710183781247,14.675710183781217,True,0.0008309781177141637,11.619116958745765,0,,,12.4186,0.9284
303,305,0.011818181818181818,7.0403242645045045,0.01,0.014090909090909091,5.240324264504503,9.040324264504504,True,0.06723546503506507,11.685521445663117,0,,,7.74925,0.01175
304,306,0.1,13.64584801590918,0.07909090909090909,0.12090909090909092,11.245848015909191,16.145848015909177,False,0.011499532126692072,11.629785512754744,0,,,11.8727,0.072793
305,307,0.3636363636363637,5.0,0.2909090909090909,0.4636363636363636,3.1,7.1000000000000005,True,0.07390378765871075,11.692189768286765,0,,,5.11355,0.351264
306,308,0.16818181818181818,5.123155339234205,0.12818181818181815,0.24545454545454545,1.1231553392342062,7.923155339234206,True,0.014691805364724381,11.632977785992775,0,,,2.86052,0.153857
307,309,0.2272727272727273,4.800000000000002,0.15545454545454546,0.3181818181818182,1.4,7.6,True,0.01926654833382473,11.637552528961875,0,,,3.66366,0.190781
308,310,0.3090909090909091,13.544334465327283,0.24545454545454545,0.3909090909090909,11.544334465327294,15.644334465327278,True,0.10502293776069703,11.723308918388751,0,,,14.4488,0.287995
309,311,0.15181818181818182,7.6593217791242525,0.12818181818181815,0.1781818181818182,5.35932177912425,9.859321779124254,True,0.016560435681050926,11.634846416309102,0,,,5.37594,0.129888
310,312,0.6090909090909089,7.806433855372357,0.3818181818181817,1.2181818181818185,3.8064338553723545,13.006433855372364,True,0.001157765558859062,11.619443746186912,0,,,8.7526,0.620898
311,313,1.1727272727272726,5.625728868277161,0.5272727272727272,1.4,0.825728868277162,8.72572886827716,True,0.0011473295745778175,11.619433310202627,0,,,6.10097,1.08928
312,314,0.18363636363636365,9.258377801299618,0.1409090909090909,0.2636363636363636,5.758377801299628,11.858377801299605,True,0.02839129360078188,11.646677274228836,0,,,7.94024,0.166565
313,315,0.09727272727272727,10.297229969524217,0.06909090909090909,0.12454545454545456,6.597229969524231,13.597229969524205,True,0.03141691790003856,11.649702898528089,0,,,7.88829,0.06973
314,316,0.2636363636363636,13.130797436637053,0.19181818181818186,0.3363636363636364,10.93079743663706,15.230797436637044,True,0.06350162781959652,11.68178760844765,0,,,13.5731,0.229595
315,317,0.3,1.7000000000000002,0.2090909090909091,0.5909090909090908,0.0,6.6000000000000005,True,0.005932302287902573,11.624218282915955,0,,,1.08928,0.27833
316,318,0.14272727272727273,7.85041955629548,0.1190909090909091,0.16272727272727272,5.450419556295478,9.950419556295484,False,0.05782280674600599,11.67610878737406,0,,,5.37589,0.116108
317,319,0.2272727272727273,7.630924877809835,0.17,0.3090909090909091,5.630924877809832,10.130924877809836,True,0.17855702656858088,11.796843007196633,0,,,7.48673,0.198125
318,320,0.028181818181818183,17.481713110090652,0.01818181818181818,0.04727272727272727,12.781713110090669,22.58171311009063,True,0.005280397523639828,11.623566378151693,0,,,18.18,0.024604
319,321,0.19181818181818186,8.223817006376933,0.15,0.2636363636363636,5.323817006376928,10.623817006376935,True,0.012447809026065529,11.630733789654114,0,,,6.98574,0.172364
320,322,0.2272727272727273,7.852946165184853,0.1781818181818182,0.2727272727272727,6.152946165184853,9.352946165184854,True,0.08975554035468558,11.708041520982738,0,,,7.19678,0.192636
321,323,0.056363636363636366,21.19078743864868,0.03636363636363636,0.08727272727272728,16.39078743864861,26.09078743864875,True,0.0020379172448010373,11.62032389787285,0,,,21.4138,0.045716
322,324,0.2636363636363636,10.170390149431748,0.2181818181818182,0.3,8.670390149431753,11.370390149431744,True,0.1356792885978217,11.753965269225874,0,,,10.1806,0.227933
323,325,0.1190909090909091,10.338790707525606,0.09545454545454546,0.14272727272727273,7.738790707525616,12.838790707525597,False,0.15552339576202945,11.773809376390084,0,,,8.19206,0.088783
324,326,0.2,3.8,0.16818181818181818,0.24545454545454545,2.5,5.300000000000002,False,0.19620016012313515,11.814486140751187,0,,,2.42722,0.179936
326,328,0.2181818181818182,14.358593261055288,0.17272727272727273,0.2636363636363636,12.758593261055296,15.758593261055285,True,0.02656210493641916,11.64484808556447,0,,,14.249,0.187421
327,329,0.18363636363636365,14.351412995524486,0.1481818181818182,0.2363636363636364,11.451412995524494,16.05141299552448,True,0.0609119639712121,11.679197944599267,0,,,13.2202,0.16271
328,330,0.2909090909090909,2.2,0.2,0.4727272727272727,0.0,6.300000000000002,True,0.028542687107278444,11.646828667735331,0,,,1.62657,0.265953
329,331,0.01909090909090909,8.238424173012277,0.015,0.024545454545454544,5.738424173012273,10.738424173012278,True,0.0006904104390577277,11.61897639106711,0,,,8.51681,0.017592
330,332,0.029090909090909087,5.087423848000257,0.02363636363636364,0.04,2.587423848000257,8.087423848000256,True,0.050580021154285136,11.668866001782336,0,,,4.47306,0.025467
331,333,0.11727272727272728,10.286827281645575,0.07390909090909091,0.16090909090909092,5.186827281645595,14.88682728164556,True,0.0027032536496739037,11.620989234277726,0,,,7.98528,0.086248
332,334,1.2636363636363637,10.794919450599362,0.6090909090909089,1.4,6.39491945059938,12.994919450599356,True,7.887653416235863e-05,11.618364857162216,0,,,12.3416,1.24447
333,335,0.12636363636363634,10.522899200100614,0.09909090909090908,0.15181818181818182,7.422899200100624,13.022899200100605,False,0.09323227658442228,11.711518257212472,0,,,8.2831,0.096396
334,336,0.14272727272727273,12.503034281654054,0.11545454545454545,0.17,9.703034281654066,15.303034281654046,True,0.00784998559353244,11.626135966221586,0,,,10.8322,0.118758
335,337,0.2181818181818182,14.450960409626989,0.16636363636363638,0.2818181818181818,12.450960409626994,16.650960409626986,True,0.08021188183532807,11.69849786246338,0,,,14.7917,0.191766
336,338,0.2272727272727273,4.874525904821931,0.1781818181818182,0.2818181818181818,3.2745259048219313,6.5745259048219316,True,0.1613080197900204,11.779594000418072,0,,,4.01046,0.19403
337,339,0.4090909090909091,3.5,0.24545454545454545,0.9,0.0,8.700000000000001,True,0.004514596960466155,11.622800577588515,0,,,3.63504,0.40222
338,340,0.05454545454545455,20.24098881851105,0.039090909090909086,0.08,16.540988818511064,24.740988818511035,True,0.08042899369673757,11.698714974324787,0,,,20.5696,0.045066
339,341,0.2545454545454545,4.4,0.2090909090909091,0.3090909090909091,2.9000000000000004,6.0,True,0.04435057002013163,11.662636550648186,0,,,3.82772,0.220449
340,342,0.13727272727272727,10.957641540102513,0.11545454545454545,0.1572727272727273,8.557641540102521,12.957641540102506,False,0.013797646710842713,11.632083627338893,0,,,8.84771,0.110302
341,343,1.0,8.636444180959447,0.5454545454545454,1.4,4.036444180959464,11.736444180959435,True,0.005746767643518822,11.62403274827157,0,,,9.64171,0.951855
342,344,0.990909090909091,0.9,0.7636363636363637,1.4,0.0,4.7,True,0.001047155129533453,11.619333135757588,0,,,0.723914,0.921114
343,345,0.015,19.329789542426774,0.01,0.024545454545454544,14.729789542426795,24.22978954242676,True,0.030257890899018664,11.648543871527073,0,,,21.1365,0.01455
344,346,0.2090909090909091,10.064161564578832,0.17,0.2545454545454545,8.664161564578839,11.564161564578828,True,0.12699237382927714,11.745278354457328,0,,,9.55788,0.184106
345,347,0.4090909090909091,4.6000000000000005,0.2545454545454545,0.7909090909090909,0.4,9.5,True,0.023759429416003692,11.642045410044055,0,,,4.66521,0.392184
346,348,0.13363636363636364,8.076902070586463,0.11,0.15181818181818182,5.476902070586462,9.876902070586468,False,0.13654389439394551,11.754829875021994,0,,,5.36674,0.103231
347,349,0.17,8.062116795787329,0.14272727272727273,0.2181818181818182,5.362116795787326,9.86211679578733,True,0.05678777629933671,11.675073756927388,0,,,5.96922,0.153327
348,350,0.03,9.186773828356511,0.024545454545454544,0.04,6.78677382835652,11.786773828356502,True,0.03795135884919396,11.656237339477244,0,,,8.88136,0.026211
349,351,0.2090909090909091,7.8767389047187475,0.17,0.24545454545454545,6.4767389047187445,9.076738904718749,True,0.08796146626921306,11.706247446897265,0,,,6.69938,0.180308
350,352,0.4545454545454546,1.8,0.3181818181818182,1.0272727272727271,0.0,7.0,True,0.00504702582082712,11.623333006448881,0,,,1.94461,0.459678
351,353,0.08909090909090908,18.94064650950001,0.07200000000000001,0.1090909090909091,16.34064650950002,21.0406465095,False,0.12100968430572942,11.73929566493378,0,,,17.5537,0.06645
352,354,0.028181818181818183,16.387725912068156,0.02,0.04,12.787725912068169,19.78772591206814,True,0.032209982997632065,11.650495963625685,0,,,16.7506,0.024071
354,356,0.1572727272727273,11.652823967130859,0.13,0.1972727272727273,8.95282396713087,14.052823967130852,True,0.009155855662792391,11.627441836290846,0,,,10.0197,0.137932
355,357,0.04363636363636364,11.327458986579535,0.03363636363636364,0.05545454545454545,8.727458986579544,14.027458986579525,True,0.07262525628345444,11.690911236911507,0,,,10.7726,0.035605
357,359,0.15363636363636365,8.892678503954775,0.1390909090909091,0.16818181818181818,7.49267850395478,10.49267850395477,False,0.06911672294709978,11.687402703575154,0,,,6.86274,0.132942
358,360,0.6636363636363636,5.6627973232102935,0.3090909090909091,1.4,0.8627973232102928,10.862797323210291,True,0.00018233839858989385,11.618468319026642,0,,,6.39137,0.662956
359,361,0.2272727272727273,9.54534663389046,0.16454545454545455,0.2909090909090909,7.045346633890469,11.645346633890453,True,0.04843487084734198,11.666720851475391,0,,,9.03267,0.191804
360,362,0.13363636363636364,8.84195380066431,0.10818181818181817,0.1590909090909091,5.941953800664307,11.241953800664312,False,0.05804974441918043,11.676335725047233,0,,,6.5286,0.107734
361,363,0.015454545454545453,2.6,0.012272727272727272,0.02181818181818182,0.0,5.9,True,0.02897893036238135,11.647264910990431,0,,,2.78868,0.015144
362,364,0.2090909090909091,18.510120246039527,0.16818181818181818,0.2636363636363636,16.910120246039533,20.110120246039518,True,0.04226878073969249,11.660554761367743,0,,,18.961,0.185186
363,365,0.3,2.8000000000000003,0.2,0.4909090909090909,0.0,7.0,True,0.0360328234891148,11.654318804117167,0,,,2.61663,0.285649
364,366,0.3727272727272728,3.2,0.24545454545454545,0.7,0.0,8.1,True,0.01903742435283091,11.637323404980883,0,,,3.03329,0.357307
365,367,0.4363636363636364,2.3000000000000003,0.3181818181818182,0.8181818181818182,0.0,7.2,True,0.006292365308177705,11.624578345936232,0,,,2.38762,0.433287
366,368,0.3363636363636364,2.0,0.2272727272727273,0.6727272727272727,0.0,7.0,True,0.007515661846256513,11.625801642474306,0,,,1.59861,0.314603
368,370,0.015,13.14326973692646,0.012272727272727272,0.02090909090909091,10.64326973692647,16.343269736926448,True,0.11801108039169232,11.736297061019744,0,,,14.6146,0.014912
369,371,0.10181818181818182,12.117226946448323,0.06454545454545453,0.14454545454545453,7.117226946448344,16.817226946448308,True,0.008614722257836882,11.626900702885887,0,,,10.1329,0.074156
370,372,0.04,9.590711263415686,0.029090909090909087,0.05454545454545455,6.490711263415697,13.090711263415676,True,0.028249998059761812,11.646535978687814,0,,,9.02142,0.032683
371,373,0.04181818181818182,6.8092212305215005,0.028181818181818183,0.06272727272727273,2.8092212305214965,11.309221230521505,True,0.016209193258328296,11.63449517388638,0,,,5.7069,0.033703
372,374,0.027272727272727268,24.334382003229603,0.01590909090909091,0.045454545454545456,19.03438200322952,29.034382003229666,True,0.02689631674267375,11.645182297370726,0,,,25.7492,0.023395
373,375,0.03818181818181818,10.126064127034226,0.027272727272727268,0.056363636363636366,6.726064127034237,14.52606412703421,True,0.06926700711454989,11.687552987742606,0,,,9.82369,0.031531
374,376,0.1781818181818182,10.401703167118477,0.1481818181818182,0.2272727272727273,7.801703167118484,12.001703167118471,True,0.06922755796375463,11.687513538591807,0,,,8.70859,0.158698
375,377,0.03818181818181818,11.173498155810563,0.027272727272727268,0.05454545454545455,7.873498155810576,15.173498155810547,True,0.010201902162144349,11.628487882790196,0,,,10.9066,0.031165
376,378,0.12272727272727273,12.339895071818269,0.10090909090909092,0.14454545454545453,9.839895071818276,14.53989507181826,False,0.04794560333756688,11.666231583965619,0,,,10.3718,0.092124
377,379,0.029090909090909087,10.239161609939435,0.022727272727272728,0.040909090909090916,7.439161609939448,13.439161609939426,True,0.015818663830123234,11.634104644458175,0,,,10.1988,0.02545
378,380,0.05181818181818182,8.474636859717359,0.03818181818181818,0.075,4.874636859717357,12.574636859717364,True,0.02004295514272765,11.63832893577078,0,,,7.35559,0.042825
379,381,0.16454545454545455,12.314847009956514,0.14272727272727273,0.2,10.014847009956522,13.914847009956508,True,0.06077876583183301,11.679064746459884,0,,,10.682,0.147559
380,382,0.2272727272727273,2.9000000000000004,0.19181818181818186,0.2636363636363636,1.8,4.1000000000000005,False,0.08096520835090795,11.69925118897896,0,,,1.74591,0.192892
382,384,0.04454545454545455,5.426894247384991,0.029090909090909087,0.06545454545454546,1.2268942473849889,9.626894247384987,True,0.06035884828381548,11.678644828911867,0,,,3.87748,0.035569
383,385,0.06636363636363636,13.517155099699886,0.040909090909090916,0.10454545454545457,8.417155099699903,18.417155099699873,True,0.012076352021362518,11.630362332649414,0,,,12.2809,0.050533
384,386,0.024545454545454544,14.572916111839517,0.01818181818181818,0.03272727272727273,11.572916111839525,17.672916111839506,True,0.01160546311387191,11.629891443741926,0,,,14.9979,0.020907
385,387,0.03,8.874684102633157,0.024545454545454544,0.039090909090909086,6.574684102633156,11.17468410263316,True,0.044200297820820585,11.662486278448872,0,,,8.37012,0.025806
386,388,0.1090909090909091,9.997970657608423,0.08818181818181818,0.13181818181818186,7.697970657608431,12.497970657608414,False,0.13044178846033586,11.748727769088388,0,,,7.77858,0.079968
387,389,0.05545454545454545,11.117341058798344,0.04181818181818182,0.07636363636363636,7.917341058798356,14.717341058798329,True,0.0203924776053508,11.638678458233402,0,,,10.1562,0.045054
388,390,0.01590909090909091,14.674352569312804,0.01090909090909091,0.026363636363636363,10.374352569312817,19.774352569312786,True,0.01616341019998381,11.634449390828035,0,,,16.2268,0.015508
389,391,0.01636363636363636,12.47696715648982,0.011818181818181818,0.024545454545454544,8.876967156489833,16.576967156489808,True,0.005457503014167989,11.62374348364222,0,,,13.5995,0.015694
390,392,0.3727272727272728,2.9000000000000004,0.2545454545454545,0.6727272727272727,0.0,7.800000000000002,True,0.0005696890816595313,11.618855669709713,0,,,2.75166,0.358062
391,393,0.1890909090909091,4.7,0.1481818181818182,0.2636363636363636,1.7000000000000002,6.9,True,0.10514109703510692,11.723427077663159,0,,,2.90691,0.169904
392,394,0.1809090909090909,8.508693359777244,0.1572727272727273,0.2181818181818182,6.8086933597772425,9.808693359777246,True,0.06834545817310901,11.68663143880116,0,,,6.96599,0.163993
393,395,0.1090909090909091,10.184222748578888,0.07390909090909091,0.14272727272727273,5.784222748578903,13.784222748578873,True,0.0009565032278265387,11.619242483855876,0,,,7.75263,0.078724
394,396,0.7272727272727273,6.234325628551924,0.3818181818181817,1.4,1.434325628551921,11.434325628551928,True,0.0018632443905403087,11.620149225018592,0,,,7.12659,0.721981
395,397,0.44545454545454544,8.885236120831868,0.3363636363636364,0.6545454545454545,6.4852361208318765,11.985236120831855,True,0.01321946277760132,11.631505443405652,0,,,9.86064,0.451638
396,398,0.1972727272727273,4.5,0.16636363636363638,0.24545454545454545,3.1,5.9,False,0.14859953982453647,11.766885520452588,0,,,2.91638,0.175856
397,399,0.05545454545454545,12.628544138079713,0.04363636363636364,0.07072727272727274,9.928544138079722,15.328544138079705,True,0.01937864154916591,11.637664622177214,0,,,11.7218,0.044551
398,400,0.02090909090909091,12.869643600351155,0.015,0.029090909090909087,9.569643600351164,16.46964360035114,True,0.008051150567261264,11.626337131195314,0,,,13.4445,0.018617
399,401,0.17545454545454547,18.677408362291477,0.1481818181818182,0.2181818181818182,16.077408362291482,20.27740836229147,True,0.01271802443166164,11.631004005059712,0,,,17.9808,0.15907
400,402,0.17272727272727273,15.132364582516185,0.13727272727272727,0.2272727272727273,11.832364582516195,17.232364582516176,True,0.07137242861446064,11.689658409242512,0,,,13.9504,0.155204
401,403,0.018636363636363642,11.840411856103893,0.014545454545454544,0.02363636363636364,9.3404118561039,14.340411856103882,True,0.018587510003163568,11.636873490631215,0,,,12.5571,0.017154
402,404,0.02363636363636364,10.750890356899006,0.01818181818181818,0.029090909090909087,8.150890356899017,13.150890356899,True,0.042605265463410966,11.660891246091467,0,,,10.6672,0.019849
403,405,0.06181818181818183,7.239848553985789,0.04272727272727273,0.08545454545454545,2.9398485539857857,11.039848553985793,True,0.06078728833497545,11.679073268963027,0,,,5.22552,0.047539
404,406,0.04,14.224997363215193,0.025454545454545452,0.06363636363636364,9.624997363215208,19.32499736321517,True,0.01620425674531351,11.634490237373367,0,,,14.1103,0.03216
405,407,0.049090909090909095,5.385583708348953,0.04181818181818182,0.0609090909090909,3.4855837083489543,7.685583708348952,False,0.09663687769578784,11.714922858323838,0,,,4.12726,0.041103
406,408,0.6363636363636364,5.5232757278079365,0.3181818181818182,1.3909090909090909,0.5232757278079374,10.523275727807935,True,0.009822266881087758,11.628108247509141,0,,,6.01907,0.633023
407,409,0.011818181818181818,18.027857971406046,0.01,0.018636363636363642,15.82785797140605,22.827857971406022,True,0.0041657000828597785,11.622451680710912,0,,,20.0477,0.011844
408,410,0.030909090909090907,4.4,0.025454545454545452,0.04,2.2,6.7,True,0.04168304594076218,11.659969026568813,0,,,3.4944,0.026632
409,411,0.2909090909090909,6.574224277251972,0.2272727272727273,0.3818181818181817,4.574224277251969,8.874224277251972,True,0.11144591511681946,11.729731895744871,0,,,6.60901,0.270032
410,412,0.05,11.627640471940262,0.03636363636363636,0.07227272727272728,7.9276404719402755,15.627640471940248,True,0.005127488397494663,11.623413469025547,0,,,10.8719,0.041609
411,413,0.030909090909090907,6.454778910771022,0.02090909090909091,0.04818181818181819,2.254778910771017,11.054778910771024,True,0.0006820688272109318,11.618968049455265,0,,,5.71276,0.026518
412,414,0.1972727272727273,10.720300761954462,0.16272727272727272,0.24545454545454545,8.920300761954465,12.320300761954453,True,0.04879775445467751,11.667083735082727,0,,,9.97166,0.177217
413,415,0.03818181818181818,13.36885562158509,0.026363636363636363,0.056363636363636366,9.668855621585104,17.668855621585074,True,0.01176848679761962,11.630054467425673,0,,,13.298,0.030846
414,416,0.2727272727272727,1.2000000000000002,0.2272727272727273,0.34545454545454546,0.0,3.2,True,0.004536710452125128,11.622822691080177,0,,,0.284263,0.24143
415,417,0.15,7.8495665663878516,0.11181818181818183,0.2,3.849566566387848,11.049566566387854,True,0.04428319723811292,11.662569177866164,0,,,5.69949,0.128577
417,419,0.013636363636363636,6.649537122909916,0.011363636363636364,0.017272727272727273,4.549537122909913,8.949537122909916,True,0.06989148990420446,11.688177470532255,0,,,7.46436,0.01374
418,420,0.19181818181818186,4.800000000000002,0.1481818181818182,0.2636363636363636,1.7000000000000002,7.2,True,0.0047656722213930474,11.623051652849446,0,,,3.06611,0.171222
419,421,0.03,9.085178725112813,0.024545454545454544,0.039090909090909086,6.585178725112822,11.385178725112805,True,0.031497134256559096,11.649783114884613,0,,,8.61076,0.025813
420,422,0.058181818181818175,14.247810953031431,0.045454545454545456,0.07472727272727273,11.647810953031437,17.147810953031414,True,0.006581356516425711,11.624867337144478,0,,,13.5978,0.046545
421,423,0.13545454545454547,6.682580392224001,0.11,0.1572727272727273,3.882580392223998,8.882580392224002,False,0.03128289702274396,11.649568877650795,0,,,3.98427,0.10699
422,424,0.3,6.103812869968034,0.2545454545454545,0.3727272727272728,4.603812869968032,7.903812869968035,True,0.2027227847220906,11.821008765350143,0,,,6.11069,0.282061
423,425,0.1972727272727273,11.89234857290115,0.15363636363636365,0.2636363636363636,9.192348572901162,13.992348572901143,True,0.12748687271681294,11.745772853344866,0,,,11.0611,0.175172
425,427,0.12636363636363634,13.90739818302614,0.09727272727272727,0.15181818181818182,10.60739818302615,16.30739818302613,False,0.029449449195857937,11.64773542982391,0,,,11.8647,0.095051
426,428,0.2181818181818182,6.697297649041479,0.15181818181818182,0.3272727272727273,3.1972976490414764,9.997297649041482,True,0.03524959464636935,11.653535575274422,0,,,6.04525,0.190553
427,429,0.03,11.65091842823556,0.02181818181818182,0.04454545454545455,7.950918428235573,15.350918428235548,True,0.02420625852414113,11.642492239152194,0,,,11.3974,0.025878
428,430,0.16272727272727272,12.5229530026402,0.12090909090909092,0.2363636363636364,8.422953002640213,15.522953002640188,True,0.011792975047101016,11.63007895567515,0,,,10.9855,0.144802
429,431,0.027272727272727268,6.456987935122241,0.022727272727272728,0.034545454545454546,4.456987935122238,8.756987935122241,True,0.00518344194595096,11.623469422574004,0,,,5.89933,0.023617
431,433,0.01636363636363636,5.668456103026589,0.012727272727272728,0.02181818181818182,2.968456103026589,8.768456103026589,True,0.0010760187809014446,11.619361999408953,0,,,6.10158,0.015731
432,434,0.3909090909090909,5.343614071762817,0.3181818181818182,0.4727272727272727,3.4436140717628168,6.943614071762817,True,0.06804500818019606,11.686330988808248,0,,,5.43642,0.376892
433,435,0.024545454545454544,10.027727205951088,0.01818181818181818,0.03272727272727273,6.827727205951098,12.927727205951074,True,0.08992238643378843,11.70820836706184,0,,,9.77083,0.020764
434,436,0.017727272727272727,13.546009117476206,0.013181818181818182,0.024545454545454544,10.346009117476212,16.746009117476188,True,0.06669991477993255,11.684985895407983,0,,,14.4743,0.01634
435,437,0.1481818181818182,7.124308600492015,0.10545454545454544,0.2,2.624308600492011,10.624308600492018,True,0.02235633809662163,11.640642318724673,0,,,4.89551,0.12621
436,438,0.09,13.65743352669291,0.06545454545454546,0.12454545454545456,9.757433526692923,17.457433526692892,True,0.02743833888652036,11.645724319514573,0,,,11.9331,0.067874
437,439,0.1809090909090909,16.68063836977641,0.1481818181818182,0.2363636363636364,13.980638369776424,18.680638369776407,True,0.013256484838262342,11.631542465466314,0,,,15.9771,0.16288
438,440,0.04272727272727273,9.650229755961627,0.03272727272727273,0.057272727272727274,7.150229755961636,12.950229755961615,True,0.07668750165135532,11.694973482279408,0,,,9.24686,0.035831
439,441,0.012727272727272728,14.513586450087125,0.01,0.02181818181818182,10.713586450087137,19.313586450087108,True,0.0002869643940993657,11.618572945022152,0,,,16.0275,0.01266
440,442,0.024545454545454544,10.793903620714556,0.017272727272727273,0.03636363636363636,6.993903620714568,14.693903620714538,True,0.09016964402605476,11.708455624654107,0,,,10.7523,0.02095
441,443,0.3636363636363637,2.0,0.2363636363636364,0.7727272727272727,0.0,6.9,True,0.00025675200566424654,11.618542732633715,0,,,1.69557,0.347269
442,444,0.06727272727272728,6.7030242402064095,0.04181818181818182,0.10454545454545457,1.5030242402064058,11.503024240206413,True,0.00697784258594103,11.625263823213992,0,,,4.66909,0.051462
444,446,0.1890909090909091,8.726591979374929,0.15363636363636365,0.2363636363636364,6.3265919793749275,10.22659197937493,True,0.04573838232763813,11.66402436295569,0,,,7.14387,0.166897
445,447,0.01681818181818182,5.001006065893599,0.013636363636363636,0.022727272727272728,2.5010060658936006,8.001006065893598,True,0.05128456243956876,11.66957054306762,0,,,5.39755,0.016275
446,448,0.015,12.219883217286005,0.01,0.025454545454545452,7.319883217286022,17.019883217285987,True,0.01917912084462814,11.63746510147268,0,,,13.1901,0.014582
447,449,0.2909090909090909,4.2,0.2090909090909091,0.4272727272727273,1.6,7.4,True,0.07132761818859602,11.689613598816647,0,,,4.01829,0.273084
448,450,0.07772727272727273,7.017154904214988,0.05454545454545455,0.11,3.017154904214985,11.01715490421499,True,0.001524615711624293,11.619810596339676,0,,,4.79692,0.059328
449,451,0.2363636363636364,6.6265708837763695,0.17545454545454547,0.3,4.626570883776368,8.62657088377637,True,0.01810569060599029,11.636391671234042,0,,,6.13421,0.198895
450,452,0.16636363636363638,6.027821384972216,0.11545454545454545,0.2636363636363636,0.9278213849722112,9.52782138497222,True,0.02262779494681493,11.640913775574866,0,,,3.84948,0.151506
451,453,0.026363636363636363,10.88760922295635,0.019545454545454543,0.03636363636363636,7.787609222956362,14.187609222956338,True,0.11798478157677385,11.736270762204828,0,,,10.847,0.022761
452,454,0.02,9.053777573936113,0.015,0.028181818181818183,6.1537775739361225,12.753777573936098,True,0.0165244194326916,11.634810400060744,0,,,9.46714,0.018392
453,455,0.2727272727272727,8.674925779432638,0.2090909090909091,0.3545454545454545,6.574925779432636,10.87492577943264,True,0.04724973885715707,11.665535719485211,0,,,8.78817,0.245175
454,456,0.05545454545454545,8.855830501480893,0.04,0.08090909090909093,5.055830501480887,13.155830501480894,True,0.013403755381048708,11.631689736009099,0,,,7.63569,0.045169
455,457,0.04636363636363637,16.736907906886152,0.03545454545454545,0.058181818181818175,13.836907906886161,19.136907906886144,True,0.16969166230355565,11.787977642931606,0,,,16.3642,0.037282
456,458,0.7818181818181819,2.7,0.4818181818181818,1.4,0.0,7.6,True,0.006539753652404556,11.624825734280455,0,,,2.7497,0.743392
457,459,0.2818181818181818,7.089988710142398,0.2272727272727273,0.3636363636363637,5.389988710142397,9.289988710142401,True,0.028066665103913004,11.646352645731964,0,,,7.22935,0.261949
458,460,0.019545454545454543,14.174495872142591,0.012272727272727272,0.03272727272727273,9.274495872142609,19.274495872142573,True,0.012838466549926866,11.631124447177978,0,,,15.2628,0.018131
460,462,0.12272727272727273,12.498978946149723,0.07772727272727273,0.16636363636363638,7.2989789461497425,16.89897894614971,True,0.03631643717114895,11.654602417799198,0,,,10.544,0.092046
461,463,0.04181818181818182,12.196452729809609,0.025454545454545452,0.06818181818181819,7.296452729809626,17.296452729809587,True,0.02120155083561854,11.63948753146367,0,,,11.7389,0.033765
462,464,0.3545454545454545,1.1,0.2727272727272727,0.7181818181818181,0.0,6.0,True,0.007034867444382681,11.625320848072436,0,,,0.661824,0.338092
463,465,0.02,12.931590518745693,0.012727272727272728,0.03272727272727273,7.931590518745713,17.831590518745674,True,0.006610872368550544,11.624896852996605,0,,,13.5959,0.018075
464,466,0.4272727272727273,8.951153296816623,0.3272727272727273,0.6545454545454545,6.6511532968166325,12.451153296816614,True,0.031698888728574584,11.649984869356626,0,,,10.0674,0.437363
465,467,0.034545454545454546,11.53442912427039,0.022727272727272728,0.058181818181818175,6.934429124270407,16.834429124270372,True,0.010803782870698112,11.62908976349875,0,,,11.4465,0.028835
466,468,0.07909090909090909,9.180942140516782,0.049090909090909095,0.12272727272727273,4.080942140516799,14.080942140516765,True,0.005131723973806872,11.62341770460186,0,,,6.92978,0.059509
467,469,0.039090909090909086,9.384855999800424,0.026363636363636363,0.058181818181818175,5.384855999800439,13.784855999800408,True,0.016322348802633068,11.634608329430685,0,,,8.66479,0.031175
468,470,0.7181818181818181,2.0,0.4727272727272727,1.4,0.0,7.0,True,0.0003051776380234879,11.618591158266074,0,,,2.11903,0.697999
469,471,0.3818181818181817,5.092173097214826,0.2909090909090909,0.5181818181818182,2.892173097214827,7.692173097214827,True,0.06731330682148716,11.68559928744954,0,,,5.34427,0.370859
470,472,0.11,5.897979923849308,0.07,0.15545454545454546,1.097979923849303,10.697979923849312,True,0.022569168288309183,11.640855148916359,0,,,3.12363,0.079926
471,473,0.06454545454545453,10.383660744045976,0.04,0.10181818181818182,5.283660744045994,15.283660744045957,True,0.013821688656930228,11.632107669284984,0,,,8.95372,0.04989
472,474,0.040909090909090916,10.856666948303873,0.029090909090909087,0.056363636363636366,7.4566669483038845,14.456666948303859,True,0.028331341542044933,11.646617322170096,0,,,10.2581,0.032807
473,475,0.04363636363636364,16.365965733243886,0.026363636363636363,0.07336363636363635,11.6659657332439,21.665965733243862,True,0.009400447746882371,11.627686428374936,0,,,16.454,0.035825
474,476,0.13,7.672633349649841,0.09,0.16636363636363638,3.2726333496498365,11.172633349649844,True,0.029159134743048563,11.647445115371099,0,,,5.04475,0.10094
475,477,0.07545454545454545,8.49815719106981,0.056363636363636366,0.10363636363636364,5.198157191069807,11.898157191069815,True,0.03137644968030945,11.649662430308359,0,,,6.54651,0.058404
476,478,0.04181818181818182,7.337419072355777,0.025454545454545452,0.06909090909090909,2.537419072355773,12.537419072355783,True,0.0024268720852730625,11.620712852713325,0,,,6.5724,0.03452
477,479,0.2909090909090909,4.858450522548232,0.2090909090909091,0.4181818181818182,2.2584505225482303,7.9584505225482305,True,0.06054193796348956,11.67882791859154,0,,,4.652,0.269367
478,480,0.2181818181818182,6.455737339646735,0.1481818181818182,0.3272727272727273,2.455737339646731,9.65573733964674,True,0.00034859991747491364,11.618634580545525,0,,,5.42353,0.18721
479,481,0.13181818181818186,8.176930556071689,0.08363636363636362,0.1863636363636364,3.076930556071684,12.576930556071694,True,0.009528183798457731,11.627814164426509,0,,,5.64159,0.103323
481,483,0.1,5.809275361175519,0.0609090909090909,0.15363636363636365,1.009275361175516,11.009275361175526,True,0.010595129702381616,11.62888111033043,0,,,3.14751,0.072883
482,484,0.017272727272727273,4.4,0.012727272727272728,0.024545454545454544,1.0,7.9,True,0.04307735942977981,11.661363340057834,0,,,4.35695,0.01612
483,485,0.1409090909090909,9.031146070064047,0.10272727272727274,0.1863636363636364,4.931146070064064,12.631146070064034,True,0.031093385672359364,11.649379366300412,0,,,6.95201,0.117115
484,486,0.03636363636363636,6.499107857520814,0.02363636363636364,0.056363636363636366,1.9991078575208092,10.999107857520816,True,0.005897302966907332,11.624183283594961,0,,,5.57325,0.029293
486,488,0.08090909090909093,30.445263335806235,0.06272727272727273,0.08636363636363636,27.4452633358062,30.445263335806235,False,29.501294460200878,41.119580440828926,0,,,46.3125,0.212182
487,489,0.17545454545454547,11.828266196644325,0.13727272727272727,0.24545454545454545,8.428266196644339,14.328266196644313,True,0.002434152379549982,11.620720133007604,0,,,10.559,0.159868
489,491,0.027272727272727268,13.313536421086226,0.01909090909090909,0.040909090909090916,9.71353642108624,17.313536421086212,True,0.011547142075819588,11.629833122703873,0,,,13.6115,0.023737
491,493,0.08545454545454545,10.762077740159052,0.057272727272727274,0.12272727272727273,6.062077740159067,14.962077740159035,True,0.002955176022711538,11.621241156650765,0,,,8.64396,0.06414
492,494,0.014090909090909091,16.87490680649336,0.01,0.02363636363636364,12.874906806493374,22.074906806493345,True,0.01581477786434255,11.634100758492394,0,,,18.798,0.014044
493,495,0.1390909090909091,8.454771825041485,0.10363636363636364,0.1809090909090909,4.554771825041481,11.954771825041487,True,0.04081506872141183,11.659101049349465,0,,,6.3779,0.115898
494,496,0.03,12.962007006766155,0.022727272727272728,0.04363636363636364,9.662007006766167,16.562007006766144,True,0.00443156947375482,11.622717550101807,0,,,13.0414,0.02599
495,497,0.04636363636363637,8.027694462053585,0.028181818181818183,0.07545454545454545,3.227694462053581,13.22769446205359,True,0.007916427729839606,11.626202408357889,0,,,7.20515,0.038747
496,498,0.13,30.445263335806235,0.08454545454545455,0.13727272727272727,25.34526333580617,30.445263335806235,False,1.4015379630546112,13.019823943682663,0,,,33.0097,0.128586
497,499,0.039090909090909086,12.226325175657909,0.026363636363636363,0.05909090909090909,8.226325175657923,16.72632517565789,True,0.017833065932087774,11.63611904656014,0,,,11.9183,0.031763
498,500,0.03545454545454545,22.356492827840476,0.024545454545454544,0.052727272727272734,18.456492827840414,26.656492827840534,True,0.014425121418044206,11.632711102046096,0,,,23.3239,0.029028
499,501,0.024545454545454544,14.638881749649027,0.014545454545454544,0.04181818181818182,9.838881749649044,19.838881749649012,True,0.030519352221561512,11.648805332849614,0,,,14.983,0.020712
500,502,0.03272727272727273,12.584605515806784,0.02181818181818182,0.052727272727272734,8.2846055158068,17.684605515806766,True,0.024548509118704112,11.642834489746756,0,,,12.6597,0.027738
501,503,0.08636363636363636,7.282596840833919,0.06272727272727273,0.11545454545454545,3.4825968408339154,10.48259684083392,True,0.00576244685228762,11.62404842748034,0,,,4.67005,0.064485
504,506,0.11545454545454545,7.984894622478797,0.07727272727272727,0.15181818181818182,3.3848946224787926,11.7848946224788,True,0.0120681102386772,11.63035409086673,0,,,5.36452,0.084551
505,507,0.05,12.2495161306785,0.03363636363636364,0.07954545454545454,7.849516130678515,17.449516130678482,True,0.02103216569590523,11.639318146323955,0,,,11.692,0.041881
506,508,0.11545454545454545,12.878072527276174,0.07636363636363636,0.15363636363636365,8.178072527276193,16.87807252727616,True,0.07227271848047957,11.690558699108534,0,,,10.9507,0.084959
507,509,0.037272727272727284,10.734711861741117,0.027272727272727268,0.049090909090909095,7.534711861741128,13.934711861741107,True,0.0581502975359697,11.676436278164024,0,,,10.2247,0.029674
508,510,0.04272727272727273,11.951988137557391,0.028181818181818183,0.06454545454545453,7.851988137557408,16.651988137557375,True,0.041078311279776486,11.659364291907828,0,,,11.4617,0.034713
509,511,0.0710909090909091,29.945244326656898,0.027272727272727268,0.08636363636363636,20.445244326656766,30.44524432665691,False,8.394367106202152e-05,11.618369924299113,0,,,30.5859,0.055729
510,512,0.12272727272727273,7.504250632508832,0.08909090909090908,0.15363636363636365,3.9042506325088295,10.704250632508836,True,0.0014135759476556515,11.619699556575705,0,,,4.99102,0.091685
511,513,0.17,11.462774396699428,0.13,0.2545454545454545,7.462774396699443,14.362774396699418,True,0.012775414428079602,11.63106139505613,0,,,10.0715,0.156885
512,514,0.2727272727272727,3.3000000000000003,0.1863636363636364,0.3727272727272728,0.7000000000000001,6.0,True,0.0298361358813843,11.648122116509436,0,,,2.58566,0.239428
514,516,0.08636363636363636,6.158114768206012,0.05454545454545455,0.13181818181818186,1.1581147682060076,11.158114768206014,True,0.0002763842658916332,11.618562364893945,0,,,3.52765,0.064672
515,517,0.2636363636363636,3.3000000000000003,0.19181818181818186,0.34545454545454546,1.1,5.6000000000000005,True,0.0018504170828101774,11.620136397710862,0,,,2.59389,0.230669
516,518,0.2363636363636364,4.6000000000000005,0.17545454545454547,0.2909090909090909,2.7,6.4,True,0.17609487214147931,11.794380852769532,0,,,3.80183,0.197648
517,519,0.16818181818181818,11.84687036899304,0.13,0.2363636363636364,7.946870368993054,14.446870368993034,True,0.009986461400527962,11.62827244202858,0,,,10.1964,0.151293
518,520,0.045454545454545456,22.366051469414238,0.028181818181818183,0.07072727272727274,17.666051469414178,27.06605146941431,True,0.015230255148734731,11.633516235776787,0,,,23.1612,0.038086
519,521,0.2090909090909091,9.509472590142853,0.1572727272727273,0.2818181818181818,6.809472590142863,11.809472590142846,True,0.03527690948960867,11.65356289011766,0,,,8.71453,0.182241
520,522,0.02363636363636364,11.432954385212298,0.017727272727272727,0.03363636363636364,8.432954385212309,15.132954385212285,True,0.033090687805971936,11.651376668434025,0,,,11.7695,0.020433
522,524,0.01909090909090909,12.63401392100976,0.014090909090909091,0.027272727272727268,9.434013921009774,16.33401392100975,True,0.0059207324727806356,11.62420671310083,0,,,13.4195,0.017577
523,525,0.026363636363636363,14.615156689772176,0.01590909090909091,0.04363636363636364,9.415156689772193,19.41515668977216,True,0.0007701586380399987,11.619056139266092,0,,,14.935,0.02257
524,526,0.027272727272727268,13.231568668977141,0.019545454545454543,0.040909090909090916,9.631568668977152,17.231568668977125,True,0.01864810117357352,11.636934081801625,0,,,13.5383,0.023779
525,527,0.1390909090909091,6.573232948546123,0.1090909090909091,0.16454545454545455,3.373232948546121,9.273232948546127,True,0.048126453020217744,11.666412433648269,0,,,4.00063,0.112246
526,528,0.09272727272727273,6.743775967612517,0.06636363636363636,0.12454545454545456,2.8437759676125123,10.243775967612518,True,0.0055654107187017065,11.623851391346754,0,,,4.0624,0.068232
527,529,0.057272727272727274,7.276686252174112,0.04,0.08545454545454545,3.2766862521741094,11.976686252174115,True,0.015002319677438269,11.633288300305493,0,,,5.91485,0.0463
528,530,0.012272727272727272,14.966630122583373,0.01,0.018636363636363642,12.66663012258338,19.566630122583355,True,0.11031193028081304,11.728597910908865,0,,,16.7451,0.012321
529,531,0.11545454545454545,8.242442387038759,0.07863636363636364,0.1481818181818182,3.942442387038756,11.542442387038765,True,0.022405026322776373,11.64069100695083,0,,,5.43351,0.083041
530,532,0.015,19.594753629507352,0.010454545454545454,0.024545454545454544,15.594753629507366,24.394753629507328,True,0.014226480709152537,11.632512461337203,0,,,21.7334,0.01481
531,533,0.3636363636363637,7.73372654742357,0.3,0.4636363636363636,6.133726547423568,9.933726547423573,True,0.20620328745154934,11.824489268079601,0,,,8.49886,0.364109
532,534,0.05,2.1,0.04181818181818182,0.07127272727272728,0.0,5.9,True,0.03808335884685901,11.65636933947491,0,,,0.410124,0.042099
533,535,0.07036363636363636,14.003984239241685,0.045454545454545456,0.10636363636363637,9.103984239241699,18.603984239241672,True,0.009186137307200228,11.627472117935252,0,,,12.6676,0.054013
534,536,0.013636363636363636,11.145405638830423,0.01,0.019545454545454543,7.845405638830438,14.945405638830412,True,0.010481579999901682,11.628767560627955,0,,,12.3523,0.013546
535,537,0.15,15.816655357742869,0.11727272727272728,0.1863636363636364,12.416655357742885,18.61665535774286,True,0.03122920140150628,11.64951518202956,0,,,14.4482,0.12612
536,538,0.014090909090909091,17.550128295897373,0.01,0.022727272727272728,13.650128295897384,22.35012829589736,True,0.04484405056508527,11.663130031193138,0,,,19.474,0.014072
537,539,0.4727272727272727,7.860918394252229,0.3636363636363637,0.6727272727272727,5.5609183942522264,10.760918394252233,True,0.0545898609690171,11.672875841597069,0,,,8.63694,0.472881
538,540,0.02363636363636364,14.04144051602762,0.01681818181818182,0.03363636363636364,10.64144051602763,17.741440516027605,True,0.08871811286040109,11.707004093488452,0,,,14.4004,0.019997
539,541,0.16818181818181818,5.1000000000000005,0.14636363636363636,0.2,2.9000000000000004,6.4,False,0.1931246204983059,11.811410601126358,0,,,2.55447,0.149966
540,542,0.2272727272727273,6.562825831592352,0.1809090909090909,0.2636363636363636,4.962825831592352,7.662825831592354,True,0.13335725625490713,11.75164323688296,0,,,5.53068,0.190281
541,543,0.056363636363636366,11.673814539000036,0.03818181818181818,0.08454545454545455,7.373814539000052,16.373814539000026,True,0.004133790138437436,11.62241977076649,0,,,10.7648,0.045489
542,544,0.6090909090909089,7.785580111185004,0.3818181818181817,1.2181818181818185,3.7855801111849994,12.985580111185007,True,0.009755371980949504,11.628041352609,0,,,8.67659,0.617506
543,545,0.01590909090909091,13.259159537017661,0.01090909090909091,0.025454545454545452,8.859159537017675,17.95915953701764,True,0.0065012997805184046,11.62478728040857,0,,,14.353,0.015198
544,546,0.2363636363636364,5.385697389257341,0.15363636363636365,0.3636363636363637,1.4856973892573428,8.985697389257341,True,0.01824845044714953,11.636534431075198,0,,,4.63496,0.197094
545,547,0.3,7.648016720506183,0.2545454545454545,0.3909090909090909,6.148016720506183,9.948016720506184,True,0.18939274857933228,11.807678729207385,0,,,8.15,0.292493
546,548,0.2181818181818182,6.5135807178064455,0.15363636363636365,0.3181818181818182,3.2135807178064426,9.513580717806448,True,0.010250136804444691,11.628536117432494,0,,,5.71428,0.189167
547,549,0.07090909090909091,8.094574885613671,0.05090909090909091,0.09545454545454546,4.494574885613666,11.494574885613673,True,0.019372518702229426,11.637658499330282,0,,,6.11483,0.054052
548,550,0.2181818181818182,8.76380701522567,0.1590909090909091,0.2909090909090909,5.963807015225669,11.163807015225673,True,0.04203476603164879,11.660320746659698,0,,,8.04265,0.187369
549,551,0.02363636363636364,15.085095232088163,0.01636363636363636,0.03272727272727273,11.385095232088178,18.685095232088152,True,0.045030228769045236,11.663316209397097,0,,,15.4453,0.019802
550,552,0.027272727272727268,8.758946209909015,0.018636363636363642,0.04272727272727273,4.8589462099090115,13.258946209909016,True,0.03048519797310968,11.648771178601162,0,,,8.51597,0.023658
552,554,0.02181818181818182,17.39630257850285,0.013636363636363636,0.03545454545454545,12.396302578502867,22.196302578502838,True,0.0044290266850202055,11.622715007313072,0,,,18.3197,0.019008
553,555,0.13545454545454547,13.319452143259232,0.08909090909090908,0.1781818181818182,8.11945214325925,17.119452143259217,True,0.01859357073167037,11.636879551359725,0,,,11.2974,0.106722
554,556,0.03272727272727273,12.217211228467214,0.022727272727272728,0.05,8.117211228467227,16.7172112284672,True,0.02749560667834278,11.645781587306395,0,,,12.0604,0.027524
555,557,0.02181818181818182,13.567193386295813,0.017727272727272727,0.026363636363636363,11.467193386295818,15.567193386295806,True,0.14250624073586846,11.76079222136392,0,,,14.1034,0.019116
556,558,0.01818181818181818,6.4751081105232275,0.013181818181818182,0.027272727272727268,2.8751081105232235,10.775108110523233,True,0.029769978482291706,11.648055959110346,0,,,6.81141,0.017207
557,559,0.2727272727272727,4.2,0.1781818181818182,0.4090909090909091,1.1,7.5,True,0.005129090936445468,11.623415071564498,0,,,3.67681,0.243092
558,560,0.03363636363636364,14.481743113648555,0.022727272727272728,0.05181818181818182,10.181743113648572,19.18174311364854,True,0.02760365970333271,11.645889640331385,0,,,14.5394,0.027907
559,561,0.13727272727272727,10.98082737236578,0.11,0.16090909090909092,8.080827372365789,13.38082737236577,False,0.047083944877076685,11.665369925505129,0,,,8.81936,0.109691
560,562,0.03818181818181818,11.955434954978518,0.03,0.04818181818181819,9.755434954978526,14.555434954978509,True,0.01911864652793632,11.637404627155988,0,,,11.7409,0.030987
561,563,0.44545454545454544,1.2000000000000002,0.3363636363636364,0.9363636363636364,0.0,6.1000000000000005,True,0.0010024434400801887,11.619288424068134,0,,,1.0937,0.440786
562,564,0.07636363636363636,14.633171595649321,0.05,0.11181818181818183,10.033171595649335,18.933171595649306,True,0.0147258187889094,11.63301179941696,0,,,13.2718,0.058365
563,565,0.13727272727272727,12.679333665046105,0.10636363636363637,0.16818181818181818,9.279333665046117,15.879333665046092,True,0.0377121916341631,11.655998172262215,0,,,11.0248,0.113275
564,566,0.24545454545454545,4.5,0.17545454545454547,0.3272727272727273,2.2,6.800000000000002,True,0.00801251489034735,11.6262984955184,0,,,3.71339,0.205088
565,567,0.08,8.942108101401413,0.05454545454545455,0.11181818181818183,4.542108101401409,12.742108101401415,True,0.014152644365827503,11.63243862499388,0,,,6.67193,0.060122
566,568,0.2818181818181818,8.802546786346316,0.2272727272727273,0.3363636363636364,7.002546786346313,10.202546786346316,True,0.3471252616300207,11.965411242258073,0,,,8.70683,0.248844
567,569,0.04818181818181819,12.287606267008979,0.03636363636363636,0.06636363636363636,9.18760626700899,15.787606267008965,True,0.029757358077559068,11.648043338705609,0,,,11.6506,0.039732
568,570,0.030909090909090907,5.5668847866935645,0.02181818181818182,0.04818181818181819,1.666884786693565,10.066884786693565,True,0.02392539808895236,11.642211378717006,0,,,4.85044,0.02652
569,571,0.12454545454545456,11.638542069630839,0.08727272727272728,0.1572727272727273,7.3385420696308525,14.938542069630827,True,0.024237340358342883,11.642523320986395,0,,,9.30485,0.092694
570,572,0.2727272727272727,3.8,0.2090909090909091,0.3545454545454545,1.9,6.0,True,0.1068358612061631,11.725121841834214,0,,,3.29498,0.243295
571,573,0.014090909090909091,10.582846160297123,0.01090909090909091,0.019545454545454543,7.6828461602971325,14.08284616029711,True,0.017337452636447863,11.6356234332645,0,,,11.791,0.014059
572,574,0.09363636363636364,10.226834049272508,0.06363636363636364,0.13,5.726834049272523,14.426834049272491,True,0.002893775847309908,11.621179756475362,0,,,7.94537,0.068796
573,575,0.17545454545454547,3.4000000000000004,0.15363636363636365,0.2181818181818182,1.5,4.800000000000002,False,0.1882463098783365,11.806532290506388,0,,,1.1075,0.160195
574,576,0.2818181818181818,12.67986964783486,0.2272727272727273,0.3545454545454545,10.979869647834866,14.679869647834856,True,0.1642072371473844,11.782493217775436,0,,,13.3992,0.259446
575,577,0.08454545454545455,5.40859865287606,0.06181818181818183,0.11545454545454545,1.7085986528760608,9.00859865287606,True,0.027106385527768312,11.64539236615582,0,,,2.87642,0.064509
577,579,0.025454545454545452,12.570260427352883,0.02,0.031818181818181815,10.170260427352892,15.070260427352874,True,0.07141180606342205,11.689697786691475,0,,,12.7773,0.021735
578,580,0.2181818181818182,9.115051309660252,0.1481818181818182,0.3272727272727273,5.215051309660266,12.415051309660239,True,0.07949184797892772,11.69777782860698,0,,,8.4546,0.187543
579,581,0.039090909090909086,14.566359504706554,0.025454545454545452,0.06181818181818183,10.366359504706569,19.566359504706536,True,0.020570127554768003,11.638856108182821,0,,,14.6732,0.031863
580,582,0.1,12.098731220178951,0.07445454545454545,0.12454545454545456,8.998731220178962,15.09873122017894,False,0.0062524862888332245,11.624538466916885,0,,,10.0508,0.07229
581,583,0.10818181818181817,17.410467234546687,0.06636363636363636,0.15545454545454546,12.310467234546707,22.31046723454667,True,0.0005956254305612023,11.618881606058615,0,,,15.8917,0.078575
582,584,0.029090909090909087,13.12318356247584,0.022727272727272728,0.039090909090909086,10.323183562475847,16.02318356247583,True,0.005489726361902877,11.623775706989957,0,,,13.2682,0.025101
583,585,0.017727272727272727,11.201133349830828,0.013636363636363636,0.022727272727272728,8.401133349830838,13.80113334983082,True,0.06627266598114585,11.684558646609194,0,,,11.7766,0.01636
584,586,0.15363636363636365,8.605267035494062,0.12818181818181815,0.1863636363636364,6.1052670354940615,10.905267035494065,True,0.00916989854601343,11.627455879174066,0,,,6.58846,0.132778
585,587,0.16090909090909092,11.265738172348385,0.12454545454545456,0.2181818181818182,7.5657381723483965,13.865738172348376,True,0.013693669686023835,11.631979650314074,0,,,9.43643,0.141082
586,588,0.13181818181818186,9.84779293317066,0.09090909090909093,0.16454545454545455,5.347792933170675,13.047792933170648,True,0.04500544892366524,11.663291429551716,0,,,7.25393,0.100715
588,590,0.3272727272727273,4.1000000000000005,0.24545454545454545,0.44545454545454544,1.8,6.7,True,0.009714841350075856,11.628000821978128,0,,,3.85424,0.303633
589,591,0.037272727272727284,11.4800136340082,0.027272727272727268,0.05181818181818182,8.280013634008213,15.180013634008189,True,0.001362466145996646,11.619648446774047,0,,,11.2219,0.030123
590,592,0.04272727272727273,16.633978625773015,0.03272727272727273,0.05545454545454545,14.033978625773024,19.433978625773005,True,0.043929291489176604,11.662215272117226,0,,,16.7549,0.035163
592,594,0.2636363636363636,2.0,0.2,0.3272727272727273,0.1,3.9,True,0.0803027876933237,11.698588768321375,0,,,1.12957,0.229231
593,595,0.2636363636363636,7.510305816733331,0.2090909090909091,0.3272727272727273,5.81030581673333,9.310305816733337,True,0.042800469099185695,11.661086449727238,0,,,7.33494,0.229351
594,596,0.034545454545454546,7.310102483046082,0.025454545454545452,0.04818181818181819,4.0101024830460785,10.810102483046089,True,0.006657332950687113,11.62494331357874,0,,,6.52586,0.028387
595,597,0.08,13.378912590968813,0.057272727272727274,0.11,9.478912590968829,16.878912590968802,True,0.02059520315256893,11.63888118378062,0,,,11.6335,0.060288
596,598,0.01636363636363636,19.92918827227262,0.01,0.026363636363636363,14.629188272272634,24.4291882722726,True,0.02215428402675271,11.640440264654806,0,,,21.683,0.015404
597,599,0.2727272727272727,9.825234982756289,0.2181818181818182,0.34545454545454546,8.025234982756297,11.825234982756285,True,0.025031142715512395,11.643317123343566,0,,,10.0801,0.24662
598,600,0.2272727272727273,7.664565057797925,0.17,0.2909090909090909,5.664565057797924,9.664565057797928,True,0.050058092544724285,11.668344073172774,0,,,7.05139,0.19339
599,601,0.031818181818181815,5.8874637569690895,0.025454545454545452,0.04363636363636364,3.2874637569690885,8.887463756969094,True,0.007620352759200586,11.62590633338725,0,,,5.12363,0.027237
600,602,0.034545454545454546,22.495326866956347,0.02363636363636364,0.052727272727272734,18.49532686695629,27.09532686695641,True,0.02057660659302462,11.638862587221075,0,,,23.5905,0.028775
601,603,0.01636363636363636,3.4000000000000004,0.013636363636363636,0.02,1.3,5.4,True,0.10044591526995404,11.718731895898006,0,,,3.36684,0.015503
602,604,0.026363636363636363,11.707419921620573,0.015454545454545453,0.04363636363636364,6.507419921620595,16.50741992162056,True,0.03742699008519616,11.655712970713248,0,,,11.6299,0.022519
604,606,0.1390909090909091,5.0582505565478035,0.1090909090909091,0.16636363636363638,1.8582505565478045,7.858250556547805,True,0.0029965908617032625,11.621282571489756,0,,,2.33994,0.112798
606,608,0.8727272727272728,1.0,0.6454545454545454,1.4,0.0,5.9,True,0.0001760491540779481,11.618462029782131,0,,,0.873258,0.825078
607,609,0.057272727272727274,17.270535867549913,0.04272727272727273,0.07590909090909091,13.970535867549927,20.570535867549907,True,0.09091592818933414,11.709201908817384,0,,,16.7691,0.045331
608,610,0.06545454545454546,8.748860744422966,0.04272727272727273,0.10272727272727274,3.948860744422984,13.848860744422948,True,0.005524779303635134,11.623810759931686,0,,,7.16391,0.051022
609,611,0.17545454545454547,10.028211729297944,0.1481818181818182,0.2272727272727273,7.428211729297951,11.728211729297936,True,0.08764393377319228,11.705929914401246,0,,,8.45021,0.160398
610,612,0.022727272727272728,19.09038967854645,0.015454545454545453,0.03272727272727273,15.290389678546472,23.090389678546444,True,0.007363331991872895,11.625649312619927,0,,,20.0967,0.019472
611,613,0.3545454545454545,7.6559876111974585,0.24545454545454545,0.5454545454545454,4.555987611197457,11.255987611197462,True,0.028602266557027762,11.64688824718508,0,,,7.94809,0.336714
612,614,0.10272727272727274,18.527796899902086,0.06909090909090909,0.13363636363636364,14.127796899902101,22.127796899902073,True,0.02070773732518741,11.638993717953241,0,,,17.0366,0.073524
613,615,0.24545454545454545,10.426469797318797,0.1972727272727273,0.2727272727272727,8.9264697973188,11.226469797318792,True,0.5994408238691314,12.217726804497184,0,,,10.0311,0.198869
614,616,0.4818181818181818,4.980799141875051,0.3272727272727273,0.8727272727272728,1.5807991418750502,9.580799141875053,True,0.042530367957663635,11.660816348585715,0,,,5.31291,0.478541
615,617,0.10363636363636364,19.634028522905407,0.07,0.13545454545454547,15.23402852290542,23.334028522905392,True,0.04364064842943016,11.661926629057485,0,,,18.2707,0.074163
616,618,0.039090909090909086,6.407897067197141,0.026363636363636363,0.0609090909090909,2.507897067197138,11.307897067197144,True,0.034590584078580136,11.652876564706633,0,,,5.69178,0.032282
617,619,0.012272727272727272,17.45522032562949,0.01,0.017272727272727273,15.055220325629499,21.15522032562948,True,0.02561398304521903,11.64389996367327,0,,,19.2997,0.012174
618,620,0.04818181818181819,8.797464291490543,0.037272727272727284,0.06545454545454546,5.797464291490541,12.097464291490546,True,0.0236221435784534,11.641908124206505,0,,,7.77906,0.039982
619,621,0.040909090909090916,15.697264342086525,0.028181818181818183,0.0609090909090909,11.897264342086535,20.097264342086508,True,0.018815354082149054,11.6371013347102,0,,,15.7508,0.033452
620,622,0.07909090909090909,11.420361708119776,0.058181818181818175,0.1090909090909091,7.820361708119787,15.12036170811976,True,0.011860997099709657,11.630146977727762,0,,,9.66575,0.060378
622,624,0.2545454545454545,4.800000000000002,0.19454545454545452,0.3272727272727273,2.9000000000000004,6.9,True,0.06347184178079279,11.681757822408846,0,,,4.30884,0.223279
623,625,0.3181818181818182,7.168484962398746,0.2545454545454545,0.4181818181818182,5.168484962398745,9.46848496239875,True,0.06275646002226233,11.681042440650316,0,,,7.39678,0.300303
624,626,0.045454545454545456,6.788385649312246,0.03272727272727273,0.06454545454545453,3.3883856493122435,10.688385649312249,True,0.08252292103533365,11.700808901663384,0,,,5.69812,0.03757
625,627,0.10363636363636364,9.945221766651217,0.07090909090909091,0.13363636363636364,5.6452217666512325,13.345221766651205,True,0.0434995018757391,11.661785482503793,0,,,7.37222,0.074331
626,628,0.02,11.83909887250942,0.015454545454545453,0.027272727272727268,9.23909887250943,15.03909887250941,True,0.028219863275529108,11.64650584390358,0,,,12.6072,0.018387
627,629,0.3818181818181817,5.368518856752369,0.2909090909090909,0.5454545454545454,2.8685188567523703,8.268518856752369,True,0.007667918686425894,11.625953899314478,0,,,5.62926,0.374195
629,631,0.06,5.230488154559886,0.04181818181818182,0.08454545454545455,1.2304881545598882,9.330488154559886,True,0.003125114614606292,11.621411095242658,0,,,3.33619,0.047277
630,632,0.19181818181818186,15.37352482591053,0.16636363636363638,0.2272727272727273,14.173524825910535,16.473524825910527,True,0.006399815996340684,11.624685796624393,0,,,14.8895,0.171642
631,633,0.03636363636363636,13.546529897094686,0.028181818181818183,0.04727272727272727,11.146529897094693,16.546529897094672,True,0.03276595651045405,11.651051937138504,0,,,13.6924,0.029824
632,634,0.017727272727272727,14.711194439679508,0.013636363636363636,0.02363636363636364,11.911194439679518,17.811194439679497,True,0.015616602089025884,11.633902582717075,0,,,15.8728,0.016463
633,635,0.08727272727272728,7.704263603719092,0.07181818181818181,0.10727272727272727,5.404263603719087,9.904263603719091,False,0.0066232564485152745,11.624909237076569,0,,,5.19584,0.065563
634,636,0.11181818181818183,19.13330026522321,0.06909090909090909,0.1572727272727273,13.933300265223231,23.933300265223192,True,0.0068287251964124504,11.625114705824465,0,,,17.8818,0.081806
635,637,0.02181818181818182,13.460967484752876,0.01681818181818182,0.029090909090909087,10.760967484752886,16.560967484752865,True,0.1362630592907428,11.754549039918794,0,,,14.1235,0.019321
636,638,0.011818181818181818,16.96297460368674,0.01,0.01590909090909091,14.762974603686748,20.362974603686727,True,0.015177778598033188,11.633463759226085,0,,,18.7283,0.011722
637,639,0.1572727272727273,11.413032111595774,0.13545454545454547,0.1890909090909091,9.21303211159578,13.513032111595766,True,0.04777517001285078,11.666061150640905,0,,,9.80635,0.138574
638,640,0.2909090909090909,8.578734772078738,0.2363636363636364,0.3727272727272728,6.778734772078736,10.678734772078741,True,0.003312737577020209,11.621598718205073,0,,,8.86601,0.27151
639,641,0.08,20.555505155639025,0.05909090909090909,0.10545454545454544,16.955505155639038,23.65550515563901,True,0.023951705252702637,11.642237685880756,0,,,19.6334,0.060288
640,642,0.2636363636363636,9.284880766016533,0.2181818181818182,0.3181818181818182,7.884880766016537,10.884880766016526,True,0.01873215719923906,11.637018137827289,0,,,9.48841,0.236238
641,643,0.03545454545454545,6.162064545298054,0.027272727272727268,0.045454545454545456,3.5620645452980524,8.862064545298056,True,0.1045310227834107,11.722817003411462,0,,,5.28278,0.028749
642,644,0.2090909090909091,12.110004640310569,0.16454545454545455,0.2636363636363636,10.210004640310574,13.91000464031056,True,0.05406428395434798,11.6723502645824,0,,,11.646,0.1822
643,645,0.0609090909090909,9.02007332784232,0.04636363636363637,0.08,5.92007332784233,12.220073327842307,True,0.060421549594795065,11.678707530222844,0,,,7.55486,0.048102
644,646,0.16818181818181818,5.336654322987815,0.15,0.2,3.4366543229878164,6.636654322987815,False,0.11760856717933572,11.735894547807385,0,,,3.09937,0.154103
645,647,0.1809090909090909,10.124935522680245,0.1481818181818182,0.2363636363636364,7.424935522680254,11.924935522680236,True,0.11433688606981104,11.732622866697865,0,,,8.65782,0.163774
647,649,0.2,7.914179397444374,0.16636363636363638,0.24545454545454545,6.3141793974443745,9.414179397444377,True,0.041022672533288666,11.65930865316134,0,,,6.85665,0.178373
648,650,0.14272727272727273,10.976404511558158,0.1190909090909091,0.16636363636363638,8.476404511558169,13.376404511558151,False,0.0595630741746944,11.677849054802744,0,,,9.04201,0.118463
650,652,0.2727272727272727,7.204357871355424,0.2090909090909091,0.3727272727272728,5.204357871355422,9.904357871355426,True,0.14832046356206935,11.766606444190119,0,,,7.4,0.253976
651,653,0.3181818181818182,9.331098063286298,0.2727272727272727,0.3818181818181817,7.931098063286303,11.031098063286292,True,0.00109622864714089,11.619382209275193,0,,,9.84136,0.300778
652,654,0.07727272727272727,8.897031768893498,0.057272727272727274,0.10363636363636364,5.397031768893493,12.0970317688935,True,0.004066716461226004,11.622352697089276,0,,,6.74631,0.058662
653,655,0.11363636363636365,8.489715299423755,0.09272727272727273,0.13545454545454547,6.089715299423753,10.88971529942376,False,0.056508863918821525,11.674794844546875,0,,,6.08865,0.084054
654,656,0.015,15.639720519892276,0.011818181818181818,0.02181818181818182,12.839720519892285,19.33972051989226,True,0.02146694143204882,11.639752922060099,0,,,17.3932,0.014871
655,657,0.19181818181818186,7.681484609009683,0.16272727272727272,0.2272727272727273,6.081484609009683,8.881484609009686,True,0.02043337510544702,11.6387193557335,0,,,6.21086,0.170539
656,658,0.014090909090909091,10.021702501186756,0.011818181818181818,0.01818181818181818,7.821702501186764,12.421702501186747,True,0.06687535437241346,11.685161335000465,0,,,11.0474,0.014028
658,660,0.2818181818181818,4.0,0.2272727272727273,0.3636363636363637,2.3000000000000003,6.0,True,0.07999798945180205,11.698283970079856,0,,,3.64554,0.25906
659,661,0.04727272727272727,6.4884453600569865,0.03636363636363636,0.06454545454545453,3.6884453600569858,9.988445360056993,True,0.03239465213147332,11.650680632759526,0,,,5.4477,0.039626
660,662,0.07254545454545454,15.199863684139759,0.053636363636363635,0.09909090909090908,11.699863684139775,18.59986368413975,True,0.015750055813916003,11.634036036441968,0,,,14.0233,0.056121
662,664,0.3090909090909091,11.34897699955325,0.2545454545454545,0.3818181818181817,9.548976999553254,13.24897699955324,True,0.020020087833287962,11.63830606846134,0,,,12.0407,0.290251
663,665,0.06909090909090909,12.380486313493144,0.05,0.08909090909090908,8.880486313493158,15.380486313493135,True,0.0449919461734565,11.66327792680151,0,,,10.8146,0.052433
664,666,0.19454545454545452,17.89556648219977,0.15545454545454546,0.24545454545454545,15.595566482199779,19.695566482199766,True,0.02482348809130937,11.64310946871936,0,,,17.7697,0.173285
665,667,0.2,17.430308659288098,0.16818181818181818,0.2363636363636364,16.2303086592881,18.63030865928809,True,0.007152149667654573,11.625438130295706,0,,,17.4148,0.177725
666,668,0.07727272727272727,16.542914041241296,0.05090909090909091,0.11363636363636365,11.742914041241312,20.94291404124128,True,0.015693304602570308,11.63397928523062,0,,,15.3537,0.059141
667,669,0.08636363636363636,12.821120708628536,0.053636363636363635,0.13,7.521120708628555,17.52112070862852,True,0.00020436595285951183,11.618490346580913,0,,,10.8387,0.064644
668,670,0.049090909090909095,10.695499192223696,0.03,0.07818181818181819,5.795499192223714,15.795499192223678,True,0.023725464568587512,11.64201144519664,0,,,9.64378,0.039911
669,671,0.08545454545454545,10.688507054538503,0.05909090909090909,0.12090909090909092,6.288507054538518,14.688507054538489,True,0.0039178326212496225,11.622203813249302,0,,,8.60149,0.064466
670,672,0.16454545454545455,8.848677640650342,0.1409090909090909,0.2,6.34867764065034,10.548677640650343,True,0.10807833915335033,11.726364319781402,0,,,6.79293,0.146821
671,673,0.14272727272727273,8.551648374259326,0.11363636363636365,0.16636363636363638,5.551648374259323,11.05164837425933,True,0.0581176872205967,11.67640366784865,0,,,6.16885,0.116125
672,674,0.013636363636363636,20.894694470800573,0.01,0.02181818181818182,16.994694470800592,25.294694470800557,True,0.02610783831993458,11.644393818947986,0,,,22.9161,0.01324
673,675,0.15545454545454546,16.796965238739787,0.12272727272727273,0.1972727272727273,13.596965238739795,19.396965238739774,True,0.03309891592786348,11.651384896555914,0,,,15.6681,0.13517
674,676,0.012272727272727272,15.603923436327324,0.01,0.015454545454545453,13.40392343632733,18.303923436327317,True,0.026949411654056437,11.645235392282107,0,,,17.3838,0.012355
675,677,0.04181818181818182,6.1920151771693055,0.030909090909090907,0.057272727272727274,3.3920151771693035,9.692015177169312,True,0.02084088105892237,11.639126861686973,0,,,5.32467,0.034687
676,678,0.08727272727272728,17.407193120016448,0.06454545454545453,0.11545454545454545,13.80719312001646,20.60719312001644,True,0.0016063481433089765,11.61989232877136,0,,,15.9633,0.065193
678,680,0.2727272727272727,10.105493830494467,0.2181818181818182,0.3545454545454545,8.205493830494477,12.305493830494461,True,0.04638998582825958,11.664675966456313,0,,,10.496,0.251855
679,681,0.3909090909090909,10.425035668771176,0.2636363636363636,0.7727272727272727,6.825035668771188,15.825035668771156,True,0.01039104383073186,11.628677024458785,0,,,11.583,0.393924
680,682,0.2727272727272727,8.951252264236427,0.2181818181818182,0.3363636363636364,7.251252264236423,10.751252264236426,True,0.08964334611720337,11.707929326745255,0,,,8.96206,0.242356
681,683,0.13727272727272727,30.445263335806235,0.13,0.1409090909090909,29.84526333580623,30.445263335806235,False,25.782451391747713,37.40073737237576,0,,,35.0486,0.15918
682,684,0.13727272727272727,3.9,0.11545454545454545,0.1590909090909091,1.6,6.1000000000000005,False,0.022473290473387413,11.64075927110144,0,,,1.1378,0.112328
683,685,0.017727272727272727,6.847901372304587,0.014090909090909091,0.02363636363636364,4.547901372304587,9.847901372304593,True,0.01844581312862553,11.636731793756676,0,,,7.32901,0.016782
684,686,0.4363636363636364,4.800000000000002,0.2909090909090909,0.8,1.3,9.7,True,0.0013294327579019536,11.619615413385954,0,,,5.14895,0.432161
686,688,0.04181818181818182,6.631326185049119,0.03272727272727273,0.05181818181818182,4.231326185049117,9.031326185049119,True,0.03779004640212948,11.65607602703018,0,,,5.55726,0.034011
687,689,0.1090909090909091,7.160051736509588,0.08545454545454545,0.13,4.460051736509584,9.460051736509588,False,0.02248520578424549,11.640771186412296,0,,,4.30605,0.078477
688,690,0.05181818181818182,10.262658305489227,0.04,0.07145454545454545,7.262658305489238,13.862658305489216,True,0.0351171411993134,11.653403121827367,0,,,9.48409,0.043167
689,691,0.027272727272727268,8.481093001142078,0.015,0.052727272727272734,3.781093001142074,13.781093001142082,True,0.0009923902007244047,11.619278370828777,0,,,8.21078,0.023607
690,692,0.06545454545454546,12.548726979736225,0.04818181818181819,0.08818181818181818,9.248726979736237,16.14872697973621,True,0.01756103481344955,11.6358470154415,0,,,11.4717,0.051115
691,693,0.014545454545454544,16.536124720340787,0.01090909090909091,0.02090909090909091,13.136124720340804,20.236124720340776,True,0.02170393353642274,11.639989914164474,0,,,18.1968,0.014286
692,694,0.019545454545454543,6.51035948909867,0.01590909090909091,0.025454545454545452,4.410359489098669,9.110359489098672,True,0.0805285095883967,11.698814490216447,0,,,6.75972,0.018181
693,695,0.03636363636363636,5.077050051032429,0.028181818181818183,0.04636363636363637,2.6770500510324293,7.777050051032429,True,0.06784316137015177,11.686129141998205,0,,,4.0795,0.029403
694,696,0.039090909090909086,12.70480319170506,0.027272727272727268,0.05545454545454545,9.004803191705074,16.604803191705045,True,0.0326673046478931,11.650953285275946,0,,,12.2904,0.031047
695,697,0.19454545454545452,9.563277826963674,0.16636363636363638,0.2363636363636364,8.263277826963677,10.863277826963671,True,0.06563403593613973,11.683920016564192,0,,,8.55421,0.174136
696,698,0.2818181818181818,16.43178321849677,0.19454545454545452,0.3909090909090909,13.831783218496781,19.33178321849676,True,0.03452261799445352,11.652808598622507,0,,,17.526,0.257606
697,699,0.12090909090909092,19.96691057405681,0.08363636363636362,0.15363636363636365,15.76691057405683,23.466910574056808,True,0.0058162541751336245,11.624102234803185,0,,,18.7438,0.088913
698,700,0.07036363636363636,6.721079471229325,0.045454545454545456,0.10545454545454544,1.8210794712293208,11.221079471229329,True,0.006660459492106185,11.62494644012016,0,,,4.53716,0.053743
699,701,0.09545454545454546,12.57571024198556,0.05545454545454545,0.14636363636363636,7.37571024198558,17.375710241985544,True,0.001052461069831159,11.619338441697884,0,,,10.4803,0.069489
700,702,0.34545454545454546,8.013176852710629,0.2272727272727273,0.6,4.713176852710626,12.813176852710635,True,0.009635897124462028,11.627921877752511,0,,,8.70285,0.337219
701,703,0.2727272727272727,6.4110831340392425,0.2181818181818182,0.34545454545454546,4.7110831340392405,8.411083134039242,True,0.01835234666035665,11.636638327288411,0,,,6.33301,0.248413
702,704,0.1890909090909091,6.307559273117106,0.1590909090909091,0.2272727272727273,4.5075592731171055,7.707559273117106,True,0.25633760958193,11.874623590209982,0,,,4.55449,0.167211
703,705,0.4909090909090909,4.0,0.2818181818181818,1.0272727272727271,0.0,8.700000000000001,True,0.0016668804806845778,11.619952861108734,0,,,4.34316,0.494572
705,707,0.027272727272727268,11.209025328338807,0.02,0.04,8.009025328338819,15.009025328338796,True,0.15826049050911248,11.776546471137163,0,,,11.3324,0.02377
706,708,0.02,12.826189256049323,0.014090909090909091,0.03,9.026189256049337,17.126189256049308,True,0.0040174775041955475,11.622303458132247,0,,,13.5213,0.018259
707,709,0.2272727272727273,4.800000000000002,0.16818181818181818,0.3,2.7,7.0,True,0.0730176996575562,11.691303680285607,0,,,4.03255,0.195267
709,711,0.15181818181818182,6.277832388134742,0.13181818181818186,0.16818181818181818,4.377832388134742,8.077832388134745,False,0.1046105673606504,11.722896547988704,0,,,3.77286,0.128131
710,712,0.3,7.454234122212855,0.2545454545454545,0.3727272727272728,6.154234122212854,9.354234122212857,True,0.16668958974159398,11.784975570369644,0,,,7.78242,0.283461
711,713,0.19454545454545452,10.08204948459841,0.16818181818181818,0.2272727272727273,9.082049484598414,11.082049484598407,False,0.04192940771963484,11.660215388347687,0,,,9.04732,0.1731
712,714,0.24545454545454545,8.158096751257911,0.16818181818181818,0.3363636363636364,5.45809675125791,10.758096751257915,True,0.04226877450131135,11.660554755129366,0,,,7.80597,0.205939
713,715,0.15363636363636365,8.031892814702871,0.12454545454545456,0.1890909090909091,5.131892814702869,10.531892814702877,True,0.058575794284170125,11.676861774912224,0,,,5.87452,0.131759
714,716,0.19454545454545452,12.042466724723544,0.1572727272727273,0.24545454545454545,9.742466724723553,13.842466724723536,True,0.009688688061439564,11.627974668689491,0,,,11.1928,0.172347
715,717,0.2272727272727273,11.327594709356852,0.1863636363636364,0.2727272727272727,10.127594709356854,12.827594709356847,True,0.03940555910438512,11.657691539732435,0,,,11.3491,0.19465
716,718,0.3818181818181817,5.210175118706177,0.2545454545454545,0.6636363636363636,1.6101751187061764,9.71017511870618,True,0.032117142255088466,11.65040312288314,0,,,5.24428,0.365859
717,719,0.019545454545454543,13.991713570764695,0.014545454545454544,0.026363636363636363,10.891713570764706,17.091713570764682,True,0.0439135241591335,11.662199504787186,0,,,14.8159,0.017874
718,720,0.1590909090909091,15.194433232517829,0.12818181818181815,0.2090909090909091,11.99443323251784,17.694433232517824,True,0.004421862195462307,11.622707842823514,0,,,13.9877,0.14113
719,721,0.2272727272727273,9.069676011020777,0.16090909090909092,0.3181818181818182,6.2696760110207865,11.769676011020767,True,0.023677968318051367,11.641963948946106,0,,,8.76664,0.194269
720,722,0.7272727272727273,13.883850944015341,0.4272727272727273,1.4,9.683850944015354,19.18385094401532,True,0.0014755157279139368,11.619761496355968,0,,,16.0246,0.762813
722,724,0.11727272727272728,8.105254342821109,0.08909090909090908,0.14454545454545453,5.105254342821106,11.105254342821109,False,0.011505149704053969,11.629791130332105,0,,,5.70935,0.086759
723,725,0.5636363636363636,15.8725928824397,0.3545454545454545,1.1727272727272726,11.872592882439715,21.47259288243968,True,0.0007497467393387235,11.619035727367391,0,,,18.1661,0.60407
725,727,0.5545454545454546,12.078918390963109,0.3363636363636364,1.1454545454545455,7.778918390963121,17.57891839096309,True,0.001509968276844998,11.619795948904898,0,,,13.7241,0.578629
726,728,0.2545454545454545,25.161711831014646,0.1590909090909091,0.4090909090909091,21.161711831014603,29.16171183101471,True,0.004771752937564724,11.623057733565615,0,,,27.1878,0.232769
727,729,0.6727272727272727,25.327651215145146,0.4272727272727273,1.2090909090909092,21.627651215145093,29.92765121514521,True,0.009354850346622822,11.627640830974677,0,,,29.2513,0.754343
728,730,0.1972727272727273,8.861425972486186,0.16454545454545455,0.24545454545454545,7.261425972486182,10.361425972486183,True,0.027132496244272032,11.645418476872324,0,,,7.78201,0.175496
730,732,0.2545454545454545,6.28801480082608,0.2090909090909091,0.3090909090909091,4.888014800826078,7.888014800826081,True,0.03148998604309052,11.649775966671145,0,,,5.89957,0.220227
731,733,0.034545454545454546,19.07179401334852,0.026363636363636363,0.04636363636363637,16.371794013348527,22.271794013348504,True,0.013760153590178915,11.63204613421823,0,,,19.8945,0.028839
732,734,0.03545454545454545,11.750585314453204,0.026363636363636363,0.04727272727272727,8.750585314453213,14.950585314453189,True,0.005749445873747065,11.624035426501797,0,,,11.5111,0.028879
734,736,0.3545454545454545,24.654067601331906,0.2636363636363636,0.4818181818181818,22.054067601331862,27.35406760133194,True,0.060867515268056074,11.679153495896108,0,,,27.2308,0.353988
735,737,0.015454545454545453,4.9,0.012727272727272728,0.02090909090909091,2.5,7.800000000000002,True,0.04480686294795571,11.663092843576006,0,,,5.30615,0.015143
738,740,0.019545454545454543,4.6000000000000005,0.012727272727272728,0.03272727272727273,0.0,9.5,True,0.005679958551851817,11.623965939179904,0,,,4.39314,0.017896
739,741,0.03636363636363636,4.7,0.027272727272727268,0.04727272727272727,1.9,7.6,True,0.004843895501831689,11.623129876129886,0,,,3.65388,0.02952
741,743,0.2090909090909091,22.1109635725063,0.17,0.2636363636363636,20.81096357250628,24.010963572506327,True,0.29431790414714776,11.9126038847752,0,,,23.3756,0.188545
742,744,0.05909090909090909,21.101181712053314,0.04454545454545455,0.07636363636363636,17.90118171205327,24.10118171205336,True,0.032654011049912696,11.650939991677964,0,,,21.0101,0.046602
743,745,0.10090909090909092,24.240881069524303,0.06272727272727273,0.14454545454545453,19.240881069524225,29.14088106952437,True,0.000204384529536111,11.618490365157587,0,,,23.5562,0.073328
744,746,0.02363636363636364,14.212994870267394,0.01681818181818182,0.03272727272727273,10.812994870267406,17.71299487026738,True,0.013884094464614027,11.632170075092668,0,,,14.5894,0.019871
746,748,0.24545454545454545,30.445263335806235,0.2090909090909091,0.2636363636363636,29.545263335806226,30.445263335806235,False,16.65268943291931,28.270975413547358,0,,,38.0394,0.379224
747,749,0.4181818181818182,15.41997079121116,0.3363636363636364,0.5272727272727272,13.519970791211165,17.31997079121115,True,0.09142230112747296,11.709708281755526,0,,,17.0425,0.419114
749,751,0.3090909090909091,24.6829013427022,0.2363636363636364,0.4090909090909091,22.382901342702173,27.082901342702236,True,0.02075752075999096,11.639043501388045,0,,,27.0518,0.300315
750,752,0.1572727272727273,9.393645497889368,0.13727272727272727,0.1809090909090909,7.493645497889372,11.193645497889358,False,0.07719759471384607,11.6954835753419,0,,,7.40619,0.137217
753,755,0.011818181818181818,12.06348087991142,0.01,0.018636363636363642,9.663480879911427,16.563480879911403,True,0.015175159232994546,11.633461139861044,0,,,13.234,0.011675
754,756,0.027272727272727268,10.805164791021681,0.01909090909090909,0.04181818181818182,7.005164791021692,15.205164791021664,True,0.05128662703336599,11.669572607661419,0,,,10.9168,0.023788
756,758,0.034545454545454546,9.640439749599958,0.025454545454545452,0.04727272727272727,6.6404397495999685,12.940439749599946,True,0.009384529544968328,11.62767051017302,0,,,9.20948,0.028447
757,759,0.4,14.407587997694405,0.34545454545454546,0.4909090909090909,13.007587997694412,16.207587997694393,True,0.04464190004819058,11.662927880676243,0,,,16.161,0.412897
758,760,0.04181818181818182,10.190736142327973,0.029090909090909087,0.058181818181818175,6.6907361423279825,13.890736142327958,True,0.00802209900523103,11.626308079633286,0,,,9.52514,0.033949
760,762,0.4727272727272727,7.818208050551959,0.34545454545454546,0.8090909090909091,5.018208050551957,12.018208050551962,True,0.027572936967453675,11.645858917595506,0,,,8.89971,0.492572
761,763,0.03545454545454545,5.614793197867058,0.025454545454545452,0.053636363636363635,2.1147931978670558,10.114793197867064,True,0.030210363997081213,11.648496344625135,0,,,4.90323,0.02944
762,764,0.14454545454545453,12.557123539862785,0.12454545454545456,0.16454545454545455,10.557123539862788,14.557123539862776,False,0.09112784165216564,11.709413822280213,0,,,10.8424,0.121177
763,765,0.14272727272727273,7.330885021440383,0.11181818181818183,0.17,4.03088502144038,10.230885021440386,True,0.040829462933153135,11.659115443561205,0,,,4.85581,0.116393
764,766,0.08818181818181818,30.445263335806235,0.07636363636363636,0.09363636363636364,28.845263335806216,30.445263335806235,False,17.496598120567565,29.114884101195614,0,,,36.1879,0.107321
765,767,0.8272727272727273,29.04526333580622,0.6363636363636364,1.0181818181818183,26.945263335806192,30.445263335806235,False,0.038108126740243886,11.656394107368294,0,,,33.8151,0.9533
767,769,0.2363636363636364,9.70939364056006,0.2,0.2727272727272727,8.609393640560063,10.909393640560054,False,0.07798302239563545,11.696269003023687,0,,,9.70966,0.199972
768,770,0.06909090909090909,11.187779044088645,0.05181818181818182,0.09,7.987779044088653,14.387779044088633,True,0.0470761752070528,11.665362155835107,0,,,9.65815,0.053105
770,772,0.2909090909090909,3.5,0.24545454545454545,0.3727272727272728,2.1,5.6000000000000005,True,0.07363541206796398,11.691921392696015,0,,,3.31225,0.274373
771,773,0.026363636363636363,9.45023236140147,0.022727272727272728,0.031818181818181815,7.850232361401477,11.550232361401465,True,0.19934972503279427,11.817635705660846,0,,,9.50101,0.023119
773,775,0.14454545454545453,8.007634173932805,0.12090909090909092,0.16636363636363638,5.607634173932802,10.207634173932806,True,0.0058630000599069615,11.624148980687961,0,,,5.73992,0.121081
774,776,0.09909090909090908,16.379440937467905,0.07390909090909091,0.12454545454545456,13.179440937467918,19.379440937467894,False,0.005157694092482203,11.623443674720535,0,,,14.8108,0.071882
775,777,0.2181818181818182,25.32236515262347,0.16272727272727272,0.2909090909090909,22.822365152623433,27.6223651526235,True,0.007405518685598616,11.62569149931365,0,,,26.8582,0.192016
776,778,0.6272727272727272,30.445263335806235,0.4909090909090909,0.6636363636363636,28.445263335806214,30.445263335806235,False,1.1849429514657714,12.803228932093825,0,,,36.5854,0.846811
777,779,0.15545454545454546,30.445263335806235,0.15,0.1590909090909091,29.84526333580623,30.445263335806235,False,34.97290037025679,46.59118635088485,0,,,35.9337,0.19136
778,780,0.06363636363636364,15.642007326158838,0.04363636363636364,0.08909090909090908,11.442007326158853,19.642007326158826,True,0.021919558764491462,11.640205539392545,0,,,14.7396,0.048908
779,781,0.2636363636363636,8.42172730269117,0.19181818181818186,0.34545454545454546,6.121727302691167,10.621727302691172,True,0.14682091642478026,11.765106897052831,0,,,8.28587,0.230489
780,782,0.04454545454545455,11.33202498032774,0.030909090909090907,0.06545454545454546,7.832024980327753,15.632024980327726,True,0.015289198350882615,11.633575178978937,0,,,10.9289,0.03694
781,783,0.6454545454545454,10.659902004779983,0.44545454545454544,1.0454545454545454,7.559902004779992,14.359902004779967,True,0.010872829362238066,11.629158809990289,0,,,12.1119,0.66123
782,784,0.7363636363636363,14.320087945598384,0.4363636363636364,1.3727272727272726,10.120087945598401,19.220087945598372,True,0.02729087498966565,11.645576855617714,0,,,16.2467,0.751626
783,785,0.06727272727272728,6.417214888058453,0.053636363636363635,0.08545454545454545,3.9172148880584494,9.317214888058457,False,0.03694260825078181,11.655228588878831,0,,,4.56887,0.052594
784,786,0.010454545454545454,9.722256253861508,0.01,0.01590909090909091,8.422256253861514,14.322256253861491,True,0.005121373703837251,11.623407354331887,0,,,10.8856,0.010555
785,787,0.24545454545454545,11.431632703504492,0.1863636363636364,0.2909090909090909,9.631632703504502,12.93163270350449,True,0.07894876464302711,11.69723474527108,0,,,11.4483,0.204244
786,788,0.3090909090909091,8.153629486699543,0.2727272727272727,0.3636363636363637,6.9536294866995405,9.453629486699542,True,0.2281394131203037,11.846425393748355,0,,,8.39972,0.289133
787,789,0.5363636363636364,2.0,0.3818181818181817,1.1181818181818182,0.0,6.9,True,0.00038651246968571815,11.618672493097735,0,,,2.12959,0.540695
788,790,0.0918181818181818,7.8384347610199585,0.06727272727272728,0.12090909090909092,4.038434761019955,11.138434761019962,True,0.011373560960050006,11.629659541588106,0,,,5.14476,0.067674
789,791,0.24545454545454545,12.285853269741215,0.19181818181818186,0.2909090909090909,10.585853269741223,13.785853269741214,True,0.0059498604612991885,11.624235841089352,0,,,12.5173,0.209647
790,792,0.16636363636363638,8.95449167571428,0.13181818181818186,0.2272727272727273,5.554491675714277,11.354491675714282,True,0.09748988218425704,11.715775862812311,0,,,7.01301,0.148945
791,793,0.2727272727272727,11.018423363592856,0.2181818181818182,0.34545454545454546,9.218423363592864,13.018423363592849,True,0.014861339461569631,11.633147320089623,0,,,11.4954,0.2492
792,794,0.045454545454545456,30.445249076890907,0.029090909090909087,0.05454545454545455,25.84524907689084,30.445249076890907,False,19.43643336127549,31.05471934190355,0,,,51.3712,0.178644
793,795,0.2545454545454545,22.610372941670022,0.19181818181818186,0.3272727272727273,20.61037294167,24.71037294167005,True,0.02417435259135847,11.642460333219411,0,,,24.3537,0.230583
795,797,0.16636363636363638,18.82937649611255,0.14272727272727273,0.2090909090909091,16.329376496112555,20.629376496112545,True,0.03212811525799972,11.650414095886052,0,,,18.2178,0.1526
798,800,0.014090909090909091,6.003489714643114,0.01,0.02090909090909091,2.3034897146431104,10.103489714643118,True,0.07088065230162978,11.689166632929682,0,,,6.54373,0.013859
799,801,0.2272727272727273,9.41215558736796,0.17272727272727273,0.2818181818181818,7.512155587367966,11.212155587367954,True,0.03920189147553812,11.65748787210359,0,,,9.04851,0.193667
800,802,0.2090909090909091,5.449148208841986,0.16636363636363638,0.2636363636363636,3.549148208841985,7.149148208841986,True,0.0941515106521958,11.712437491280248,0,,,4.28371,0.183944
801,803,0.02363636363636364,22.22239137609966,0.014090909090909091,0.04,17.322391376099596,27.322391376099734,True,0.00655455083854476,11.624840531466596,0,,,23.7609,0.02052
802,804,0.4,8.384378855641081,0.2909090909090909,0.6363636363636364,5.484378855641079,12.084378855641086,True,0.027598826263085744,11.645884806891136,0,,,9.11644,0.396344
803,805,0.06636363636363636,18.746168268148693,0.04272727272727273,0.10090909090909092,13.846168268148705,23.446168268148675,True,0.004946584741413604,11.623232565369465,0,,,18.1574,0.051258
804,806,0.34545454545454546,7.959872198286153,0.2727272727272727,0.44545454545454544,5.959872198286152,10.159872198286157,True,0.08416601699379092,11.702451997621846,0,,,8.42571,0.332848
805,807,0.12818181818181815,13.815701555523749,0.1090909090909091,0.14636363636363636,11.615701555523756,15.61570155552374,False,0.026766436482217243,11.64505241711027,0,,,11.8772,0.098661
806,808,0.2727272727272727,9.184181631028157,0.24545454545454545,0.3090909090909091,8.284181631028158,10.28418163102815,True,0.5122794041942859,12.130565384822338,0,,,9.46866,0.248601
807,809,0.10090909090909092,11.011619836617783,0.07909090909090909,0.1190909090909091,8.511619836617793,13.211619836617775,False,0.07933762335665767,11.697623603984711,0,,,8.67404,0.072069
808,810,0.01090909090909091,11.574762715134952,0.01,0.017272727272727273,9.774762715134957,16.074762715134938,True,0.012457098403478294,11.630743079031529,0,,,12.7368,0.01086
809,811,0.015,10.681852680338515,0.010454545454545454,0.022727272727272728,6.6818526803385305,14.781852680338499,True,0.02117545048110131,11.639461431109153,0,,,11.5981,0.014664
810,812,0.12272727272727273,11.678057586300106,0.07818181818181819,0.16272727272727272,6.5780575863001225,15.77805758630009,True,0.009808970644626895,11.628094951272681,0,,,9.43362,0.09002
811,813,0.13727272727272727,11.871697068621867,0.1090909090909091,0.16090909090909092,8.871697068621879,14.27169706862186,True,0.040104813321883336,11.658390793949936,0,,,9.78896,0.109288
812,814,0.509090909090909,7.672944507243588,0.3909090909090909,0.7727272727272727,5.472944507243584,10.87294450724359,True,0.0057597555488397975,11.624045736176894,0,,,8.72334,0.529669
813,815,0.07954545454545454,13.765164037380087,0.06363636363636364,0.10090909090909092,11.065164037380097,16.16516403738008,False,0.010333828086218732,11.628619808714273,0,,,12.143,0.060605
815,817,0.09454545454545454,25.801743778822456,0.06909090909090909,0.12272727272727273,22.101743778822406,29.101743778822502,True,0.010979804418188984,11.629265785046242,0,,,25.2632,0.069913
816,818,0.4090909090909091,22.267244167182287,0.3181818181818182,0.5727272727272728,19.967244167182255,25.067244167182327,True,0.016326218821802553,11.634612199449856,0,,,25.0219,0.427674
817,819,0.058181818181818175,16.405427696881898,0.04363636363636364,0.08090909090909093,13.10542769688191,20.305427696881885,True,0.014368566899421469,11.632654547527473,0,,,16.1076,0.046814
818,820,0.2818181818181818,11.200162114200415,0.24545454545454545,0.3272727272727273,10.000162114200421,12.40016211420041,True,0.011789200137931232,11.630075180765983,0,,,11.6516,0.258586
819,821,0.2909090909090909,4.3,0.2272727272727273,0.3727272727272728,2.3000000000000003,6.4,True,0.13965830623525613,11.757944286863305,0,,,3.89706,0.263667
820,822,1.3090909090909093,4.866963063930724,0.6090909090909089,1.4,0.2669630639307252,6.866963063930724,True,0.0004175103127609167,11.618703490940812,0,,,5.25617,1.2286
821,823,0.05181818181818182,21.18675301721736,0.03636363636363636,0.07681818181818181,17.186753017217306,25.686753017217427,True,0.03533102546436427,11.653617006092414,0,,,21.5311,0.042711
823,825,0.03,9.134438641641164,0.025454545454545452,0.040909090909090916,7.034438641641174,11.934438641641155,True,0.0538244836660652,11.672110464294116,0,,,9.0278,0.02647
824,826,0.4909090909090909,8.879047081405668,0.3818181818181817,0.7181818181818181,6.579047081405675,11.879047081405654,True,0.022809849347956337,11.641095829976008,0,,,9.88286,0.499542
825,827,0.045454545454545456,5.686846316295843,0.030909090909090907,0.06727272727272728,1.986846316295844,10.086846316295842,True,0.019565122499554128,11.637851103127606,0,,,4.58732,0.037763
826,828,0.03272727272727273,7.460959492179503,0.026363636363636363,0.04363636363636364,5.060959492179502,10.360959492179509,True,0.10528940593015364,11.723575386558206,0,,,6.97352,0.027703
828,830,0.10545454545454544,20.974419753411,0.07727272727272727,0.13363636363636364,17.57441975341095,24.174419753411044,True,0.017636886894012455,11.635922867522066,0,,,19.9347,0.077314
829,831,0.07145454545454545,15.05706009203031,0.056363636363636366,0.08909090909090908,12.25706009203032,17.6570600920303,False,0.031175127074421674,11.649461107702471,0,,,13.8206,0.054719
830,832,0.12090909090909092,16.40208313299585,0.10181818181818182,0.1409090909090909,14.202083132995858,18.602083132995844,False,0.023796803848460828,11.64208278447651,0,,,14.9508,0.089767
831,833,0.10727272727272727,6.416693556015191,0.07954545454545454,0.13,3.216693556015188,9.016693556015193,False,0.09653906237414836,11.7148250430022,0,,,3.35596,0.076239
832,834,0.01590909090909091,14.655670039325345,0.013181818181818182,0.02,12.455670039325351,17.055670039325335,True,0.03501576560337922,11.653301746231431,0,,,15.9534,0.015163
833,835,0.06909090909090909,25.00206750240307,0.04454545454545455,0.10272727272727274,20.102067502403003,29.502067502403136,True,0.02187274095301065,11.640158721581063,0,,,24.9725,0.052962
834,836,0.027272727272727268,10.06474802649386,0.02181818181818182,0.03545454545454545,7.7647480264938675,12.76474802649385,True,0.03940440561812756,11.65769038624618,0,,,10.0594,0.023741
835,837,0.04363636363636364,7.0870219724811285,0.03,0.06363636363636364,3.5870219724811254,11.287021972481133,True,0.009032966840898536,11.627318947468948,0,,,6.20206,0.036103
836,838,0.16818181818181818,26.445240225858985,0.13545454545454547,0.2272727272727273,23.045240225858933,28.745240225859018,True,0.05883007083809889,11.67711605146615,0,,,26.7364,0.155917
837,839,0.2727272727272727,3.8,0.2181818181818182,0.3545454545454545,2.0,6.0,True,0.0593845582555296,11.67767053888358,0,,,3.46252,0.249073
838,840,0.13181818181818186,14.046331512468715,0.08454545454545455,0.17545454545454547,8.646331512468736,18.146331512468702,True,0.013383942688633124,11.631669923316686,0,,,12.1341,0.102358
839,841,0.2272727272727273,9.304295007449843,0.16818181818181818,0.2818181818181818,7.204295007449852,11.104295007449839,True,0.020416907985262127,11.638702888613315,0,,,8.78826,0.192114
840,842,0.034545454545454546,14.624589674899068,0.02181818181818182,0.056363636363636366,9.724589674899084,19.72458967489905,True,0.0029561763762039703,11.621242157004255,0,,,14.8783,0.028656
841,843,0.019545454545454543,12.577170820566135,0.015454545454545453,0.025454545454545452,10.177170820566143,15.177170820566126,True,0.004172472716018257,11.622458453344072,0,,,13.2932,0.017887
842,844,0.2545454545454545,14.364696939961224,0.19181818181818186,0.3181818181818182,12.364696939961233,16.264696939961222,True,0.012442985005784972,11.630728965633836,0,,,14.9492,0.221741
843,845,0.4090909090909091,5.423669613950104,0.3090909090909091,0.5727272727272728,3.0236696139501045,8.223669613950104,True,0.02788714906495536,11.646173129693008,0,,,5.64008,0.395493
844,846,0.013181818181818182,22.30757377622385,0.01,0.02363636363636364,18.007573776223797,27.00757377622392,True,0.0027070180518539524,11.620992998679904,0,,,24.5965,0.012977
845,847,0.24545454545454545,10.55016431253625,0.2,0.2818181818181818,9.050164312536257,11.650164312536244,True,0.11972234944173918,11.738008330069789,0,,,10.3436,0.204342
846,848,0.5727272727272728,14.258078898641331,0.4,0.9545454545454546,11.25807889864134,18.258078898641315,True,0.018661713114850226,11.636947693742902,0,,,16.2356,0.604367
847,849,0.07336363636363635,14.221540658209625,0.057272727272727274,0.09272727272727273,11.321540658209633,17.021540658209616,False,0.01452742228513157,11.632813402913186,0,,,12.8565,0.055915
848,850,0.1481818181818182,7.544522894008808,0.12272727272727273,0.17545454545454547,4.944522894008807,10.04452289400881,True,0.05239875385065637,11.670684734478707,0,,,5.28195,0.125495
849,851,0.05090909090909091,13.127936672259352,0.03545454545454545,0.07863636363636364,9.127936672259368,18.027936672259337,True,0.015056593957413137,11.633342574585464,0,,,12.7413,0.042593
850,852,0.024545454545454544,15.628679128734538,0.01636363636363636,0.03818181818181818,11.328679128734555,20.028679128734524,True,0.055059620257764105,11.673345600885815,0,,,16.0686,0.02089
851,853,0.08545454545454545,18.06755223469125,0.06454545454545453,0.11181818181818183,14.667552234691259,21.067552234691235,False,0.013997155049313058,11.632283135677365,0,,,16.8094,0.064427
852,854,0.07681818181818181,17.371631821417704,0.05,0.11181818181818183,12.671631821417725,21.67163182141769,True,0.002823593567213478,11.621109574195266,0,,,16.2387,0.058311
853,855,0.08818181818181818,6.2760541713377735,0.06727272727272728,0.11545454545454545,3.0760541713377707,9.376054171337776,False,0.021755239042597373,11.640041219670652,0,,,3.69614,0.066264
854,856,0.2909090909090909,8.65113303989874,0.24545454545454545,0.3636363636363637,7.251133039898739,10.551133039898742,True,0.019775554561464317,11.638061535189516,0,,,9.05117,0.27321
855,857,0.13181818181818186,12.090393864625542,0.10454545454545457,0.15363636363636365,8.990393864625553,14.290393864625536,False,0.04791104083120636,11.666197021459258,0,,,9.9007,0.101554
856,858,0.17545454545454547,11.664972856482198,0.15,0.2181818181818182,9.364972856482211,13.164972856482196,True,0.013745545220667222,11.63203152584872,0,,,10.228,0.158482
857,859,0.15363636363636365,8.225011051225787,0.13181818181818186,0.1781818181818182,6.0250110512257855,10.225011051225788,True,0.011508258656401937,11.629794239284456,0,,,6.07117,0.132785
858,860,0.02181818181818182,8.584297034623322,0.01636363636363636,0.029090909090909087,5.584297034623319,11.784297034623325,True,0.018508927787563488,11.636794908415615,0,,,8.58859,0.01911
859,861,0.011818181818181818,13.507356398581926,0.01,0.01636363636363636,11.407356398581932,17.007356398581912,True,0.07093809047693443,11.689224071104984,0,,,15.0361,0.011938
860,862,0.06727272727272728,11.690054072508946,0.049090909090909095,0.09,8.290054072508955,15.190054072508929,True,0.03466226439148625,11.652948245019536,0,,,10.3369,0.052253
861,863,0.05454545454545455,11.38462636688962,0.029090909090909087,0.09636363636363636,6.284626366889638,16.284626366889604,True,0.003109067445938161,11.62139504807399,0,,,10.4258,0.044029
862,864,0.024545454545454544,16.384327644877928,0.01590909090909091,0.04,12.084327644877947,21.38432764487791,True,0.03738088514673346,11.655666865774784,0,,,17.2039,0.021261
863,865,0.14454545454545453,10.514622138230745,0.1,0.2,5.614622138230763,14.214622138230732,True,0.006226391359748618,11.6245123719878,0,,,8.56264,0.12157
864,866,0.011363636363636364,10.747790673016796,0.01,0.014090909090909091,9.147790673016804,13.247790673016787,True,0.029382496211010006,11.647668476839064,0,,,12.0171,0.011484
865,867,0.03363636363636364,16.845002850091944,0.024545454545454544,0.04818181818181819,13.445002850091957,20.64500285009193,True,0.04689373708119167,11.665179717709243,0,,,17.3099,0.028133
866,868,0.031818181818181815,4.7,0.025454545454545452,0.04272727272727273,2.2,7.5,True,0.03719684466531515,11.655482825293367,0,,,3.88656,0.027193
867,869,0.02090909090909091,18.351771912537576,0.014090909090909091,0.031818181818181815,14.251771912537588,22.85177191253756,True,0.020759195317999177,11.639045175946052,0,,,19.5274,0.018583
868,870,0.3727272727272728,3.9,0.24545454545454545,0.6363636363636364,0.4,8.3,True,0.0390883285637878,11.65737430919184,0,,,3.74039,0.355002
869,871,0.06636363636363636,9.567023386393064,0.04818181818181819,0.09090909090909093,6.0670233863930765,13.267023386393053,True,0.026409382701278992,11.644695363329332,0,,,8.01397,0.05146
870,872,0.2363636363636364,2.7,0.1781818181818182,0.3,0.8,4.7,True,0.019703731398298015,11.63798971202635,0,,,1.72425,0.198511
871,873,0.025454545454545452,8.23101052011479,0.015,0.045454545454545456,3.531010520114785,13.531010520114794,True,0.016833292706000903,11.635119273334055,0,,,8.14094,0.022236
872,874,0.3090909090909091,4.1000000000000005,0.2363636363636364,0.4272727272727273,1.8,6.800000000000002,True,0.03872086341554153,11.657006844043591,0,,,3.84881,0.286368
873,875,0.3636363636363637,7.148094709891008,0.2909090909090909,0.4636363636363636,5.048094709891005,9.34809470989101,True,0.004154242357002546,11.622440222985055,0,,,7.49796,0.350584
874,876,0.02,11.13504855824913,0.014545454545454544,0.029090909090909087,7.735048558249142,15.135048558249116,True,0.008710009747475921,11.626995990375528,0,,,11.685,0.018365
876,878,0.09727272727272727,7.080919103939568,0.07163636363636364,0.12090909090909092,3.780919103939565,9.88091910393957,False,0.03628234290238811,11.654568323530441,0,,,4.26397,0.069881
877,879,0.14272727272727273,9.732267872740994,0.11363636363636365,0.17,6.632267872741005,12.632267872740984,True,0.011035745846879094,11.629321726474931,0,,,7.6023,0.117607
878,880,0.01636363636363636,9.957192853947248,0.014090909090909091,0.02,8.157192853947254,11.957192853947241,True,0.10575096108893058,11.724036941716983,0,,,10.7633,0.0158
880,882,0.10454545454545457,10.763202457399052,0.08272727272727272,0.12272727272727273,8.263202457399059,12.963202457399044,False,0.012580948570067162,11.63086692919812,0,,,8.43176,0.075244
881,883,0.16090909090909092,7.018594409051637,0.13181818181818186,0.2090909090909091,4.2185944090516365,9.41859440905164,True,0.006325699517444592,11.624611680145495,0,,,4.96474,0.143425
882,884,0.029090909090909087,15.880265244133987,0.02090909090909091,0.04363636363636364,12.180265244133999,19.780265244133968,True,0.005570791754821025,11.623856772382872,0,,,16.267,0.025114
883,885,0.08454545454545455,17.589669516163895,0.05909090909090909,0.11545454545454545,13.389669516163911,21.089669516163884,True,0.03723605237757113,11.655522033005624,0,,,16.126,0.062742
884,886,0.17545454545454547,12.984839703787019,0.15,0.2272727272727273,10.584839703787027,14.684839703787013,True,0.11849019844769015,11.736776179075742,0,,,11.7632,0.160129
885,887,0.13363636363636364,8.366456933613359,0.10636363636363637,0.1572727272727273,5.366456933613357,10.76645693361336,False,0.1082519197129506,11.726537900341002,0,,,5.89987,0.105086
886,888,0.030909090909090907,12.231647409460518,0.02363636363636364,0.04181818181818182,9.131647409460529,15.03164740946051,True,0.07330107915529842,11.691587059783348,0,,,11.9273,0.026097
887,889,0.01636363636363636,11.142994700181545,0.012727272727272728,0.02181818181818182,8.442994700181554,14.042994700181534,True,0.053866353003911516,11.672152333631963,0,,,12.0651,0.015651
888,890,0.3272727272727273,2.6,0.2272727272727273,0.6,0.0,7.5,True,0.0098280240945405,11.628114004722592,0,,,2.35311,0.310601
889,891,0.3727272727272728,3.2,0.2363636363636364,0.7363636363636363,0.0,8.4,True,0.020066129689994515,11.638352110318046,0,,,3.26466,0.363169
890,892,0.07909090909090909,12.900703151554664,0.06181818181818183,0.10272727272727274,9.900703151554676,15.700703151554654,False,0.00711036541493292,11.625396346042983,0,,,11.1569,0.060029
891,893,0.02090909090909091,11.72613666118175,0.014545454545454544,0.029090909090909087,7.926136661181762,15.326136661181733,True,0.0322976414989041,11.650583622126955,0,,,12.0032,0.018515
892,894,0.013636363636363636,12.672610832412367,0.010454545454545454,0.017727272727272727,9.972610832412377,15.572610832412355,True,0.024159278674949124,11.642445259303,0,,,14.0306,0.013499
893,895,0.02090909090909091,8.83590350813261,0.01681818181818182,0.026363636363636363,6.635903508132618,11.135903508132602,True,0.0771487183122725,11.695434698940325,0,,,8.98201,0.018821
894,896,0.04272727272727273,11.836956279132687,0.03,0.06181818181818183,8.4369562791327,16.036956279132678,True,0.03934822503582791,11.65763420566388,0,,,11.5766,0.03532
895,897,0.053636363636363635,15.429326189770208,0.04272727272727273,0.06909090909090909,12.829326189770214,18.2293261897702,True,0.0021734300853371268,11.620459410713387,0,,,14.9865,0.043706
896,898,0.03545454545454545,6.393265033361617,0.027272727272727268,0.045454545454545456,3.793265033361618,9.093265033361618,True,0.15795536577891325,11.776241346406966,0,,,5.48375,0.028808
897,899,0.3636363636363637,5.948760524745562,0.3,0.4363636363636364,4.348760524745561,7.548760524745562,True,0.014863950712528126,11.63314993134058,0,,,6.12453,0.349815
898,900,0.022727272727272728,6.545930761801324,0.017272727272727273,0.03,3.7459307618013207,9.645930761801324,True,0.008069984137134787,11.626355964765187,0,,,6.19964,0.019642
899,901,0.34545454545454546,6.584494208088804,0.2545454545454545,0.4818181818181818,4.0844942080888025,9.484494208088806,True,0.03154217836404812,11.649828158992099,0,,,6.84628,0.327414
900,902,0.16818181818181818,7.7755829570132935,0.14636363636363636,0.2090909090909091,5.47558295701329,9.375582957013293,True,0.07138326533304458,11.689669245961097,0,,,5.7953,0.153467
901,903,0.01681818181818182,11.192729222187948,0.013181818181818182,0.022727272727272728,8.49272922218796,14.192729222187939,True,0.05527647940069602,11.673562460028748,0,,,12.0449,0.01587
902,904,0.01909090909090909,11.022485700680097,0.014545454545454544,0.025454545454545452,8.422485700680108,13.922485700680086,True,0.0278215786399942,11.646107559268046,0,,,11.6347,0.017556
903,905,0.022727272727272728,11.216825041765928,0.01636363636363636,0.031818181818181815,7.916825041765939,14.916825041765915,True,0.04639395795058258,11.664679938578635,0,,,11.4437,0.019721
904,906,0.014090909090909091,9.829831686715348,0.01090909090909091,0.018636363636363642,6.829831686715359,12.729831686715338,True,0.03123826125814962,11.649524241886198,0,,,10.7045,0.013813
905,907,0.10818181818181817,8.971129966300014,0.07863636363636364,0.13545454545454547,5.471129966300009,11.971129966300015,False,0.017775893188740458,11.636061873816793,0,,,6.34604,0.077687
906,908,0.018636363636363642,16.444213904926634,0.013636363636363636,0.027272727272727268,13.044213904926648,20.44421390492662,True,0.09193976105071876,11.710225741678775,0,,,17.8041,0.017394
907,909,0.039090909090909086,5.8067889472629055,0.03,0.049090909090909095,3.4067889472629065,8.506788947262907,True,0.13126565526692133,11.749551635894973,0,,,4.69359,0.031327
908,910,0.1890909090909091,12.933643805129714,0.16272727272727272,0.2181818181818182,11.63364380512972,13.933643805129714,True,0.04764319472030085,11.665929175348351,0,,,11.9956,0.167927
909,911,0.014090909090909091,3.9,0.01090909090909091,0.01909090909090909,1.0,6.9,True,0.00531203249155191,11.623598013119604,0,,,4.22214,0.013953
910,912,0.04454545454545455,5.897757394013582,0.03363636363636364,0.0609090909090909,2.9977573940135804,9.397757394013588,True,0.0107230675755878,11.62900904820364,0,,,4.82584,0.036931
911,913,0.44545454545454544,12.901402933792133,0.3363636363636364,0.6545454545454545,10.301402933792144,16.001402933792118,True,0.006790168104248226,11.6250761487323,0,,,14.3718,0.454139
912,914,0.02363636363636364,12.558093393588848,0.018636363636363642,0.027272727272727268,10.158093393588855,14.25809339358884,True,0.3776798900598102,11.99596587068786,0,,,12.4757,0.019557
913,915,0.06727272727272728,14.02079406541658,0.049090909090909095,0.08727272727272728,10.620794065416593,17.12079406541657,True,0.028911235906432464,11.647197216534483,0,,,12.7094,0.051249
914,916,0.17272727272727273,5.325107297738337,0.1481818181818182,0.2272727272727273,2.9251072977383377,7.2251072977383375,True,0.16397420668434293,11.782260187312396,0,,,3.34776,0.160302
916,918,0.2363636363636364,14.493884395852856,0.2090909090909091,0.2636363636363636,13.49388439585286,15.393884395852853,False,0.027837089773623126,11.646123070401675,0,,,14.9195,0.199676
917,919,0.014545454545454544,11.709490746703244,0.010454545454545454,0.02090909090909091,8.009490746703259,15.309490746703231,True,0.09867070420067747,11.716956684828727,0,,,12.726,0.014262
919,921,0.05,5.707697223441825,0.04,0.06545454545454546,3.0076972234418253,8.507697223441824,True,0.05178809555259356,11.670074076180644,0,,,4.22357,0.04136
920,922,0.16454545454545455,11.91326887330184,0.13363636363636364,0.2181818181818182,8.913268873301849,14.113268873301832,True,0.015664070492738175,11.63395005112079,0,,,10.3712,0.14762
921,923,0.13181818181818186,7.906769150310517,0.08818181818181818,0.1781818181818182,3.006769150310511,12.006769150310518,True,0.018723370155085087,11.637009350783137,0,,,5.57992,0.106051
922,924,0.24545454545454545,3.5,0.16454545454545455,0.3545454545454545,0.5,6.5,True,0.021565772275301657,11.639851752903356,0,,,2.67099,0.208408
923,925,0.2,9.109546816138675,0.1572727272727273,0.2545454545454545,6.709546816138682,10.809546816138669,True,0.06798831640783429,11.686274297035887,0,,,7.98486,0.175896
924,926,0.01090909090909091,14.55029960205909,0.01,0.01636363636363636,13.150299602059095,19.050299602059074,True,0.08618475806713266,11.704470738695186,0,,,16.5997,0.011351
925,927,0.17272727272727273,4.4,0.15363636363636365,0.2,2.6,5.5,False,0.04817253754946359,11.666458518177517,0,,,2.00578,0.156566
926,928,0.019545454545454543,5.854242564756039,0.015,0.026363636363636363,3.254242564756036,8.854242564756042,True,0.08953837785449076,11.707824358482542,0,,,5.92138,0.018038
927,929,0.01090909090909091,15.253485600629087,0.01,0.01681818181818182,13.953485600629088,19.95348560062907,True,0.03667203657428745,11.65495801720234,0,,,17.0959,0.011042
928,930,0.2818181818181818,12.419411501847133,0.24545454545454545,0.3272727272727273,11.31941150184714,13.819411501847133,True,0.07989875188865203,11.698184732516706,0,,,13.24,0.263814
929,931,0.03,9.794153622243963,0.02181818181818182,0.04727272727272727,6.094153622243978,14.394153622243948,True,0.0625617200404465,11.6808477006685,0,,,9.71645,0.026481
930,932,0.024545454545454544,10.236439373164432,0.01636363636363636,0.03636363636363636,6.236439373164448,14.436439373164418,True,0.047082075532146495,11.6653680561602,0,,,10.1592,0.020674
931,933,0.03,6.566614427042347,0.019545454545454543,0.04818181818181819,1.9666144270423411,11.266614427042349,True,0.025916672694094083,11.644202653322148,0,,,5.75224,0.025778
932,934,0.2727272727272727,8.43910069034861,0.2363636363636364,0.3363636363636364,7.339100690348609,10.139100690348613,True,0.12785923172826633,11.74614521235632,0,,,8.75912,0.25286
933,935,0.025454545454545452,8.409017454200118,0.017272727272727273,0.03636363636363636,4.4090174542001135,11.90901745420012,True,0.08156683681710758,11.699852817445162,0,,,7.74116,0.021062
934,936,0.2363636363636364,5.601231095358672,0.19181818181818186,0.2818181818181818,4.3012310953586725,7.001231095358671,True,0.12321279107932465,11.741498771707375,0,,,5.00055,0.198465
935,937,0.07,10.092819961737222,0.05181818181818182,0.09272727272727273,6.792819961737234,13.39281996173721,True,0.01887170853106056,11.637157689159114,0,,,8.42342,0.054115
936,938,0.02363636363636364,12.88483186026565,0.01681818181818182,0.03272727272727273,9.284831860265664,16.384831860265642,True,0.09521748643152103,11.713503467059573,0,,,12.972,0.019863
937,939,0.15363636363636365,12.929901828482942,0.12818181818181815,0.1890909090909091,10.329901828482953,15.32990182848293,True,0.058463728768169874,11.676749709396221,0,,,11.472,0.134072
938,940,0.16090909090909092,11.886259009108484,0.13545454545454547,0.1972727272727273,9.286259009108493,13.886259009108475,True,0.11168918960915604,11.729975170237207,0,,,10.1892,0.141669
939,941,0.1590909090909091,11.767264356040382,0.13545454545454547,0.1890909090909091,9.46726435604039,13.567264356040376,True,0.04255572322686306,11.660841703854913,0,,,10.01,0.138906
940,942,0.025454545454545452,11.33109516210439,0.018636363636363642,0.039090909090909086,8.131095162104401,15.631095162104375,True,0.12841346002063758,11.746699440648687,0,,,11.8246,0.02264
941,943,0.034545454545454546,5.283719605111852,0.027272727272727268,0.045454545454545456,2.7837196051118527,8.083719605111853,True,0.028570234824273313,11.646856215452326,0,,,4.3895,0.028716
942,944,0.14454545454545453,9.474797676742163,0.11,0.1809090909090909,5.774797676742178,12.474797676742153,True,0.007271632383796153,11.625557613011846,0,,,7.27116,0.119683
944,946,0.022727272727272728,7.915311851958361,0.015,0.034545454545454546,3.815311851958356,12.315311851958365,True,0.0050886033001131285,11.623374583928163,0,,,7.72747,0.019616
945,947,0.3272727272727273,11.735346878382327,0.2727272727272727,0.4090909090909091,10.135346878382334,13.635346878382324,True,0.023010300944308004,11.641296281572359,0,,,12.6193,0.316421
946,948,0.4909090909090909,5.1544542884589974,0.2727272727272727,1.1,0.5544542884589978,10.554454288458995,True,0.006898124103835083,11.625184104731884,0,,,6.01061,0.513189
947,949,0.14454545454545453,11.209288026777498,0.11,0.1863636363636364,7.509288026777511,14.409288026777489,True,0.018547458370825127,11.636833438998876,0,,,9.32162,0.121532
948,950,0.04272727272727273,8.809498597492206,0.028181818181818183,0.06727272727272728,4.609498597492221,13.809498597492187,True,0.005133619371646718,11.623419599999698,0,,,8.06179,0.035255
950,952,0.02181818181818182,15.441166151895368,0.01681818181818182,0.029090909090909087,12.84116615189538,18.74116615189536,True,0.12280543838621903,11.741091419014273,0,,,16.4273,0.019422
951,953,0.34545454545454546,4.6000000000000005,0.2818181818181818,0.4272727272727273,3.0,6.5,True,0.010022159940004995,11.628308140568054,0,,,4.6518,0.330315
952,954,0.16454545454545455,10.351914816777633,0.13727272727272727,0.2181818181818182,7.551914816777643,12.651914816777625,True,0.022791607700669632,11.641077588328722,0,,,8.76716,0.149394
953,955,0.3545454545454545,2.8000000000000003,0.2181818181818182,0.7636363636363637,0.0,7.9,True,0.0017172513267739002,11.620003231954826,0,,,2.61601,0.339581
954,956,0.037272727272727284,4.6000000000000005,0.029090909090909087,0.04727272727272727,2.2,7.2,True,0.00861481690812356,11.626900797536175,0,,,3.44804,0.029854
955,957,0.08909090909090908,12.828097737049902,0.06636363636363636,0.11545454545454545,9.228097737049913,15.62809773704989,False,0.01585571138571354,11.634141692013767,0,,,10.7,0.066104
957,959,0.040909090909090916,11.662759835610542,0.026363636363636363,0.06454545454545453,7.262759835610558,16.762759835610524,True,0.008327612082737941,11.626613592710788,0,,,11.2733,0.033316
958,960,0.02090909090909091,11.015452261768395,0.014545454545454544,0.029090909090909087,7.41545226176841,14.615452261768384,True,0.026629765028334588,11.644915745656386,0,,,11.2586,0.018481
960,962,0.08727272727272728,10.428283440635713,0.05454545454545455,0.13,5.328283440635731,15.228283440635696,True,0.006306086367175629,11.624592066995227,0,,,8.17351,0.065058
961,963,0.027272727272727268,14.948547918424632,0.018636363636363642,0.04181818181818182,11.048547918424648,19.348547918424615,True,0.05565313659144799,11.6739391172195,0,,,15.4366,0.023762
962,964,0.026363636363636363,8.393925660125245,0.02,0.03545454545454545,5.593925660125242,11.393925660125245,True,0.0065699740946918396,11.624855954722744,0,,,8.12126,0.022778
963,965,0.07036363636363636,13.138887199693574,0.05090909090909091,0.09272727272727273,9.538887199693589,16.338887199693566,True,0.021795136578799088,11.64008111720685,0,,,11.7136,0.053594
964,966,0.04727272727272727,6.354084164467682,0.03272727272727273,0.06636363636363636,2.4540841644676803,10.054084164467683,True,0.06843711563964895,11.6867230962677,0,,,4.84853,0.03815
965,967,0.3,2.8000000000000003,0.2636363636363636,0.34545454545454546,1.7000000000000002,4.0,True,0.34834781844565216,11.966633799073705,0,,,2.39935,0.278352
966,968,0.1809090909090909,8.952868436999866,0.15363636363636365,0.2272727272727273,6.752868436999874,10.452868436999859,True,0.09558240303368364,11.713868383661735,0,,,7.41957,0.163457
967,969,0.053636363636363635,5.412044488471702,0.04363636363636364,0.06727272727272728,3.0120444884717017,7.912044488471701,False,0.010687162357780632,11.628973142985833,0,,,3.81709,0.043594
968,970,0.0609090909090909,10.260901440913607,0.03818181818181818,0.09636363636363636,5.160901440913625,15.16090144091359,True,0.003513073984305237,11.621799054612355,0,,,8.9103,0.047717
969,971,0.031818181818181815,8.300653639067809,0.022727272727272728,0.04636363636363637,4.600653639067807,12.000653639067814,True,0.02892618060952335,11.647212161237574,0,,,7.6259,0.026696
970,972,0.058181818181818175,5.4821395987842845,0.040909090909090916,0.08272727272727272,1.5821395987842848,9.682139598784284,True,0.028119709287029674,11.64640568991508,0,,,3.71031,0.046215
971,973,0.16818181818181818,13.367376664075403,0.14272727272727273,0.2090909090909091,10.767376664075412,14.967376664075394,True,0.02854033593979468,11.646826316567848,0,,,11.9173,0.151616
973,975,0.13727272727272727,12.334393801956004,0.11181818181818183,0.1590909090909091,9.634393801956014,14.534393801955993,False,0.018191029634463708,11.636477010262515,0,,,10.3997,0.11028
974,976,0.01590909090909091,12.302649344001289,0.012727272727272728,0.02181818181818182,9.7026493440013,15.602649344001279,True,0.025820000511656543,11.644105981139708,0,,,13.5419,0.015496
975,977,0.3636363636363637,5.0664915446928065,0.2818181818181818,0.4818181818181818,2.866491544692806,7.566491544692807,True,0.04446453856069616,11.662750519188748,0,,,5.17978,0.347085
976,978,0.15545454545454546,11.935709405205257,0.13363636363636364,0.1809090909090909,9.735709405205265,13.93570940520525,True,0.023702997993417442,11.641988978621471,0,,,10.2248,0.134661
977,979,0.07390909090909091,6.559766401948483,0.05454545454545455,0.1,3.0597664019484805,9.759766401948486,True,0.0007065396144031169,11.618992520242456,0,,,4.28258,0.05672
978,980,0.010454545454545454,10.151876441423882,0.01,0.01636363636363636,8.851876441423887,14.751876441423867,True,0.01876333495135051,11.637049315579402,0,,,11.4148,0.010601
979,981,0.015,12.434459106967545,0.01090909090909091,0.02181818181818182,8.934459106967559,16.234459106967535,True,0.015107239336109225,11.63339321996416,0,,,13.5841,0.014622
980,982,0.07127272727272728,10.752206726058297,0.04363636363636364,0.11545454545454545,5.752206726058312,15.752206726058278,True,0.0021214879992381727,11.620407468627288,0,,,9.12432,0.054959
981,983,0.056363636363636366,14.940937135964722,0.040909090909090916,0.07863636363636364,11.240937135964737,18.840937135964705,True,0.004791452492153179,11.623077433120205,0,,,14.3187,0.045414
982,984,0.04454545454545455,7.7896770151194215,0.028181818181818183,0.07018181818181819,3.189677015119416,12.689677015119425,True,0.009690613802048541,11.627976594430098,0,,,6.68128,0.036195
983,985,0.012272727272727272,14.531844001793141,0.01,0.01818181818181818,11.931844001793149,18.83184400179312,True,0.010566650452173594,11.628852631080225,0,,,15.9594,0.012165
984,986,0.2090909090909091,3.0,0.1572727272727273,0.2727272727272727,0.4,5.0,True,0.06103888817765238,11.679324868805704,0,,,1.19389,0.179133
985,987,0.014090909090909091,8.812954661899482,0.01,0.02181818181818182,4.912954661899478,13.212954661899483,True,0.014708934337462459,11.632994914965515,0,,,9.60902,0.013867
986,988,0.12272727272727273,6.56040846271409,0.08636363636363636,0.1572727272727273,2.3604084627140858,10.060408462714094,True,0.002514067928092676,11.620800048556145,0,,,3.85467,0.092133
987,989,0.3818181818181817,5.463637000465944,0.3090909090909091,0.4818181818181818,3.463637000465944,7.463637000465942,True,0.012876259692068872,11.63116224032012,0,,,5.62894,0.369686
988,990,0.2363636363636364,8.868166238592579,0.16818181818181818,0.3090909090909091,6.3681662385925755,11.06816623859258,True,0.030551371106500514,11.648837351734553,0,,,8.39963,0.1965
989,991,0.0981818181818182,8.91657900197831,0.075,0.1190909090909091,6.016579001978309,11.316579001978312,False,0.01085275775438996,11.629138738382444,0,,,6.34476,0.070854
990,992,0.13,9.935786070806387,0.09727272727272727,0.16272727272727272,6.135786070806402,13.035786070806378,True,0.017120790819172726,11.635406771447224,0,,,7.68253,0.102684
992,994,0.2181818181818182,13.138386056990388,0.16818181818181818,0.2545454545454545,11.338386056990394,14.438386056990385,True,0.2365219547222264,11.854807935350278,0,,,12.6591,0.184342
993,995,0.02090909090909091,11.087771030265644,0.015,0.028181818181818183,7.8877710302656565,14.387771030265633,True,0.029696864526038612,11.64798284515409,0,,,11.4522,0.018598
994,996,0.16272727272727272,10.908256153864398,0.14272727272727273,0.19181818181818186,8.908256153864404,12.408256153864393,True,0.11458934123050953,11.732875321858561,0,,,9.1918,0.144854
995,997,0.01681818181818182,12.66696194223063,0.01090909090909091,0.027272727272727268,7.866961942230648,17.466961942230608,True,0.008946494074120143,11.627232474702172,0,,,13.5532,0.015807
996,998,0.2090909090909091,5.935164549923774,0.16454545454545455,0.2727272727272727,4.035164549923772,7.935164549923776,True,0.06241850051575998,11.680704481143813,0,,,4.9333,0.184505
998,1000,0.030909090909090907,10.862755727525117,0.022727272727272728,0.04363636363636364,7.462755727525128,14.362755727525105,True,0.009233915499745064,11.627519896127794,0,,,10.6234,0.026377
999,1001,0.03363636363636364,6.698046135175327,0.025454545454545452,0.04636363636363637,3.7980461351753236,10.19804613517533,True,0.062064894766938127,11.680350875394991,0,,,6.17976,0.0284
1000,1002,0.2181818181818182,6.653238797857143,0.16636363636363638,0.2818181818181818,4.553238797857142,8.853238797857145,True,0.005132563008608688,11.62341854363666,0,,,5.86036,0.188343
1001,1003,0.1781818181818182,5.3091172535504505,0.1390909090909091,0.2545454545454545,1.90911725355045,7.80911725355045,True,0.0773828040300958,11.695668784658148,0,,,3.3255,0.162528
1002,1004,0.5545454545454546,3.5,0.3,1.3363636363636364,0.0,8.700000000000001,True,0.0013842954601670364,11.619670276088216,0,,,4.00556,0.57046
1003,1005,0.057272727272727274,10.342059670016962,0.04181818181818182,0.07863636363636364,6.742059670016973,14.042059670016947,True,0.004915158599101742,11.623201139227154,0,,,9.20733,0.045699
1004,1006,0.034545454545454546,11.67155355939131,0.024545454545454544,0.05090909090909091,7.971553559391322,15.971553559391296,True,0.0005831210079079827,11.618869101635962,0,,,11.5073,0.028573
1005,1007,0.06454545454545453,6.614867027628231,0.04,0.10454545454545457,1.7148670276282258,11.714867027628234,True,0.0040262647548796075,11.622312245382929,0,,,4.86996,0.050429
1006,1008,0.12818181818181815,11.520838113568699,0.08727272727272728,0.16272727272727272,6.920838113568715,15.020838113568685,True,0.028360604357496832,11.646646584985547,0,,,9.21532,0.096735
1007,1009,0.07072727272727274,6.920611063030084,0.04727272727272727,0.10181818181818182,2.620611063030081,10.920611063030089,True,0.010963180293380285,11.62924916092143,0,,,4.80703,0.053959
1008,1010,0.037272727272727284,10.623292800694317,0.024545454545454544,0.058181818181818175,6.323292800694331,15.523292800694296,True,0.024272080129480768,11.642558060757532,0,,,10.1974,0.029947
1009,1011,0.013181818181818182,10.836979000021305,0.01,0.017727272727272727,7.936979000021314,14.136979000021293,True,0.1279956348368284,11.74628161546488,0,,,11.8551,0.012871
1010,1012,0.058181818181818175,5.572738293496362,0.03545454545454545,0.09090909090909093,0.3727382934963624,10.37273829349636,True,0.0166000490850881,11.63488602971314,0,,,3.84508,0.046332
1011,1013,0.017272727272727273,9.73953988660889,0.012727272727272728,0.024545454545454544,6.439539886608903,13.239539886608878,True,0.05328437930162232,11.671570359929676,0,,,10.3363,0.016171
1012,1014,0.06454545454545453,6.640056886767753,0.04,0.10272727272727274,1.540056886767748,11.540056886767758,True,0.005094575771518976,11.623380556399573,0,,,4.68253,0.049725
1013,1015,0.44545454545454544,4.3,0.2818181818181818,0.8545454545454546,0.30000000000000004,9.1,True,0.007463139505113171,11.625749120133165,0,,,4.51548,0.437462
1014,1016,0.4727272727272727,1.4,0.3363636363636364,1.0909090909090908,0.0,6.5,True,0.0017628771123019047,11.620048857740354,0,,,1.48688,0.477896
1015,1017,0.13363636363636364,6.562798965207162,0.10181818181818182,0.16272727272727272,2.8627989652071597,9.362798965207164,True,0.010669332700981936,11.628955313329033,0,,,3.79602,0.10513
1016,1018,0.02363636363636364,12.717546226962645,0.014090909090909091,0.040909090909090916,7.917546226962663,17.917546226962628,True,0.008032873347254565,11.626318853975306,0,,,13.0846,0.020385
1018,1020,0.04272727272727273,3.8,0.028181818181818183,0.06636363636363636,0.0,8.700000000000001,True,0.034522217300311464,11.652808197928364,0,,,2.26471,0.03445
1020,1022,0.027272727272727268,11.629150257617352,0.01681818181818182,0.04454545454545455,6.5291502576173714,16.429150257617334,True,0.03645076090373809,11.654736741531789,0,,,11.3123,0.022936
1021,1023,0.17272727272727273,10.856185413085976,0.14636363636363636,0.2181818181818182,8.356185413085985,12.45618541308597,True,0.005507504720386061,11.623793485348436,0,,,9.2482,0.156466
1022,1024,0.05,5.359850324031762,0.03545454545454545,0.07545454545454545,1.5598503240317625,9.85985032403176,True,0.06786642244626198,11.686152403074312,0,,,3.96953,0.041821
1023,1025,0.07072727272727274,10.60216207790233,0.05181818181818182,0.09727272727272727,7.0021620779023435,14.102162077902314,True,0.001769270219209733,11.62005525084726,0,,,8.96079,0.054636
1024,1026,0.03,5.434753328946604,0.02090909090909091,0.04454545454545455,1.5347533289466029,9.1347533289466,True,0.14814598509806254,11.766431965726115,0,,,4.3775,0.025388
1025,1027,0.05181818181818182,6.101863965645868,0.03363636363636364,0.08181818181818183,1.5018639656458634,11.301863965645873,True,0.007401583605593906,11.625687564233644,0,,,4.70607,0.042621
1026,1028,0.017727272727272727,10.962738952514467,0.013181818181818182,0.024545454545454544,7.76273895251448,14.162738952514458,True,0.01969724841727553,11.637983229045329,0,,,11.6355,0.016453
1027,1029,0.01590909090909091,6.939375732010933,0.011363636363636364,0.024545454545454544,3.3393757320109287,11.339375732010938,True,0.017658076755620276,11.635944057383671,0,,,7.64702,0.015492
1028,1030,0.1190909090909091,11.456260324764402,0.09090909090909093,0.14454545454545453,8.356260324764413,14.056260324764393,False,0.008103095953442059,11.626389076581495,0,,,9.2611,0.087514
1029,1031,0.1090909090909091,3.5,0.07818181818181819,0.14272727272727273,0.0,7.2,True,0.030690215180501062,11.648976195808554,0,,,0.571481,0.080213
1030,1032,0.022727272727272728,13.730537709937785,0.015454545454545453,0.03545454545454545,9.930537709937797,18.23053770993777,True,0.02394753952164355,11.642233520149697,0,,,14.3181,0.019775
1031,1033,0.2363636363636364,3.7,0.16454545454545455,0.3272727272727273,1.0,6.300000000000002,True,0.0011756311013787794,11.619461611729431,0,,,2.76585,0.197802
1032,1034,0.13727272727272727,8.197830676404521,0.09090909090909093,0.18363636363636365,3.297830676404517,12.097830676404525,True,0.009170523279616821,11.627456503907668,0,,,5.81235,0.110385
1033,1035,0.3636363636363637,21.075251063777888,0.2363636363636364,0.6363636363636364,17.67525106377784,25.77525106377795,True,0.032452717553591734,11.650738698181643,0,,,23.4578,0.364982
1034,1036,0.02,14.871226967668129,0.013181818181818182,0.03272727272727273,10.371226967668145,19.671226967668108,True,0.00923515221027478,11.627521132838329,0,,,15.8405,0.018322
1036,1038,0.3090909090909091,3.8,0.2090909090909091,0.44545454545454544,0.8,6.9,True,0.06518386588943254,11.683469846517484,0,,,3.29329,0.281266
1037,1039,1.1,15.75734301074626,0.6181818181818182,1.4,11.657343010746276,18.25734301074625,True,0.0035199976817792585,11.621805978309832,0,,,18.2038,1.12232
1038,1040,0.013636363636363636,11.242315536923378,0.01,0.024545454545454544,7.242315536923388,16.542315536923358,True,0.02669623256953743,11.644982213197588,0,,,12.7885,0.013853
1039,1041,0.10090909090909092,14.604598982813384,0.06727272727272728,0.13545454545454547,10.104598982813403,18.50459898281337,True,0.006258658325173868,11.624544638953225,0,,,12.7344,0.072825
1041,1043,0.5363636363636364,7.3835719256395755,0.34545454545454546,1.0727272727272728,3.5835719256395735,12.78357192563958,True,0.004203576495974852,11.622489557124029,0,,,8.22863,0.547088
1042,1044,0.03,6.564094885243391,0.02181818181818182,0.04272727272727273,2.964094885243387,9.864094885243391,True,0.049224112313890886,11.667510092941942,0,,,5.69512,0.025659
1043,1045,0.2545454545454545,4.3,0.1863636363636364,0.3363636363636364,2.2,6.6000000000000005,True,0.020840463827045238,11.639126444455096,0,,,3.68005,0.221213
1045,1047,0.06636363636363636,17.637786945629074,0.040909090909090916,0.11,12.837786945629091,22.837786945629052,True,0.008944134854959316,11.62723011548301,0,,,16.9745,0.051643
1046,1048,0.029090909090909087,6.997502657148241,0.02090909090909091,0.04181818181818182,3.497502657148237,10.597502657148244,True,0.00969025052833005,11.62797623115638,0,,,6.44436,0.025064
1047,1049,0.13545454545454547,8.547734761485628,0.10454545454545457,0.16272727272727272,5.1477347614856255,11.347734761485635,True,0.014521765393768612,11.632807746021822,0,,,6.18093,0.108017
1048,1050,0.1,12.851370786345393,0.06727272727272728,0.13363636363636364,8.451370786345409,16.751370786345383,True,0.004627734578683129,11.622913715206735,0,,,10.9121,0.07236
1050,1052,0.03545454545454545,29.74525419292752,0.014545454545454544,0.04181818181818182,20.645254192927386,30.44525419292752,False,0.007305853134217908,11.62559183376227,0,,,31.4355,0.028947
1051,1053,0.12272727272727273,30.345263335806237,0.06272727272727273,0.13727272727272727,22.445263335806125,30.445263335806235,False,0.1744062620089629,11.792692242637017,0,,,31.5515,0.105439
1052,1054,0.034545454545454546,6.727851351561532,0.027272727272727268,0.04454545454545455,4.327851351561532,9.427851351561538,True,0.0015371998582663453,11.61982318048632,0,,,5.93153,0.028467
1053,1055,0.02363636363636364,5.524495789959168,0.01636363636363636,0.034545454545454546,1.8244957899591687,9.524495789959168,True,0.061156881030973415,11.679442861659027,0,,,5.02134,0.020328
1054,1056,0.5636363636363636,6.41210762264059,0.2818181818181818,1.318181818181818,1.7121076226405867,11.712107622640595,True,0.0002096797186391519,11.618495660346689,0,,,7.24133,0.578587
1055,1057,0.030909090909090907,11.759582748691187,0.01909090909090909,0.05181818181818182,6.8595827486912055,16.85958274869117,True,0.0056255909963250535,11.623911571624376,0,,,11.6209,0.026402
1056,1058,0.10181818181818182,20.308271591688236,0.08,0.12454545454545456,17.808271591688246,23.00827159168823,False,0.07938715386956838,11.697673134497618,0,,,19.3656,0.07491
1057,1059,0.040909090909090916,20.920935244626875,0.026363636363636363,0.06727272727272728,16.32093524462681,26.320935244626952,True,0.040641097197838115,11.65892707782589,0,,,21.9418,0.034782
1059,1061,0.2818181818181818,2.8000000000000003,0.2181818181818182,0.3727272727272728,0.8,5.1000000000000005,True,0.15083829652018474,11.769124277148235,0,,,2.35219,0.260428
1060,1062,0.13727272727272727,13.665349822768993,0.11545454545454545,0.1590909090909091,11.265349822769005,15.76534982276899,False,0.002412395269467868,11.62069837589752,0,,,11.8802,0.110496
1061,1063,0.08,15.358475900125796,0.056363636363636366,0.11363636363636365,11.358475900125814,19.358475900125786,True,0.01820898290253333,11.636494963530586,0,,,14.0568,0.061322
1062,1064,0.01636363636363636,5.299973109948675,0.013181818181818182,0.02181818181818182,2.799973109948675,8.299973109948674,True,0.008033282214730418,11.626319262842786,0,,,5.69065,0.015809
1063,1065,0.026363636363636363,14.551764869936244,0.019545454545454543,0.037272727272727284,11.451764869936257,18.15176486993623,True,0.1332606872035154,11.751546667831569,0,,,15.0977,0.023013
1064,1066,0.025454545454545452,15.246648828837547,0.018636363636363642,0.034545454545454546,12.246648828837554,18.54664882883753,True,0.17556858558409608,11.793854566212149,0,,,15.781,0.021697
1065,1067,0.12090909090909092,18.467930296359764,0.08818181818181818,0.15181818181818182,14.867930296359775,21.667930296359753,True,0.014672775090770588,11.632958755718825,0,,,17.1921,0.089889
1066,1068,0.03272727272727273,10.447842516143844,0.026363636363636363,0.04363636363636364,7.947842516143853,13.347842516143832,True,0.02460053982512141,11.642886520453171,0,,,10.218,0.027672
1067,1069,0.06272727272727273,5.33159724410592,0.04818181818181819,0.08272727272727272,2.3315972441059207,8.631597244105919,True,0.05888280955006792,11.67716879017812,0,,,3.51873,0.04941
1068,1070,0.03,5.4033991155643895,0.024545454545454544,0.04181818181818182,3.0033991155643887,8.503399115564388,True,0.07569865895822778,11.69398463958628,0,,,4.88145,0.026555
1069,1071,0.04363636363636364,7.051613338633777,0.03,0.06636363636363636,3.3516133386337725,11.751613338633781,True,0.017330634563491015,11.635616615191546,0,,,6.22732,0.036344
1070,1072,0.1481818181818182,8.733469471961453,0.11181818181818183,0.19454545454545452,4.933469471961448,11.833469471961456,True,2.8615006891771973e-05,11.618314595634944,0,,,6.56038,0.125241
1071,1073,0.2818181818181818,6.038454139430133,0.2272727272727273,0.3545454545454545,4.2384541394301305,7.938454139430133,True,0.014230173970720518,11.632516154598772,0,,,5.86702,0.257914
1072,1074,0.07309090909090908,10.310711392217437,0.05454545454545455,0.09727272727272727,6.9107113922174515,13.510711392217429,True,0.0013367897026284755,11.619622770330679,0,,,8.57769,0.056023
1073,1075,0.06545454545454546,16.14621402023819,0.040909090909090916,0.10363636363636364,11.146214020238206,21.146214020238173,True,6.869762174999979e-05,11.6183546782498,0,,,15.3816,0.050632
1074,1076,0.2272727272727273,4.2,0.18363636363636365,0.2818181818181818,2.8000000000000003,5.9,True,0.10079508424868573,11.719081064876738,0,,,3.40998,0.195456
1075,1077,0.07636363636363636,7.539405072122649,0.04727272727272727,0.12090909090909092,2.6394050721226447,12.639405072122653,True,0.0072919468376298315,11.62557792746568,0,,,5.49721,0.05894
1076,1078,0.10636363636363637,10.439215006968317,0.07863636363636364,0.13363636363636364,7.1392150069683264,13.439215006968306,False,0.006539757328732868,11.624825737956787,0,,,8.14225,0.077226
1077,1079,0.08545454545454545,8.211976965728116,0.06454545454545453,0.1090909090909091,4.911976965728113,10.811976965728116,False,0.047642648152858805,11.665928628780911,0,,,5.66244,0.063372
1078,1080,0.04,25.212893628732747,0.02090909090909091,0.07036363636363636,20.112893628732678,30.112893628732813,True,0.0003468602097522634,11.618632840837805,0,,,26.4947,0.032931
1079,1081,0.3363636363636364,9.396562971507189,0.2727272727272727,0.4181818181818182,7.496562971507197,11.396562971507185,True,0.04695960353067742,11.665245584158725,0,,,9.88675,0.317527
1080,1082,0.17545454545454547,7.2374020664461876,0.1190909090909091,0.2909090909090909,2.1374020664461826,10.93740206644619,True,0.008459268855110577,11.626745249483163,0,,,5.29032,0.159149
1081,1083,0.017272727272727273,11.797973366269579,0.013181818181818182,0.024545454545454544,8.797973366269591,15.29797336626957,True,0.16119190231763894,11.779477882945693,0,,,12.8316,0.016564
1082,1084,0.1863636363636364,10.985884949367204,0.15181818181818182,0.2363636363636364,8.585884949367209,12.685884949367194,True,0.03694664392984594,11.6552326245579,0,,,9.67572,0.165428
1083,1085,0.3,4.4,0.2181818181818182,0.4181818181818182,1.8,7.2,True,0.03766096783645593,11.655946948464509,0,,,4.02493,0.275265
1084,1086,0.02,17.650189187125253,0.014545454545454544,0.029090909090909087,14.25018918712527,21.650189187125243,True,0.03407636437036342,11.652362344998414,0,,,18.9693,0.018429
1085,1087,0.17,18.3985293630652,0.13,0.24545454545454545,14.298529363065214,20.998529363065195,True,0.05011871840102533,11.668404699029074,0,,,17.5467,0.154194
1086,1088,0.0609090909090909,6.947245832397432,0.04363636363636364,0.08363636363636362,3.3472458323974297,10.647245832397438,True,0.01912400282189348,11.637409983449945,0,,,5.25203,0.047828
1087,1089,0.03636363636363636,11.106154038428938,0.027272727272727268,0.05,8.106154038428949,14.606154038428926,True,0.02030494847685017,11.638590929104902,0,,,10.8214,0.029569
1089,1091,0.1809090909090909,9.118686748637195,0.1390909090909091,0.2545454545454545,5.718686748637209,11.618686748637188,True,0.027422785268716117,11.645708765896769,0,,,7.57273,0.16194
1090,1092,0.06727272727272728,15.484553163000813,0.04454545454545455,0.09909090909090908,10.88455316300083,19.7845531630008,True,0.01422245611710818,11.632508436745159,0,,,14.4554,0.051704
1091,1093,0.04,6.891580620579548,0.029090909090909087,0.053636363636363635,3.791580620579545,10.19158062057955,True,0.06898802160473827,11.68727400223279,0,,,5.84142,0.031973
