index,file_lineno,best_mass,best_AV,mass_min,mass_max,AV_min,AV_max,intersects,min_chi2,chi2_threshold,dof_gof,passes_gof,p_value
0,2,0.05,8.273206199553446,0.04363636363636364,0.07336363636363635,6.9732061995534504,12.57320619955343,True,7.578474196423542,19.196760177051594,1,True,0.005906941902388865
1,3,0.16272727272727272,9.111803300453403,0.13727272727272727,0.2,6.811803300453411,11.011803300453396,True,9.945961007583033,21.564246988211085,1,False,0.0016120269398747413
2,4,0.02,3.4000000000000004,0.01681818181818182,0.024545454545454544,1.6,5.300000000000001,True,12.276296704409518,23.89458268503757,1,False,0.0004587477940815147
3,5,0.10727272727272727,8.198669196533622,0.09090909090909091,0.12636363636363637,6.498669196533628,10.398669196533614,False,2.0903729413571934,13.708658921985245,1,True,0.1482298809982385
4,6,0.13727272727272727,6.113133506030667,0.10727272727272727,0.16636363636363638,3.113133506030664,9.01313350603067,True,5.462895003852724,17.081180984480774,1,True,0.01942443852449292
5,7,0.2272727272727273,16.203231391783234,0.17272727272727273,0.3,14.503231391783242,18.203231391783227,True,0.35327715862667325,11.971563139254725,1,True,0.552263846856974
6,8,0.32727272727272727,22.441115342924604,0.2818181818181818,0.38181818181818183,21.241115342924587,23.741115342924623,False,2.208597305932387,13.826883286560438,1,True,0.13724341017482672
8,10,0.06545454545454546,14.72291356624998,0.05272727272727273,0.07727272727272727,12.422913566249989,16.72291356624997,True,1.016416347928774,12.634702328556825,1,True,0.3133705722961857
9,11,0.7,9.260827426923665,0.5,0.8545454545454546,6.560827426923667,10.660827426923667,False,10.159856913591105,21.778142894219158,1,False,0.0014353176061386425
11,13,0.34545454545454546,6.472407633818542,0.2909090909090909,0.4,5.072407633818541,7.672407633818543,True,0.1250821315053204,11.743368112133373,1,True,0.723586565358977
12,14,0.08727272727272727,20.237412062183918,0.06727272727272728,0.11545454545454546,17.037412062183872,23.537412062183964,True,0.5788879329616563,12.197173913589708,1,True,0.44674854610942905
13,15,0.017727272727272727,15.969285480560462,0.013636363636363636,0.022727272727272728,13.269285480560471,18.669285480560454,True,3.352385375328587,14.97067135595664,1,True,0.0671077017529375
14,16,0.16272727272727272,8.122346130938283,0.13727272727272727,0.2090909090909091,5.722346130938291,10.122346130938276,True,4.177746493642488,15.79603247427054,1,True,0.04095812699801222
15,17,0.19454545454545455,10.157113347388147,0.16272727272727272,0.2272727272727273,8.657113347388153,11.157113347388144,True,9.147700040900613,20.765986021528665,1,False,0.002490308898340943
16,18,0.33636363636363636,8.709853173742472,0.2818181818181818,0.39090909090909093,7.309853173742477,10.109853173742467,False,2.8767490176940154,14.495034998322067,1,True,0.08986728930872043
17,19,0.2818181818181818,16.92629672669711,0.23636363636363636,0.33636363636363636,15.726296726697113,18.426296726697103,True,0.05141319505181827,11.66969917567987,1,True,0.8206222047939299
18,20,0.08818181818181818,12.688221759161179,0.07636363636363636,0.10727272727272727,11.188221759161184,14.688221759161172,False,26.850356887510006,38.46864286813806,1,False,2.1983375063383555e-07
20,22,1.3727272727272726,20.545240448064185,1.1,1.4,18.84524044806419,20.84524044806418,False,1.7192839993701683,13.33756997999822,1,True,0.18978523604914727
21,23,0.4090909090909091,7.978902316761799,0.34545454545454546,0.4909090909090909,6.578902316761798,9.4789023167618,True,0.2805899317154309,11.898875912343483,1,True,0.5963148150935296
22,24,0.013181818181818182,5.64289245146678,0.01090909090909091,0.015454545454545453,3.842892451466779,7.542892451466782,False,7.029383242490045,18.647669223118097,1,True,0.00801829637265388
23,25,1.3909090909090909,18.72644643262783,1.0454545454545454,1.4,16.526446432627836,18.926446432627827,False,1.7139836524724248,13.332269633100477,1,True,0.19046932666454883
24,26,0.34545454545454546,10.546402041344027,0.2909090909090909,0.4363636363636364,9.046402041344033,12.44640204134402,True,0.5000857066984422,12.118371687326494,1,True,0.47946246583072005
25,27,0.4636363636363636,7.411554851335328,0.35454545454545455,0.6545454545454545,5.111554851335326,10.21155485133533,True,4.066135347507085,15.684421328135137,1,True,0.04375126441024008
26,28,0.1781818181818182,15.898500418995972,0.1590909090909091,0.2090909090909091,14.698500418995977,16.89850041899597,False,0.37098589156835177,11.989271872196404,1,True,0.5424673626422676
27,29,0.12818181818181817,10.59231387356795,0.11545454545454546,0.1409090909090909,9.092313873567955,11.792313873567945,False,1.1264357638799274,12.744721744507979,1,True,0.2885368757615598
28,30,0.01,10.699509820512935,0.01,0.011363636363636364,10.299509820512936,11.89950982051293,True,13.170475702666048,24.788761683294098,1,False,0.0002843945321660495
29,31,0.33636363636363636,20.60695615942355,0.2909090909090909,0.4090909090909091,19.406956159423533,22.306956159423574,False,0.16697519446984713,11.785261175097899,1,True,0.682814159228871
30,32,0.35454545454545455,5.788098841522646,0.23636363636363636,0.5818181818181818,2.7880988415226464,9.688098841522645,True,0.47697633533454725,12.095262315962598,1,True,0.48979511406053666
32,34,0.02,14.685031003006142,0.015,0.026363636363636363,11.885031003006151,17.48503100300613,True,2.9333237930221365,14.551609773650188,1,True,0.08676868536223949
33,35,0.8363636363636364,7.7,0.35454545454545455,0.9363636363636364,0.5,7.7,True,2.691901326838283,14.310187307466336,1,True,0.10085939880924644
34,36,0.017272727272727273,9.37472095101748,0.011363636363636364,0.02909090909090909,5.374720951017494,14.77472095101746,True,0.366970983421318,11.98525696404937,1,True,0.544659988903999
35,37,0.010454545454545454,5.670933221428228,0.01,0.012272727272727272,5.070933221428228,7.27093322142823,False,8.623245342780542,20.241531323408594,1,True,0.003318999913662523
36,38,0.11727272727272728,12.24027684315136,0.10454545454545455,0.13,10.640276843151366,13.640276843151355,True,13.18072740562609,24.799013386254142,1,False,0.00028284294605258984
37,39,0.16272727272727272,21.572920644152173,0.1481818181818182,0.19181818181818183,20.072920644152152,23.172920644152196,True,3.358860681807349,14.977146662435402,1,True,0.06684429925921781
40,42,0.02181818181818182,9.648463276434933,0.01681818181818182,0.028181818181818183,7.048463276434942,12.348463276434924,True,17.125736142140116,28.74402212276817,1,False,3.4985013742277605e-05
41,43,0.08363636363636363,6.839280115746188,0.07181818181818181,0.1190909090909091,5.539280115746193,11.039280115746173,True,5.589929758099055,17.208215738727105,1,True,0.018064020531483413
42,44,0.12272727272727273,4.525057042568982,0.10818181818181818,0.1390909090909091,2.8250570425689805,6.125057042568984,True,9.990402645363451,21.608688625991505,1,False,0.0015735819313068631
43,45,0.12090909090909091,6.179689928442958,0.10363636363636364,0.15181818181818182,4.379689928442964,9.379689928442946,True,9.224909441729155,20.843195422357205,1,False,0.00238744502048958
44,46,0.013636363636363636,6.691037611541303,0.011818181818181818,0.015909090909090907,4.891037611541309,8.491037611541296,False,20.01122212888602,31.62950810951407,1,False,7.69890092938093e-06
45,47,0.10818181818181818,15.47215565362595,0.09272727272727273,0.12818181818181817,13.772155653625957,17.772155653625944,False,2.4257725502635332,14.044058530891585,1,True,0.1193543871707085
46,48,0.15363636363636363,7.599341218850689,0.13727272727272727,0.16818181818181818,6.099341218850688,9.09934121885069,False,0.09896086144656334,11.717246842074616,1,True,0.7530802223946984
47,49,0.025454545454545455,8.354940218880003,0.019545454545454546,0.03,6.054940218880011,10.154940218879997,True,3.8108103994990588,15.42909638012711,1,True,0.05092280686791729
48,50,0.16272727272727272,9.149574448965172,0.1409090909090909,0.2090909090909091,6.84957444896518,11.449574448965164,True,12.529861455198967,24.14814743582702,1,False,0.00040049950447285706
49,51,0.03727272727272728,9.290773110188768,0.03,0.04454545454545455,7.4907731101887745,11.290773110188761,False,16.647538220088965,28.265824200717017,1,False,4.500868451130663e-05
50,52,0.15545454545454546,7.586046626551342,0.13727272727272727,0.17545454545454547,5.78604662655134,9.286046626551343,True,2.2661024556881024,13.884388436316154,1,True,0.13223208253852634
51,53,0.35454545454545455,5.513267616546676,0.2545454545454545,0.5363636363636364,2.813267616546674,9.01326761654668,True,0.1977391450839383,11.81602512571199,1,True,0.6565519652341176
52,54,0.11727272727272728,7.885951270538403,0.10181818181818182,0.13545454545454547,5.9859512705384095,9.985951270538395,True,10.904365507676552,22.522651488304604,1,False,0.0009593789506524885
53,55,0.09090909090909091,5.534066783280366,0.07163636363636364,0.11363636363636363,2.9340667832803637,7.8340667832803685,True,3.7996966309148954,15.417982611542946,1,True,0.0512618697768547
54,56,0.07590909090909091,4.734364877894466,0.06454545454545454,0.08909090909090908,2.8343648778944646,6.634364877894468,True,10.784478719336422,22.40276469996447,1,False,0.0010235472474864385
55,57,0.5545454545454546,11.511968783709253,0.4727272727272727,0.7090909090909091,10.211968783709258,13.411968783709247,True,3.885696310506192,15.503982291134244,1,True,0.048699064603903774
56,58,0.04272727272727273,10.911898582608194,0.04090909090909091,0.053636363636363635,10.711898582608194,13.511898582608184,False,18.592517943372346,30.2108039240004,1,False,1.6185455405629767e-05
57,59,0.04363636363636364,1.8,0.035454545454545454,0.060909090909090906,0.0,5.4,True,0.5831773008039978,12.20146328143205,1,True,0.44506960841103915
58,60,1.3545454545454545,15.147288816568892,1.009090909090909,1.4,12.8472888165689,15.147288816568892,False,31.40859513424315,43.0268811148712,1,False,2.0905340914284647e-08
59,61,0.19181818181818183,9.70137432881457,0.15181818181818182,0.2545454545454545,7.301374328814578,11.501374328814563,True,0.25068717179757977,11.868973152425632,1,True,0.616591633800917
61,63,1.1454545454545455,11.947436539824704,0.9181818181818182,1.1818181818181819,10.247436539824701,11.947436539824704,False,21.097452986711723,32.715738967339774,1,False,4.365079320253403e-06
62,64,0.022727272727272728,5.4761090434361535,0.01818181818181818,0.02727272727272727,3.4761090434361517,7.476109043436155,True,4.108643897258271,15.726929877886324,1,True,0.04266455957717029
63,65,0.2818181818181818,3.8000000000000003,0.2181818181818182,0.38181818181818183,2.0,6.2,True,0.6009404066666855,12.219226387294738,1,True,0.43821944313002703
64,66,0.3181818181818182,8.355816847625174,0.2636363636363636,0.37272727272727274,6.755816847625173,9.655816847625175,True,0.5441559581922245,12.162441938820276,1,True,0.4607154477639619
65,67,0.13181818181818183,9.569673778590918,0.11181818181818182,0.15,7.369673778590926,11.269673778590912,True,1.59588459971402,13.214170580342072,1,True,0.20648739936665997
66,68,0.01,11.328624202072177,0.01,0.012272727272727272,11.028624202072178,13.22862420207217,False,13.409685617171979,25.027971597800033,1,False,0.0002503283657451791
67,69,0.013636363636363636,15.27524071347038,0.01090909090909091,0.01818181818181818,12.875240713470388,18.17524071347037,False,7.4718062856342105,19.09009226626226,1,True,0.006267264080003011
69,71,0.01,18.78881207150991,0.01,0.012727272727272728,18.188812071509915,21.1888120715099,False,22.44222891045459,34.06051489108264,1,False,2.1655989092475194e-06
70,72,0.16636363636363638,10.130561260209559,0.15,0.2,8.530561260209565,11.630561260209554,True,7.673526711897845,19.291812692525898,1,True,0.005603682685510437
71,73,0.11363636363636363,6.803153823851648,0.1,0.12818181818181817,5.203153823851647,8.50315382385165,True,5.776858695397371,17.395144676025424,1,True,0.016238537889663125
72,74,0.2909090909090909,5.71809603154228,0.2272727272727273,0.35454545454545455,3.918096031542278,7.318096031542281,True,1.9195944140735324,13.537880394701585,1,True,0.16590137877833158
73,75,0.01,10.214830483057616,0.01,0.014545454545454545,9.21483048305762,14.114830483057602,False,12.527505460037313,24.145791440665363,1,False,0.00040100482009590557
74,76,0.06363636363636364,10.364125093338275,0.05272727272727273,0.07818181818181819,8.464125093338282,12.864125093338266,True,8.596030772464644,20.214316753092696,1,True,0.003368964720756046
75,77,0.13363636363636364,4.69995804492251,0.1090909090909091,0.1572727272727273,2.0999580449225093,6.89995804492251,True,0.684040906553184,12.302326887181236,1,True,0.40819871576375577
77,79,0.03,5.003397126202946,0.026363636363636363,0.03636363636363636,3.503397126202945,6.603397126202948,True,4.059785892842377,15.67807187347043,1,True,0.04391606729237418
78,80,0.060909090909090906,6.490916517935604,0.05181818181818182,0.072,4.89091651793561,8.490916517935597,True,7.281619273077904,18.899905253705956,1,True,0.00696637109969163
79,81,0.2181818181818182,9.09171927704626,0.16636363636363638,0.2727272727272727,6.991719277046258,10.69171927704626,True,1.7706500185173728,13.388935999145424,1,True,0.18330165458667153
80,82,0.8,16.088521250017703,0.5909090909090908,1.1090909090909091,13.78852125001771,18.588521250017692,True,6.613395139643886,18.231681120271936,1,True,0.010121450964179086
81,83,0.013181818181818182,7.909980821562593,0.011818181818181818,0.01681818181818182,7.009980821562596,10.309980821562585,False,27.775624529075778,39.39391050970383,1,False,1.362317700376236e-07
82,84,0.2909090909090909,6.003272781796172,0.2545454545454545,0.33636363636363636,4.90327278179617,7.203272781796173,False,1.6581514321107254,13.276437412738778,1,True,0.19785309870724105
83,85,0.01863636363636364,13.928279216750502,0.015,0.023636363636363636,11.82827921675051,16.228279216750494,False,13.018582970753279,24.63686895138133,1,False,0.0003084151033116772
84,86,0.1190909090909091,13.543623795199693,0.10181818181818182,0.13727272727272727,11.4436237951997,15.443623795199686,False,1.071210156246518,12.68949613687457,1,True,0.3006722601035809
85,87,0.04,9.056514727644396,0.03636363636363636,0.06636363636363636,8.656514727644398,14.856514727644376,True,5.526309861807272,17.144595842435322,1,True,0.018732572798934505
87,89,0.01,5.587432591597981,0.01,0.012272727272727272,5.387432591597981,7.387432591597983,False,20.5301524398678,32.14843842049585,1,False,5.869926770541879e-06
88,90,0.10545454545454545,10.121682792865764,0.08181818181818182,0.13727272727272727,7.521682792865773,13.521682792865752,True,7.976288980232244,19.594574960860296,1,True,0.004739399749616479
89,91,0.16636363636363638,9.548338076913282,0.1481818181818182,0.2,7.848338076913288,11.048338076913277,True,7.22269954096185,18.8409855215899,1,True,0.00719873661927446
90,92,0.13363636363636364,8.455968489349003,0.10818181818181818,0.15545454545454546,5.555968489349013,10.555968489348995,True,3.084219761093106,14.702505741721158,1,True,0.07905517244341195
92,94,0.016363636363636365,13.471688363967504,0.011363636363636364,0.025454545454545455,9.571688363967517,17.77168836396749,True,0.4831595469893027,12.101445527617354,1,True,0.48699464652555335
93,95,0.5272727272727272,7.988526977066881,0.3090909090909091,1.1272727272727274,3.6885269770668767,13.688526977066886,True,0.11677989000560729,11.73506587063366,1,True,0.7325535456663006
94,96,0.2,4.708771719069216,0.17,0.23636363636363636,3.7087717190692158,5.808771719069216,True,4.022274952054603,15.640560932682654,1,True,0.04490310567393755
95,97,0.08909090909090908,9.73014198182788,0.07363636363636364,0.10727272727272727,7.630141981827887,11.630141981827872,True,12.383380316221302,24.001666296849354,1,False,0.00043317222649914654
96,98,0.09545454545454546,9.077015500347816,0.07390909090909091,0.12090909090909091,6.277015500347826,11.877015500347806,True,2.9108713020446753,14.529157282672728,1,True,0.08798432951081564
97,99,0.4,7.29769090959462,0.33636363636363636,0.4818181818181818,5.7976909095946185,8.797690909594621,True,0.2882367243971312,11.906522705025184,1,True,0.591352700653873
98,100,0.36363636363636365,6.350530703892701,0.3,0.4181818181818182,4.8505307038927,7.650530703892702,True,1.043150316951073,12.661436297579124,1,True,0.30708992177771355
99,101,0.33636363636363636,5.237495539580931,0.2818181818181818,0.4090909090909091,3.8374955395809294,6.937495539580932,True,1.2711352906637028,12.889421271291754,1,True,0.25955380816258866
100,102,0.12090909090909091,3.476196789173178,0.09,0.1572727272727273,0.2761967891731789,7.1761967891731775,True,1.9742304267269262,13.592516407354978,1,True,0.15999954110195544
101,103,0.02,10.022258541219903,0.01681818181818182,0.024545454545454544,8.32225854121991,11.822258541219897,False,19.612134640900578,31.23042062152863,1,False,9.48647781210114e-06
102,104,0.03636363636363636,2.5,0.02909090909090909,0.04454545454545455,0.4,4.7,True,3.514652352564647,15.1329383331927,1,True,0.0608284172349402
103,105,0.06909090909090909,3.0,0.05181818181818182,0.08818181818181818,0.0,5.9,True,1.7555368109727716,13.373822791600823,1,True,0.1851821894217094
104,106,0.9272727272727272,6.5,0.509090909090909,1.0818181818181818,1.6,7.4,False,2.9968542692933484,14.6151402499214,1,True,0.08342635625292807
105,107,0.01,13.374886508957909,0.01,0.011363636363636364,12.97488650895791,14.574886508957904,False,36.891195997054155,48.509481977682206,1,False,1.2490871250009306e-09
106,108,0.1781818181818182,8.25635762062967,0.1590909090909091,0.2181818181818182,6.656357620629668,9.556357620629672,True,0.21133123147956104,11.829617212107612,1,True,0.6457259934267381
107,109,0.03272727272727273,8.645393052066725,0.026363636363636363,0.045454545454545456,6.645393052066732,11.845393052066713,True,4.869954985513714,16.488240966141767,1,True,0.02732821329912856
108,110,0.4909090909090909,2.9000000000000004,0.33636363636363636,1.1363636363636365,0.0,9.5,True,0.48531984921124505,12.103605829839298,1,True,0.48602247376780305
109,111,0.10272727272727274,9.233036862150126,0.09,0.11727272727272728,8.13303686215013,11.133036862150119,False,19.31691916727668,30.935205147904732,1,False,1.1072089210128014e-05
110,112,0.13545454545454547,3.6531025436053275,0.1190909090909091,0.15181818181818182,1.9531025436053278,5.053102543605327,True,6.4349036019771235,18.053189582605174,1,True,0.011189923025242013
111,113,0.09454545454545454,17.749431751334313,0.07863636363636364,0.1090909090909091,15.749431751334322,19.349431751334308,False,6.553834225160404,18.172120205788456,1,True,0.010465838552503664
112,114,0.08818181818181818,4.6000000000000005,0.07227272727272727,0.11,2.3000000000000003,6.9,False,0.05910322083815354,11.677389201466205,1,True,0.8079189918009774
113,115,0.024545454545454544,8.312496096246718,0.019090909090909092,0.030909090909090907,6.012496096246727,10.71249609624671,True,4.35995708406979,15.978243064697843,1,True,0.03679323216320941
114,116,0.06545454545454546,8.775645624675343,0.05272727272727273,0.09363636363636364,6.87564562467535,12.975645624675328,True,1.5540105544103835,13.172296535038436,1,True,0.212544349699503
119,121,1.2454545454545454,11.947359259636947,0.6272727272727272,1.4,6.347359259636942,13.347359259636947,True,2.626544621566257,14.244830602194309,1,True,0.10509019362310192
120,122,0.1890909090909091,6.513078358366252,0.13363636363636364,0.33636363636363636,2.8130783583662486,10.713078358366257,True,2.4266879237899146,14.044973904417967,1,True,0.11928469351985026
121,123,0.12454545454545454,8.753810084794635,0.1,0.14454545454545453,5.953810084794645,10.653810084794628,True,18.92566692622455,30.543952906852603,1,False,1.3591172981018424e-05
122,124,0.057272727272727274,3.5557647764393105,0.04818181818181819,0.07590909090909091,2.055764776439309,6.755764776439314,True,7.9173484000777306,19.535634380705783,1,True,0.004896298138729815
123,125,0.015,8.651231138474406,0.014545454545454545,0.019545454545454546,8.251231138474408,11.251231138474397,False,23.94148748381872,35.55977346444677,1,False,9.930842137730163e-07
124,126,0.24545454545454545,7.829999614258762,0.17,0.32727272727272727,5.52999961425876,9.929999614258765,True,3.659531465045222,15.277817445673275,1,True,0.05574930839756797
126,128,0.025454545454545455,10.790263311142322,0.02090909090909091,0.03363636363636364,8.69026331114233,13.690263311142312,True,17.92846613946926,29.546752120097313,1,False,2.2936476195087603e-05
127,129,0.02090909090909091,7.702823147496694,0.01681818181818182,0.02909090909090909,5.502823147496702,11.102823147496682,True,2.608783569857541,14.227069550485593,1,True,0.1062732525924982
128,130,0.05909090909090909,4.643820398794695,0.04727272727272727,0.07336363636363635,2.3438203987946933,7.243820398794697,True,5.262638475462661,16.880924456090714,1,True,0.021787963965634132
129,131,0.1572727272727273,8.071640094634036,0.11363636363636363,0.33636363636363636,4.471640094634049,14.071640094634015,True,0.38671369636839437,12.004999676996446,1,True,0.534031900465151
130,132,0.23636363636363636,4.1000000000000005,0.1809090909090909,0.2909090909090909,2.3000000000000003,5.800000000000001,True,0.09901234279257369,11.717298323420625,1,True,0.7530180958661509
132,134,0.06181818181818182,3.8686922825244348,0.05181818181818182,0.07772727272727273,2.1686922825244332,6.568692282524437,True,8.773530811190307,20.391816791818357,1,True,0.003056332373465508
133,135,0.013636363636363636,14.94090997663065,0.01,0.01818181818181818,11.740909976630661,17.74090997663064,False,12.372621822646426,23.990907803274478,1,False,0.00043567538361850643
134,136,0.2272727272727273,7.142898950883163,0.17272727272727273,0.2818181818181818,5.342898950883161,8.742898950883164,True,0.049971626088323215,11.668257606716375,1,True,0.8231126538190219
135,137,0.3090909090909091,7.359804888363716,0.2545454545454545,0.39090909090909093,5.959804888363715,9.159804888363718,True,1.0763753546127783,12.69466133524083,1,True,0.29950983130366193
136,138,0.02909090909090909,11.90923900826464,0.02181818181818182,0.045454545454545456,9.00923900826465,16.309239008264626,True,3.3541804427225896,14.972466423350642,1,True,0.06703457107123456
137,139,0.12454545454545454,10.077451452604542,0.10363636363636364,0.1481818181818182,7.577451452604551,12.377451452604534,True,3.0883824899090775,14.70666847053713,1,True,0.0788531556765154
138,140,0.010454545454545454,15.266857822330438,0.01,0.013636363636363636,14.466857822330441,18.066857822330427,False,3.8444597608741935,15.462745741502246,1,True,0.04991059813566906
139,141,0.12272727272727273,22.014527257853803,0.08727272727272727,0.19454545454545455,18.91452725785376,27.51452725785388,True,1.2866888587497378,12.90497483937779,1,True,0.25665904963910635
140,142,0.1972727272727273,12.201995608400779,0.1590909090909091,0.2545454545454545,10.101995608400786,13.901995608400773,True,3.181835379411843,14.800121360039896,1,True,0.07446104778104942
141,143,0.1481818181818182,12.540511478168883,0.13,0.16636363636363638,10.840511478168889,14.440511478168876,True,6.985631704342563,18.603917684970614,1,True,0.008216664710009848
142,144,0.01818181818181818,7.5662523027706285,0.01681818181818182,0.023636363636363636,6.966252302770631,10.266252302770619,False,18.702596266976975,30.320882247605027,1,False,1.5277433152927622e-05
143,145,0.03363636363636364,5.228461296354935,0.028181818181818183,0.04090909090909091,3.528461296354933,7.028461296354936,True,14.613118799992,26.231404780620053,1,False,0.00013199248850952048
144,146,0.031818181818181815,7.440363921365455,0.02727272727272727,0.03909090909090909,5.740363921365461,9.440363921365448,False,12.283664444583561,23.901950425211613,1,False,0.00045694027905013925
145,147,0.05181818181818182,13.081569467451333,0.04181818181818182,0.06454545454545454,10.781569467451341,15.181569467451325,True,3.743244139047189,15.36153011967524,1,True,0.05302140735567163
146,148,0.17545454545454547,8.57959372114907,0.15181818181818182,0.2181818181818182,6.579593721149077,9.879593721149066,True,7.258285157733051,18.876571138361104,1,True,0.00705746490473604
147,149,0.06727272727272728,11.251235213980873,0.05,0.08727272727272727,8.051235213980885,14.351235213980862,True,0.15207297276538062,11.770358953393432,1,True,0.696562170590439
148,150,0.12636363636363637,12.108275082006593,0.11,0.14636363636363636,10.308275082006599,14.108275082006585,False,1.659045029866301,13.277331010494352,1,True,0.19773231133911104
149,151,0.026363636363636363,4.572361325572839,0.02090909090909091,0.03636363636363636,2.1723613255728393,7.6723613255728385,True,3.250211758234205,14.868497738862256,1,True,0.07141423095137321
150,152,0.022727272727272728,9.498745939592315,0.017272727272727273,0.03727272727272728,7.098745939592323,14.498745939592297,True,3.8745775215537863,15.492863502181837,1,True,0.04902264631007216
151,153,0.16272727272727272,7.305650004372371,0.13545454545454547,0.2181818181818182,4.6056500043723805,9.705650004372362,True,7.365477497526367,18.98376347815442,1,True,0.006648794199900109
152,154,0.022727272727272728,4.39118875102736,0.01863636363636364,0.02909090909090909,2.391188751027358,6.991188751027362,True,3.346425187733501,14.964711168361553,1,True,0.06735113076054422
153,155,0.025454545454545455,9.700196919874127,0.019545454545454546,0.031818181818181815,7.200196919874136,11.90019691987412,True,4.745154918351401,16.36344089897945,1,True,0.02938090808204663
154,156,0.19181818181818183,11.943478366584998,0.16272727272727272,0.2272727272727273,10.543478366585003,13.043478366584994,True,1.1375310218381005,12.755817002466152,1,True,0.286174640129925
156,158,0.012272727272727272,14.02606515718527,0.01,0.015909090909090907,11.926065157185278,16.826065157185262,False,6.461353513096494,18.079639493724546,1,True,0.011024563777309393
157,159,0.03363636363636364,7.103601180276037,0.031818181818181815,0.049090909090909095,7.003601180276037,11.203601180276022,True,5.615378674436586,17.233664655064636,1,True,0.017803533683405398
158,160,0.11,26.445238090959133,0.08272727272727273,0.13545454545454547,23.245238090959088,29.245238090959173,True,1.0993388277588236,12.717624808386876,1,True,0.2944112497582352
159,161,0.2090909090909091,11.48071768709072,0.1781818181818182,0.2545454545454545,10.480717687090724,12.780717687090716,False,9.769846261191402,21.388132241819456,1,False,0.0017739728669649037
160,162,0.509090909090909,17.214262265153458,0.38181818181818183,0.7272727272727273,14.714262265153465,19.914262265153447,True,0.8233998326588895,12.441685813286941,1,True,0.3641880062568428
161,163,0.09636363636363636,5.4559960033298704,0.07727272727272727,0.11727272727272728,3.055996003329868,7.755996003329872,False,0.4673285353422516,12.085614515970303,1,True,0.4942187411953163
162,164,0.08636363636363636,12.790647963155918,0.08272727272727273,0.1090909090909091,12.490647963155919,15.390647963155908,False,20.574080898437877,32.19236687906593,1,False,5.736758131084661e-06
163,165,0.13727272727272727,23.54713927086413,0.10636363636363637,0.16818181818181818,20.247139270864082,26.647139270864173,True,9.822794804591364,21.441080785219416,1,False,0.0017236223095029159
164,166,0.15363636363636363,14.214769789883125,0.13,0.17545454545454547,12.014769789883132,16.11476978988312,True,9.493623494687224,21.111909475315276,1,False,0.002061872131154032
165,167,0.04363636363636364,12.457064539547323,0.03636363636363636,0.04818181818181819,10.65706453954733,13.657064539547319,True,1.6434094504924341,13.261695431120486,1,True,0.19985831909815258
166,168,0.09909090909090909,21.11984918261964,0.06818181818181819,0.13363636363636364,17.01984918261958,24.919849182619693,True,0.05324416101444618,11.671530141642497,1,True,0.817511386535482
167,169,0.17545454545454547,9.169781844421776,0.14454545454545453,0.24545454545454545,6.169781844421786,11.469781844421767,True,0.09392547128555438,11.712211451913607,1,True,0.759244818031839
168,170,0.019545454545454546,17.229762881641193,0.01818181818181818,0.026363636363636363,16.729762881641186,20.129762881641234,False,27.751836640181175,39.37012262080923,1,False,1.3791720623096636e-07
169,171,0.4909090909090909,24.217813906828034,0.4,0.6272727272727272,22.61781390682801,26.01781390682806,False,1.2195988878057182,12.83788486843377,1,True,0.2694393848052975
170,172,0.11363636363636363,9.41916441767399,0.09909090909090909,0.12818181818181817,7.819164417673996,10.819164417673985,False,1.3337935786343247,12.952079559262376,1,True,0.24813145591248922
171,173,0.04090909090909091,18.308787183254715,0.03272727272727273,0.05545454545454545,16.308787183254687,21.808787183254765,True,5.006922058783462,16.625208039411515,1,True,0.025246155453879666
172,174,0.09909090909090909,10.097477683195182,0.07818181818181819,0.11545454545454546,7.597477683195191,11.997477683195175,True,5.935526937693433,17.553812918321483,1,True,0.014838631409113442
173,175,0.3,8.407521596892453,0.2545454545454545,0.36363636363636365,6.907521596892452,9.907521596892455,True,0.760648918485981,12.378934899114032,1,True,0.38312552154901214
174,176,0.6272727272727272,6.4,0.3,0.9181818181818182,0.4,8.6,True,2.01212474093298,13.63041072156103,1,True,0.15604663927946294
175,177,0.15,13.664616413705842,0.13363636363636364,0.16636363636363638,12.264616413705847,15.264616413705836,True,0.6516636811803855,12.269949661808438,1,True,0.41951849743605074
176,178,0.045454545454545456,9.5146518313572,0.03363636363636364,0.06272727272727273,6.514651831357211,12.914651831357189,True,0.19969127420649332,11.817977254834545,1,True,0.6549701560503494
177,179,0.10818181818181818,19.790626231762943,0.08454545454545455,0.13727272727272727,17.49062623176291,22.990626231762988,True,8.862205390359447,20.4804913709875,1,False,0.0029113561822805235
178,180,0.2272727272727273,7.000550603996943,0.17,0.2909090909090909,5.200550603996941,9.100550603996945,True,3.4302844923419062,15.048570472969958,1,True,0.06401107374264418
180,182,0.18636363636363637,10.224347184065792,0.1590909090909091,0.2090909090909091,8.524347184065798,11.224347184065788,True,1.7624667141571058,13.380752694785158,1,True,0.1843171370700438
181,183,0.15363636363636363,8.822987064420271,0.11363636363636363,0.2818181818181818,5.422987064420283,13.722987064420254,True,0.8566952074515726,12.474981188079624,1,True,0.3546651698133574
182,184,0.0710909090909091,2.9000000000000004,0.05090909090909091,0.13,0.0,9.700000000000001,True,0.4038331126526622,12.022119093280715,1,True,0.5251162878681584
183,185,0.14272727272727273,4.393791085082511,0.12272727272727273,0.16454545454545455,2.593791085082511,6.39379108508251,True,2.33079666121856,13.949082641846612,1,True,0.12683694967893877
184,186,0.019090909090909092,3.6321281999159694,0.015454545454545453,0.02727272727272727,1.9321281999159678,6.932128199915972,True,11.706319877329598,23.32460585795765,1,False,0.0006228818442530126
185,187,0.02181818181818182,10.60051398516955,0.01681818181818182,0.02727272727272727,8.20051398516956,13.000513985169542,False,18.621120506860272,30.239406487488324,1,False,1.594442955278282e-05
186,188,0.17545454545454547,7.077209038205601,0.1409090909090909,0.24545454545454545,3.9772090382055985,9.377209038205603,True,1.4430404004331394,13.06132638106119,1,True,0.22964797058644057
187,189,0.10636363636363637,10.210363769386904,0.08363636363636363,0.13,7.7103637693869125,12.810363769386894,True,4.205720674522758,15.82400665515081,1,True,0.040287851938933784
188,190,0.025454545454545455,5.14860912761198,0.019545454545454546,0.031818181818181815,2.5486091276119778,7.648609127611982,True,8.270630688237054,19.888916668865107,1,True,0.004029150767598996
189,191,0.08545454545454545,10.771782634498654,0.06818181818181819,0.11363636363636363,8.171782634498664,13.971782634498643,True,9.843730333573912,21.462016314201964,1,False,0.001704115699650306
190,192,0.37272727272727274,5.645552799612218,0.3090909090909091,0.4545454545454546,4.045552799612218,7.345552799612217,True,0.07475545807602742,11.693041438704078,1,True,0.7845346510895381
191,193,0.026363636363636363,9.84914051472398,0.02090909090909091,0.030909090909090907,7.549140514723987,11.649140514723973,False,29.883777204590213,41.50206318521826,1,False,4.5873508326358155e-08
192,194,0.5545454545454546,1.9000000000000001,0.4090909090909091,1.090909090909091,0.0,6.7,True,0.016285749355523314,11.634571729983575,1,True,0.8984531602822385
193,195,0.03909090909090909,13.79296790519441,0.03,0.049090909090909095,11.492967905194417,16.3929679051944,True,0.48903766345785565,12.107323644085907,1,True,0.48435689502776835
194,196,0.026363636363636363,3.2,0.022727272727272728,0.03272727272727273,1.6,5.4,True,0.9933670571323638,12.611653037760416,1,True,0.3189208264396823
195,197,0.015,6.98040266293096,0.011818181818181818,0.02,4.08040266293097,9.78040266293095,True,21.743375993623868,33.361661974251916,1,False,3.116641064227807e-06
196,198,0.03272727272727273,9.022228570332102,0.025454545454545455,0.04454545454545455,6.222228570332112,12.12222857033209,True,3.0091821229810733,14.627468103609125,1,True,0.08279405678899353
197,199,0.38181818181818183,7.742629944654709,0.32727272727272727,0.4363636363636364,6.542629944654708,8.84262994465471,True,2.303484360777464,13.921770341405516,1,True,0.12908413901917729
198,200,0.05909090909090909,10.15470822495024,0.057272727272727274,0.07772727272727273,10.15470822495024,13.554708224950227,True,10.531960029275458,22.150246009903512,1,False,0.0011732771371647172
199,201,0.33636363636363636,11.716885675070026,0.2818181818181818,0.4,10.216885675070031,13.016885675070021,True,0.4135001826399324,12.031786163267984,1,True,0.5201982758861182
200,202,0.01863636363636364,12.354373907983625,0.015454545454545453,0.022727272727272728,10.554373907983631,14.354373907983618,False,16.16329943169211,27.78158541232016,1,False,5.8109123720759077e-05
201,203,0.1781818181818182,8.762149811872618,0.15545454545454546,0.2,6.862149811872625,9.562149811872615,True,2.901082898391677,14.51936887901973,1,True,0.08852006672939669
202,204,0.01818181818181818,10.38127922585215,0.015,0.022727272727272728,8.681279225852157,12.381279225852143,False,5.50744806402375,17.1257340446518,1,True,0.01893565587289381
203,205,0.045454545454545456,4.577547467177945,0.035454545454545454,0.06,1.9775474671779434,7.6775474671779484,True,4.307924016259575,15.926209996887627,1,True,0.03793522833177899
204,206,0.12272727272727273,6.555480560524813,0.10181818181818182,0.14272727272727273,3.9554805605248227,8.655480560524806,True,9.51887284560009,21.13715882622814,1,False,0.0020336945483450173
205,207,1.009090909090909,8.9,0.5363636363636364,1.1545454545454545,3.7,9.5,False,3.234272951126313,14.852558931754364,1,True,0.07211230476609659
206,208,0.09181818181818181,7.348074309168171,0.06636363636363636,0.13,3.848074309168167,11.648074309168173,True,1.0074901676527768,12.625776148280828,1,True,0.31550486885437123
207,209,0.023636363636363636,16.239370760391385,0.015909090909090907,0.03909090909090909,13.039370760391396,21.139370760391365,True,1.3133506785550653,12.931636659183116,1,True,0.251788891734987
208,210,0.23636363636363636,8.271055964286228,0.15181818181818182,0.37272727272727274,4.371055964286224,11.971055964286231,True,0.7388171675993452,12.357103148227397,1,True,0.3900400451373911
209,211,0.16272727272727272,8.315894520575627,0.1190909090909091,0.2727272727272727,4.515894520575641,12.215894520575613,True,1.2451457752496653,12.863431755877716,1,True,0.2644816371744456
210,212,0.015454545454545453,8.299731101932085,0.013636363636363636,0.01863636363636364,6.799731101932091,10.099731101932079,False,10.408050207756084,22.026336188384136,1,False,0.0012546714854949257
211,213,0.07636363636363636,30.145263335806234,0.05272727272727273,0.08090909090909092,25.845263335806173,30.44526333580624,False,6.985222602121372,18.603508582749424,1,True,0.008218543071548842
212,214,1.3363636363636364,11.98645669131565,0.6454545454545454,1.4,5.986456691315644,12.58645669131565,True,2.967344572402329,14.58563055303038,1,True,0.08496121001990575
213,215,0.609090909090909,6.2,0.4363636363636364,0.8090909090909091,3.4000000000000004,8.3,False,5.214951257387406,16.833237238015457,1,True,0.02239347469837256
214,216,0.05090909090909091,26.94526333580619,0.026363636363636363,0.07590909090909091,20.445263335806096,30.44526333580624,False,3.6687319157327627,15.287017896360815,1,True,0.055442350917265765
215,217,0.13363636363636364,11.91750873286627,0.11545454545454546,0.15181818181818182,10.117508732866277,13.717508732866264,False,1.2857738844820394,12.904059865110092,1,True,0.25682823306701136
216,218,0.04818181818181819,4.691948053362412,0.04090909090909091,0.060909090909090906,2.8919480533624133,7.191948053362412,True,0.34496240648450066,11.963248387112552,1,True,0.5569787366925603
217,219,0.790909090909091,30.245263335806236,0.5636363636363636,0.8363636363636364,27.7452633358062,30.44526333580624,False,0.12167236593305601,11.739958346561108,1,True,0.7272277046198494
218,220,0.03272727272727273,4.856563150923973,0.026363636363636363,0.04181818181818182,2.4565631509239707,7.056563150923974,True,11.088473514801985,22.706759495430035,1,False,0.0008686595951092344
219,221,0.3,2.7,0.2181818181818182,0.4363636363636364,0.4,5.7,True,0.7203661214220098,12.338652102050062,1,True,0.39602384095306187
220,222,0.08818181818181818,4.574456568560269,0.06818181818181819,0.13363636363636364,1.9744565685602664,9.674456568560274,True,1.4389328948738251,13.057218875501878,1,True,0.23031209931197555
221,223,0.35454545454545455,12.362946158732683,0.19181818181818183,0.6636363636363636,7.862946158732699,17.062946158732665,True,0.15874523782065594,11.777031218448707,1,True,0.6903143826273277
222,224,1.090909090909091,12.242279766211476,0.4181818181818182,1.2727272727272727,4.542279766211469,12.742279766211476,True,3.883057016880544,15.501342997508596,1,True,0.048775669316085124
223,225,0.10090909090909092,13.812168446084714,0.08454545454545455,0.11727272727272728,11.91216844608472,15.712168446084707,False,1.948327153448124,13.566613134076176,1,True,0.1627672299737072
224,226,0.05090909090909091,10.37343325008919,0.04181818181818182,0.06818181818181819,8.273433250089198,13.57343325008918,True,7.703429715054552,19.321715695682606,1,True,0.005511599963218986
225,227,0.05,6.062317210198695,0.04090909090909091,0.06727272727272728,3.862317210198693,9.362317210198698,True,6.033151744993404,17.651437725621456,1,True,0.014039642946472817
227,229,0.15363636363636363,9.637551128702604,0.1190909090909091,0.2181818181818182,6.237551128702616,12.937551128702593,True,2.727732279901458,14.34601826052951,1,True,0.0986192251546793
228,230,0.06727272727272728,7.333389228694701,0.056363636363636366,0.12454545454545454,6.133389228694705,14.533389228694675,True,3.9353544051163993,15.553640385744451,1,True,0.04728117694797615
229,231,0.13363636363636364,9.794510138140138,0.11727272727272728,0.16090909090909092,8.094510138140144,12.694510138140128,True,11.335979723651409,22.95426570427946,1,False,0.0007601971757491587
230,232,0.04,8.26665091768956,0.030909090909090907,0.04727272727272727,5.966650917689568,10.266650917689553,True,8.23933470147685,19.8576206821049,1,True,0.004099215523735083
231,233,0.015,7.135918619322649,0.01,0.028181818181818183,3.335918619322646,13.235918619322655,True,0.852194292318656,12.470480272946707,1,True,0.3559323234080972
232,234,0.0710909090909091,17.357670804067062,0.05181818181818182,0.09909090909090909,13.857670804067077,21.05767080406705,True,1.2873148740363376,12.905600854664389,1,True,0.25654337543523503
233,235,0.34545454545454546,9.926213385469085,0.3,0.4,8.826213385469089,11.22621338546908,True,0.6484166886857056,12.266702669313757,1,True,0.42067932402835495
234,236,0.06,9.117560838530448,0.049090909090909095,0.07472727272727273,7.017560838530455,11.817560838530438,True,11.396263340233316,23.01454932086137,1,False,0.0007359198413185856
235,237,0.4090909090909091,5.974412577410032,0.3181818181818182,0.5545454545454546,3.7744125774100326,8.474412577410032,True,2.3115272035788474,13.9298131842069,1,True,0.12841782270863464
236,238,0.23636363636363636,24.13730017908691,0.19454545454545455,0.2818181818181818,22.937300179086893,25.53730017908693,False,0.22933178864488357,11.847617769272935,1,True,0.6320197403373031
237,239,0.16272727272727272,13.419510410703083,0.14454545454545453,0.2,11.51951041070309,15.119510410703077,True,0.23742528937084204,11.855711269998894,1,True,0.6260719223223847
238,240,1.2636363636363637,11.63680843181181,0.6454545454545454,1.4,6.236808431811805,12.03680843181181,False,3.422680020247191,15.040966000875244,1,True,0.06430653749280929
239,241,0.04727272727272727,12.506595070194697,0.04090909090909091,0.056363636363636366,10.906595070194703,14.40659507019469,True,2.851062314354092,14.469348294982144,1,True,0.09131358145854315
240,242,0.023636363636363636,13.058992953636908,0.019090909090909092,0.026363636363636363,11.158992953636915,14.258992953636904,False,13.439462129011549,25.0577481096396,1,False,0.0002463862521897121
241,243,0.04363636363636364,2.9000000000000004,0.03636363636363636,0.05,1.0,4.5,True,6.486590229679899,18.10487621030795,1,True,0.010869126077841454
242,244,0.02727272727272727,15.144734709008533,0.022727272727272728,0.035454545454545454,13.14473470900854,17.744734709008526,False,8.983872171669049,20.6021581522971,1,False,0.0027237284891338926
244,246,0.034545454545454546,4.127854900847916,0.02909090909090909,0.04272727272727273,2.5278549008479168,6.227854900847916,True,5.867099769673972,17.485385750302022,1,True,0.015426446277254395
245,247,0.4,0.0,0.37272727272727274,0.6272727272727272,0.0,3.5,True,8.08127436276096,19.69956034338901,1,True,0.004472498325824857
246,248,0.4272727272727273,7.504572673071689,0.37272727272727274,0.509090909090909,6.404572673071688,9.004572673071689,True,5.275804030618975,16.894090011247027,1,True,0.02162379905496358
247,249,0.2545454545454545,6.531347422904371,0.1972727272727273,0.33636363636363636,4.63134742290437,8.831347422904374,True,5.233617122781395,16.851903103409448,1,True,0.022154413961570064
248,250,0.2,15.510449513262751,0.16090909090909092,0.2727272727272727,13.510449513262758,17.710449513262745,True,3.95618177966859,15.574467760296642,1,True,0.0466995165510463
249,251,0.23636363636363636,4.0,0.1781818181818182,0.2909090909090909,2.3000000000000003,5.6000000000000005,True,1.1220512967277112,12.740337277355763,1,True,0.2894771851133972
250,252,0.33636363636363636,4.6000000000000005,0.2818181818181818,0.4181818181818182,3.3000000000000003,6.5,True,17.114137530832505,28.732423511460556,1,False,3.5199311989070544e-05
251,253,0.6181818181818182,25.50317928529935,0.4636363636363636,0.8818181818181818,23.203179285299317,28.30317928529939,True,2.1037548587734305,13.722040839401483,1,True,0.14693790907875223
253,255,0.07018181818181819,3.9380313867035572,0.056363636363636366,0.08636363636363636,1.438031386703555,6.238031386703559,True,4.598762911867768,16.217048892495818,1,True,0.031995035231959366
254,256,0.3,18.12969913238989,0.2181818181818182,0.4090909090909091,15.8296991323899,20.529699132389883,True,0.11432824289408865,11.732614223522141,1,True,0.7352692955397317
255,257,0.028181818181818183,6.223085258845361,0.024545454545454544,0.034545454545454546,4.62308525884536,8.123085258845364,True,2.4714619942014675,14.08974797482952,1,True,0.11593004714636085
256,258,0.12272727272727273,12.21280112701663,0.10545454545454545,0.1390909090909091,10.212801127016638,13.912801127016625,False,0.43122299043121326,12.049508971059264,1,True,0.5113894548995774
257,259,0.2181818181818182,13.79576135386453,0.17545454545454547,0.2636363636363636,12.495761353864534,15.195761353864524,False,11.913809640970001,23.532095621598053,1,False,0.0005571933152420014
258,260,0.06181818181818182,30.44526333580624,0.05,0.06454545454545454,28.045263335806204,30.44526333580624,False,16.947716944931685,28.566002925559737,1,False,3.8423500298980854e-05
259,261,0.18636363636363637,11.579622665218256,0.16454545454545455,0.2181818181818182,10.57962266521826,12.479622665218253,True,0.8645194016700809,12.482805382298134,1,True,0.3524770519341529
261,263,0.32727272727272727,17.980730056548673,0.2818181818181818,0.38181818181818183,16.88073005654868,19.28073005654867,False,0.18481038006553194,11.803096360693583,1,True,0.6672714567030091
262,264,0.2727272727272727,6.19865060568712,0.23636363636363636,0.32727272727272727,5.198650605687119,7.598650605687121,True,0.5868251133823207,12.205111094010373,1,True,0.4436494604425838
263,265,0.15545454545454546,9.100963299313891,0.1390909090909091,0.17,7.500963299313897,10.500963299313886,True,2.0041510561983014,13.622437036826353,1,True,0.15686909314092265
265,267,0.15545454545454546,21.89575379271961,0.14454545454545453,0.17272727272727273,20.695753792719593,23.29575379271963,False,0.4115552343220845,12.029841214950137,1,True,0.5211811835406392
266,268,0.5545454545454546,16.18969889323334,0.44545454545454544,0.7181818181818181,14.289698893233348,18.189698893233334,True,1.1253753579439922,12.743661338572045,1,True,0.2887639375080257
267,269,0.030909090909090907,4.866947563675954,0.026363636363636363,0.03727272727272728,2.9669475636759515,6.566947563675955,True,7.804461415544081,19.422747396172134,1,True,0.005211739740346882
268,270,0.16636363636363638,21.145901483066122,0.1481818181818182,0.2,19.345901483066097,22.645901483066144,True,0.09136687861728457,11.709652859245336,1,True,0.7624465917071366
269,271,0.4909090909090909,5.2,0.34545454545454546,0.8090909090909091,2.2,8.9,True,4.110326543038211,15.728612523666264,1,True,0.04262213224745444
270,272,0.02090909090909091,8.942585333913046,0.01681818181818182,0.02727272727272727,6.942585333913053,11.742585333913036,False,10.540351986700301,22.158637967328353,1,False,0.001167961743655696
271,273,0.2727272727272727,20.788680194976205,0.23636363636363636,0.32727272727272727,19.588680194976188,22.288680194976227,False,2.6275707619327755,14.245856742560827,1,True,0.10502228518936295
272,274,0.06363636363636364,3.9898645006427227,0.049090909090909095,0.07772727272727273,1.2898645006427203,6.389864500642725,True,4.869440843976609,16.48772682460466,1,True,0.02733635659627254
274,276,0.15363636363636363,12.433763345877697,0.1390909090909091,0.16818181818181818,11.133763345877702,13.933763345877692,True,6.035702733811909,17.65398871443996,1,True,0.014019368854648872
275,277,0.015,10.204919056625489,0.013181818181818182,0.01818181818181818,8.604919056625494,11.904919056625483,False,45.31555136217325,56.933837342801304,1,False,1.677121205767238e-11
276,278,0.02909090909090909,3.7,0.025454545454545455,0.03363636363636364,2.2,5.0,False,0.4455190704426387,12.063805051070691,1,True,0.5044705934876099
277,279,0.5818181818181818,4.800000000000001,0.32727272727272727,0.9363636363636364,0.0,8.200000000000001,True,0.77357182381855,12.391857804446602,1,True,0.37911434314983694
279,281,0.23636363636363636,13.860990580229098,0.18636363636363637,0.2818181818181818,12.560990580229102,15.160990580229093,True,1.5727826883842162,13.191068669012267,1,True,0.20980335968247277
280,282,0.01,13.077730408073629,0.01,0.013181818181818182,12.67773040807363,15.77773040807362,False,13.855410190963356,25.473696171591406,1,False,0.00019742751867934095
281,283,0.05909090909090909,7.5189402607986775,0.05272727272727273,0.07336363636363635,6.618940260798681,10.118940260798668,True,10.083980480435578,21.70226646106363,1,False,0.0014956389191371896
282,284,0.16272727272727272,13.50215043601018,0.15181818181818182,0.18363636363636365,12.402150436010183,14.602150436010175,False,1.099654748080557,12.717940728708609,1,True,0.2943418851472754
283,285,0.18363636363636365,5.876723586306758,0.16090909090909092,0.2181818181818182,4.476723586306756,6.876723586306758,True,11.583217778971605,23.201503759599657,1,False,0.0006654968457123283
284,286,0.9,8.8,0.5818181818181818,0.9636363636363636,5.300000000000001,8.8,False,7.085178215223878,18.70346419585193,1,True,0.007772408945642431
285,287,0.18636363636363637,20.273549434495877,0.15545454545454546,0.24545454545454545,18.07354943449588,22.073549434495867,True,0.25742278961050097,11.875708770238553,1,True,0.6118962870643327
286,288,0.4363636363636364,10.695484943053795,0.37272727272727274,0.5363636363636364,9.3954849430538,12.39548494305379,True,1.3545008950709272,12.97278687569898,1,True,0.24449280285873984
287,289,0.034545454545454546,3.2656262252056996,0.02727272727272727,0.045454545454545456,0.7656262252056999,6.265626225205699,True,4.729938792435078,16.34822477306313,1,True,0.029641940112298343
288,290,0.011363636363636364,5.456163433149058,0.01,0.015454545454545453,3.856163433149057,8.756163433149062,True,3.482449136913339,15.10073511754139,1,True,0.06202288132881756
289,291,0.6727272727272727,10.255389902410077,0.4909090909090909,0.9363636363636364,7.755389902410075,12.85538990241008,False,14.405756651125705,26.02404263175376,1,False,0.0001473511715001252
290,292,0.028181818181818183,2.9000000000000004,0.023636363636363636,0.034545454545454546,1.0,4.9,True,2.0143784791504187,13.632664459778471,1,True,0.15581506381814592
291,293,0.014090909090909091,5.492144577152693,0.011363636363636364,0.01818181818181818,3.192144577152691,8.092144577152695,True,10.802119986747329,22.42040596737538,1,False,0.0010138392586658581
292,294,0.6,2.8000000000000003,0.39090909090909093,1.4,0.0,9.1,True,0.5323398287536736,12.150625809381726,1,True,0.465624804723175
293,295,0.32727272727272727,3.8000000000000003,0.2727272727272727,0.38181818181818183,2.3000000000000003,5.1000000000000005,True,1.4217202949027166,13.040006275530768,1,True,0.2331204584201771
294,296,1.4,11.983178675672708,0.8272727272727273,1.4,7.683178675672723,12.583178675672706,True,5.133126823157462,16.751412803785513,1,True,0.02347340397350246
296,298,0.13,18.937475615505036,0.11181818181818182,0.15181818181818182,16.73747561550504,21.037475615505027,False,1.015096205922177,12.633382186550229,1,True,0.31368503368792333
297,299,0.7272727272727273,8.1,0.5454545454545454,0.7545454545454545,5.800000000000001,8.1,False,17.969622180629955,29.587908161258007,1,False,2.244585515769293e-05
298,300,0.44545454545454544,8.839752810880086,0.38181818181818183,0.5272727272727272,7.439752810880085,10.139752810880088,True,0.041715680800860286,11.660001661428913,1,True,0.8381626964505325
299,301,0.34545454545454546,7.691151160041938,0.2545454545454545,0.4818181818181818,5.391151160041936,10.491151160041941,True,1.4867483356390667,13.105034316267119,1,True,0.22272166008370206
300,302,0.09818181818181819,8.97764574666222,0.07181818181818181,0.12636363636363637,6.077645746662231,11.87764574666221,True,5.5129106307659255,17.131196611393978,1,True,0.018876608047289887
302,304,1.4,13.175710183781224,1.2181818181818183,1.4,12.075710183781228,13.475710183781223,False,24.516419176146695,36.13470515677474,1,False,7.36792910997843e-07
303,305,0.01,5.640324264504503,0.01,0.012272727272727272,5.540324264504504,7.640324264504505,False,13.44393379426468,25.062219774892732,1,False,0.0002457996755491469
304,306,0.09363636363636364,13.245848015909182,0.07909090909090909,0.10818181818181818,11.445848015909188,14.645848015909177,False,1.6770897281778123,13.295375708805864,1,True,0.19531160841379328
305,307,0.4363636363636364,6.2,0.36363636363636365,0.5181818181818182,4.800000000000001,7.6000000000000005,False,6.728294366706219,18.34658034733427,1,True,0.009489529834703006
306,308,0.15181818181818182,3.6231553392342057,0.12818181818181817,0.18363636363636365,1.223155339234206,6.123155339234205,True,2.5748320043645228,14.193117984992575,1,True,0.10857562797213327
307,309,0.23636363636363636,5.0,0.1781818181818182,0.3090909090909091,3.1,7.2,True,0.7665673280078164,12.384853308635869,1,True,0.38128107616314333
308,310,0.3090909090909091,13.544334465327285,0.2636363636363636,0.37272727272727274,12.34433446532729,15.04433446532728,True,0.07253569219735771,11.69082167282541,1,True,0.7876799717894633
309,311,0.14272727272727273,6.859321779124252,0.12454545454545454,0.16090909090909092,5.05932177912425,8.659321779124252,True,2.7155007294463847,14.333786710074436,1,True,0.09937778184894146
310,312,1.3545454545454545,13.006433855372363,1.1545454545454545,1.3909090909090909,11.706433855372362,13.006433855372363,False,24.074759799901198,35.693045780529246,1,False,9.266700739733929e-07
311,313,1.4,6.2257288682771605,0.8909090909090909,1.4,2.8257288682771615,7.02572886827716,True,11.400243438471083,23.018529419099135,1,False,0.0007343448233440371
312,314,0.13727272727272727,6.058377801299626,0.1190909090909091,0.16272727272727272,4.258377801299632,8.558377801299617,False,18.297030851864115,29.915316832492167,1,False,1.8900151732155423e-05
313,315,0.08818181818181818,9.59722996952422,0.07145454545454545,0.1090909090909091,7.197229969524228,11.797229969524212,False,0.8050436701134306,12.423329650741483,1,True,0.3695896603600498
314,316,0.2181818181818182,12.230797436637054,0.16818181818181818,0.2545454545454545,10.53079743663706,13.33079743663705,False,9.05507184396544,20.67335782459349,1,False,0.002619671104578145
315,317,0.6181818181818182,6.6000000000000005,0.38181818181818183,0.6545454545454545,2.4000000000000004,6.6000000000000005,False,9.820860784767664,21.439146765395716,1,False,0.0017254357029565033
316,318,0.11545454545454546,5.550419556295479,0.10363636363636364,0.13,4.050419556295477,7.05041955629548,True,14.268369156212572,25.886655136840623,1,False,0.00015850623550119856
317,319,0.2272727272727273,7.730924877809834,0.17272727272727273,0.2727272727272727,5.830924877809832,9.130924877809836,True,1.0783205636777142,12.696606544305766,1,True,0.2990735613434925
318,320,0.023636363636363636,15.681713110090657,0.017272727272727273,0.03363636363636364,12.581713110090668,19.381713110090644,True,4.135775768589234,15.754061749217286,1,True,0.04198581900651199
319,321,0.16454545454545455,7.223817006376931,0.14272727272727273,0.2,5.023817006376929,8.923817006376932,True,4.462445752223569,16.08073173285162,1,True,0.03464785505387003
320,322,0.2181818181818182,7.752946165184853,0.1781818181818182,0.24545454545454545,6.552946165184852,8.352946165184854,True,1.357213223762808,12.97549920439086,1,True,0.24402103869514014
321,323,0.04727272727272727,19.490787438648653,0.034545454545454546,0.06272727272727273,16.190787438648606,22.590787438648697,True,2.771632826078075,14.389918806706127,1,True,0.09594824137727627
322,324,0.2545454545454545,9.970390149431749,0.2181818181818182,0.2818181818181818,8.970390149431752,10.670390149431746,True,0.8391589102549264,12.457444890882979,1,True,0.35963743373100854
323,325,0.1090909090909091,9.438790707525609,0.09,0.12818181818181817,7.338790707525616,11.438790707525602,False,3.9806063985436118,15.598892379171664,1,True,0.046026990348029866
324,326,0.19454545454545455,3.7,0.16636363636363638,0.23636363636363636,2.5,4.9,False,1.9021777173330805,13.520463697961132,1,True,0.16783476561815502
326,328,0.1809090909090909,13.358593261055294,0.1590909090909091,0.2181818181818182,11.858593261055299,14.55859326105529,True,11.00505311694347,22.623339097571524,1,False,0.0009086382867692475
327,329,0.16454545454545455,13.451412995524489,0.1481818181818182,0.19454545454545455,11.751412995524495,14.951412995524484,True,2.188300638295818,13.80658661892387,1,True,0.13906266777631876
328,330,0.4363636363636364,5.0,0.3181818181818182,0.5727272727272728,2.2,7.2,False,9.72210253375857,21.34038851438662,1,False,0.0018206511698701457
329,331,0.015,6.238424173012275,0.012727272727272728,0.01818181818181818,4.438424173012272,7.938424173012276,False,26.75375376619693,38.37203974682498,1,False,2.3110236074013922e-07
330,332,0.024545454545454544,3.4874238480002573,0.02090909090909091,0.028181818181818183,2.087423848000257,4.987423848000257,True,6.682836862015016,18.301122842643068,1,True,0.009734557790910243
331,333,0.11363636363636363,9.986827281645578,0.08272727272727273,0.14272727272727273,6.286827281645591,13.086827281645567,True,0.30842956254574916,11.9267155431738,1,True,0.5786454710664118
332,334,1.3818181818181818,11.394919450599362,0.7,1.4,6.39491945059938,12.19491945059936,False,0.21036898026109624,11.828654960889148,1,True,0.6464783546980826
333,335,0.11,9.02289920010062,0.09636363636363636,0.12272727272727273,7.422899200100625,10.422899200100614,True,4.069619350625857,15.687905331253909,1,True,0.04366111219040337
334,336,0.11545454545454546,10.103034281654065,0.10090909090909092,0.13363636363636364,8.40303428165407,12.103034281654057,True,11.603372075331347,23.2216580559594,1,False,0.0006583234555520893
335,337,0.19454545454545455,13.950960409626992,0.16454545454545455,0.23636363636363636,12.450960409626997,15.250960409626988,True,3.3123573571780174,14.93064333780607,1,True,0.06876078896273077
336,338,0.19454545454545455,4.074525904821931,0.16454545454545455,0.23636363636363636,2.5745259048219307,5.374525904821931,True,7.6988917719211925,19.317177752549245,1,True,0.005525474079670946
337,339,0.8090909090909091,8.200000000000001,0.4545454545454546,0.8909090909090909,3.3000000000000003,8.700000000000001,False,4.226436550953188,15.84472253158124,1,True,0.03979891552914716
338,340,0.03272727272727273,15.440988818511068,0.031818181818181815,0.04,15.340988818511068,17.240988818511063,False,55.59732044059753,67.21560642122557,1,False,8.894478736417751e-14
339,341,0.23636363636363636,4.0,0.2090909090909091,0.2818181818181818,3.3000000000000003,5.2,True,1.3732986400854137,12.991584620713466,1,True,0.24124593927974233
340,342,0.12454545454545454,9.857641540102517,0.11,0.1409090909090909,8.157641540102523,11.457641540102511,True,4.84774888850707,16.46603486913512,1,True,0.027682237218768724
341,343,0.5272727272727272,4.136444180959463,0.509090909090909,0.6727272727272727,4.036444180959464,6.136444180959456,False,30.310330298375106,41.92861627900316,1,False,3.68159910448277e-08
342,344,1.4,3.2,0.8636363636363636,1.4,0.0,3.9000000000000004,True,2.4914692159702883,14.10975519659834,1,True,0.11446482503157088
343,345,0.01,15.82978954242679,0.01,0.012272727272727272,15.429789542426791,17.82978954242678,False,45.795833666486075,57.41411964711413,1,False,1.3124237808483906e-11
344,346,0.1972727272727273,9.864161564578833,0.16818181818181818,0.23636363636363636,8.764161564578837,10.964161564578829,True,1.5360690633200353,13.154355043948087,1,True,0.21520386689371304
345,347,0.8454545454545455,9.5,0.6,0.8727272727272728,6.6000000000000005,9.5,False,14.289685824894343,25.907971805522394,1,False,0.00015672126502616268
346,348,0.11,5.776902070586463,0.09272727272727273,0.12636363636363637,3.8769020705864605,7.576902070586463,True,20.03854269614135,31.6568286767694,1,False,7.589688878229384e-06
347,349,0.1572727272727273,6.962116795787328,0.1390909090909091,0.1781818181818182,5.162116795787325,8.562116795787329,True,3.493372964814922,15.111658945442974,1,True,0.06161492569418005
348,350,0.031818181818181815,9.58677382835651,0.02727272727272727,0.038181818181818185,7.986773828356515,11.186773828356504,False,0.26141568450418545,11.879701665132238,1,True,0.6091492246487299
349,351,0.23636363636363636,8.476738904718747,0.2,0.2545454545454545,7.476738904718746,9.076738904718749,False,4.5723742025729885,16.19066018320104,1,True,0.03249150525701023
350,352,0.5545454545454546,3.2,0.37272727272727274,0.9363636363636364,0.0,7.0,True,0.42899822830495826,12.04728420893301,1,True,0.5124809121452695
351,353,0.07018181818181819,16.34064650950002,0.060909090909090906,0.07818181818181819,14.740646509500023,17.640646509500012,True,19.420978527308694,31.039264507936746,1,False,1.0484898977230759e-05
352,354,0.02,13.387725912068165,0.016363636363636365,0.026363636363636363,11.387725912068172,15.887725912068156,False,15.859930034988942,27.478216015616994,1,False,6.820768333270713e-05
354,356,0.15363636363636363,11.352823967130862,0.13181818181818183,0.18363636363636365,9.452823967130868,13.252823967130855,True,0.18838185037309954,11.806667831001151,1,True,0.6642668154380069
355,357,0.03363636363636364,9.027458986579543,0.028181818181818183,0.04,7.427458986579548,10.627458986579537,False,17.7702744443097,29.38856042493775,1,False,2.49247112981505e-05
357,359,0.15,8.592678503954776,0.13727272727272727,0.16272727272727272,7.49267850395478,9.792678503954772,False,0.9841970742273598,12.602483054855412,1,True,0.3211648081930925
358,360,1.4,10.56279732321029,0.7454545454545455,1.4,5.562797323210292,10.862797323210291,False,4.9267076814491615,16.544993662077214,1,True,0.02644465402242792
359,361,0.1972727272727273,8.845346633890463,0.16636363636363638,0.2545454545454545,7.345346633890468,10.545346633890457,True,1.6819098620105823,13.300195842638635,1,True,0.1946708699725725
360,362,0.09909090909090909,5.341953800664307,0.08545454545454545,0.11363636363636363,3.841953800664305,7.141953800664307,True,25.250561459139806,36.86884743976786,1,False,5.034491219614596e-07
361,363,0.015,2.4000000000000004,0.012272727272727272,0.02,0.1,5.1000000000000005,True,0.1976917746588222,11.815977755286873,1,True,0.6565904654945902
362,364,0.16454545454545455,17.010120246039534,0.15,0.19181818181818183,15.610120246039537,18.310120246039528,False,18.607854310239343,30.226140290867395,1,False,1.6055768538590957e-05
363,365,0.4545454545454546,5.7,0.33636363636363636,0.6272727272727272,3.0,8.200000000000001,False,11.991596381997084,23.609882362625136,1,False,0.0005344099105265645
364,366,0.5363636363636364,5.800000000000001,0.35454545454545455,0.7454545454545455,2.2,8.1,True,6.547536455659424,18.165822436287478,1,True,0.010502948509966787
365,367,0.4727272727272727,2.9000000000000004,0.34545454545454546,0.7,0.1,6.2,True,0.359629287471706,11.977915268099759,1,True,0.5487121918438809
366,368,0.7,7.0,0.4181818181818182,0.7363636363636363,2.8000000000000003,7.0,False,9.415375445771227,21.033661426399277,1,False,0.0021517350094824605
368,370,0.011818181818181818,10.84326973692647,0.01,0.014090909090909091,9.143269736926475,12.843269736926462,False,19.627352656953093,31.245638637581145,1,False,9.411220379124343e-06
369,371,0.07545454545454545,9.317226946448336,0.060909090909090906,0.10454545454545455,7.117226946448344,12.817226946448324,True,5.888692968622585,17.506978949250637,1,True,0.015238406330060995
370,372,0.03,7.2907112634156945,0.025454545454545455,0.03909090909090909,5.390711263415701,9.590711263415686,True,14.19023730700268,25.808523287630734,1,False,0.00016522553998289178
371,373,0.03272727272727273,4.709221230521498,0.025454545454545455,0.04454545454545455,2.109221230521496,7.709221230521501,True,4.718530245651884,16.336816226279936,1,True,0.02983923739094017
372,374,0.015,19.234382003229523,0.014545454545454545,0.02181818181818182,19.03438200322952,22.834382003229575,False,27.27256440041456,38.89085038104261,1,False,1.7670092802119384e-07
373,375,0.030909090909090907,8.426064127034232,0.024545454545454544,0.04090909090909091,5.726064127034242,11.126064127034223,True,5.605081497028157,17.223367477656208,1,True,0.017908461983430057
374,376,0.1572727272727273,9.00170316711848,0.1409090909090909,0.1781818181818182,7.301703167118486,10.701703167118474,True,5.518983865875594,17.137269846503646,1,True,0.018811182460657317
375,377,0.02909090909090909,8.97349815581057,0.024545454545454544,0.03727272727272728,6.973498155810578,11.273498155810563,True,8.357007758363178,19.97529373899123,1,True,0.00384202711899461
376,378,0.09272727272727273,9.439895071818277,0.07818181818181819,0.10818181818181818,7.439895071818285,11.139895071818271,True,29.62687852620667,41.245164506834726,1,False,5.237363489291761e-08
377,379,0.023636363636363636,8.339161609939444,0.019545454545454546,0.028181818181818183,6.339161609939451,10.139161609939437,False,12.54652366900562,24.16480964963367,1,False,0.0003969440685181937
378,380,0.04090909090909091,6.074636859717357,0.03363636363636364,0.046363636363636364,4.274636859717354,7.674636859717358,True,7.769692429132381,19.387978409760432,1,True,0.005313009490604668
379,381,0.13727272727272727,10.014847009956522,0.12454545454545454,0.15363636363636363,8.814847009956527,11.414847009956517,True,17.894694135396758,29.51298011602481,1,False,2.3347110780502703e-05
380,382,0.2181818181818182,2.7,0.19454545454545455,0.24545454545454545,2.0,3.5,False,0.6673969009571968,12.285682881585249,1,True,0.41396064056764115
382,384,0.03272727272727273,2.726894247384989,0.026363636363636363,0.04272727272727273,0.226894247384989,5.326894247384989,True,7.206941222072217,18.82522720270027,1,True,0.0072622156590277254
383,385,0.045454545454545456,9.817155099699898,0.03909090909090909,0.060909090909090906,8.417155099699903,13.017155099699886,True,6.77971465039561,18.398000631023663,1,True,0.009219962846359874
384,386,0.017272727272727273,11.372916111839526,0.014545454545454545,0.02181818181818182,9.772916111839532,13.772916111839518,False,39.37153033251545,50.9898163131435,1,False,3.503682367560439e-10
385,387,0.024545454545454544,6.774684102633155,0.02,0.028181818181818183,4.874684102633154,8.374684102633157,True,21.990586704727555,33.60887268535561,1,False,2.7399097556778976e-06
386,388,0.10272727272727274,9.297970657608426,0.08727272727272727,0.11727272727272728,7.797970657608431,10.99797065760842,False,2.0735057830054964,13.691791763633548,1,True,0.14987665490066546
387,389,0.034545454545454546,6.41734105879836,0.03272727272727273,0.04272727272727273,6.117341058798361,8.517341058798353,False,41.07559682849552,52.69388280912357,1,False,1.464535269847313e-10
388,390,0.01090909090909091,11.174352569312815,0.01,0.015,10.074352569312818,14.774352569312802,False,18.05814165487425,29.676427635502304,1,False,2.1426042990578292e-05
389,391,0.011818181818181818,9.57696715648983,0.01,0.014545454545454545,7.776967156489837,11.876967156489822,False,20.036269165113204,31.654555145741256,1,False,7.598717528182238e-06
390,392,0.4909090909090909,4.9,0.33636363636363636,0.7272727272727273,1.7000000000000002,7.800000000000001,True,6.547428160524284,18.165714141152336,1,True,0.010503587823839283
391,393,0.19454545454545455,4.800000000000001,0.1572727272727273,0.24545454545454545,2.6,6.5,True,0.25336561159401794,11.87165159222207,1,True,0.6147151538376696
392,394,0.16272727272727272,7.508693359777244,0.14636363636363636,0.18363636363636365,6.008693359777242,8.808693359777244,True,14.560999382585361,26.179285363213413,1,False,0.0001356941803263546
393,395,0.08,7.084222748578897,0.06818181818181819,0.10454545454545455,5.184222748578904,9.984222748578887,True,9.542530678642247,21.1608166592703,1,False,0.0020076474023948978
394,396,0.790909090909091,6.834325628551926,0.4909090909090909,1.3272727272727274,2.9343256285519224,11.13432562855193,True,0.1395441033180526,11.757830083946104,1,True,0.7087346564988937
395,397,0.4272727272727273,8.585236120831869,0.34545454545454546,0.5181818181818182,6.685236120831876,10.285236120831863,True,0.8055219171134076,12.42380789774146,1,True,0.36944751811127585
396,398,0.18636363636363637,4.2,0.16090909090909092,0.2181818181818182,2.8000000000000003,5.2,True,4.137115154082099,15.755401134710151,1,True,0.04195260782704892
397,399,0.04727272727272727,11.028544138079718,0.04181818181818182,0.05545454545454545,9.628544138079723,12.828544138079712,True,4.802928333644438,16.42121431427249,1,True,0.028411406655289392
398,400,0.015909090909090907,10.369643600351163,0.012727272727272728,0.02,7.869643600351171,12.769643600351154,False,23.148255258597914,34.766541239225965,1,False,1.4997922499160077e-06
399,401,0.1481818181818182,16.57740836229148,0.13,0.16272727272727272,14.877408362291487,18.177408362291473,True,14.508947695311562,26.127233675939614,1,False,0.00013949539564830362
400,402,0.16272727272727272,14.532364582516188,0.1390909090909091,0.2090909090909091,12.232364582516196,16.53236458251618,True,0.7308936050374852,12.349179585665537,1,True,0.3925936896005967
401,403,0.014545454545454545,9.840411856103898,0.011818181818181818,0.017272727272727273,7.640411856103906,11.440411856103893,False,35.217052052046846,46.8353380326749,1,False,2.9492978806929187e-09
402,404,0.019545454545454546,9.150890356899012,0.01681818181818182,0.022727272727272728,7.750890356899017,10.650890356899007,False,7.273904184210258,18.89219016483831,1,True,0.006996356272852309
403,405,0.05272727272727273,5.539848553985788,0.04,0.07018181818181819,2.339848553985785,8.73984855398579,True,3.7837623491379335,15.402048329765986,1,True,0.05175217021627133
404,406,0.025454545454545455,10.224997363215206,0.022727272727272728,0.035454545454545454,9.324997363215209,13.624997363215194,False,13.912254906745861,25.530540887373913,1,False,0.00019154549862027365
405,407,0.045454545454545456,4.585583708348954,0.038181818181818185,0.05181818181818182,2.7855837083489545,6.0855837083489535,True,12.585926816211654,24.204212796839705,1,False,0.00038866225034146247
406,408,0.9363636363636364,8.123275727807936,0.4727272727272727,1.3,2.423275727807937,10.523275727807935,True,0.9291035542212394,12.547389534849291,1,True,0.3350959743345987
407,409,0.01,16.92785797140605,0.01,0.012272727272727272,16.52785797140605,19.02785797140604,False,30.00971477876625,41.6280007593943,1,False,4.298871913681733e-08
408,410,0.028181818181818183,3.5,0.024545454545454544,0.031818181818181815,1.9000000000000001,4.800000000000001,True,5.0838690438082885,16.70215502443634,1,True,0.024149422483827135
409,411,0.2727272727272727,6.074224277251971,0.2272727272727273,0.33636363636363636,4.6742242772519695,7.8742242772519715,True,2.183546237139411,13.801832217767462,1,True,0.1394927202320565
410,412,0.03909090909090909,9.027640471940272,0.031818181818181815,0.046363636363636364,7.227640471940278,11.127640471940264,True,8.300455403042005,19.918741383670056,1,True,0.003963513841285892
411,413,0.02181818181818182,3.254778910771018,0.017727272727272727,0.028181818181818183,1.3547789107710164,5.9547789107710205,True,10.223677587815116,21.84196356844317,1,False,0.0013864911571568397
412,414,0.1590909090909091,8.920300761954465,0.14272727272727273,0.19454545454545455,7.320300761954471,10.820300761954458,True,24.76394006502504,36.38222604565309,1,False,6.479845294514086e-07
413,415,0.02909090909090909,11.268855621585098,0.023636363636363636,0.038181818181818185,8.868855621585107,13.76885562158509,True,7.362126995277495,18.980412975905548,1,True,0.006661194712778575
414,416,0.34545454545454546,2.8000000000000003,0.2727272727272727,0.4363636363636364,0.9,4.7,False,23.09274632309134,34.71103230371939,1,False,1.5437197626617727e-06
415,417,0.12818181818181817,6.049566566387851,0.10090909090909092,0.1572727272727273,2.9495665663878476,8.849566566387853,True,6.177298821941913,17.795584802569966,1,True,0.012939967353492801
417,419,0.011363636363636364,5.049537122909914,0.01,0.013181818181818182,3.9495371229099128,6.549537122909915,False,14.816967311023472,26.435253291651524,1,False,0.00011846485083235349
418,420,0.17,4.2,0.14454545454545453,0.2181818181818182,1.7000000000000002,5.800000000000001,True,2.7252955268223813,14.343581507450434,1,True,0.09876983827874462
419,421,0.024545454545454544,7.08517872511282,0.02090909090909091,0.028181818181818183,5.585178725112826,8.585178725112815,False,14.34887897613524,25.96716495676329,1,False,0.00015187009461560395
420,422,0.04818181818181819,12.447810953031436,0.04181818181818182,0.05909090909090909,10.847810953031441,14.547810953031428,True,7.3409316403832925,18.959217621011344,1,True,0.006740189839794591
421,423,0.1090909090909091,4.182580392223999,0.09545454545454546,0.12272727272727273,2.482580392223997,5.882580392224,True,13.462212332358309,25.08049831298636,1,False,0.0002434165614461638
422,424,0.2727272727272727,5.403812869968033,0.23636363636363636,0.3090909090909091,4.403812869968032,6.503812869968034,True,6.098970462827237,17.71725644345529,1,True,0.013526066239489858
423,425,0.1590909090909091,10.092348572901159,0.1390909090909091,0.1972727272727273,8.092348572901166,12.192348572901151,True,10.898724967584352,22.517010948212402,1,False,0.0009623047627357158
425,427,0.09181818181818181,10.60739818302615,0.07909090909090909,0.10727272727272727,8.907398183026157,12.207398183026145,True,15.179816435245446,26.798102415873498,1,False,9.774258874276132e-05
426,428,0.16818181818181818,5.297297649041478,0.14272727272727273,0.23636363636363636,2.5972976490414754,7.69729764904148,True,5.4089426269573915,17.027228607585442,1,True,0.020033847357476247
427,429,0.02181818181818182,8.55091842823557,0.017727272727272727,0.02727272727272727,6.6509184282355776,10.850918428235563,False,13.122583455886648,24.7408694365147,1,False,0.00029175743763615937
428,430,0.12818181818181817,9.622953002640209,0.10818181818181818,0.15363636363636363,7.422953002640217,12.2229530026402,True,9.415179658415449,21.0334656390435,1,False,0.002151964770634578
429,431,0.024545454545454544,5.456987935122239,0.02090909090909091,0.028181818181818183,3.856987935122238,6.956987935122241,True,6.876038738898078,18.49432471952613,1,True,0.008735896909968404
431,433,0.014090909090909091,4.468456103026589,0.012272727272727272,0.016363636363636365,2.868456103026589,5.968456103026589,False,4.72305400817274,16.34133998880079,1,True,0.029760841087700635
432,434,0.4272727272727273,5.943614071762817,0.37272727272727274,0.5272727272727272,4.643614071762817,7.743614071762816,True,9.656967978166254,21.275253958794305,1,False,0.0018863470245251675
433,435,0.02090909090909091,8.527727205951093,0.01681818181818182,0.026363636363636363,6.5277272059511,10.827727205951085,True,4.823396188385717,16.441682169013767,1,True,0.028075974136406712
434,436,0.013181818181818182,11.046009117476212,0.010454545454545454,0.016363636363636365,8.74600911747622,13.246009117476204,False,21.182056953337884,32.800342933965936,1,False,4.176563842925169e-06
435,437,0.1190909090909091,4.624308600492013,0.09818181818181819,0.14454545454545453,2.4243086004920107,7.324308600492015,True,7.385861632051329,19.004147612679382,1,True,0.006573856939188115
436,438,0.06727272727272728,10.557433526692922,0.057272727272727274,0.07954545454545454,8.857433526692928,12.657433526692914,True,10.995636092300078,22.61392207292813,1,False,0.000913266641436515
437,439,0.1572727272727273,15.280638369776417,0.13363636363636364,0.1972727272727273,13.080638369776425,17.480638369776408,True,9.62370646877859,21.24199244940664,1,False,0.001920816881472481
438,440,0.034545454545454546,7.850229755961633,0.02909090909090909,0.04181818181818182,6.350229755961639,9.650229755961627,True,9.24362880616434,20.86191478679239,1,False,0.0023631618257153627
439,441,0.01,13.113586450087128,0.01,0.011818181818181818,12.51358645008713,14.813586450087122,False,22.335379666036786,33.95366564666484,1,False,2.289494417490145e-06
440,442,0.019545454545454546,8.79390362071456,0.015,0.025454545454545455,6.19390362071457,11.393903620714552,True,7.077455638789717,18.695741619417767,1,True,0.007805977079201193
441,443,0.7818181818181819,6.9,0.5454545454545454,0.8181818181818182,4.0,6.9,False,8.935785457992548,20.5540714386206,1,False,0.002796371926743625
442,444,0.049090909090909095,3.6030242402064077,0.04090909090909091,0.06727272727272728,1.5030242402064058,7.103024240206411,True,4.502689929581844,16.120975910209896,1,True,0.033841578306029935
444,446,0.17,8.226591979374929,0.15363636363636363,0.2,6.526591979374927,9.226591979374929,True,2.621524480276477,14.239810460904529,1,True,0.10542311341868023
445,447,0.01681818181818182,5.0010060658936,0.014090909090909091,0.02090909090909091,3.3010060658936005,7.0010060658936,True,0.09558655098797486,11.713872531616026,1,True,0.7571916448054231
446,448,0.010454545454545454,8.819883217286016,0.01,0.015,8.019883217286019,12.819883217286002,False,8.17342110346653,19.791707084094583,1,True,0.00425086549379437
447,449,0.35454545454545455,5.6000000000000005,0.2636363636363636,0.4818181818181818,3.1,8.3,True,6.600968120633986,18.219254101262038,1,True,0.010192333394943104
448,450,0.06,4.4171549042149865,0.04818181818181819,0.07545454545454545,2.0171549042149843,6.917154904214988,True,7.315966844642482,18.934252825270534,1,True,0.006834461955470797
449,451,0.2090909090909091,6.026570883776368,0.17545454545454547,0.2545454545454545,4.9265708837763675,7.32657088377637,True,2.1033942428707393,13.72168022349879,1,True,0.14697255806862847
450,452,0.14636363636363636,4.327821384972214,0.11181818181818182,0.18363636363636365,0.9278213849722112,7.227821384972217,True,3.253968830183476,14.872254810811528,1,True,0.0712507391545975
451,453,0.02,8.487609222956358,0.01681818181818182,0.024545454545454544,6.587609222956365,10.487609222956351,False,11.30813904104089,22.92642502166894,1,False,0.0007716807605585126
452,454,0.017727272727272727,8.053777573936115,0.014545454545454545,0.02090909090909091,6.153777573936122,9.65377757393611,True,3.500323248682482,15.118609229310534,1,True,0.06135685202105073
453,455,0.23636363636363636,7.874925779432637,0.1972727272727273,0.2818181818181818,6.674925779432636,9.174925779432638,True,3.4616810266941314,15.079967007322184,1,True,0.06280643242956482
454,456,0.05090909090909091,8.05583050148089,0.04272727272727273,0.06272727272727273,6.055830501480888,10.155830501480892,True,0.8032992439552282,12.42158522458328,1,True,0.3701087768537652
455,457,0.03636363636363636,14.33690790688616,0.03,0.04454545454545455,12.736907906886165,16.336907906886154,False,16.216654707820265,27.834940688448317,1,False,5.649524800820822e-05
456,458,0.8636363636363636,3.4000000000000004,0.5181818181818182,1.4,0.0,7.6000000000000005,True,0.07544932519478476,11.693735305822837,1,True,0.7835617864216795
457,459,0.24545454545454545,6.289988710142398,0.2090909090909091,0.2818181818181818,5.389988710142397,7.3899887101424,True,4.877724118215328,16.496010098843378,1,True,0.02720546751081404
458,460,0.011363636363636364,9.37449587214261,0.01090909090909091,0.015,9.27449587214261,12.674495872142598,False,28.887499636778756,40.50578561740681,1,False,7.670635193756355e-08
460,462,0.08272727272727273,8.598978946149739,0.07227272727272727,0.10636363636363637,7.198978946149744,11.29897894614973,True,8.784779434976384,20.403065415604438,1,True,0.0030375429043944884
461,463,0.02727272727272727,8.59645272980962,0.024545454545454544,0.035454545454545454,7.296452729809625,11.29645272980961,False,9.122261654158288,20.74054763478634,1,False,0.0025251758193105983
462,464,0.6363636363636364,5.1000000000000005,0.4,0.7363636363636363,1.1,6.0,False,5.846696148894307,17.464982129522358,1,True,0.015606323816994769
463,465,0.013181818181818182,9.331590518745708,0.01090909090909091,0.01818181818181818,7.831590518745713,12.731590518745696,False,13.80788270869345,25.4261686893215,1,False,0.000202484902639973
464,466,0.4090909090909091,8.751153296816625,0.32727272727272727,0.5181818181818182,6.751153296816632,10.651153296816618,True,1.1872564107326042,12.805542391360657,1,True,0.27588367009671905
465,467,0.026363636363636363,9.1344291242704,0.02090909090909091,0.034545454545454546,6.834429124270407,11.83442912427039,True,5.777756417088262,17.396042397716315,1,True,0.016230245825576972
466,468,0.060909090909090906,6.480942140516792,0.04818181818181819,0.08090909090909092,4.0809421405168,9.78094214051678,True,2.91536338903071,14.533649369658761,1,True,0.08773964638170317
467,469,0.034545454545454546,8.384855999800427,0.026363636363636363,0.04363636363636364,5.584855999800437,10.784855999800419,True,1.8121330108397844,13.430418991467835,1,True,0.17825256687390115
468,470,0.509090909090909,0.0,0.4636363636363636,1.009090909090909,0.0,5.2,True,7.023025832755301,18.641311813383354,1,True,0.00804681372427721
469,471,0.36363636363636365,4.792173097214826,0.3,0.44545454545454544,3.192173097214827,6.492173097214826,True,0.6142872864797477,12.2325732671078,1,True,0.43317812247908727
470,472,0.09,4.097979923849306,0.07227272727272727,0.11545454545454546,1.4979799238493037,6.8979799238493085,True,1.6205050777653616,13.238791058393414,1,True,0.20302137607717693
471,473,0.05090909090909091,8.183660744045984,0.04,0.06545454545454546,5.383660744045994,10.883660744045974,True,2.8635395599315023,14.481825540559555,1,True,0.09060791863520762
472,474,0.030909090909090907,8.65666694830388,0.025454545454545455,0.03909090909090909,6.6566669483038865,10.656666948303872,True,7.938246525744374,19.556532506372427,1,True,0.004840071211320881
473,475,0.024545454545454544,11.665965733243901,0.024545454545454544,0.02909090909090909,11.665965733243901,13.665965733243894,False,21.495204381393904,33.113490362021956,1,False,3.547146244712167e-06
474,476,0.1090909090909091,5.572633349649839,0.08272727272727273,0.13545454545454547,2.672633349649836,8.372633349649842,True,4.015274261359788,15.63356024198784,1,True,0.045089889250258065
475,477,0.06363636363636364,6.698157191069809,0.049090909090909095,0.07681818181818181,4.198157191069806,8.79815719106981,True,7.391295671698936,19.009581652326986,1,True,0.006554026007136135
476,478,0.03,4.737419072355775,0.024545454545454544,0.04363636363636364,2.537419072355773,8.337419072355779,True,3.845605584791401,15.463891565419452,1,True,0.04987650713841435
477,479,0.3090909090909091,5.25845052254823,0.2272727272727273,0.4090909090909091,3.05845052254823,7.4584505225482305,True,0.484815088596494,12.103101069224547,1,True,0.4862493366313907
478,480,0.16636363636363638,4.855737339646733,0.13545454545454547,0.24545454545454545,1.65573733964673,7.555737339646735,True,5.705713512346053,17.323999492974103,1,True,0.016909780463588785
479,481,0.09909090909090909,4.876930556071685,0.07954545454545454,0.13363636363636364,3.0769305560716838,8.676930556071689,True,6.066668809003179,17.68495478963123,1,True,0.013775652979475462
481,483,0.07863636363636364,3.609275361175518,0.06,0.13181818181818183,1.0092753611755159,9.609275361175523,True,1.7047695921188717,13.323055572746924,1,True,0.19166539790765277
482,484,0.017272727272727273,4.4,0.013181818181818182,0.022727272727272728,1.7000000000000002,7.1000000000000005,True,0.08947619650109777,11.70776217712915,1,True,0.764844122306368
483,485,0.1190909090909091,7.131146070064055,0.09545454545454546,0.14454545454545453,4.431146070064065,9.631146070064046,True,4.810553028541331,16.428839009169383,1,True,0.028285966345162637
484,486,0.028181818181818183,4.399107857520812,0.02090909090909091,0.03727272727272728,1.2991078575208088,7.199107857520814,True,4.444838700351415,16.063124680979467,1,True,0.03500689698346718
486,488,0.08272727272727273,30.44526333580624,0.07545454545454545,0.08636363636363636,29.24526333580622,30.44526333580624,False,57.234411141725204,68.85269712235325,1,False,3.868431858742818e-14
487,489,0.1409090909090909,9.228266196644334,0.11727272727272728,0.16272727272727272,6.928266196644342,11.528266196644326,True,11.749657368617465,23.367943349245515,1,False,0.000608544397285718
489,491,0.01818181818181818,9.713536421086241,0.015454545454545453,0.023636363636363636,8.513536421086245,12.313536421086232,False,21.69094942910749,33.30923540973554,1,False,3.2029889318325977e-06
491,493,0.06,6.962077740159064,0.05181818181818182,0.07818181818181819,5.662077740159068,10.062077740159053,True,13.668631050316982,25.286917030945034,1,False,0.0002180668571535298
492,494,0.01,14.07490680649337,0.01,0.014090909090909091,13.474906806493372,17.474906806493358,False,25.778241695761224,37.396527676389276,1,False,3.829816864015869e-07
493,495,0.10272727272727274,4.954771825041482,0.08818181818181818,0.12818181818181817,3.554771825041481,7.954771825041485,True,13.243506144848551,24.861792125476605,1,False,0.00027352580686525283
494,496,0.024545454545454544,10.962007006766163,0.01818181818181818,0.030909090909090907,8.162007006766173,13.362007006766154,True,12.75327133134541,24.37155731197346,1,False,0.0003553870503147405
495,497,0.034545454545454546,5.427694462053583,0.02727272727272727,0.046363636363636364,3.227694462053581,8.527694462053585,True,5.9445285573450874,17.56281453797314,1,True,0.01476303931578324
496,498,0.07336363636363635,24.545263335806155,0.05181818181818182,0.10818181818181818,20.445263335806096,29.14526333580622,False,20.604312331712,32.222598312340054,1,False,5.646877434405922e-06
497,499,0.028181818181818183,9.426325175657919,0.022727272727272728,0.038181818181818185,7.026325175657927,12.326325175657908,True,18.769732799912518,30.38801878054057,1,False,1.4748933219994542e-05
498,500,0.02181818181818182,18.05649282784041,0.019090909090909092,0.026363636363636363,17.056492827840398,20.05649282784044,False,27.201241635209087,38.81952761583714,1,False,1.8334089361789313e-07
499,501,0.014090909090909091,9.838881749649044,0.013636363636363636,0.02090909090909091,9.838881749649044,13.83888174964903,False,17.770428916559005,29.388714897187057,1,False,2.4922687674777483e-05
500,502,0.024545454545454544,9.784605515806795,0.019545454545454546,0.03363636363636364,7.684605515806803,13.184605515806783,True,10.41458390137111,22.03286988199916,1,False,0.0012502402232008767
501,503,0.07909090909090909,6.382596840833918,0.06363636363636364,0.10090909090909092,3.8825968408339158,8.782596840833921,True,1.0438124344440767,12.662098415072128,1,True,0.3069364552431806
504,506,0.08090909090909092,4.384894622478793,0.07054545454545455,0.10454545454545455,2.884894622478792,7.184894622478796,True,9.426969573076672,21.045255553704724,1,False,0.0021381732888669618
505,507,0.04181818181818182,10.349516130678506,0.03272727272727273,0.05272727272727273,7.849516130678515,13.049516130678496,True,3.281736931014941,14.900022911642992,1,True,0.07005475242302651
506,508,0.07772727272727273,8.77807252727619,0.07090909090909091,0.10727272727272727,7.978072527276193,12.378072527276178,True,15.244505272569233,26.862791253197287,1,False,9.445114176408278e-05
507,509,0.02909090909090909,8.834711861741123,0.023636363636363636,0.03636363636363636,6.634711861741131,10.734711861741117,True,9.642660410600822,21.260946391228874,1,False,0.001901096854548976
508,510,0.028181818181818183,8.151988137557407,0.025454545454545455,0.03909090909090909,7.0519881375574105,11.251988137557396,False,22.300369626760435,33.91865560738849,1,False,2.3316172355965477e-06
509,511,0.046363636363636364,25.64524432665684,0.026363636363636363,0.075,20.445244326656766,30.44524432665691,False,1.7066814195654496,13.3249674001935,1,True,0.19141650607144328
510,512,0.12090909090909091,7.404250632508832,0.09636363636363636,0.14454545454545453,4.804250632508831,9.604250632508835,False,0.16039402787450913,11.778680008502562,1,True,0.6887940038042526
511,513,0.15,9.662774396699435,0.12454545454545454,0.19181818181818183,7.062774396699444,12.562774396699425,True,3.960124811105578,15.57841079173363,1,True,0.046590248787938666
512,514,0.2727272727272727,3.3000000000000003,0.2090909090909091,0.34545454545454546,1.3,5.300000000000001,True,0.09839049960561409,11.716676480233666,1,True,0.7537697137028888
514,516,0.06,2.3581147682060086,0.05181818181818182,0.07909090909090909,1.1581147682060076,5.658114768206011,True,7.40628580115818,19.024571781786232,1,True,0.00649963721306848
515,517,0.2909090909090909,3.9000000000000004,0.23636363636363636,0.37272727272727274,2.3000000000000003,5.9,False,4.137879338553983,15.756165319182035,1,True,0.04193367160626699
516,518,0.2090909090909091,4.0,0.16454545454545455,0.2545454545454545,2.2,5.4,True,6.569761904836417,18.18804788546447,1,True,0.010372582639107961
517,519,0.1390909090909091,9.24687036899305,0.11545454545454546,0.16636363636363638,6.74687036899306,12.04687036899304,True,11.637280232690406,23.25556621331846,1,False,0.0006464305068473063
518,520,0.025454545454545455,17.066051469414166,0.024545454545454544,0.034545454545454546,17.066051469414166,20.16605146941421,False,26.835311611864725,38.45359759249278,1,False,2.2155185577663075e-07
519,521,0.16818181818181818,8.309472590142859,0.14272727272727273,0.2181818181818182,5.809472590142867,10.209472590142852,True,8.29974972921362,19.91803570984167,1,True,0.003965054221665439
520,522,0.01863636363636364,9.432954385212305,0.014545454545454545,0.023636363636363636,6.8329543852123145,11.732954385212297,False,18.55904920489364,30.17733518552169,1,False,1.647213801126131e-05
522,524,0.013181818181818182,9.334013921009772,0.011363636363636364,0.015909090909090907,7.734013921009778,11.534013921009764,False,22.05815718817812,33.67644316880617,1,False,2.645132008386172e-06
523,525,0.019545454545454546,11.915156689772184,0.015,0.028181818181818183,9.415156689772193,15.71515668977217,True,3.887842293744613,15.506128274372665,1,True,0.04863687170293013
524,526,0.01863636363636364,9.931568668977151,0.015454545454545453,0.022727272727272728,8.431568668977157,11.931568668977144,False,21.116584381743756,32.73487036237181,1,False,4.321716830558291e-06
525,527,0.1190909090909091,4.773232948546123,0.09454545454545454,0.1409090909090909,2.0732329485461203,6.973232948546125,True,10.780831534664555,22.39911751529261,1,False,0.0010255659913719411
526,528,0.07545454545454545,4.743775967612514,0.05909090909090909,0.09727272727272727,1.9437759676125115,7.343775967612516,True,5.568268522997173,17.186554503625224,1,True,0.018288837115803154
527,529,0.04090909090909091,3.97668625217411,0.034545454545454546,0.049090909090909095,2.3766862521741086,6.176686252174112,True,10.545145402960273,22.163431383588325,1,False,0.0011649365748138693
528,530,0.01,13.366630122583377,0.01,0.012727272727272728,13.066630122583378,15.866630122583368,False,26.356099906381875,37.97438588700993,1,False,2.839208076454333e-07
529,531,0.08,4.542442387038756,0.06909090909090909,0.1,2.9424423870387546,6.742442387038758,True,9.935162806136331,21.553448786764385,1,False,0.0016215109297559557
530,532,0.010454545454545454,16.494753629507365,0.01,0.014090909090909091,15.794753629507365,19.394753629507353,False,19.57418010988004,31.19246609050809,1,False,9.676817191661482e-06
531,533,0.36363636363636365,7.83372654742357,0.3090909090909091,0.4363636363636364,6.433726547423569,9.13372654742357,True,0.6622333358346828,12.280519316462735,1,True,0.4157725972645365
532,534,0.06,3.8000000000000003,0.045454545454545456,0.07636363636363636,0.8,6.6000000000000005,False,4.245844283205261,15.864130263833314,1,True,0.03934650128131332
533,535,0.04272727272727273,9.003984239241701,0.04181818181818182,0.05454545454545455,8.903984239241701,11.703984239241692,False,20.521747175989365,32.14003315661742,1,False,5.895758695552274e-06
534,536,0.011363636363636364,9.545405638830431,0.01,0.014545454545454545,8.045405638830436,12.245405638830421,False,7.79082774555423,19.409113726182284,1,True,0.005251213202265645
535,537,0.10636363636363637,11.916655357742885,0.09181818181818181,0.12272727272727273,10.716655357742889,13.916655357742878,False,20.08845248167107,31.70673846229912,1,False,7.394177616534242e-06
536,538,0.01,14.750128295897381,0.01,0.011818181818181818,14.450128295897382,16.450128295897375,False,57.11891180725425,68.73719778788231,1,False,4.102417053528889e-14
537,539,0.4727272727272727,7.860918394252229,0.38181818181818183,0.6181818181818182,6.060918394252228,9.960918394252232,True,0.06337137404724803,11.6816573546753,1,True,0.801244575629613
538,540,0.017272727272727273,11.341440516027628,0.014090909090909091,0.02090909090909091,9.241440516027636,13.341440516027621,False,18.018223304602884,29.636509285230936,1,False,2.1880039777898112e-05
539,541,0.1590909090909091,4.3,0.14272727272727273,0.1809090909090909,2.7,5.7,False,3.1868836669136806,14.805169647541732,1,True,0.07423139673090139
540,542,0.2090909090909091,6.062825831592352,0.17272727272727273,0.24545454545454545,4.962825831592351,7.162825831592353,True,3.8216622850408983,15.43994826566895,1,True,0.050594020829069504
541,543,0.046363636363636364,9.773814539000044,0.03727272727272728,0.06,7.273814539000053,12.573814539000034,True,3.147533725668879,14.76581970629693,1,True,0.07604181409659712
542,544,1.1090909090909091,11.885580111185005,0.7727272727272727,1.309090909090909,8.985580111185003,12.985580111185007,False,8.502551005879129,20.12083698650718,1,True,0.0035464891442538635
543,545,0.010454545454545454,9.559159537017672,0.01,0.013636363636363636,8.859159537017675,12.259159537017663,False,15.93839029055695,27.556676271185,1,False,6.54379011847722e-05
544,546,0.1972727272727273,4.485697389257342,0.14272727272727273,0.2818181818181818,0.7856973892573431,7.085697389257342,True,3.807548315536229,15.42583429616428,1,True,0.05102208115695259
545,547,0.3,7.648016720506183,0.2545454545454545,0.37272727272727274,6.2480167205061825,9.248016720506184,True,0.3815943212820009,11.999880301910054,1,True,0.5367512153167464
546,548,0.17272727272727273,5.3135807178064445,0.1390909090909091,0.24545454545454545,2.1135807178064416,7.713580717806447,True,7.4816691852016515,19.099955165829705,1,True,0.006233026251363874
547,549,0.053636363636363635,5.294574885613667,0.04363636363636364,0.06909090909090909,2.994574885613665,7.99457488561367,True,18.623794741904597,30.24208072253265,1,False,1.5922079637185594e-05
548,550,0.2090909090909091,8.56380701522567,0.1590909090909091,0.2727272727272727,6.163807015225668,10.263807015225673,True,0.7813076816125222,12.399593662240575,1,True,0.37674150243699467
549,551,0.016363636363636365,11.885095232088176,0.014090909090909091,0.02,10.285095232088182,14.085095232088168,False,22.648092232154756,34.26637821278281,1,False,1.9455329841599313e-06
550,552,0.02,6.058946209909012,0.015909090909090907,0.026363636363636363,3.7589462099090096,8.858946209909014,True,9.024702523027065,20.64298850365512,1,False,0.002663552692006897
552,554,0.013181818181818182,12.896302578502867,0.012272727272727272,0.01863636363636364,12.19630257850287,16.596302578502854,False,25.236566499335368,36.85485247996342,1,False,5.071154985975323e-07
553,555,0.09636363636363636,9.419452143259246,0.08181818181818182,0.12272727272727273,7.819452143259252,12.419452143259235,True,11.467149287560325,23.085435268188377,1,False,0.00070837257998914
554,556,0.02727272727272727,10.51721122846722,0.02,0.03636363636363636,7.417211228467231,13.41721122846721,True,5.111059434358616,16.729345414986668,1,True,0.02377379862904932
555,557,0.01863636363636364,12.167193386295818,0.015454545454545453,0.022727272727272728,10.467193386295824,14.067193386295811,False,19.350213173116693,30.968499153744744,1,False,1.0880709825098879e-05
556,558,0.014090909090909091,4.275108110523224,0.011363636363636364,0.017727272727272727,1.675108110523222,6.675108110523226,False,9.053655943799898,20.671941924427948,1,False,0.0026217005790800134
557,559,0.23636363636363636,3.3000000000000003,0.16818181818181818,0.3181818181818182,1.0,5.6000000000000005,True,2.6190297560742075,14.237315736702259,1,True,0.10558898542936662
558,560,0.022727272727272728,10.88174311364857,0.019090909090909092,0.02909090909090909,9.281743113648576,13.68174311364856,False,12.744101514590303,24.362387495218357,1,False,0.0003571336620264708
559,561,0.11363636363636363,8.780827372365787,0.09272727272727273,0.13363636363636364,6.580827372365794,10.88082737236578,True,14.336358748746054,25.954644729374106,1,False,0.00015288341961666578
560,562,0.03272727272727273,10.755434954978522,0.02727272727272727,0.04,9.055434954978528,12.455434954978516,True,7.727262424453086,19.34554840508114,1,True,0.005439315821126355
561,563,0.5727272727272728,2.9000000000000004,0.39090909090909093,0.9,0.0,6.1000000000000005,True,1.1048229890905017,12.723108969718554,1,True,0.29321009092604733
562,564,0.05,10.533171595649335,0.046363636363636364,0.06363636363636364,9.633171595649339,13.033171595649327,False,13.389446628195682,25.007732608823734,1,False,0.0002530440348950791
563,565,0.10454545454545455,9.279333665046115,0.09,0.13363636363636364,7.87933366504612,12.579333665046104,True,20.451684675647876,32.06997065627593,1,False,6.115570098825636e-06
564,566,0.2,3.3000000000000003,0.16090909090909092,0.2636363636363636,1.2000000000000002,5.300000000000001,True,8.760000569409522,20.378286550037572,1,True,0.003079089529709169
565,567,0.07018181818181819,7.442108101401411,0.056363636363636366,0.08454545454545455,4.942108101401409,9.842108101401413,True,2.0789278430994846,13.697213823727537,1,True,0.1493450442886128
566,568,0.2636363636363636,8.302546786346316,0.2272727272727273,0.3090909090909091,7.202546786346314,9.602546786346316,True,1.7661214065470414,13.384407387175093,1,True,0.18386281481801273
567,569,0.04181818181818182,10.787606267008984,0.031818181818181815,0.05272727272727273,8.187606267008993,13.387606267008975,True,9.001713994535056,20.619999975163108,1,False,0.0026972652137527485
568,570,0.023636363636363636,3.1668847866935645,0.01863636363636364,0.02909090909090909,0.6668847866935651,5.466884786693564,True,7.642357953110231,19.260643933738283,1,True,0.005701334034399127
569,571,0.09363636363636364,8.43854206963085,0.07636363636363636,0.11545454545454546,6.4385420696308575,10.938542069630842,True,13.07534653749444,24.69363251812249,1,False,0.00029920785901773196
570,572,0.2636363636363636,3.6,0.2090909090909091,0.3181818181818182,2.0,5.1000000000000005,True,1.0047631621114634,12.623049142739514,1,True,0.3161607004379593
571,573,0.012727272727272728,9.682846160297126,0.01,0.015909090909090907,7.282846160297135,11.982846160297118,True,3.845124956452733,15.463410937080784,1,True,0.04989080398255918
572,574,0.06818181818181819,6.92683404927252,0.05818181818181818,0.08363636363636363,5.3268340492725255,9.52683404927251,True,10.384921368905216,22.00320734953327,1,False,0.0012704859817278522
573,575,0.17272727272727273,3.3000000000000003,0.15363636363636363,0.2090909090909091,1.5,4.5,False,0.9461264135379617,12.564412394166013,1,True,0.33070724921522193
574,576,0.2545454545454545,12.079869647834863,0.2090909090909091,0.3,10.679869647834868,13.479869647834859,True,7.228057556600195,18.846343537228247,1,True,0.007177282391033456
575,577,0.06909090909090909,3.208598652876061,0.05818181818181818,0.08090909090909092,1.2085986528760613,5.20859865287606,True,6.150672034257734,17.768958014885786,1,True,0.013136217555207604
577,579,0.02,10.570260427352892,0.017272727272727273,0.024545454545454544,9.070260427352897,12.470260427352885,False,16.419285833108923,28.037571813736974,1,False,5.076608051500667e-05
578,580,0.17545454545454547,8.015051309660256,0.13545454545454547,0.24545454545454545,4.515051309660269,10.215051309660248,True,4.953539169779763,16.571825150407815,1,True,0.026037314327848893
579,581,0.02727272727272727,11.666359504706564,0.022727272727272728,0.034545454545454546,9.666359504706572,13.966359504706556,False,9.10485346732036,20.723139447948412,1,False,0.002549321390098849
580,582,0.07127272727272727,8.798731220178963,0.060909090909090906,0.08727272727272727,6.9987312201789695,11.198731220178955,True,23.160401113135652,34.77868709376371,1,False,1.4903489388399859e-06
581,583,0.07254545454545454,13.510467234546702,0.06363636363636364,0.10363636363636364,12.310467234546707,17.31046723454669,True,6.7797979480587784,18.39808392868683,1,True,0.009219532586860648
582,584,0.026363636363636363,12.123183562475841,0.02181818181818182,0.031818181818181815,10.123183562475848,14.123183562475834,True,4.232963128071402,15.851249108699454,1,True,0.03964616826815472
583,585,0.015,9.801133349830833,0.012727272727272728,0.019090909090909092,7.80113334983084,12.101133349830825,True,7.484413583885948,19.102699564513998,1,True,0.006223533405064981
584,586,0.1481818181818182,8.205267035494062,0.12636363636363637,0.16636363636363638,6.105267035494061,10.005267035494064,True,1.8016334233703584,13.41991940399841,1,True,0.17951514733273635
585,587,0.1390909090909091,9.46573817234839,0.12272727272727273,0.1572727272727273,7.665738172348396,11.365738172348383,True,3.915282381991009,15.53356836261906,1,True,0.0478489762011021
586,588,0.11363636363636363,7.947792933170666,0.08818181818181818,0.13545454545454547,5.047792933170676,10.547792933170657,True,3.2416543726269884,14.859940353255041,1,True,0.07178811471726536
588,590,0.509090909090909,7.2,0.39090909090909093,0.6272727272727272,5.0,8.6,False,32.9757293051921,44.59401528582015,1,False,9.331656715930882e-09
589,591,0.02909090909090909,9.480013634008207,0.024545454545454544,0.03727272727272728,7.480013634008214,11.7800136340082,True,7.810672039945102,19.428958020573155,1,True,0.005193858562072803
590,592,0.02909090909090909,13.433978625773026,0.025454545454545455,0.03363636363636364,11.833978625773032,14.833978625773021,False,32.69625160968964,44.31453759031769,1,False,1.0774480258841286e-08
592,594,0.34545454545454546,3.8000000000000003,0.2818181818181818,0.4272727272727273,2.1,5.5,False,28.66722484936397,40.28551082999202,1,False,8.594609897246667e-08
593,595,0.2545454545454545,7.410305816733333,0.2090909090909091,0.3,6.110305816733332,8.510305816733334,True,0.3786703539054155,11.996956334533467,1,True,0.5383157007985596
594,596,0.025454545454545455,4.510102483046079,0.02090909090909091,0.030909090909090907,2.510102483046078,6.710102483046081,True,14.088784248181916,25.707070228809968,1,False,0.00017438049285537104
595,597,0.06363636363636364,10.878912590968824,0.05,0.07772727272727273,8.378912590968833,13.278912590968815,True,8.134724682498518,19.75301066312657,1,True,0.004342544074259079
596,598,0.011363636363636364,16.42918827227263,0.01,0.01681818181818182,14.829188272272635,20.629188272272614,False,17.661274849505894,29.279560830133946,1,False,2.639459717763466e-05
597,599,0.24545454545454545,9.125234982756293,0.1972727272727273,0.2909090909090909,7.725234982756298,10.625234982756288,True,5.365926580117934,16.984212560745988,1,True,0.020533876527334637
598,600,0.2,6.964565057797925,0.16272727272727272,0.2545454545454545,5.064565057797923,8.564565057797926,True,4.875194300407852,16.493480281035904,1,True,0.027245373436987137
599,601,0.02727272727272727,4.3874637569690895,0.022727272727272728,0.03363636363636364,2.3874637569690877,6.487463756969092,True,8.64174159341784,20.260027574045893,1,True,0.003285472081961088
600,602,0.024545454545454544,19.495326866956304,0.019090909090909092,0.03,17.395326866956275,21.89532686695634,False,12.512755777483797,24.13104175811185,1,False,0.00040418299394165327
601,603,0.015454545454545453,3.0,0.013181818181818182,0.01818181818181818,1.2000000000000002,4.5,True,1.5683742605031283,13.18666024113118,1,True,0.21044326763898769
602,604,0.019090909090909092,8.807419921620586,0.014545454545454545,0.028181818181818183,6.507419921620594,12.807419921620571,True,6.70931483519052,18.32760081581857,1,True,0.009591056913369993
604,606,0.12090909090909091,3.4582505565478048,0.10090909090909092,0.14454545454545453,1.1582505565478045,5.658250556547805,True,5.328451725346174,16.946737705974225,1,True,0.02098001458830955
606,608,1.4,4.0,0.8545454545454546,1.4,0.0,4.4,False,4.9121501674889005,16.53043614811695,1,True,0.026668423570745625
607,609,0.04272727272727273,14.270535867549928,0.034545454545454546,0.05454545454545455,12.170535867549935,16.97053586754992,True,17.92229219604864,29.540578176676693,1,False,2.301099949881699e-05
608,610,0.053636363636363635,6.748860744422974,0.04181818181818182,0.06909090909090909,3.9488607444229835,9.648860744422963,True,3.0614888309076265,14.679774811535678,1,True,0.0801681824251195
609,611,0.15,8.028211729297949,0.13181818181818183,0.16636363636363638,6.428211729297955,9.728211729297943,True,11.58661432245131,23.204900303079363,1,False,0.000664282427409336
610,612,0.014090909090909091,14.790389678546473,0.012272727272727272,0.017727272727272727,13.490389678546478,17.190389678546467,False,50.222833308652596,61.84111928928065,1,False,1.3724157683686743e-12
611,613,0.33636363636363636,7.255987611197459,0.2545454545454545,0.44545454545454544,4.9559876111974575,9.65598761119746,True,0.4648066222720905,12.083092602900143,1,True,0.4953861178191913
612,614,0.06181818181818182,13.327796899902104,0.06,0.07472727272727273,13.327796899902104,15.627796899902096,False,29.565151223945314,41.183437204573366,1,False,5.4068348170115884e-08
613,615,0.2272727272727273,9.926469797318797,0.19454545454545455,0.2636363636363636,8.9264697973188,11.026469797318793,True,2.353680081109743,13.971966061737795,1,True,0.12498763619202143
614,616,0.6363636363636364,6.880799141875051,0.4727272727272727,0.8727272727272728,4.38079914187505,9.580799141875051,True,3.4132633203939116,15.031549301021963,1,True,0.06467443105274062
615,617,0.06636363636363636,15.234028522905422,0.06,0.07818181818181819,14.434028522905425,17.234028522905415,False,15.687301265001107,27.30558724562916,1,False,7.472417765156991e-05
616,618,0.02909090909090909,4.10789706719714,0.024545454545454544,0.03727272727272728,2.0078970671971375,6.407897067197141,True,6.044329176112508,17.66261515674056,1,True,0.013951032718302914
617,619,0.01,15.855220325629496,0.01,0.012727272727272728,15.555220325629497,18.255220325629487,False,18.23492712928091,29.85321310990896,1,False,1.9526504204894093e-05
618,620,0.045454545454545456,8.097464291490542,0.038181818181818185,0.05272727272727273,6.29746429149054,9.797464291490543,True,1.198694794939058,12.81698077556711,1,True,0.27358270285370956
619,621,0.02909090909090909,12.897264342086533,0.024545454545454544,0.03909090909090909,10.89726434208654,15.497264342086524,False,9.301487116331058,20.919773096959112,1,False,0.0022896792122746195
620,622,0.06454545454545454,9.220361708119782,0.05,0.08,6.620361708119791,11.820361708119773,True,8.651078141027627,20.269364121655677,1,True,0.003268678825236574
622,624,0.24545454545454545,4.6000000000000005,0.1890909090909091,0.2909090909090909,2.9000000000000004,6.0,True,2.151307489728987,13.769593470357039,1,True,0.14244853544068112
623,625,0.2909090909090909,6.568484962398746,0.24545454545454545,0.35454545454545455,5.368484962398744,8.068484962398747,True,2.8846904528431683,14.50297643347122,1,True,0.08942519105477978
624,626,0.038181818181818185,5.088385649312245,0.02909090909090909,0.046363636363636364,2.5883856493122424,7.2883856493122465,True,6.86247678067317,18.48076276130122,1,True,0.008802445417316607
625,627,0.08181818181818182,7.645221766651225,0.06727272727272728,0.10272727272727274,5.145221766651234,10.045221766651217,True,4.98246999162069,16.60075597224874,1,True,0.025605400482222793
626,628,0.015,9.53909887250943,0.012727272727272728,0.01863636363636364,7.839098872509435,11.539098872509422,False,23.30023815036867,34.91852413099672,1,False,1.3858284485288541e-06
627,629,0.44545454545454544,6.368518856752369,0.35454545454545455,0.6,4.46851885675237,8.56851885675237,True,3.5363631186216713,15.154649099249724,1,True,0.06003696637279595
629,631,0.04363636363636364,2.130488154559888,0.03636363636363636,0.05272727272727273,0.33048815455988834,4.3304881545598874,True,9.767699002110005,21.38598498273806,1,False,0.0017760459300324896
630,632,0.1590909090909091,13.773524825910537,0.14454545454545453,0.17,12.373524825910541,14.873524825910533,False,45.45679518004495,57.075081160673,1,False,1.5604322421031985e-11
631,633,0.02909090909090909,11.84652989709469,0.025454545454545455,0.035454545454545454,10.346529897094696,13.546529897094684,False,9.904468796455886,21.52275477708394,1,False,0.001648779132030024
632,634,0.014090909090909091,12.811194439679515,0.011818181818181818,0.017727272727272727,10.811194439679522,15.111194439679506,False,12.668599435870668,24.28688541649872,1,False,0.0003718479732645924
633,635,0.07818181818181819,6.504263603719089,0.06727272727272728,0.09181818181818181,4.804263603719088,8.30426360371909,False,6.3379810707334165,17.95626705136147,1,True,0.011817932092126324
634,636,0.08090909090909092,16.033300265223225,0.06636363636363636,0.11363636363636363,13.933300265223231,19.73330026522321,True,5.290836704818401,16.90912268544645,1,True,0.02143791766290005
635,637,0.01681818181818182,11.260967484752886,0.014090909090909091,0.02,9.460967484752892,13.06096748475288,False,20.518037925827592,32.136323906455644,1,False,5.907194603888835e-06
636,638,0.01,15.862974603686743,0.01,0.011818181818181818,15.562974603686744,17.262974603686736,False,31.70541510135945,43.3237010819875,1,False,1.794212267614467e-08
637,639,0.13,9.21303211159578,0.11363636363636363,0.1481818181818182,7.513032111595786,10.813032111595774,True,19.35545552953285,30.973741510160902,1,False,1.0850880057166889e-05
638,640,0.2818181818181818,8.378734772078737,0.2272727272727273,0.33636363636363636,6.778734772078735,9.778734772078739,True,1.9612566257120685,13.57954260634012,1,True,0.16137898835954922
639,641,0.07145454545454545,19.35550515563903,0.060909090909090906,0.08545454545454545,17.255505155639035,21.55550515563902,False,1.8870372310150467,13.505323211643098,1,True,0.1695364714239153
640,642,0.24545454545454545,8.984880766016534,0.2090909090909091,0.2818181818181818,7.884880766016538,9.98488076601653,True,3.4635906361238695,15.081876616751922,1,True,0.06273394721648173
641,643,0.035454545454545454,6.162064545298055,0.02909090909090909,0.04363636363636364,4.462064545298054,8.262064545298056,False,0.27458780964856494,11.892873790276617,1,True,0.6002707022039386
642,644,0.16454545454545455,10.610004640310573,0.15,0.2,9.110004640310578,12.310004640310567,True,12.828042223057041,24.44632820368509,1,False,0.0003414628557240923
643,645,0.05272727272727273,7.520073327842324,0.04454545454545455,0.06545454545454546,5.620073327842331,9.920073327842315,True,3.514716172086388,15.13300215271444,1,True,0.060826074536100984
644,646,0.1572727272727273,4.336654322987815,0.14454545454545453,0.1809090909090909,2.936654322987816,5.936654322987815,True,6.741615550583464,18.359901531211516,1,True,0.009418929014230778
645,647,0.1590909090909091,8.82493552268025,0.1409090909090909,0.1890909090909091,6.824935522680256,10.624935522680243,True,5.99859819668541,17.616884177313462,1,True,0.014317249880474694
647,649,0.2,7.914179397444375,0.16636363636363638,0.24545454545454545,6.514179397444373,9.114179397444376,True,0.17709533114410594,11.795381311772157,1,True,0.6738814426606673
648,650,0.12090909090909091,9.076404511558165,0.10727272727272727,0.13727272727272727,7.4764045115581705,10.776404511558159,True,10.078555877106416,21.69684185773447,1,False,0.0015000485380765708
650,652,0.3181818181818182,8.304357871355425,0.2545454545454545,0.39090909090909093,6.504357871355423,10.004357871355428,False,4.045374074252044,15.663660054880097,1,True,0.04429256129967932
651,653,0.3090909090909091,9.131098063286299,0.2636363636363636,0.36363636363636365,7.931098063286303,10.331098063286294,True,0.8562886714259423,12.474574652053994,1,True,0.35477936889379846
652,654,0.06,6.197031768893494,0.04818181818181819,0.07390909090909091,3.9970317688934918,8.597031768893496,True,10.916652895677188,22.53493887630524,1,False,0.0009530364432459175
653,655,0.11181818181818182,8.289715299423756,0.09454545454545454,0.12818181818181817,6.489715299423754,10.089715299423757,False,0.7632554652225034,12.381541445850555,1,True,0.38231164942266904
654,656,0.012272727272727272,13.83972051989228,0.01,0.014545454545454545,11.739720519892288,15.739720519892273,False,12.413949221577315,24.032235202205367,1,False,0.0004261387240994764
655,657,0.1781818181818182,7.281484609009683,0.15545454545454546,0.2090909090909091,5.481484609009682,8.381484609009684,True,6.358319195893978,17.97660517652203,1,True,0.011683216861057116
656,658,0.012272727272727272,8.721702501186762,0.01,0.014090909090909091,6.821702501186769,10.121702501186757,False,15.342362108863737,26.96064808949179,1,False,8.968275641986136e-05
658,660,0.35454545454545455,5.5,0.3,0.4363636363636364,4.1000000000000005,7.300000000000001,False,19.348831325518596,30.967117306146648,1,False,1.0888586442126912e-05
659,661,0.03909090909090909,4.688445360056987,0.03272727272727273,0.04454545454545455,2.988445360056985,6.088445360056988,True,8.176866059682197,19.79515204031025,1,True,0.004242799901336901
660,662,0.04818181818181819,11.099863684139775,0.04454545454545455,0.05909090909090909,10.199863684139778,13.299863684139767,False,21.912720871245053,33.5310068518731,1,False,2.853361825616398e-06
662,664,0.2909090909090909,10.948976999553249,0.2545454545454545,0.33636363636363636,10.048976999553252,12.148976999553245,True,0.5501967391443644,12.168482719772417,1,True,0.45823731777490617
663,665,0.05454545454545455,9.980486313493154,0.04727272727272727,0.06636363636363636,8.38048631349316,12.080486313493147,True,6.636852435588849,18.2551384162169,1,True,0.009989026850866141
664,666,0.15545454545454546,15.995566482199777,0.13363636363636364,0.17272727272727273,13.895566482199785,17.59556648219977,False,19.536089276751134,31.154375257379186,1,False,9.87169566699354e-06
665,667,0.16636363636363638,16.2303086592881,0.15363636363636363,0.1972727272727273,15.030308659288101,17.530308659288092,True,21.65169094344276,33.26997692407081,1,False,3.269216864552338e-06
666,668,0.04727272727272727,11.542914041241314,0.04727272727272727,0.05818181818181818,11.542914041241314,13.842914041241306,False,20.73475987823778,32.35304585886583,1,False,5.274971724119185e-06
667,669,0.07727272727272727,11.62112070862854,0.05454545454545455,0.11181818181818182,7.521120708628555,15.721120708628526,True,0.6600418750015218,12.278327855629573,1,True,0.41654516021746235
668,670,0.04454545454545455,9.5954991922237,0.03,0.06272727272727273,5.895499192223713,13.395499192223687,True,0.9024187597364954,12.520704740364547,1,True,0.34213397967844705
669,671,0.06909090909090909,8.388507054538511,0.053636363636363635,0.08909090909090908,5.688507054538521,11.3885070545385,True,6.0308320373277535,17.649118017955807,1,True,0.014058105109719015
670,672,0.1572727272727273,8.148677640650341,0.13727272727272727,0.17545454545454547,6.248677640650341,9.648677640650343,True,2.534774810786833,14.153060791414884,1,True,0.11136277326285302
671,673,0.13363636363636364,7.851648374259325,0.11545454545454546,0.15,5.951648374259324,9.351648374259327,True,1.6533312098571322,13.271617190485184,1,True,0.19850614139826595
672,674,0.01,18.69469447080058,0.01,0.012727272727272728,17.99469447080058,21.094694470800572,False,38.70071110353331,50.31899708416136,1,False,4.940290407790283e-10
673,675,0.14636363636363636,16.096965238739784,0.12818181818181817,0.16272727272727272,14.396965238739792,17.59696523873978,True,1.1543097434498653,12.772595724077917,1,True,0.2826487833379999
674,676,0.01,14.103923436327328,0.01,0.011363636363636364,13.903923436327329,15.203923436327324,False,45.63139104116951,57.24967702179756,1,False,1.4273567835466908e-11
675,677,0.03,3.592015177169303,0.02727272727272727,0.03727272727272728,2.392015177169302,5.392015177169305,True,13.150521908206697,24.76880788883475,1,False,0.0002874391689222746
676,678,0.05909090909090909,13.307193120016462,0.05272727272727273,0.072,12.207193120016466,15.607193120016454,False,21.935883929522653,33.554169910150705,1,False,2.8191289043234345e-06
678,680,0.24545454545454545,9.505493830494471,0.2,0.2909090909090909,8.205493830494476,10.705493830494467,True,3.242419324522248,14.8607053051503,1,True,0.0717546076925676
679,681,0.4272727272727273,11.025035668771173,0.3,0.6909090909090909,8.025035668771183,14.925035668771159,True,0.41536535944731984,12.033651340075371,1,True,0.5192587462987183
680,682,0.24545454545454545,8.251252264236424,0.2090909090909091,0.2909090909090909,7.051252264236423,9.651252264236426,True,3.017087480777433,14.635373461405486,1,True,0.08239131288939107
681,683,0.13,30.345263335806237,0.1190909090909091,0.13363636363636364,29.14526333580622,30.44526333580624,False,41.41449173722645,53.0327777178545,1,False,1.231411156404875e-10
682,684,0.13181818181818183,3.5,0.11363636363636363,0.15,1.6,5.1000000000000005,False,2.2144920396550978,13.83277802028315,1,True,0.1367200556644928
683,685,0.014545454545454545,5.147901372304586,0.012727272727272728,0.01818181818181818,3.4479013723045853,7.347901372304589,True,15.455571015003978,27.073856995632028,1,False,8.446759192976682e-05
684,686,0.9090909090909091,9.9,0.6727272727272727,0.9363636363636364,7.4,9.9,False,19.824620006161943,31.442905986789995,1,False,8.488229014245372e-06
686,688,0.03363636363636364,4.831326185049116,0.028181818181818183,0.03909090909090909,3.2313261850491153,6.131326185049118,True,13.067381525467583,24.685667506095633,1,False,0.00030048290470874897
687,689,0.09454545454545454,5.660051736509585,0.07909090909090909,0.1090909090909091,3.8600517365095834,7.2600517365095865,False,6.748866509240442,18.367152489868495,1,True,0.009380726090358138
688,690,0.04454545454545455,8.762658305489234,0.035454545454545454,0.05454545454545455,6.562658305489242,10.862658305489227,True,8.120152487820798,19.738438468448848,1,True,0.004377587661637259
689,691,0.019545454545454546,5.581093001142075,0.015,0.04272727272727273,3.7810930011420734,13.481093001142082,True,1.444844653149254,13.063130633777305,1,True,0.22935697634116958
690,692,0.06181818181818182,11.948726979736225,0.05,0.07545454545454545,9.848726979736233,14.448726979736216,True,0.5327613641204745,12.151047344748527,1,True,0.4654482327519137
691,693,0.014545454545454545,16.63612472034079,0.01090909090909091,0.019090909090909092,13.436124720340802,19.33612472034078,True,0.34154245831076374,11.959828438938816,1,True,0.5589402360430931
692,694,0.015,4.410359489098669,0.013636363636363636,0.01818181818181818,3.210359489098668,6.110359489098671,False,24.52901171253149,36.147297693159544,1,False,7.319933691697678e-07
693,695,0.031818181818181815,4.077050051032429,0.026363636363636363,0.038181818181818185,2.077050051032429,5.777050051032429,True,5.056192303751869,16.674478284379923,1,True,0.0245380931561548
694,696,0.028181818181818183,10.00480319170507,0.022727272727272728,0.03363636363636364,7.804803191705078,11.804803191705064,False,10.963465792756255,22.581751773384305,1,False,0.0009292585146773418
695,697,0.1972727272727273,9.663277826963673,0.16818181818181818,0.23636363636363636,8.463277826963678,10.86327782696367,True,1.3988462879940586,13.01713226862211,1,True,0.2369168351438868
696,698,0.23636363636363636,15.431783218496774,0.1781818181818182,0.2909090909090909,13.53178321849678,17.131783218496768,False,4.671407788705524,16.289693769333574,1,True,0.03066877818910079
697,699,0.07772727272727273,15.466910574056831,0.07281818181818181,0.10181818181818182,14.966910574056833,18.266910574056823,False,18.303681178072427,29.92196715870048,1,False,1.8834287193861076e-05
698,700,0.05545454545454545,4.321079471229323,0.04454545454545455,0.07127272727272727,1.7210794712293205,7.221079471229325,True,3.5880311420143247,15.206317122642377,1,True,0.058197154687650056
699,701,0.06545454545454546,8.775710241985575,0.05454545454545455,0.10636363636363637,7.37571024198558,14.075710241985556,True,3.90811882048516,15.526404801113213,1,True,0.04805335773764598
700,702,0.36363636363636365,8.51317685271063,0.2545454545454545,0.5545454545454546,5.713176852710628,11.813176852710633,True,0.14676349419386175,11.765049474821913,1,True,0.7016476670445292
701,703,0.2545454545454545,6.011083134039241,0.2090909090909091,0.3,4.7110831340392405,7.4110831340392425,True,2.3478402950256347,13.966126275653686,1,True,0.12545671101300815
702,704,0.1809090909090909,6.107559273117105,0.1590909090909091,0.2090909090909091,4.707559273117104,7.107559273117107,False,0.7379282823286322,12.356214262956684,1,True,0.39032533240246103
703,705,0.4545454545454546,3.4000000000000004,0.2909090909090909,0.9181818181818182,0.0,8.700000000000001,True,0.0936647951745052,11.711950775802556,1,True,0.7595688246670576
705,707,0.02,8.509025328338817,0.015909090909090907,0.025454545454545455,6.109025328338825,10.809025328338809,False,18.89061564312981,30.50890162375786,1,False,1.3843198807701653e-05
706,708,0.015,10.52618925604933,0.013181818181818182,0.019090909090909092,9.026189256049335,12.726189256049322,False,5.377737245696535,16.99602322632459,1,True,0.020395314035854126
707,709,0.2090909090909091,4.4,0.16090909090909092,0.2545454545454545,2.2,5.800000000000001,True,4.445382807734184,16.063668788362236,1,True,0.03499574351721441
709,711,0.1481818181818182,5.977832388134743,0.13181818181818183,0.16454545454545455,4.577832388134741,7.577832388134745,False,0.16254520631936606,11.780831186947418,1,True,0.6868239363207788
710,712,0.3181818181818182,7.854234122212856,0.2727272727272727,0.37272727272727274,6.654234122212855,9.054234122212858,True,0.8834433884751225,12.501729369103174,1,True,0.3472602944147225
711,713,0.18636363636363637,9.882049484598411,0.16636363636363638,0.2181818181818182,9.082049484598414,10.782049484598408,False,1.3119749083499535,12.930260888978005,1,True,0.25203739855407314
712,714,0.23636363636363636,7.8580967512579125,0.1809090909090909,0.3090909090909091,6.1580967512579114,9.958096751257914,True,0.08622841679482389,11.704514397422876,1,True,0.7690278445481226
713,715,0.1481818181818182,7.631892814702872,0.13,0.16454545454545455,5.93189281470287,9.431892814702874,False,0.5168494096363652,12.135135390264416,1,True,0.47218873717202026
714,716,0.1572727272727273,10.24246672472355,0.1390909090909091,0.1809090909090909,8.542466724723557,11.942466724723545,True,14.492421288341571,26.110707268969623,1,False,0.00014072456593065832
715,717,0.2181818181818182,11.227594709356852,0.18363636363636365,0.2545454545454545,10.127594709356856,12.327594709356848,True,1.5189657563958814,13.137251737023933,1,True,0.21777607224383805
716,718,0.8,10.110175118706177,0.5818181818181818,0.8272727272727273,7.610175118706176,10.110175118706177,False,21.36773423770974,32.98602021833779,1,False,3.7909772795812874e-06
717,719,0.015909090909090907,12.191713570764701,0.013181818181818182,0.02,10.091713570764709,14.491713570764693,False,10.872652275348432,22.490938255976484,1,False,0.0009759466500704617
718,720,0.1409090909090909,13.694433232517836,0.1190909090909091,0.1572727272727273,11.394433232517844,15.39443323251783,True,5.523634287444519,17.14192026807257,1,True,0.018761242928331024
719,721,0.16636363636363638,7.369676011020784,0.1390909090909091,0.2181818181818182,4.869676011020793,9.369676011020777,True,11.963493646634998,23.58177962726305,1,False,0.0005425305110089618
720,722,0.8636363636363636,15.083850944015335,0.5909090909090908,1.2272727272727273,12.083850944015346,17.783850944015327,True,0.6370611819368371,12.255347162564888,1,True,0.4247769935500313
722,724,0.10636363636363637,7.105254342821107,0.08727272727272727,0.12272727272727273,5.205254342821105,8.90525434282111,False,2.519076379773558,14.13736236040161,1,True,0.11247644625436332
723,725,0.7363636363636363,17.672592882439695,0.4909090909090909,1.1181818181818182,14.572592882439706,20.972592882439685,True,1.7337640404595014,13.352050021087553,1,True,0.18793090776678184
725,727,1.190909090909091,17.57891839096309,0.7090909090909091,1.2636363636363637,13.478918390963102,17.57891839096309,False,20.166473144091682,31.784759124719734,1,False,7.098626473471698e-06
726,728,0.3,26.061711831014666,0.24545454545454545,0.36363636363636365,24.661711831014646,27.66171183101469,False,1.3576335924586518,12.975919573086703,1,True,0.2439480220253218
727,729,0.5727272727272728,24.227651215145126,0.4363636363636364,0.7636363636363637,22.127651215145097,26.427651215145158,False,1.22463042267646,12.842916403304512,1,True,0.2684538402042308
728,730,0.1781818181818182,8.361425972486183,0.1572727272727273,0.2090909090909091,6.861425972486182,9.361425972486185,True,5.178871411278266,16.797157391906318,1,True,0.022863169702021447
730,732,0.24545454545454545,6.0880148008260795,0.19181818181818183,0.2818181818181818,4.588014800826079,7.18801480082608,True,3.166184348759828,14.78447032938788,1,True,0.07517788991405534
731,733,0.028181818181818183,17.37179401334852,0.024545454545454544,0.035454545454545454,15.771794013348527,19.571794013348516,False,7.782156019836863,19.400442000464913,1,True,0.005276478818572334
732,734,0.024545454545454544,8.550585314453214,0.02090909090909091,0.03,6.85058531445322,10.750585314453206,False,24.758638621072297,36.37692460170035,1,False,6.497692576579564e-07
734,736,0.35454545454545455,24.5540676013319,0.2909090909090909,0.44545454545454544,22.95406760133188,26.55406760133193,False,0.21935475682279962,11.837640737450851,1,True,0.6395320016615934
735,737,0.014090909090909091,4.0,0.011818181818181818,0.01681818181818182,2.1,5.800000000000001,True,4.698531460126155,16.316817440754207,1,True,0.030188401276317132
738,740,0.015454545454545453,2.6,0.011818181818181818,0.023636363636363636,0.0,6.6000000000000005,True,2.9187072849298454,14.536993265557896,1,True,0.08755798362622165
739,741,0.03,3.3000000000000003,0.025454545454545455,0.038181818181818185,1.3,5.300000000000001,True,8.251314121786532,19.869600102414584,1,True,0.004072250960912898
741,743,0.16636363636363638,20.81096357250628,0.15363636363636363,0.2,19.510963572506263,22.410963572506304,False,18.347964573904072,29.966250554532124,1,False,1.8401546951867155e-05
742,744,0.060909090909090906,21.40118171205332,0.049090909090909095,0.072,19.201181712053287,23.301181712053346,False,0.23390790763227412,11.852193888260325,1,True,0.6286411923835946
743,745,0.060909090909090906,19.240881069524228,0.05909090909090909,0.07909090909090909,19.240881069524228,22.340881069524272,False,15.75868914932143,27.376975129949482,1,False,7.195667418058296e-05
744,746,0.016363636363636365,11.312994870267405,0.013636363636363636,0.02,9.412994870267411,13.312994870267397,False,17.516752250886732,29.135038231514784,1,False,2.8478730357394738e-05
746,748,0.23636363636363636,30.44526333580624,0.2272727272727273,0.24545454545454545,30.245263335806236,30.44526333580624,False,97.82359675048298,109.44188273111104,1,False,4.573647248113762e-23
747,749,0.4363636363636364,15.719970791211157,0.37272727272727274,0.5454545454545454,14.219970791211162,17.51997079121115,True,2.540822477256757,14.159108457884809,1,True,0.11093698496991285
749,751,0.32727272727272727,24.882901342702205,0.2636363636363636,0.4272727272727273,23.18290134270218,27.28290134270224,True,2.4338071529785914,14.052093133606643,1,True,0.1187441921849461
750,752,0.14636363636363636,8.49364549788937,0.13,0.16090909090909092,6.993645497889375,9.893645497889365,True,7.404456167725005,19.022742148353057,1,True,0.006506250919078852
753,755,0.012272727272727272,12.36348087991142,0.01,0.017727272727272727,9.963480879911428,16.263480879911405,True,0.147969924125927,11.76625590475398,1,True,0.700482969370823
754,756,0.02181818181818182,8.805164791021687,0.017272727272727273,0.02909090909090909,6.505164791021695,11.905164791021676,True,5.581955195443204,17.200241176071255,1,True,0.018146452777342854
756,758,0.02727272727272727,7.740439749599965,0.022727272727272728,0.031818181818181815,5.740439749599972,9.340439749599959,True,9.327336419413328,20.94562240004138,1,False,0.0022576027733338068
757,759,0.4636363636363636,15.307587997694402,0.39090909090909093,0.5727272727272728,14.107587997694406,17.007587997694394,True,10.891336652993377,22.50962263362143,1,False,0.0009661508189856042
758,760,0.04090909090909091,9.990736142327972,0.030909090909090907,0.049090909090909095,7.59073614232798,11.990736142327965,True,0.25726682571553744,11.87555280634359,1,True,0.6120041307505878
760,762,0.4909090909090909,8.018208050551959,0.39090909090909093,0.6727272727272727,6.218208050551958,10.518208050551962,True,0.07683193073894598,11.695117911366998,1,True,0.7816374937921559
761,763,0.028181818181818183,3.7147931978670576,0.022727272727272728,0.03636363636363636,1.3147931978670555,6.21479319786706,True,6.678244864849716,18.29653084547777,1,True,0.009759667690642314
762,764,0.12818181818181817,11.157123539862788,0.11363636363636363,0.14272727272727273,9.557123539862793,12.657123539862782,True,11.6783362410182,23.296622221646253,1,False,0.000632320522147863
763,765,0.12090909090909091,5.530885021440381,0.10090909090909092,0.14272727272727273,3.2308850214403786,7.730885021440383,True,6.137335912461426,17.755621893089476,1,True,0.013235657641904451
764,766,0.08363636363636363,30.44526333580624,0.07227272727272727,0.08636363636363636,28.845263335806216,30.44526333580624,False,17.287564039401325,28.905850020029376,1,False,3.21282643971596e-05
765,767,0.9545454545454546,30.045263335806233,0.7818181818181819,1.0272727272727273,28.44526333580621,30.44526333580624,False,3.471686161079183,15.089972141707236,1,True,0.0624276446677489
767,769,0.24545454545454545,10.009393640560058,0.2090909090909091,0.2727272727272727,9.009393640560061,10.709393640560055,False,0.394562047068548,12.0128480276966,1,True,0.5299110909271236
768,770,0.06636363636363636,10.787779044088644,0.05545454545454545,0.07954545454545454,8.787779044088651,12.887779044088637,False,0.26292652671669,11.881212507344742,1,True,0.6081166830176457
770,772,0.33636363636363636,4.5,0.2818181818181818,0.4181818181818182,3.1,6.300000000000001,False,15.366120558767625,26.98440653939568,1,False,8.85620657330284e-05
771,773,0.024545454545454544,8.850232361401472,0.02,0.02727272727272727,6.8502323614014795,9.950232361401468,True,21.524665733717384,33.142951714345436,1,False,3.493067766689313e-06
773,775,0.1409090909090909,7.707634173932805,0.12272727272727273,0.1590909090909091,5.907634173932803,9.407634173932806,False,0.6031791077553759,12.221465088383427,1,True,0.43736761682517244
774,776,0.08363636363636363,14.879440937467912,0.07309090909090908,0.1,13.179440937467918,16.679440937467906,False,3.507765188634276,15.126051169262329,1,True,0.061081797771745876
775,777,0.2181818181818182,25.32236515262347,0.16818181818181818,0.2636363636363636,23.622365152623445,26.72236515262349,False,0.18176186383280746,11.80004784446086,1,True,0.6698634744234653
776,778,0.6363636363636364,30.44526333580624,0.5818181818181818,0.6545454545454545,29.74526333580623,30.44526333580624,False,16.973007622000125,28.591293602628177,1,False,3.791503613563248e-05
777,779,0.15181818181818182,30.44526333580624,0.1481818181818182,0.15363636363636363,30.145263335806234,30.44526333580624,False,61.1978791790105,72.81616515963856,1,False,5.161710148677228e-15
778,780,0.05545454545454545,14.342007326158843,0.046363636363636364,0.06818181818181819,12.34200732615885,16.642007326158833,True,1.0952550404798462,12.713541021107899,1,True,0.2953097878524824
779,781,0.23636363636363636,7.7217273026911695,0.1781818181818182,0.3,5.821727302691167,9.621727302691172,True,4.643886877097475,16.262172857725528,1,True,0.03116434211448559
780,782,0.030909090909090907,8.43202498032775,0.026363636363636363,0.038181818181818185,6.732024980327756,10.232024980327743,False,16.3805173111592,27.99880329178725,1,False,5.1815098695648616e-05
781,783,0.8454545454545455,12.459902004779975,0.6272727272727272,1.1090909090909091,10.259902004779983,14.459902004779968,True,3.6433145248423497,15.261600505470401,1,True,0.05629475669217974
782,784,0.9,15.720087945598381,0.5727272727272728,1.3545454545454545,12.320087945598393,18.82008794559837,True,1.578812068393846,13.197098049021898,1,True,0.20893188845181218
783,785,0.056363636363636366,4.717214888058451,0.04818181818181819,0.06454545454545454,3.1172148880584496,6.117214888058452,True,8.641350110474637,20.25963609110269,1,True,0.0032861781382940826
784,786,0.010454545454545454,9.722256253861508,0.01,0.014090909090909091,9.02225625386151,12.822256253861497,True,0.10337412482968715,11.721660105457739,1,True,0.7478175196765832
785,787,0.24545454545454545,11.431632703504496,0.1972727272727273,0.2818181818181818,10.1316327035045,12.431632703504492,True,0.30315287997408213,11.921438860602134,1,True,0.5819125663402398
786,788,0.3,7.953629486699542,0.2636363636363636,0.34545454545454546,6.853629486699541,8.953629486699542,True,1.9043496247485356,13.522635605376587,1,True,0.16759226463626584
787,789,0.4,0.0,0.38181818181818183,0.7272727272727273,0.0,4.800000000000001,True,3.117082954312333,14.735368934940386,1,True,0.07747536181129944
788,790,0.07,5.038434761019956,0.05909090909090909,0.08272727272727273,2.938434761019954,6.938434761019958,True,8.305606126352231,19.923892106980283,1,True,0.003952289008111868
789,791,0.2272727272727273,11.885853269741219,0.18636363636363637,0.2636363636363636,10.685853269741223,12.885853269741215,True,2.89929241022136,14.517578390849412,1,True,0.08861844535577248
790,792,0.14636363636363636,7.254491675714279,0.12454545454545454,0.16818181818181818,5.054491675714276,9.554491675714281,True,5.137596424842582,16.755882405470633,1,True,0.02341304193470415
791,793,0.2909090909090909,11.418423363592854,0.24545454545454545,0.33636363636363636,10.218423363592859,12.61842336359285,True,0.7907221043048214,12.409008084932873,1,True,0.37388186631196607
792,794,0.01863636363636364,25.34524907689083,0.011363636363636364,0.031818181818181815,20.44524907689076,30.445249076890903,False,58.21083590468557,69.82912188531361,1,False,2.354784520501484e-14
793,795,0.2636363636363636,22.81037294167003,0.2181818181818182,0.3181818181818182,21.51037294167001,24.210372941670048,False,0.3211569044981374,11.939442885126189,1,True,0.5709132158627535
795,797,0.15363636363636363,17.72937649611255,0.13363636363636364,0.18363636363636365,15.829376496112557,19.629376496112542,True,7.225915583423609,18.84420156405166,1,True,0.007185851295551317
798,800,0.011818181818181818,4.403489714643112,0.01,0.015,2.5034897146431105,7.203489714643115,True,5.9557524550232035,17.574038435651254,1,True,0.014669340442285166
799,801,0.24545454545454545,9.812155587367958,0.19454545454545455,0.2909090909090909,8.512155587367962,11.012155587367953,False,1.1605133055744172,12.778799286202469,1,True,0.2813591108182371
800,802,0.18636363636363637,4.849148208841985,0.1572727272727273,0.23636363636363636,2.8491482088419855,6.349148208841984,True,7.3414357658603,18.959721746488352,1,True,0.006738299900385978
801,803,0.014090909090909091,17.6223913760996,0.013636363636363636,0.02181818181818182,17.322391376099596,22.122391376099664,False,15.077939490060002,26.696225470688056,1,False,0.00010316187742408702
802,804,0.44545454545454544,9.084378855641082,0.33636363636363636,0.6545454545454545,6.68437885564108,12.184378855641086,True,2.0827745113779623,13.701060492006015,1,True,0.14896918665309897
803,805,0.04818181818181819,15.646168268148703,0.04,0.06454545454545454,13.64616826814871,18.746168268148693,True,7.209458736148533,18.827744716776586,1,True,0.007252036125889686
804,806,0.34545454545454546,7.959872198286154,0.2909090909090909,0.4090909090909091,6.559872198286154,9.459872198286156,True,0.22386654377085796,11.84215252439891,1,True,0.6361094678851349
805,807,0.10272727272727274,11.215701555523758,0.08818181818181818,0.11727272727272728,9.715701555523763,12.915701555523752,True,30.755999253906367,42.37428523453442,1,False,2.9259782771667055e-08
806,808,0.2909090909090909,9.684181631028153,0.2545454545454545,0.32727272727272727,8.684181631028157,10.58418163102815,False,7.13541426120174,18.75370024182979,1,True,0.007557618102647429
807,809,0.10090909090909092,11.011619836617784,0.08272727272727273,0.11545454545454546,9.111619836617791,12.711619836617778,False,0.06298857676739039,11.681274557395442,1,True,0.8018332435169928
808,810,0.01,11.074762715134954,0.01,0.013181818181818182,10.474762715134956,13.874762715134944,True,4.068933090793712,15.687219071421763,1,True,0.04367885441039095
809,811,0.011818181818181818,8.381852680338524,0.01,0.015909090909090907,6.58185268033853,11.381852680338513,False,7.77611142391818,19.394397404546233,1,True,0.005294163388888425
810,812,0.10090909090909092,9.478057586300112,0.07545454545454545,0.12818181818181817,6.5780575863001225,12.478057586300102,True,2.8277836672122634,14.446069647840314,1,True,0.09264613595168003
811,813,0.12272727272727273,10.571697068621873,0.10454545454545455,0.1390909090909091,8.57169706862188,12.271697068621867,True,4.176326939561465,15.794612920189516,1,True,0.04099245083879033
812,814,1.0363636363636364,12.472944507243591,0.8,1.1363636363636365,10.572944507243589,12.972944507243591,False,28.400520176589914,40.018806157217966,1,False,9.863880204364386e-08
813,815,0.07772727272727273,13.46516403738009,0.06727272727272728,0.08909090909090908,11.765164037380096,15.065164037380084,False,0.27654161173617486,11.894827592364226,1,True,0.5989769784769128
815,817,0.07418181818181818,23.30174377882242,0.06,0.09181818181818181,20.901743778822386,25.801743778822456,True,9.106374594847379,20.724660575475433,1,False,0.002547202238033363
816,818,0.5181818181818182,23.86724416718231,0.4181818181818182,0.6727272727272727,22.167244167182286,25.96724416718234,True,7.762454743744347,19.380740724372398,1,True,0.005334341308799008
817,819,0.04454545454545455,13.905427696881906,0.03727272727272728,0.05454545454545455,12.005427696881913,16.105427696881897,False,9.678236698244612,21.296522678872662,1,False,0.0018646349463831268
818,820,0.2818181818181818,11.200162114200415,0.24545454545454545,0.3181818181818182,10.200162114200419,12.100162114200412,True,0.6109309913164114,12.229216971944464,1,True,0.4344374906640438
819,821,0.2727272727272727,3.9000000000000004,0.2181818181818182,0.32727272727272727,2.3000000000000003,5.4,True,2.3487929279239665,13.967078908552018,1,True,0.12538005841962624
820,822,1.4,4.366963063930724,0.9454545454545454,1.4,1.1669630639307251,5.066963063930724,False,11.433315787396436,23.05160176802449,1,False,0.0007213883432053293
821,823,0.03727272727272728,18.086753017217315,0.03,0.045454545454545456,16.28675301721729,20.186753017217345,False,12.40733810316086,24.025624083788912,1,False,0.000427650025387999
823,825,0.02727272727272727,8.234438641641168,0.022727272727272728,0.030909090909090907,6.334438641641174,9.534438641641163,True,6.969452105412419,18.58773808604047,1,True,0.008291287969431373
824,826,0.4909090909090909,8.879047081405668,0.4,0.6363636363636364,7.179047081405674,10.87904708140566,True,0.08389920376413718,11.702185184392189,1,True,0.7720812625877876
825,827,0.05454545454545455,7.486846316295843,0.045454545454545456,0.07,5.486846316295843,10.086846316295842,False,3.2427614771473454,14.861047457775397,1,True,0.07173962588074799
826,828,0.031818181818181815,7.260959492179504,0.02727272727272727,0.04,5.560959492179503,9.360959492179507,True,0.2912975019477562,11.909583482575808,1,True,0.5893902578580548
828,830,0.06909090909090909,16.674419753410938,0.06454545454545454,0.08090909090909092,15.974419753410928,18.674419753410966,False,27.248819866763405,38.86710584739146,1,False,1.7888428091384424e-07
829,831,0.06545454545454546,14.057060092030314,0.056363636363636366,0.07727272727272727,12.45706009203032,16.057060092030305,False,1.5889066494445854,13.207192630072637,1,True,0.2074824126742709
830,832,0.09636363636363636,14.002083132995859,0.08,0.11181818181818182,12.002083132995866,15.702083132995853,True,33.36514717369503,44.98343315432308,1,False,7.638059164907438e-09
831,833,0.09272727272727273,5.0166935560151895,0.07681818181818181,0.11,2.9166935560151876,6.816693556015191,False,3.593481965918147,15.2117679465462,1,True,0.0580065837816731
832,834,0.010454545454545454,10.755670039325357,0.01,0.012272727272727272,10.15567003932536,12.455670039325351,False,103.7430997876857,115.36138576831374,1,False,2.30325860592356e-24
833,835,0.045454545454545456,20.70206750240301,0.04181818181818182,0.057272727272727274,19.902067502403,23.40206750240305,False,13.076078083317144,24.694364063945194,1,False,0.00029909102640919913
834,836,0.022727272727272728,8.464748026493865,0.019545454545454546,0.02727272727272727,7.06474802649387,10.264748026493859,True,8.328190539250116,19.946476519878168,1,True,0.0039034519369368563
835,837,0.03,3.9870219724811258,0.026363636363636363,0.038181818181818185,2.2870219724811243,6.187021972481128,False,13.57519956113217,25.19348554176022,1,False,0.0002291936204887216
836,838,0.1481818181818182,24.64524022585896,0.12818181818181817,0.16636363636363638,22.54524022585893,26.645240225858988,False,6.14134264130043,17.75962862192848,1,True,0.013205700614451879
837,839,0.2545454545454545,3.5,0.2090909090909091,0.2909090909090909,2.2,4.5,True,2.897687874634176,14.515973855262228,1,True,0.08870670748340394
838,840,0.09272727272727273,10.24633151246873,0.07818181818181819,0.11727272727272728,8.546331512468736,13.04633151246872,True,8.558300906150711,20.176586886778765,1,True,0.0034395028172145496
839,841,0.16818181818181818,7.504295007449851,0.1481818181818182,0.2181818181818182,5.5042950074498584,9.404295007449845,True,18.326578946211278,29.94486492683933,1,False,1.8609267304314077e-05
840,842,0.02909090909090909,13.324589674899071,0.02090909090909091,0.04363636363636364,9.724589674899084,17.224589674899057,True,1.6715937796567215,13.289879760284773,1,True,0.19604519675747234
841,843,0.016363636363636365,10.97717082056614,0.013636363636363636,0.019545454545454546,9.177170820566147,12.777170820566134,False,16.57624095113583,28.194526931763882,1,False,4.6732828239185134e-05
842,844,0.2181818181818182,13.564696939961227,0.17272727272727273,0.2636363636363636,12.064696939961232,14.864696939961222,False,6.746454499821466,18.36474048044952,1,True,0.009393416528828136
843,845,0.509090909090909,6.823669613950104,0.4,0.7090909090909091,5.023669613950104,9.423669613950103,False,9.079349889649585,20.697635870277637,1,False,0.0025851193217506633
844,846,0.01,20.307573776223826,0.01,0.015454545454545453,19.407573776223813,24.70757377622389,True,5.4411039295712955,17.059389910199346,1,True,0.019668234939874768
845,847,0.23636363636363636,10.250164312536251,0.2,0.2636363636363636,9.250164312536254,11.050164312536248,True,1.3281287541391762,12.946414734767227,1,True,0.24913838734278315
846,848,0.5727272727272728,14.25807889864133,0.4545454545454546,0.7454545454545455,12.258078898641337,16.358078898641324,True,0.052601271271824415,11.670887251899876,1,True,0.8185971508238333
847,849,0.07018181818181819,13.821540658209626,0.05909090909090909,0.08272727272727273,11.821540658209633,15.72154065820962,False,0.36347433750047203,11.981760318128524,1,True,0.5465829804452615
848,850,0.12818181818181817,5.944522894008806,0.11181818181818182,0.14454545454545453,3.9445228940088044,7.4445228940088075,True,9.253827390970924,20.872113371598978,1,False,0.0023500375975691852
849,851,0.04090909090909091,10.92793667225936,0.030909090909090907,0.05090909090909091,8.527936672259369,13.427936672259351,True,5.858542599313129,17.47682857994118,1,True,0.015501624481665166
850,852,0.017272727272727273,12.428679128734553,0.014545454545454545,0.022727272727272728,10.728679128734559,15.228679128734543,False,14.3860708547967,26.00435683542475,1,False,0.00014889967611851786
851,853,0.06454545454545454,15.167552234691257,0.053636363636363635,0.07363636363636364,13.267552234691264,16.66755223469125,False,12.711133084279219,24.32941906490727,1,False,0.00036348512224247995
852,854,0.06,14.871631821417715,0.04818181818181819,0.07472727272727273,12.371631821417724,17.371631821417708,True,4.5168006981711635,16.135086678799215,1,True,0.0335635382237665
853,855,0.07336363636363635,4.376054171337772,0.06181818181818182,0.08727272727272727,2.37605417133777,6.476054171337774,True,6.4686821177789,18.086968098406953,1,True,0.010979191972736198
854,856,0.2636363636363636,8.05113303989874,0.2272727272727273,0.3,6.951133039898739,9.15113303989874,True,6.173215405864227,17.79150138649228,1,True,0.012969867012763764
855,857,0.10727272727272727,9.69039386462555,0.08909090909090908,0.12636363636363637,7.790393864625557,11.790393864625543,True,11.68541422066792,23.30370020129597,1,False,0.0006299196093385743
856,858,0.16454545454545455,11.064972856482203,0.15,0.1972727272727273,9.564972856482209,12.464972856482198,True,1.5523321316711218,13.170618112299174,1,True,0.21279148507128998
857,859,0.13727272727272727,6.825011051225786,0.12454545454545454,0.15181818181818182,5.625011051225785,8.325011051225788,True,6.366794640900411,17.98508062152846,1,True,0.01162754374793431
858,860,0.02090909090909091,8.284297034623322,0.01681818181818182,0.026363636363636363,6.08429703462332,10.584297034623324,True,0.22970220003357378,11.847988180661625,1,True,0.6317447306246964
859,861,0.01,12.00735639858193,0.01,0.013636363636363636,11.80735639858193,15.207356398581918,True,7.811963267742668,19.43024924837072,1,True,0.005190148811450517
860,862,0.057272727272727274,10.090054072508948,0.04818181818181819,0.06727272727272728,8.190054072508955,11.890054072508942,True,4.288072165978779,15.90635814660683,1,True,0.038380661366716126
861,863,0.04272727272727273,9.084626366889628,0.03,0.06636363636363636,6.284626366889638,13.784626366889611,True,0.8805716699399375,12.49885765056799,1,True,0.3480451514493531
862,864,0.019090909090909092,14.184327644877936,0.014545454545454545,0.026363636363636363,11.584327644877945,17.584327644877924,True,9.103932062514971,20.722218043143023,1,False,0.00255060591131439
863,865,0.13363636363636364,9.614622138230748,0.10636363636363637,0.1590909090909091,6.31462213823076,12.314622138230739,True,1.3436159536273766,12.961901934255428,1,True,0.24639729279976363
864,866,0.011363636363636364,10.747790673016796,0.01,0.013181818181818182,9.5477906730168,12.247790673016791,True,0.08431808575462152,11.702604066382673,1,True,0.7715287809697302
865,867,0.025454545454545455,14.245002850091954,0.02090909090909091,0.03272727272727273,12.34500285009196,16.945002850091946,False,11.66203339170953,23.28031937233758,1,False,0.0006378858110462855
866,868,0.028181818181818183,3.7,0.025454545454545455,0.03272727272727273,2.5,5.1000000000000005,True,3.01340941437239,14.631695395000442,1,True,0.08257843078354937
867,869,0.015,15.651771912537585,0.012272727272727272,0.02,13.151771912537594,18.451771912537573,False,11.043768742408925,22.662054723036977,1,False,0.0008898578187437907
868,870,0.4272727272727273,4.800000000000001,0.2909090909090909,0.7090909090909091,1.8,8.6,True,2.1372184852157114,13.755504465843764,1,True,0.14376234639724556
869,871,0.06636363636363636,9.567023386393064,0.053636363636363635,0.07954545454545454,7.167023386393073,11.767023386393056,False,0.030260272064763408,11.648546252692816,1,True,0.8619009857757585
870,872,0.2272727272727273,2.5,0.1781818181818182,0.2727272727272727,1.0,3.9000000000000004,True,1.0012845549946277,12.61957053562268,1,True,0.31699988266776313
871,873,0.017727272727272727,5.131010520114787,0.014545454545454545,0.026363636363636363,3.5310105201147852,9.13101052011479,True,5.807066904144894,17.425352884772945,1,True,0.01596189511052292
872,874,0.2727272727272727,3.3000000000000003,0.2181818181818182,0.33636363636363636,1.7000000000000002,5.0,True,3.5886532299117997,15.20693921053985,1,True,0.05817537175791314
873,875,0.35454545454545455,6.848094709891007,0.3,0.4090909090909091,5.648094709891006,8.248094709891008,True,0.27575469699072963,11.894040677618781,1,True,0.5994973361945567
874,876,0.014090909090909091,7.935048558249141,0.012272727272727272,0.017727272727272727,6.335048558249147,10.435048558249132,False,20.975593826341665,32.59387980696972,1,False,4.6517163299962845e-06
876,878,0.07681818181818181,4.880919103939566,0.06545454545454546,0.09090909090909091,2.980919103939564,6.6809191039395674,True,7.65026980193777,19.268555782565823,1,True,0.005676383124069972
877,879,0.11727272727272728,7.4322678727410025,0.09272727272727273,0.1390909090909091,4.832267872741012,9.632267872740995,True,14.910911929191732,26.529197909819786,1,False,0.0001127091612082113
878,880,0.014545454545454545,8.857192853947252,0.013181818181818182,0.017727272727272727,7.757192853947256,10.657192853947246,False,10.60589660194655,22.224182582574603,1,False,0.001127275810667124
880,882,0.10272727272727274,10.56320245739905,0.08545454545454545,0.11545454545454546,8.763202457399057,12.063202457399045,False,0.30585981273115864,11.92414579335921,1,True,0.5802319523688172
881,883,0.1481818181818182,6.018594409051637,0.12818181818181817,0.16636363636363638,4.118594409051635,7.918594409051639,True,3.0887508706736417,14.707036851301694,1,True,0.07883530499556322
882,884,0.01863636363636364,11.880265244134002,0.015909090909090907,0.023636363636363636,10.680265244134006,14.180265244133993,False,25.711511124928485,37.32979710555654,1,False,3.964552482316477e-07
883,885,0.05818181818181818,13.58966951616391,0.05,0.07181818181818181,12.289669516163915,16.0896695161639,False,17.14830916607202,28.766595146700073,1,False,3.4571702201019e-05
884,886,0.16090909090909092,11.984839703787022,0.1390909090909091,0.19181818181818183,9.98483970378703,13.584839703787017,True,6.1880252155046716,17.806311196132725,1,True,0.012861763388780239
885,887,0.11181818181818182,6.266456933613357,0.09,0.13,3.8664569336133545,8.366456933613359,True,13.399523130873682,25.017809111501734,1,False,0.0002516882774989018
886,888,0.028181818181818183,11.231647409460523,0.022727272727272728,0.03636363636363636,9.03164740946053,13.531647409460515,True,2.8025485666839627,14.420834547312015,1,True,0.09411460079867161
887,889,0.011818181818181818,8.242994700181555,0.01,0.014090909090909091,6.642994700181561,10.142994700181548,False,28.47808748962096,40.09637347024901,1,False,9.476495735805379e-08
888,890,0.5636363636363636,6.4,0.36363636363636365,0.6818181818181818,2.8000000000000003,7.5,False,14.095152115037362,25.713438095665413,1,False,0.00017379112504101773
889,891,0.790909090909091,8.4,0.5454545454545454,0.8181818181818182,5.300000000000001,8.4,False,14.3893504231553,26.00763640378335,1,False,0.00014864056903060872
890,892,0.060909090909090906,10.100703151554674,0.05,0.07390909090909091,8.100703151554681,12.300703151554666,True,15.943776723201662,27.562062703829714,1,False,6.525195373396125e-05
891,893,0.01818181818181818,10.526136661181754,0.014090909090909091,0.023636363636363636,7.926136661181763,12.926136661181745,True,3.1099466419498425,14.728232622577895,1,True,0.07781550967799788
892,894,0.010454545454545454,10.472610832412375,0.01,0.012727272727272728,9.972610832412377,12.372610832412368,False,20.824080292074722,32.44236627270277,1,False,5.034596248256053e-06
893,895,0.01818181818181818,7.5359035081326144,0.015454545454545453,0.02090909090909091,6.135903508132619,8.93590350813261,False,7.534823944855663,19.153109925483715,1,True,0.006051765071563733
894,896,0.04,11.23695627913269,0.031818181818181815,0.04818181818181819,9.136956279132697,13.436956279132682,True,0.5027155237203718,12.121001504348424,1,True,0.47830936858205486
895,897,0.04727272727272727,14.129326189770213,0.04,0.05818181818181818,12.429326189770219,16.229326189770205,True,5.001595700458152,16.619881681086206,1,True,0.025323960855296805
896,898,0.028181818181818183,4.493265033361618,0.024545454545454544,0.034545454545454546,2.8932650333616183,6.393265033361618,True,12.794446063099945,24.412732043728,1,False,0.0003476499072112166
897,899,0.38181818181818183,6.248760524745562,0.3181818181818182,0.4363636363636364,4.848760524745561,7.348760524745564,True,1.0093466821433148,12.627632662771367,1,True,0.3150594046241105
898,900,0.017727272727272727,4.445930761801321,0.014545454545454545,0.02090909090909091,2.4459307618013195,6.045930761801323,False,12.843620646125817,24.46190662675387,1,False,0.00033863174102371764
899,901,0.3,5.784494208088804,0.24545454545454545,0.39090909090909093,4.384494208088803,7.684494208088807,True,1.8312540803668733,13.449540060994925,1,True,0.17597949156473444
900,902,0.15181818181818182,6.275582957013291,0.13363636363636364,0.17545454545454547,4.575582957013289,8.275582957013292,True,8.942046364938879,20.56033234556693,1,False,0.0027868034196022254
901,903,0.013181818181818182,9.092729222187957,0.011363636363636364,0.015454545454545453,7.392729222187963,10.792729222187951,False,13.122192945137185,24.740478925765238,1,False,0.00029181825760965713
902,904,0.014545454545454545,8.822485700680105,0.012272727272727272,0.017272727272727273,6.822485700680112,10.522485700680098,False,23.248688023191228,34.86697400381928,1,False,1.4234752122948307e-06
903,905,0.01818181818181818,9.116825041765935,0.014545454545454545,0.023636363636363636,6.916825041765943,11.816825041765926,True,9.10960549602627,20.72789147665432,1,False,0.002542707052542788
904,906,0.011818181818181818,8.129831686715354,0.01,0.014545454545454545,6.52983168671536,10.529831686715346,False,8.513980934979502,20.132266915607552,1,True,0.003524282274407821
905,907,0.09636363636363636,7.771129966300013,0.07818181818181819,0.11363636363636363,5.571129966300011,9.871129966300014,False,1.9800125275942502,13.598298508222301,1,True,0.1593890870243501
906,908,0.015,14.64421390492664,0.011818181818181818,0.02,11.94421390492665,17.44421390492663,False,11.685677939374024,23.303963920002076,1,False,0.0006298303317593003
907,909,0.03272727272727273,4.3067889472629055,0.02727272727272727,0.04,2.406788947262906,6.206788947262905,True,8.932440309121425,20.550726289749477,1,False,0.0028014979656613348
908,910,0.16454545454545455,11.93364380512972,0.15181818181818182,0.18636363636363637,10.733643805129724,13.033643805129715,True,19.703009475346622,31.321295455974674,1,False,9.045879657471722e-06
909,911,0.013181818181818182,3.2,0.010454545454545454,0.01681818181818182,0.9,5.7,True,1.7583678590451757,13.376653839673228,1,True,0.18482822461768544
910,912,0.04,4.897757394013582,0.030909090909090907,0.04818181818181819,2.69775739401358,6.897757394013584,True,3.528860443625831,15.147146424253883,1,True,0.060309225094843856
911,913,0.4545454545454546,13.001402933792132,0.38181818181818183,0.5909090909090908,11.401402933792138,15.101402933792125,True,0.29349697093392935,11.911782951561982,1,True,0.5879882547935404
912,914,0.017727272727272727,10.058093393588857,0.015,0.02,8.558093393588862,11.358093393588852,False,32.67610072391811,44.29438670454616,1,False,1.0886762515125026e-08
913,915,0.049090909090909095,10.920794065416592,0.04363636363636364,0.05818181818181818,9.620794065416597,12.720794065416586,True,10.583393709341703,22.201679689969755,1,False,0.0011410799719768498
914,916,0.15181818181818182,3.5251072977383373,0.13363636363636364,0.17272727272727273,1.8251072977383376,5.525107297738337,True,12.793335011057867,24.41162099168592,1,False,0.0003478564381541414
916,918,0.23636363636363636,14.493884395852856,0.1972727272727273,0.2545454545454545,13.49388439585286,15.093884395852854,True,2.244992471597855,13.863278452225906,1,True,0.13404756087269137
917,919,0.011818181818181818,9.609490746703253,0.01,0.015454545454545453,7.8094907467032595,12.609490746703242,False,10.453818345126411,22.072104325754463,1,False,0.0012239618504405595
919,921,0.04454545454545455,4.407697223441825,0.038181818181818185,0.05181818181818182,2.807697223441825,6.107697223441824,True,3.788942841935734,15.407228822563786,1,True,0.05159222369292921
920,922,0.12272727272727273,8.313268873301853,0.11181818181818182,0.14454545454545453,7.0132688733018576,10.613268873301845,False,22.92630272834657,34.54458870897462,1,False,1.6833262137590935e-06
921,923,0.12818181818181817,7.506769150310515,0.09727272727272727,0.1572727272727273,4.106769150310512,10.506769150310518,True,0.32172232905628606,11.940008309684337,1,True,0.5705744221370168
922,924,0.2181818181818182,2.9000000000000004,0.16090909090909092,0.2818181818181818,0.4,4.7,True,2.649986077586247,14.268272058214299,1,True,0.10355080308496958
923,925,0.16636363636363638,7.909546816138679,0.14454545454545453,0.2090909090909091,5.709546816138687,9.609546816138673,True,12.219275332985603,23.837561313613655,1,False,0.0004729829881574078
924,926,0.01,14.25029960205909,0.01,0.011818181818181818,13.950299602059092,15.850299602059085,False,26.45024006406822,38.06852604469627,1,False,2.7041487007806254e-07
925,927,0.16272727272727272,3.7,0.15181818181818182,0.18363636363636365,2.6,4.800000000000001,False,3.0847882925999848,14.703074273228037,1,True,0.07902754883580718
926,928,0.015,3.8542425647560368,0.013636363636363636,0.01681818181818182,2.5542425647560356,4.954242564756038,False,12.170348292469534,23.788634273097585,1,False,0.00048555238813903934
927,929,0.01,15.053485600629086,0.01,0.012272727272727272,14.453485600629088,16.853485600629078,False,33.11512333967172,44.73340932029977,1,False,8.686048746825243e-09
928,930,0.2909090909090909,12.719411501847135,0.2545454545454545,0.33636363636363636,11.819411501847139,13.719411501847132,True,1.0194132618369132,12.637699242464965,1,True,0.31265822551821815
929,931,0.02909090909090909,9.494153622243966,0.02181818181818182,0.04,6.294153622243977,12.494153622243955,True,0.6025511204296331,12.220837101057684,1,True,0.4376063102160691
930,932,0.01681818181818182,7.236439373164444,0.013636363636363636,0.02090909090909091,4.936439373164452,9.436439373164436,False,13.162544917473967,24.780830898102018,1,False,0.0002856007336459335
931,933,0.023636363636363636,4.066614427042343,0.01818181818181818,0.03,1.466614427042341,6.966614427042346,True,6.60905019743757,18.22733617806562,1,True,0.010146176432881017
932,934,0.2818181818181818,8.63910069034861,0.2545454545454545,0.32727272727272727,7.83910069034861,9.939100690348612,False,0.5581132207173715,12.176399201345424,1,True,0.4550214550453964
933,935,0.01863636363636364,5.609017454200115,0.015,0.023636363636363636,3.509017454200114,7.909017454200118,True,9.84055949974957,21.458845480377622,1,False,0.0017070556778691062
934,936,0.2181818181818182,5.201231095358671,0.19181818181818183,0.2545454545454545,4.401231095358671,6.201231095358671,True,2.0115328388839453,13.629818819511996,1,True,0.15610752302093908
935,937,0.06272727272727273,8.892819961737226,0.05,0.07545454545454545,6.592819961737234,11.092819961737218,True,3.376365927249428,14.99465190787748,1,True,0.06613773478005103
936,938,0.015454545454545453,9.284831860265664,0.013181818181818182,0.019545454545454546,7.684831860265669,11.584831860265655,False,21.119045451390388,32.737331432018436,1,False,4.316170135804125e-06
937,939,0.13,11.129901828482948,0.11181818181818182,0.1481818181818182,9.129901828482955,12.729901828482943,True,12.40347515634749,24.02176113697554,1,False,0.0004285355967210008
938,940,0.1409090909090909,10.18625900910849,0.12272727272727273,0.1590909090909091,8.286259009108496,11.986259009108483,True,12.38019052599349,23.998476506621543,1,False,0.00043391287144657273
939,941,0.1390909090909091,10.067264356040388,0.12090909090909091,0.1572727272727273,8.167264356040395,11.867264356040382,True,15.515463054578262,27.133749035206314,1,False,8.183309594548099e-05
940,942,0.022727272727272728,10.531095162104393,0.017272727272727273,0.028181818181818183,7.931095162104402,12.731095162104385,True,4.107495798300446,15.725781778928498,1,True,0.04269353397746645
941,943,0.028181818181818183,3.4837196051118524,0.023636363636363636,0.03363636363636364,1.5837196051118527,5.283719605111852,True,13.223037231063042,24.841323211691094,1,False,0.0002765291505052895
942,944,0.13363636363636364,8.574797676742168,0.11181818181818182,0.1572727272727273,6.074797676742177,10.87479767674216,True,1.5612278105969755,13.179513791225027,1,True,0.21148553572294712
944,946,0.01818181818181818,6.015311851958358,0.014090909090909091,0.024545454545454544,3.5153118519583555,9.01531185195836,True,4.566111004640419,16.18439698526847,1,True,0.032610515940609895
945,947,0.33636363636363636,11.835346878382328,0.2818181818181818,0.4,10.635346878382332,13.335346878382323,True,0.38634180956886255,12.004627790196915,1,True,0.5342285971630185
946,948,1.0727272727272728,10.554454288458995,0.6454545454545454,1.1090909090909091,6.254454288458996,10.554454288458995,False,5.187326850135076,16.805612830763128,1,True,0.022752186750554765
947,949,0.11727272727272728,8.809288026777507,0.09454545454545454,0.1409090909090909,6.309288026777516,11.209288026777498,True,8.238839958139511,19.857125938767563,1,True,0.004100333043947396
948,950,0.03,5.909498597492217,0.025454545454545455,0.04090909090909091,3.909498597492224,8.709498597492207,True,7.993556116887019,19.611842097515073,1,True,0.004694412143152673
950,952,0.015454545454545453,12.54116615189538,0.013181818181818182,0.01863636363636364,10.641166151895387,14.441166151895374,False,42.65945393711161,54.27773991773966,1,False,6.514879501109292e-11
951,953,0.34545454545454546,4.6000000000000005,0.2909090909090909,0.4,3.3000000000000003,5.9,True,0.18955673782147336,11.807842718449525,1,True,0.6632857970546734
952,954,0.15545454545454546,9.551914816777636,0.13,0.1809090909090909,7.151914816777644,11.551914816777629,True,4.591213915189103,16.209499895817153,1,True,0.03213624620325122
953,955,0.7636363636363637,7.9,0.4636363636363636,0.8,3.6,7.9,False,8.444025026699682,20.062311007327736,1,True,0.0036624473417593843
954,956,0.034545454545454546,4.0,0.028181818181818183,0.04181818181818182,2.0,5.800000000000001,True,2.385234688582398,14.003520669210449,1,True,0.12248649633733459
955,957,0.06272727272727273,9.028097737049913,0.05454545454545455,0.072,7.628097737049918,10.728097737049907,True,19.507616081417474,31.125902062045526,1,False,1.0019938389574203e-05
957,959,0.02727272727272727,8.162759835610554,0.023636363636363636,0.034545454545454546,6.762759835610559,10.662759835610546,False,10.779480142497938,22.39776612312599,1,False,0.0010263150190328708
958,960,0.015,8.215452261768407,0.012727272727272728,0.02,6.115452261768414,10.915452261768397,False,13.77580884494563,25.39409482557368,1,False,0.00020597143976344568
960,962,0.05909090909090909,6.428283440635727,0.05181818181818182,0.075,5.328283440635731,9.128283440635718,True,8.438740216114752,20.057026196742804,1,True,0.0036731061810610383
961,963,0.01863636363636364,11.648547918424644,0.015,0.024545454545454544,9.74854791842465,14.348547918424634,False,16.736925958374716,28.355211939002768,1,False,4.2937114907499517e-05
962,964,0.02090909090909091,6.293925660125242,0.017727272727272727,0.025454545454545455,4.59392566012524,8.293925660125243,True,12.680861545747486,24.29914752637554,1,False,0.00036941731476052995
963,965,0.05545454545454545,10.738887199693583,0.045454545454545456,0.06818181818181819,8.63888719969359,12.938887199693575,True,8.763771861313664,20.382057841941716,1,True,0.0030727291641905645
964,966,0.03636363636363636,3.8540841644676815,0.02909090909090909,0.04454545454545455,1.6540841644676796,6.0540841644676835,True,7.3424130724465675,18.96069905307462,1,True,0.006734637571760231
965,967,0.3090909090909091,3.0,0.2818181818181818,0.35454545454545455,2.2,4.1000000000000005,False,2.03350296288315,13.651788943511201,1,True,0.15386561314920025
966,968,0.17272727272727273,8.752868436999867,0.15181818181818182,0.2090909090909091,6.652868436999874,9.952868436999863,True,2.521372243606931,14.139658224234983,1,True,0.11231281099381829
967,969,0.049090909090909095,4.612044488471701,0.04272727272727273,0.05909090909090909,3.012044488471702,6.412044488471701,True,2.580531969293403,14.198817949921455,1,True,0.10818529847065624
968,970,0.04090909090909091,6.36090144091362,0.035454545454545454,0.05181818181818182,5.160901440913625,9.16090144091361,True,6.9293095362164365,18.54759551684449,1,True,0.008479441834480062
969,971,0.02727272727272727,6.900653639067809,0.02090909090909091,0.035454545454545454,4.200653639067807,9.400653639067812,True,3.829186512437463,15.447472493065515,1,True,0.05036737263903113
970,972,0.046363636363636364,3.1821395987842847,0.03727272727272728,0.05818181818181818,0.7821395987842851,5.882139598784284,True,5.769819862595225,17.388105843223276,1,True,0.01630370565087648
971,973,0.13181818181818183,10.367376664075413,0.11363636363636363,0.1481818181818182,8.36737666407542,11.867376664075408,False,31.728096917791124,43.34638289841918,1,False,1.7733798372815127e-08
973,975,0.10818181818181818,9.534393801956014,0.09090909090909091,0.12454545454545454,7.83439380195602,11.534393801956007,True,19.99229580406396,31.610581784692013,1,False,7.775481267829551e-06
974,976,0.011818181818181818,9.6026493440013,0.01,0.013636363636363636,7.902649344001306,11.302649344001294,False,35.41928749835868,47.03757347898673,1,False,2.658413062389285e-09
975,977,0.4818181818181818,7.166491544692806,0.38181818181818183,0.6818181818181818,5.166491544692806,9.966491544692806,False,25.519687049426643,37.137973030054695,1,False,4.3789188142177466e-07
976,978,0.13,9.935709405205264,0.11545454545454546,0.14636363636363636,8.33570940520527,11.33570940520526,True,18.330113786697613,29.948399767325665,1,False,1.857477132623927e-05
977,979,0.05909090909090909,4.2597664019484816,0.049090909090909095,0.07036363636363636,2.2597664019484798,6.159766401948484,True,7.034073135908114,18.652359116536168,1,True,0.007997325246153432
978,980,0.01,10.251876441423883,0.01,0.011818181818181818,9.751876441423885,11.851876441423878,True,10.015451153466561,21.633737134094613,1,False,0.001552323858215171
979,981,0.012727272727272728,10.834459106967552,0.01090909090909091,0.015454545454545453,9.234459106967558,12.934459106967545,False,2.8047920573082963,14.423078037936348,1,True,0.09398302935858062
980,982,0.053636363636363635,7.952206726058305,0.04363636363636364,0.072,5.752206726058313,11.352206726058293,True,2.6408364118581424,14.259122392486194,1,True,0.1041486992537776
981,983,0.04181818181818182,11.840937135964733,0.034545454545454546,0.05090909090909091,10.04093713596474,14.140937135964725,False,13.805327968726218,25.42361394935427,1,False,0.00020276041880883341
982,984,0.03727272727272728,6.089677015119419,0.02727272727272727,0.049090909090909095,3.289677015119416,9.08967701511942,True,1.9833494702559877,13.60163545088404,1,True,0.1590379913200634
983,985,0.01,12.831844001793145,0.01,0.013636363636363636,12.331844001793147,16.031844001793132,True,8.180878884731733,19.799164865359785,1,True,0.004233424409157722
984,986,0.1890909090909091,2.5,0.16090909090909092,0.2272727272727273,0.9,3.7,True,1.016995150417896,12.635281131045948,1,True,0.3132328297911822
985,987,0.011363636363636364,6.8129546618994805,0.01,0.015,5.312954661899479,10.012954661899483,True,5.087503609794806,16.705789590422857,1,True,0.024098858046994198
986,988,0.10363636363636364,4.560408462714088,0.08363636363636363,0.12272727272727273,2.2604084627140857,6.760408462714089,True,3.751111615877287,15.369397596505339,1,True,0.052772404380889704
987,989,0.4272727272727273,6.163637000465943,0.35454545454545455,0.509090909090909,4.663637000465943,7.663637000465942,True,3.5107324017216643,15.129018382349717,1,True,0.06097249577381684
988,990,0.2272727272727273,8.668166238592578,0.17,0.2727272727272727,6.868166238592577,10.06816623859258,True,0.6389131490936135,12.257199129721666,1,True,0.424104635821835
989,991,0.08454545454545455,7.51657900197831,0.07145454545454545,0.10272727272727274,5.7165790019783085,9.516579001978311,False,4.039049557461588,15.65733553808964,1,True,0.04445885394526282
990,992,0.11363636363636363,8.335786070806394,0.09272727272727273,0.13363636363636364,6.035786070806402,10.535786070806386,True,3.4758687790121243,15.094154759640176,1,True,0.062270015633412605
992,994,0.18636363636363637,12.338386056990391,0.16090909090909092,0.2181818181818182,11.038386056990396,13.338386056990387,True,5.177194186790033,16.795480167418084,1,True,0.022885250936279748
993,995,0.016363636363636365,9.087771030265651,0.013636363636363636,0.02,7.187771030265658,11.087771030265644,False,8.079760893455948,19.698046874084,1,True,0.004476235144262924
994,996,0.14272727272727273,9.208256153864404,0.12454545454545454,0.15545454545454546,7.50825615386441,10.5082561538644,True,22.707272542187148,34.3255585228152,1,False,1.886525222651858e-06
995,997,0.012272727272727272,9.86696194223064,0.01,0.016363636363636365,7.666961942230648,12.86696194223063,False,10.291118378418389,21.90940435904644,1,False,0.0013367204721193315
996,998,0.2090909090909091,5.935164549923774,0.16636363636363638,0.2727272727272727,4.435164549923773,7.735164549923776,True,0.504123023394143,12.122409004022195,1,True,0.4776940819299028
998,1000,0.02727272727272727,9.66275572752512,0.02181818181818182,0.035454545454545454,7.462755727525128,12.162755727525111,True,2.2871068092665716,13.905392789894623,1,True,0.13045289360571347
999,1001,0.03272727272727273,6.4980461351753265,0.026363636363636363,0.04272727272727273,4.2980461351753245,9.098046135175329,True,0.22463842214061755,11.84292440276867,1,True,0.6355281754298922
1000,1002,0.1809090909090909,5.853238797857141,0.15545454545454546,0.2181818181818182,3.9532387978571397,7.0532387978571425,True,7.675076215054026,19.29336219568208,1,True,0.005598872855490571
1001,1003,0.15181818181818182,3.4091172535504497,0.13181818181818183,0.1809090909090909,1.4091172535504501,5.709117253550449,True,5.89106064270524,17.509346623333293,1,True,0.015217932060407276
1002,1004,0.9272727272727272,7.0,0.4,1.209090909090909,0.0,8.700000000000001,True,0.8329227683431735,12.451208748971226,1,True,0.3614287393964246
1003,1005,0.049090909090909095,8.942059670016965,0.04,0.06,6.642059670016973,11.142059670016957,True,3.4343985654435993,15.052684546071651,1,True,0.06385182959879322
1004,1006,0.024545454545454544,8.67155355939132,0.02,0.02909090909090909,6.771553559391327,10.671553559391313,False,11.18489753111346,22.803183511741512,1,False,0.0008246581032426161
1005,1007,0.04818181818181819,3.8148670276282277,0.04,0.06636363636363636,1.7148670276282258,7.4148670276282305,True,3.285590559024822,14.903876539652874,1,True,0.06989048096147009
1006,1008,0.1,8.620838113568709,0.07681818181818181,0.12454545454545454,6.220838113568718,11.4208381135687,True,9.029472514582741,20.647758495210795,1,False,0.002656611295858048
1007,1009,0.053636363636363635,4.320611063030082,0.04454545454545455,0.06636363636363636,2.3206110630300807,6.520611063030085,True,4.927291756665244,16.545577737293296,1,True,0.026435716787326036
1008,1010,0.026363636363636363,7.823292800694325,0.02181818181818182,0.031818181818181815,5.723292800694333,9.723292800694319,False,10.200500112757037,21.81878609338509,1,False,0.0014040257204376515
1009,1011,0.01090909090909091,9.236979000021309,0.01,0.014090909090909091,8.136979000021313,11.9369790000213,True,8.110436322020934,19.728722302648986,1,True,0.004401113201878035
1010,1012,0.04363636363636364,2.772738293496362,0.03363636363636364,0.057272727272727274,0.37273829349636234,5.8727382934963615,True,4.431631066484136,16.04991704711219,1,True,0.03527877916821384
1011,1013,0.015,8.639539886608894,0.012272727272727272,0.019545454545454546,6.339539886608902,11.139539886608885,True,3.104523365278297,14.722809345906349,1,True,0.07807508148968234
1012,1014,0.05,4.24005688676775,0.03909090909090909,0.07072727272727274,1.540056886767748,7.940056886767754,True,3.38462132355356,15.002907304181612,1,True,0.06580729399931011
1013,1015,0.7818181818181819,8.200000000000001,0.4909090909090909,0.9090909090909091,4.5,9.1,False,7.5736055734623,19.19189155409035,1,True,0.005922918307538117
1014,1016,0.5545454545454546,2.5,0.38181818181818183,1.009090909090909,0.0,6.5,True,0.2075912959473451,11.825877276575397,1,True,0.6486619077718887
1015,1017,0.1090909090909091,4.162798965207161,0.09181818181818181,0.12818181818181817,2.1627989652071586,6.362798965207162,True,6.592728458492202,18.211014439120255,1,True,0.010239611954702302
1016,1018,0.02,11.317546226962651,0.014090909090909091,0.02909090909090909,7.9175462269626635,15.317546226962637,True,1.7656158831930422,13.383901863821094,1,True,0.18392557997096054
1018,1020,0.046363636363636364,4.6000000000000005,0.035454545454545454,0.06,1.7000000000000002,7.4,False,0.6051791739400268,12.223465154568078,1,True,0.4366087318357218
1020,1022,0.019545454545454546,8.529150257617363,0.015454545454545453,0.02727272727272727,6.429150257617371,11.929150257617351,True,8.061765449015377,19.680051429643427,1,True,0.0045209110413260535
1021,1023,0.15363636363636363,9.356185413085981,0.13727272727272727,0.1781818181818182,7.756185413085987,11.256185413085975,True,7.342625475277263,18.960911455905315,1,True,0.0067338418888747325
1022,1024,0.04272727272727273,3.759850324031762,0.03363636363636364,0.053636363636363635,1.2598503240317624,6.159850324031761,True,3.6366092246721253,15.254895205300176,1,True,0.05652193797923873
1023,1025,0.05272727272727273,7.70216207790234,0.04454545454545455,0.06545454545454546,5.702162077902347,10.002162077902332,True,11.48908142079169,23.107367401419744,1,False,0.000700062270975766
1024,1026,0.025454545454545455,3.834753328946603,0.02181818181818182,0.03,2.1347533289466027,5.834753328946603,True,2.3069967434056835,13.925282724033735,1,True,0.12879268015300638
1025,1027,0.04363636363636364,4.401863965645866,0.034545454545454546,0.053636363636363635,2.001863965645864,6.801863965645868,True,2.1755718070738586,13.79385778770191,1,True,0.14021739127486732
1026,1028,0.015,9.662738952514474,0.011818181818181818,0.019090909090909092,7.262738952514482,11.762738952514466,True,6.363941101887841,17.98222708251589,1,True,0.011646257467049585
1027,1029,0.012727272727272728,5.03937573201093,0.01,0.015454545454545453,2.739375732010928,7.239375732010932,False,6.979607569300439,18.597893549928493,1,True,0.008244368501154965
1028,1030,0.10272727272727274,9.756260324764408,0.08272727272727273,0.12090909090909091,7.456260324764417,11.856260324764401,True,7.449382061797545,19.067668042425595,1,True,0.006345823151874015
1029,1031,0.10636363636363637,3.2,0.08727272727272727,0.12636363636363637,1.2000000000000002,5.5,False,0.21924123476664992,11.8375272153947,1,True,0.6396186685157192
1030,1032,0.02,12.730537709937789,0.015,0.028181818181818183,9.930537709937798,16.130537709937776,True,2.048505748443617,13.666791729071669,1,True,0.15235565716846405
1031,1033,0.2272727272727273,3.5,0.16454545454545455,0.2909090909090909,1.2000000000000002,5.4,True,0.8189945842667425,12.437280564894795,1,True,0.36547428981712293
1032,1034,0.13,7.6978306764045215,0.10363636363636364,0.15545454545454546,4.797830676404518,9.997830676404522,True,0.3878847213119993,12.006170701940052,1,True,0.533413382790412
1033,1035,0.2636363636363636,19.07525106377786,0.2,0.35454545454545455,17.275251063777834,21.475251063777893,False,6.551105420975954,18.169391401604006,1,True,0.010481901647444192
1034,1036,0.012727272727272728,10.971226967668143,0.01090909090909091,0.016363636363636365,9.671226967668147,13.671226967668133,False,17.353225221909636,28.971511202537688,1,False,3.1037110723269286e-05
1036,1038,0.3181818181818182,4.0,0.2272727272727273,0.4363636363636364,1.4000000000000001,6.6000000000000005,True,0.34112287469182623,11.959408855319879,1,True,0.5591817933854127
1037,1039,1.0272727272727273,15.257343010746261,0.6363636363636364,1.4,11.657343010746274,17.95734301074625,False,0.21680354923949963,11.83508952986755,1,True,0.6414863215763233
1038,1040,0.011363636363636364,9.64231553692338,0.01,0.01863636363636364,7.842315536923387,14.942315536923362,True,2.871573865473186,14.489859846101238,1,True,0.09015666472783393
1039,1041,0.06272727272727273,9.904598982813402,0.05909090909090909,0.07772727272727273,9.404598982813404,12.404598982813393,False,18.521302566720717,30.13958854734877,1,False,1.6801588818420434e-05
1041,1043,1.2363636363636363,12.783571925639581,1.0181818181818183,1.290909090909091,11.28357192563958,12.783571925639581,False,37.17288926931387,48.79117524994192,1,False,1.0810632850504217e-09
1042,1044,0.026363636363636363,5.164094885243388,0.02090909090909091,0.031818181818181815,2.8640948852433867,7.16409488524339,True,3.4706045575264883,15.08889053815454,1,True,0.06246847586763373
1043,1045,0.2090909090909091,3.3000000000000003,0.16454545454545455,0.2545454545454545,1.5,4.6000000000000005,True,9.388658146275718,21.006944126903768,1,False,0.00218331951866371
1045,1047,0.046363636363636364,14.037786945629087,0.04,0.07090909090909091,12.837786945629091,18.83778694562907,True,3.749131336736218,15.36741731736427,1,True,0.052834962734411656
1046,1048,0.02090909090909091,3.997502657148238,0.017272727272727273,0.026363636363636363,1.9975026571482362,6.39750265714824,False,17.884759245333996,29.503045225962047,1,False,2.34693095934296e-05
1047,1049,0.11727272727272728,6.847734761485627,0.09636363636363636,0.1390909090909091,4.547734761485625,9.14773476148563,True,5.94584741665039,17.564133397278443,1,True,0.01475199739617778
1048,1050,0.08545454545454545,11.451370786345398,0.06636363636363636,0.11363636363636363,8.451370786345409,14.651370786345387,True,2.304199604554539,13.92248558518259,1,True,0.1290247282896591
1050,1052,0.014090909090909091,21.5452541929274,0.012272727272727272,0.025454545454545455,20.445254192927383,27.445254192927482,False,28.68180152739913,40.30008750802718,1,False,8.53015881598477e-08
1051,1053,0.05454545454545455,22.345263335806123,0.04363636363636364,0.08363636363636363,20.445263335806096,27.04526333580619,False,15.545761345391261,27.164047326019315,1,False,8.05320007964511e-05
1052,1054,0.02909090909090909,5.327851351561531,0.024545454545454544,0.03727272727272728,3.4278513515615296,7.427851351561533,True,10.546774808538341,22.165060789166393,1,False,0.0011639100485225707
1053,1055,0.01818181818181818,3.324495789959169,0.014545454545454545,0.022727272727272728,1.1244957899591692,5.524495789959168,True,7.459992286992447,19.078278267620497,1,True,0.006308527699699037
1054,1056,1.1636363636363636,11.512107622640595,0.5181818181818182,1.2545454545454546,4.712107622640589,11.712107622640595,True,2.220233302729437,13.838519283357488,1,True,0.13621247468951347
1055,1057,0.025454545454545455,9.859582748691196,0.01818181818181818,0.03909090909090909,6.859582748691206,13.959582748691181,True,3.5585059407442365,15.176791921372288,1,True,0.059241037573030654
1056,1058,0.09181818181818181,19.50827159168824,0.075,0.1090909090909091,17.308271591688246,21.308271591688232,False,5.038019450382222,16.656305431010274,1,True,0.024796824549064615
1057,1059,0.02727272727272727,17.220935244626823,0.025454545454545455,0.03636363636363636,16.32093524462681,20.120935244626864,False,18.882472407909418,30.50075838853747,1,False,1.3902419053537452e-05
1059,1061,0.32727272727272727,3.9000000000000004,0.2545454545454545,0.4090909090909091,1.8,5.800000000000001,True,9.260484983279266,20.878770963907318,1,False,0.002341510076665586
1060,1062,0.1090909090909091,11.065349822769004,0.09181818181818181,0.12454545454545454,9.26534982276901,12.765349822768998,True,23.100369960559483,34.718655941187535,1,False,1.5376111149507475e-06
1061,1063,0.05,10.758475900125815,0.04818181818181819,0.06272727272727273,10.458475900125816,13.058475900125806,False,18.786683547380804,30.404969528008856,1,False,1.4618425200421625e-05
1062,1064,0.013636363636363636,3.699973109948675,0.011818181818181818,0.016363636363636365,2.0999731099486754,5.5999731099486745,False,8.769645494523523,20.387931475151575,1,True,0.0030628497271671133
1063,1065,0.02,12.151764869936253,0.015909090909090907,0.025454545454545455,9.751764869936261,14.451764869936245,False,19.262923644178848,30.8812096248069,1,False,1.1389677178767012e-05
1064,1066,0.02,13.346648828837553,0.015454545454545453,0.024545454545454544,10.646648828837563,15.146648828837547,False,18.164360365699842,29.782646346327894,1,False,2.026356210063415e-05
1065,1067,0.09090909090909091,15.667930296359774,0.07445454545454545,0.11,13.467930296359782,17.667930296359767,True,11.015908830457889,22.63419481108594,1,False,0.0009033322485699367
1066,1068,0.026363636363636363,8.44784251614385,0.02181818181818182,0.031818181818181815,6.647842516143857,10.547842516143843,True,13.708013121996938,25.32629910262499,1,False,0.0002135414225237172
1067,1069,0.05090909090909091,3.3315972441059207,0.04363636363636364,0.06454545454545454,1.531597244105921,5.83159724410592,True,8.064924532964165,19.683210513592215,1,True,0.0045130354974975756
1068,1070,0.026363636363636363,4.103399115564389,0.02181818181818182,0.03,2.2033991155643893,5.703399115564388,True,9.889317724110906,21.50760370473896,1,False,0.0016624099591369037
1069,1071,0.034545454545454546,5.051613338633774,0.028181818181818183,0.04272727272727273,3.1516133386337724,7.1516133386337755,True,4.95694832066773,16.575234301295783,1,True,0.02598602743946035
1070,1072,0.12818181818181817,7.133469471961451,0.10363636363636364,0.15363636363636363,4.533469471961448,9.533469471961453,True,4.060636840516283,15.678922821144335,1,True,0.04389394271877205
1071,1073,0.2545454545454545,5.438454139430131,0.2090909090909091,0.3090909090909091,4.038454139430129,6.738454139430132,True,4.148509688331041,15.766795668959093,1,True,0.041671184757536964
1072,1074,0.06545454545454546,9.110711392217443,0.053636363636363635,0.07863636363636364,7.01071139221745,11.310711392217435,True,2.2221921597035768,13.840478140331628,1,True,0.13603977659595165
1073,1075,0.045454545454545456,12.546214020238203,0.03909090909090909,0.06363636363636364,11.146214020238208,16.14621402023819,True,6.66758417565452,18.28587015628257,1,True,0.00981821855257095
1074,1076,0.2090909090909091,3.8000000000000003,0.17272727272727273,0.24545454545454545,2.7,4.9,True,5.131221498735882,16.749507479363935,1,True,0.023499184445991
1075,1077,0.07163636363636364,6.8394050721226485,0.05,0.1,2.839405072122645,10.639405072122653,True,0.2326676884469608,11.850953669075013,1,True,0.6295527941281989
1076,1078,0.09454545454545454,9.33921500696832,0.07545454545454545,0.11545454545454546,6.839215006968329,11.539215006968313,True,2.9524595177808073,14.57074549840886,1,True,0.0857469688847026
1077,1079,0.07472727272727273,6.811976965728114,0.06363636363636364,0.09,5.011976965728113,8.911976965728115,False,2.4217807227273087,14.040066703355361,1,True,0.1196588394972353
1078,1080,0.02181818181818182,20.112893628732675,0.019545454545454546,0.04,20.112893628732675,26.01289362873276,False,8.715249351037471,20.333535331665523,1,True,0.00315559254743711
1079,1081,0.33636363636363636,9.39656297150719,0.2727272727272727,0.4,7.796562971507196,10.796562971507186,True,0.3286777431317791,11.946963723759831,1,True,0.5664387200593188
1080,1082,0.16272727272727272,6.437402066446187,0.12454545454545454,0.23636363636363636,2.737402066446183,9.137402066446189,True,0.6482037002349769,12.266489680863028,1,True,0.42075563657157156
1081,1083,0.014090909090909091,9.997973366269587,0.011363636363636364,0.01818181818181818,7.597973366269596,12.497973366269578,False,14.336652166061587,25.95493814668964,1,False,0.00015285959414272017
1082,1084,0.1590909090909091,9.585884949367207,0.1409090909090909,0.1890909090909091,7.7858849493672135,11.3858849493672,True,9.389934428325878,21.00822040895393,1,False,0.0021818000895937766
1083,1085,0.3090909090909091,4.5,0.2545454545454545,0.4,2.9000000000000004,6.800000000000001,True,0.7751962554636096,12.39348223609166,1,True,0.37861433388083054
1084,1086,0.015454545454545453,15.450189187125266,0.012727272727272728,0.02,13.150189187125275,18.050189187125255,False,11.388440648068428,23.00672662869648,1,False,0.0007390254171415758
1085,1087,0.15,16.59852936306521,0.12090909090909091,0.1809090909090909,13.59852936306522,19.0985293630652,True,5.404084177000337,17.022370157628387,1,True,0.02008968664219489
1086,1088,0.04818181818181819,4.7472458323974305,0.03909090909090909,0.06,2.347245832397429,7.047245832397433,True,8.348863643020477,19.96714962364853,1,True,0.0038592862075082254
1087,1089,0.02727272727272727,8.706154038428947,0.022727272727272728,0.03363636363636364,6.906154038428953,10.70615403842894,False,11.135221911506596,22.75350789213465,1,False,0.0008470379626987995
1089,1091,0.14454545454545453,6.818686748637205,0.12454545454545454,0.16090909090909092,4.918686748637212,8.4186867486372,False,8.320477100246755,19.938763080874807,1,True,0.003920062241482828
1090,1092,0.04818181818181819,12.184553163000825,0.04,0.06454545454545454,10.284553163000831,15.284553163000814,True,13.404186926768507,25.02247290739656,1,False,0.0002510632610956483
1091,1093,0.030909090909090907,4.691580620579545,0.026363636363636363,0.04090909090909091,2.891580620579544,7.2915806205795475,True,9.514329157415672,21.132615138043725,1,False,0.002038736214916533
