index,file_lineno,best_mass,best_AV,mass_min,mass_max,AV_min,AV_max,intersects,min_chi2,chi2_threshold,dof_gof,passes_gof,p_value,true_AV,true_mass
0,2,0.07363636363636364,12.169573545849671,0.04727272727272727,0.11181818181818183,7.369573545849688,16.669573545849655,True,0.003263504481255234,5.9947280515892345,0,,,10.5382,0.056206
1,3,0.19181818181818186,10.434297856418132,0.1590909090909091,0.2363636363636364,8.634297856418138,11.734297856418127,True,0.007328840782294798,5.998793387890274,0,,,9.3431,0.171107
2,4,0.02363636363636364,4.800000000000002,0.02,0.028181818181818183,3.3000000000000003,6.7,True,0.053426554412992634,6.044891101520972,0,,,4.31918,0.020454
3,5,0.11727272727272728,9.24843414981977,0.09909090909090908,0.13363636363636364,7.2484341498197775,10.948434149819763,False,0.017639924907113982,6.0091044720150935,0,,,6.74386,0.085403
4,6,0.16454545454545455,8.36844221276209,0.13,0.2272727272727273,5.368442212762089,10.468442212762094,True,0.000319574036931435,5.99178412114491,0,,,6.40226,0.147953
5,7,0.24545454545454545,16.733394720840863,0.18363636363636365,0.3,14.833394720840866,18.13339472084085,True,0.0863943513570419,6.0778588984650215,0,,,17.3093,0.20703
6,8,0.34545454545454546,22.79888933750425,0.2909090909090909,0.4181818181818182,21.598889337504236,24.19888933750427,False,0.25492372583186146,6.246388272939839,0,,,25.4049,0.353775
8,10,0.06818181818181819,15.156738670296882,0.05545454545454545,0.08454545454545455,12.956738670296886,17.65673867029687,False,0.051017948359748495,6.042482495467727,0,,,14.277,0.053173
9,11,0.4090909090909091,5.549554810270438,0.3,0.6181818181818182,3.34955481027044,8.449554810270437,True,0.0126045298419992,6.004069076949978,0,,,5.86181,0.398091
11,13,0.3363636363636364,6.245688058487168,0.2909090909090909,0.3909090909090909,5.145688058487169,7.345688058487171,True,0.010016907947280098,6.001481455055258,0,,,6.47402,0.321926
12,14,0.09636363636363636,21.08290044465625,0.06818181818181819,0.12636363636363634,17.4829004446562,24.382900444656297,True,0.004384367867486035,5.995848914975464,0,,,20.0599,0.070333
13,15,0.02181818181818182,17.713710996406054,0.015454545454545453,0.029090909090909087,14.71371099640607,20.713710996406046,True,0.11467488200652196,6.106139429114502,0,,,18.585,0.01878
14,16,0.19181818181818186,9.412274899389953,0.15363636363636365,0.24545454545454545,7.3122748993899584,10.712274899389945,True,0.044840781596572905,6.036305328704553,0,,,7.98796,0.168693
15,17,0.2090909090909091,10.511877797074078,0.18363636363636365,0.24545454545454545,9.711877797074079,11.611877797074074,True,0.5347132528816254,6.526177799989604,0,,,10.0988,0.185198
16,18,0.3818181818181817,9.560945123749786,0.3,0.4727272727272727,7.860945123749793,11.160945123749778,True,0.09782547630000944,6.0892900234079885,0,,,10.2079,0.366108
17,19,0.2818181818181818,16.942844907222273,0.2363636363636364,0.3363636363636364,15.742844907222278,18.242844907222267,True,0.0253200310889721,6.016784578196951,0,,,18.1528,0.259832
18,20,0.12636363636363634,16.335051990865956,0.10636363636363637,0.14636363636363636,14.235051990865966,18.135051990865954,False,0.006865560419545861,5.998330107527526,0,,,14.8723,0.097278
20,22,1.2636363636363637,19.885436093035782,0.9181818181818182,1.4,17.58543609303579,20.885436093035782,False,0.020707202534086915,6.012171749642067,0,,,22.9691,1.31329
21,23,0.3909090909090909,7.65655753434482,0.3545454545454545,0.4636363636363636,6.65655753434482,8.95655753434482,True,0.14470333669333918,6.136167883801317,0,,,8.50713,0.394837
22,24,0.015454545454545453,7.19037681985184,0.012727272727272728,0.019545454545454543,5.290376819851839,9.190376819851842,True,0.11221037298217999,6.103674920090159,0,,,7.83498,0.01503
23,25,1.1454545454545455,17.398467620185524,0.8,1.4,14.798467620185535,18.89846762018552,False,0.029890539832859976,6.021355086940839,0,,,20.2002,1.20782
24,26,0.3363636363636364,10.33051184959606,0.2727272727272727,0.4272727272727273,8.830511849596064,12.230511849596052,True,0.024834070284308358,6.016298617392287,0,,,11.0896,0.322605
25,27,0.4,6.344855655867901,0.3272727272727273,0.5272727272727272,4.544855655867899,8.4448556558679,True,0.04303912952188791,6.034503676629868,0,,,6.78875,0.394081
26,28,0.17545454545454547,15.813434668247721,0.1572727272727273,0.2,14.613434668247724,16.713434668247718,True,0.032204239490176687,6.023668786598155,0,,,14.9163,0.158611
27,29,0.13363636363636364,11.043319700229926,0.1190909090909091,0.14636363636363636,9.543319700229931,12.243319700229922,False,2.0619458111345764e-05,5.991485166566091,0,,,8.9241,0.106116
28,30,0.01,10.470607596974352,0.01,0.012272727272727272,10.27060759697435,12.370607596974347,True,0.17033380980812982,6.161798356916108,0,,,11.7408,0.010147
29,31,0.34545454545454546,20.739601043008264,0.2818181818181818,0.4181818181818182,19.339601043008248,22.23960104300829,False,0.1878994628512558,6.179364009959235,0,,,22.939,0.342464
30,32,0.3181818181818182,5.081324246116035,0.19181818181818186,0.5545454545454546,2.0813242461160346,9.081324246116035,True,0.009247921268621095,6.0007124683766,0,,,4.9614,0.293764
32,34,0.02363636363636364,16.077076205899832,0.017727272727272727,0.030909090909090907,13.377076205899842,18.777076205899824,True,0.011381226523169363,6.002845773631147,0,,,16.5894,0.019871
33,35,0.4,2.6,0.2545454545454545,0.9090909090909092,0.0,7.800000000000002,True,0.0036535174526801007,5.995118064560659,0,,,2.62726,0.39264
34,36,0.019545454545454543,10.488810138109706,0.011363636363636364,0.03363636363636364,5.388810138109723,14.988810138109688,True,0.0045322713613048776,5.995996818469285,0,,,10.8478,0.017711
35,37,0.011818181818181818,6.7129007091409765,0.01,0.013636363636363636,5.212900709140975,8.012900709140977,True,0.2528323129440053,6.244296860051985,0,,,7.44862,0.01187
36,38,0.13727272727272727,14.044857115447993,0.12090909090909092,0.15181818181818182,12.444857115448,15.344857115447988,False,0.0724192513222819,6.063883798430262,0,,,12.2681,0.109643
37,39,0.1863636363636364,22.68272200704401,0.1572727272727273,0.2272727272727273,20.982722007043986,23.782722007044026,True,0.03439667274810352,6.025861219856083,0,,,22.8605,0.167637
40,42,0.027272727272727268,11.794272533986303,0.02181818181818182,0.034545454545454546,9.494272533986312,14.094272533986294,True,0.003845097250382136,5.995309644358361,0,,,11.7529,0.023358
41,43,0.12090909090909092,10.64925237407097,0.07727272727272727,0.16272727272727272,5.949252374070988,14.549252374070955,True,0.021144649289867763,6.0126091963978485,0,,,8.43351,0.089676
42,44,0.1390909090909091,5.906278088782327,0.12272727272727273,0.15545454545454546,4.4062780887823285,7.406278088782327,False,0.09152589634027516,6.082990443448254,0,,,3.3925,0.114438
43,45,0.1572727272727273,9.449683115474024,0.12272727272727273,0.2,6.149683115474036,11.749683115474017,True,0.011535606147425331,6.003000153255403,0,,,7.35146,0.135785
44,46,0.02090909090909091,10.289936843684425,0.015454545454545453,0.027272727272727268,7.589936843684434,12.789936843684414,True,0.02508203315369112,6.016546580261671,0,,,10.478,0.018535
45,47,0.1190909090909091,16.68724904274672,0.10090909090909092,0.13727272727272727,14.68724904274673,18.48724904274672,False,0.023025508222916838,6.014490055330897,0,,,15.0886,0.087852
46,48,0.15545454545454546,7.780822548705161,0.1390909090909091,0.17272727272727273,6.380822548705161,9.180822548705162,False,0.0028049409276459155,5.994269488035625,0,,,5.56832,0.134795
47,49,0.028181818181818183,9.288388323554324,0.022727272727272728,0.03545454545454545,7.288388323554331,11.288388323554315,True,0.02617710021274046,6.01764164732072,0,,,8.92927,0.024008
48,50,0.2272727272727273,11.323999523812804,0.17,0.2909090909090909,9.623999523812813,13.123999523812802,True,0.010286875812147869,6.001751422920128,0,,,11.3775,0.195263
49,51,0.049090909090909095,12.020084731157302,0.04,0.06181818181818183,9.82008473115731,14.420084731157296,True,0.04308938370072368,6.034553930808703,0,,,11.3536,0.040398
50,52,0.16818181818181818,8.631583796305302,0.14272727272727273,0.2181818181818182,6.431583796305299,10.131583796305305,True,0.0014593528663460185,5.992923899974325,0,,,6.79817,0.15319
51,53,0.3727272727272728,5.856465574507131,0.2636363636363636,0.6090909090909089,3.3564655745071272,9.556465574507133,True,0.0357660084123301,6.027230555520308,0,,,6.22197,0.364245
52,54,0.14272727272727273,10.274234793990537,0.12090909090909092,0.16090909090909092,8.174234793990543,11.97423479399053,False,0.041233126036128526,6.032697673144106,0,,,8.06416,0.116236
53,55,0.11545454545454545,7.759738104670774,0.08272727272727272,0.14272727272727273,4.4597381046707705,10.159738104670774,False,0.031176934670084706,6.022641481778064,0,,,4.91622,0.082613
54,56,0.09272727272727273,6.697936581171218,0.07727272727272727,0.11181818181818183,4.797936581171216,8.69793658117122,False,0.03568695350478586,6.0271515006127645,0,,,4.17631,0.069229
55,57,0.4818181818181818,10.615560870184238,0.4,0.6181818181818182,9.215560870184245,12.315560870184234,True,0.1050731760225611,6.09653772313054,0,,,12.0183,0.501966
56,58,0.06818181818181819,15.58520273741939,0.05,0.08909090909090908,12.5852027374194,18.58520273741938,True,0.0015024550083342092,5.9929670021163135,0,,,14.5721,0.052476
57,59,0.05,3.3000000000000003,0.03545454545454545,0.07863636363636364,0.0,7.9,True,0.059170228876498136,6.050634775984478,0,,,1.31523,0.040538
58,60,0.6454545454545454,9.945856975580076,0.44545454545454544,1.0,7.0458569755800875,13.145856975580065,True,0.03146829910127845,6.022932846209258,0,,,11.08,0.645787
59,61,0.2,9.792257886064897,0.15363636363636365,0.2727272727272727,7.592257886064905,11.692257886064892,True,0.03277639278293885,6.024240939890918,0,,,8.91214,0.176272
61,63,0.509090909090909,6.577359492890871,0.3727272727272728,0.8727272727272728,4.377359492890869,10.377359492890877,True,0.024397214666804192,6.015861761774782,0,,,7.58463,0.530846
62,64,0.024545454545454544,6.180763702331281,0.02090909090909091,0.03,4.680763702331278,8.380763702331281,True,0.19619814548435144,6.1876626925923315,0,,,5.96092,0.021623
63,65,0.2727272727272727,3.6,0.2090909090909091,0.3545454545454545,1.9,5.5,True,0.026441812981005484,6.0179063600889835,0,,,3.12508,0.245797
64,66,0.3090909090909091,8.154637083915944,0.2636363636363636,0.3636363636363637,6.954637083915942,9.354637083915943,True,0.21247686363821428,6.203941410746193,0,,,8.35411,0.2873
65,67,0.1390909090909091,10.204013022436706,0.11727272727272728,0.16090909090909092,8.104013022436714,12.0040130224367,False,0.003090860622333541,5.994555407730313,0,,,8.02624,0.113136
66,68,0.011363636363636364,12.282716584119628,0.01,0.013636363636363636,10.982716584119633,14.082716584119623,True,0.03593692250682245,6.0274014696148015,0,,,13.7233,0.011521
67,69,0.01636363636363636,16.919948703064147,0.013181818181818182,0.02181818181818182,14.619948703064154,19.619948703064143,True,0.09548080739494658,6.086945354502926,0,,,18.5645,0.015695
69,71,0.013181818181818182,20.718197841041697,0.01,0.02,18.01819784104171,24.818197841041695,True,0.03121304841847785,6.022677595526456,0,,,22.8529,0.012946
70,72,0.1890909090909091,10.999352956854043,0.16454545454545455,0.2181818181818182,9.799352956854051,11.899352956854043,False,0.05573059157188979,6.047195138679869,0,,,9.76368,0.166985
71,73,0.13363636363636364,8.656562105701981,0.11181818181818183,0.15181818181818182,6.556562105701981,10.156562105701985,False,0.015316730252937581,6.006781277360918,0,,,6.17901,0.104763
72,74,0.3090909090909091,6.021872481533411,0.2545454545454545,0.3818181818181817,4.621872481533409,7.721872481533411,True,0.13424012539982733,6.125704672507808,0,,,5.97366,0.284688
73,75,0.015,13.413445119999905,0.01,0.026363636363636363,9.01344511999992,17.71344511999989,True,0.014715436876368443,6.006179983984348,0,,,14.3928,0.014379
74,76,0.08818181818181818,13.779031359816255,0.06454545454545453,0.11363636363636365,10.379031359816267,16.479031359816247,True,0.024860705194745748,6.016325252302724,0,,,11.8002,0.06481
75,77,0.13727272727272727,4.97111009890159,0.11363636363636365,0.16454545454545455,2.6711100989015906,7.37111009890159,False,0.043079682340834966,6.034544229448813,0,,,2.46876,0.113714
77,79,0.03363636363636364,5.823233767277039,0.029090909090909087,0.040909090909090916,4.6232337672770365,7.62323376727704,False,0.024214340652008563,6.015678887759987,0,,,5.12136,0.028294
78,80,0.08454545454545455,9.807415490642386,0.06181818181818183,0.11363636363636365,6.5074154906424,12.807415490642375,True,0.007897895924276373,5.999362443032257,0,,,7.62777,0.063378
79,81,0.1972727272727273,8.536425618523332,0.16090909090909092,0.24545454545454545,6.8364256185233305,10.036425618523332,True,0.005805573228877901,5.997270120336857,0,,,7.37689,0.174625
80,82,0.6454545454545454,14.596905009560952,0.5,0.8727272727272728,12.596905009560961,16.796905009560945,True,0.018749045416264046,6.010213592524242,0,,,16.6568,0.674569
81,83,0.02181818181818182,12.088421768338947,0.01590909090909091,0.029090909090909087,9.488421768338958,14.988421768338938,True,0.0017811254038023784,5.993245672511781,0,,,12.5041,0.019064
82,84,0.2727272727272727,5.5285372441269125,0.24545454545454545,0.3181818181818182,4.728537244126913,6.728537244126913,True,0.15242413387566675,6.143888680983646,0,,,5.43837,0.250973
83,85,0.022727272727272728,15.605824692681177,0.018636363636363642,0.028181818181818183,13.705824692681187,17.705824692681173,True,0.10578883063370337,6.097253377741683,0,,,16.3505,0.01978
84,86,0.12454545454545456,14.081072547322007,0.10545454545454544,0.1409090909090909,11.981072547322011,15.681072547322,False,0.05986678422153027,6.051331331329509,0,,,12.1325,0.092697
85,87,0.06272727272727273,13.62785185316806,0.039090909090909086,0.10363636363636364,8.82785185316808,18.82785185316804,True,0.010706762848244244,6.002171309956223,0,,,12.7011,0.049048
87,89,0.013636363636363636,8.126471212623711,0.01090909090909091,0.015454545454545453,6.126471212623709,9.526471212623713,True,0.2983251690019833,6.289789716109962,0,,,8.67125,0.013106
88,90,0.13,12.666185451308994,0.10181818181818182,0.1572727272727273,9.566185451309003,15.166185451308985,False,0.01564015899445529,6.007104706102433,0,,,10.6929,0.10164
89,91,0.19454545454545452,10.613167525736095,0.16272727272727272,0.2363636363636364,9.113167525736102,11.713167525736091,True,0.00265107018814687,5.994115617296126,0,,,9.59651,0.173357
90,92,0.14636363636363636,9.523923855824421,0.12090909090909092,0.17,7.02392385582443,11.723923855824413,True,0.009665898421164448,6.001130445529142,0,,,7.4095,0.123088
92,94,0.01909090909090909,14.707368039494225,0.011818181818181818,0.030909090909090907,10.307368039494245,19.207368039494213,True,0.015656607940674583,6.007121155048653,0,,,15.6105,0.017277
93,95,0.5454545454545454,8.116764672235446,0.3,1.2363636363636363,3.716764672235442,13.716764672235449,True,0.006537334734024607,5.9980018818420024,0,,,9.48228,0.579234
94,96,0.2181818181818182,5.1908437531604585,0.1863636363636364,0.2545454545454545,4.290843753160459,6.090843753160459,False,0.3907820507682905,6.38224659787627,0,,,4.07236,0.18784
95,97,0.10818181818181817,11.51498798475358,0.09,0.12454545454545456,9.714987984753586,13.314987984753573,False,0.04070868847551765,6.032173235583497,0,,,9.30849,0.078125
96,98,0.1190909090909091,11.365104091175864,0.08181818181818183,0.15181818181818182,7.565104091175876,14.265104091175852,True,0.008382457570882636,5.999847004678862,0,,,9.05418,0.08666
97,99,0.3909090909090909,7.064940984263438,0.34545454545454546,0.4636363636363636,6.064940984263438,8.364940984263441,True,0.016489540764800262,6.007954087872778,0,,,7.69816,0.38784
98,100,0.3636363636363637,6.3821235978161015,0.3090909090909091,0.4545454545454546,5.0821235978161,7.982123597816103,True,0.09036171759865876,6.0818262647066375,0,,,6.84038,0.360001
99,101,0.3636363636363637,5.857552311879672,0.2909090909090909,0.4636363636363636,4.1575523118796704,7.657552311879673,True,0.18090967019753684,6.172374217305517,0,,,6.06938,0.352549
100,102,0.1409090909090909,5.3684555450504945,0.10090909090909092,0.18363636363636365,1.2684555450504928,8.468455545050492,True,0.011243103741417772,6.0027076508493975,0,,,2.62518,0.115311
101,103,0.027272727272727268,12.67167550249374,0.022727272727272728,0.03363636363636364,10.87167550249375,14.571675502493735,True,0.03589170020296061,6.02735624731094,0,,,12.7504,0.023383
102,104,0.045454545454545456,4.6000000000000005,0.03272727272727273,0.0609090909090909,1.6,7.5,True,0.0771479967885605,6.068612543896539,0,,,3.00835,0.036662
103,105,0.07954545454545454,4.5,0.056363636363636366,0.11,0.8,7.9,True,0.011561234918880328,6.003025782026858,0,,,1.83744,0.060408
104,106,0.4909090909090909,2.2,0.34545454545454546,1.0636363636363635,0.0,7.300000000000002,True,0.01120686307839332,6.002671410186371,0,,,2.43285,0.500934
105,107,0.010454545454545454,13.473065541232453,0.01,0.012727272727272728,12.873065541232455,15.373065541232446,True,0.059976241684318324,6.051440788792298,0,,,14.7899,0.010328
106,108,0.1809090909090909,8.316204745837886,0.15545454545454546,0.2272727272727273,6.6162047458378845,9.616204745837887,True,0.04532138921712993,6.036785936325108,0,,,6.84536,0.165704
107,109,0.04636363636363637,11.779190128783931,0.03,0.06909090909090909,7.979190128783946,15.779190128783917,True,0.01906950521502207,6.010534052323001,0,,,11.0379,0.037703
108,110,0.6181818181818182,4.5,0.3272727272727273,1.3090909090909093,0.0,9.5,True,0.0022785558571524764,5.993743102965134,0,,,4.95815,0.620258
109,111,0.14636363636363636,13.30700397698686,0.1190909090909091,0.16818181818181818,10.807003976986866,15.207003976986853,True,0.029169506364157324,6.020634053472136,0,,,11.4629,0.121196
110,112,0.1572727272727273,5.358205322055436,0.13363636363636364,0.19454545454545452,3.3582053220554373,7.158205322055437,False,0.06872646900827346,6.060191016116253,0,,,3.16361,0.14078
111,113,0.10454545454545457,18.64636695622938,0.08909090909090908,0.12090909090909092,17.146366956229382,20.44636695622937,False,0.14663654097784207,6.138101088085822,0,,,17.3897,0.076348
112,114,0.08636363636363636,4.4,0.057272727272727274,0.12636363636363634,0.2,8.3,True,0.0066146726693570345,5.9980792197773365,0,,,1.64683,0.065444
113,115,0.03,10.272643236736348,0.022727272727272728,0.04181818181818182,7.572643236736357,12.87264323673634,True,0.0446099516381864,6.036074498746165,0,,,9.844,0.02555
114,116,0.09090909090909093,12.192046991726654,0.053636363636363635,0.14454545454545453,6.9920469917266725,16.992046991726642,True,0.007337684185633177,5.998802231293613,0,,,9.99249,0.066844
119,121,0.7454545454545455,8.300663830399003,0.3909090909090909,1.4,3.5006638303989988,13.400663830399008,True,0.0027893479532065343,5.9942538950611866,0,,,9.33179,0.741
120,122,0.2363636363636364,7.64060509015216,0.14454545454545453,0.4090909090909091,3.440605090152157,11.640605090152164,True,0.002940522483143592,5.994405069591122,0,,,7.35916,0.20042
121,123,0.14636363636363636,10.688867523710396,0.12636363636363634,0.16454545454545455,8.688867523710401,12.488867523710391,False,0.012110979210570244,6.003575526318549,0,,,8.62908,0.121819
122,124,0.08,7.134191975010341,0.057272727272727274,0.11,3.4341919750103376,10.534191975010344,True,0.01806696614027557,6.009531513248255,0,,,4.72655,0.060716
123,125,0.026363636363636363,13.370020835612493,0.01909090909090909,0.03636363636363636,10.370020835612502,16.37002083561248,True,0.02637917817036985,6.0178437252783485,0,,,13.5392,0.022391
124,126,0.2818181818181818,8.578920135146834,0.2090909090909091,0.3727272727272728,6.5789201351468325,10.578920135146838,True,0.03149011518148659,6.0229546622894645,0,,,8.60738,0.253938
126,128,0.03363636363636364,13.399495446697903,0.026363636363636363,0.045454545454545456,10.89949544669791,16.29949544669789,True,0.049384570436356585,6.040849117544337,0,,,13.537,0.028275
127,129,0.024545454545454544,9.093549590171275,0.01909090909090909,0.03,6.6935495901712745,11.29354959017128,True,0.03092401219433036,6.02238855930231,0,,,8.78322,0.020641
128,130,0.07727272727272727,7.436142726250732,0.056363636363636366,0.10636363636363637,4.036142726250731,10.636142726250737,True,0.0037637508333708274,5.99522829794135,0,,,5.16294,0.05856
129,131,0.1809090909090909,9.500893332713751,0.11181818181818183,0.3909090909090909,4.300893332713771,14.300893332713736,True,0.0002008277269711733,5.99166537483495,0,,,7.91275,0.162422
130,132,0.2363636363636364,4.1000000000000005,0.1863636363636364,0.2909090909090909,2.6,5.7,True,0.01734178657969294,6.008806333687673,0,,,3.3689,0.199559
132,134,0.08636363636363636,7.448579902127756,0.06363636363636364,0.11181818181818183,4.048579902127754,10.148579902127759,True,0.019811414853227557,6.011275961961206,0,,,4.78783,0.063889
133,135,0.01636363636363636,16.62774619264549,0.013181818181818182,0.02090909090909091,14.2277461926455,18.927746192645486,True,0.017974097150685292,6.0094386442586645,0,,,17.9853,0.015424
134,136,0.2272727272727273,7.108099654853964,0.1781818181818182,0.2727272727272727,5.6080996548539614,8.408099654853965,True,0.1393888595979822,6.1308534067059615,0,,,6.18578,0.190286
135,137,0.3,7.1783253779561225,0.2363636363636364,0.3727272727272728,5.578325377956118,8.678325377956122,True,0.17770467890934805,6.169169226017328,0,,,7.10218,0.271911
136,138,0.03818181818181818,14.156772567025829,0.024545454545454544,0.06,9.956772567025844,18.756772567025813,True,0.014188494685508209,6.005653041793488,0,,,13.9785,0.030177
137,139,0.1390909090909091,11.363670714948395,0.11545454545454545,0.16090909090909092,8.963670714948403,13.463670714948387,False,0.034003232541576334,6.025467779649556,0,,,9.31098,0.112257
138,140,0.012272727272727272,16.485267703368958,0.01,0.01636363636363636,14.485267703368963,19.285267703368948,True,0.02813332523698406,6.019597872344964,0,,,18.1738,0.01208
139,141,0.1481818181818182,24.24975309906134,0.08818181818181818,0.2363636363636364,18.749753099061266,28.249753099061397,True,0.016161306015654645,6.007625853123634,0,,,23.5543,0.122405
140,142,0.2272727272727273,12.921175547401226,0.17272727272727273,0.2818181818181818,11.321175547401236,14.321175547401225,True,0.06523307758574051,6.056697624693719,0,,,12.845,0.193337
141,143,0.16636363636363638,14.189034176426725,0.14636363636363636,0.19454545454545452,12.289034176426735,15.289034176426725,True,0.025884218529380103,6.017348765637358,0,,,12.7388,0.148782
142,144,0.029090909090909087,11.783746341961054,0.02181818181818182,0.04454545454545455,8.783746341961066,15.583746341961042,True,0.08978586754154884,6.081250414649527,0,,,11.9309,0.025716
143,145,0.04181818181818182,7.076640394210829,0.03363636363636364,0.04818181818181819,5.1766403942108274,8.67664039421083,False,0.2478342289056528,6.239298776013633,0,,,5.93254,0.033205
144,146,0.04454545454545455,10.255806987719684,0.034545454545454546,0.05909090909090909,7.955806987719693,13.055806987719677,True,0.037009604651373054,6.028474151759353,0,,,9.6584,0.036798
145,147,0.058181818181818175,14.05091366982894,0.04727272727272727,0.07590909090909091,12.050913669828944,16.850913669828927,False,0.06830978246889717,6.059774329576876,0,,,13.5438,0.047249
146,148,0.1972727272727273,9.156204695048586,0.16636363636363638,0.2363636363636364,7.956204695048591,10.256204695048584,True,0.014985360345692103,6.00644990745367,0,,,8.12828,0.175352
147,149,0.06545454545454546,10.891118303453094,0.049090909090909095,0.08454545454545455,7.991118303453107,13.891118303453085,True,0.014601135805685294,6.006065682913665,0,,,9.52671,0.050372
148,150,0.13363636363636364,12.767037958603627,0.11727272727272728,0.15181818181818182,11.167037958603633,14.367037958603618,False,0.06513823939530056,6.056602786503278,0,,,11.0417,0.108144
149,151,0.030909090909090907,6.1122744872879045,0.024545454545454544,0.04272727272727273,3.612274487287903,9.01227448728791,True,0.018112244180301804,6.009576791288282,0,,,5.46216,0.02661
150,152,0.030909090909090907,12.434169258797581,0.018636363636363642,0.05181818181818182,7.534169258797598,17.234169258797564,True,0.015859595935623243,6.007324143043602,0,,,12.3255,0.026252
151,153,0.2181818181818182,9.180789322374087,0.16090909090909092,0.2909090909090909,6.980789322374095,11.180789322374078,True,0.03174298427291555,6.023207531380893,0,,,8.58899,0.187903
152,154,0.028181818181818183,6.461951110188996,0.02090909090909091,0.03818181818181818,3.5619511101889936,8.961951110188998,True,0.1196004265976063,6.111064973705585,0,,,5.57062,0.023801
153,155,0.03,11.29459017526512,0.02363636363636364,0.04272727272727273,8.794590175265128,14.194590175265107,True,0.038529378441750604,6.0299939255497295,0,,,11.3703,0.026494
154,156,0.2,12.17169459058932,0.16818181818181818,0.2363636363636364,11.071694590589322,13.171694590589313,True,0.0014439659726188186,5.9929085130805975,0,,,11.5548,0.177529
156,158,0.014090909090909091,15.337762249773554,0.011363636363636364,0.01818181818181818,13.137762249773562,17.837762249773547,True,0.05002937784255318,6.041493924950531,0,,,17.0474,0.013958
157,159,0.057272727272727274,11.959761784828752,0.03363636363636364,0.09727272727272727,7.059761784828768,17.05976178482873,True,0.001450825576543756,5.992915372684523,0,,,10.9663,0.045687
158,160,0.12090909090909092,27.438244472046986,0.08545454545454545,0.1572727272727273,23.838244472046927,30.838244472047034,True,0.029295913328402718,6.0207604604363825,0,,,27.4087,0.0928
159,161,0.2636363636363636,12.747049038355826,0.2181818181818182,0.3181818181818182,11.547049038355828,13.94704903835582,True,0.033904661949826866,6.025369209057807,0,,,13.3332,0.240288
160,162,0.4636363636363636,16.433021550347526,0.3636363636363637,0.6636363636363636,14.633021550347536,19.133021550347518,True,0.008661392340727683,6.000125939448707,0,,,18.6386,0.486437
161,163,0.10454545454545457,6.214780194600102,0.07681818181818181,0.13,3.2147801946000985,8.914780194600104,False,0.006078285956594857,5.997542833064574,0,,,3.32899,0.075151
162,164,0.1390909090909091,17.83907752555533,0.10727272727272727,0.16636363636363638,14.639077525555338,20.33907752555532,True,0.021468915905332172,6.012933463013312,0,,,16.4239,0.11131
163,165,0.16272727272727272,25.740015659419516,0.13363636363636364,0.2090909090909091,22.94001565941948,27.74001565941955,True,0.02146178943882103,6.0129263365468,0,,,25.7977,0.146333
164,166,0.17,15.693837513431726,0.15,0.2,13.693837513431733,16.69383751343172,True,0.07548317990455733,6.066947727012536,0,,,14.5128,0.154139
165,167,0.045454545454545456,12.879696596892062,0.03818181818181818,0.053636363636363635,11.179696596892066,14.579696596892054,False,0.06887218194888098,6.060336729056861,0,,,12.3389,0.03704
166,168,0.10272727272727274,21.521379443207273,0.06727272727272728,0.13727272727272727,17.021379443207213,25.121379443207324,True,0.022523630809921605,6.0139881779179,0,,,20.3757,0.074023
167,169,0.17545454545454547,9.173517360013443,0.13363636363636364,0.2545454545454545,5.673517360013457,11.373517360013436,True,0.0054766761908531395,5.996941223298832,0,,,7.49457,0.15941
168,170,0.03272727272727273,21.782345351631513,0.024545454545454544,0.04818181818181819,18.782345351631466,25.582345351631567,True,0.010540990003702986,6.002005537111683,0,,,23.0084,0.028044
169,171,0.4727272727272727,23.923819049869003,0.4,0.5727272727272728,22.723819049868982,25.323819049869023,False,0.06573074224776976,6.057195289355747,0,,,27.1491,0.512431
170,172,0.12090909090909092,10.078502244122076,0.10454545454545457,0.13181818181818186,8.378502244122082,11.178502244122072,False,0.213942766876506,6.205407313984486,0,,,7.50252,0.087348
171,173,0.05545454545454545,21.421747219217167,0.03818181818181818,0.07954545454545454,17.521747219217108,25.421747219217227,True,0.021961553806131268,6.01342610091411,0,,,21.4838,0.044426
172,174,0.11545454545454545,11.763883433591467,0.09090909090909093,0.13363636363636364,9.263883433591477,13.663883433591463,False,0.17566477029487412,6.1671293174028525,0,,,9.39909,0.082715
173,175,0.2909090909090909,8.111602482511044,0.24545454545454545,0.34545454545454546,6.911602482511041,9.411602482511043,True,0.0913607284342118,6.082825275542191,0,,,8.18233,0.262931
174,176,0.4090909090909091,3.5,0.2363636363636364,0.9090909090909092,0.0,8.700000000000001,True,0.0011620245291326975,5.992626571637112,0,,,3.55322,0.397854
175,177,0.1572727272727273,14.234437706717413,0.13727272727272727,0.17545454545454547,12.53443770671742,15.634437706717408,False,0.19175014168806914,6.183214688796048,0,,,12.702,0.135225
176,178,0.04727272727272727,9.796107582112029,0.03545454545454545,0.06818181818181819,6.996107582112041,13.596107582112017,True,0.04146823226204823,6.032932779370028,0,,,9.17557,0.039529
177,179,0.13363636363636364,22.253082973704142,0.10636363636363637,0.16272727272727272,19.453082973704106,24.953082973704184,True,0.02639263810569371,6.017857185213673,0,,,21.6871,0.109122
178,180,0.2545454545454545,7.810649089005581,0.1972727272727273,0.3272727272727273,6.11064908900558,9.610649089005584,True,0.1880285010174432,6.1794930481254235,0,,,7.68332,0.226368
180,182,0.19181818181818186,10.421401785572696,0.16454545454545455,0.2181818181818182,9.121401785572699,11.221401785572693,True,0.02854933622013815,6.020013883328117,0,,,9.25039,0.170038
181,183,0.1781818181818182,10.45223423925257,0.11363636363636365,0.3363636363636364,5.152234239252588,14.352234239252555,True,0.002290987369877389,5.993755534477858,0,,,8.83741,0.159614
182,184,0.08545454545454545,4.9,0.05181818181818182,0.13545454545454547,0.0,9.7,True,0.002084924432127202,5.993549471540106,0,,,1.97041,0.063472
183,185,0.15545454545454546,5.4279485162647125,0.13,0.1863636363636364,3.427948516264713,7.227948516264713,False,0.00476598917752986,5.996230536285509,0,,,3.01147,0.135303
184,186,0.027272727272727268,6.638917308409488,0.01909090909090909,0.04181818181818182,3.438917308409487,10.538917308409491,True,0.010333975090511555,6.0017985221984915,0,,,6.25179,0.023886
185,187,0.027272727272727268,12.608540955250735,0.022727272727272728,0.037272727272727284,10.80854095525074,15.508540955250727,True,0.2230977402150944,6.214562287323075,0,,,13.1899,0.024505
186,188,0.2,7.8216136797305085,0.1481818181818182,0.2909090909090909,4.921613679730506,10.121613679730512,True,0.013224671074772423,6.004689218182754,0,,,6.77909,0.179237
187,189,0.12090909090909092,11.68745717620342,0.09909090909090908,0.14636363636363636,9.287457176203427,13.987457176203414,False,0.11603868742093724,6.107503234528918,0,,,9.71431,0.091428
188,190,0.03,6.9759296924632155,0.024545454545454544,0.03818181818181818,4.575929692463214,8.975929692463216,True,0.14637450792376855,6.137839055031747,0,,,6.06479,0.025411
189,191,0.1090909090909091,13.221311495311776,0.08636363636363636,0.13545454545454547,10.721311495311783,15.921311495311766,False,0.12214832073464918,6.113612867842628,0,,,11.399,0.080407
190,192,0.3727272727272728,5.706068403482478,0.3090909090909091,0.4545454545454546,4.306068403482477,7.3060684034824765,True,0.003831147444875485,5.995295694552856,0,,,5.99249,0.362685
191,193,0.03545454545454545,12.467974889516896,0.028181818181818183,0.04363636363636364,10.367974889516905,14.46797488951689,True,0.029272865280222906,6.020737412388202,0,,,12.2704,0.028873
192,194,0.5636363636363636,2.0,0.4090909090909091,1.1363636363636365,0.0,6.800000000000002,True,0.01230782946792932,6.003772376575909,0,,,1.8484,0.54845
193,195,0.04363636363636364,14.826842228909268,0.03,0.05909090909090909,11.72684222890928,17.826842228909253,True,0.14396766233715755,6.135432209445138,0,,,14.4896,0.034887
194,196,0.029090909090909087,4.2,0.02363636363636364,0.037272727272727284,2.1,6.300000000000002,True,0.028192159281004894,6.019656706388984,0,,,3.18633,0.024886
195,197,0.019545454545454543,9.318603627177495,0.015,0.024545454545454544,6.718603627177492,11.618603627177494,True,0.09569217821247372,6.087156725320453,0,,,9.47664,0.017606
196,198,0.04181818181818182,10.980955681671462,0.028181818181818183,0.0609090909090909,7.480955681671472,14.980955681671446,True,0.003235678870372758,5.994700225978352,0,,,10.4913,0.033931
197,199,0.3545454545454545,7.0803959801866245,0.3181818181818182,0.4090909090909091,6.380395980186624,8.280395980186626,True,0.29842359871816954,6.289888145826149,0,,,7.81628,0.354089
198,200,0.09636363636363636,15.125227249388722,0.0609090909090909,0.1390909090909091,10.22522724938874,19.425227249388705,True,0.011148301250700684,6.0026128483586785,0,,,13.4498,0.070947
199,201,0.3363636363636364,11.699109669597998,0.2909090909090909,0.3909090909090909,10.599109669598002,12.899109669597996,True,0.2181231040340672,6.209587651142046,0,,,12.5327,0.323291
200,202,0.026363636363636363,15.320732250196128,0.02,0.03272727272727273,12.920732250196135,17.420732250196117,True,0.08763384897142266,6.0790983960794005,0,,,15.6087,0.022042
201,203,0.1890909090909091,8.963892926168676,0.16272727272727272,0.2272727272727273,7.663892926168674,9.963892926168676,False,0.02369521834339948,6.0151597654513775,0,,,7.60708,0.168851
202,204,0.02181818181818182,11.89354306189031,0.017272727272727273,0.029090909090909087,9.793543061890318,14.593543061890301,True,0.07994279811721706,6.071407345225196,0,,,12.4639,0.019502
203,205,0.056363636363636366,6.672240188719461,0.04181818181818182,0.07681818181818181,3.5722401887194586,10.072240188719467,True,0.000991816350921958,5.992456363458902,0,,,5.21788,0.045316
204,206,0.15,8.903607637133756,0.12454545454545456,0.1781818181818182,6.5036076371337534,11.103607637133756,True,0.010678053328331593,6.002142600436311,0,,,6.80614,0.128256
205,207,0.509090909090909,4.2,0.2909090909090909,1.1272727272727274,0.0,9.5,True,0.0022029070120922678,5.9936674541200725,0,,,4.827,0.529413
206,208,0.10727272727272727,8.850191410188541,0.06727272727272728,0.15,3.950191410188537,12.950191410188543,True,0.005254720715391135,5.99671926782337,0,,,6.34463,0.077882
207,209,0.029090909090909087,18.259480334920408,0.01636363636363636,0.049090909090909095,12.959480334920428,22.85948033492039,True,0.018210400979510304,6.009674948087488,0,,,18.6688,0.024543
208,210,0.2636363636363636,8.989074788074426,0.16454545454545455,0.4,5.689074788074423,12.189074788074427,True,0.01765254169279994,6.009117088800778,0,,,8.80882,0.227345
209,211,0.1863636363636364,9.423469518452166,0.12272727272727273,0.3272727272727273,4.523469518452184,12.923469518452153,True,0.013848734389835918,6.005313281497816,0,,,8.24896,0.170177
210,212,0.019545454545454543,10.171977367535533,0.01590909090909091,0.025454545454545452,8.371977367535537,12.571977367535524,True,0.058701571790550876,6.05016611889853,0,,,10.822,0.018198
211,213,0.11363636363636365,34.300641616733486,0.07309090909090908,0.15181818181818182,29.50064161673343,38.000641616733546,True,0.02071877323273734,6.012183320340716,0,,,34.7439,0.08449
212,214,0.6727272727272727,7.189703792087921,0.3545454545454545,1.4,2.4897037920879166,12.489703792087926,True,3.474929886596503e-05,5.991499296406845,0,,,8.1492,0.679251
213,215,0.3909090909090909,3.2,0.2727272727272727,0.6818181818181818,0.6000000000000001,7.2,True,0.008671280787831798,6.000135827895812,0,,,3.30871,0.38463
214,216,0.09545454545454546,33.19522634384859,0.05454545454545455,0.15,27.995226343848515,37.99522634384866,True,0.00200677563534528,5.993471322743324,0,,,33.401,0.069919
215,217,0.13727272727272727,12.297511632556246,0.12090909090909092,0.1572727272727273,10.79751163255625,14.097511632556238,False,0.17596408599456487,6.167428633102543,0,,,10.7284,0.115338
216,218,0.05090909090909091,5.320573542748309,0.04181818181818182,0.0609090909090909,3.2205735427483098,7.020573542748309,False,0.11765515324396313,6.109119700351942,0,,,3.57594,0.041088
217,219,0.7454545454545455,29.821423602618967,0.5454545454545454,1.0909090909090908,27.62142360261893,32.521423602619,False,0.021851277971800646,6.013315825079781,0,,,34.7551,0.877611
218,220,0.04181818181818182,6.819147020645242,0.03272727272727273,0.053636363636363635,4.61914702064524,9.519147020645244,True,0.03392599352454047,6.02539054063252,0,,,5.86068,0.034193
219,221,0.3363636363636364,3.4000000000000004,0.24545454545454545,0.4818181818181818,1.1,6.300000000000002,True,0.024099400327801453,6.015563947435781,0,,,3.17934,0.315323
220,222,0.11363636363636365,7.006809767125744,0.06909090909090909,0.17,2.10680976712574,12.10680976712575,True,0.018109237726212216,6.009573784834192,0,,,4.36454,0.083205
221,223,0.3363636363636364,11.940605037142687,0.18363636363636365,0.6818181818181818,8.0406050371427,17.14060503714267,True,0.00526209334124795,5.996726640449227,0,,,12.8632,0.320629
222,224,0.5363636363636364,7.0187787497002425,0.2909090909090909,1.1454545454545455,2.318778749700237,12.318778749700249,True,0.004817683418068828,5.996282230526048,0,,,8.18201,0.564628
223,225,0.11181818181818183,15.02792048928235,0.08909090909090908,0.13181818181818186,12.627920489282358,16.927920489282346,False,0.015793922554519415,6.007258469662497,0,,,13.0197,0.080372
224,226,0.06818181818181819,13.288295886098785,0.049090909090909095,0.09454545454545454,9.788295886098798,16.788295886098773,True,0.011804980500671816,6.0032695276086505,0,,,12.1086,0.053026
225,227,0.06545454545454546,8.715971681832983,0.04636363636363637,0.09090909090909093,5.115971681832997,12.615971681832972,True,0.035147350604153235,6.026611897712133,0,,,7.20348,0.05084
227,229,0.17545454545454547,11.255298831034393,0.13181818181818186,0.2545454545454545,7.555298831034404,13.555298831034383,True,0.002583514664163373,5.994048061772142,0,,,9.83942,0.159405
228,230,0.09727272727272727,11.185700793906195,0.05909090909090909,0.1481818181818182,6.085700793906213,16.085700793906177,True,0.0012230042148683258,5.992687551322848,0,,,8.92587,0.07056
229,231,0.17,13.067452551466776,0.1390909090909091,0.2363636363636364,10.067452551466783,15.067452551466769,True,0.02136610329733049,6.012830650405308,0,,,11.7973,0.156721
230,232,0.049090909090909095,10.349791934858873,0.039090909090909086,0.06454545454545453,7.84979193485888,13.14979193485886,True,0.00904961173019013,6.000514158838168,0,,,9.51919,0.040646
231,233,0.01818181818181818,8.647505170789461,0.010454545454545454,0.03,3.3475051707894563,13.147505170789467,True,0.013691356411728816,6.005155903519706,0,,,8.95003,0.016697
232,234,0.08090909090909093,18.831750270069076,0.056363636363636366,0.11363636363636365,14.831750270069096,22.431750270069067,True,0.010449340087640998,6.00191388719562,0,,,17.8396,0.061745
233,235,0.3363636363636364,9.764022282405778,0.2909090909090909,0.3818181818181817,8.664022282405782,10.764022282405774,True,0.5511836472740725,6.5426481943820525,0,,,10.449,0.325239
234,236,0.07863636363636364,12.086817471819586,0.06181818181818183,0.10181818181818182,9.286817471819594,14.786817471819575,False,0.005523029793407169,5.996987576901387,0,,,10.4019,0.059896
235,237,0.3727272727272728,5.211024874676141,0.3,0.4818181818181818,3.5110248746761425,7.311024874676143,True,0.037613076767540866,6.029077623875519,0,,,5.47197,0.363121
236,238,0.2363636363636364,24.1124439584266,0.2,0.2727272727272727,23.212443958426586,25.11244395842661,False,0.03612183871986749,6.0275863858278464,0,,,26.0018,0.209504
237,239,0.16636363636363638,13.682057137474954,0.14454545454545453,0.2,11.682057137474956,14.982057137474944,True,0.023763921169923357,6.015228468277902,0,,,12.3432,0.1504
238,240,0.6272727272727272,6.738654753375922,0.3181818181818182,1.3727272727272726,1.9386547533759175,11.938654753375928,True,0.0022707754549339838,5.993735322562912,0,,,7.60471,0.632756
239,241,0.053636363636363635,13.742321251561913,0.04454545454545455,0.06363636363636364,11.842321251561925,15.54232125156191,False,0.0689928916100844,6.060457438718062,0,,,13.0669,0.043291
240,242,0.030909090909090907,15.548474428321965,0.025454545454545452,0.04181818181818182,13.548474428321972,17.94847442832195,True,0.05760649124740284,6.0490710383553825,0,,,15.8741,0.026629
241,243,0.05090909090909091,4.5,0.04181818181818182,0.06545454545454546,2.4000000000000004,6.9,True,0.09213540122708823,6.083599948335067,0,,,2.95512,0.04234
242,244,0.037272727272727284,17.798543661413365,0.028181818181818183,0.05181818181818182,15.298543661413374,21.298543661413355,True,0.06023855056559167,6.0517030976735695,0,,,18.5904,0.031318
244,246,0.039090909090909086,5.1817413700268675,0.03272727272727273,0.04727272727272727,3.5817413700268674,7.1817413700268675,False,0.4374291544607034,6.428893701568682,0,,,4.27424,0.032383
245,247,0.4909090909090909,1.2000000000000002,0.3909090909090909,1.0363636363636364,0.0,6.300000000000002,True,0.004256542009823783,5.9957210891178025,0,,,1.14525,0.490844
246,248,0.4,7.182141174341949,0.34545454545454546,0.4545454545454546,5.982141174341949,8.08214117434195,True,0.2001501026128338,6.191614649720813,0,,,7.51441,0.384787
247,249,0.3272727272727273,8.073578868152955,0.24545454545454545,0.4545454545454546,6.0735788681529534,10.673578868152957,True,0.05445724003417722,6.0459217871421576,0,,,8.44308,0.307826
248,250,0.24545454545454545,16.702605298017527,0.18363636363636365,0.2909090909090909,14.802605298017532,18.002605298017517,True,0.11651969516289533,6.1079842422708746,0,,,17.1685,0.201849
249,251,0.24545454545454545,4.2,0.1972727272727273,0.3,2.9000000000000004,5.800000000000002,True,0.039523042439842136,6.030987589547821,0,,,3.63735,0.213754
250,252,0.3,3.9,0.2727272727272727,0.3545454545454545,3.1,5.2,True,0.04636303489715378,6.037827582005132,0,,,3.77234,0.284252
251,253,0.5,24.03669274673533,0.3909090909090909,0.7727272727272727,22.23669274673531,27.23669274673538,False,0.04320603930292609,6.034670586410905,0,,,27.8617,0.579121
253,255,0.08363636363636362,5.780900840415296,0.06545454545454546,0.11,2.980900840415297,8.480900840415295,False,0.026852269468897457,6.018316816576878,0,,,3.26746,0.06402
254,256,0.3,18.10902248224489,0.2272727272727273,0.3909090909090909,16.309022482244888,20.209022482244876,True,0.045204657151372084,6.036669204259352,0,,,19.5355,0.281194
255,257,0.030909090909090907,7.069593044936358,0.027272727272727268,0.037272727272727284,5.669593044936357,8.66959304493636,False,0.35920010545570913,6.3506646525636885,0,,,6.41858,0.026355
256,258,0.12454545454545456,12.369864236638064,0.10545454545454544,0.14636363636363636,10.36986423663807,14.269864236638055,False,0.07475195833302761,6.066216505441008,0,,,10.5602,0.09673
257,259,0.2727272727272727,15.103440469397507,0.2272727272727273,0.3363636363636364,13.703440469397512,16.60344046939751,True,0.17783034009593346,6.169294887203912,0,,,16.0383,0.252598
258,260,0.14272727272727273,40.66199719092453,0.09454545454545454,0.2272727272727273,35.66199719092445,45.261997190924596,True,0.015005596397321616,6.0064701435053,0,,,42.6108,0.12709
259,261,0.19454545454545452,11.777887914383856,0.17,0.2181818181818182,10.977887914383857,12.377887914383852,False,0.17705153175014907,6.1685160788581275,0,,,10.7586,0.170935
261,263,0.3272727272727273,18.052378490630037,0.2818181818181818,0.3818181818181817,16.95237849063004,19.152378490630028,False,0.3121023208913236,6.303566867999302,0,,,19.7064,0.318568
262,264,0.2909090909090909,6.622049140174817,0.24545454545454545,0.34545454545454546,5.522049140174817,7.8220491401748165,True,0.06700640411357169,6.058470951221551,0,,,6.51317,0.264027
263,265,0.16454545454545455,9.820382414827224,0.14454545454545453,0.19181818181818186,8.020382414827228,10.920382414827216,False,0.07723260655099412,6.068697153658973,0,,,7.84282,0.145277
265,267,0.1572727272727273,22.07094836097432,0.14454545454545453,0.17272727272727273,20.8709483609743,23.270948360974327,False,0.031674681901638836,6.023139229009618,0,,,21.654,0.140023
266,268,0.5,15.531706123878267,0.4,0.6727272727272727,13.731706123878276,17.631706123878264,True,0.004871007335804233,5.996335554443784,0,,,17.6157,0.535745
267,269,0.039090909090909086,6.623452025509473,0.03,0.04818181818181819,4.523452025509473,8.923452025509476,True,0.018791341593732584,6.01025588870171,0,,,5.68679,0.031505
268,270,0.16454545454545455,21.022795965314952,0.14454545454545453,0.2,19.122795965314925,22.42279596531497,True,0.009752107375421431,6.0012166544834,0,,,20.6584,0.149924
269,271,0.4,3.7,0.3,0.6272727272727272,1.4,7.0,True,0.02505800958752759,6.016522556695508,0,,,3.99631,0.398539
270,272,0.029090909090909087,12.051373846463894,0.02181818181818182,0.04,9.051373846463909,14.851373846463884,True,0.041956305627569135,6.033420852735548,0,,,11.8599,0.024701
271,273,0.2909090909090909,21.305772148682944,0.2636363636363636,0.34545454545454546,20.30577214868293,22.40577214868296,False,0.03007829515929747,6.0215428422672765,0,,,23.2463,0.282247
272,274,0.07863636363636364,6.242055419093398,0.058181818181818175,0.10545454545454544,2.9420554190933954,9.142055419093401,True,0.004070079064914622,5.995534626172893,0,,,3.78625,0.05971
274,276,0.16636363636363638,13.562247299968547,0.15,0.19181818181818186,12.062247299968552,14.562247299968545,False,0.11990095973046265,6.1113655068384425,0,,,12.1785,0.149638
275,277,0.02,12.549779762872861,0.017272727272727273,0.024545454545454544,11.149779762872868,14.349779762872856,True,0.06474575080006675,6.056210297908046,0,,,13.4064,0.018457
276,278,0.028181818181818183,3.4000000000000004,0.024545454545454544,0.03545454545454545,2.0,5.300000000000002,True,0.03539964353079618,6.026864190638776,0,,,2.55597,0.024638
277,279,0.4545454545454546,3.1,0.2909090909090909,0.9727272727272728,0.0,8.200000000000001,True,0.004227387510361483,5.995691934618341,0,,,3.23936,0.451866
279,281,0.2545454545454545,14.195719516897375,0.2,0.3181818181818182,12.995719516897381,15.795719516897373,True,0.04089387818625221,6.032358425294231,0,,,15.037,0.22838
280,282,0.012727272727272728,15.039825900843324,0.01,0.017727272727272727,12.639825900843332,18.139825900843316,True,0.03341496768002401,6.024879514788003,0,,,16.7526,0.012869
281,283,0.09,11.917032565333102,0.06363636363636364,0.11727272727272728,8.117032565333115,14.617032565333092,True,0.044750313210509374,6.036214860318488,0,,,9.60764,0.065644
282,284,0.16636363636363638,13.735253094202745,0.15363636363636365,0.1890909090909091,12.635253094202747,14.63525309420274,False,0.07809714237646531,6.069561689484444,0,,,12.5053,0.151441
283,285,0.2363636363636364,7.028459241426137,0.1890909090909091,0.2818181818181818,5.928459241426135,8.028459241426138,True,0.14331750870271642,6.134782055810696,0,,,6.5213,0.19811
284,286,0.4181818181818182,3.9,0.2272727272727273,0.9363636363636364,0.0,9.1,True,0.0017796645400688157,5.993244211648048,0,,,4.03699,0.40714
285,287,0.1972727272727273,20.489302447473023,0.15545454545454546,0.2545454545454545,18.289302447473027,22.089302447473017,True,0.007871106054136478,5.999335653162116,0,,,20.7813,0.175566
286,288,0.4090909090909091,10.29229986681325,0.3363636363636364,0.509090909090909,8.792299866813256,11.892299866813245,True,0.026518116016004286,6.017982663123982,0,,,11.2833,0.405095
287,289,0.04454545454545455,5.698926835119948,0.031818181818181815,0.06272727272727273,2.4989268351199434,9.39892683511995,True,0.02015263860302126,6.0116171857110015,0,,,4.46489,0.036446
288,290,0.013181818181818182,6.719606878640825,0.01,0.01818181818181818,4.019606878640822,9.819606878640826,True,0.01776892019923491,6.009233467307213,0,,,7.36582,0.013026
289,291,0.4545454545454546,7.429499441758478,0.3636363636363637,0.6181818181818182,5.629499441758474,9.729499441758476,True,0.0446618296865486,6.036126376794528,0,,,8.28644,0.460924
290,292,0.03,3.6,0.025454545454545452,0.03818181818181818,1.8,5.5,True,0.019420090128937355,6.0108846372369165,0,,,2.56491,0.025927
291,293,0.01681818181818182,6.994613065556535,0.013636363636363636,0.02181818181818182,4.994613065556532,9.494613065556537,True,0.01921627157443312,6.010680818682412,0,,,7.5943,0.01613
292,294,0.7090909090909091,3.9,0.4,1.4,0.0,8.9,True,0.0010857629389079925,5.992550310046887,0,,,4.44438,0.706293
293,295,0.3,3.2,0.2636363636363636,0.3636363636363637,2.2,4.6000000000000005,True,0.0136858904556847,6.005150437563664,0,,,2.9281,0.282857
294,296,0.9454545454545454,9.623011149241108,0.4636363636363636,1.4,5.123011149241126,13.323011149241095,True,0.00012241179658370894,5.991586958904562,0,,,10.9687,0.925956
296,298,0.13545454545454547,19.318667945305318,0.11545454545454545,0.1572727272727273,17.21866794530532,21.31866794530531,False,0.038987284388856916,6.030451831496836,0,,,18.394,0.110836
297,299,0.3363636363636364,3.2,0.2181818181818182,0.5818181818181818,0.4,7.2,True,0.00279466076767692,5.994259207875656,0,,,2.98493,0.318227
298,300,0.44545454545454544,8.711293391163295,0.3636363636363637,0.5545454545454546,7.3112933911633,10.31129339116329,True,0.03156454252866442,6.023029089636643,0,,,9.60489,0.443287
299,301,0.3090909090909091,6.906844671028924,0.2363636363636364,0.4272727272727273,5.106844671028922,9.406844671028924,True,0.02083118404061362,6.012295731148592,0,,,7.16208,0.291543
300,302,0.12090909090909092,11.182865674966939,0.08636363636363636,0.15,7.8828656749669515,13.682865674966932,True,0.026896268956028854,6.018360816064007,0,,,8.95079,0.089046
302,304,0.9363636363636364,10.85188603584852,0.509090909090909,1.4,6.651886035848537,13.95188603584851,True,0.0028220181792942747,5.994286565287273,0,,,12.4186,0.9284
303,305,0.011818181818181818,7.044842721581565,0.01,0.013636363636363636,5.544842721581564,8.444842721581567,True,0.06643556738657189,6.05790011449455,0,,,7.74925,0.01175
304,306,0.1,13.644093659077065,0.08272727272727272,0.11545454545454545,11.944093659077067,15.344093659077055,False,0.0658526040566208,6.057317151164599,0,,,11.8727,0.072793
305,307,0.3545454545454545,4.832349730522948,0.3,0.44545454545454544,3.632349730522948,6.4323497305229465,True,0.187803385873448,6.1792679329814275,0,,,5.11355,0.351264
306,308,0.16818181818181818,5.1000000000000005,0.1390909090909091,0.2272727272727273,2.4000000000000004,6.9,True,0.010255627579253579,6.001720174687233,0,,,2.86052,0.153857
307,309,0.2272727272727273,4.800000000000002,0.16454545454545455,0.2909090909090909,2.7,6.5,True,0.01195898624026867,6.003423533348247,0,,,3.66366,0.190781
308,310,0.3,13.349994432823756,0.2545454545454545,0.3727272727272728,12.24999443282376,14.94999443282375,True,0.04901393958413775,6.040478486692117,0,,,14.4488,0.287995
309,311,0.15,7.477836057139814,0.13363636363636364,0.16818181818181818,5.977836057139813,9.177836057139814,False,0.0829084919505567,6.074373039058536,0,,,5.37594,0.129888
310,312,0.6090909090909089,7.797588956092835,0.4090909090909091,1.0727272727272728,4.897588956092833,11.69758895609284,True,0.0010397462979847122,5.992504293405965,0,,,8.7526,0.620898
311,313,1.1636363636363636,5.493219436036512,0.5454545454545454,1.4,0.7932194360365115,7.493219436036509,True,0.00011067258558549048,5.991575219693566,0,,,6.10097,1.08928
312,314,0.1863636363636364,9.332165408465062,0.15,0.24545454545454545,6.8321654084650705,11.132165408465056,True,0.010746516691521468,6.002211063799501,0,,,7.94024,0.166565
313,315,0.09363636363636364,10.094150615957618,0.07363636363636364,0.1190909090909091,7.594150615957629,12.594150615957613,False,0.028666012904261164,6.02013056001224,0,,,7.88829,0.06973
314,316,0.2636363636363636,13.170666125622704,0.2090909090909091,0.3181818181818182,11.77066612562271,14.4706661256227,True,0.05146453190540631,6.042929079013384,0,,,13.5731,0.229595
315,317,0.3,1.7000000000000002,0.2181818181818182,0.5545454545454546,0.0,6.1000000000000005,True,0.017548727983415332,6.0090132750913945,0,,,1.08928,0.27833
316,318,0.1390909090909091,7.534105941224331,0.12272727272727273,0.1590909090909091,6.1341059412243295,9.234105941224332,False,0.08678232495492287,6.078246872062903,0,,,5.37589,0.116108
317,319,0.2363636363636364,7.88445577074975,0.18363636363636365,0.2909090909090909,6.384455770749749,9.48445577074975,True,0.13299378895787167,6.124458336065849,0,,,7.48673,0.198125
318,320,0.027272727272727268,17.00582044695282,0.02,0.04272727272727273,14.105820446952832,21.305820446952808,True,0.11500545829101952,6.106470005398997,0,,,18.18,0.024604
319,321,0.19181818181818186,8.236003919967937,0.1572727272727273,0.24545454545454545,6.336003919967935,9.636003919967935,True,0.030358329200968637,6.021822876308947,0,,,6.98574,0.172364
320,322,0.2181818181818182,7.668201253102219,0.1863636363636364,0.2636363636363636,6.768201253102218,8.66820125310222,True,0.2997438757940749,6.291208422902054,0,,,7.19678,0.192636
321,323,0.056363636363636366,21.22763281433759,0.04,0.08090909090909093,17.627632814337538,25.127632814337645,True,0.0021959093799509576,5.9936604564879294,0,,,21.4138,0.045716
322,324,0.2545454545454545,9.894330431127003,0.2272727272727273,0.2909090909090909,9.294330431127003,10.794330431127,True,0.07829206007185603,6.069756607179835,0,,,10.1806,0.227933
323,325,0.1190909090909091,10.301683732747806,0.10181818181818182,0.1390909090909091,8.501683732747814,12.3016837327478,False,0.11405752033735185,6.105522067445331,0,,,8.19206,0.088783
324,326,0.2,3.8,0.17545454545454547,0.2363636363636364,3.0,4.800000000000002,False,0.1684255083509674,6.1598900554589475,0,,,2.42722,0.179936
326,328,0.2181818181818182,14.35153699682226,0.1809090909090909,0.2545454545454545,13.251536996822267,15.251536996822256,True,0.07355596920936006,6.065020516317339,0,,,14.249,0.187421
327,329,0.17545454545454547,14.093477270010126,0.15363636363636365,0.2181818181818182,12.39347727001013,15.293477270010118,True,0.09492249131770501,6.086387038425684,0,,,13.2202,0.16271
328,330,0.2909090909090909,2.2,0.2090909090909091,0.4181818181818182,0.0,5.0,True,0.039027522438224535,6.030492069546202,0,,,1.62657,0.265953
329,331,0.01909090909090909,8.198004857798765,0.01590909090909091,0.02363636363636364,6.498004857798764,10.098004857798767,True,0.05245789571062588,6.043922442818606,0,,,8.51681,0.017592
330,332,0.028181818181818183,4.844721245934539,0.024545454545454544,0.037272727272727284,3.4447212459345398,7.2447212459345405,True,0.2923426727972984,6.2838072199052775,0,,,4.47306,0.025467
331,333,0.11727272727272728,10.296026460766846,0.08090909090909093,0.15181818181818182,6.39602646076686,13.596026460766835,True,0.010491899596298484,6.001956446704277,0,,,7.98528,0.086248
332,334,1.2454545454545454,10.70996197913085,0.6636363636363636,1.4,6.709961979130862,12.109961979130846,False,0.0017356988405582091,5.993200245948538,0,,,12.3416,1.24447
333,335,0.12454545454545456,10.334120036854536,0.10545454545454544,0.14636363636363636,8.434120036854544,12.234120036854529,False,0.1488040314609501,6.1402685785689295,0,,,8.2831,0.096396
334,336,0.14272727272727273,12.505413957753428,0.12090909090909092,0.16272727272727272,10.605413957753434,14.405413957753419,False,0.003429089941217595,5.994893637049197,0,,,10.8322,0.118758
335,337,0.2181818181818182,14.451212073255064,0.1781818181818182,0.2727272727272727,13.35121207325507,15.85121207325506,True,0.05718298309635416,6.048647530204332,0,,,14.7917,0.191766
336,338,0.2363636363636364,5.1000000000000005,0.1863636363636364,0.2727272727272727,3.7,6.1000000000000005,True,0.15099455536605322,6.1424591024740325,0,,,4.01046,0.19403
337,339,0.4090909090909091,3.5,0.24545454545454545,0.8545454545454546,0.0,8.5,True,0.005687105389977675,5.997151652497957,0,,,3.63504,0.40222
338,340,0.053636363636363635,20.080255451669107,0.04363636363636364,0.07309090909090908,17.78025545166911,23.48025545166909,True,0.0995883965798372,6.091052943687817,0,,,20.5696,0.045066
339,341,0.2545454545454545,4.4,0.2181818181818182,0.2909090909090909,3.6,5.300000000000002,True,0.2415127605387337,6.2329773076467125,0,,,3.82772,0.220449
340,342,0.13545454545454547,10.779377540799015,0.12090909090909092,0.15181818181818182,9.37937754079902,12.27937754079901,False,0.2549029621468133,6.246367509254793,0,,,8.84771,0.110302
341,343,1.0,8.669820066088928,0.5818181818181818,1.4,4.469820066088924,11.469820066088928,True,0.007958655406724309,5.999423202514702,0,,,9.64171,0.951855
342,344,0.990909090909091,0.9,0.8090909090909091,1.4,0.0,3.9,True,0.0010770262175158014,5.992541573325495,0,,,0.723914,0.921114
343,345,0.015,19.293253815927073,0.01090909090909091,0.02181818181818182,15.993253815927089,22.69325381592707,True,0.025366857541190356,6.016831404649169,0,,,21.1365,0.01455
344,346,0.2090909090909091,10.087392619586778,0.1781818181818182,0.24545454545454545,9.18739261958678,11.187392619586772,True,0.3921355866477245,6.383600133755704,0,,,9.55788,0.184106
345,347,0.4090909090909091,4.6000000000000005,0.2727272727272727,0.7,1.7000000000000002,8.5,True,0.01416617393790563,6.0056307210458835,0,,,4.66521,0.392184
346,348,0.13,7.835028748161367,0.11545454545454545,0.14636363636363636,6.2350287481613655,9.135028748161368,False,0.11712903582874692,6.108593582936726,0,,,5.36674,0.103231
347,349,0.17,8.086874646896879,0.1481818181818182,0.2,5.9868746468968785,9.08687464689688,False,0.047686490590464856,6.039151037698443,0,,,5.96922,0.153327
348,350,0.03,9.177629053738757,0.026363636363636363,0.03818181818181818,7.677629053738762,11.077629053738749,False,0.033529890542136294,6.0249944376501166,0,,,8.88136,0.026211
349,351,0.2090909090909091,7.881286632863776,0.17545454545454547,0.2363636363636364,6.9812866328637755,8.581286632863776,False,0.2904175788783348,6.281882125986314,0,,,6.69938,0.180308
350,352,0.4545454545454546,1.8,0.3363636363636364,1.0,0.0,7.0,True,0.0031013168312147518,5.994565863939194,0,,,1.94461,0.459678
351,353,0.08727272727272728,18.658648653859565,0.07545454545454545,0.10454545454545457,17.05864865385957,20.358648653859557,False,0.10549481234295946,6.0969593594509375,0,,,17.5537,0.06645
352,354,0.027272727272727268,15.898237375462196,0.02181818181818182,0.037272727272727284,13.798237375462204,18.698237375462185,True,0.08723267089758621,6.0786972180055665,0,,,16.7506,0.024071
354,356,0.1572727272727273,11.67880875742328,0.13545454545454547,0.1863636363636364,9.878808757423288,13.278808757423274,True,0.0662960834196452,6.057760630527624,0,,,10.0197,0.137932
355,357,0.04454545454545455,11.578829989508689,0.03636363636363636,0.05181818181818182,9.578829989508696,13.178829989508687,False,0.14121785984974208,6.132682406957722,0,,,10.7726,0.035605
357,359,0.15545454545454546,9.099894908214331,0.14272727272727273,0.16454545454545455,7.999894908214332,9.899894908214332,False,0.10993206818268236,6.1013966152906605,0,,,6.86274,0.132942
358,360,0.6636363636363636,5.669346385821066,0.3181818181818182,1.4,0.7693463858210663,10.769346385821063,True,0.0007854349523430709,5.992249982060323,0,,,6.39137,0.662956
359,361,0.2272727272727273,9.53663933646577,0.17272727272727273,0.2818181818181818,7.936639336465776,10.936639336465763,True,0.10327643913350087,6.09474098624148,0,,,9.03267,0.191804
360,362,0.13363636363636364,8.711823673527766,0.11545454545454545,0.15363636363636365,6.9118236735277625,10.611823673527764,False,0.030482859113885482,6.021947406221863,0,,,6.5286,0.107734
361,363,0.015454545454545453,2.6,0.012727272727272728,0.019545454545454543,0.6000000000000001,4.800000000000002,True,0.0493008544620404,6.0407654015700185,0,,,2.78868,0.015144
362,364,0.2090909090909091,18.57933432802104,0.17545454545454547,0.2545454545454545,17.579334328021044,19.57933432802104,True,0.2784031096002845,6.269867656708263,0,,,18.961,0.185186
363,365,0.3090909090909091,3.0,0.2272727272727273,0.4363636363636364,0.8,5.800000000000002,True,0.07230667396138281,6.063771221069362,0,,,2.61663,0.285649
364,366,0.3727272727272728,3.2,0.2636363636363636,0.5909090909090908,0.5,6.7,True,0.03933095619720455,6.030795503305184,0,,,3.03329,0.357307
365,367,0.4363636363636364,2.3000000000000003,0.3272727272727273,0.7090909090909091,0.0,6.0,True,0.013296438503394258,6.004760985611372,0,,,2.38762,0.433287
366,368,0.3363636363636364,2.0,0.2363636363636364,0.6363636363636364,0.0,6.7,True,0.013417179905271505,6.004881727013251,0,,,1.59861,0.314603
368,370,0.015454545454545453,13.378989553171408,0.012727272727272728,0.01909090909090909,11.378989553171413,15.278989553171401,True,0.015244082069427588,6.006708629177407,0,,,14.6146,0.014912
369,371,0.10181818181818182,12.141976179932678,0.07036363636363636,0.13545454545454547,8.441976179932691,15.541976179932663,True,0.002402819028436403,5.993867366136415,0,,,10.1329,0.074156
370,372,0.040909090909090916,9.728911417758642,0.031818181818181815,0.05,7.528911417758651,12.028911417758634,True,0.06309149398326168,6.0545560410912405,0,,,9.02142,0.032683
371,373,0.04181818181818182,6.770952519478465,0.03,0.056363636363636366,3.870952519478464,9.870952519478466,True,0.01502050239922109,6.006485049507201,0,,,5.7069,0.033703
372,374,0.026363636363636363,24.00622220921019,0.01681818181818182,0.045454545454545456,19.50622220921013,29.206222209210267,True,0.01569670485098297,6.007161251958963,0,,,25.7492,0.023395
373,375,0.04,10.574777149278749,0.029090909090909087,0.05090909090909091,7.674777149278759,13.27477714927874,True,0.08724250254961237,6.078707049657592,0,,,9.82369,0.031531
374,376,0.1781818181818182,10.321533052138637,0.15363636363636365,0.2090909090909091,8.521533052138642,11.321533052138633,True,0.10119243594756386,6.092656983055543,0,,,8.70859,0.158698
375,377,0.03818181818181818,11.21578666460495,0.029090909090909087,0.049090909090909095,8.815786664604959,13.91578666460494,True,0.004961270461737529,5.996425817569716,0,,,10.9066,0.031165
376,378,0.12272727272727273,12.386746394238784,0.10636363636363637,0.1390909090909091,10.586746394238789,13.98674639423878,False,0.02701820656378369,6.018482753671763,0,,,10.3718,0.092124
377,379,0.029090909090909087,10.220148069449928,0.024545454545454544,0.03818181818181818,8.520148069449933,12.52014806944992,True,0.014944315663880556,6.006408862771861,0,,,10.1988,0.02545
378,380,0.05181818181818182,8.495015159230146,0.040909090909090916,0.06909090909090909,5.8950151592301445,11.395015159230152,True,0.014883720201937137,6.0063482673099164,0,,,7.35559,0.042825
379,381,0.16272727272727272,11.99301069039707,0.14636363636363636,0.19181818181818186,10.693010690397074,13.293010690397065,False,0.06273219586531273,6.054196742973293,0,,,10.682,0.147559
380,382,0.2272727272727273,2.9000000000000004,0.1972727272727273,0.2545454545454545,2.2,3.6,False,0.2854203225750673,6.276884869683046,0,,,1.74591,0.192892
382,384,0.04363636363636364,5.1574197290058965,0.031818181818181815,0.05909090909090909,2.2574197290058957,8.357419729005894,True,0.0773961403082484,6.068860687416228,0,,,3.87748,0.035569
383,385,0.06454545454545453,13.26897519438519,0.04363636363636364,0.09636363636363636,9.268975194385202,17.568975194385175,True,0.01860564839653531,6.0100701955045155,0,,,12.2809,0.050533
384,386,0.024545454545454544,14.535776004388168,0.019545454545454543,0.029090909090909087,12.435776004388176,16.53577600438816,True,0.006146218851499736,5.997610765959479,0,,,14.9979,0.020907
385,387,0.03,8.868262475406258,0.025454545454545452,0.03636363636363636,7.068262475406258,10.36826247540626,True,0.07709321708356202,6.0685577641915405,0,,,8.37012,0.025806
386,388,0.10818181818181817,9.954949269968097,0.09272727272727273,0.12636363636363634,8.354949269968099,11.754949269968087,False,0.2191298137326324,6.210594360840611,0,,,7.77858,0.079968
387,389,0.05545454545454545,11.108823996692905,0.045454545454545456,0.0710909090909091,8.908823996692913,13.708823996692894,False,0.009726022317739157,6.0011905694257175,0,,,10.1562,0.045054
388,390,0.01636363636363636,14.928794794928908,0.011818181818181818,0.02363636363636364,11.72879479492892,18.428794794928894,True,0.003805916078719261,5.995270463186697,0,,,16.2268,0.015508
389,391,0.01681818181818182,12.71328170254759,0.012727272727272728,0.02181818181818182,10.013281702547602,15.113281702547585,True,0.06798314651426786,6.059447693622247,0,,,13.5995,0.015694
390,392,0.3727272727272728,2.9000000000000004,0.2727272727272727,0.5636363636363636,0.4,6.1000000000000005,True,0.0006900875363049481,5.992154634644284,0,,,2.75166,0.358062
391,393,0.1863636363636364,4.6000000000000005,0.15545454545454546,0.24545454545454545,2.6,6.300000000000002,True,0.096909193877654,6.0883737409856336,0,,,2.90691,0.169904
392,394,0.18363636363636365,8.558524424658177,0.16272727272727272,0.2090909090909091,7.458524424658176,9.358524424658178,False,0.06059741886295815,6.052061965970937,0,,,6.96599,0.163993
393,395,0.1090909090909091,10.187512570650703,0.08181818181818183,0.13545454545454547,7.187512570650716,12.887512570650694,False,0.000918759639680306,5.99238330674766,0,,,7.75263,0.078724
394,396,0.7181818181818181,6.265174290243981,0.4090909090909091,1.4,2.165174290243977,11.265174290243984,True,0.0005925880629698954,5.99205713517095,0,,,7.12659,0.721981
395,397,0.44545454545454544,8.920957008448159,0.3636363636363637,0.5909090909090908,7.320957008448165,11.020957008448153,True,0.01177638739826618,6.003240934506246,0,,,9.86064,0.451638
396,398,0.19454545454545452,4.4,0.17,0.2272727272727273,3.6,5.300000000000002,False,0.1546639564225778,6.146128503530557,0,,,2.91638,0.175856
397,399,0.056363636363636366,12.800743198647805,0.04636363636363637,0.06727272727272728,10.800743198647812,14.600743198647795,False,0.1257485984266053,6.117213145534585,0,,,11.7218,0.044551
398,400,0.02181818181818182,13.323919142418015,0.01636363636363636,0.027272727272727268,10.423919142418026,15.623919142418007,True,0.1603372810477735,6.151801828155753,0,,,13.4445,0.018617
399,401,0.17,18.50385342596383,0.15363636363636365,0.2090909090909091,16.903853425963835,19.603853425963827,True,0.08694853030523644,6.078413077413216,0,,,17.9808,0.15907
400,402,0.16818181818181818,14.925512201903233,0.14454545454545453,0.2181818181818182,12.82551220190324,16.525512201903226,True,0.02380547478747523,6.015270021895455,0,,,13.9504,0.155204
401,403,0.018636363636363642,11.851998413898563,0.015454545454545453,0.022727272727272728,10.151998413898571,13.65199841389856,True,0.0312775950163048,6.022742142124285,0,,,12.5571,0.017154
402,404,0.02363636363636364,10.729809650039908,0.01909090909090909,0.027272727272727268,8.929809650039914,12.229809650039902,True,0.09319950521714486,6.084664052325124,0,,,10.6672,0.019849
403,405,0.06181818181818183,7.217779792054861,0.04727272727272727,0.07772727272727273,4.317779792054857,9.817779792054859,True,0.05645503905512185,6.0479195861631005,0,,,5.22552,0.047539
404,406,0.04,14.2486351509096,0.028181818181818183,0.056363636363636366,11.048635150909613,17.848635150909587,True,0.032687345607945915,6.024151892715925,0,,,14.1103,0.03216
405,407,0.049090909090909095,5.4345983977925005,0.04363636363636364,0.058181818181818175,4.0345983977925,7.134598397792499,False,0.033554008742113214,6.025018555850093,0,,,4.12726,0.041103
406,408,0.6181818181818182,5.224181975259898,0.3181818181818182,1.3454545454545457,0.4241819752598994,10.4241819752599,True,0.014902128565078653,6.006366675673058,0,,,6.01907,0.633023
407,409,0.012272727272727272,18.400653877361933,0.01,0.01681818181818182,16.20065387736194,21.700653877361926,True,0.053482222304279264,6.044946769412259,0,,,20.0477,0.011844
408,410,0.030909090909090907,4.4,0.027272727272727268,0.037272727272727284,3.0,5.9,False,0.07512353378331117,6.0665880808912895,0,,,3.4944,0.026632
409,411,0.3,6.880243920753635,0.24545454545454545,0.3545454545454545,5.280243920753634,8.080243920753636,True,0.23608387449307264,6.227548421601052,0,,,6.60901,0.270032
410,412,0.05,11.627070178032074,0.04,0.06727272727272728,9.127070178032083,14.527070178032064,True,0.02780058811496688,6.0192651352229465,0,,,10.8719,0.041609
411,413,0.03,6.177373204037885,0.022727272727272728,0.04454545454545455,3.3773732040378825,9.677373204037886,True,0.01855815643801055,6.01002270354599,0,,,5.71276,0.026518
412,414,0.2,10.786677066011043,0.16818181818181818,0.2363636363636364,9.686677066011047,11.78667706601104,True,0.0039265175997591295,5.995391064707737,0,,,9.97166,0.177217
413,415,0.03818181818181818,13.408974295356755,0.029090909090909087,0.05,10.908974295356765,16.308974295356748,True,0.03313025656866122,6.0245948036766395,0,,,13.298,0.030846
414,416,0.2727272727272727,1.2000000000000002,0.2272727272727273,0.3272727272727273,0.0,2.6,True,0.006100720870299428,5.997565267978279,0,,,0.284263,0.24143
415,417,0.15,7.85012537265147,0.12090909090909092,0.1863636363636364,5.150125372651468,10.250125372651473,True,0.04310231971280065,6.03456686682078,0,,,5.69949,0.128577
417,419,0.014090909090909091,6.9590167544038355,0.011818181818181818,0.01636363636363636,5.359016754403832,8.259016754403834,True,0.1648964186491398,6.15636096575712,0,,,7.46436,0.01374
418,420,0.19181818181818186,4.800000000000002,0.15545454545454546,0.24545454545454545,2.8000000000000003,6.300000000000002,True,0.003929675898352147,5.995394223006331,0,,,3.06611,0.171222
419,421,0.03,9.079695445406552,0.025454545454545452,0.037272727272727284,7.379695445406558,10.679695445406546,True,0.03929439329646285,6.030758940404443,0,,,8.61076,0.025813
420,422,0.058181818181818175,14.251389254956308,0.04818181818181819,0.07090909090909091,12.351389254956315,16.351389254956302,False,0.031003693500888187,6.022468240608867,0,,,13.5978,0.046545
421,423,0.13363636363636364,6.539437771949529,0.11545454545454545,0.15181818181818182,4.639437771949528,8.139437771949531,False,0.009628907099842331,6.0010934542078225,0,,,3.98427,0.10699
422,424,0.3,5.999002941535887,0.2636363636363636,0.3545454545454545,5.099002941535886,7.299002941535888,True,0.14173970470306313,6.133204251811043,0,,,6.11069,0.282061
423,425,0.19454545454545452,11.771262345477483,0.16090909090909092,0.24545454545454545,10.071262345477491,13.171262345477476,True,0.10832205650232993,6.099786603610308,0,,,11.0611,0.175172
425,427,0.12636363636363634,13.807383939574844,0.10363636363636364,0.14636363636363636,11.407383939574853,15.607383939574836,False,0.0165008863351418,6.007965433443121,0,,,11.8647,0.095051
426,428,0.2272727272727273,6.966018326971838,0.16272727272727272,0.3,4.566018326971835,8.86601832697184,True,0.03201560698251572,6.023480154090495,0,,,6.04525,0.190553
427,429,0.03,11.519535319848373,0.02363636363636364,0.040909090909090916,9.119535319848383,14.019535319848366,True,0.008805629196457858,6.000270176304437,0,,,11.3974,0.025878
428,430,0.16090909090909092,12.340863570087665,0.13181818181818186,0.2090909090909091,9.740863570087674,14.440863570087654,True,0.0186312454333249,6.010095792541303,0,,,10.9855,0.144802
429,431,0.027272727272727268,6.40114457169963,0.02363636363636364,0.031818181818181815,5.001144571699629,8.001144571699632,False,0.07772506398968232,6.069189611097661,0,,,5.89933,0.023617
431,433,0.01636363636363636,5.736693988477841,0.013636363636363636,0.02,4.0366939884778406,7.5366939884778406,True,0.02647440703513017,6.0179389541431085,0,,,6.10158,0.015731
432,434,0.3818181818181817,5.10539177298009,0.3363636363636364,0.4545454545454546,4.10539177298009,6.4053917729800895,True,0.12813361602286988,6.119598163130848,0,,,5.43642,0.376892
433,435,0.024545454545454544,9.929893961357939,0.01909090909090909,0.03,7.829893961357947,11.929893961357935,True,0.022910666987933558,6.014375214095912,0,,,9.77083,0.020764
434,436,0.017272727272727273,13.40724858785152,0.014090909090909091,0.02181818181818182,11.407248587851527,15.607248587851512,True,0.0374505067409296,6.028915053848909,0,,,14.4743,0.01634
435,437,0.1481818181818182,7.139907828429648,0.11545454545454545,0.1890909090909091,4.039907828429646,9.73990782842965,True,0.013663728304722329,6.0051282754127016,0,,,4.89551,0.12621
436,438,0.09090909090909093,13.704979650464525,0.07018181818181819,0.11727272727272728,10.904979650464536,16.404979650464515,False,0.006244111880446647,5.997708658988426,0,,,11.9331,0.067874
437,439,0.1809090909090909,16.729650179421135,0.15363636363636365,0.2181818181818182,14.729650179421144,17.829650179421133,True,0.013717655771148168,6.005182202879128,0,,,15.9771,0.16288
438,440,0.04363636363636364,9.880169771962386,0.03545454545454545,0.053636363636363635,7.980169771962393,11.98016977196238,True,0.03911890789246216,6.030583455000441,0,,,9.24686,0.035831
439,441,0.012727272727272728,14.531203685848169,0.01,0.02181818181818182,11.931203685848178,19.13120368584816,True,0.00025085506567765995,5.991715402173656,0,,,16.0275,0.01266
440,442,0.024545454545454544,10.728010153927556,0.018636363636363642,0.03272727272727273,8.128010153927564,13.528010153927546,True,0.1103287185326353,6.101793265640612,0,,,10.7523,0.02095
441,443,0.3636363636363637,2.0,0.2545454545454545,0.7727272727272727,0.0,7.0,True,0.0015844948369946753,5.993049041944974,0,,,1.69557,0.347269
442,444,0.06727272727272728,6.654133573886048,0.04636363636363637,0.09545454545454546,2.854133573886044,10.45413357388605,True,0.02975719770345145,6.021221744811431,0,,,4.66909,0.051462
444,446,0.1890909090909091,8.67959975201931,0.1590909090909091,0.2272727272727273,7.079599752019309,9.67959975201931,True,0.07297565171876738,6.0644401988267465,0,,,7.14387,0.166897
445,447,0.01681818181818182,5.0,0.014090909090909091,0.02181818181818182,3.4000000000000004,7.2,True,0.08986100753635846,6.081325554644338,0,,,5.39755,0.016275
446,448,0.015,12.115206601008975,0.010454545454545454,0.02363636363636364,8.415206601008988,16.215206601008962,True,0.0094276789671027,6.000892226075082,0,,,13.1901,0.014582
447,449,0.2909090909090909,4.2,0.2363636363636364,0.3727272727272728,2.6,6.300000000000002,True,0.060490746901764675,6.051955294009744,0,,,4.01829,0.273084
448,450,0.07772727272727273,6.99663046537014,0.05909090909090909,0.10363636363636364,4.096630465370138,9.796630465370145,True,0.01140455834318496,6.002869105451164,0,,,4.79692,0.059328
449,451,0.2363636363636364,6.633886346254437,0.1890909090909091,0.2818181818181818,5.433886346254437,7.833886346254437,True,0.002924866453650416,5.994389413561629,0,,,6.13421,0.198895
450,452,0.17,6.347558444781464,0.12818181818181815,0.24545454545454545,2.547558444781462,8.347558444781466,True,0.03583564489967806,6.027300192007657,0,,,3.84948,0.151506
451,453,0.027272727272727268,11.184627588429796,0.02090909090909091,0.03363636363636364,8.684627588429803,13.084627588429788,True,0.12071902784197334,6.1121835749499525,0,,,10.847,0.022761
452,454,0.02,9.08210362676603,0.01590909090909091,0.026363636363636363,7.0821036267660356,11.482103626766019,True,0.02346810315141911,6.014932650259397,0,,,9.46714,0.018392
453,455,0.2727272727272727,8.624540168459761,0.2272727272727273,0.3363636363636364,7.424540168459767,10.124540168459756,True,0.1225576267802796,6.114022173888259,0,,,8.78817,0.245175
454,456,0.05545454545454545,8.748157784654106,0.04272727272727273,0.07545454545454545,6.148157784654115,11.948157784654095,True,0.03798401574957641,6.0294485628575565,0,,,7.63569,0.045169
455,457,0.04636363636363637,16.68981753328697,0.03818181818181818,0.05454545454545455,14.58981753328698,18.289817533286964,False,0.226075738411434,6.217540285519411,0,,,16.3642,0.037282
456,458,0.7818181818181819,2.7,0.5,1.4,0.0,7.5,True,0.004254292115839135,5.9957188392238185,0,,,2.7497,0.743392
457,459,0.2818181818181818,7.101661831609117,0.2363636363636364,0.34545454545454546,6.0016618316091135,8.501661831609116,True,0.047412125735415055,6.0388766728433945,0,,,7.22935,0.261949
458,460,0.019545454545454543,14.143759497713507,0.013636363636363636,0.030909090909090907,10.643759497713516,18.743759497713487,True,0.025251647343148838,6.016716194451128,0,,,15.2628,0.018131
460,462,0.12636363636363634,12.882936040968834,0.08636363636363636,0.1572727272727273,8.782936040968849,15.582936040968828,True,0.06132775798342008,6.0527923050913985,0,,,10.544,0.092046
461,463,0.04181818181818182,12.205349814759225,0.027272727272727268,0.06363636363636364,8.205349814759243,16.605349814759215,True,0.02268353530721856,6.014148082415197,0,,,11.7389,0.033765
462,464,0.3545454545454545,1.1,0.2818181818181818,0.7,0.0,5.9,True,0.012625754061536782,6.0040903011695175,0,,,0.661824,0.338092
463,465,0.02,12.989390331017045,0.013636363636363636,0.03,9.289390331017056,16.88939033101703,True,0.007598289353266616,5.9990628364612455,0,,,13.5959,0.018075
464,466,0.44545454545454544,9.23235892012587,0.3545454545454545,0.5818181818181818,7.332358920125878,11.332358920125866,True,0.07736710952104346,6.068831656629023,0,,,10.0674,0.437363
465,467,0.034545454545454546,11.536320213953898,0.025454545454545452,0.05181818181818182,8.536320213953909,15.536320213953884,True,0.021460846868398938,6.012925393976379,0,,,11.4465,0.028835
466,468,0.07772727272727273,8.962723782237209,0.05,0.11545454545454545,4.462723782237225,13.062723782237196,True,0.0050210110929178615,5.996485558200897,0,,,6.92978,0.059509
467,469,0.039090909090909086,9.416003608346891,0.028181818181818183,0.052727272727272734,6.5160036083469,12.416003608346882,True,0.013042809553425943,6.004507356661406,0,,,8.66479,0.031175
468,470,0.7181818181818181,2.0,0.5,1.4,0.0,6.9,True,0.00024733340462657,5.9917118805126055,0,,,2.11903,0.697999
469,471,0.3909090909090909,5.357786685263946,0.3090909090909091,0.4727272727272727,3.5577866852639466,6.857786685263946,True,0.11865727077904036,6.11012181788702,0,,,5.34427,0.370859
470,472,0.11181818181818183,6.063930983450378,0.07336363636363635,0.14636363636363636,1.8639309834503777,9.363930983450377,True,0.010088914995600634,6.001553462103581,0,,,3.12363,0.079926
471,473,0.06636363636363636,10.69058780654931,0.04454545454545455,0.09272727272727273,6.5905878065493235,14.190587806549294,True,0.03637979492051534,6.0278443420284935,0,,,8.95372,0.04989
472,474,0.039090909090909086,10.3944678562544,0.03,0.05181818181818182,8.394467856254407,13.294467856254391,True,0.06628922422426102,6.05775377133224,0,,,10.2581,0.032807
473,475,0.04272727272727273,16.170854776736846,0.027272727272727268,0.07181818181818181,12.07085477673686,21.570854776736827,True,0.011244584194854893,6.002709131302834,0,,,16.454,0.035825
474,476,0.13,7.622280817842027,0.09909090909090908,0.1572727272727273,4.422280817842023,10.022280817842027,True,0.0009110304192292748,5.992375577527207,0,,,5.04475,0.10094
475,477,0.07545454545454545,8.487776499120686,0.0609090909090909,0.09636363636363636,6.187776499120684,10.887776499120688,False,0.042285304263745736,6.0337498513717245,0,,,6.54651,0.058404
476,478,0.04181818181818182,7.378843184051043,0.027272727272727268,0.06636363636363636,3.47884318405104,12.178843184051047,True,0.006833624411273736,5.998298171519253,0,,,6.5724,0.03452
477,479,0.3,5.1000000000000005,0.2272727272727273,0.3818181818181817,3.2,6.9,True,0.1268237577670158,6.118288304874995,0,,,4.652,0.269367
478,480,0.2181818181818182,6.4158865978787425,0.1590909090909091,0.2909090909090909,3.915886597878741,8.515886597878744,True,0.018384421471231618,6.0098489685792105,0,,,5.42353,0.18721
479,481,0.13181818181818186,8.173000481975182,0.09,0.16818181818181818,3.97300048197518,11.373000481975186,True,0.02153299782958185,6.012997544937562,0,,,5.64159,0.103323
481,483,0.1,5.807414630279795,0.0609090909090909,0.15181818181818182,0.9074146302797912,10.907414630279801,True,0.002479403651686638,5.9939439507596655,0,,,3.14751,0.072883
482,484,0.017272727272727273,4.4,0.013636363636363636,0.02181818181818182,2.1,6.6000000000000005,True,0.031407356469956266,6.022871903577936,0,,,4.35695,0.01612
483,485,0.1409090909090909,9.02996601483436,0.11181818181818183,0.17,6.22996601483437,11.729966014834352,True,0.01926381594848459,6.010728363056463,0,,,6.95201,0.117115
484,486,0.037272727272727284,6.6736416124135625,0.025454545454545452,0.05181818181818182,3.2736416124135603,10.073641612413569,True,0.07378716018684173,6.065251707294822,0,,,5.57325,0.029293
486,488,0.2272727272727273,42.30025496103149,0.1481818181818182,0.3636363636363637,38.200254961031426,46.000254961031544,False,0.02087416542198644,6.0123387125299645,0,,,46.3125,0.212182
487,489,0.17545454545454547,11.863936117729466,0.14636363636363636,0.2272727272727273,9.563936117729474,13.36393611772946,True,0.0017611461871127575,5.993225693295091,0,,,10.559,0.159868
489,491,0.027272727272727268,13.320624764355578,0.02090909090909091,0.037272727272727284,10.720624764355588,16.120624764355572,True,0.04547640940282071,6.0369409565108,0,,,13.6115,0.023737
491,493,0.08545454545454545,10.803578405047514,0.06363636363636364,0.11363636363636365,7.403578405047527,13.803578405047505,True,0.001148740654356024,5.992613287762335,0,,,8.64396,0.06414
492,494,0.014090909090909091,16.835821435282426,0.010454545454545454,0.02090909090909091,14.03582143528243,20.535821435282408,True,0.04595122308312535,6.037415770191103,0,,,18.798,0.014044
493,495,0.1390909090909091,8.499336328649445,0.11363636363636365,0.16818181818181818,5.899336328649444,11.199336328649448,True,0.03290764124307025,6.024372188351049,0,,,6.3779,0.115898
494,496,0.03,12.954840547530573,0.024545454545454544,0.04,10.754840547530579,15.354840547530566,True,0.005189517763819349,5.996654064871797,0,,,13.0414,0.02599
495,497,0.04636363636363637,8.008678602514728,0.031818181818181815,0.07054545454545455,4.608678602514739,12.40867860251471,True,0.012680735287930709,6.00414528239591,0,,,7.20515,0.038747
496,498,0.14636363636363636,32.142742448000654,0.10363636363636364,0.2,27.842742448000585,35.54274244800069,True,0.015343875400539737,6.006808422508518,0,,,33.0097,0.128586
497,499,0.039090909090909086,12.188670079026537,0.029090909090909087,0.05181818181818182,9.488670079026546,15.288670079026527,True,0.017960274365635555,6.0094248214736155,0,,,11.9183,0.031763
498,500,0.03636363636363636,22.503726342731486,0.026363636363636363,0.04727272727272727,19.503726342731444,25.30372634273152,True,0.07602456992297196,6.06748911703095,0,,,23.3239,0.029028
499,501,0.02363636363636364,14.273655555180769,0.015,0.04,10.173655555180783,19.273655555180756,True,0.026159172106342138,6.017623719214321,0,,,14.983,0.020712
500,502,0.031818181818181815,12.395859966278875,0.024545454545454544,0.04727272727272727,9.595859966278883,16.295859966278858,True,0.04825190527003247,6.039716452378014,0,,,12.6597,0.027738
501,503,0.08636363636363636,7.294874901442896,0.06818181818181819,0.1090909090909091,4.694874901442894,9.594874901442898,False,0.011188775118935169,6.002653322226914,0,,,4.67005,0.064485
504,506,0.11363636363636365,7.8150310520234205,0.08545454545454545,0.14454545454545453,4.815031052023419,10.715031052023424,False,0.02663457029871715,6.018099117406696,0,,,5.36452,0.084551
505,507,0.05181818181818182,12.536018413137185,0.037272727272727284,0.07227272727272728,9.136018413137196,16.036018413137167,True,0.0201670052070895,6.011631552315068,0,,,11.692,0.041881
506,508,0.1190909090909091,13.30167223392641,0.08545454545454545,0.14454545454545453,9.701672233926423,15.801672233926404,False,0.14460861534434538,6.136073162452325,0,,,10.9507,0.084959
507,509,0.037272727272727284,10.765495340498967,0.029090909090909087,0.04636363636363637,8.665495340498973,12.965495340498958,True,0.16631820212631213,6.1577827492342925,0,,,10.2247,0.029674
508,510,0.04272727272727273,11.981109410329129,0.030909090909090907,0.058181818181818175,8.98110941032914,15.28110941032912,True,0.0500377348074436,6.041502281915423,0,,,11.4617,0.034713
509,511,0.07163636363636364,30.010650568968913,0.04181818181818182,0.12090909090909092,25.11065056896884,35.110650568968985,True,0.0004931697174366269,5.991957716825416,0,,,30.5859,0.055729
510,512,0.12272727272727273,7.5768261717035745,0.09727272727272727,0.1481818181818182,4.976826171703571,9.776826171703576,False,0.0009312941882965887,5.9923958412962754,0,,,4.99102,0.091685
511,513,0.17272727272727273,11.649087346551337,0.1409090909090909,0.2272727272727273,8.749087346551349,13.249087346551333,True,0.003694329092618089,5.995158876200597,0,,,10.0715,0.156885
512,514,0.2727272727272727,3.3000000000000003,0.2090909090909091,0.34545454545454546,1.5,5.1000000000000005,True,0.019660121333981147,6.011124668441959,0,,,2.58566,0.239428
514,516,0.08636363636363636,6.154861306440194,0.058181818181818175,0.12272727272727273,1.8548613064401895,10.054861306440195,True,0.0035904236252835803,5.995054970733262,0,,,3.52765,0.064672
515,517,0.2636363636363636,3.3000000000000003,0.2090909090909091,0.3272727272727273,1.8,4.800000000000002,True,0.0012035734945872968,5.992668120602566,0,,,2.59389,0.230669
516,518,0.2272727272727273,4.4,0.1890909090909091,0.2818181818181818,3.3000000000000003,5.9,True,0.1831690307956059,6.1746335779035855,0,,,3.80183,0.197648
517,519,0.16818181818181818,11.895407360978849,0.1390909090909091,0.2181818181818182,9.095407360978859,13.595407360978847,True,0.011074096364746376,6.002538643472725,0,,,10.1964,0.151293
518,520,0.04636363636363637,22.665504052361054,0.031818181818181815,0.06727272727272728,18.865504052361004,26.56550405236111,True,0.011551254723855995,6.003015801831835,0,,,23.1612,0.038086
519,521,0.2090909090909091,9.459849796877263,0.16454545454545455,0.2636363636363636,7.759849796877268,10.959849796877258,True,0.07787559075296235,6.069340137860942,0,,,8.71453,0.182241
520,522,0.02363636363636364,11.4121308743311,0.018636363636363642,0.029090909090909087,9.212130874331107,13.812130874331093,True,0.04212829239639015,6.03359283950437,0,,,11.7695,0.020433
522,524,0.01909090909090909,12.631593544727052,0.015,0.024545454545454544,10.331593544727058,15.03159354472704,True,0.008867214734864688,6.000331761842843,0,,,13.4195,0.017577
523,525,0.026363636363636363,14.563058551178337,0.017727272727272727,0.040909090909090916,10.863058551178348,18.56305855117832,True,0.0015972195800620461,5.99306176668804,0,,,14.935,0.02257
524,526,0.028181818181818183,13.5293190581115,0.02090909090909091,0.037272727272727284,10.729319058111509,16.12931905811149,True,0.05097611930519885,6.042440666413177,0,,,13.5383,0.023779
525,527,0.1390909090909091,6.650557479007403,0.11727272727272728,0.1590909090909091,4.450557479007402,8.450557479007404,False,0.014833933334362838,6.006298480442343,0,,,4.00063,0.112246
526,528,0.09272727272727273,6.768735166043133,0.07054545454545455,0.11727272727272728,3.8687351660431313,9.268735166043138,False,0.0012662268616256689,5.992730773969605,0,,,4.0624,0.068232
527,529,0.057272727272727274,7.31137822006389,0.04272727272727273,0.07863636363636364,4.311378220063888,10.711378220063892,True,0.03953268309066285,6.030997230198642,0,,,5.91485,0.0463
528,530,0.012727272727272728,15.46107638090194,0.01,0.01636363636363636,12.96107638090195,18.16107638090193,True,0.10188050135787982,6.093345048465859,0,,,16.7451,0.012321
529,531,0.11545454545454545,8.10895777824496,0.08454545454545455,0.1409090909090909,5.108957778244958,10.608957778244962,False,0.0764252883477322,6.067889835455711,0,,,5.43351,0.083041
530,532,0.015,19.65966169590009,0.011363636363636364,0.02181818181818182,16.9596616959001,22.75966169590008,True,0.010179637088157759,6.001644184196137,0,,,21.7334,0.01481
531,533,0.3727272727272728,7.880037193239832,0.3181818181818182,0.4363636363636364,6.680037193239832,9.180037193239832,True,0.2801336762634447,6.271598223371424,0,,,8.49886,0.364109
532,534,0.05,2.1,0.04181818181818182,0.06636363636363636,0.0,4.9,True,0.024865314597318017,6.016329861705298,0,,,0.410124,0.042099
533,535,0.07036363636363636,14.005716269315252,0.05,0.09727272727272727,10.405716269315263,17.405716269315242,True,0.01679066349541116,6.00825521060339,0,,,12.6676,0.054013
534,536,0.013636363636363636,11.222885948316016,0.010454545454545454,0.01818181818181818,8.622885948316027,13.822885948316006,True,0.01071089453504073,6.00217544164302,0,,,12.3523,0.013546
535,537,0.15,15.825933320116839,0.12454545454545456,0.17545454545454547,13.625933320116847,17.825933320116828,True,0.0237909453317726,6.015255492439753,0,,,14.4482,0.12612
536,538,0.014545454545454544,17.917919958164074,0.01090909090909091,0.02,14.717919958164089,20.81791995816407,True,0.029923529479781562,6.021388076587762,0,,,19.474,0.014072
537,539,0.4727272727272727,7.9089763364267185,0.3818181818181817,0.6090909090909089,6.208976336426718,9.708976336426721,True,0.03695615050011039,6.028420697608089,0,,,8.63694,0.472881
538,540,0.022727272727272728,13.60267555846526,0.01818181818181818,0.03,11.602675558465268,16.60267555846525,True,0.10401476409993793,6.095479311207918,0,,,14.4004,0.019997
539,541,0.16818181818181818,5.1000000000000005,0.15181818181818182,0.19181818181818186,3.6,5.9,False,0.12253275354995195,6.113997300657932,0,,,2.55447,0.149966
540,542,0.2272727272727273,6.526878272479981,0.19181818181818186,0.2545454545454545,5.52687827247998,7.326878272479981,False,0.18282535172484884,6.174289898832827,0,,,5.53068,0.190281
541,543,0.056363636363636366,11.690959311318164,0.04181818181818182,0.07772727272727273,8.590959311318176,15.190959311318151,True,0.002605225940687875,5.9940697730486665,0,,,10.7648,0.045489
542,544,0.6,7.662585791307883,0.4090909090909091,1.054545454545455,4.862585791307881,11.662585791307885,True,0.012062147023326045,6.003526694131305,0,,,8.67659,0.617506
543,545,0.015454545454545453,13.000821290875955,0.011818181818181818,0.022727272727272728,10.300821290875962,16.300821290875945,True,0.013986929650769109,6.005451476758747,0,,,14.353,0.015198
544,546,0.2363636363636364,5.404727886055054,0.16454545454545455,0.3272727272727273,2.9047278860550545,7.804727886055052,True,0.0027506663321727525,5.994215213440151,0,,,4.63496,0.197094
545,547,0.3,7.638608814512264,0.2636363636363636,0.3727272727272728,6.638608814512264,9.138608814512267,True,0.16263034959188394,6.1540948966998625,0,,,8.15,0.292493
546,548,0.2181818181818182,6.562218584770693,0.16454545454545455,0.2909090909090909,4.4622185847706906,8.562218584770694,True,0.0219322517930188,6.013396798900998,0,,,5.71428,0.189167
547,549,0.07036363636363636,8.014329904643299,0.05545454545454545,0.08727272727272728,5.414329904643296,10.6143299046433,False,0.0021762077652751105,5.993640754873255,0,,,6.11483,0.054052
548,550,0.2181818181818182,8.745769408506996,0.16636363636363638,0.2727272727272727,7.045769408506995,10.245769408506998,True,0.033063470377717535,6.0245280174856966,0,,,8.04265,0.187369
549,551,0.02363636363636364,15.092641041662267,0.017727272727272727,0.029090909090909087,12.392641041662273,17.392641041662255,True,0.035948031992830774,6.027412579100809,0,,,15.4453,0.019802
550,552,0.027272727272727268,8.723199682568385,0.02090909090909091,0.037272727272727284,6.123199682568384,11.723199682568385,True,0.03820840419147477,6.029672951299454,0,,,8.51597,0.023658
552,554,0.02181818181818182,17.48829074620347,0.015,0.031818181818181815,13.788290746203485,21.38829074620346,True,0.04247422724749959,6.033938774355477,0,,,18.3197,0.019008
553,555,0.13545454545454547,13.310581337775002,0.10090909090909092,0.16454545454545455,9.610581337775017,16.110581337774992,True,0.015300157593524231,6.006764704701504,0,,,11.2974,0.106722
554,556,0.03272727272727273,12.146166341079631,0.024545454545454544,0.045454545454545456,9.24616634107964,15.246166341079617,True,0.006612397915939518,5.99807694502392,0,,,12.0604,0.027524
555,557,0.02181818181818182,13.597147638038265,0.018636363636363642,0.025454545454545452,11.997147638038271,15.097147638038258,True,0.1697762141475508,6.16124076125553,0,,,14.1034,0.019116
556,558,0.01818181818181818,6.428038168294709,0.014090909090909091,0.025454545454545452,3.9280381682947065,9.628038168294712,True,0.021507045944677925,6.012971593052657,0,,,6.81141,0.017207
557,559,0.2727272727272727,4.2,0.1972727272727273,0.3636363636363637,2.1,6.300000000000002,True,0.012191098722750556,6.0036556458307295,0,,,3.67681,0.243092
558,560,0.03363636363636364,14.5094617158585,0.024545454545454544,0.04727272727272727,11.409461715858509,17.709461715858488,True,0.05232040960378583,6.0437849567117645,0,,,14.5394,0.027907
559,561,0.13727272727272727,10.956063169966798,0.11727272727272728,0.15545454545454546,9.056063169966805,12.556063169966789,False,0.02660216021521925,6.0180667073231975,0,,,8.81936,0.109691
560,562,0.039090909090909086,12.199172287980385,0.031818181818181815,0.04636363636363637,10.399172287980393,13.89917228798038,False,0.06755034314330749,6.059014890251286,0,,,11.7409,0.030987
561,563,0.44545454545454544,1.2000000000000002,0.3545454545454545,0.9363636363636364,0.0,6.300000000000002,True,0.0011456949868639127,5.992610242094842,0,,,1.0937,0.440786
562,564,0.07636363636363636,14.663290882027814,0.05545454545454545,0.10454545454545457,11.263290882027825,17.763290882027803,True,0.017437425394595456,6.008901972502573,0,,,13.2718,0.058365
563,565,0.13727272727272727,12.694585430865835,0.11545454545454545,0.16090909090909092,10.394585430865844,14.994585430865829,False,0.04555298204320846,6.0370175291511865,0,,,11.0248,0.113275
564,566,0.24545454545454545,4.5,0.19181818181818186,0.2909090909090909,2.9000000000000004,5.800000000000002,True,0.009744152548759346,6.001208699656737,0,,,3.71339,0.205088
565,567,0.07909090909090909,8.843886410086428,0.0609090909090909,0.10363636363636364,5.843886410086437,11.643886410086415,False,0.015492988903487187,6.006957536011466,0,,,6.67193,0.060122
566,568,0.2727272727272727,8.574825612778469,0.2363636363636364,0.3181818181818182,7.5748256127784686,9.67482561277847,True,0.1993197330524799,6.190784280160459,0,,,8.70683,0.248844
567,569,0.04818181818181819,12.253250160419938,0.039090909090909086,0.0609090909090909,9.953250160419946,14.65325016041993,True,0.0493584179408689,6.040822965048847,0,,,11.6506,0.039732
568,570,0.030909090909090907,5.611257615477098,0.02363636363636364,0.04363636363636364,2.9112576154770986,8.611257615477099,True,0.0011623377739655807,5.992626884881946,0,,,4.85044,0.02652
569,571,0.12454545454545456,11.499810326863669,0.09636363636363636,0.15,8.599810326863679,13.89981032686366,False,0.018533363141302803,6.0099979102492815,0,,,9.30485,0.092694
570,572,0.2727272727272727,3.8,0.2272727272727273,0.3272727272727273,2.6,5.2,True,0.15853427344249438,6.149998820550474,0,,,3.29498,0.243295
571,573,0.014090909090909091,10.606751136711047,0.011363636363636364,0.01818181818181818,8.506751136711054,13.006751136711037,True,0.04713865823638001,6.03860320534436,0,,,11.791,0.014059
572,574,0.09272727272727273,10.20389430295904,0.07,0.12090909090909092,7.003894302959052,13.103894302959029,False,0.029326415489618188,6.020790962597598,0,,,7.94537,0.068796
573,575,0.17545454545454547,3.4000000000000004,0.1590909090909091,0.2,2.1,4.2,False,0.18442520320790465,6.175889750315885,0,,,1.1075,0.160195
574,576,0.2727272727272727,12.416074831760032,0.2363636363636364,0.3363636363636364,11.416074831760035,14.016074831760028,True,0.18447081035937266,6.175935357467353,0,,,13.3992,0.259446
575,577,0.08545454545454545,5.4993015473720135,0.06727272727272728,0.10818181818181817,2.799301547372015,7.9993015473720135,False,0.002593669257247889,5.994058216365228,0,,,2.87642,0.064509
577,579,0.025454545454545452,12.607589542567801,0.02090909090909091,0.03,10.807589542567806,14.407589542567795,True,0.1494150551337639,6.140879602241743,0,,,12.7773,0.021735
578,580,0.2181818181818182,9.084898916442432,0.1572727272727273,0.3,6.48489891644243,11.184898916442432,True,0.042124532340117656,6.033589079448098,0,,,8.4546,0.187543
579,581,0.039090909090909086,14.614578339115257,0.027272727272727268,0.056363636363636366,11.51457833911527,18.214578339115246,True,0.10522372873962196,6.096688275847602,0,,,14.6732,0.031863
580,582,0.1,12.127682006258595,0.08,0.1190909090909091,9.927682006258602,14.227682006258586,False,0.0367356537073837,6.028200200815362,0,,,10.0508,0.07229
581,583,0.1090909090909091,17.566676083306948,0.07,0.1481818181818182,12.866676083306967,21.166676083306932,True,0.029147028540334317,6.020611575648314,0,,,15.8917,0.078575
582,584,0.028181818181818183,12.783741400752593,0.024545454545454544,0.03636363636363636,11.283741400752596,15.183741400752584,True,0.2691713391267016,6.260635886234682,0,,,13.2682,0.025101
583,585,0.017727272727272727,11.20774608427601,0.014090909090909091,0.02090909090909091,9.00774608427602,12.807746084276006,True,0.09470815901058394,6.086172706118562,0,,,11.7766,0.01636
584,586,0.15363636363636365,8.667599664292439,0.13363636363636364,0.17545454545454547,6.967599664292437,10.367599664292438,False,0.0056101970238874276,5.997074744131867,0,,,6.58846,0.132778
585,587,0.16090909090909092,11.257057871290783,0.13181818181818186,0.2,8.757057871290794,12.957057871290779,True,0.01124003592048118,6.002704583028461,0,,,9.43643,0.141082
586,588,0.13,9.635741437965525,0.10090909090909092,0.15545454545454546,6.435741437965537,11.935741437965516,False,0.0945063087084611,6.0859708558164405,0,,,7.25393,0.100715
588,590,0.3272727272727273,4.1000000000000005,0.2636363636363636,0.4090909090909091,2.5,5.800000000000002,True,0.022634384633339808,6.014098931741319,0,,,3.85424,0.303633
589,591,0.037272727272727284,11.407992508154454,0.029090909090909087,0.04727272727272727,9.307992508154461,14.007992508154445,True,0.007007492186858226,5.998472039294838,0,,,11.2219,0.030123
590,592,0.04181818181818182,16.383693627031413,0.034545454545454546,0.05181818181818182,14.683693627031419,18.683693627031406,True,0.09878253134621068,6.0902470784541896,0,,,16.7549,0.035163
592,594,0.2636363636363636,2.0,0.2181818181818182,0.3090909090909091,0.8,3.2,True,0.10347873981466747,6.094943286922647,0,,,1.12957,0.229231
593,595,0.2636363636363636,7.538359773493942,0.2181818181818182,0.3090909090909091,6.438359773493941,8.638359773493942,True,0.02837213708536355,6.019836684193343,0,,,7.33494,0.229351
594,596,0.03363636363636364,7.039631200159682,0.027272727272727268,0.04454545454545455,5.039631200159678,9.739631200159684,True,0.04495955030249391,6.036424097410473,0,,,6.52586,0.028387
595,597,0.07909090909090909,13.225078995164274,0.06181818181818183,0.10272727272727274,10.525078995164284,15.825078995164265,False,0.02558202676158021,6.01704657386956,0,,,11.6335,0.060288
596,598,0.01636363636363636,19.923160667725558,0.011363636363636364,0.024545454545454544,16.223160667725573,23.82316066772555,True,0.019492021445494917,6.010956568553474,0,,,21.683,0.015404
597,599,0.2727272727272727,9.840792011257246,0.2272727272727273,0.3181818181818182,8.54079201125725,11.140792011257243,True,0.21810776349469868,6.209572310602677,0,,,10.0801,0.24662
598,600,0.2272727272727273,7.590193652591992,0.18363636363636365,0.2727272727272727,6.390193652591993,8.990193652591994,True,0.0019810603023954466,5.993445607410375,0,,,7.05139,0.19339
599,601,0.03272727272727273,5.99481472163345,0.026363636363636363,0.040909090909090916,3.8948147216334505,7.99481472163345,True,0.02738866641913352,6.018853213527112,0,,,5.12363,0.027237
600,602,0.034545454545454546,22.43554528007653,0.025454545454545452,0.04818181818181819,19.73554528007649,25.635545280076574,True,0.03569168052776831,6.027156227635747,0,,,23.5905,0.028775
601,603,0.01636363636363636,3.4000000000000004,0.014090909090909091,0.01909090909090909,2.0,4.800000000000002,True,0.0715687740559056,6.063033321163885,0,,,3.36684,0.015503
602,604,0.025454545454545452,11.233243294167133,0.017272727272727273,0.040909090909090916,7.633243294167147,15.733243294167115,True,0.038051257103231935,6.029515804211211,0,,,11.6299,0.022519
604,606,0.1390909090909091,5.1000000000000005,0.11545454545454545,0.1590909090909091,2.9000000000000004,6.9,False,0.005026338898963943,5.996490886006942,0,,,2.33994,0.112798
606,608,0.8727272727272728,1.0,0.6909090909090909,1.4,0.0,5.1000000000000005,True,0.00025235081206592664,5.991716897920044,0,,,0.873258,0.825078
607,609,0.057272727272727274,17.31308966929118,0.045454545454545456,0.07090909090909091,14.813089669291186,19.61308966929117,False,0.052190308221546806,6.0436548553295255,0,,,16.7691,0.045331
608,610,0.06454545454545453,8.553506645391337,0.04636363636363637,0.09272727272727273,5.153506645391333,12.45350664539134,True,0.026724944476950358,6.01818949158493,0,,,7.16391,0.051022
609,611,0.17272727272727273,9.857661344080821,0.15363636363636365,0.2181818181818182,8.357661344080826,11.057661344080815,True,0.07738750618198206,6.0688520532899615,0,,,8.45021,0.160398
610,612,0.02181818181818182,18.76986174837206,0.017272727272727273,0.029090909090909087,16.469861748372068,21.769861748372044,True,0.07290769640402213,6.064372243512001,0,,,20.0967,0.019472
611,613,0.3545454545454545,7.661730304419853,0.2636363636363636,0.4727272727272727,5.461730304419851,9.961730304419856,True,0.017485364637042578,6.008949911745023,0,,,7.94809,0.336714
612,614,0.10181818181818182,18.438140697217392,0.07590909090909091,0.12636363636363634,15.438140697217401,21.138140697217377,False,0.0014567628509334302,5.992921309958912,0,,,17.0366,0.073524
613,615,0.2363636363636364,10.194675876684675,0.2090909090909091,0.2545454545454545,9.29467587668468,10.694675876684675,False,0.5184418450637027,6.509906392171682,0,,,10.0311,0.198869
614,616,0.4909090909090909,5.078816492181384,0.3545454545454545,0.7363636363636363,2.4788164921813847,8.078816492181385,True,0.09453380560274983,6.085998352710729,0,,,5.31291,0.478541
615,617,0.10181818181818182,19.445379029320897,0.075,0.12818181818181815,16.445379029320907,22.245379029320887,False,0.04185434292318407,6.033318890031162,0,,,18.2707,0.074163
616,618,0.039090909090909086,6.467609224843527,0.028181818181818183,0.05545454545454545,3.5676092248435247,9.967609224843534,True,0.03126274855963532,6.022727295667615,0,,,5.69178,0.032282
617,619,0.012272727272727272,17.436443344406033,0.01,0.015454545454545453,15.43644334440604,19.936443344406023,True,0.013865000478717731,6.0053295475866975,0,,,19.2997,0.012174
618,620,0.04818181818181819,8.70376777814543,0.039090909090909086,0.06181818181818183,6.603767778145437,11.203767778145421,True,0.03621751290314772,6.027682060011128,0,,,7.77906,0.039982
619,621,0.04,15.443637883208597,0.03,0.05545454545454545,13.043637883208607,18.843637883208586,True,0.025895467247822573,6.017360014355803,0,,,15.7508,0.033452
620,622,0.07954545454545454,11.565456250458107,0.06272727272727273,0.10272727272727274,8.865456250458118,14.065456250458098,False,5.4509429531016084e-05,5.99151905653751,0,,,9.66575,0.060378
622,624,0.2545454545454545,4.800000000000002,0.2090909090909091,0.3,3.5,6.1000000000000005,True,0.05259511431805903,6.044059661426037,0,,,4.30884,0.223279
623,625,0.3181818181818182,7.105903523741515,0.2636363636363636,0.3909090909090909,5.805903523741512,8.605903523741517,True,0.002313754334844305,5.9937783014428225,0,,,7.39678,0.300303
624,626,0.045454545454545456,6.780964804335331,0.03545454545454545,0.05909090909090909,4.280964804335328,9.480964804335333,True,0.0498231938048522,6.041287740912831,0,,,5.69812,0.03757
625,627,0.10454545454545457,9.969876997893504,0.07681818181818181,0.12818181818181815,6.7698769978935145,12.469876997893493,False,0.08370898749441348,6.075173534602393,0,,,7.37222,0.074331
626,628,0.02,11.871790834059489,0.01636363636363636,0.025454545454545452,10.071790834059492,14.071790834059481,True,0.1255835837914455,6.117048130899423,0,,,12.6072,0.018387
627,629,0.3818181818181817,5.325335111287101,0.3,0.4909090909090909,3.625335111287102,7.2253351112871025,True,0.0271306915053846,6.018595238613362,0,,,5.62926,0.374195
629,631,0.06,5.154111771717204,0.045454545454545456,0.07863636363636364,2.354111771717205,8.154111771717204,True,0.027181110280681584,6.018645657388659,0,,,3.33619,0.047277
630,632,0.19181818181818186,15.298787168202846,0.17,0.2181818181818182,14.698787168202848,16.09878716820284,True,0.0025609513757401674,5.994025498483719,0,,,14.8895,0.171642
631,633,0.037272727272727284,13.707515712082047,0.03,0.045454545454545456,12.007515712082052,15.707515712082039,False,0.08199317461623644,6.073457721724216,0,,,13.6924,0.029824
632,634,0.017272727272727273,14.597851390128046,0.014090909090909091,0.02181818181818182,12.597851390128053,16.797851390128038,True,0.1270209826630782,6.118485529771057,0,,,15.8728,0.016463
633,635,0.08727272727272728,7.678467754961197,0.07590909090909091,0.10272727272727274,6.0784677549611965,9.178467754961195,False,0.008693989764721953,6.000158536872702,0,,,5.19584,0.065563
634,636,0.11363636363636365,19.29073680920145,0.075,0.1481818181818182,15.090736809201465,22.59073680920144,True,0.016584395864558076,6.008048942972537,0,,,17.8818,0.081806
635,637,0.022727272727272728,13.722794189664311,0.017727272727272727,0.027272727272727268,11.62279418966432,15.622794189664305,True,0.13771007920148626,6.1291746263094655,0,,,14.1235,0.019321
636,638,0.011818181818181818,16.908309376854817,0.01,0.014545454545454544,15.308309376854822,19.10830937685481,True,0.0391232146527021,6.030587761760682,0,,,18.7283,0.011722
637,639,0.16090909090909092,11.797995711901413,0.1390909090909091,0.1809090909090909,9.89799571190142,12.897995711901407,False,0.16672414115428688,6.158188688262267,0,,,9.80635,0.138574
638,640,0.2909090909090909,8.552492292874662,0.2545454545454545,0.34545454545454546,7.452492292874662,9.852492292874665,True,0.0006412874894060451,5.9921058345973846,0,,,8.86601,0.27151
639,641,0.07954545454545454,20.526419937550425,0.06454545454545453,0.09909090909090908,18.02641993755043,22.72641993755041,False,0.03166883379504165,6.023133380903021,0,,,19.6334,0.060288
640,642,0.2636363636363636,9.304438018660944,0.2272727272727273,0.3,8.404438018660946,10.20443801866094,True,0.0083219179944042,5.9997864651023844,0,,,9.48841,0.236238
641,643,0.034545454545454546,6.018231961000999,0.029090909090909087,0.04181818181818182,4.518231961000997,7.8182319610010005,False,0.04380838159864625,6.0352729287066245,0,,,5.28278,0.028749
642,644,0.2090909090909091,12.164642797983904,0.17,0.24545454545454545,10.964642797983908,13.164642797983902,True,0.14006835470290158,6.131532901810879,0,,,11.646,0.1822
643,645,0.0609090909090909,8.961550714389976,0.049090909090909095,0.07590909090909091,6.7615507143899825,11.361550714389969,False,0.0562513149177222,6.047715862025702,0,,,7.55486,0.048102
644,646,0.17272727272727273,5.488968251466803,0.15363636363636365,0.1972727272727273,3.888968251466803,6.388968251466802,False,0.14164536579040618,6.1331099128983855,0,,,3.09937,0.154103
645,647,0.1781818181818182,9.874481487288518,0.15545454545454546,0.2272727272727273,8.274481487288524,11.374481487288511,True,0.06813009557445056,6.05959464268243,0,,,8.65782,0.163774
647,649,0.2,7.846543752613692,0.17,0.2363636363636364,6.9465437526136915,8.846543752613693,False,0.1149923529925581,6.106456900100538,0,,,6.85665,0.178373
648,650,0.14272727272727273,10.973336431344995,0.12454545454545456,0.16090909090909092,9.373336431345,12.573336431344993,False,0.034697528502903204,6.026162075610883,0,,,9.04201,0.118463
650,652,0.2727272727272727,7.306358311161635,0.2272727272727273,0.34545454545454546,6.006358311161634,9.006358311161637,True,0.167569226322056,6.1590337734300356,0,,,7.4,0.253976
651,653,0.3181818181818182,9.342191759854853,0.2818181818181818,0.3727272727272728,8.442191759854857,10.54219175985485,True,0.06135984044284973,6.05282438755083,0,,,9.84136,0.300778
652,654,0.07727272727272727,8.92647978335724,0.0609090909090909,0.09727272727272727,6.3264797833572475,11.226479783357231,False,0.006841349269069228,5.9983058963770475,0,,,6.74631,0.058662
653,655,0.11545454545454545,8.64665910034643,0.0981818181818182,0.13181818181818186,6.846659100346428,10.246659100346431,False,0.008358806874574439,5.999823353982554,0,,,6.08865,0.084054
654,656,0.015,15.671618033855115,0.012727272727272728,0.019545454545454543,13.771618033855118,18.071618033855103,True,0.027706781470012997,6.0191713285779915,0,,,17.3932,0.014871
655,657,0.19181818181818186,7.690801571075119,0.16818181818181818,0.2181818181818182,6.690801571075117,8.49080157107512,False,0.018179219918525204,6.009643767026504,0,,,6.21086,0.170539
656,658,0.014090909090909091,9.953511362791387,0.012272727272727272,0.01681818181818182,8.553511362791394,11.553511362791385,True,0.044161504450119016,6.035626051558098,0,,,11.0474,0.014028
658,660,0.2818181818181818,4.0,0.24545454545454545,0.3363636363636364,2.9000000000000004,5.300000000000002,True,0.0804345245706816,6.0718990716786605,0,,,3.64554,0.25906
659,661,0.04818181818181819,6.668011870749315,0.039090909090909086,0.0609090909090909,4.568011870749313,9.068011870749316,True,0.01900138490856167,6.0104659320165394,0,,,5.4477,0.039626
660,662,0.07254545454545454,15.149908021990287,0.057272727272727274,0.09272727272727273,12.649908021990294,17.74990802199028,False,0.007393118549904686,5.998857665657884,0,,,14.0233,0.056121
662,664,0.3090909090909091,11.364689328072028,0.2636363636363636,0.3727272727272728,10.264689328072032,12.664689328072026,True,0.046372347268183525,6.037836894376162,0,,,12.0407,0.290251
663,665,0.06727272727272728,12.021775939743913,0.053636363636363635,0.08363636363636362,9.72177593974392,14.521775939743902,False,0.05030702844129641,6.041771575549276,0,,,10.8146,0.052433
664,666,0.19454545454545452,17.94873328896702,0.16272727272727272,0.2363636363636364,16.448733288967027,19.04873328896701,True,0.036041986902136655,6.027506534010116,0,,,17.7697,0.173285
665,667,0.2,17.445489363703242,0.17272727272727273,0.2272727272727273,16.645489363703245,18.145489363703238,True,0.014854250448765918,6.0063187975567445,0,,,17.4148,0.177725
666,668,0.07727272727272727,16.495628240797874,0.057272727272727274,0.10454545454545457,13.095628240797884,19.695628240797863,True,0.008726493559722753,6.000191040667702,0,,,15.3537,0.059141
667,669,0.08636363636363636,12.814939201865812,0.058181818181818175,0.12272727272727273,8.414939201865828,16.714939201865796,True,3.571273624114897e-05,5.991500259844219,0,,,10.8387,0.064644
668,670,0.049090909090909095,10.67294795848705,0.034545454545454546,0.07090909090909091,7.072947958487062,14.472947958487037,True,0.019911406150554586,6.0113759532585345,0,,,9.64378,0.039911
669,671,0.08545454545454545,10.6873355203478,0.06545454545454546,0.11181818181818183,7.587335520347811,13.487335520347788,False,0.004567423223476804,5.996031970331456,0,,,8.60149,0.064466
670,672,0.16636363636363638,8.988676731239591,0.14636363636363636,0.19181818181818186,7.088676731239591,9.988676731239591,False,0.10767785159598536,6.099142398703965,0,,,6.79293,0.146821
671,673,0.14272727272727273,8.536879352835799,0.12090909090909092,0.16090909090909092,6.536879352835799,10.236879352835802,False,0.045091434691039975,6.036555981799018,0,,,6.16885,0.116125
672,674,0.013181818181818182,20.48488791823669,0.01,0.02090909090909091,17.584887918236706,25.18488791823668,True,0.01748737519646579,6.008951922304446,0,,,22.9161,0.01324
673,675,0.1572727272727273,16.971990126760282,0.13,0.1863636363636364,14.671990126760287,18.57199012676028,True,0.041728272380352927,6.033192819488332,0,,,15.6681,0.13517
674,676,0.012272727272727272,15.619302889397602,0.010454545454545454,0.014545454545454544,14.119302889397607,17.319302889397598,False,0.03153195926526058,6.0229965063732385,0,,,17.3838,0.012355
675,677,0.04272727272727273,6.438683998963202,0.03363636363636364,0.052727272727272734,4.338683998963201,8.638683998963202,True,0.018949185809361304,6.01041373291734,0,,,5.32467,0.034687
676,678,0.08818181818181818,17.52133705278755,0.06909090909090909,0.1090909090909091,14.721337052787561,19.621337052787545,False,0.03209402460387597,6.023558571711855,0,,,15.9633,0.065193
678,680,0.2727272727272727,10.099423562100824,0.2272727272727273,0.3363636363636364,8.999423562100828,11.499423562100821,True,0.026851534073245174,6.018316081181223,0,,,10.496,0.251855
679,681,0.3909090909090909,10.40343186333356,0.2818181818181818,0.6363636363636364,8.003431863333567,14.103431863333546,True,0.01628017357873652,6.0077447206867145,0,,,11.583,0.393924
680,682,0.2727272727272727,9.023212111143364,0.2272727272727273,0.3181818181818182,7.62321211114337,10.123212111143358,True,0.15029899536946262,6.141763542477442,0,,,8.96206,0.242356
681,683,0.16818181818181818,33.69901921310444,0.15363636363636365,0.2,32.29901921310442,34.799019213104465,False,0.06673017301046454,6.0581947201184425,0,,,35.0486,0.15918
682,684,0.13727272727272727,3.9,0.12090909090909092,0.15363636363636365,2.4000000000000004,5.300000000000002,False,0.017728680407195684,6.009193227515175,0,,,1.1378,0.112328
683,685,0.01818181818181818,7.1742279791634775,0.015,0.02181818181818182,5.374227979163476,8.87422797916348,True,0.07250019549625215,6.063964742604232,0,,,7.32901,0.016782
684,686,0.4363636363636364,4.839480202662379,0.3181818181818182,0.6818181818181818,2.339480202662379,8.039480202662379,True,0.001339789457865618,5.992804336565845,0,,,5.14895,0.432161
686,688,0.04272727272727273,6.793312996984885,0.034545454545454546,0.049090909090909095,4.893312996984883,8.293312996984888,False,0.1232714674564743,6.1147360145644525,0,,,5.55726,0.034011
687,689,0.1090909090909091,7.130458973811803,0.09,0.12454545454545456,5.2304589738118,8.630458973811804,False,0.08792054991400146,6.079385097021982,0,,,4.30605,0.078477
688,690,0.052727272727272734,10.423192447001133,0.04272727272727273,0.06727272727272728,8.22319244700114,12.923192447001126,True,0.010280129609667229,6.001744676717646,0,,,9.48409,0.043167
689,691,0.027272727272727268,8.45638727895209,0.014545454545454544,0.04818181818181819,3.2563872789520847,13.256387278952095,True,0.0038827092042775725,5.9953472563122565,0,,,8.21078,0.023607
690,692,0.06545454545454546,12.536573523326778,0.05181818181818182,0.08272727272727272,10.236573523326786,15.136573523326769,False,0.014560657348886563,6.006025204456866,0,,,11.4717,0.051115
691,693,0.014545454545454544,16.550196789754743,0.011818181818181818,0.01909090909090909,14.150196789754753,19.150196789754734,True,0.009138639538405416,6.0006031866463845,0,,,18.1968,0.014286
692,694,0.019545454545454543,6.5607951380650125,0.01681818181818182,0.02363636363636364,5.060795138065012,8.260795138065014,True,0.06647694036677332,6.057941487474753,0,,,6.75972,0.018181
693,695,0.03545454545454545,4.9,0.029090909090909087,0.04272727272727273,3.2,6.7,True,0.049868237502368636,6.041332784610348,0,,,4.0795,0.029403
694,696,0.039090909090909086,12.667233229607996,0.029090909090909087,0.05,10.167233229608007,15.267233229607987,True,0.04258975183989675,6.034054298947876,0,,,12.2904,0.031047
695,697,0.19454545454545452,9.613242626661869,0.17272727272727273,0.2272727272727273,8.713242626661874,10.613242626661867,False,0.030619754835352026,6.02208430194333,0,,,8.55421,0.174136
696,698,0.2818181818181818,16.433476070104568,0.2181818181818182,0.3636363636363637,14.733476070104576,18.33347607010456,True,0.025039558993875832,6.016504106101855,0,,,17.526,0.257606
697,699,0.1190909090909091,19.81856213597002,0.0918181818181818,0.14636363636363636,17.01856213597003,22.318562135970012,False,0.022872087573874714,6.014336634681853,0,,,18.7438,0.088913
698,700,0.07,6.625652382226954,0.05,0.09636363636363636,3.2256523822269507,10.025652382226957,True,0.007858153633092925,5.999322700741072,0,,,4.53716,0.053743
699,701,0.09545454545454546,12.538168715385794,0.057272727272727274,0.14636363636363636,7.438168715385813,17.438168715385782,True,0.0022616519097301163,5.9937261990177095,0,,,10.4803,0.069489
700,702,0.3545454545454545,8.297458451886365,0.2545454545454545,0.5181818181818182,5.8974584518863615,11.197458451886368,True,0.01524596543012509,6.006710512538104,0,,,8.70285,0.337219
701,703,0.2727272727272727,6.476770027266426,0.2363636363636364,0.3272727272727273,5.476770027266425,7.776770027266426,True,0.031535569800784834,6.023000116908763,0,,,6.33301,0.248413
702,704,0.1890909090909091,6.36072368769234,0.16454545454545455,0.2181818181818182,5.160723687692339,7.1607236876923395,False,0.06537410338039258,6.056838650488372,0,,,4.55449,0.167211
703,705,0.4909090909090909,4.0,0.2818181818181818,1.0454545454545454,0.0,9.1,True,0.003957643978061564,5.995422191086041,0,,,4.34316,0.494572
705,707,0.028181818181818183,11.599355051611877,0.02181818181818182,0.03636363636363636,8.999355051611888,13.899355051611868,True,0.13176812203534866,6.123232669143327,0,,,11.3324,0.02377
706,708,0.019545454545454543,12.540552915837724,0.015,0.028181818181818183,10.340552915837733,15.740552915837714,True,0.051767896988799474,6.043232444096779,0,,,13.5213,0.018259
707,709,0.2272727272727273,4.800000000000002,0.18363636363636365,0.2818181818181818,3.5,6.300000000000002,True,0.04692797433226312,6.038392521440243,0,,,4.03255,0.195267
709,711,0.15,6.1186541793557465,0.13545454545454547,0.16454545454545455,4.918654179355746,7.418654179355746,False,0.0880401302501781,6.079504677358158,0,,,3.77286,0.128131
710,712,0.3,7.55337210823241,0.2727272727272727,0.3545454545454545,6.65337210823241,8.65337210823241,True,0.35359743521179265,6.3450619823197725,0,,,7.78242,0.283461
711,713,0.19454545454545452,10.118225761241039,0.17272727272727273,0.2181818181818182,9.518225761241043,10.718225761241039,False,0.1835661596348691,6.175030706742848,0,,,9.04732,0.1731
712,714,0.24545454545454545,8.120643080148081,0.1809090909090909,0.3090909090909091,6.320643080148081,9.820643080148084,True,0.0833185469310632,6.074783094039043,0,,,7.80597,0.205939
713,715,0.15363636363636365,8.049204727040385,0.13181818181818186,0.1781818181818182,6.149204727040384,9.849204727040386,False,0.10413087254181966,6.095595419649799,0,,,5.87452,0.131759
714,716,0.19454545454545452,12.07156859734782,0.16272727272727272,0.2363636363636364,10.671568597347825,13.171568597347814,True,0.007703225966024044,5.999167773074004,0,,,11.1928,0.172347
715,717,0.2272727272727273,11.338519357288597,0.19454545454545452,0.2636363636363636,10.5385193572886,12.338519357288591,True,0.15240366719248166,6.1438682143004595,0,,,11.3491,0.19465
716,718,0.3727272727272728,4.959410447894268,0.2727272727272727,0.5818181818181818,2.759410447894268,8.159410447894269,True,0.06921352239271618,6.060678069500695,0,,,5.24428,0.365859
717,719,0.019545454545454543,13.950277811898598,0.015454545454545453,0.024545454545454544,11.750277811898608,16.050277811898596,True,0.06849289553738475,6.059957442645364,0,,,14.8159,0.017874
718,720,0.1590909090909091,15.193936459433825,0.13363636363636364,0.19454545454545452,12.993936459433833,16.893936459433814,True,0.020809740694753717,6.012274287802732,0,,,13.9877,0.14113
719,721,0.2363636363636364,9.355704609118456,0.17,0.2909090909090909,7.555704609118463,10.755704609118451,True,0.06938891886152594,6.0608534659695055,0,,,8.76664,0.194269
720,722,0.7363636363636363,13.94492908512309,0.4727272727272727,1.2545454545454546,10.7449290851231,17.744929085123076,True,0.0022167443599578115,5.9936812914679365,0,,,16.0246,0.762813
722,724,0.1190909090909091,8.385390353034419,0.09545454545454546,0.1390909090909091,5.9853903530344175,10.18539035303442,False,0.013523430833580196,6.00498797794156,0,,,5.70935,0.086759
723,725,0.5636363636363636,15.848497776050856,0.3818181818181817,1.0272727272727271,12.948497776050866,20.14849777605084,True,0.00045065838831273743,5.991915205496293,0,,,18.1661,0.60407
725,727,0.5363636363636364,11.896720023215053,0.3727272727272728,1.0181818181818183,8.996720023215063,16.596720023215035,True,0.016256417521954246,6.007720964629932,0,,,13.7241,0.578629
726,728,0.2545454545454545,25.104181976605826,0.16818181818181818,0.3727272727272728,22.9041819766058,27.604181976605858,True,0.027884071780439963,6.019348618888419,0,,,27.1878,0.232769
727,729,0.6727272727272727,25.362761307096378,0.4545454545454546,1.0818181818181818,22.562761307096338,28.662761307096424,False,0.03191390711392838,6.023378454221906,0,,,29.2513,0.754343
728,730,0.1972727272727273,8.93949381030192,0.16818181818181818,0.2363636363636364,7.83949381030192,9.83949381030192,False,0.02081641267274901,6.012280959780727,0,,,7.78201,0.175496
730,732,0.2545454545454545,6.341764613976988,0.2181818181818182,0.2909090909090909,5.341764613976986,7.241764613976987,True,0.28582640266348625,6.277290949771467,0,,,5.89957,0.220227
731,733,0.03545454545454545,19.333988332527216,0.028181818181818183,0.04363636363636364,17.333988332527227,21.33398833252721,True,0.023194124807890213,6.014658671915869,0,,,19.8945,0.028839
732,734,0.03545454545454545,11.779133092258613,0.028181818181818183,0.04454545454545455,9.779133092258617,13.979133092258605,True,0.004713570966044106,5.996178118074022,0,,,11.5111,0.028879
734,736,0.34545454545454546,24.365650078031578,0.2818181818181818,0.44545454545454544,22.86565007803156,26.36565007803161,False,0.007980171936742286,5.999444719044721,0,,,27.2308,0.353988
735,737,0.01590909090909091,5.1000000000000005,0.013181818181818182,0.01909090909090909,3.2,6.800000000000002,True,0.05352528576345269,6.044989832871432,0,,,5.30615,0.015143
738,740,0.019545454545454543,4.6000000000000005,0.013636363636363636,0.029090909090909087,1.1,8.5,True,0.015719733507653284,6.007184280615633,0,,,4.39314,0.017896
739,741,0.03636363636363636,4.7,0.029090909090909087,0.04454545454545455,2.8000000000000003,6.7,True,0.00831397874013588,5.999778525848115,0,,,3.65388,0.02952
741,743,0.2090909090909091,22.179980391665744,0.1781818181818182,0.2545454545454545,21.379980391665736,23.379980391665764,True,0.15121803806484585,6.142682585172825,0,,,23.3756,0.188545
742,744,0.058181818181818175,20.949553207215548,0.04727272727272727,0.07200000000000001,18.849553207215518,23.249553207215577,False,0.018393586653620272,6.0098581337616,0,,,21.0101,0.046602
743,745,0.09727272727272727,23.929987258215114,0.06727272727272728,0.13545454545454547,20.02998725821506,27.82998725821517,True,0.0431641012668946,6.0346286483748734,0,,,23.5562,0.073328
744,746,0.02363636363636364,14.201740970303408,0.017727272727272727,0.03,11.801740970303413,16.7017409703034,True,0.01981409945260514,6.0112786465605845,0,,,14.5894,0.019871
746,748,0.3636363636363637,33.9536312124553,0.2727272727272727,0.4909090909090909,32.053631212455265,36.15363121245533,False,0.042933811631531205,6.034398358739511,0,,,38.0394,0.379224
747,749,0.4,15.043976990218177,0.3545454545454545,0.4818181818181818,14.043976990218177,16.64397699021817,False,0.08008660456536923,6.071551151673348,0,,,17.0425,0.419114
749,751,0.3,24.427700117934734,0.2545454545454545,0.3727272727272728,23.027700117934717,26.227700117934766,False,0.06860410107263633,6.060068648180614,0,,,27.0518,0.300315
750,752,0.1590909090909091,9.605246474539028,0.14272727272727273,0.17272727272727273,8.105246474539031,10.705246474539024,False,0.11436981696891038,6.105834364076888,0,,,7.40619,0.137217
753,755,0.011818181818181818,12.048693782588751,0.01,0.01681818181818182,10.148693782588758,15.548693782588739,True,0.028861330250958443,6.020325877358937,0,,,13.234,0.011675
754,756,0.027272727272727268,10.824434314577053,0.02090909090909091,0.03818181818181818,8.224434314577062,13.924434314577043,True,0.03656522922364062,6.02802977633162,0,,,10.9168,0.023788
756,758,0.034545454545454546,9.689590133838674,0.027272727272727268,0.04454545454545455,7.589590133838682,11.989590133838663,True,0.02503295368158657,6.0164975007895665,0,,,9.20948,0.028447
757,759,0.4,14.448836806406081,0.3636363636363637,0.4727272727272727,13.548836806406085,15.648836806406074,False,0.08010435987178963,6.071568906979769,0,,,16.161,0.412897
758,760,0.040909090909090916,9.919826827686633,0.030909090909090907,0.05454545454545455,7.619826827686642,12.919826827686622,True,0.024543157481161367,6.016007704589139,0,,,9.52514,0.033949
760,762,0.4727272727272727,7.8019352622778175,0.3727272727272728,0.7181818181818181,5.901935262277815,10.80193526227782,True,0.06030002176908024,6.05176456887706,0,,,8.89971,0.492572
761,763,0.03636363636363636,5.818225184647156,0.027272727272727268,0.04818181818181819,3.2182251846471543,8.71822518464716,True,0.00567884134714721,5.997143388455126,0,,,4.90323,0.02944
762,764,0.14454545454545453,12.545559970059573,0.13,0.1590909090909091,11.245559970059581,13.845559970059572,False,0.08693001146567246,6.0783945585736525,0,,,10.8424,0.121177
763,765,0.14272727272727273,7.353907289443227,0.11727272727272728,0.16454545454545455,5.0539072894432255,9.35390728944323,False,0.03660624989419033,6.0280707970021705,0,,,4.85581,0.116393
764,766,0.13181818181818186,35.40403412437527,0.10545454545454544,0.1572727272727273,32.60403412437523,37.604034124375296,True,0.001808872974320423,5.9932734200823,0,,,36.1879,0.107321
765,767,0.8363636363636364,29.154687432431523,0.6727272727272727,1.054545454545455,27.554687432431503,30.85468743243155,False,0.030912980851924968,6.022377527959904,0,,,33.8151,0.9533
767,769,0.2363636363636364,9.737783535156463,0.2090909090909091,0.2636363636363636,9.037783535156468,10.537783535156464,False,0.04508218736341756,6.036546734471397,0,,,9.70966,0.199972
768,770,0.07018181818181819,11.36678255452661,0.05545454545454545,0.08454545454545455,8.966782554526619,13.466782554526606,False,0.055073837136111525,6.046538384244091,0,,,9.65815,0.053105
770,772,0.2909090909090909,3.5,0.2545454545454545,0.3545454545454545,2.5,5.0,True,0.09659122125695206,6.088055768364932,0,,,3.31225,0.274373
771,773,0.026363636363636363,9.460780853267632,0.024545454545454544,0.03,8.660780853267635,10.960780853267627,False,0.16632981397502294,6.1577943610830035,0,,,9.50101,0.023119
773,775,0.14454545454545453,7.972201182351179,0.12818181818181815,0.16272727272727272,6.5722011823511775,9.57220118235118,False,0.02563049917624104,6.01709504628422,0,,,5.73992,0.121081
774,776,0.1,16.405910371861196,0.07909090909090909,0.11727272727272728,14.205910371861204,18.40591037186119,False,0.027555470812005902,6.019020017919985,0,,,14.8108,0.071882
775,777,0.2181818181818182,25.361298295593823,0.16818181818181818,0.2727272727272727,23.8612982955938,26.761298295593843,False,0.07692765403402288,6.068392201142002,0,,,26.8582,0.192016
776,778,0.7,31.385607285519217,0.5272727272727272,1.0272727272727271,29.28560728551919,33.98560728551926,False,0.033049323999909834,6.024513871107888,0,,,36.5854,0.846811
777,779,0.2181818181818182,33.544578024223306,0.1809090909090909,0.24545454545454545,32.64457802422329,34.34457802422332,False,0.08664329030702407,6.078107837415002,0,,,35.9337,0.19136
778,780,0.06181818181818183,15.365652125206216,0.04727272727272727,0.08272727272727272,12.665652125206226,18.565652125206203,True,0.01201185609264605,6.003476403200625,0,,,14.7396,0.048908
779,781,0.2545454545454545,8.158430030189576,0.2090909090909091,0.3181818181818182,6.758430030189575,9.858430030189576,True,0.15146117934523992,6.142925726453218,0,,,8.28587,0.230489
780,782,0.04454545454545455,11.340019664025887,0.03363636363636364,0.06,8.740019664025898,14.440019664025874,True,0.06026646064463598,6.051731007752616,0,,,10.9289,0.03694
781,783,0.6272727272727272,10.543825317270354,0.4727272727272727,0.9454545454545454,8.443825317270361,13.343825317270346,True,0.03239047568385939,6.023855022791839,0,,,12.1119,0.66123
782,784,0.7363636363636363,14.268293435683697,0.4727272727272727,1.181818181818182,11.068293435683708,17.668293435683687,True,0.02431441642593404,6.015778963533911,0,,,16.2467,0.751626
783,785,0.06909090909090909,6.687997260792079,0.056363636363636366,0.08181818181818183,4.687997260792077,8.587997260792081,False,0.10040045709939556,6.091865004207373,0,,,4.56887,0.052594
784,786,0.010454545454545454,9.74800629374078,0.01,0.014545454545454544,9.048006293740782,12.748006293740769,True,0.003393840579515134,5.9948583876874935,0,,,10.8856,0.010555
785,787,0.2363636363636364,11.189651798702323,0.19454545454545452,0.2818181818181818,10.189651798702329,12.389651798702321,True,0.3897822765297105,6.3812468236376905,0,,,11.4483,0.204244
786,788,0.3,7.9563913649313625,0.2727272727272727,0.3545454545454545,7.256391364931363,9.056391364931363,True,0.4814945565259689,6.472959103633947,0,,,8.39972,0.289133
787,789,0.5363636363636364,2.0,0.3909090909090909,1.1272727272727274,0.0,7.1000000000000005,True,0.000709519284067629,5.992174066392048,0,,,2.12959,0.540695
788,790,0.09,7.606994480030429,0.07090909090909091,0.11363636363636365,5.106994480030427,10.006994480030432,False,0.012102372127042994,6.0035669192350225,0,,,5.14476,0.067674
789,791,0.2545454545454545,12.439634337726009,0.2090909090909091,0.2818181818181818,11.239634337726017,13.33963433772601,True,0.36463925179586143,6.35610379890384,0,,,12.5173,0.209647
790,792,0.16454545454545455,8.795323713559014,0.1409090909090909,0.2090909090909091,6.595323713559012,10.595323713559017,True,0.011078703186381815,6.0025432502943605,0,,,7.01301,0.148945
791,793,0.2727272727272727,11.042669610664127,0.2272727272727273,0.3181818181818182,9.842669610664133,12.242669610664125,True,0.003740756914281911,5.995205304022262,0,,,11.4954,0.2492
792,794,0.1863636363636364,47.75832092068429,0.11363636363636365,0.3909090909090909,42.55832092068421,52.558320920684345,True,0.002275843454681298,5.99374039056266,0,,,51.3712,0.178644
793,795,0.2545454545454545,22.634583697704716,0.2090909090909091,0.3090909090909091,21.434583697704696,23.93458369770473,False,0.02699127709067741,6.018455824198656,0,,,24.3537,0.230583
795,797,0.16818181818181818,18.954491679575497,0.1481818181818182,0.2,17.1544916795755,20.054491679575488,True,0.08816803650587134,6.079632583613851,0,,,18.2178,0.1526
798,800,0.014090909090909091,5.97752444806405,0.01090909090909091,0.018636363636363642,3.3775244480640505,8.677524448064048,True,0.01913406484158241,6.010598611949562,0,,,6.54373,0.013859
799,801,0.2272727272727273,9.444999589543867,0.18363636363636365,0.2727272727272727,8.344999589543871,10.544999589543863,True,0.20647041651400827,6.197934963621987,0,,,9.04851,0.193667
800,802,0.2181818181818182,5.616215121442761,0.17545454545454547,0.2545454545454545,4.316215121442761,6.716215121442762,False,0.15479943615711325,6.146263983265093,0,,,4.28371,0.183944
801,803,0.024545454545454544,22.653349125904906,0.014545454545454544,0.040909090909090916,17.75334912590484,27.753349125904986,True,0.027288740275141832,6.018753287383121,0,,,23.7609,0.02052
802,804,0.4,8.406569463509332,0.3181818181818182,0.5545454545454546,6.40656946350933,10.806569463509334,True,0.03005985467884045,6.021524401786818,0,,,9.11644,0.396344
803,805,0.06636363636363636,18.738682441223887,0.04636363636363637,0.0918181818181818,15.138682441223896,22.23868244122387,True,0.025945842737332338,6.017410389845312,0,,,18.1574,0.051258
804,806,0.34545454545454546,7.955571649169023,0.2909090909090909,0.4181818181818182,6.655571649169023,9.455571649169023,True,0.12321025084850022,6.11467479795648,0,,,8.42571,0.332848
805,807,0.12818181818181815,13.766164680500466,0.11363636363636365,0.1409090909090909,12.266164680500474,14.866164680500464,False,0.04342281175449236,6.0348873588624725,0,,,11.8772,0.098661
806,808,0.2727272727272727,9.236497393449802,0.2545454545454545,0.3,8.636497393449805,10.036497393449801,False,0.6418942068587442,6.633358753966722,0,,,9.46866,0.248601
807,809,0.0981818181818182,10.722945951410589,0.08272727272727272,0.11363636363636365,9.12294595141059,12.42294595141058,False,0.03576280597795669,6.027227353085936,0,,,8.67404,0.072069
808,810,0.01090909090909091,11.533666947253478,0.01,0.01590909090909091,10.333666947253482,15.133666947253465,True,0.01081691956328296,6.002281466671263,0,,,12.7368,0.01086
809,811,0.015454545454545453,10.831895446756935,0.011818181818181818,0.02090909090909091,8.131895446756946,13.431895446756927,True,0.07440857843327127,6.065873125541249,0,,,11.5981,0.014664
810,812,0.12272727272727273,11.736734961628967,0.08545454545454545,0.15363636363636365,7.936734961628982,14.43673496162896,True,0.014586507881590872,6.0060510549895705,0,,,9.43362,0.09002
811,813,0.13727272727272727,11.842853647208731,0.11545454545454545,0.15545454545454546,9.742853647208737,13.442853647208723,False,0.030865733451141263,6.02233028055912,0,,,9.78896,0.109288
812,814,0.5,7.505769744142102,0.4090909090909091,0.7090909090909091,6.1057697441420995,10.005769744142103,True,0.02220784673050575,6.013672393838485,0,,,8.72334,0.529669
813,815,0.07909090909090909,13.633237893822205,0.06727272727272728,0.09636363636363636,11.833237893822211,15.633237893822198,False,0.04861746824578793,6.040082015353768,0,,,12.143,0.060605
815,817,0.09363636363636364,25.682078433342625,0.07363636363636364,0.11727272727272728,23.18207843334259,28.082078433342662,False,0.04692983738877341,6.038394384496753,0,,,25.2632,0.069913
816,818,0.4,22.14313307464661,0.3363636363636364,0.5181818181818182,20.74313307464659,23.943133074646635,False,0.07798516373647167,6.0694497108444505,0,,,25.0219,0.427674
817,819,0.058181818181818175,16.454905137036494,0.04636363636363637,0.07545454545454545,14.154905137036502,19.254905137036484,True,0.019458912622665792,6.010923459730644,0,,,16.1076,0.046814
818,820,0.2818181818181818,11.182966514130745,0.2545454545454545,0.3090909090909091,10.382966514130748,11.882966514130745,True,0.013404773097806487,6.004869320205787,0,,,11.6516,0.258586
819,821,0.2909090909090909,4.3,0.24545454545454545,0.34545454545454546,3.0,5.7,True,0.1137544938359684,6.105219040943947,0,,,3.89706,0.263667
820,822,1.3,4.704799022849858,0.6636363636363636,1.4,0.50479902284986,6.004799022849858,True,0.000912716088543982,5.992377263196522,0,,,5.25617,1.2286
821,823,0.05181818181818182,21.309521442267208,0.039090909090909086,0.0710909090909091,18.309521442267165,24.409521442267252,True,0.0010887835520333466,5.992553330660013,0,,,21.5311,0.042711
823,825,0.03,9.1356805030271,0.026363636363636363,0.03818181818181818,7.835680503027103,11.135680503027091,True,0.13741136356789838,6.128875910675879,0,,,9.0278,0.02647
824,826,0.4909090909090909,8.913079645423869,0.3909090909090909,0.6545454545454545,7.113079645423879,10.813079645423864,True,0.030306482608125275,6.0217710297161045,0,,,9.88286,0.499542
825,827,0.045454545454545456,5.74934279782374,0.03363636363636364,0.06272727272727273,3.0493427978237406,8.84934279782374,True,0.017548738178624044,6.009013285286603,0,,,4.58732,0.037763
826,828,0.031818181818181815,7.272633529882746,0.027272727272727268,0.040909090909090916,5.772633529882745,9.472633529882748,True,0.20427251751643494,6.1957370646244145,0,,,6.97352,0.027703
828,830,0.10636363636363637,21.04899327452001,0.08363636363636362,0.12636363636363634,18.648993274519977,23.24899327452005,False,0.01816647462006788,6.009631021728048,0,,,19.9347,0.077314
829,831,0.07072727272727274,14.931821542863386,0.06,0.08454545454545455,13.131821542863396,16.83182154286338,False,0.009297916627581494,6.000762463735559,0,,,13.8206,0.054719
830,832,0.12272727272727273,16.696145269451033,0.10636363636363637,0.13545454545454547,14.796145269451046,17.996145269451034,False,0.05483653456946206,6.046301081677441,0,,,14.9508,0.089767
831,833,0.10545454545454544,6.167004950174247,0.08545454545454545,0.12454545454545456,4.067004950174246,8.167004950174249,False,0.1075934387596834,6.099057985867662,0,,,3.35596,0.076239
832,834,0.01590909090909091,14.637162062065823,0.013636363636363636,0.018636363636363642,12.937162062065827,16.13716206206582,True,0.04861295431082769,6.040077501418808,0,,,15.9534,0.015163
833,835,0.06727272727272728,24.651141483366256,0.049090909090909095,0.0918181818181818,21.45114148336621,28.251141483366307,True,0.0229764177344699,6.014440964842449,0,,,24.9725,0.052962
834,836,0.027272727272727268,10.066281469349644,0.022727272727272728,0.03363636363636364,8.366281469349648,11.966281469349635,True,0.1937920732901396,6.185256620398119,0,,,10.0594,0.023741
835,837,0.04363636363636364,7.123907934159017,0.03363636363636364,0.058181818181818175,4.623907934159013,10.12390793415902,True,0.01053657072569118,6.002001117833671,0,,,6.20206,0.036103
836,838,0.16818181818181818,26.404843158953977,0.14454545454545453,0.2181818181818182,24.104843158953944,28.004843158954,True,0.01414513387433889,6.005609680982318,0,,,26.7364,0.155917
837,839,0.2818181818181818,4.1000000000000005,0.2272727272727273,0.3363636363636364,2.8000000000000003,5.2,True,0.3058595448269393,6.297324091934918,0,,,3.46252,0.249073
838,840,0.13,13.861022794326189,0.09454545454545454,0.16272727272727272,10.261022794326204,16.861022794326182,True,0.02332329922623497,6.014787846334214,0,,,12.1341,0.102358
839,841,0.2272727272727273,9.199544743159633,0.1809090909090909,0.2727272727272727,7.899544743159637,10.599544743159626,True,0.08047686618592684,6.0719414132939065,0,,,8.78826,0.192114
840,842,0.034545454545454546,14.666178323899336,0.02363636363636364,0.052727272727272734,10.96617832389935,19.06617832389932,True,0.001005599006580658,5.99247014611456,0,,,14.8783,0.028656
841,843,0.02,12.792676191641467,0.01636363636363636,0.02363636363636364,10.892676191641474,14.292676191641462,True,0.2736038195309438,6.265068366638923,0,,,13.2932,0.017887
842,844,0.2545454545454545,14.35805403495389,0.2090909090909091,0.3,13.058054034953894,15.558054034953885,True,0.14276310621518018,6.134227653323159,0,,,14.9492,0.221741
843,845,0.4090909090909091,5.399709736204011,0.3272727272727273,0.5272727272727272,3.699709736204011,7.2997097362040115,True,0.1065387772882002,6.09800332439618,0,,,5.64008,0.395493
844,846,0.012727272727272728,21.933242435260095,0.01,0.02181818181818182,19.233242435260056,26.533242435260163,True,0.03235256444438619,6.023817111552365,0,,,24.5965,0.012977
845,847,0.24545454545454545,10.4222328459474,0.2181818181818182,0.2727272727272727,9.722232845947401,11.122232845947396,False,0.09410248515320553,6.085567032261184,0,,,10.3436,0.204342
846,848,0.5818181818181818,14.419991502046587,0.4272727272727273,0.8545454545454546,12.019991502046595,17.11999150204658,True,0.0180203079649073,6.0094848550728885,0,,,16.2356,0.604367
847,849,0.07336363636363635,14.271007175007453,0.0609090909090909,0.08727272727272728,12.17100717500746,16.171007175007446,False,0.012559084898346434,6.004023632006326,0,,,12.8565,0.055915
848,850,0.1481818181818182,7.579620481555314,0.12818181818181815,0.16636363636363638,5.879620481555313,9.279620481555316,False,0.06246134700356434,6.053925894111544,0,,,5.28195,0.125495
849,851,0.05181818181818182,13.394977080633518,0.039090909090909086,0.07254545454545454,10.394977080633527,16.794977080633508,True,0.03876883045341799,6.030233377561397,0,,,12.7413,0.042593
850,852,0.024545454545454544,15.59191812379693,0.01818181818181818,0.03363636363636364,12.59191812379694,18.59191812379692,True,0.07240199840147205,6.063866545509452,0,,,16.0686,0.02089
851,853,0.08454545454545455,17.945454443968472,0.06818181818181819,0.10818181818181817,15.645454443968479,20.345454443968464,False,0.09040180667198992,6.0818663537799695,0,,,16.8094,0.064427
852,854,0.07636363636363636,17.404887296270395,0.05545454545454545,0.10363636363636364,14.004887296270411,20.404887296270388,True,8.022025086384081e-06,5.991472569133066,0,,,16.2387,0.058311
853,855,0.08818181818181818,6.350145081115182,0.0710909090909091,0.11,3.9501450811151786,8.550145081115183,False,0.0048523470184431965,5.996316894126422,0,,,3.69614,0.066264
854,856,0.2818181818181818,8.49619285824347,0.2545454545454545,0.34545454545454546,7.696192858243473,9.996192858243463,True,0.4611251761266931,6.452589723234673,0,,,9.05117,0.27321
855,857,0.13,11.930710160002059,0.11,0.1481818181818182,9.830710160002068,13.530710160002053,False,0.08592497765246286,6.0773895247604415,0,,,9.9007,0.101554
856,858,0.17545454545454547,11.660136375528333,0.15545454545454546,0.2090909090909091,10.16013637552834,12.660136375528332,True,0.016031452509563417,6.007495999617543,0,,,10.228,0.158482
857,859,0.15545454545454546,8.357114063310146,0.13727272727272727,0.17,6.757114063310143,9.657114063310146,False,0.06446591326104081,6.055930460369019,0,,,6.07117,0.132785
858,860,0.02181818181818182,8.579139409969343,0.017727272727272727,0.027272727272727268,6.5791394099693425,10.779139409969346,True,0.04758180787886776,6.039046354986848,0,,,8.58859,0.01911
859,861,0.011818181818181818,13.491340383622141,0.01,0.014545454545454544,11.791340383622146,15.791340383622133,True,0.05427404660741695,6.045738593715396,0,,,15.0361,0.011938
860,862,0.06727272727272728,11.72868196521554,0.052727272727272734,0.08454545454545455,9.228681965215547,14.12868196521553,False,0.027920946775548048,6.019385493883528,0,,,10.3369,0.052253
861,863,0.05545454545454545,11.484160639200747,0.03,0.09272727272727273,6.384160639200765,16.38416063920073,True,0.005689975425621946,5.997154522533601,0,,,10.4258,0.044029
862,864,0.025454545454545452,16.766272564161294,0.01818181818181818,0.03545454545454545,13.466272564161313,19.96627256416129,True,0.03189689248923724,6.023361439597216,0,,,17.2039,0.021261
863,865,0.14454545454545453,10.49632672802108,0.11181818181818183,0.18363636363636365,7.196326728021092,13.396326728021073,True,0.004249658088691575,5.995714205196672,0,,,8.56264,0.12157
864,866,0.011363636363636364,10.791544004287191,0.01,0.013636363636363636,9.591544004287194,12.491544004287185,True,0.04162500943409669,6.033089556542076,0,,,12.0171,0.011484
865,867,0.03363636363636364,16.882581369709328,0.026363636363636363,0.04454545454545455,14.482581369709337,19.48258136970932,True,0.05530950100351087,6.04677404811149,0,,,17.3099,0.028133
866,868,0.031818181818181815,4.7,0.026363636363636363,0.04,3.0,6.6000000000000005,True,0.16575683616716044,6.15722138327514,0,,,3.88656,0.027193
867,869,0.02090909090909091,18.35149520477405,0.015,0.028181818181818183,15.351495204774064,21.351495204774046,True,0.04314924634409768,6.034613793452077,0,,,19.5274,0.018583
868,870,0.3727272727272728,3.8,0.2727272727272727,0.5545454545454546,1.6,6.7,True,0.08937482389494616,6.0808393710029245,0,,,3.74039,0.355002
869,871,0.06636363636363636,9.577546195152076,0.052727272727272734,0.08363636363636362,7.077546195152085,12.177546195152063,False,0.017814729238375092,6.009279276346353,0,,,8.01397,0.05146
870,872,0.2363636363636364,2.7,0.19181818181818186,0.2818181818181818,1.5,4.0,True,0.04341173636135925,6.034876283469338,0,,,1.72425,0.198511
871,873,0.025454545454545452,8.216047999531332,0.01636363636363636,0.04272727272727273,4.316047999531328,13.016047999531336,True,0.018195030991033208,6.009659578099012,0,,,8.14094,0.022236
872,874,0.3090909090909091,4.1000000000000005,0.24545454545454545,0.3818181818181817,2.5,5.800000000000002,True,0.041785432580098536,6.033249979688077,0,,,3.84881,0.286368
873,875,0.3545454545454545,6.986308790349944,0.3,0.44545454545454544,5.786308790349943,8.586308790349946,True,0.07851587780247198,6.069980424910451,0,,,7.49796,0.350584
874,876,0.02,11.062862367194027,0.015454545454545453,0.027272727272727268,8.662862367194037,14.062862367194018,True,0.012146919395229895,6.003611466503209,0,,,11.685,0.018365
876,878,0.09545454545454546,6.975425967593166,0.07590909090909091,0.11545454545454545,4.675425967593164,8.975425967593168,False,0.00877657483195532,6.000241121939935,0,,,4.26397,0.069881
877,879,0.14272727272727273,9.713095328936838,0.12090909090909092,0.16454545454545455,7.613095328936845,11.81309532893683,False,0.01616478839115336,6.007629335499133,0,,,7.6023,0.117607
878,880,0.01636363636363636,9.852045712953071,0.014545454545454544,0.01909090909090909,8.752045712953073,11.252045712953064,True,0.06297912935936822,6.054443676467347,0,,,10.7633,0.0158
880,882,0.10454545454545457,10.732734575031996,0.08727272727272728,0.1190909090909091,9.032734575032002,12.33273457503199,False,0.016544187942066902,6.008008735050047,0,,,8.43176,0.075244
881,883,0.16272727272727272,7.285833268046522,0.1390909090909091,0.19454545454545452,5.185833268046522,8.685833268046522,False,0.052171234586909386,6.0436357816948885,0,,,4.96474,0.143425
882,884,0.029090909090909087,15.84161192948625,0.022727272727272728,0.04,13.44161192948626,18.541611929486248,True,0.011193924888045706,6.002658471996025,0,,,16.267,0.025114
883,885,0.08181818181818183,17.272462532663962,0.06454545454545453,0.10727272727272727,14.47246253266397,20.07246253266395,False,0.02455897209224066,6.0160235192002185,0,,,16.126,0.062742
884,886,0.17272727272727273,12.891838021541432,0.15363636363636365,0.2090909090909091,11.291838021541441,13.991838021541428,True,0.0967563612694674,6.088220908377447,0,,,11.7632,0.160129
885,887,0.13181818181818186,8.225630628277845,0.11363636363636365,0.15181818181818182,6.3256306282778425,10.125630628277845,False,0.02383440804517972,6.015298955153159,0,,,5.89987,0.105086
886,888,0.030909090909090907,12.231101067018626,0.025454545454545452,0.03818181818181818,10.131101067018633,13.931101067018616,True,0.09798083043901344,6.089445377546992,0,,,11.9273,0.026097
887,889,0.01590909090909091,10.870199915766316,0.013636363636363636,0.02,9.270199915766323,12.97019991576631,True,0.08967638120939236,6.081140928317372,0,,,12.0651,0.015651
888,890,0.3272727272727273,2.6,0.2363636363636364,0.4909090909090909,0.2,5.800000000000002,True,0.006167739698332117,5.997632286806311,0,,,2.35311,0.310601
889,891,0.3818181818181817,3.4000000000000004,0.2545454545454545,0.6545454545454545,0.4,7.4,True,0.047722077649066164,6.039186624757045,0,,,3.26466,0.363169
890,892,0.07772727272727273,12.737952119924795,0.06545454545454546,0.09727272727272727,10.737952119924806,14.837952119924788,False,0.05222570250195208,6.043690249609932,0,,,11.1569,0.060029
891,893,0.02,11.277803899225189,0.015454545454545453,0.027272727272727268,8.977803899225199,14.17780389922518,True,0.04489162372479693,6.036356170832776,0,,,12.0032,0.018515
892,894,0.013636363636363636,12.743098195099835,0.011363636363636364,0.01681818181818182,10.94309819509984,14.643098195099828,True,0.08731999967478002,6.078784546782758,0,,,14.0306,0.013499
893,895,0.02181818181818182,9.083463513480156,0.017727272727272727,0.025454545454545452,7.283463513480163,10.483463513480151,True,0.2813233529926745,6.272787900100653,0,,,8.98201,0.018821
894,896,0.04363636363636364,12.156206147715265,0.03272727272727273,0.056363636363636366,9.456206147715273,14.756206147715256,True,0.020713219213188458,6.012177766321168,0,,,11.5766,0.03532
895,897,0.05454545454545455,15.561932466308456,0.04454545454545455,0.06545454545454546,13.461932466308465,17.461932466308447,False,0.03639554580069981,6.027860092908679,0,,,14.9865,0.043706
896,898,0.034545454545454546,6.177464543882028,0.029090909090909087,0.04272727272727273,4.677464543882027,8.177464543882031,False,0.1221186166858116,6.11358316379379,0,,,5.48375,0.028808
897,899,0.3545454545454545,5.655943620949372,0.3090909090909091,0.4181818181818182,4.755943620949373,6.955943620949374,True,0.13227778854405126,6.123742335652031,0,,,6.12453,0.349815
898,900,0.022727272727272728,6.544598895745868,0.018636363636363642,0.028181818181818183,4.644598895745868,8.644598895745872,True,0.08701843674827499,6.0784829838562535,0,,,6.19964,0.019642
899,901,0.34545454545454546,6.651794178661589,0.2727272727272727,0.44545454545454544,5.051794178661589,8.451794178661594,True,0.004866060951667297,5.9963306080596475,0,,,6.84628,0.327414
900,902,0.16818181818181818,7.823386879862388,0.15,0.2,6.023386879862385,8.923386879862386,False,0.0692773599851241,6.060741907093103,0,,,5.7953,0.153467
901,903,0.01636363636363636,10.953910729575082,0.013636363636363636,0.02090909090909091,9.153910729575088,13.253910729575074,True,0.033848561518344214,6.025313108626324,0,,,12.0449,0.01587
902,904,0.01909090909090909,11.056549489300787,0.015454545454545453,0.02363636363636364,9.156549489300797,12.956549489300782,True,0.001883159705877225,5.993347706813856,0,,,11.6347,0.017556
903,905,0.022727272727272728,11.164453147278314,0.01818181818181818,0.029090909090909087,8.96445314727832,13.764453147278305,True,0.02597629082874265,6.0174408379367215,0,,,11.4437,0.019721
904,906,0.013636363636363636,9.488138796356393,0.011818181818181818,0.017272727272727273,7.988138796356398,11.688138796356386,True,0.09317196168677028,6.084636508794749,0,,,10.7045,0.013813
905,907,0.10727272727272727,8.804370548718012,0.08454545454545455,0.12818181818181815,6.50437054871802,11.104370548718004,False,0.03236390014841042,6.023828447256388,0,,,6.34604,0.077687
906,908,0.01909090909090909,16.70587657804338,0.014545454545454544,0.024545454545454544,14.105876578043391,19.10587657804337,True,0.019658960563532796,6.011123507671512,0,,,17.8041,0.017394
907,909,0.03818181818181818,5.468960479000392,0.031818181818181815,0.04636363636363637,3.968960479000392,7.668960479000392,False,0.13196724842590474,6.123431795533883,0,,,4.69359,0.031327
908,910,0.1863636363636364,12.91940094185576,0.16818181818181818,0.2090909090909091,12.219400941855767,13.519400941855759,False,0.04998204973108495,6.041446596839063,0,,,11.9956,0.167927
909,911,0.014090909090909091,3.9,0.011363636363636364,0.017727272727272727,1.8,6.0,True,0.008042246017915191,5.999506793125894,0,,,4.22214,0.013953
910,912,0.04454545454545455,5.9320155424735015,0.03545454545454545,0.056363636363636366,3.8320155424734996,8.332015542473503,True,0.014933535511439238,6.006398082619418,0,,,4.82584,0.036931
911,913,0.4272727272727273,12.526626143381712,0.3545454545454545,0.5909090909090908,11.226626143381717,15.026626143381705,True,0.1008636204924728,6.092328167600452,0,,,14.3718,0.454139
912,914,0.022727272727272728,12.153890117792017,0.01909090909090909,0.026363636363636363,10.653890117792024,13.653890117792013,True,0.5107763468805174,6.502240893988496,0,,,12.4757,0.019557
913,915,0.06545454545454546,13.65005364359842,0.05181818181818182,0.08272727272727272,11.450053643598428,16.15005364359841,False,0.01978547307596434,6.011250020183942,0,,,12.7094,0.051249
914,916,0.1809090909090909,5.534574638987817,0.15545454545454546,0.2090909090909091,3.8345746389878186,6.434574638987818,False,0.06632487885790088,6.05778942596588,0,,,3.34776,0.160302
916,918,0.2363636363636364,14.466283198524499,0.2090909090909091,0.2636363636363636,13.766283198524507,15.166283198524498,False,0.03660222913726048,6.02806677624524,0,,,14.9195,0.199676
917,919,0.014545454545454544,11.713644236260466,0.011818181818181818,0.01909090909090909,9.213644236260476,14.113644236260463,True,0.14598132785725515,6.137445874965234,0,,,12.726,0.014262
919,921,0.05090909090909091,5.876298660141273,0.04272727272727273,0.06181818181818183,3.876298660141272,7.676298660141271,False,0.05188318029121704,6.043347727399197,0,,,4.22357,0.04136
920,922,0.16454545454545455,11.96283113617088,0.1409090909090909,0.2,9.762831136170886,13.462831136170873,True,0.02103641433150583,6.0125009614394855,0,,,10.3712,0.14762
921,923,0.13181818181818186,7.8790029360712275,0.09909090909090908,0.16454545454545455,4.379002936071226,10.879002936071231,True,0.02569364950239609,6.017158196610374,0,,,5.57992,0.106051
922,924,0.24545454545454545,3.5,0.1781818181818182,0.3272727272727273,1.6,5.4,True,0.03765563270800044,6.029120179815981,0,,,2.67099,0.208408
923,925,0.2,9.093594068521826,0.16454545454545455,0.2363636363636364,7.593594068521825,10.19359406852183,True,0.09187165919959486,6.083336206307575,0,,,7.98486,0.175896
924,926,0.011363636363636364,14.945588919128328,0.01,0.014545454545454544,13.545588919128333,17.645588919128322,True,0.07513073821051383,6.066595285318493,0,,,16.5997,0.011351
925,927,0.17,4.3,0.1572727272727273,0.1972727272727273,3.2,5.1000000000000005,False,0.035336961507906856,6.026801508615887,0,,,2.00578,0.156566
926,928,0.019545454545454543,5.881051928236214,0.01590909090909091,0.024545454545454544,4.081051928236215,7.881051928236214,True,0.1731306285223834,6.164595175630362,0,,,5.92138,0.018038
927,929,0.011363636363636364,15.672704858778978,0.01,0.014545454545454544,14.272704858778985,18.372704858778967,True,0.06237760502660952,6.053842152134589,0,,,17.0959,0.011042
928,930,0.2818181818181818,12.497750730939483,0.2545454545454545,0.3181818181818182,11.79775073093949,13.297750730939482,True,0.04995460864447522,6.041419155752454,0,,,13.24,0.263814
929,931,0.03,9.73083349975402,0.02363636363636364,0.04363636363636364,7.130833499754028,13.130833499754006,True,0.061761666985022064,6.0532262140930015,0,,,9.71645,0.026481
930,932,0.02363636363636364,10.01650411319633,0.01818181818181818,0.03272727272727273,7.516504113196339,13.016504113196321,True,0.06395573513742564,6.055420282245405,0,,,10.1592,0.020674
931,933,0.03,6.5662487446931195,0.022727272727272728,0.04272727272727273,3.4662487446931176,9.666248744693123,True,0.020835041705138103,6.012299588813118,0,,,5.75224,0.025778
932,934,0.2727272727272727,8.436398437012313,0.24545454545454545,0.3181818181818182,7.8363984370123125,9.536398437012313,True,0.13507911849735887,6.126543665605338,0,,,8.75912,0.25286
933,935,0.024545454545454544,7.9439494892049085,0.018636363636363642,0.031818181818181815,5.4439494892049085,10.643949489204912,True,0.022023569877029383,6.013488116985007,0,,,7.74116,0.021062
934,936,0.2363636363636364,5.555460647185584,0.2,0.2727272727272727,4.7554606471855845,6.555460647185584,False,0.08505797675514956,6.076522523863129,0,,,5.00055,0.198465
935,937,0.07,10.088629583672175,0.056363636363636366,0.08636363636363636,7.788629583672183,12.488629583672164,False,0.01075876278068918,6.002223309888668,0,,,8.42342,0.054115
936,938,0.022727272727272728,12.469655383266987,0.017727272727272727,0.029090909090909087,10.269655383266997,15.069655383266976,True,0.056455067063167996,6.047919614171147,0,,,12.972,0.019863
937,939,0.15363636363636365,12.968270561343546,0.13363636363636364,0.1781818181818182,11.268270561343545,14.668270561343533,True,0.05522929138488318,6.046693838492862,0,,,11.472,0.134072
938,940,0.16090909090909092,11.887101597138296,0.1409090909090909,0.1863636363636364,10.087101597138302,13.287101597138289,True,0.1600819271006926,6.151546474208673,0,,,10.1892,0.141669
939,941,0.1590909090909091,11.757228294782431,0.1409090909090909,0.1781818181818182,10.057228294782435,13.057228294782426,False,0.041987901278281434,6.03345244838626,0,,,10.01,0.138906
940,942,0.026363636363636363,11.76681425374244,0.02,0.03545454545454545,9.26681425374245,14.366814253742433,True,0.019031251902094832,6.010495799010074,0,,,11.8246,0.02264
941,943,0.034545454545454546,5.23584225794904,0.029090909090909087,0.04272727272727273,3.7358422579490393,7.23584225794904,False,0.011601646082570171,6.0030661931905485,0,,,4.3895,0.028716
942,944,0.14454545454545453,9.522184646509066,0.1190909090909091,0.16818181818181818,7.022184646509075,11.722184646509056,True,0.0109142088796393,6.0023787559876185,0,,,7.27116,0.119683
944,946,0.022727272727272728,7.912465165325247,0.01636363636363636,0.030909090909090907,5.012465165325246,10.912465165325253,True,0.022097107199756858,6.013561654307736,0,,,7.72747,0.019616
945,947,0.3272727272727273,11.700147471890887,0.2818181818181818,0.3909090909090909,10.60014747189089,13.000147471890884,True,0.010375875373297705,6.001840422481277,0,,,12.6193,0.316421
946,948,0.5,5.314594489650035,0.2909090909090909,1.0636363636363635,1.3145944896500357,10.514594489650033,True,0.01247627934824487,6.003940826456224,0,,,6.01061,0.513189
947,949,0.14454545454545453,11.17256137581905,0.11727272727272728,0.17272727272727273,8.67256137581906,13.472561375819044,True,0.01078801244381601,6.002252559551796,0,,,9.32162,0.121532
948,950,0.04272727272727273,8.756813441167541,0.03,0.0609090909090909,5.756813441167536,12.356813441167542,True,0.0020826423545323275,5.993547189462512,0,,,8.06179,0.035255
950,952,0.02181818181818182,15.422458466106624,0.01818181818181818,0.027272727272727268,13.622458466106632,17.722458466106612,True,0.10727866742890696,6.098743214536886,0,,,16.4273,0.019422
951,953,0.34545454545454546,4.6000000000000005,0.3,0.4,3.6,5.800000000000002,True,0.03204305567918518,6.023507602787165,0,,,4.6518,0.330315
952,954,0.16454545454545455,10.37411595437324,0.14454545454545453,0.2,8.474115954373246,11.874115954373233,True,0.023767705029138976,6.0152322521371175,0,,,8.76716,0.149394
953,955,0.3545454545454545,2.8000000000000003,0.2181818181818182,0.7363636363636363,0.0,7.800000000000002,True,0.002186660090456718,5.993651207198436,0,,,2.61601,0.339581
954,956,0.037272727272727284,4.6000000000000005,0.03,0.04454545454545455,2.8000000000000003,6.4,False,0.013182399068453164,6.0046469461764325,0,,,3.44804,0.029854
955,957,0.08818181818181818,12.656231479395403,0.07072727272727274,0.11,10.256231479395415,14.856231479395394,False,0.007232469381801169,5.99869701648978,0,,,10.7,0.066104
957,959,0.040909090909090916,11.687880569320637,0.029090909090909087,0.058181818181818175,8.687880569320647,15.287880569320624,True,0.015443287090164112,6.006907834198144,0,,,11.2733,0.033316
958,960,0.02090909090909091,10.932363199393835,0.01590909090909091,0.027272727272727268,8.432363199393848,13.532363199393828,True,0.05646478193726195,6.047929329045241,0,,,11.2586,0.018481
960,962,0.08727272727272728,10.425165264073305,0.06,0.12090909090909092,6.42516526407332,13.925165264073293,True,0.0055545950406248904,5.997019142148603,0,,,8.17351,0.065058
961,963,0.027272727272727268,14.932472232917654,0.02090909090909091,0.03818181818181818,12.332472232917665,17.932472232917647,True,0.01530719649852868,6.006771743606508,0,,,15.4366,0.023762
962,964,0.027272727272727268,8.734463358226295,0.02181818181818182,0.03272727272727273,6.534463358226294,10.534463358226297,True,0.2357447033086857,6.2272092504166645,0,,,8.12126,0.022778
963,965,0.07036363636363636,13.14930255622285,0.05545454545454545,0.08727272727272728,10.649302556222857,15.54930255622284,False,0.0174418969457321,6.008906444053711,0,,,11.7136,0.053594
964,966,0.04727272727272727,6.397314811058978,0.03545454545454545,0.0609090909090909,3.4973148110589745,8.99731481105898,True,0.05092701763923039,6.042391564747209,0,,,4.84853,0.03815
965,967,0.2909090909090909,2.6,0.2727272727272727,0.3363636363636364,2.1,3.6,True,0.4289421565742105,6.420406703682191,0,,,2.39935,0.278352
966,968,0.1781818181818182,8.89591019813457,0.16090909090909092,0.2090909090909091,7.595910198134569,9.795910198134573,False,0.07910336355604344,6.070567910664022,0,,,7.41957,0.163457
967,969,0.05181818181818182,5.070027176120953,0.045454545454545456,0.06363636363636364,3.7700271761209536,7.070027176120952,False,0.17339694632266908,6.1648614934306485,0,,,3.81709,0.043594
968,970,0.0609090909090909,10.21281489757115,0.040909090909090916,0.08909090909090908,6.312814897571162,14.312814897571132,True,0.009028356075527778,6.000492903183508,0,,,8.9103,0.047717
969,971,0.030909090909090907,8.017513717428884,0.024545454545454544,0.04272727272727273,5.61751371742888,10.817513717428882,True,0.015560078648398262,6.007024625756378,0,,,7.6259,0.026696
970,972,0.057272727272727274,5.311479698372751,0.04454545454545455,0.07590909090909091,2.7114796983727514,8.51147969837275,True,0.012176590412224152,6.003641137520202,0,,,3.71031,0.046215
971,973,0.16818181818181818,13.40197691479467,0.1481818181818182,0.2,11.501976914794676,14.501976914794664,True,0.02441295569794205,6.015877502805921,0,,,11.9173,0.151616
973,975,0.13727272727272727,12.396219804565067,0.11727272727272728,0.15545454545454546,10.396219804565076,13.996219804565065,False,0.03613601165587835,6.027600558763857,0,,,10.3997,0.11028
974,976,0.01590909090909091,12.254953914659175,0.013181818181818182,0.02,10.354953914659182,14.45495391465917,True,0.05830067286678298,6.049765219974762,0,,,13.5419,0.015496
975,977,0.3636363636363637,5.066667312220838,0.3,0.44545454545454544,3.5666673122208383,6.666667312220838,True,0.0371148885147797,6.028579435622759,0,,,5.17978,0.347085
976,978,0.15545454545454546,11.973251134209896,0.1390909090909091,0.17272727272727273,10.4732511342099,13.373251134209891,False,0.05700218101489641,6.048466728122874,0,,,10.2248,0.134661
977,979,0.07472727272727273,6.597731819859103,0.05909090909090909,0.09272727272727273,4.0977318198591,8.897731819859104,False,0.012594334996063626,6.004058882104043,0,,,4.28258,0.05672
978,980,0.010454545454545454,10.18802348874032,0.01,0.015,9.488023488740323,13.588023488740307,True,0.047040379150280365,6.038504926258259,0,,,11.4148,0.010601
979,981,0.015,12.447048445138485,0.011818181818181818,0.02,10.047048445138493,14.947048445138474,True,0.048189119275924786,6.039653666383903,0,,,13.5841,0.014622
980,982,0.07127272727272728,10.727200003532406,0.04454545454545455,0.11363636363636365,5.827200003532424,15.627200003532385,True,0.002010659376807031,5.993475206484787,0,,,9.12432,0.054959
981,983,0.056363636363636366,14.860699580300713,0.04454545454545455,0.07281818181818181,12.36069958030072,17.660699580300697,True,0.020176579476731363,6.011641126584711,0,,,14.3187,0.045414
982,984,0.04454545454545455,7.8313769001761955,0.03,0.06363636363636364,4.4313769001761925,11.331376900176199,True,0.02418015660489276,6.015644703712872,0,,,6.68128,0.036195
983,985,0.012272727272727272,14.464327506159387,0.01,0.01636363636363636,12.364327506159393,17.464327506159382,True,0.01519694740663049,6.006661494514611,0,,,15.9594,0.012165
984,986,0.2090909090909091,3.0,0.16454545454545455,0.2545454545454545,1.4,4.2,False,0.03864298392825631,6.030107531036236,0,,,1.19389,0.179133
985,987,0.014090909090909091,8.693604829085878,0.010454545454545454,0.01909090909090909,5.8936048290858745,11.693604829085881,True,0.016414106090858492,6.007878653198838,0,,,9.60902,0.013867
986,988,0.12272727272727273,6.536812576700847,0.09363636363636364,0.15,3.5368125767008443,8.93681257670085,False,0.020479532957068315,6.011944080065048,0,,,3.85467,0.092133
987,989,0.3818181818181817,5.381465639009998,0.3181818181818182,0.4545454545454546,4.0814656390099975,6.681465639009996,True,0.07980145475216621,6.0712660018601445,0,,,5.62894,0.369686
988,990,0.2363636363636364,8.785023984537101,0.1781818181818182,0.2909090909090909,7.2850239845371,10.2850239845371,True,0.02638802437440731,6.017852571482386,0,,,8.39963,0.1965
989,991,0.0981818181818182,8.861172816713326,0.07909090909090909,0.11545454545454545,6.861172816713324,10.661172816713329,False,0.008051441215437391,5.9995159883234175,0,,,6.34476,0.070854
990,992,0.13,9.826197727996783,0.10454545454545457,0.15545454545454546,7.326197727996793,12.026197727996776,False,0.009693697533891543,6.001158244641871,0,,,7.68253,0.102684
992,994,0.2090909090909091,12.909617509306214,0.17545454545454547,0.24545454545454545,12.009617509306214,13.709617509306215,True,0.11213540823707346,6.103599955345053,0,,,12.6591,0.184342
993,995,0.02,10.751414325493672,0.01636363636363636,0.026363636363636363,8.951414325493678,13.251414325493664,True,0.11714968605789235,6.108614233165872,0,,,11.4522,0.018598
994,996,0.16090909090909092,10.79447396817062,0.1481818181818182,0.1809090909090909,9.594473968170622,11.894473968170614,False,0.06210148213918242,6.053566029247161,0,,,9.1918,0.144854
995,997,0.01681818181818182,12.529144212353069,0.012272727272727272,0.024545454545454544,9.52914421235308,16.02914421235306,True,0.01606591277109064,6.007530459879071,0,,,13.5532,0.015807
996,998,0.2090909090909091,5.956377906527448,0.17,0.2545454545454545,4.856377906527445,7.156377906527448,True,0.053162060023789134,6.044626607131767,0,,,4.9333,0.184505
998,1000,0.030909090909090907,10.869678774078743,0.024545454545454544,0.040909090909090916,8.469678774078751,13.269678774078734,True,0.008028240621404564,5.999492787729384,0,,,10.6234,0.026377
999,1001,0.03363636363636364,6.728052640073899,0.027272727272727268,0.04363636363636364,4.628052640073896,9.1280526400739,True,0.0332043266516328,6.024668873759612,0,,,6.17976,0.0284
1000,1002,0.2181818181818182,6.730096579487331,0.17272727272727273,0.2727272727272727,5.43009657948733,8.030096579487331,True,0.023906094245662327,6.015370641353642,0,,,5.86036,0.188343
1001,1003,0.18363636363636365,5.446209628302258,0.1481818181818182,0.2363636363636364,2.846209628302258,6.946209628302258,True,0.02352454661102446,6.014989093719003,0,,,3.3255,0.162528
1002,1004,0.5545454545454546,3.5,0.3181818181818182,1.2727272727272727,0.0,8.700000000000001,True,0.0013862881584344575,5.992850835266412,0,,,4.00556,0.57046
1003,1005,0.057272727272727274,10.33566114067027,0.045454545454545456,0.07363636363636364,7.935661140670278,13.035661140670259,True,0.014400064831052628,6.005864611939032,0,,,9.20733,0.045699
1004,1006,0.034545454545454546,11.700984419233668,0.026363636363636363,0.04727272727272727,9.200984419233675,14.700984419233654,True,0.0004194166404560157,5.9918839637484345,0,,,11.5073,0.028573
1005,1007,0.06454545454545453,6.648961800563779,0.04272727272727273,0.09909090909090908,2.2489618005637757,11.048961800563784,True,0.009733575094398437,6.0011981222023785,0,,,4.86996,0.050429
1006,1008,0.12454545454545456,11.175750383415485,0.09545454545454546,0.15545454545454546,8.175750383415494,13.875750383415475,True,0.06232475815135403,6.0537893052593335,0,,,9.21532,0.096735
1007,1009,0.07,6.9017380596838915,0.05090909090909091,0.09454545454545454,3.801738059683888,9.801738059683895,True,0.022986829030745184,6.014451376138724,0,,,4.80703,0.053959
1008,1010,0.03636363636363636,10.352584197953476,0.026363636363636363,0.052727272727272734,7.552584197953486,14.052584197953465,True,0.08041095430790847,6.071875501415888,0,,,10.1974,0.029947
1009,1011,0.012727272727272728,10.591368752614802,0.01,0.01636363636363636,8.391368752614808,13.091368752614795,True,0.06284525232987025,6.054309799437848,0,,,11.8551,0.012871
1010,1012,0.057272727272727274,5.407370104304423,0.04,0.08454545454545455,1.8073701043044248,9.607370104304422,True,0.009485552574481849,6.000950099682461,0,,,3.84508,0.046332
1011,1013,0.01681818181818182,9.510256676322888,0.013636363636363636,0.022727272727272728,7.510256676322893,12.110256676322875,True,0.07638358154474699,6.067848128652726,0,,,10.3363,0.016171
1012,1014,0.06363636363636364,6.472541170947147,0.04272727272727273,0.09727272727272727,2.2725411709471426,10.872541170947152,True,0.005813260129172456,5.997277807237152,0,,,4.68253,0.049725
1013,1015,0.44545454545454544,4.3,0.3,0.7727272727272727,1.4,8.3,True,0.004417237205336253,5.995881784313315,0,,,4.51548,0.437462
1014,1016,0.4727272727272727,1.4,0.3636363636363637,1.0363636363636364,0.0,6.4,True,0.0010757563177165906,5.992540303425696,0,,,1.48688,0.477896
1015,1017,0.13363636363636364,6.555282127257082,0.10818181818181817,0.15545454545454546,3.95528212725708,8.455282127257085,False,0.05609981946282528,6.047564366570804,0,,,3.79602,0.10513
1016,1018,0.02363636363636364,12.695102937723673,0.015,0.039090909090909086,8.695102937723687,17.395102937723653,True,0.016143037936511197,6.00760758504449,0,,,13.0846,0.020385
1018,1020,0.040909090909090916,3.3000000000000003,0.029090909090909087,0.06,0.4,7.300000000000002,True,0.061739291261231774,6.0532038383692095,0,,,2.26471,0.03445
1020,1022,0.026363636363636363,11.228206752524114,0.018636363636363642,0.039090909090909086,7.928206752524124,14.8282067525241,True,0.01011976146681367,6.0015843085747935,0,,,11.3123,0.022936
1021,1023,0.17272727272727273,10.845436794432173,0.15181818181818182,0.2090909090909091,9.045436794432176,11.945436794432169,True,0.004585680014603291,5.996050227122582,0,,,9.2482,0.156466
1022,1024,0.05,5.3570868722566125,0.03818181818181818,0.06909090909090909,2.4570868722566135,8.557086872256614,True,0.02011670856422275,6.011581255672202,0,,,3.96953,0.041821
1023,1025,0.07127272727272728,10.672453662392824,0.05545454545454545,0.09,8.072453662392832,13.172453662392813,False,0.0025184189891321795,5.9939829660971125,0,,,8.96079,0.054636
1024,1026,0.029090909090909087,5.1000000000000005,0.022727272727272728,0.040909090909090916,2.6,7.9,True,0.023571536621388302,6.015036083729367,0,,,4.3775,0.025388
1025,1027,0.053636363636363635,6.4485578322586345,0.037272727272727284,0.07545454545454545,2.848557832258632,9.948557832258636,True,0.035190570762005303,6.026655117869985,0,,,4.70607,0.042621
1026,1028,0.017727272727272727,10.940880273595798,0.014090909090909091,0.022727272727272728,8.940880273595806,13.04088027359579,True,0.0291883154885589,6.0206528625965365,0,,,11.6355,0.016453
1027,1029,0.015454545454545453,6.819839296440571,0.012272727272727272,0.022727272727272728,4.519839296440568,10.119839296440572,True,0.07477183311687566,6.066236380224855,0,,,7.64702,0.015492
1028,1030,0.1190909090909091,11.42187521107367,0.09909090909090908,0.1390909090909091,9.221875211073678,13.421875211073663,False,0.006364537504026265,5.997829084612006,0,,,9.2611,0.087514
1029,1031,0.11181818181818183,3.8,0.08272727272727272,0.13545454545454547,0.8,6.2,False,0.04090546963987544,6.032370016747855,0,,,0.571481,0.080213
1030,1032,0.02363636363636364,14.103950693271115,0.017272727272727273,0.030909090909090907,11.203950693271121,16.903950693271106,True,0.02619180277856337,6.017656349886543,0,,,14.3181,0.019775
1031,1033,0.2363636363636364,3.7,0.17545454545454547,0.3,2.0,5.4,True,0.0015166405591188182,5.992981187667098,0,,,2.76585,0.197802
1032,1034,0.13727272727272727,8.179571274268401,0.10181818181818182,0.17,4.779571274268398,11.079571274268405,True,0.0017128168329921649,5.993177363940972,0,,,5.81235,0.110385
1033,1035,0.3636363636363637,21.117741546746707,0.2636363636363636,0.5363636363636364,18.817741546746674,24.01774154674675,True,0.005739835137595239,5.997204382245574,0,,,23.4578,0.364982
1034,1036,0.02,14.871011140253206,0.014090909090909091,0.029090909090909087,11.671011140253215,18.471011140253196,True,0.028500011426895858,6.019964558534875,0,,,15.8405,0.018322
1036,1038,0.3090909090909091,3.8,0.2363636363636364,0.3909090909090909,1.7000000000000002,5.800000000000002,True,0.10737247259115852,6.098837019699137,0,,,3.29329,0.281266
1037,1039,1.1,15.783800908675625,0.6363636363636364,1.4,11.783800908675639,17.883800908675614,False,0.0025224359414856828,5.9939869830494645,0,,,18.2038,1.12232
1038,1040,0.014090909090909091,11.712296375426485,0.01,0.022727272727272728,8.012296375426496,16.112296375426467,True,0.0047915788758157345,5.996256125983795,0,,,12.7885,0.013853
1039,1041,0.10090909090909092,14.614821984094375,0.07309090909090908,0.12636363636363634,11.314821984094387,17.414821984094367,False,0.011858394383172958,6.003322941491152,0,,,12.7344,0.072825
1041,1043,0.5363636363636364,7.362213843711612,0.3727272727272728,0.9272727272727272,4.662213843711611,11.162213843711617,True,0.007753180485000816,5.9992177275929786,0,,,8.22863,0.547088
1042,1044,0.03,6.554229814355352,0.02363636363636364,0.04,4.054229814355348,8.854229814355351,True,0.10826720980309502,6.0997317569110745,0,,,5.69512,0.025659
1043,1045,0.2545454545454545,4.3,0.2,0.3090909090909091,2.9000000000000004,5.7,True,0.03284624553715477,6.024310792645133,0,,,3.68005,0.221213
1045,1047,0.06727272727272728,17.738998550012273,0.040909090909090916,0.1090909090909091,12.738998550012296,22.73899855001226,True,0.0013963240484380149,5.992860871156418,0,,,16.9745,0.051643
1046,1048,0.029090909090909087,7.026081018399987,0.022727272727272728,0.03818181818181818,4.526081018399985,9.526081018399989,True,0.015776185659514018,6.007240732767492,0,,,6.44436,0.025064
1047,1049,0.13545454545454547,8.58484813945882,0.11181818181818183,0.1572727272727273,6.1848481394588175,10.484848139458824,False,0.0284453786172696,6.019909925725249,0,,,6.18093,0.108017
1048,1050,0.1,12.864042823260998,0.07363636363636364,0.12636363636363634,9.76404282326101,15.76404282326099,False,0.013523399649097326,6.004987946757076,0,,,10.9121,0.07236
1050,1052,0.034545454545454546,29.530874498508602,0.02,0.05909090909090909,24.63087449850853,34.630874498508675,True,0.0003874081423530392,5.991851955250333,0,,,31.4355,0.028947
1051,1053,0.13,31.21071503665951,0.07863636363636364,0.1972727272727273,26.110715036659442,35.41071503665957,True,0.006390202640800763,5.997854749748781,0,,,31.5515,0.105439
1052,1054,0.034545454545454546,6.6858257221069275,0.028181818181818183,0.04181818181818182,4.885825722106924,8.485825722106927,True,0.10321539291835873,6.094679940026338,0,,,5.93153,0.028467
1053,1055,0.024545454545454544,5.8560814416939735,0.017727272727272727,0.031818181818181815,2.9560814416939736,8.356081441693972,True,0.04903735363465315,6.040501900742633,0,,,5.02134,0.020328
1054,1056,0.5727272727272728,6.527541530835822,0.2818181818181818,1.2363636363636363,1.5275415308358165,11.527541530835824,True,0.0009339518813812037,5.9923984989893615,0,,,7.24133,0.578587
1055,1057,0.03,11.547081742554704,0.02181818181818182,0.04727272727272727,8.247081742554718,15.647081742554693,True,0.008399055614366695,5.999863602722344,0,,,11.6209,0.026402
1056,1058,0.10272727272727274,20.41566835820224,0.08545454545454545,0.1190909090909091,18.715668358202244,22.215668358202233,False,0.011681849985205049,6.003146397093184,0,,,19.3656,0.07491
1057,1059,0.04181818181818182,21.062504352990185,0.029090909090909087,0.06181818181818183,17.762504352990142,25.46250435299025,True,0.0032483150919122078,5.994712862199892,0,,,21.9418,0.034782
1059,1061,0.2818181818181818,2.8000000000000003,0.24545454545454545,0.34545454545454546,1.7000000000000002,4.4,True,0.13079244447883875,6.122256991586817,0,,,2.35219,0.260428
1060,1062,0.13727272727272727,13.658654508686038,0.1190909090909091,0.15363636363636365,11.958654508686044,15.058654508686033,False,0.002250331079306107,5.993714878187285,0,,,11.8802,0.110496
1061,1063,0.07909090909090909,15.232694225657811,0.0609090909090909,0.10727272727272727,12.432694225657821,18.232694225657802,True,0.04162639112028655,6.033090938228265,0,,,14.0568,0.061322
1062,1064,0.01681818181818182,5.5452331223512585,0.013636363636363636,0.02090909090909091,3.445233122351259,7.445233122351258,True,0.03466461522485808,6.026129162332838,0,,,5.69065,0.015809
1063,1065,0.026363636363636363,14.563189069563427,0.02181818181818182,0.03363636363636364,12.56318906956343,16.963189069563413,True,0.09419179579281556,6.085656342900795,0,,,15.0977,0.023013
1064,1066,0.024545454545454544,14.88598936994608,0.02,0.030909090909090907,13.085989369946086,17.48598936994607,True,0.16055664079288096,6.152021187900861,0,,,15.781,0.021697
1065,1067,0.1190909090909091,18.272648825725607,0.09545454545454546,0.14636363636363636,15.872648825725612,20.7726488257256,False,0.10150200636546436,6.092966553473443,0,,,17.1921,0.089889
1066,1068,0.03272727272727273,10.449859177800963,0.027272727272727268,0.040909090909090916,8.649859177800971,12.349859177800958,True,0.004575022059490964,5.99603956916747,0,,,10.218,0.027672
1067,1069,0.06454545454545453,5.603502980692936,0.05090909090909091,0.07772727272727273,3.203502980692936,7.803502980692935,False,0.0327817549301857,6.024246302038165,0,,,3.51873,0.04941
1068,1070,0.030909090909090907,5.614924580507887,0.026363636363636363,0.039090909090909086,4.014924580507889,7.514924580507888,True,0.0454970229690357,6.036961570077015,0,,,4.88145,0.026555
1069,1071,0.04363636363636364,7.08335839936077,0.031818181818181815,0.0609090909090909,4.383358399360768,10.483358399360776,True,0.1133116363427939,6.104776183450773,0,,,6.22732,0.036344
1070,1072,0.14636363636363636,8.530921456473225,0.1190909090909091,0.1809090909090909,6.130921456473223,10.930921456473227,True,0.02583459893490144,6.0172991460428795,0,,,6.56038,0.125241
1071,1073,0.2909090909090909,6.262384312172594,0.2363636363636364,0.3363636363636364,4.862384312172593,7.262384312172595,True,0.21849182000821246,6.209956367116193,0,,,5.86702,0.257914
1072,1074,0.07309090909090908,10.298724551994578,0.058181818181818175,0.09090909090909093,7.998724551994586,12.69872455199457,False,0.0008697405772615716,5.9923342876852415,0,,,8.57769,0.056023
1073,1075,0.06545454545454546,16.187407313229823,0.04454545454545455,0.09454545454545454,12.287407313229842,20.18740731322981,True,0.0009673720135889893,5.992431919121567,0,,,15.3816,0.050632
1074,1076,0.2272727272727273,4.2,0.19454545454545452,0.2727272727272727,3.4000000000000004,5.300000000000002,True,0.20212586403524355,6.193590411143223,0,,,3.40998,0.195456
1075,1077,0.07772727272727273,7.775868741079973,0.04818181818181819,0.1190909090909091,2.6758687410799684,12.375868741079975,True,0.0018246289341393468,5.993289176042119,0,,,5.49721,0.05894
1076,1078,0.10636363636363637,10.392140716449783,0.08454545454545455,0.12818181818181815,8.192140716449792,12.692140716449776,False,0.011227315590440459,6.002691862698421,0,,,8.14225,0.077226
1077,1079,0.08272727272727272,7.896625477412753,0.06909090909090909,0.10454545454545457,5.8966254774127504,10.096625477412754,False,0.04825914205083971,6.0397236891588175,0,,,5.66244,0.063372
1078,1080,0.039090909090909086,24.975038561721316,0.022727272727272728,0.07090909090909091,20.475038561721252,30.47503856172139,True,0.008608366435808534,6.000072913543787,0,,,26.4947,0.032931
1079,1081,0.3272727272727273,9.154148948273448,0.2818181818181818,0.3909090909090909,8.054148948273452,10.554148948273443,True,0.09405905845752123,6.0855236055655,0,,,9.88675,0.317527
1080,1082,0.1781818181818182,7.257947838403213,0.13,0.2636363636363636,3.4579478384032103,9.557947838403216,True,0.009421899646533104,6.000886446754513,0,,,5.29032,0.159149
1081,1083,0.017727272727272727,11.952731342154868,0.014090909090909091,0.022727272727272728,9.752731342154878,14.352731342154861,True,0.0047490074312825144,5.996213554539263,0,,,12.8316,0.016564
1082,1084,0.1863636363636364,10.94651378016514,0.1590909090909091,0.2181818181818182,9.446513780165146,11.946513780165136,True,0.07306525823555936,6.064529805343539,0,,,9.67572,0.165428
1083,1085,0.3,4.4,0.2363636363636364,0.3818181818181817,2.6,6.300000000000002,True,0.07123303376702267,6.0626975808750005,0,,,4.02493,0.275265
1084,1086,0.02090909090909091,17.99998759211998,0.01590909090909091,0.027272727272727268,15.29998759211999,20.499987592119968,True,0.06167221159943389,6.053136758707413,0,,,18.9693,0.018429
1085,1087,0.16818181818181818,18.183379130640052,0.1390909090909091,0.2181818181818182,15.38337913064006,19.983379130640046,True,0.012471020513556516,6.003935567621537,0,,,17.5467,0.154194
1086,1088,0.06,6.803127417058738,0.04727272727272727,0.07818181818181819,4.4031274170587364,9.703127417058742,True,0.013603653234840104,6.005068200342818,0,,,5.25203,0.047828
1087,1089,0.03636363636363636,11.11695831841364,0.028181818181818183,0.04636363636363637,9.01695831841365,13.416958318413634,True,0.10267739924409144,6.094141946352071,0,,,10.8214,0.029569
1089,1091,0.18363636363636365,9.254503991446072,0.14636363636363636,0.2363636363636364,6.7545039914460805,10.654503991446068,True,0.035225840869010434,6.0266903879769895,0,,,7.57273,0.16194
1090,1092,0.06727272727272728,15.539765779509992,0.049090909090909095,0.08909090909090908,12.239765779510007,18.63976577950998,True,0.02051850675028109,6.01198305385826,0,,,14.4554,0.051704
1091,1093,0.03818181818181818,6.45313127333718,0.030909090909090907,0.049090909090909095,4.553131273337177,9.153131273337179,True,0.10644621259259364,6.097910759700572,0,,,5.84142,0.031973
