index,file_lineno,best_mass,best_AV,mass_min,mass_max,AV_min,AV_max,intersects,min_chi2,chi2_threshold,dof_gof,passes_gof,p_value
0,2,0.07363636363636364,12.169573545849671,0.04727272727272727,0.11181818181818182,7.369573545849688,16.669573545849655,True,0.003263504481255234,5.9947280515892345,0,,
1,3,0.19181818181818183,10.434297856418132,0.1590909090909091,0.23636363636363636,8.634297856418138,11.734297856418127,True,0.007328840782294798,5.998793387890274,0,,
2,4,0.023636363636363636,4.800000000000001,0.02,0.028181818181818183,3.3000000000000003,6.7,True,0.05342655441299263,6.044891101520972,0,,
3,5,0.11727272727272728,9.24843414981977,0.09909090909090909,0.13363636363636364,7.2484341498197775,10.948434149819764,False,0.017639924907113982,6.0091044720150935,0,,
4,6,0.16454545454545455,8.36844221276209,0.13,0.2272727272727273,5.368442212762089,10.468442212762094,True,0.000319574036931435,5.99178412114491,0,,
5,7,0.24545454545454545,16.733394720840863,0.18363636363636365,0.3,14.833394720840868,18.133394720840855,True,0.0863943513570419,6.077858898465021,0,,
6,8,0.34545454545454546,22.79888933750425,0.2909090909090909,0.4181818181818182,21.598889337504232,24.19888933750427,False,0.25492372583186146,6.24638827293984,0,,
8,10,0.06818181818181819,15.15673867029688,0.05545454545454545,0.08454545454545455,12.956738670296888,17.65673867029687,False,0.051017948359748495,6.042482495467728,0,,
9,11,0.4090909090909091,5.549554810270439,0.3,0.6181818181818182,3.3495548102704396,8.449554810270438,True,0.0126045298419992,6.004069076949978,0,,
11,13,0.33636363636363636,6.245688058487169,0.2909090909090909,0.39090909090909093,5.145688058487169,7.345688058487171,True,0.010016907947280098,6.001481455055259,0,,
12,14,0.09636363636363636,21.08290044465625,0.06818181818181819,0.12636363636363637,17.4829004446562,24.382900444656297,True,0.004384367867486035,5.995848914975465,0,,
13,15,0.02181818181818182,17.713710996406057,0.015454545454545453,0.02909090909090909,14.713710996406068,20.713710996406046,True,0.11467488200652194,6.106139429114501,0,,
14,16,0.19181818181818183,9.412274899389951,0.15363636363636363,0.24545454545454545,7.3122748993899584,10.712274899389946,True,0.044840781596572905,6.036305328704552,0,,
15,17,0.2090909090909091,10.511877797074078,0.18363636363636365,0.24545454545454545,9.71187779707408,11.611877797074074,True,0.5347132528816254,6.526177799989604,0,,
16,18,0.38181818181818183,9.560945123749786,0.3,0.4727272727272727,7.860945123749792,11.16094512374978,True,0.09782547630000943,6.0892900234079885,0,,
17,19,0.2818181818181818,16.942844907222273,0.23636363636363636,0.33636363636363636,15.742844907222278,18.24284490722227,True,0.0253200310889721,6.016784578196951,0,,
18,20,0.12636363636363637,16.335051990865956,0.10636363636363637,0.14636363636363636,14.235051990865966,18.135051990865954,False,0.006865560419545861,5.998330107527525,0,,
20,22,1.2636363636363637,19.88543609303578,0.9181818181818182,1.4,17.58543609303579,20.88543609303578,False,0.020707202534086915,6.012171749642066,0,,
21,23,0.39090909090909093,7.65655753434482,0.35454545454545455,0.4636363636363636,6.65655753434482,8.956557534344821,True,0.14470333669333918,6.136167883801318,0,,
22,24,0.015454545454545453,7.190376819851841,0.012727272727272728,0.019545454545454546,5.290376819851839,9.190376819851842,True,0.11221037298218,6.103674920090159,0,,
23,25,1.1454545454545455,17.398467620185524,0.8,1.4,14.798467620185534,18.89846762018552,False,0.029890539832859973,6.021355086940839,0,,
24,26,0.33636363636363636,10.330511849596059,0.2727272727272727,0.4272727272727273,8.830511849596064,12.230511849596052,True,0.02483407028430836,6.016298617392287,0,,
25,27,0.4,6.3448556558679,0.32727272727272727,0.5272727272727272,4.544855655867899,8.4448556558679,True,0.04303912952188791,6.034503676629867,0,,
26,28,0.17545454545454547,15.813434668247721,0.1572727272727273,0.2,14.613434668247725,16.713434668247718,True,0.032204239490176687,6.023668786598155,0,,
27,29,0.13363636363636364,11.043319700229926,0.1190909090909091,0.14636363636363636,9.543319700229931,12.243319700229922,False,2.0619458111345764e-05,5.991485166566091,0,,
28,30,0.01,10.470607596974352,0.01,0.012272727272727272,10.270607596974353,12.370607596974345,True,0.17033380980812982,6.161798356916109,0,,
29,31,0.34545454545454546,20.739601043008268,0.2818181818181818,0.4181818181818182,19.339601043008248,22.23960104300829,False,0.1878994628512558,6.179364009959235,0,,
30,32,0.3181818181818182,5.081324246116034,0.19181818181818183,0.5545454545454546,2.0813242461160346,9.081324246116033,True,0.009247921268621097,6.0007124683766,0,,
32,34,0.023636363636363636,16.077076205899832,0.017727272727272727,0.030909090909090907,13.377076205899842,18.777076205899824,True,0.011381226523169363,6.002845773631148,0,,
33,35,0.4,2.6,0.2545454545454545,0.9090909090909091,0.0,7.800000000000001,True,0.003653517452680101,5.995118064560659,0,,
34,36,0.019545454545454546,10.488810138109706,0.011363636363636364,0.03363636363636364,5.388810138109724,14.98881013810969,True,0.004532271361304877,5.995996818469284,0,,
35,37,0.011818181818181818,6.712900709140976,0.01,0.013636363636363636,5.212900709140975,8.012900709140977,True,0.2528323129440053,6.244296860051985,0,,
36,38,0.13727272727272727,14.044857115447993,0.12090909090909091,0.15181818181818182,12.444857115447999,15.344857115447988,False,0.0724192513222819,6.063883798430261,0,,
37,39,0.18636363636363637,22.682722007044006,0.1572727272727273,0.2272727272727273,20.982722007043982,23.782722007044022,True,0.03439667274810352,6.025861219856083,0,,
40,42,0.02727272727272727,11.794272533986302,0.02181818181818182,0.034545454545454546,9.49427253398631,14.094272533986294,True,0.0038450972503821356,5.995309644358361,0,,
41,43,0.12090909090909091,10.64925237407097,0.07727272727272727,0.16272727272727272,5.949252374070987,14.549252374070957,True,0.021144649289867763,6.012609196397847,0,,
42,44,0.1390909090909091,5.906278088782327,0.12272727272727273,0.15545454545454546,4.406278088782328,7.406278088782327,False,0.09152589634027516,6.082990443448254,0,,
43,45,0.1572727272727273,9.449683115474024,0.12272727272727273,0.2,6.149683115474035,11.749683115474015,True,0.011535606147425331,6.003000153255404,0,,
44,46,0.02090909090909091,10.289936843684425,0.015454545454545453,0.02727272727272727,7.589936843684434,12.789936843684416,True,0.02508203315369112,6.01654658026167,0,,
45,47,0.1190909090909091,16.68724904274672,0.10090909090909092,0.13727272727272727,14.68724904274673,18.48724904274672,False,0.023025508222916834,6.014490055330896,0,,
46,48,0.15545454545454546,7.780822548705161,0.1390909090909091,0.17272727272727273,6.38082254870516,9.180822548705162,False,0.0028049409276459155,5.994269488035625,0,,
47,49,0.028181818181818183,9.288388323554324,0.022727272727272728,0.035454545454545454,7.288388323554331,11.288388323554317,True,0.02617710021274046,6.01764164732072,0,,
48,50,0.2272727272727273,11.323999523812805,0.17,0.2909090909090909,9.623999523812811,13.123999523812799,True,0.010286875812147867,6.001751422920127,0,,
49,51,0.049090909090909095,12.020084731157302,0.04,0.06181818181818182,9.82008473115731,14.420084731157294,True,0.04308938370072368,6.034553930808703,0,,
50,52,0.16818181818181818,8.631583796305302,0.14272727272727273,0.2181818181818182,6.431583796305299,10.131583796305303,True,0.0014593528663460185,5.992923899974325,0,,
51,53,0.37272727272727274,5.85646557450713,0.2636363636363636,0.609090909090909,3.3564655745071272,9.556465574507133,True,0.0357660084123301,6.027230555520309,0,,
52,54,0.14272727272727273,10.274234793990535,0.12090909090909091,0.16090909090909092,8.174234793990543,11.97423479399053,False,0.041233126036128526,6.032697673144107,0,,
53,55,0.11545454545454546,7.759738104670774,0.08272727272727273,0.14272727272727273,4.4597381046707705,10.159738104670776,False,0.031176934670084703,6.022641481778064,0,,
54,56,0.09272727272727273,6.697936581171217,0.07727272727272727,0.11181818181818182,4.797936581171216,8.69793658117122,False,0.03568695350478586,6.0271515006127645,0,,
55,57,0.4818181818181818,10.615560870184238,0.4,0.6181818181818182,9.215560870184243,12.315560870184232,True,0.1050731760225611,6.09653772313054,0,,
56,58,0.06818181818181819,15.58520273741939,0.05,0.08909090909090908,12.5852027374194,18.58520273741938,True,0.0015024550083342092,5.9929670021163135,0,,
57,59,0.05,3.3000000000000003,0.035454545454545454,0.07863636363636364,0.0,7.9,True,0.059170228876498136,6.050634775984477,0,,
58,60,0.6454545454545454,9.945856975580076,0.44545454545454544,1.0,7.045856975580087,13.145856975580065,True,0.03146829910127845,6.022932846209257,0,,
59,61,0.2,9.792257886064897,0.15363636363636363,0.2727272727272727,7.592257886064905,11.69225788606489,True,0.032776392782938854,6.024240939890918,0,,
61,63,0.509090909090909,6.577359492890871,0.37272727272727274,0.8727272727272728,4.377359492890869,10.377359492890875,True,0.02439721466680419,6.015861761774783,0,,
62,64,0.024545454545454544,6.18076370233128,0.02090909090909091,0.03,4.680763702331279,8.380763702331283,True,0.19619814548435144,6.187662692592331,0,,
63,65,0.2727272727272727,3.6,0.2090909090909091,0.35454545454545455,1.9000000000000001,5.5,True,0.026441812981005484,6.017906360088984,0,,
64,66,0.3090909090909091,8.154637083915942,0.2636363636363636,0.36363636363636365,6.954637083915941,9.354637083915943,True,0.21247686363821428,6.203941410746193,0,,
65,67,0.1390909090909091,10.204013022436706,0.11727272727272728,0.16090909090909092,8.104013022436714,12.0040130224367,False,0.0030908606223335414,5.994555407730313,0,,
66,68,0.011363636363636364,12.282716584119628,0.01,0.013636363636363636,10.982716584119633,14.082716584119622,True,0.035936922506822455,6.0274014696148015,0,,
67,69,0.016363636363636365,16.919948703064147,0.013181818181818182,0.02181818181818182,14.619948703064155,19.61994870306414,True,0.09548080739494658,6.086945354502926,0,,
69,71,0.013181818181818182,20.7181978410417,0.01,0.02,18.01819784104171,24.818197841041687,True,0.03121304841847785,6.022677595526457,0,,
70,72,0.1890909090909091,10.999352956854045,0.16454545454545455,0.2181818181818182,9.79935295685405,11.899352956854042,False,0.05573059157188979,6.047195138679869,0,,
71,73,0.13363636363636364,8.656562105701981,0.11181818181818182,0.15181818181818182,6.55656210570198,10.156562105701983,False,0.015316730252937581,6.006781277360917,0,,
72,74,0.3090909090909091,6.021872481533411,0.2545454545454545,0.38181818181818183,4.621872481533409,7.7218724815334125,True,0.13424012539982733,6.125704672507807,0,,
73,75,0.015,13.413445119999905,0.01,0.026363636363636363,9.01344511999992,17.71344511999989,True,0.014715436876368445,6.006179983984348,0,,
74,76,0.08818181818181818,13.779031359816257,0.06454545454545454,0.11363636363636363,10.379031359816269,16.479031359816247,True,0.024860705194745748,6.016325252302725,0,,
75,77,0.13727272727272727,4.97111009890159,0.11363636363636363,0.16454545454545455,2.671110098901591,7.37111009890159,False,0.04307968234083497,6.034544229448814,0,,
77,79,0.03363636363636364,5.8232337672770385,0.02909090909090909,0.04090909090909091,4.623233767277037,7.623233767277041,False,0.024214340652008563,6.015678887759988,0,,
78,80,0.08454545454545455,9.807415490642388,0.06181818181818182,0.11363636363636363,6.5074154906423995,12.807415490642377,True,0.007897895924276373,5.999362443032256,0,,
79,81,0.1972727272727273,8.536425618523332,0.16090909090909092,0.24545454545454545,6.8364256185233305,10.036425618523333,True,0.005805573228877901,5.997270120336857,0,,
80,82,0.6454545454545454,14.596905009560952,0.5,0.8727272727272728,12.59690500956096,16.796905009560945,True,0.018749045416264046,6.010213592524243,0,,
81,83,0.02181818181818182,12.088421768338948,0.015909090909090907,0.02909090909090909,9.488421768338958,14.988421768338938,True,0.0017811254038023784,5.993245672511781,0,,
82,84,0.2727272727272727,5.5285372441269125,0.24545454545454545,0.3181818181818182,4.728537244126912,6.728537244126912,True,0.15242413387566675,6.143888680983646,0,,
83,85,0.022727272727272728,15.605824692681178,0.01863636363636364,0.028181818181818183,13.705824692681185,17.70582469268117,True,0.10578883063370335,6.097253377741683,0,,
84,86,0.12454545454545454,14.081072547322004,0.10545454545454545,0.1409090909090909,11.981072547322011,15.681072547321998,False,0.05986678422153028,6.051331331329509,0,,
85,87,0.06272727272727273,13.62785185316806,0.03909090909090909,0.10363636363636364,8.827851853168077,18.827851853168042,True,0.010706762848244244,6.002171309956223,0,,
87,89,0.013636363636363636,8.126471212623711,0.01090909090909091,0.015454545454545453,6.126471212623709,9.526471212623711,True,0.2983251690019833,6.289789716109962,0,,
88,90,0.13,12.666185451308994,0.10181818181818182,0.1572727272727273,9.566185451309005,15.166185451308985,False,0.01564015899445529,6.007104706102434,0,,
89,91,0.19454545454545455,10.613167525736097,0.16272727272727272,0.23636363636363636,9.113167525736102,11.713167525736093,True,0.0026510701881468706,5.994115617296126,0,,
90,92,0.14636363636363636,9.523923855824421,0.12090909090909091,0.17,7.02392385582443,11.723923855824413,True,0.009665898421164448,6.001130445529143,0,,
92,94,0.019090909090909092,14.707368039494229,0.011818181818181818,0.030909090909090907,10.307368039494245,19.207368039494213,True,0.015656607940674583,6.007121155048654,0,,
93,95,0.5454545454545454,8.116764672235446,0.3,1.2363636363636363,3.716764672235442,13.71676467223545,True,0.006537334734024607,5.998001881842003,0,,
94,96,0.2181818181818182,5.190843753160459,0.18636363636363637,0.2545454545454545,4.290843753160459,6.090843753160459,False,0.39078205076829053,6.38224659787627,0,,
95,97,0.10818181818181818,11.51498798475358,0.09,0.12454545454545454,9.714987984753586,13.314987984753573,False,0.040708688475517646,6.032173235583497,0,,
96,98,0.1190909090909091,11.365104091175862,0.08181818181818182,0.15181818181818182,7.565104091175876,14.265104091175852,True,0.008382457570882636,5.999847004678862,0,,
97,99,0.39090909090909093,7.064940984263439,0.34545454545454546,0.4636363636363636,6.064940984263439,8.364940984263441,True,0.016489540764800262,6.007954087872779,0,,
98,100,0.36363636363636365,6.3821235978161015,0.3090909090909091,0.4545454545454546,5.0821235978161,7.982123597816103,True,0.09036171759865876,6.0818262647066375,0,,
99,101,0.36363636363636365,5.8575523118796715,0.2909090909090909,0.4636363636363636,4.15755231187967,7.657552311879673,True,0.18090967019753684,6.172374217305516,0,,
100,102,0.1409090909090909,5.368455545050494,0.10090909090909092,0.18363636363636365,1.268455545050493,8.468455545050492,True,0.011243103741417772,6.002707650849397,0,,
101,103,0.02727272727272727,12.671675502493741,0.022727272727272728,0.03363636363636364,10.871675502493748,14.571675502493735,True,0.03589170020296061,6.02735624731094,0,,
102,104,0.045454545454545456,4.6000000000000005,0.03272727272727273,0.060909090909090906,1.6,7.5,True,0.0771479967885605,6.068612543896539,0,,
103,105,0.07954545454545454,4.5,0.056363636363636366,0.11,0.8,7.9,True,0.011561234918880328,6.003025782026859,0,,
104,106,0.4909090909090909,2.2,0.34545454545454546,1.0636363636363637,0.0,7.300000000000001,True,0.01120686307839332,6.002671410186372,0,,
105,107,0.010454545454545454,13.473065541232453,0.01,0.012727272727272728,12.873065541232455,15.373065541232446,True,0.059976241684318324,6.051440788792298,0,,
106,108,0.1809090909090909,8.316204745837886,0.15545454545454546,0.2272727272727273,6.6162047458378845,9.616204745837887,True,0.04532138921712993,6.036785936325109,0,,
107,109,0.046363636363636364,11.779190128783933,0.03,0.06909090909090909,7.979190128783946,15.779190128783918,True,0.01906950521502207,6.010534052323001,0,,
108,110,0.6181818181818182,4.5,0.32727272727272727,1.309090909090909,0.0,9.5,True,0.0022785558571524764,5.993743102965132,0,,
109,111,0.14636363636363636,13.30700397698686,0.1190909090909091,0.16818181818181818,10.807003976986868,15.207003976986853,True,0.029169506364157324,6.020634053472136,0,,
110,112,0.1572727272727273,5.358205322055437,0.13363636363636364,0.19454545454545455,3.3582053220554373,7.158205322055437,False,0.06872646900827346,6.060191016116253,0,,
111,113,0.10454545454545455,18.64636695622938,0.08909090909090908,0.12090909090909091,17.146366956229386,20.446366956229372,False,0.14663654097784207,6.138101088085821,0,,
112,114,0.08636363636363636,4.4,0.057272727272727274,0.12636363636363637,0.2,8.3,True,0.0066146726693570345,5.9980792197773365,0,,
113,115,0.03,10.272643236736348,0.022727272727272728,0.04181818181818182,7.572643236736358,12.872643236736339,True,0.0446099516381864,6.036074498746165,0,,
114,116,0.09090909090909091,12.192046991726654,0.053636363636363635,0.14454545454545453,6.9920469917266725,16.99204699172664,True,0.007337684185633176,5.998802231293612,0,,
119,121,0.7454545454545455,8.300663830399003,0.39090909090909093,1.4,3.5006638303989988,13.400663830399008,True,0.0027893479532065343,5.994253895061186,0,,
120,122,0.23636363636363636,7.64060509015216,0.14454545454545453,0.4090909090909091,3.440605090152157,11.640605090152164,True,0.002940522483143592,5.994405069591123,0,,
121,123,0.14636363636363636,10.688867523710396,0.12636363636363637,0.16454545454545455,8.688867523710403,12.48886752371039,False,0.012110979210570244,6.003575526318549,0,,
122,124,0.08,7.134191975010341,0.057272727272727274,0.11,3.4341919750103376,10.534191975010344,True,0.018066966140275566,6.0095315132482545,0,,
123,125,0.026363636363636363,13.370020835612491,0.019090909090909092,0.03636363636363636,10.370020835612502,16.37002083561248,True,0.02637917817036985,6.0178437252783485,0,,
124,126,0.2818181818181818,8.578920135146834,0.2090909090909091,0.37272727272727274,6.578920135146833,10.578920135146838,True,0.03149011518148659,6.022954662289465,0,,
126,128,0.03363636363636364,13.399495446697902,0.026363636363636363,0.045454545454545456,10.89949544669791,16.29949544669789,True,0.04938457043635659,6.040849117544336,0,,
127,129,0.024545454545454544,9.093549590171277,0.019090909090909092,0.03,6.6935495901712745,11.29354959017128,True,0.030924012194330358,6.02238855930231,0,,
128,130,0.07727272727272727,7.436142726250733,0.056363636363636366,0.10636363636363637,4.03614272625073,10.636142726250736,True,0.003763750833370827,5.99522829794135,0,,
129,131,0.1809090909090909,9.500893332713751,0.11181818181818182,0.39090909090909093,4.30089333271377,14.300893332713734,True,0.00020082772697117333,5.99166537483495,0,,
130,132,0.23636363636363636,4.1000000000000005,0.18636363636363637,0.2909090909090909,2.6,5.7,True,0.01734178657969294,6.008806333687672,0,,
132,134,0.08636363636363636,7.448579902127756,0.06363636363636364,0.11181818181818182,4.048579902127754,10.148579902127759,True,0.019811414853227554,6.011275961961206,0,,
133,135,0.016363636363636365,16.62774619264549,0.013181818181818182,0.02090909090909091,14.2277461926455,18.927746192645483,True,0.017974097150685292,6.0094386442586645,0,,
134,136,0.2272727272727273,7.108099654853964,0.1781818181818182,0.2727272727272727,5.608099654853962,8.408099654853965,True,0.1393888595979822,6.1308534067059615,0,,
135,137,0.3,7.178325377956122,0.23636363636363636,0.37272727272727274,5.578325377956119,8.678325377956122,True,0.17770467890934805,6.169169226017327,0,,
136,138,0.038181818181818185,14.156772567025829,0.024545454545454544,0.06,9.956772567025844,18.756772567025813,True,0.014188494685508207,6.0056530417934875,0,,
137,139,0.1390909090909091,11.363670714948395,0.11545454545454546,0.16090909090909092,8.963670714948403,13.463670714948387,False,0.034003232541576334,6.0254677796495555,0,,
138,140,0.012272727272727272,16.485267703368958,0.01,0.016363636363636365,14.485267703368965,19.285267703368948,True,0.028133325236984065,6.0195978723449635,0,,
139,141,0.1481818181818182,24.24975309906134,0.08818181818181818,0.23636363636363636,18.749753099061262,28.249753099061397,True,0.016161306015654645,6.007625853123634,0,,
140,142,0.2272727272727273,12.921175547401228,0.17272727272727273,0.2818181818181818,11.321175547401234,14.321175547401223,True,0.06523307758574051,6.05669762469372,0,,
141,143,0.16636363636363638,14.189034176426727,0.14636363636363636,0.19454545454545455,12.289034176426734,15.289034176426723,True,0.025884218529380106,6.017348765637359,0,,
142,144,0.02909090909090909,11.783746341961056,0.02181818181818182,0.04454545454545455,8.783746341961066,15.583746341961042,True,0.08978586754154884,6.081250414649528,0,,
143,145,0.04181818181818182,7.076640394210829,0.03363636363636364,0.04818181818181819,5.176640394210827,8.67664039421083,False,0.24783422890565276,6.239298776013632,0,,
144,146,0.04454545454545455,10.255806987719685,0.034545454545454546,0.05909090909090909,7.9558069877196935,13.055806987719675,True,0.037009604651373054,6.028474151759352,0,,
145,147,0.05818181818181818,14.050913669828939,0.04727272727272727,0.07590909090909091,12.050913669828946,16.850913669828927,False,0.06830978246889718,6.059774329576876,0,,
146,148,0.1972727272727273,9.156204695048586,0.16636363636363638,0.23636363636363636,7.956204695048591,10.256204695048583,True,0.014985360345692105,6.006449907453671,0,,
147,149,0.06545454545454546,10.891118303453096,0.049090909090909095,0.08454545454545455,7.991118303453106,13.891118303453085,True,0.014601135805685294,6.006065682913665,0,,
148,150,0.13363636363636364,12.767037958603627,0.11727272727272728,0.15181818181818182,11.167037958603633,14.367037958603621,False,0.06513823939530056,6.056602786503279,0,,
149,151,0.030909090909090907,6.1122744872879045,0.024545454545454544,0.04272727272727273,3.6122744872879027,9.012274487287907,True,0.018112244180301804,6.009576791288281,0,,
150,152,0.030909090909090907,12.43416925879758,0.01863636363636364,0.05181818181818182,7.534169258797597,17.234169258797564,True,0.015859595935623243,6.007324143043602,0,,
151,153,0.2181818181818182,9.180789322374087,0.16090909090909092,0.2909090909090909,6.980789322374095,11.18078932237408,True,0.03174298427291555,6.023207531380894,0,,
152,154,0.028181818181818183,6.461951110188996,0.02090909090909091,0.038181818181818185,3.5619511101889936,8.961951110188998,True,0.1196004265976063,6.111064973705585,0,,
153,155,0.03,11.29459017526512,0.023636363636363636,0.04272727272727273,8.794590175265128,14.194590175265109,True,0.038529378441750604,6.0299939255497295,0,,
154,156,0.2,12.17169459058932,0.16818181818181818,0.23636363636363636,11.071694590589324,13.171694590589317,True,0.0014439659726188183,5.9929085130805975,0,,
156,158,0.014090909090909091,15.337762249773554,0.011363636363636364,0.01818181818181818,13.137762249773562,17.837762249773547,True,0.05002937784255318,6.041493924950532,0,,
157,159,0.057272727272727274,11.95976178482875,0.03363636363636364,0.09727272727272727,7.059761784828767,17.05976178482873,True,0.0014508255765437559,5.992915372684523,0,,
158,160,0.12090909090909091,27.438244472046986,0.08545454545454545,0.1572727272727273,23.838244472046934,30.838244472047034,True,0.02929591332840272,6.020760460436382,0,,
159,161,0.2636363636363636,12.747049038355824,0.2181818181818182,0.3181818181818182,11.547049038355828,13.94704903835582,True,0.033904661949826866,6.025369209057806,0,,
160,162,0.4636363636363636,16.433021550347526,0.36363636363636365,0.6636363636363636,14.633021550347534,19.133021550347518,True,0.008661392340727683,6.000125939448707,0,,
161,163,0.10454545454545455,6.214780194600101,0.07681818181818181,0.13,3.2147801946000985,8.914780194600104,False,0.006078285956594857,5.997542833064574,0,,
162,164,0.1390909090909091,17.83907752555533,0.10727272727272727,0.16636363636363638,14.63907752555534,20.339077525555318,True,0.021468915905332175,6.0129334630133116,0,,
163,165,0.16272727272727272,25.74001565941952,0.13363636363636364,0.2090909090909091,22.94001565941948,27.740015659419548,True,0.02146178943882103,6.0129263365468,0,,
164,166,0.17,15.693837513431724,0.15,0.2,13.693837513431731,16.69383751343172,True,0.07548317990455733,6.066947727012536,0,,
165,167,0.045454545454545456,12.87969659689206,0.038181818181818185,0.053636363636363635,11.179696596892066,14.579696596892054,False,0.06887218194888098,6.06033672905686,0,,
166,168,0.10272727272727274,21.521379443207273,0.06727272727272728,0.13727272727272727,17.02137944320721,25.121379443207324,True,0.022523630809921605,6.0139881779179,0,,
167,169,0.17545454545454547,9.173517360013443,0.13363636363636364,0.2545454545454545,5.673517360013456,11.373517360013436,True,0.005476676190853139,5.996941223298832,0,,
168,170,0.03272727272727273,21.78234535163151,0.024545454545454544,0.04818181818181819,18.782345351631466,25.582345351631563,True,0.010540990003702986,6.002005537111682,0,,
169,171,0.4727272727272727,23.923819049869003,0.4,0.5727272727272728,22.723819049868986,25.323819049869023,False,0.06573074224776976,6.057195289355748,0,,
170,172,0.12090909090909091,10.078502244122076,0.10454545454545455,0.13181818181818183,8.378502244122082,11.178502244122072,False,0.21394276687650596,6.205407313984485,0,,
171,173,0.05545454545454545,21.421747219217167,0.038181818181818185,0.07954545454545454,17.52174721921711,25.421747219217224,True,0.021961553806131268,6.01342610091411,0,,
172,174,0.11545454545454546,11.763883433591468,0.09090909090909091,0.13363636363636364,9.263883433591477,13.663883433591462,False,0.17566477029487412,6.167129317402853,0,,
173,175,0.2909090909090909,8.111602482511042,0.24545454545454545,0.34545454545454546,6.911602482511041,9.411602482511043,True,0.09136072843421181,6.0828252755421905,0,,
174,176,0.4090909090909091,3.5,0.23636363636363636,0.9090909090909091,0.0,8.700000000000001,True,0.0011620245291326975,5.992626571637111,0,,
175,177,0.1572727272727273,14.234437706717413,0.13727272727272727,0.17545454545454547,12.53443770671742,15.634437706717408,False,0.19175014168806914,6.183214688796048,0,,
176,178,0.04727272727272727,9.79610758211203,0.035454545454545454,0.06818181818181819,6.996107582112041,13.596107582112017,True,0.04146823226204823,6.032932779370027,0,,
177,179,0.13363636363636364,22.253082973704146,0.10636363636363637,0.16272727272727272,19.453082973704106,24.953082973704184,True,0.02639263810569371,6.017857185213673,0,,
178,180,0.2545454545454545,7.810649089005581,0.1972727272727273,0.32727272727272727,6.11064908900558,9.610649089005584,True,0.1880285010174432,6.179493048125423,0,,
180,182,0.19181818181818183,10.421401785572696,0.16454545454545455,0.2181818181818182,9.1214017855727,11.221401785572693,True,0.028549336220138152,6.020013883328117,0,,
181,183,0.1781818181818182,10.45223423925257,0.11363636363636363,0.33636363636363636,5.152234239252589,14.352234239252557,True,0.002290987369877389,5.993755534477857,0,,
182,184,0.08545454545454545,4.9,0.05181818181818182,0.13545454545454547,0.0,9.700000000000001,True,0.002084924432127202,5.993549471540106,0,,
183,185,0.15545454545454546,5.427948516264713,0.13,0.18636363636363637,3.427948516264713,7.227948516264713,False,0.004765989177529859,5.996230536285509,0,,
184,186,0.02727272727272727,6.638917308409489,0.019090909090909092,0.04181818181818182,3.438917308409487,10.538917308409493,True,0.010333975090511554,6.001798522198491,0,,
185,187,0.02727272727272727,12.608540955250735,0.022727272727272728,0.03727272727272728,10.808540955250741,15.508540955250725,True,0.2230977402150944,6.214562287323074,0,,
186,188,0.2,7.821613679730509,0.1481818181818182,0.2909090909090909,4.921613679730506,10.121613679730512,True,0.013224671074772423,6.004689218182752,0,,
187,189,0.12090909090909091,11.68745717620342,0.09909090909090909,0.14636363636363636,9.287457176203429,13.987457176203412,False,0.11603868742093726,6.107503234528917,0,,
188,190,0.03,6.975929692463216,0.024545454545454544,0.038181818181818185,4.575929692463214,8.975929692463218,True,0.14637450792376855,6.137839055031748,0,,
189,191,0.1090909090909091,13.221311495311774,0.08636363636363636,0.13545454545454547,10.721311495311783,15.921311495311764,False,0.12214832073464918,6.113612867842628,0,,
190,192,0.37272727272727274,5.706068403482477,0.3090909090909091,0.4545454545454546,4.306068403482477,7.3060684034824765,True,0.003831147444875485,5.995295694552855,0,,
191,193,0.035454545454545454,12.467974889516897,0.028181818181818183,0.04363636363636364,10.367974889516905,14.46797488951689,True,0.029272865280222903,6.020737412388202,0,,
192,194,0.5636363636363636,2.0,0.4090909090909091,1.1363636363636365,0.0,6.800000000000001,True,0.012307829467929318,6.003772376575909,0,,
193,195,0.04363636363636364,14.826842228909268,0.03,0.05909090909090909,11.726842228909279,17.826842228909257,True,0.14396766233715755,6.135432209445137,0,,
194,196,0.02909090909090909,4.2,0.023636363636363636,0.03727272727272728,2.1,6.300000000000001,True,0.028192159281004898,6.019656706388984,0,,
195,197,0.019545454545454546,9.318603627177495,0.015,0.024545454545454544,6.718603627177492,11.618603627177496,True,0.09569217821247372,6.087156725320453,0,,
196,198,0.04181818181818182,10.980955681671459,0.028181818181818183,0.060909090909090906,7.480955681671471,14.980955681671444,True,0.003235678870372758,5.9947002259783515,0,,
197,199,0.35454545454545455,7.080395980186624,0.3181818181818182,0.4090909090909091,6.3803959801866235,8.280395980186626,True,0.29842359871816954,6.289888145826149,0,,
198,200,0.09636363636363636,15.12522724938872,0.060909090909090906,0.1390909090909091,10.225227249388738,19.425227249388705,True,0.011148301250700685,6.002612848358679,0,,
199,201,0.33636363636363636,11.699109669597998,0.2909090909090909,0.39090909090909093,10.599109669598002,12.899109669597994,True,0.2181231040340672,6.209587651142046,0,,
200,202,0.026363636363636363,15.320732250196127,0.02,0.03272727272727273,12.920732250196135,17.420732250196117,True,0.08763384897142266,6.079098396079401,0,,
201,203,0.1890909090909091,8.963892926168676,0.16272727272727272,0.2272727272727273,7.663892926168675,9.963892926168676,False,0.023695218343399476,6.015159765451378,0,,
202,204,0.02181818181818182,11.89354306189031,0.017272727272727273,0.02909090909090909,9.793543061890318,14.593543061890301,True,0.07994279811721706,6.071407345225196,0,,
203,205,0.056363636363636366,6.672240188719461,0.04181818181818182,0.07681818181818181,3.5722401887194586,10.072240188719466,True,0.0009918163509219581,5.992456363458901,0,,
204,206,0.15,8.903607637133755,0.12454545454545454,0.1781818181818182,6.503607637133753,11.103607637133756,True,0.010678053328331591,6.0021426004363105,0,,
205,207,0.509090909090909,4.2,0.2909090909090909,1.1272727272727274,0.0,9.5,True,0.002202907012092268,5.993667454120072,0,,
206,208,0.10727272727272727,8.850191410188541,0.06727272727272728,0.15,3.950191410188537,12.950191410188545,True,0.005254720715391135,5.99671926782337,0,,
207,209,0.02909090909090909,18.259480334920408,0.016363636363636365,0.049090909090909095,12.959480334920427,22.85948033492039,True,0.018210400979510304,6.009674948087489,0,,
208,210,0.2636363636363636,8.989074788074426,0.16454545454545455,0.4,5.689074788074422,12.189074788074429,True,0.01765254169279994,6.009117088800779,0,,
209,211,0.18636363636363637,9.423469518452166,0.12272727272727273,0.32727272727272727,4.523469518452183,12.923469518452153,True,0.013848734389835918,6.005313281497815,0,,
210,212,0.019545454545454546,10.171977367535531,0.015909090909090907,0.025454545454545455,8.371977367535537,12.571977367535522,True,0.05870157179055088,6.05016611889853,0,,
211,213,0.11363636363636363,34.30064161673349,0.07309090909090908,0.15181818181818182,29.500641616733425,38.000641616733546,True,0.020718773232737336,6.012183320340716,0,,
212,214,0.6727272727272727,7.189703792087921,0.35454545454545455,1.4,2.4897037920879166,12.489703792087926,True,3.474929886596503e-05,5.991499296406845,0,,
213,215,0.39090909090909093,3.2,0.2727272727272727,0.6818181818181818,0.6000000000000001,7.2,True,0.008671280787831798,6.000135827895811,0,,
214,216,0.09545454545454546,33.19522634384859,0.05454545454545455,0.15,27.995226343848515,37.99522634384866,True,0.00200677563534528,5.993471322743324,0,,
215,217,0.13727272727272727,12.297511632556244,0.12090909090909091,0.1572727272727273,10.79751163255625,14.097511632556238,False,0.17596408599456487,6.167428633102544,0,,
216,218,0.05090909090909091,5.32057354274831,0.04181818181818182,0.060909090909090906,3.22057354274831,7.02057354274831,False,0.11765515324396313,6.109119700351942,0,,
217,219,0.7454545454545455,29.821423602618964,0.5454545454545454,1.090909090909091,27.621423602618933,32.521423602619,False,0.021851277971800646,6.01331582507978,0,,
218,220,0.04181818181818182,6.819147020645242,0.03272727272727273,0.053636363636363635,4.61914702064524,9.519147020645244,True,0.03392599352454047,6.02539054063252,0,,
219,221,0.33636363636363636,3.4000000000000004,0.24545454545454545,0.4818181818181818,1.1,6.300000000000001,True,0.024099400327801453,6.015563947435781,0,,
220,222,0.11363636363636363,7.006809767125744,0.06909090909090909,0.17,2.10680976712574,12.10680976712575,True,0.018109237726212216,6.009573784834191,0,,
221,223,0.33636363636363636,11.940605037142687,0.18363636363636365,0.6818181818181818,8.0406050371427,17.14060503714267,True,0.00526209334124795,5.996726640449227,0,,
222,224,0.5363636363636364,7.018778749700242,0.2909090909090909,1.1454545454545455,2.318778749700237,12.318778749700247,True,0.004817683418068828,5.996282230526048,0,,
223,225,0.11181818181818182,15.02792048928235,0.08909090909090908,0.13181818181818183,12.627920489282358,16.927920489282343,False,0.015793922554519415,6.007258469662498,0,,
224,226,0.06818181818181819,13.288295886098785,0.049090909090909095,0.09454545454545454,9.788295886098798,16.788295886098773,True,0.011804980500671816,6.0032695276086505,0,,
225,227,0.06545454545454546,8.715971681832984,0.046363636363636364,0.09090909090909091,5.115971681832997,12.61597168183297,True,0.035147350604153235,6.026611897712132,0,,
227,229,0.17545454545454547,11.255298831034391,0.13181818181818183,0.2545454545454545,7.5552988310344045,13.555298831034383,True,0.002583514664163373,5.994048061772142,0,,
228,230,0.09727272727272727,11.185700793906195,0.05909090909090909,0.1481818181818182,6.085700793906213,16.085700793906177,True,0.0012230042148683258,5.992687551322847,0,,
229,231,0.17,13.067452551466774,0.1390909090909091,0.23636363636363636,10.067452551466785,15.067452551466767,True,0.02136610329733049,6.012830650405309,0,,
230,232,0.049090909090909095,10.349791934858871,0.03909090909090909,0.06454545454545454,7.84979193485888,13.149791934858861,True,0.00904961173019013,6.000514158838169,0,,
231,233,0.01818181818181818,8.647505170789461,0.010454545454545454,0.03,3.3475051707894563,13.147505170789465,True,0.013691356411728816,6.005155903519708,0,,
232,234,0.08090909090909092,18.83175027006908,0.056363636363636366,0.11363636363636363,14.831750270069094,22.431750270069067,True,0.010449340087641,6.00191388719562,0,,
233,235,0.33636363636363636,9.764022282405778,0.2909090909090909,0.38181818181818183,8.664022282405782,10.764022282405774,True,0.5511836472740725,6.542648194382052,0,,
234,236,0.07863636363636364,12.086817471819584,0.06181818181818182,0.10181818181818182,9.286817471819594,14.786817471819575,False,0.005523029793407169,5.996987576901386,0,,
235,237,0.37272727272727274,5.211024874676142,0.3,0.4818181818181818,3.511024874676142,7.311024874676142,True,0.03761307676754087,6.02907762387552,0,,
236,238,0.23636363636363636,24.1124439584266,0.2,0.2727272727272727,23.212443958426586,25.112443958426613,False,0.03612183871986749,6.0275863858278464,0,,
237,239,0.16636363636363638,13.682057137474951,0.14454545454545453,0.2,11.682057137474958,14.982057137474946,True,0.023763921169923354,6.015228468277902,0,,
238,240,0.6272727272727272,6.738654753375922,0.3181818181818182,1.3727272727272726,1.9386547533759177,11.938654753375927,True,0.0022707754549339833,5.993735322562913,0,,
239,241,0.053636363636363635,13.742321251561917,0.04454545454545455,0.06363636363636364,11.842321251561923,15.54232125156191,False,0.0689928916100844,6.060457438718063,0,,
240,242,0.030909090909090907,15.548474428321963,0.025454545454545455,0.04181818181818182,13.54847442832197,17.948474428321955,True,0.05760649124740284,6.049071038355382,0,,
241,243,0.05090909090909091,4.5,0.04181818181818182,0.06545454545454546,2.4000000000000004,6.9,True,0.09213540122708822,6.083599948335067,0,,
242,244,0.03727272727272728,17.798543661413365,0.028181818181818183,0.05181818181818182,15.298543661413374,21.298543661413355,True,0.06023855056559167,6.05170309767357,0,,
244,246,0.03909090909090909,5.181741370026867,0.03272727272727273,0.04727272727272727,3.5817413700268674,7.181741370026867,False,0.4374291544607034,6.428893701568683,0,,
245,247,0.4909090909090909,1.2000000000000002,0.39090909090909093,1.0363636363636364,0.0,6.300000000000001,True,0.004256542009823783,5.9957210891178025,0,,
246,248,0.4,7.182141174341949,0.34545454545454546,0.4545454545454546,5.982141174341949,8.08214117434195,True,0.2001501026128338,6.191614649720813,0,,
247,249,0.32727272727272727,8.073578868152955,0.24545454545454545,0.4545454545454546,6.0735788681529534,10.673578868152958,True,0.05445724003417722,6.045921787142157,0,,
248,250,0.24545454545454545,16.702605298017524,0.18363636363636365,0.2909090909090909,14.802605298017532,18.00260529801752,True,0.11651969516289531,6.1079842422708746,0,,
249,251,0.24545454545454545,4.2,0.1972727272727273,0.3,2.9000000000000004,5.800000000000001,True,0.03952304243984214,6.030987589547821,0,,
250,252,0.3,3.9000000000000004,0.2727272727272727,0.35454545454545455,3.1,5.2,True,0.046363034897153786,6.037827582005133,0,,
251,253,0.5,24.036692746735334,0.39090909090909093,0.7727272727272727,22.236692746735308,27.23669274673538,False,0.04320603930292609,6.034670586410905,0,,
253,255,0.08363636363636363,5.7809008404152955,0.06545454545454546,0.11,2.9809008404152966,8.480900840415295,False,0.026852269468897457,6.018316816576877,0,,
254,256,0.3,18.109022482244885,0.2272727272727273,0.39090909090909093,16.30902248224489,20.209022482244876,True,0.045204657151372084,6.0366692042593515,0,,
255,257,0.030909090909090907,7.069593044936357,0.02727272727272727,0.03727272727272728,5.669593044936356,8.66959304493636,False,0.35920010545570913,6.3506646525636885,0,,
256,258,0.12454545454545454,12.369864236638064,0.10545454545454545,0.14636363636363636,10.36986423663807,14.269864236638057,False,0.07475195833302761,6.066216505441007,0,,
257,259,0.2727272727272727,15.103440469397508,0.2272727272727273,0.33636363636363636,13.703440469397513,16.603440469397505,True,0.17783034009593343,6.169294887203913,0,,
258,260,0.14272727272727273,40.661997190924524,0.09454545454545454,0.2272727272727273,35.66199719092445,45.26199719092459,True,0.015005596397321616,6.0064701435053,0,,
259,261,0.19454545454545455,11.777887914383856,0.17,0.2181818181818182,10.977887914383858,12.377887914383853,False,0.17705153175014907,6.168516078858128,0,,
261,263,0.32727272727272727,18.052378490630034,0.2818181818181818,0.38181818181818183,16.95237849063004,19.152378490630028,False,0.3121023208913236,6.303566867999303,0,,
262,264,0.2909090909090909,6.622049140174817,0.24545454545454545,0.34545454545454546,5.522049140174817,7.822049140174818,True,0.06700640411357169,6.058470951221551,0,,
263,265,0.16454545454545455,9.820382414827222,0.14454545454545453,0.19181818181818183,8.020382414827228,10.920382414827218,False,0.07723260655099413,6.068697153658973,0,,
265,267,0.1572727272727273,22.070948360974317,0.14454545454545453,0.17272727272727273,20.8709483609743,23.270948360974334,False,0.031674681901638836,6.023139229009618,0,,
266,268,0.5,15.531706123878267,0.4,0.6727272727272727,13.731706123878274,17.63170612387826,True,0.004871007335804233,5.9963355544437835,0,,
267,269,0.03909090909090909,6.623452025509474,0.03,0.04818181818181819,4.523452025509473,8.923452025509476,True,0.018791341593732584,6.010255888701711,0,,
268,270,0.16454545454545455,21.022795965314952,0.14454545454545453,0.2,19.122795965314925,22.42279596531497,True,0.009752107375421431,6.0012166544834,0,,
269,271,0.4,3.7,0.3,0.6272727272727272,1.4000000000000001,7.0,True,0.02505800958752759,6.016522556695507,0,,
270,272,0.02909090909090909,12.051373846463896,0.02181818181818182,0.04,9.051373846463907,14.851373846463886,True,0.04195630562756914,6.033420852735548,0,,
271,273,0.2909090909090909,21.305772148682944,0.2636363636363636,0.34545454545454546,20.30577214868293,22.40577214868296,False,0.03007829515929747,6.0215428422672765,0,,
272,274,0.07863636363636364,6.242055419093399,0.05818181818181818,0.10545454545454545,2.9420554190933954,9.142055419093401,True,0.004070079064914622,5.995534626172893,0,,
274,276,0.16636363636363638,13.562247299968547,0.15,0.19181818181818183,12.062247299968552,14.562247299968544,False,0.11990095973046266,6.111365506838442,0,,
275,277,0.02,12.549779762872861,0.017272727272727273,0.024545454545454544,11.149779762872866,14.349779762872855,True,0.06474575080006675,6.056210297908046,0,,
276,278,0.028181818181818183,3.4000000000000004,0.024545454545454544,0.035454545454545454,2.0,5.300000000000001,True,0.035399643530796186,6.026864190638776,0,,
277,279,0.4545454545454546,3.1,0.2909090909090909,0.9727272727272728,0.0,8.200000000000001,True,0.004227387510361483,5.995691934618341,0,,
279,281,0.2545454545454545,14.195719516897377,0.2,0.3181818181818182,12.995719516897381,15.795719516897371,True,0.04089387818625221,6.032358425294231,0,,
280,282,0.012727272727272728,15.039825900843324,0.01,0.017727272727272727,12.639825900843332,18.139825900843313,True,0.03341496768002401,6.024879514788003,0,,
281,283,0.09,11.917032565333102,0.06363636363636364,0.11727272727272728,8.117032565333115,14.617032565333092,True,0.044750313210509374,6.036214860318489,0,,
282,284,0.16636363636363638,13.735253094202744,0.15363636363636363,0.1890909090909091,12.635253094202747,14.63525309420274,False,0.07809714237646531,6.069561689484444,0,,
283,285,0.23636363636363636,7.028459241426136,0.1890909090909091,0.2818181818181818,5.928459241426135,8.028459241426138,True,0.14331750870271642,6.134782055810695,0,,
284,286,0.4181818181818182,3.9000000000000004,0.2272727272727273,0.9363636363636364,0.0,9.1,True,0.0017796645400688157,5.993244211648048,0,,
285,287,0.1972727272727273,20.489302447473023,0.15545454545454546,0.2545454545454545,18.289302447473027,22.089302447473017,True,0.007871106054136478,5.999335653162116,0,,
286,288,0.4090909090909091,10.29229986681325,0.33636363636363636,0.509090909090909,8.792299866813256,11.892299866813245,True,0.026518116016004286,6.017982663123983,0,,
287,289,0.04454545454545455,5.698926835119947,0.031818181818181815,0.06272727272727273,2.4989268351199434,9.39892683511995,True,0.02015263860302126,6.011617185711001,0,,
288,290,0.013181818181818182,6.719606878640824,0.01,0.01818181818181818,4.019606878640822,9.819606878640826,True,0.017768920199234907,6.009233467307214,0,,
289,291,0.4545454545454546,7.429499441758477,0.36363636363636365,0.6181818181818182,5.629499441758475,9.729499441758477,True,0.044661829686548596,6.0361263767945275,0,,
290,292,0.03,3.6,0.025454545454545455,0.038181818181818185,1.8,5.5,True,0.019420090128937355,6.0108846372369165,0,,
291,293,0.01681818181818182,6.994613065556534,0.013636363636363636,0.02181818181818182,4.994613065556532,9.494613065556536,True,0.019216271574433116,6.010680818682412,0,,
292,294,0.7090909090909091,3.9000000000000004,0.4,1.4,0.0,8.9,True,0.0010857629389079925,5.992550310046887,0,,
293,295,0.3,3.2,0.2636363636363636,0.36363636363636365,2.2,4.6000000000000005,True,0.0136858904556847,6.005150437563664,0,,
294,296,0.9454545454545454,9.62301114924111,0.4636363636363636,1.4,5.123011149241126,13.323011149241097,True,0.00012241179658370894,5.991586958904563,0,,
296,298,0.13545454545454547,19.318667945305315,0.11545454545454546,0.1572727272727273,17.21866794530532,21.318667945305307,False,0.03898728438885692,6.030451831496836,0,,
297,299,0.33636363636363636,3.2,0.2181818181818182,0.5818181818181818,0.4,7.2,True,0.00279466076767692,5.994259207875656,0,,
298,300,0.44545454545454544,8.711293391163295,0.36363636363636365,0.5545454545454546,7.3112933911633,10.31129339116329,True,0.03156454252866442,6.023029089636643,0,,
299,301,0.3090909090909091,6.9068446710289235,0.23636363636363636,0.4272727272727273,5.106844671028922,9.406844671028924,True,0.02083118404061362,6.012295731148592,0,,
300,302,0.12090909090909091,11.18286567496694,0.08636363636363636,0.15,7.882865674966952,13.682865674966932,True,0.026896268956028854,6.018360816064008,0,,
302,304,0.9363636363636364,10.851886035848521,0.509090909090909,1.4,6.651886035848536,13.95188603584851,True,0.0028220181792942742,5.994286565287274,0,,
303,305,0.011818181818181818,7.044842721581565,0.01,0.013636363636363636,5.544842721581564,8.444842721581567,True,0.06643556738657189,6.057900114494551,0,,
304,306,0.1,13.644093659077063,0.08272727272727273,0.11545454545454546,11.944093659077069,15.344093659077057,False,0.0658526040566208,6.0573171511646,0,,
305,307,0.35454545454545455,4.832349730522947,0.3,0.44545454545454544,3.6323497305229475,6.4323497305229465,True,0.18780338587344797,6.179267932981427,0,,
306,308,0.16818181818181818,5.1000000000000005,0.1390909090909091,0.2272727272727273,2.4000000000000004,6.9,True,0.01025562757925358,6.001720174687232,0,,
307,309,0.2272727272727273,4.800000000000001,0.16454545454545455,0.2909090909090909,2.7,6.5,True,0.01195898624026867,6.003423533348248,0,,
308,310,0.3,13.349994432823756,0.2545454545454545,0.37272727272727274,12.24999443282376,14.94999443282375,True,0.049013939584137745,6.040478486692117,0,,
309,311,0.15,7.477836057139814,0.13363636363636364,0.16818181818181818,5.977836057139813,9.177836057139814,False,0.0829084919505567,6.0743730390585355,0,,
310,312,0.609090909090909,7.797588956092836,0.4090909090909091,1.0727272727272728,4.897588956092833,11.69758895609284,True,0.0010397462979847125,5.992504293405964,0,,
311,313,1.1636363636363636,5.493219436036511,0.5454545454545454,1.4,0.7932194360365115,7.49321943603651,True,0.00011067258558549047,5.991575219693565,0,,
312,314,0.18636363636363637,9.332165408465062,0.15,0.24545454545454545,6.832165408465071,11.132165408465056,True,0.010746516691521468,6.002211063799501,0,,
313,315,0.09363636363636364,10.09415061595762,0.07363636363636364,0.1190909090909091,7.594150615957629,12.594150615957611,False,0.028666012904261157,6.02013056001224,0,,
314,316,0.2636363636363636,13.170666125622706,0.2090909090909091,0.3181818181818182,11.77066612562271,14.470666125622701,True,0.05146453190540631,6.042929079013385,0,,
315,317,0.3,1.7000000000000002,0.2181818181818182,0.5545454545454546,0.0,6.1000000000000005,True,0.01754872798341533,6.0090132750913945,0,,
316,318,0.1390909090909091,7.534105941224331,0.12272727272727273,0.1590909090909091,6.1341059412243295,9.234105941224332,False,0.08678232495492287,6.078246872062902,0,,
317,319,0.23636363636363636,7.88445577074975,0.18363636363636365,0.2909090909090909,6.384455770749749,9.48445577074975,True,0.13299378895787167,6.12445833606585,0,,
318,320,0.02727272727272727,17.00582044695282,0.02,0.04272727272727273,14.105820446952832,21.305820446952808,True,0.11500545829101953,6.106470005398998,0,,
319,321,0.19181818181818183,8.236003919967937,0.1572727272727273,0.24545454545454545,6.3360039199679346,9.636003919967937,True,0.030358329200968637,6.021822876308947,0,,
320,322,0.2181818181818182,7.668201253102219,0.18636363636363637,0.2636363636363636,6.768201253102218,8.66820125310222,True,0.2997438757940749,6.291208422902054,0,,
321,323,0.056363636363636366,21.22763281433759,0.04,0.08090909090909092,17.627632814337538,25.127632814337645,True,0.002195909379950958,5.99366045648793,0,,
322,324,0.2545454545454545,9.894330431127003,0.2272727272727273,0.2909090909090909,9.294330431127005,10.794330431127,True,0.07829206007185602,6.069756607179835,0,,
323,325,0.1190909090909091,10.301683732747808,0.10181818181818182,0.1390909090909091,8.501683732747814,12.3016837327478,False,0.11405752033735186,6.105522067445331,0,,
324,326,0.2,3.8000000000000003,0.17545454545454547,0.23636363636363636,3.0,4.800000000000001,False,0.1684255083509674,6.159890055458947,0,,
326,328,0.2181818181818182,14.351536996822261,0.1809090909090909,0.2545454545454545,13.251536996822265,15.251536996822258,True,0.07355596920936006,6.065020516317339,0,,
327,329,0.17545454545454547,14.093477270010125,0.15363636363636363,0.2181818181818182,12.39347727001013,15.29347727001012,True,0.094922491317705,6.086387038425684,0,,
328,330,0.2909090909090909,2.2,0.2090909090909091,0.4181818181818182,0.0,5.0,True,0.039027522438224535,6.030492069546203,0,,
329,331,0.019090909090909092,8.198004857798765,0.015909090909090907,0.023636363636363636,6.4980048577987635,10.098004857798767,True,0.05245789571062588,6.043922442818605,0,,
330,332,0.028181818181818183,4.844721245934539,0.024545454545454544,0.03727272727272728,3.4447212459345393,7.24472124593454,True,0.2923426727972984,6.2838072199052775,0,,
331,333,0.11727272727272728,10.296026460766846,0.08090909090909092,0.15181818181818182,6.39602646076686,13.596026460766835,True,0.010491899596298484,6.001956446704278,0,,
332,334,1.2454545454545454,10.70996197913085,0.6636363636363636,1.4,6.709961979130863,12.109961979130844,False,0.0017356988405582093,5.993200245948537,0,,
333,335,0.12454545454545454,10.334120036854538,0.10545454545454545,0.14636363636363636,8.434120036854544,12.23412003685453,False,0.1488040314609501,6.1402685785689295,0,,
334,336,0.14272727272727273,12.505413957753428,0.12090909090909091,0.16272727272727272,10.605413957753434,14.40541395775342,False,0.003429089941217595,5.994893637049197,0,,
335,337,0.2181818181818182,14.451212073255066,0.1781818181818182,0.2727272727272727,13.35121207325507,15.851212073255061,True,0.057182983096354154,6.048647530204333,0,,
336,338,0.23636363636363636,5.1000000000000005,0.18636363636363637,0.2727272727272727,3.7,6.1000000000000005,True,0.15099455536605322,6.1424591024740325,0,,
337,339,0.4090909090909091,3.5,0.24545454545454545,0.8545454545454546,0.0,8.5,True,0.005687105389977675,5.997151652497957,0,,
338,340,0.053636363636363635,20.080255451669103,0.04363636363636364,0.07309090909090908,17.78025545166911,23.480255451669088,True,0.0995883965798372,6.091052943687816,0,,
339,341,0.2545454545454545,4.4,0.2181818181818182,0.2909090909090909,3.6,5.300000000000001,True,0.2415127605387337,6.2329773076467125,0,,
340,342,0.13545454545454547,10.779377540799015,0.12090909090909091,0.15181818181818182,9.37937754079902,12.27937754079901,False,0.2549029621468133,6.246367509254792,0,,
341,343,1.0,8.669820066088928,0.5818181818181818,1.4,4.469820066088924,11.46982006608893,True,0.00795865540672431,5.999423202514703,0,,
342,344,0.990909090909091,0.9,0.8090909090909091,1.4,0.0,3.9000000000000004,True,0.0010770262175158014,5.992541573325495,0,,
343,345,0.015,19.293253815927073,0.01090909090909091,0.02181818181818182,15.993253815927087,22.693253815927065,True,0.025366857541190353,6.016831404649169,0,,
344,346,0.2090909090909091,10.087392619586778,0.1781818181818182,0.24545454545454545,9.187392619586781,11.187392619586774,True,0.3921355866477245,6.383600133755704,0,,
345,347,0.4090909090909091,4.6000000000000005,0.2727272727272727,0.7,1.7000000000000002,8.5,True,0.014166173937905632,6.005630721045884,0,,
346,348,0.13,7.835028748161368,0.11545454545454546,0.14636363636363636,6.2350287481613655,9.135028748161368,False,0.11712903582874691,6.108593582936726,0,,
347,349,0.17,8.086874646896879,0.1481818181818182,0.2,5.986874646896878,9.08687464689688,False,0.047686490590464856,6.039151037698444,0,,
348,350,0.03,9.177629053738757,0.026363636363636363,0.038181818181818185,7.677629053738762,11.07762905373875,False,0.033529890542136294,6.024994437650116,0,,
349,351,0.2090909090909091,7.881286632863775,0.17545454545454547,0.23636363636363636,6.981286632863775,8.581286632863776,False,0.2904175788783348,6.281882125986314,0,,
350,352,0.4545454545454546,1.8,0.33636363636363636,1.0,0.0,7.0,True,0.003101316831214752,5.994565863939194,0,,
351,353,0.08727272727272727,18.658648653859565,0.07545454545454545,0.10454545454545455,17.05864865385957,20.358648653859557,False,0.10549481234295946,6.096959359450938,0,,
352,354,0.02727272727272727,15.898237375462195,0.02181818181818182,0.03727272727272728,13.798237375462202,18.698237375462185,True,0.08723267089758621,6.078697218005566,0,,
354,356,0.1572727272727273,11.67880875742328,0.13545454545454547,0.18636363636363637,9.878808757423286,13.278808757423274,True,0.0662960834196452,6.057760630527624,0,,
355,357,0.04454545454545455,11.578829989508689,0.03636363636363636,0.05181818181818182,9.578829989508696,13.178829989508683,False,0.14121785984974208,6.132682406957721,0,,
357,359,0.15545454545454546,9.099894908214331,0.14272727272727273,0.16454545454545455,7.999894908214332,9.899894908214332,False,0.10993206818268236,6.101396615290661,0,,
358,360,0.6636363636363636,5.669346385821065,0.3181818181818182,1.4,0.7693463858210663,10.769346385821065,True,0.0007854349523430709,5.992249982060322,0,,
359,361,0.2272727272727273,9.53663933646577,0.17272727272727273,0.2818181818181818,7.936639336465776,10.936639336465765,True,0.10327643913350087,6.09474098624148,0,,
360,362,0.13363636363636364,8.711823673527766,0.11545454545454546,0.15363636363636363,6.911823673527763,10.611823673527766,False,0.030482859113885485,6.021947406221864,0,,
361,363,0.015454545454545453,2.6,0.012727272727272728,0.019545454545454546,0.6000000000000001,4.800000000000001,True,0.0493008544620404,6.040765401570019,0,,
362,364,0.2090909090909091,18.57933432802104,0.17545454545454547,0.2545454545454545,17.579334328021044,19.579334328021037,True,0.27840310960028447,6.269867656708263,0,,
363,365,0.3090909090909091,3.0,0.2272727272727273,0.4363636363636364,0.8,5.800000000000001,True,0.07230667396138281,6.063771221069362,0,,
364,366,0.37272727272727274,3.2,0.2636363636363636,0.5909090909090908,0.5,6.7,True,0.039330956197204545,6.030795503305184,0,,
365,367,0.4363636363636364,2.3000000000000003,0.32727272727272727,0.7090909090909091,0.0,6.0,True,0.013296438503394258,6.004760985611373,0,,
366,368,0.33636363636363636,2.0,0.23636363636363636,0.6363636363636364,0.0,6.7,True,0.013417179905271505,6.004881727013251,0,,
368,370,0.015454545454545453,13.378989553171408,0.012727272727272728,0.019090909090909092,11.378989553171415,15.278989553171401,True,0.015244082069427586,6.006708629177407,0,,
369,371,0.10181818181818182,12.141976179932678,0.07036363636363636,0.13545454545454547,8.441976179932691,15.541976179932666,True,0.002402819028436403,5.993867366136415,0,,
370,372,0.04090909090909091,9.728911417758642,0.031818181818181815,0.05,7.52891141775865,12.028911417758634,True,0.06309149398326168,6.0545560410912405,0,,
371,373,0.04181818181818182,6.770952519478466,0.03,0.056363636363636366,3.8709525194784637,9.870952519478468,True,0.015020502399221093,6.0064850495072,0,,
372,374,0.026363636363636363,24.00622220921019,0.01681818181818182,0.045454545454545456,19.506222209210126,29.206222209210264,True,0.01569670485098297,6.007161251958962,0,,
373,375,0.04,10.574777149278749,0.02909090909090909,0.05090909090909091,7.674777149278759,13.274777149278739,True,0.08724250254961237,6.0787070496575915,0,,
374,376,0.1781818181818182,10.321533052138637,0.15363636363636363,0.2090909090909091,8.521533052138643,11.321533052138633,True,0.10119243594756386,6.092656983055543,0,,
375,377,0.038181818181818185,11.21578666460495,0.02909090909090909,0.049090909090909095,8.815786664604959,13.91578666460494,True,0.004961270461737529,5.996425817569716,0,,
376,378,0.12272727272727273,12.386746394238784,0.10636363636363637,0.1390909090909091,10.58674639423879,13.986746394238779,False,0.027018206563783693,6.018482753671763,0,,
377,379,0.02909090909090909,10.220148069449927,0.024545454545454544,0.038181818181818185,8.520148069449933,12.520148069449919,True,0.014944315663880556,6.00640886277186,0,,
378,380,0.05181818181818182,8.495015159230146,0.04090909090909091,0.06909090909090909,5.8950151592301445,11.39501515923015,True,0.014883720201937138,6.0063482673099164,0,,
379,381,0.16272727272727272,11.99301069039707,0.14636363636363636,0.19181818181818183,10.693010690397074,13.293010690397065,False,0.06273219586531273,6.054196742973292,0,,
380,382,0.2272727272727273,2.9000000000000004,0.1972727272727273,0.2545454545454545,2.2,3.6,False,0.2854203225750673,6.276884869683046,0,,
382,384,0.04363636363636364,5.157419729005896,0.031818181818181815,0.05909090909090909,2.257419729005896,8.357419729005894,True,0.0773961403082484,6.068860687416228,0,,
383,385,0.06454545454545454,13.26897519438519,0.04363636363636364,0.09636363636363636,9.268975194385204,17.568975194385175,True,0.018605648396535307,6.010070195504515,0,,
384,386,0.024545454545454544,14.535776004388167,0.019545454545454546,0.02909090909090909,12.435776004388174,16.53577600438816,True,0.006146218851499736,5.997610765959479,0,,
385,387,0.03,8.868262475406258,0.025454545454545455,0.03636363636363636,7.068262475406257,10.36826247540626,True,0.07709321708356202,6.068557764191541,0,,
386,388,0.10818181818181818,9.954949269968095,0.09272727272727273,0.12636363636363637,8.3549492699681,11.754949269968089,False,0.2191298137326324,6.210594360840611,0,,
387,389,0.05545454545454545,11.108823996692905,0.045454545454545456,0.0710909090909091,8.908823996692913,13.708823996692896,False,0.009726022317739157,6.001190569425718,0,,
388,390,0.016363636363636365,14.928794794928908,0.011818181818181818,0.023636363636363636,11.72879479492892,18.428794794928898,True,0.003805916078719261,5.995270463186698,0,,
389,391,0.01681818181818182,12.713281702547592,0.012727272727272728,0.02181818181818182,10.013281702547602,15.113281702547583,True,0.06798314651426786,6.059447693622247,0,,
390,392,0.37272727272727274,2.9000000000000004,0.2727272727272727,0.5636363636363636,0.4,6.1000000000000005,True,0.000690087536304948,5.992154634644284,0,,
391,393,0.18636363636363637,4.6000000000000005,0.15545454545454546,0.24545454545454545,2.6,6.300000000000001,True,0.09690919387765401,6.088373740985633,0,,
392,394,0.18363636363636365,8.558524424658177,0.16272727272727272,0.2090909090909091,7.458524424658176,9.358524424658178,False,0.06059741886295815,6.052061965970937,0,,
393,395,0.1090909090909091,10.187512570650705,0.08181818181818182,0.13545454545454547,7.187512570650716,12.887512570650696,False,0.0009187596396803061,5.9923833067476595,0,,
394,396,0.7181818181818181,6.265174290243981,0.4090909090909091,1.4,2.165174290243977,11.265174290243984,True,0.0005925880629698954,5.992057135170949,0,,
395,397,0.44545454545454544,8.920957008448159,0.36363636363636365,0.5909090909090908,7.320957008448165,11.020957008448152,True,0.01177638739826618,6.003240934506246,0,,
396,398,0.19454545454545455,4.4,0.17,0.2272727272727273,3.6,5.300000000000001,False,0.1546639564225778,6.146128503530557,0,,
397,399,0.056363636363636366,12.800743198647803,0.046363636363636364,0.06727272727272728,10.80074319864781,14.600743198647796,False,0.1257485984266053,6.117213145534584,0,,
398,400,0.02181818181818182,13.323919142418015,0.016363636363636365,0.02727272727272727,10.423919142418026,15.623919142418007,True,0.1603372810477735,6.151801828155753,0,,
399,401,0.17,18.50385342596383,0.15363636363636363,0.2090909090909091,16.903853425963835,19.603853425963827,True,0.08694853030523644,6.078413077413216,0,,
400,402,0.16818181818181818,14.925512201903231,0.14454545454545453,0.2181818181818182,12.825512201903239,16.525512201903226,True,0.02380547478747523,6.0152700218954545,0,,
401,403,0.01863636363636364,11.851998413898565,0.015454545454545453,0.022727272727272728,10.151998413898571,13.651998413898559,True,0.0312775950163048,6.022742142124284,0,,
402,404,0.023636363636363636,10.729809650039908,0.019090909090909092,0.02727272727272727,8.929809650039914,12.229809650039902,True,0.09319950521714486,6.084664052325124,0,,
403,405,0.06181818181818182,7.21777979205486,0.04727272727272727,0.07772727272727273,4.317779792054857,9.81777979205486,True,0.05645503905512185,6.0479195861631005,0,,
404,406,0.04,14.248635150909601,0.028181818181818183,0.056363636363636366,11.048635150909613,17.848635150909587,True,0.03268734560794591,6.024151892715925,0,,
405,407,0.049090909090909095,5.4345983977925,0.04363636363636364,0.05818181818181818,4.0345983977925,7.134598397792499,False,0.03355400874211321,6.025018555850092,0,,
406,408,0.6181818181818182,5.224181975259898,0.3181818181818182,1.3454545454545455,0.4241819752598994,10.424181975259899,True,0.014902128565078651,6.006366675673058,0,,
407,409,0.012272727272727272,18.400653877361933,0.01,0.01681818181818182,16.20065387736194,21.700653877361923,True,0.053482222304279264,6.044946769412259,0,,
408,410,0.030909090909090907,4.4,0.02727272727272727,0.03727272727272728,3.0,5.9,False,0.07512353378331117,6.06658808089129,0,,
409,411,0.3,6.880243920753635,0.24545454545454545,0.35454545454545455,5.280243920753634,8.080243920753636,True,0.23608387449307264,6.2275484216010515,0,,
410,412,0.05,11.627070178032076,0.04,0.06727272727272728,9.127070178032085,14.527070178032066,True,0.02780058811496688,6.019265135222946,0,,
411,413,0.03,6.177373204037885,0.022727272727272728,0.04454545454545455,3.3773732040378825,9.677373204037888,True,0.01855815643801055,6.01002270354599,0,,
412,414,0.2,10.786677066011045,0.16818181818181818,0.23636363636363636,9.686677066011049,11.786677066011041,True,0.00392651759975913,5.995391064707738,0,,
413,415,0.038181818181818185,13.408974295356757,0.02909090909090909,0.05,10.908974295356765,16.308974295356748,True,0.03313025656866122,6.02459480367664,0,,
414,416,0.2727272727272727,1.2000000000000002,0.2272727272727273,0.32727272727272727,0.0,2.6,True,0.006100720870299427,5.9975652679782785,0,,
415,417,0.15,7.85012537265147,0.12090909090909091,0.18636363636363637,5.150125372651468,10.250125372651471,True,0.04310231971280065,6.0345668668207795,0,,
417,419,0.014090909090909091,6.959016754403835,0.011818181818181818,0.016363636363636365,5.359016754403832,8.259016754403834,True,0.16489641864913981,6.156360965757119,0,,
418,420,0.19181818181818183,4.800000000000001,0.15545454545454546,0.24545454545454545,2.8000000000000003,6.300000000000001,True,0.003929675898352147,5.995394223006331,0,,
419,421,0.03,9.079695445406552,0.025454545454545455,0.03727272727272728,7.379695445406558,10.679695445406546,True,0.039294393296462844,6.030758940404442,0,,
420,422,0.05818181818181818,14.251389254956308,0.04818181818181819,0.07090909090909091,12.351389254956315,16.351389254956302,False,0.03100369350088819,6.022468240608867,0,,
421,423,0.13363636363636364,6.539437771949529,0.11545454545454546,0.15181818181818182,4.6394377719495274,8.139437771949531,False,0.009628907099842333,6.001093454207822,0,,
422,424,0.3,5.9990029415358865,0.2636363636363636,0.35454545454545455,5.099002941535886,7.299002941535887,True,0.14173970470306313,6.133204251811042,0,,
423,425,0.19454545454545455,11.771262345477483,0.16090909090909092,0.24545454545454545,10.07126234547749,13.171262345477478,True,0.10832205650232993,6.099786603610309,0,,
425,427,0.12636363636363637,13.807383939574843,0.10363636363636364,0.14636363636363636,11.407383939574851,15.607383939574836,False,0.0165008863351418,6.007965433443121,0,,
426,428,0.2272727272727273,6.966018326971837,0.16272727272727272,0.3,4.566018326971835,8.86601832697184,True,0.03201560698251572,6.023480154090495,0,,
427,429,0.03,11.519535319848373,0.023636363636363636,0.04090909090909091,9.119535319848382,14.019535319848364,True,0.008805629196457858,6.000270176304437,0,,
428,430,0.16090909090909092,12.340863570087665,0.13181818181818183,0.2090909090909091,9.740863570087674,14.440863570087657,True,0.0186312454333249,6.010095792541304,0,,
429,431,0.02727272727272727,6.40114457169963,0.023636363636363636,0.031818181818181815,5.001144571699629,8.001144571699632,False,0.07772506398968232,6.069189611097661,0,,
431,433,0.016363636363636365,5.736693988477841,0.013636363636363636,0.02,4.0366939884778406,7.53669398847784,True,0.026474407035130175,6.017938954143109,0,,
432,434,0.38181818181818183,5.10539177298009,0.33636363636363636,0.4545454545454546,4.10539177298009,6.405391772980089,True,0.12813361602286988,6.119598163130849,0,,
433,435,0.024545454545454544,9.92989396135794,0.019090909090909092,0.03,7.829893961357948,11.929893961357934,True,0.022910666987933554,6.014375214095913,0,,
434,436,0.017272727272727273,13.40724858785152,0.014090909090909091,0.02181818181818182,11.407248587851527,15.607248587851512,True,0.0374505067409296,6.028915053848909,0,,
435,437,0.1481818181818182,7.139907828429649,0.11545454545454546,0.1890909090909091,4.039907828429646,9.73990782842965,True,0.013663728304722329,6.0051282754127016,0,,
436,438,0.09090909090909091,13.704979650464525,0.07018181818181819,0.11727272727272728,10.904979650464535,16.404979650464515,False,0.006244111880446647,5.997708658988426,0,,
437,439,0.1809090909090909,16.729650179421135,0.15363636363636363,0.2181818181818182,14.729650179421144,17.829650179421133,True,0.013717655771148167,6.005182202879127,0,,
438,440,0.04363636363636364,9.880169771962386,0.035454545454545454,0.053636363636363635,7.980169771962393,11.980169771962379,True,0.039118907892462154,6.030583455000441,0,,
439,441,0.012727272727272728,14.53120368584817,0.01,0.02181818181818182,11.93120368584818,19.131203685848156,True,0.00025085506567765995,5.991715402173656,0,,
440,442,0.024545454545454544,10.728010153927555,0.01863636363636364,0.03272727272727273,8.128010153927564,13.528010153927545,True,0.1103287185326353,6.101793265640614,0,,
441,443,0.36363636363636365,2.0,0.2545454545454545,0.7727272727272727,0.0,7.0,True,0.0015844948369946753,5.993049041944974,0,,
442,444,0.06727272727272728,6.654133573886047,0.046363636363636364,0.09545454545454546,2.8541335738860436,10.45413357388605,True,0.029757197703451446,6.021221744811431,0,,
444,446,0.1890909090909091,8.67959975201931,0.1590909090909091,0.2272727272727273,7.079599752019309,9.67959975201931,True,0.07297565171876738,6.0644401988267465,0,,
445,447,0.01681818181818182,5.0,0.014090909090909091,0.02181818181818182,3.4000000000000004,7.2,True,0.08986100753635846,6.081325554644337,0,,
446,448,0.015,12.115206601008975,0.010454545454545454,0.023636363636363636,8.415206601008988,16.21520660100896,True,0.0094276789671027,6.000892226075082,0,,
447,449,0.2909090909090909,4.2,0.23636363636363636,0.37272727272727274,2.6,6.300000000000001,True,0.06049074690176467,6.051955294009744,0,,
448,450,0.07772727272727273,6.99663046537014,0.05909090909090909,0.10363636363636364,4.096630465370138,9.796630465370143,True,0.01140455834318496,6.002869105451164,0,,
449,451,0.23636363636363636,6.633886346254437,0.1890909090909091,0.2818181818181818,5.433886346254436,7.833886346254438,True,0.0029248664536504158,5.994389413561629,0,,
450,452,0.17,6.347558444781465,0.12818181818181817,0.24545454545454545,2.547558444781462,8.347558444781466,True,0.03583564489967806,6.027300192007657,0,,
451,453,0.02727272727272727,11.184627588429795,0.02090909090909091,0.03363636363636364,8.684627588429803,13.084627588429788,True,0.12071902784197337,6.1121835749499525,0,,
452,454,0.02,9.08210362676603,0.015909090909090907,0.026363636363636363,7.082103626766036,11.48210362676602,True,0.023468103151419107,6.014932650259398,0,,
453,455,0.2727272727272727,8.624540168459761,0.2272727272727273,0.33636363636363636,7.424540168459766,10.124540168459756,True,0.12255762678027961,6.114022173888259,0,,
454,456,0.05545454545454545,8.748157784654106,0.04272727272727273,0.07545454545454545,6.148157784654115,11.948157784654095,True,0.03798401574957641,6.029448562857556,0,,
455,457,0.046363636363636364,16.68981753328697,0.038181818181818185,0.05454545454545455,14.589817533286979,18.289817533286964,False,0.22607573841143402,6.217540285519413,0,,
456,458,0.7818181818181819,2.7,0.5,1.4,0.0,7.5,True,0.004254292115839135,5.9957188392238185,0,,
457,459,0.2818181818181818,7.101661831609116,0.23636363636363636,0.34545454545454546,6.001661831609114,8.501661831609116,True,0.047412125735415055,6.0388766728433945,0,,
458,460,0.019545454545454546,14.143759497713503,0.013636363636363636,0.030909090909090907,10.643759497713516,18.743759497713487,True,0.025251647343148834,6.016716194451128,0,,
460,462,0.12636363636363637,12.882936040968836,0.08636363636363636,0.1572727272727273,8.78293604096885,15.582936040968827,True,0.06132775798342008,6.052792305091399,0,,
461,463,0.04181818181818182,12.205349814759229,0.02727272727272727,0.06363636363636364,8.205349814759243,16.605349814759215,True,0.022683535307218557,6.014148082415198,0,,
462,464,0.35454545454545455,1.1,0.2818181818181818,0.7,0.0,5.9,True,0.012625754061536782,6.004090301169516,0,,
463,465,0.02,12.989390331017043,0.013636363636363636,0.03,9.289390331017056,16.88939033101703,True,0.007598289353266616,5.9990628364612455,0,,
464,466,0.44545454545454544,9.23235892012587,0.35454545454545455,0.5818181818181818,7.332358920125877,11.332358920125863,True,0.07736710952104346,6.068831656629023,0,,
465,467,0.034545454545454546,11.536320213953898,0.025454545454545455,0.05181818181818182,8.536320213953909,15.536320213953884,True,0.021460846868398938,6.012925393976378,0,,
466,468,0.07772727272727273,8.962723782237209,0.05,0.11545454545454546,4.462723782237225,13.062723782237194,True,0.0050210110929178615,5.996485558200897,0,,
467,469,0.03909090909090909,9.41600360834689,0.028181818181818183,0.05272727272727273,6.5160036083468995,12.416003608346879,True,0.013042809553425943,6.004507356661405,0,,
468,470,0.7181818181818181,2.0,0.5,1.4,0.0,6.9,True,0.00024733340462657,5.9917118805126055,0,,
469,471,0.39090909090909093,5.357786685263946,0.3090909090909091,0.4727272727272727,3.5577866852639466,6.857786685263946,True,0.11865727077904037,6.11012181788702,0,,
470,472,0.11181818181818182,6.063930983450377,0.07336363636363635,0.14636363636363636,1.8639309834503777,9.363930983450377,True,0.010088914995600634,6.00155346210358,0,,
471,473,0.06636363636363636,10.69058780654931,0.04454545454545455,0.09272727272727273,6.590587806549324,14.190587806549297,True,0.03637979492051534,6.027844342028494,0,,
472,474,0.03909090909090909,10.3944678562544,0.03,0.05181818181818182,8.394467856254407,13.29446785625439,True,0.06628922422426103,6.05775377133224,0,,
473,475,0.04272727272727273,16.170854776736846,0.02727272727272727,0.07181818181818181,12.07085477673686,21.570854776736827,True,0.011244584194854893,6.002709131302834,0,,
474,476,0.13,7.622280817842027,0.09909090909090909,0.1572727272727273,4.422280817842024,10.022280817842029,True,0.0009110304192292747,5.992375577527208,0,,
475,477,0.07545454545454545,8.487776499120686,0.060909090909090906,0.09636363636363636,6.187776499120684,10.887776499120688,False,0.04228530426374574,6.0337498513717245,0,,
476,478,0.04181818181818182,7.378843184051043,0.02727272727272727,0.06636363636363636,3.4788431840510396,12.178843184051047,True,0.006833624411273736,5.998298171519253,0,,
477,479,0.3,5.1000000000000005,0.2272727272727273,0.38181818181818183,3.2,6.9,True,0.1268237577670158,6.118288304874995,0,,
478,480,0.2181818181818182,6.415886597878743,0.1590909090909091,0.2909090909090909,3.915886597878741,8.515886597878744,True,0.01838442147123162,6.0098489685792105,0,,
479,481,0.13181818181818183,8.173000481975183,0.09,0.16818181818181818,3.9730004819751796,11.373000481975186,True,0.02153299782958185,6.012997544937561,0,,
481,483,0.1,5.807414630279795,0.060909090909090906,0.15181818181818182,0.9074146302797912,10.9074146302798,True,0.002479403651686638,5.9939439507596655,0,,
482,484,0.017272727272727273,4.4,0.013636363636363636,0.02181818181818182,2.1,6.6000000000000005,True,0.03140735646995627,6.0228719035779354,0,,
483,485,0.1409090909090909,9.029966014834361,0.11181818181818182,0.17,6.229966014834371,11.729966014834352,True,0.01926381594848459,6.010728363056463,0,,
484,486,0.03727272727272728,6.6736416124135625,0.025454545454545455,0.05181818181818182,3.27364161241356,10.073641612413567,True,0.07378716018684173,6.065251707294821,0,,
486,488,0.2272727272727273,42.300254961031484,0.1481818181818182,0.36363636363636365,38.200254961031426,46.00025496103154,False,0.02087416542198644,6.012338712529965,0,,
487,489,0.17545454545454547,11.863936117729466,0.14636363636363636,0.2272727272727273,9.563936117729474,13.36393611772946,True,0.0017611461871127575,5.993225693295091,0,,
489,491,0.02727272727272727,13.320624764355578,0.02090909090909091,0.03727272727272728,10.720624764355588,16.12062476435557,True,0.04547640940282071,6.0369409565108,0,,
491,493,0.08545454545454545,10.803578405047514,0.06363636363636364,0.11363636363636363,7.403578405047526,13.803578405047503,True,0.001148740654356024,5.992613287762335,0,,
492,494,0.014090909090909091,16.835821435282423,0.010454545454545454,0.02090909090909091,14.035821435282433,20.535821435282408,True,0.045951223083125346,6.037415770191104,0,,
493,495,0.1390909090909091,8.499336328649445,0.11363636363636363,0.16818181818181818,5.899336328649444,11.199336328649448,True,0.032907641243070246,6.024372188351049,0,,
494,496,0.03,12.954840547530573,0.024545454545454544,0.04,10.75484054753058,15.354840547530564,True,0.005189517763819349,5.996654064871798,0,,
495,497,0.046363636363636364,8.008678602514726,0.031818181818181815,0.07054545454545455,4.608678602514738,12.40867860251471,True,0.01268073528793071,6.00414528239591,0,,
496,498,0.14636363636363636,32.14274244800065,0.10363636363636364,0.2,27.842742448000585,35.542742448000695,True,0.015343875400539737,6.006808422508519,0,,
497,499,0.03909090909090909,12.188670079026538,0.02909090909090909,0.05181818181818182,9.488670079026548,15.288670079026527,True,0.017960274365635555,6.009424821473615,0,,
498,500,0.03636363636363636,22.503726342731483,0.026363636363636363,0.04727272727272727,19.50372634273144,25.303726342731522,True,0.07602456992297196,6.067489117030951,0,,
499,501,0.023636363636363636,14.27365555518077,0.015,0.04,10.173655555180785,19.273655555180753,True,0.026159172106342138,6.017623719214321,0,,
500,502,0.031818181818181815,12.395859966278875,0.024545454545454544,0.04727272727272727,9.595859966278885,16.29585996627886,True,0.048251905270032466,6.039716452378012,0,,
501,503,0.08636363636363636,7.294874901442896,0.06818181818181819,0.1090909090909091,4.694874901442894,9.594874901442898,False,0.011188775118935169,6.002653322226914,0,,
504,506,0.11363636363636363,7.815031052023421,0.08545454545454545,0.14454545454545453,4.815031052023419,10.715031052023424,False,0.02663457029871715,6.018099117406696,0,,
505,507,0.05181818181818182,12.536018413137185,0.03727272727272728,0.07227272727272727,9.136018413137197,16.03601841313717,True,0.0201670052070895,6.011631552315069,0,,
506,508,0.1190909090909091,13.30167223392641,0.08545454545454545,0.14454545454545453,9.701672233926423,15.801672233926402,False,0.14460861534434538,6.136073162452324,0,,
507,509,0.03727272727272728,10.765495340498966,0.02909090909090909,0.046363636363636364,8.665495340498973,12.965495340498958,True,0.16631820212631213,6.157782749234292,0,,
508,510,0.04272727272727273,11.98110941032913,0.030909090909090907,0.05818181818181818,8.981109410329141,15.281109410329119,True,0.0500377348074436,6.041502281915423,0,,
509,511,0.07163636363636364,30.01065056896891,0.04181818181818182,0.12090909090909091,25.11065056896884,35.11065056896898,True,0.000493169717436627,5.991957716825416,0,,
510,512,0.12272727272727273,7.576826171703574,0.09727272727272727,0.1481818181818182,4.976826171703571,9.776826171703576,False,0.0009312941882965889,5.9923958412962754,0,,
511,513,0.17272727272727273,11.649087346551338,0.1409090909090909,0.2272727272727273,8.749087346551349,13.249087346551333,True,0.0036943290926180886,5.995158876200597,0,,
512,514,0.2727272727272727,3.3000000000000003,0.2090909090909091,0.34545454545454546,1.5,5.1000000000000005,True,0.019660121333981147,6.01112466844196,0,,
514,516,0.08636363636363636,6.154861306440194,0.05818181818181818,0.12272727272727273,1.8548613064401898,10.054861306440197,True,0.0035904236252835803,5.995054970733262,0,,
515,517,0.2636363636363636,3.3000000000000003,0.2090909090909091,0.32727272727272727,1.8,4.800000000000001,True,0.0012035734945872968,5.992668120602566,0,,
516,518,0.2272727272727273,4.4,0.1890909090909091,0.2818181818181818,3.3000000000000003,5.9,True,0.1831690307956059,6.174633577903585,0,,
517,519,0.16818181818181818,11.89540736097885,0.1390909090909091,0.2181818181818182,9.09540736097886,13.595407360978845,True,0.011074096364746376,6.002538643472725,0,,
518,520,0.046363636363636364,22.665504052361058,0.031818181818181815,0.06727272727272728,18.865504052361004,26.565504052361113,True,0.011551254723855995,6.003015801831835,0,,
519,521,0.2090909090909091,9.459849796877263,0.16454545454545455,0.2636363636363636,7.759849796877269,10.959849796877258,True,0.07787559075296235,6.069340137860942,0,,
520,522,0.023636363636363636,11.412130874331101,0.01863636363636364,0.02909090909090909,9.212130874331109,13.812130874331093,True,0.04212829239639015,6.033592839504369,0,,
522,524,0.019090909090909092,12.63159354472705,0.015,0.024545454545454544,10.331593544727058,15.031593544727041,True,0.008867214734864688,6.000331761842844,0,,
523,525,0.026363636363636363,14.563058551178335,0.017727272727272727,0.04090909090909091,10.863058551178348,18.563058551178322,True,0.0015972195800620461,5.993061766688041,0,,
524,526,0.028181818181818183,13.529319058111499,0.02090909090909091,0.03727272727272728,10.729319058111509,16.12931905811149,True,0.05097611930519885,6.042440666413178,0,,
525,527,0.1390909090909091,6.650557479007403,0.11727272727272728,0.1590909090909091,4.450557479007401,8.450557479007404,False,0.014833933334362837,6.006298480442342,0,,
526,528,0.09272727272727273,6.768735166043134,0.07054545454545455,0.11727272727272728,3.8687351660431313,9.268735166043136,False,0.001266226861625669,5.992730773969605,0,,
527,529,0.057272727272727274,7.31137822006389,0.04272727272727273,0.07863636363636364,4.3113782200638875,10.711378220063892,True,0.03953268309066285,6.030997230198642,0,,
528,530,0.012727272727272728,15.461076380901941,0.01,0.016363636363636365,12.96107638090195,18.16107638090193,True,0.10188050135787982,6.093345048465859,0,,
529,531,0.11545454545454546,8.10895777824496,0.08454545454545455,0.1409090909090909,5.108957778244958,10.608957778244962,False,0.0764252883477322,6.067889835455711,0,,
530,532,0.015,19.65966169590009,0.011363636363636364,0.02181818181818182,16.9596616959001,22.75966169590008,True,0.01017963708815776,6.001644184196137,0,,
531,533,0.37272727272727274,7.880037193239833,0.3181818181818182,0.4363636363636364,6.680037193239832,9.180037193239833,True,0.2801336762634447,6.271598223371424,0,,
532,534,0.05,2.1,0.04181818181818182,0.06636363636363636,0.0,4.9,True,0.02486531459731802,6.016329861705297,0,,
533,535,0.07036363636363636,14.005716269315252,0.05,0.09727272727272727,10.405716269315265,17.405716269315242,True,0.01679066349541116,6.00825521060339,0,,
534,536,0.013636363636363636,11.222885948316017,0.010454545454545454,0.01818181818181818,8.622885948316027,13.822885948316008,True,0.010710894535040733,6.00217544164302,0,,
535,537,0.15,15.825933320116839,0.12454545454545454,0.17545454545454547,13.625933320116847,17.82593332011683,True,0.0237909453317726,6.015255492439752,0,,
536,538,0.014545454545454545,17.917919958164077,0.01090909090909091,0.02,14.71791995816409,20.81791995816407,True,0.029923529479781562,6.021388076587761,0,,
537,539,0.4727272727272727,7.9089763364267185,0.38181818181818183,0.609090909090909,6.208976336426717,9.70897633642672,True,0.03695615050011039,6.028420697608089,0,,
538,540,0.022727272727272728,13.602675558465261,0.01818181818181818,0.03,11.602675558465268,16.60267555846525,True,0.10401476409993791,6.095479311207917,0,,
539,541,0.16818181818181818,5.1000000000000005,0.15181818181818182,0.19181818181818183,3.6,5.9,False,0.12253275354995194,6.113997300657931,0,,
540,542,0.2272727272727273,6.526878272479981,0.19181818181818183,0.2545454545454545,5.52687827247998,7.3268782724799815,False,0.18282535172484884,6.174289898832828,0,,
541,543,0.056363636363636366,11.690959311318165,0.04181818181818182,0.07772727272727273,8.590959311318176,15.190959311318153,True,0.002605225940687875,5.9940697730486665,0,,
542,544,0.6,7.662585791307883,0.4090909090909091,1.0545454545454547,4.862585791307881,11.662585791307887,True,0.012062147023326046,6.003526694131305,0,,
543,545,0.015454545454545453,13.000821290875955,0.011818181818181818,0.022727272727272728,10.300821290875964,16.300821290875945,True,0.01398692965076911,6.005451476758748,0,,
544,546,0.23636363636363636,5.404727886055054,0.16454545454545455,0.32727272727272727,2.9047278860550545,7.804727886055053,True,0.0027506663321727525,5.994215213440151,0,,
545,547,0.3,7.638608814512265,0.2636363636363636,0.37272727272727274,6.638608814512265,9.138608814512267,True,0.16263034959188397,6.154094896699863,0,,
546,548,0.2181818181818182,6.562218584770693,0.16454545454545455,0.2909090909090909,4.4622185847706906,8.562218584770694,True,0.0219322517930188,6.013396798900998,0,,
547,549,0.07036363636363636,8.014329904643297,0.05545454545454545,0.08727272727272727,5.414329904643296,10.6143299046433,False,0.0021762077652751105,5.993640754873254,0,,
548,550,0.2181818181818182,8.745769408506998,0.16636363636363638,0.2727272727272727,7.045769408506995,10.245769408506998,True,0.03306347037771754,6.0245280174856966,0,,
549,551,0.023636363636363636,15.092641041662263,0.017727272727272727,0.02909090909090909,12.392641041662273,17.392641041662255,True,0.035948031992830774,6.02741257910081,0,,
550,552,0.02727272727272727,8.723199682568385,0.02090909090909091,0.03727272727272728,6.123199682568384,11.723199682568389,True,0.03820840419147477,6.029672951299454,0,,
552,554,0.02181818181818182,17.48829074620347,0.015,0.031818181818181815,13.788290746203485,21.38829074620346,True,0.04247422724749959,6.033938774355478,0,,
553,555,0.13545454545454547,13.310581337775002,0.10090909090909092,0.16454545454545455,9.610581337775015,16.110581337774992,True,0.015300157593524233,6.006764704701503,0,,
554,556,0.03272727272727273,12.14616634107963,0.024545454545454544,0.045454545454545456,9.24616634107964,15.246166341079618,True,0.006612397915939518,5.998076945023919,0,,
555,557,0.02181818181818182,13.597147638038264,0.01863636363636364,0.025454545454545455,11.99714763803827,15.097147638038258,True,0.16977621414755079,6.16124076125553,0,,
556,558,0.01818181818181818,6.428038168294709,0.014090909090909091,0.025454545454545455,3.9280381682947065,9.628038168294712,True,0.021507045944677925,6.012971593052657,0,,
557,559,0.2727272727272727,4.2,0.1972727272727273,0.36363636363636365,2.1,6.300000000000001,True,0.012191098722750556,6.0036556458307295,0,,
558,560,0.03363636363636364,14.5094617158585,0.024545454545454544,0.04727272727272727,11.40946171585851,17.709461715858488,True,0.052320409603785825,6.0437849567117645,0,,
559,561,0.13727272727272727,10.956063169966797,0.11727272727272728,0.15545454545454546,9.056063169966803,12.55606316996679,False,0.026602160215219252,6.018066707323198,0,,
560,562,0.03909090909090909,12.199172287980385,0.031818181818181815,0.046363636363636364,10.399172287980392,13.89917228798038,False,0.06755034314330749,6.059014890251286,0,,
561,563,0.44545454545454544,1.2000000000000002,0.35454545454545455,0.9363636363636364,0.0,6.300000000000001,True,0.0011456949868639127,5.992610242094843,0,,
562,564,0.07636363636363636,14.663290882027814,0.05545454545454545,0.10454545454545455,11.263290882027826,17.763290882027803,True,0.017437425394595456,6.008901972502574,0,,
563,565,0.13727272727272727,12.694585430865837,0.11545454545454546,0.16090909090909092,10.394585430865845,14.994585430865829,False,0.04555298204320846,6.037017529151187,0,,
564,566,0.24545454545454545,4.5,0.19181818181818183,0.2909090909090909,2.9000000000000004,5.800000000000001,True,0.009744152548759346,6.001208699656738,0,,
565,567,0.07909090909090909,8.843886410086427,0.060909090909090906,0.10363636363636364,5.843886410086437,11.643886410086417,False,0.015492988903487187,6.006957536011466,0,,
566,568,0.2727272727272727,8.574825612778469,0.23636363636363636,0.3181818181818182,7.574825612778468,9.67482561277847,True,0.1993197330524799,6.190784280160459,0,,
567,569,0.04818181818181819,12.253250160419938,0.03909090909090909,0.060909090909090906,9.953250160419946,14.65325016041993,True,0.0493584179408689,6.040822965048848,0,,
568,570,0.030909090909090907,5.611257615477098,0.023636363636363636,0.04363636363636364,2.9112576154770986,8.611257615477097,True,0.0011623377739655807,5.992626884881945,0,,
569,571,0.12454545454545454,11.499810326863669,0.09636363636363636,0.15,8.599810326863679,13.89981032686366,False,0.018533363141302803,6.0099979102492815,0,,
570,572,0.2727272727272727,3.8000000000000003,0.2272727272727273,0.32727272727272727,2.6,5.2,True,0.15853427344249438,6.149998820550474,0,,
571,573,0.014090909090909091,10.606751136711047,0.011363636363636364,0.01818181818181818,8.506751136711054,13.006751136711038,True,0.04713865823638001,6.0386032053443595,0,,
572,574,0.09272727272727273,10.203894302959041,0.07,0.12090909090909091,7.003894302959052,13.10389430295903,False,0.02932641548961819,6.020790962597597,0,,
573,575,0.17545454545454547,3.4000000000000004,0.1590909090909091,0.2,2.1,4.2,False,0.18442520320790465,6.175889750315884,0,,
574,576,0.2727272727272727,12.416074831760033,0.23636363636363636,0.33636363636363636,11.416074831760037,14.016074831760028,True,0.18447081035937266,6.175935357467352,0,,
575,577,0.08545454545454545,5.499301547372014,0.06727272727272728,0.10818181818181818,2.799301547372015,7.999301547372014,False,0.002593669257247889,5.994058216365227,0,,
577,579,0.025454545454545455,12.607589542567801,0.02090909090909091,0.03,10.807589542567808,14.407589542567795,True,0.1494150551337639,6.140879602241743,0,,
578,580,0.2181818181818182,9.084898916442432,0.1572727272727273,0.3,6.48489891644243,11.184898916442434,True,0.042124532340117656,6.033589079448097,0,,
579,581,0.03909090909090909,14.614578339115258,0.02727272727272727,0.056363636363636366,11.51457833911527,18.214578339115246,True,0.10522372873962195,6.096688275847601,0,,
580,582,0.1,12.127682006258594,0.08,0.1190909090909091,9.927682006258602,14.227682006258586,False,0.0367356537073837,6.028200200815363,0,,
581,583,0.1090909090909091,17.566676083306948,0.07,0.1481818181818182,12.866676083306965,21.166676083306935,True,0.029147028540334314,6.020611575648314,0,,
582,584,0.028181818181818183,12.783741400752593,0.024545454545454544,0.03636363636363636,11.283741400752598,15.183741400752584,True,0.2691713391267016,6.260635886234681,0,,
583,585,0.017727272727272727,11.207746084276012,0.014090909090909091,0.02090909090909091,9.00774608427602,12.807746084276006,True,0.09470815901058394,6.086172706118563,0,,
584,586,0.15363636363636363,8.667599664292437,0.13363636363636364,0.17545454545454547,6.967599664292436,10.367599664292438,False,0.005610197023887427,5.997074744131867,0,,
585,587,0.16090909090909092,11.257057871290785,0.13181818181818183,0.2,8.757057871290794,12.957057871290779,True,0.01124003592048118,6.002704583028461,0,,
586,588,0.13,9.635741437965526,0.10090909090909092,0.15545454545454546,6.435741437965538,11.935741437965518,False,0.0945063087084611,6.0859708558164405,0,,
588,590,0.32727272727272727,4.1000000000000005,0.2636363636363636,0.4090909090909091,2.5,5.800000000000001,True,0.022634384633339808,6.0140989317413185,0,,
589,591,0.03727272727272728,11.407992508154454,0.02909090909090909,0.04727272727272727,9.307992508154461,14.007992508154445,True,0.007007492186858226,5.998472039294837,0,,
590,592,0.04181818181818182,16.383693627031413,0.034545454545454546,0.05181818181818182,14.683693627031419,18.683693627031403,True,0.09878253134621068,6.0902470784541896,0,,
592,594,0.2636363636363636,2.0,0.2181818181818182,0.3090909090909091,0.8,3.2,True,0.10347873981466749,6.094943286922646,0,,
593,595,0.2636363636363636,7.538359773493942,0.2181818181818182,0.3090909090909091,6.438359773493941,8.638359773493942,True,0.02837213708536355,6.019836684193343,0,,
594,596,0.03363636363636364,7.039631200159681,0.02727272727272727,0.04454545454545455,5.039631200159679,9.739631200159684,True,0.044959550302493906,6.036424097410473,0,,
595,597,0.07909090909090909,13.225078995164274,0.06181818181818182,0.10272727272727274,10.525078995164284,15.825078995164265,False,0.02558202676158021,6.0170465738695595,0,,
596,598,0.016363636363636365,19.92316066772556,0.011363636363636364,0.024545454545454544,16.223160667725573,23.823160667725546,True,0.019492021445494914,6.010956568553474,0,,
597,599,0.2727272727272727,9.840792011257246,0.2272727272727273,0.3181818181818182,8.54079201125725,11.140792011257242,True,0.21810776349469868,6.2095723106026774,0,,
598,600,0.2272727272727273,7.590193652591993,0.18363636363636365,0.2727272727272727,6.390193652591993,8.990193652591994,True,0.0019810603023954466,5.993445607410375,0,,
599,601,0.03272727272727273,5.99481472163345,0.026363636363636363,0.04090909090909091,3.89481472163345,7.99481472163345,True,0.02738866641913352,6.0188532135271124,0,,
600,602,0.034545454545454546,22.435545280076532,0.025454545454545455,0.04818181818181819,19.735545280076494,25.635545280076578,True,0.03569168052776831,6.027156227635747,0,,
601,603,0.016363636363636365,3.4000000000000004,0.014090909090909091,0.019090909090909092,2.0,4.800000000000001,True,0.0715687740559056,6.063033321163885,0,,
602,604,0.025454545454545455,11.233243294167133,0.017272727272727273,0.04090909090909091,7.633243294167146,15.733243294167117,True,0.038051257103231935,6.029515804211211,0,,
604,606,0.1390909090909091,5.1000000000000005,0.11545454545454546,0.1590909090909091,2.9000000000000004,6.9,False,0.005026338898963943,5.996490886006943,0,,
606,608,0.8727272727272728,1.0,0.6909090909090909,1.4,0.0,5.1000000000000005,True,0.0002523508120659266,5.991716897920045,0,,
607,609,0.057272727272727274,17.31308966929118,0.045454545454545456,0.07090909090909091,14.813089669291188,19.61308966929117,False,0.052190308221546806,6.0436548553295255,0,,
608,610,0.06454545454545454,8.553506645391337,0.046363636363636364,0.09272727272727273,5.153506645391333,12.453506645391341,True,0.02672494447695036,6.01818949158493,0,,
609,611,0.17272727272727273,9.857661344080821,0.15363636363636363,0.2181818181818182,8.357661344080826,11.057661344080817,True,0.07738750618198206,6.0688520532899615,0,,
610,612,0.02181818181818182,18.76986174837206,0.017272727272727273,0.02909090909090909,16.469861748372068,21.769861748372048,True,0.07290769640402212,6.064372243512001,0,,
611,613,0.35454545454545455,7.661730304419854,0.2636363636363636,0.4727272727272727,5.461730304419852,9.961730304419856,True,0.017485364637042578,6.008949911745022,0,,
612,614,0.10181818181818182,18.438140697217392,0.07590909090909091,0.12636363636363637,15.438140697217401,21.13814069721738,False,0.0014567628509334302,5.992921309958913,0,,
613,615,0.23636363636363636,10.194675876684677,0.2090909090909091,0.2545454545454545,9.29467587668468,10.694675876684675,False,0.5184418450637027,6.509906392171682,0,,
614,616,0.4909090909090909,5.078816492181384,0.35454545454545455,0.7363636363636363,2.4788164921813847,8.078816492181385,True,0.09453380560274983,6.085998352710729,0,,
615,617,0.10181818181818182,19.445379029320897,0.075,0.12818181818181817,16.445379029320907,22.245379029320887,False,0.04185434292318407,6.033318890031163,0,,
616,618,0.03909090909090909,6.467609224843528,0.028181818181818183,0.05545454545454545,3.567609224843525,9.967609224843532,True,0.03126274855963532,6.0227272956676146,0,,
617,619,0.012272727272727272,17.436443344406033,0.01,0.015454545454545453,15.43644334440604,19.936443344406023,True,0.013865000478717733,6.005329547586697,0,,
618,620,0.04818181818181819,8.70376777814543,0.03909090909090909,0.06181818181818182,6.603767778145437,11.203767778145421,True,0.03621751290314772,6.027682060011127,0,,
619,621,0.04,15.443637883208595,0.03,0.05545454545454545,13.043637883208604,18.843637883208583,True,0.025895467247822577,6.017360014355802,0,,
620,622,0.07954545454545454,11.565456250458107,0.06272727272727273,0.10272727272727274,8.865456250458116,14.065456250458098,False,5.450942953101608e-05,5.99151905653751,0,,
622,624,0.2545454545454545,4.800000000000001,0.2090909090909091,0.3,3.5,6.1000000000000005,True,0.05259511431805903,6.044059661426038,0,,
623,625,0.3181818181818182,7.105903523741515,0.2636363636363636,0.39090909090909093,5.805903523741513,8.605903523741517,True,0.002313754334844305,5.993778301442823,0,,
624,626,0.045454545454545456,6.780964804335331,0.035454545454545454,0.05909090909090909,4.280964804335328,9.480964804335333,True,0.0498231938048522,6.041287740912831,0,,
625,627,0.10454545454545455,9.969876997893504,0.07681818181818181,0.12818181818181817,6.769876997893515,12.469876997893495,False,0.08370898749441347,6.075173534602392,0,,
626,628,0.02,11.871790834059487,0.016363636363636365,0.025454545454545455,10.071790834059493,14.07179083405948,True,0.1255835837914455,6.117048130899424,0,,
627,629,0.38181818181818183,5.325335111287102,0.3,0.4909090909090909,3.625335111287102,7.225335111287102,True,0.0271306915053846,6.018595238613363,0,,
629,631,0.06,5.154111771717204,0.045454545454545456,0.07863636363636364,2.354111771717205,8.154111771717204,True,0.027181110280681584,6.01864565738866,0,,
630,632,0.19181818181818183,15.298787168202844,0.17,0.2181818181818182,14.698787168202847,16.09878716820284,True,0.0025609513757401674,5.994025498483719,0,,
631,633,0.03727272727272728,13.707515712082047,0.03,0.045454545454545456,12.007515712082053,15.70751571208204,False,0.08199317461623644,6.073457721724216,0,,
632,634,0.017272727272727273,14.597851390128044,0.014090909090909091,0.02181818181818182,12.597851390128051,16.797851390128038,True,0.1270209826630782,6.118485529771057,0,,
633,635,0.08727272727272727,7.678467754961197,0.07590909090909091,0.10272727272727274,6.078467754961196,9.178467754961197,False,0.008693989764721953,6.000158536872701,0,,
634,636,0.11363636363636363,19.290736809201448,0.075,0.1481818181818182,15.090736809201463,22.590736809201438,True,0.016584395864558076,6.008048942972537,0,,
635,637,0.022727272727272728,13.722794189664313,0.017727272727272727,0.02727272727272727,11.62279418966432,15.622794189664306,True,0.13771007920148623,6.1291746263094655,0,,
636,638,0.011818181818181818,16.908309376854817,0.01,0.014545454545454545,15.308309376854822,19.10830937685481,True,0.0391232146527021,6.030587761760681,0,,
637,639,0.16090909090909092,11.797995711901413,0.1390909090909091,0.1809090909090909,9.89799571190142,12.897995711901409,False,0.16672414115428688,6.158188688262266,0,,
638,640,0.2909090909090909,8.552492292874662,0.2545454545454545,0.34545454545454546,7.452492292874662,9.852492292874665,True,0.0006412874894060451,5.992105834597385,0,,
639,641,0.07954545454545454,20.526419937550422,0.06454545454545454,0.09909090909090909,18.02641993755043,22.726419937550414,False,0.03166883379504165,6.023133380903021,0,,
640,642,0.2636363636363636,9.304438018660942,0.2272727272727273,0.3,8.404438018660946,10.20443801866094,True,0.0083219179944042,5.999786465102384,0,,
641,643,0.034545454545454546,6.018231961000999,0.02909090909090909,0.04181818181818182,4.518231961000997,7.818231961001,False,0.04380838159864625,6.035272928706625,0,,
642,644,0.2090909090909091,12.164642797983904,0.17,0.24545454545454545,10.964642797983908,13.1646427979839,True,0.14006835470290158,6.13153290181088,0,,
643,645,0.060909090909090906,8.961550714389976,0.049090909090909095,0.07590909090909091,6.761550714389983,11.361550714389967,False,0.0562513149177222,6.047715862025702,0,,
644,646,0.17272727272727273,5.488968251466803,0.15363636363636363,0.1972727272727273,3.888968251466803,6.388968251466802,False,0.14164536579040618,6.1331099128983855,0,,
645,647,0.1781818181818182,9.874481487288518,0.15545454545454546,0.2272727272727273,8.274481487288524,11.374481487288513,True,0.06813009557445056,6.05959464268243,0,,
647,649,0.2,7.846543752613692,0.17,0.23636363636363636,6.946543752613691,8.846543752613693,False,0.1149923529925581,6.106456900100537,0,,
648,650,0.14272727272727273,10.973336431344997,0.12454545454545454,0.16090909090909092,9.373336431345002,12.573336431344991,False,0.034697528502903204,6.026162075610882,0,,
650,652,0.2727272727272727,7.306358311161635,0.2272727272727273,0.34545454545454546,6.006358311161634,9.006358311161636,True,0.167569226322056,6.159033773430035,0,,
651,653,0.3181818181818182,9.342191759854854,0.2818181818181818,0.37272727272727274,8.442191759854857,10.54219175985485,True,0.06135984044284972,6.052824387550829,0,,
652,654,0.07727272727272727,8.926479783357237,0.060909090909090906,0.09727272727272727,6.326479783357247,11.22647978335723,False,0.006841349269069228,5.998305896377048,0,,
653,655,0.11545454545454546,8.64665910034643,0.09818181818181819,0.13181818181818183,6.846659100346427,10.246659100346431,False,0.008358806874574439,5.999823353982554,0,,
654,656,0.015,15.671618033855113,0.012727272727272728,0.019545454545454546,13.77161803385512,18.071618033855103,True,0.027706781470013,6.019171328577992,0,,
655,657,0.19181818181818183,7.690801571075119,0.16818181818181818,0.2181818181818182,6.690801571075118,8.49080157107512,False,0.018179219918525204,6.009643767026504,0,,
656,658,0.014090909090909091,9.953511362791389,0.012272727272727272,0.01681818181818182,8.553511362791394,11.553511362791383,True,0.044161504450119016,6.035626051558098,0,,
658,660,0.2818181818181818,4.0,0.24545454545454545,0.33636363636363636,2.9000000000000004,5.300000000000001,True,0.0804345245706816,6.0718990716786605,0,,
659,661,0.04818181818181819,6.668011870749315,0.03909090909090909,0.060909090909090906,4.568011870749314,9.068011870749316,True,0.019001384908561667,6.01046593201654,0,,
660,662,0.07254545454545454,15.149908021990287,0.057272727272727274,0.09272727272727273,12.649908021990296,17.74990802199028,False,0.0073931185499046875,5.998857665657884,0,,
662,664,0.3090909090909091,11.36468932807203,0.2636363636363636,0.37272727272727274,10.264689328072034,12.664689328072026,True,0.046372347268183525,6.037836894376163,0,,
663,665,0.06727272727272728,12.021775939743911,0.053636363636363635,0.08363636363636363,9.72177593974392,14.521775939743902,False,0.05030702844129641,6.041771575549276,0,,
664,666,0.19454545454545455,17.94873328896702,0.16272727272727272,0.23636363636363636,16.448733288967023,19.048733288967014,True,0.036041986902136655,6.027506534010116,0,,
665,667,0.2,17.445489363703242,0.17272727272727273,0.2272727272727273,16.645489363703245,18.14548936370324,True,0.014854250448765918,6.006318797556745,0,,
666,668,0.07727272727272727,16.495628240797874,0.057272727272727274,0.10454545454545455,13.095628240797886,19.695628240797863,True,0.008726493559722753,6.000191040667702,0,,
667,669,0.08636363636363636,12.814939201865812,0.05818181818181818,0.12272727272727273,8.414939201865828,16.714939201865796,True,3.571273624114897e-05,5.99150025984422,0,,
668,670,0.049090909090909095,10.67294795848705,0.034545454545454546,0.07090909090909091,7.072947958487063,14.472947958487037,True,0.019911406150554582,6.011375953258534,0,,
669,671,0.08545454545454545,10.6873355203478,0.06545454545454546,0.11181818181818182,7.587335520347811,13.48733552034779,False,0.004567423223476804,5.9960319703314555,0,,
670,672,0.16636363636363638,8.988676731239593,0.14636363636363636,0.19181818181818183,7.088676731239591,9.988676731239593,False,0.10767785159598535,6.099142398703965,0,,
671,673,0.14272727272727273,8.536879352835799,0.12090909090909091,0.16090909090909092,6.536879352835797,10.2368793528358,False,0.045091434691039975,6.036555981799019,0,,
672,674,0.013181818181818182,20.484887918236694,0.01,0.02090909090909091,17.584887918236706,25.18488791823668,True,0.01748737519646579,6.008951922304445,0,,
673,675,0.1572727272727273,16.971990126760282,0.13,0.18636363636363637,14.671990126760289,18.571990126760276,True,0.041728272380352927,6.033192819488332,0,,
674,676,0.012272727272727272,15.619302889397602,0.010454545454545454,0.014545454545454545,14.119302889397607,17.319302889397598,False,0.03153195926526058,6.022996506373239,0,,
675,677,0.04272727272727273,6.438683998963202,0.03363636363636364,0.05272727272727273,4.3386839989632,8.638683998963202,True,0.018949185809361304,6.01041373291734,0,,
676,678,0.08818181818181818,17.52133705278755,0.06909090909090909,0.1090909090909091,14.721337052787561,19.621337052787545,False,0.03209402460387597,6.023558571711855,0,,
678,680,0.2727272727272727,10.099423562100824,0.2272727272727273,0.33636363636363636,8.999423562100828,11.49942356210082,True,0.026851534073245177,6.018316081181224,0,,
679,681,0.39090909090909093,10.403431863333559,0.2818181818181818,0.6363636363636364,8.003431863333567,14.103431863333546,True,0.01628017357873652,6.007744720686715,0,,
680,682,0.2727272727272727,9.023212111143364,0.2272727272727273,0.3181818181818182,7.623212111143369,10.12321211114336,True,0.15029899536946262,6.141763542477442,0,,
681,683,0.16818181818181818,33.69901921310444,0.15363636363636363,0.2,32.29901921310442,34.79901921310446,False,0.06673017301046454,6.058194720118443,0,,
682,684,0.13727272727272727,3.9000000000000004,0.12090909090909091,0.15363636363636363,2.4000000000000004,5.300000000000001,False,0.017728680407195684,6.0091932275151745,0,,
683,685,0.01818181818181818,7.174227979163478,0.015,0.02181818181818182,5.374227979163477,8.87422797916348,True,0.07250019549625215,6.063964742604231,0,,
684,686,0.4363636363636364,4.839480202662379,0.3181818181818182,0.6818181818181818,2.339480202662379,8.039480202662379,True,0.001339789457865618,5.992804336565845,0,,
686,688,0.04272727272727273,6.793312996984885,0.034545454545454546,0.049090909090909095,4.893312996984883,8.293312996984886,False,0.1232714674564743,6.114736014564453,0,,
687,689,0.1090909090909091,7.130458973811802,0.09,0.12454545454545454,5.2304589738118,8.630458973811804,False,0.08792054991400146,6.079385097021981,0,,
688,690,0.05272727272727273,10.423192447001131,0.04272727272727273,0.06727272727272728,8.22319244700114,12.923192447001123,True,0.01028012960966723,6.001744676717646,0,,
689,691,0.02727272727272727,8.45638727895209,0.014545454545454545,0.04818181818181819,3.2563872789520847,13.256387278952094,True,0.0038827092042775734,5.9953472563122565,0,,
690,692,0.06545454545454546,12.53657352332678,0.05181818181818182,0.08272727272727273,10.236573523326788,15.13657352332677,False,0.014560657348886565,6.006025204456866,0,,
691,693,0.014545454545454545,16.550196789754743,0.011818181818181818,0.019090909090909092,14.150196789754752,19.150196789754734,True,0.009138639538405416,6.0006031866463845,0,,
692,694,0.019545454545454546,6.560795138065013,0.01681818181818182,0.023636363636363636,5.060795138065012,8.260795138065014,True,0.06647694036677333,6.057941487474753,0,,
693,695,0.035454545454545454,4.9,0.02909090909090909,0.04272727272727273,3.2,6.7,True,0.04986823750236864,6.041332784610348,0,,
694,696,0.03909090909090909,12.667233229607998,0.02909090909090909,0.05,10.167233229608007,15.267233229607989,True,0.04258975183989675,6.034054298947876,0,,
695,697,0.19454545454545455,9.61324262666187,0.17272727272727273,0.2272727272727273,8.713242626661874,10.613242626661867,False,0.030619754835352023,6.022084301943331,0,,
696,698,0.2818181818181818,16.433476070104568,0.2181818181818182,0.36363636363636365,14.733476070104574,18.33347607010456,True,0.025039558993875832,6.016504106101855,0,,
697,699,0.1190909090909091,19.81856213597002,0.09181818181818181,0.14636363636363636,17.01856213597003,22.31856213597001,False,0.022872087573874714,6.014336634681854,0,,
698,700,0.07,6.625652382226954,0.05,0.09636363636363636,3.2256523822269507,10.025652382226957,True,0.007858153633092925,5.999322700741072,0,,
699,701,0.09545454545454546,12.538168715385794,0.057272727272727274,0.14636363636363636,7.438168715385812,17.43816871538578,True,0.0022616519097301163,5.9937261990177095,0,,
700,702,0.35454545454545455,8.297458451886365,0.2545454545454545,0.5181818181818182,5.897458451886363,11.197458451886368,True,0.015245965430125092,6.006710512538104,0,,
701,703,0.2727272727272727,6.476770027266426,0.23636363636363636,0.32727272727272727,5.476770027266425,7.776770027266426,True,0.03153556980078483,6.023000116908764,0,,
702,704,0.1890909090909091,6.36072368769234,0.16454545454545455,0.2181818181818182,5.160723687692339,7.16072368769234,False,0.06537410338039258,6.056838650488372,0,,
703,705,0.4909090909090909,4.0,0.2818181818181818,1.0454545454545454,0.0,9.1,True,0.003957643978061564,5.995422191086041,0,,
705,707,0.028181818181818183,11.599355051611878,0.02181818181818182,0.03636363636363636,8.999355051611888,13.89935505161187,True,0.13176812203534866,6.123232669143328,0,,
706,708,0.019545454545454546,12.540552915837726,0.015,0.028181818181818183,10.340552915837733,15.740552915837714,True,0.051767896988799474,6.043232444096779,0,,
707,709,0.2272727272727273,4.800000000000001,0.18363636363636365,0.2818181818181818,3.5,6.300000000000001,True,0.04692797433226312,6.038392521440242,0,,
709,711,0.15,6.1186541793557465,0.13545454545454547,0.16454545454545455,4.918654179355746,7.418654179355746,False,0.0880401302501781,6.079504677358157,0,,
710,712,0.3,7.55337210823241,0.2727272727272727,0.35454545454545455,6.65337210823241,8.65337210823241,True,0.35359743521179265,6.345061982319772,0,,
711,713,0.19454545454545455,10.11822576124104,0.17272727272727273,0.2181818181818182,9.518225761241043,10.718225761241039,False,0.1835661596348691,6.175030706742848,0,,
712,714,0.24545454545454545,8.120643080148083,0.1809090909090909,0.3090909090909091,6.320643080148081,9.820643080148084,True,0.0833185469310632,6.074783094039042,0,,
713,715,0.15363636363636363,8.049204727040385,0.13181818181818183,0.1781818181818182,6.149204727040384,9.849204727040387,False,0.10413087254181966,6.095595419649799,0,,
714,716,0.19454545454545455,12.07156859734782,0.16272727272727272,0.23636363636363636,10.671568597347825,13.171568597347816,True,0.007703225966024043,5.999167773074003,0,,
715,717,0.2272727272727273,11.338519357288597,0.19454545454545455,0.2636363636363636,10.5385193572886,12.338519357288593,True,0.15240366719248163,6.14386821430046,0,,
716,718,0.37272727272727274,4.9594104478942675,0.2727272727272727,0.5818181818181818,2.759410447894268,8.159410447894267,True,0.06921352239271618,6.060678069500695,0,,
717,719,0.019545454545454546,13.950277811898601,0.015454545454545453,0.024545454545454544,11.75027781189861,16.050277811898596,True,0.06849289553738475,6.059957442645364,0,,
718,720,0.1590909090909091,15.193936459433825,0.13363636363636364,0.19454545454545455,12.993936459433833,16.893936459433817,True,0.020809740694753713,6.012274287802732,0,,
719,721,0.23636363636363636,9.355704609118456,0.17,0.2909090909090909,7.555704609118463,10.755704609118451,True,0.06938891886152594,6.060853465969505,0,,
720,722,0.7363636363636363,13.944929085123087,0.4727272727272727,1.2545454545454546,10.744929085123099,17.744929085123076,True,0.0022167443599578115,5.9936812914679365,0,,
722,724,0.1190909090909091,8.385390353034419,0.09545454545454546,0.1390909090909091,5.985390353034417,10.185390353034421,False,0.013523430833580196,6.00498797794156,0,,
723,725,0.5636363636363636,15.848497776050854,0.38181818181818183,1.0272727272727273,12.948497776050864,20.14849777605084,True,0.0004506583883127374,5.991915205496292,0,,
725,727,0.5363636363636364,11.896720023215053,0.37272727272727274,1.0181818181818183,8.996720023215063,16.596720023215035,True,0.016256417521954246,6.007720964629933,0,,
726,728,0.2545454545454545,25.104181976605826,0.16818181818181818,0.37272727272727274,22.904181976605795,27.60418197660586,True,0.027884071780439963,6.019348618888419,0,,
727,729,0.6727272727272727,25.362761307096378,0.4545454545454546,1.0818181818181818,22.562761307096338,28.662761307096424,False,0.031913907113928386,6.023378454221907,0,,
728,730,0.1972727272727273,8.93949381030192,0.16818181818181818,0.23636363636363636,7.83949381030192,9.83949381030192,False,0.02081641267274901,6.012280959780728,0,,
730,732,0.2545454545454545,6.341764613976988,0.2181818181818182,0.2909090909090909,5.341764613976986,7.241764613976988,True,0.28582640266348625,6.277290949771466,0,,
731,733,0.035454545454545454,19.33398833252722,0.028181818181818183,0.04363636363636364,17.333988332527227,21.333988332527213,True,0.023194124807890213,6.0146586719158694,0,,
732,734,0.035454545454545454,11.779133092258611,0.028181818181818183,0.04454545454545455,9.779133092258618,13.979133092258603,True,0.004713570966044106,5.996178118074023,0,,
734,736,0.34545454545454546,24.36565007803158,0.2818181818181818,0.44545454545454544,22.86565007803156,26.36565007803161,False,0.007980171936742286,5.999444719044721,0,,
735,737,0.015909090909090907,5.1000000000000005,0.013181818181818182,0.019090909090909092,3.2,6.800000000000001,True,0.05352528576345269,6.0449898328714315,0,,
738,740,0.019545454545454546,4.6000000000000005,0.013636363636363636,0.02909090909090909,1.1,8.5,True,0.015719733507653284,6.007184280615633,0,,
739,741,0.03636363636363636,4.7,0.02909090909090909,0.04454545454545455,2.8000000000000003,6.7,True,0.00831397874013588,5.999778525848115,0,,
741,743,0.2090909090909091,22.179980391665747,0.1781818181818182,0.2545454545454545,21.379980391665736,23.379980391665764,True,0.15121803806484585,6.142682585172825,0,,
742,744,0.05818181818181818,20.949553207215544,0.04727272727272727,0.072,18.849553207215514,23.249553207215577,False,0.018393586653620272,6.0098581337615995,0,,
743,745,0.09727272727272727,23.929987258215114,0.06727272727272728,0.13545454545454547,20.02998725821506,27.82998725821517,True,0.0431641012668946,6.0346286483748734,0,,
744,746,0.023636363636363636,14.201740970303408,0.017727272727272727,0.03,11.801740970303417,16.701740970303398,True,0.019814099452605136,6.0112786465605845,0,,
746,748,0.36363636363636365,33.9536312124553,0.2727272727272727,0.4909090909090909,32.05363121245527,36.15363121245533,False,0.042933811631531205,6.0343983587395105,0,,
747,749,0.4,15.043976990218175,0.35454545454545455,0.4818181818181818,14.043976990218178,16.64397699021817,False,0.08008660456536923,6.071551151673348,0,,
749,751,0.3,24.427700117934737,0.2545454545454545,0.37272727272727274,23.027700117934717,26.227700117934763,False,0.06860410107263633,6.060068648180615,0,,
750,752,0.1590909090909091,9.605246474539028,0.14272727272727273,0.17272727272727273,8.105246474539033,10.705246474539024,False,0.11436981696891038,6.105834364076889,0,,
753,755,0.011818181818181818,12.048693782588751,0.01,0.01681818181818182,10.148693782588758,15.548693782588739,True,0.028861330250958443,6.020325877358937,0,,
754,756,0.02727272727272727,10.824434314577053,0.02090909090909091,0.038181818181818185,8.224434314577062,13.924434314577042,True,0.03656522922364062,6.0280297763316195,0,,
756,758,0.034545454545454546,9.689590133838674,0.02727272727272727,0.04454545454545455,7.589590133838682,11.989590133838666,True,0.02503295368158657,6.016497500789566,0,,
757,759,0.4,14.448836806406081,0.36363636363636365,0.4727272727272727,13.548836806406085,15.648836806406077,False,0.08010435987178963,6.071568906979769,0,,
758,760,0.04090909090909091,9.919826827686633,0.030909090909090907,0.05454545454545455,7.619826827686641,12.919826827686622,True,0.024543157481161367,6.01600770458914,0,,
760,762,0.4727272727272727,7.801935262277817,0.37272727272727274,0.7181818181818181,5.901935262277815,10.80193526227782,True,0.06030002176908024,6.05176456887706,0,,
761,763,0.03636363636363636,5.818225184647156,0.02727272727272727,0.04818181818181819,3.2182251846471543,8.71822518464716,True,0.00567884134714721,5.997143388455126,0,,
762,764,0.14454545454545453,12.545559970059575,0.13,0.1590909090909091,11.24555997005958,13.84555997005957,False,0.08693001146567246,6.078394558573652,0,,
763,765,0.14272727272727273,7.353907289443228,0.11727272727272728,0.16454545454545455,5.0539072894432255,9.35390728944323,False,0.03660624989419033,6.02807079700217,0,,
764,766,0.13181818181818183,35.40403412437527,0.10545454545454545,0.1572727272727273,32.60403412437523,37.6040341243753,True,0.001808872974320423,5.9932734200823,0,,
765,767,0.8363636363636364,29.154687432431523,0.6727272727272727,1.0545454545454547,27.5546874324315,30.854687432431547,False,0.030912980851924968,6.022377527959904,0,,
767,769,0.23636363636363636,9.737783535156465,0.2090909090909091,0.2636363636363636,9.037783535156468,10.537783535156462,False,0.045082187363417556,6.036546734471397,0,,
768,770,0.07018181818181819,11.36678255452661,0.05545454545454545,0.08454545454545455,8.966782554526619,13.466782554526603,False,0.055073837136111525,6.046538384244091,0,,
770,772,0.2909090909090909,3.5,0.2545454545454545,0.35454545454545455,2.5,5.0,True,0.09659122125695206,6.0880557683649315,0,,
771,773,0.026363636363636363,9.460780853267632,0.024545454545454544,0.03,8.660780853267635,10.960780853267627,False,0.16632981397502297,6.157794361083002,0,,
773,775,0.14454545454545453,7.97220118235118,0.12818181818181817,0.16272727272727272,6.5722011823511775,9.572201182351181,False,0.025630499176241037,6.01709504628422,0,,
774,776,0.1,16.405910371861196,0.07909090909090909,0.11727272727272728,14.205910371861204,18.40591037186119,False,0.027555470812005902,6.019020017919985,0,,
775,777,0.2181818181818182,25.361298295593823,0.16818181818181818,0.2727272727272727,23.8612982955938,26.761298295593843,False,0.07692765403402288,6.068392201142002,0,,
776,778,0.7,31.38560728551922,0.5272727272727272,1.0272727272727273,29.28560728551919,33.98560728551926,False,0.03304932399990983,6.024513871107889,0,,
777,779,0.2181818181818182,33.544578024223306,0.1809090909090909,0.24545454545454545,32.64457802422329,34.34457802422332,False,0.08664329030702408,6.078107837415003,0,,
778,780,0.06181818181818182,15.365652125206214,0.04727272727272727,0.08272727272727273,12.665652125206224,18.565652125206203,True,0.01201185609264605,6.003476403200625,0,,
779,781,0.2545454545454545,8.158430030189576,0.2090909090909091,0.3181818181818182,6.758430030189575,9.858430030189577,True,0.15146117934523992,6.142925726453219,0,,
780,782,0.04454545454545455,11.340019664025887,0.03363636363636364,0.06,8.740019664025896,14.440019664025876,True,0.06026646064463598,6.051731007752615,0,,
781,783,0.6272727272727272,10.543825317270354,0.4727272727272727,0.9454545454545454,8.443825317270361,13.343825317270344,True,0.03239047568385939,6.023855022791839,0,,
782,784,0.7363636363636363,14.268293435683697,0.4727272727272727,1.1818181818181819,11.068293435683708,17.668293435683687,True,0.024314416425934036,6.015778963533913,0,,
783,785,0.06909090909090909,6.687997260792079,0.056363636363636366,0.08181818181818182,4.687997260792077,8.58799726079208,False,0.10040045709939555,6.091865004207374,0,,
784,786,0.010454545454545454,9.74800629374078,0.01,0.014545454545454545,9.048006293740782,12.748006293740769,True,0.0033938405795151346,5.994858387687494,0,,
785,787,0.23636363636363636,11.189651798702325,0.19454545454545455,0.2818181818181818,10.189651798702329,12.389651798702321,True,0.3897822765297105,6.38124682363769,0,,
786,788,0.3,7.956391364931363,0.2727272727272727,0.35454545454545455,7.256391364931362,9.056391364931365,True,0.4814945565259689,6.472959103633948,0,,
787,789,0.5363636363636364,2.0,0.39090909090909093,1.1272727272727274,0.0,7.1000000000000005,True,0.000709519284067629,5.992174066392047,0,,
788,790,0.09,7.60699448003043,0.07090909090909091,0.11363636363636363,5.106994480030428,10.006994480030432,False,0.012102372127042994,6.003566919235022,0,,
789,791,0.2545454545454545,12.43963433772601,0.2090909090909091,0.2818181818181818,11.239634337726015,13.339634337726007,True,0.36463925179586143,6.35610379890384,0,,
790,792,0.16454545454545455,8.795323713559014,0.1409090909090909,0.2090909090909091,6.595323713559013,10.595323713559017,True,0.011078703186381815,6.0025432502943605,0,,
791,793,0.2727272727272727,11.042669610664127,0.2272727272727273,0.3181818181818182,9.842669610664132,12.242669610664123,True,0.003740756914281911,5.995205304022261,0,,
792,794,0.18636363636363637,47.758320920684284,0.11363636363636363,0.39090909090909093,42.55832092068421,52.55832092068435,True,0.002275843454681298,5.99374039056266,0,,
793,795,0.2545454545454545,22.634583697704713,0.2090909090909091,0.3090909090909091,21.434583697704696,23.93458369770473,False,0.02699127709067741,6.018455824198656,0,,
795,797,0.16818181818181818,18.954491679575497,0.1481818181818182,0.2,17.1544916795755,20.05449167957549,True,0.08816803650587134,6.079632583613851,0,,
798,800,0.014090909090909091,5.97752444806405,0.01090909090909091,0.01863636363636364,3.3775244480640505,8.677524448064048,True,0.01913406484158241,6.010598611949561,0,,
799,801,0.2272727272727273,9.444999589543867,0.18363636363636365,0.2727272727272727,8.344999589543871,10.544999589543863,True,0.20647041651400827,6.197934963621988,0,,
800,802,0.2181818181818182,5.616215121442761,0.17545454545454547,0.2545454545454545,4.316215121442761,6.716215121442761,False,0.15479943615711325,6.146263983265093,0,,
801,803,0.024545454545454544,22.65334912590491,0.014545454545454545,0.04090909090909091,17.75334912590484,27.753349125904982,True,0.027288740275141832,6.018753287383121,0,,
802,804,0.4,8.406569463509332,0.3181818181818182,0.5545454545454546,6.406569463509329,10.806569463509334,True,0.030059854678840446,6.021524401786819,0,,
803,805,0.06636363636363636,18.738682441223883,0.046363636363636364,0.09181818181818181,15.138682441223896,22.238682441223872,True,0.025945842737332338,6.0174103898453115,0,,
804,806,0.34545454545454546,7.955571649169023,0.2909090909090909,0.4181818181818182,6.655571649169023,9.455571649169025,True,0.12321025084850022,6.1146747979564795,0,,
805,807,0.12818181818181817,13.766164680500468,0.11363636363636363,0.1409090909090909,12.266164680500474,14.866164680500464,False,0.043422811754492356,6.034887358862472,0,,
806,808,0.2727272727272727,9.236497393449802,0.2545454545454545,0.3,8.636497393449805,10.0364973934498,False,0.6418942068587442,6.633358753966723,0,,
807,809,0.09818181818181819,10.722945951410587,0.08272727272727273,0.11363636363636363,9.122945951410593,12.422945951410581,False,0.03576280597795669,6.0272273530859355,0,,
808,810,0.01090909090909091,11.533666947253478,0.01,0.015909090909090907,10.333666947253482,15.133666947253465,True,0.010816919563282961,6.002281466671262,0,,
809,811,0.015454545454545453,10.831895446756937,0.011818181818181818,0.02090909090909091,8.131895446756946,13.431895446756927,True,0.07440857843327126,6.06587312554125,0,,
810,812,0.12272727272727273,11.736734961628969,0.08545454545454545,0.15363636363636363,7.936734961628982,14.436734961628959,True,0.014586507881590872,6.00605105498957,0,,
811,813,0.13727272727272727,11.84285364720873,0.11545454545454546,0.15545454545454546,9.742853647208737,13.442853647208723,False,0.030865733451141263,6.02233028055912,0,,
812,814,0.5,7.505769744142102,0.4090909090909091,0.7090909090909091,6.1057697441421,10.005769744142103,True,0.02220784673050575,6.013672393838485,0,,
813,815,0.07909090909090909,13.633237893822205,0.06727272727272728,0.09636363636363636,11.833237893822211,15.633237893822198,False,0.04861746824578793,6.040082015353767,0,,
815,817,0.09363636363636364,25.682078433342625,0.07363636363636364,0.11727272727272728,23.18207843334259,28.08207843334266,False,0.04692983738877341,6.038394384496752,0,,
816,818,0.4,22.14313307464661,0.33636363636363636,0.5181818181818182,20.74313307464659,23.943133074646635,False,0.07798516373647167,6.0694497108444505,0,,
817,819,0.05818181818181818,16.454905137036494,0.046363636363636364,0.07545454545454545,14.154905137036502,19.254905137036484,True,0.019458912622665792,6.010923459730645,0,,
818,820,0.2818181818181818,11.182966514130745,0.2545454545454545,0.3090909090909091,10.382966514130748,11.882966514130743,True,0.013404773097806489,6.004869320205786,0,,
819,821,0.2909090909090909,4.3,0.24545454545454545,0.34545454545454546,3.0,5.7,True,0.11375449383596839,6.105219040943948,0,,
820,822,1.3,4.704799022849859,0.6636363636363636,1.4,0.50479902284986,6.004799022849859,True,0.0009127160885439819,5.992377263196523,0,,
821,823,0.05181818181818182,21.309521442267208,0.03909090909090909,0.0710909090909091,18.309521442267165,24.409521442267252,True,0.0010887835520333466,5.992553330660012,0,,
823,825,0.03,9.1356805030271,0.026363636363636363,0.038181818181818185,7.835680503027104,11.135680503027093,True,0.13741136356789838,6.128875910675878,0,,
824,826,0.4909090909090909,8.91307964542387,0.39090909090909093,0.6545454545454545,7.113079645423877,10.813079645423864,True,0.030306482608125275,6.0217710297161045,0,,
825,827,0.045454545454545456,5.74934279782374,0.03363636363636364,0.06272727272727273,3.0493427978237406,8.84934279782374,True,0.017548738178624044,6.009013285286603,0,,
826,828,0.031818181818181815,7.2726335298827465,0.02727272727272727,0.04090909090909091,5.772633529882745,9.472633529882748,True,0.20427251751643496,6.195737064624414,0,,
828,830,0.10636363636363637,21.04899327452001,0.08363636363636363,0.12636363636363637,18.648993274519977,23.248993274520043,False,0.01816647462006788,6.009631021728047,0,,
829,831,0.07072727272727274,14.931821542863387,0.06,0.08454545454545455,13.131821542863394,16.83182154286338,False,0.009297916627581494,6.00076246373556,0,,
830,832,0.12272727272727273,16.696145269451037,0.10636363636363637,0.13545454545454547,14.796145269451044,17.996145269451034,False,0.05483653456946206,6.046301081677441,0,,
831,833,0.10545454545454545,6.167004950174248,0.08545454545454545,0.12454545454545454,4.067004950174246,8.167004950174249,False,0.10759343875968339,6.099057985867662,0,,
832,834,0.015909090909090907,14.637162062065823,0.013636363636363636,0.01863636363636364,12.937162062065829,16.13716206206582,True,0.04861295431082769,6.040077501418807,0,,
833,835,0.06727272727272728,24.651141483366256,0.049090909090909095,0.09181818181818181,21.45114148336621,28.251141483366307,True,0.0229764177344699,6.014440964842449,0,,
834,836,0.02727272727272727,10.066281469349642,0.022727272727272728,0.03363636363636364,8.366281469349648,11.966281469349635,True,0.1937920732901396,6.1852566203981185,0,,
835,837,0.04363636363636364,7.123907934159016,0.03363636363636364,0.05818181818181818,4.623907934159014,10.12390793415902,True,0.01053657072569118,6.00200111783367,0,,
836,838,0.16818181818181818,26.404843158953977,0.14454545454545453,0.2181818181818182,24.104843158953944,28.004843158954,True,0.01414513387433889,6.005609680982318,0,,
837,839,0.2818181818181818,4.1000000000000005,0.2272727272727273,0.33636363636363636,2.8000000000000003,5.2,True,0.3058595448269393,6.297324091934918,0,,
838,840,0.13,13.86102279432619,0.09454545454545454,0.16272727272727272,10.261022794326204,16.861022794326182,True,0.023323299226234967,6.014787846334214,0,,
839,841,0.2272727272727273,9.199544743159631,0.1809090909090909,0.2727272727272727,7.899544743159636,10.599544743159626,True,0.08047686618592684,6.071941413293906,0,,
840,842,0.034545454545454546,14.666178323899336,0.023636363636363636,0.05272727272727273,10.96617832389935,19.066178323899322,True,0.001005599006580658,5.9924701461145595,0,,
841,843,0.02,12.792676191641467,0.016363636363636365,0.023636363636363636,10.892676191641474,14.292676191641462,True,0.2736038195309438,6.265068366638923,0,,
842,844,0.2545454545454545,14.35805403495389,0.2090909090909091,0.3,13.058054034953894,15.558054034953885,True,0.14276310621518018,6.134227653323159,0,,
843,845,0.4090909090909091,5.399709736204011,0.32727272727272727,0.5272727272727272,3.6997097362040114,7.299709736204011,True,0.1065387772882002,6.0980033243961795,0,,
844,846,0.012727272727272728,21.933242435260098,0.01,0.02181818181818182,19.23324243526006,26.533242435260163,True,0.03235256444438619,6.023817111552365,0,,
845,847,0.24545454545454545,10.422232845947399,0.2181818181818182,0.2727272727272727,9.722232845947401,11.122232845947396,False,0.09410248515320552,6.085567032261185,0,,
846,848,0.5818181818181818,14.419991502046589,0.4272727272727273,0.8545454545454546,12.019991502046597,17.11999150204658,True,0.0180203079649073,6.009484855072887,0,,
847,849,0.07336363636363635,14.271007175007451,0.060909090909090906,0.08727272727272727,12.171007175007459,16.171007175007446,False,0.012559084898346434,6.004023632006326,0,,
848,850,0.1481818181818182,7.579620481555314,0.12818181818181817,0.16636363636363638,5.879620481555312,9.279620481555316,False,0.06246134700356434,6.0539258941115435,0,,
849,851,0.05181818181818182,13.394977080633518,0.03909090909090909,0.07254545454545454,10.394977080633529,16.794977080633508,True,0.03876883045341799,6.030233377561397,0,,
850,852,0.024545454545454544,15.59191812379693,0.01818181818181818,0.03363636363636364,12.59191812379694,18.59191812379692,True,0.07240199840147205,6.063866545509451,0,,
851,853,0.08454545454545455,17.945454443968472,0.06818181818181819,0.10818181818181818,15.645454443968479,20.345454443968464,False,0.09040180667198991,6.081866353779969,0,,
852,854,0.07636363636363636,17.404887296270395,0.05545454545454545,0.10363636363636364,14.00488729627041,20.404887296270388,True,8.022025086384081e-06,5.991472569133065,0,,
853,855,0.08818181818181818,6.350145081115181,0.0710909090909091,0.11,3.9501450811151786,8.550145081115183,False,0.0048523470184431965,5.996316894126422,0,,
854,856,0.2818181818181818,8.49619285824347,0.2545454545454545,0.34545454545454546,7.696192858243473,9.996192858243464,True,0.4611251761266931,6.452589723234672,0,,
855,857,0.13,11.930710160002059,0.11,0.1481818181818182,9.830710160002067,13.530710160002053,False,0.08592497765246286,6.0773895247604415,0,,
856,858,0.17545454545454547,11.660136375528333,0.15545454545454546,0.2090909090909091,10.160136375528339,12.66013637552833,True,0.01603145250956342,6.007495999617542,0,,
857,859,0.15545454545454546,8.357114063310146,0.13727272727272727,0.17,6.7571140633101425,9.657114063310146,False,0.06446591326104081,6.05593046036902,0,,
858,860,0.02181818181818182,8.579139409969343,0.017727272727272727,0.02727272727272727,6.579139409969342,10.779139409969346,True,0.04758180787886776,6.039046354986847,0,,
859,861,0.011818181818181818,13.49134038362214,0.01,0.014545454545454545,11.791340383622146,15.791340383622131,True,0.05427404660741695,6.045738593715396,0,,
860,862,0.06727272727272728,11.72868196521554,0.05272727272727273,0.08454545454545455,9.228681965215548,14.12868196521553,False,0.027920946775548048,6.019385493883527,0,,
861,863,0.05545454545454545,11.484160639200747,0.03,0.09272727272727273,6.384160639200765,16.38416063920073,True,0.005689975425621945,5.997154522533601,0,,
862,864,0.025454545454545455,16.766272564161298,0.01818181818181818,0.035454545454545454,13.466272564161311,19.966272564161287,True,0.03189689248923724,6.023361439597216,0,,
863,865,0.14454545454545453,10.496326728021081,0.11181818181818182,0.18363636363636365,7.196326728021093,13.396326728021071,True,0.004249658088691575,5.995714205196671,0,,
864,866,0.011363636363636364,10.79154400428719,0.01,0.013636363636363636,9.591544004287194,12.491544004287183,True,0.041625009434096694,6.033089556542076,0,,
865,867,0.03363636363636364,16.882581369709328,0.026363636363636363,0.04454545454545455,14.482581369709338,19.482581369709322,True,0.05530950100351087,6.04677404811149,0,,
866,868,0.031818181818181815,4.7,0.026363636363636363,0.04,3.0,6.6000000000000005,True,0.16575683616716044,6.1572213832751395,0,,
867,869,0.02090909090909091,18.351495204774054,0.015,0.028181818181818183,15.351495204774064,21.351495204774043,True,0.04314924634409768,6.034613793452077,0,,
868,870,0.37272727272727274,3.8000000000000003,0.2727272727272727,0.5545454545454546,1.6,6.7,True,0.08937482389494616,6.080839371002925,0,,
869,871,0.06636363636363636,9.577546195152076,0.05272727272727273,0.08363636363636363,7.077546195152085,12.177546195152066,False,0.01781472923837509,6.009279276346354,0,,
870,872,0.23636363636363636,2.7,0.19181818181818183,0.2818181818181818,1.5,4.0,True,0.04341173636135925,6.034876283469338,0,,
871,873,0.025454545454545455,8.216047999531332,0.016363636363636365,0.04272727272727273,4.316047999531328,13.016047999531336,True,0.01819503099103321,6.009659578099012,0,,
872,874,0.3090909090909091,4.1000000000000005,0.24545454545454545,0.38181818181818183,2.5,5.800000000000001,True,0.041785432580098536,6.033249979688078,0,,
873,875,0.35454545454545455,6.986308790349944,0.3,0.44545454545454544,5.786308790349943,8.586308790349946,True,0.07851587780247198,6.069980424910451,0,,
874,876,0.02,11.062862367194029,0.015454545454545453,0.02727272727272727,8.662862367194037,14.062862367194018,True,0.012146919395229895,6.003611466503209,0,,
876,878,0.09545454545454546,6.975425967593166,0.07590909090909091,0.11545454545454546,4.6754259675931635,8.975425967593168,False,0.008776574831955318,6.0002411219399345,0,,
877,879,0.14272727272727273,9.713095328936838,0.12090909090909091,0.16454545454545455,7.613095328936845,11.81309532893683,False,0.01616478839115336,6.007629335499132,0,,
878,880,0.016363636363636365,9.85204571295307,0.014545454545454545,0.019090909090909092,8.752045712953073,11.252045712953064,True,0.06297912935936822,6.054443676467347,0,,
880,882,0.10454545454545455,10.732734575031996,0.08727272727272727,0.1190909090909091,9.032734575032002,12.33273457503199,False,0.016544187942066902,6.008008735050046,0,,
881,883,0.16272727272727272,7.285833268046523,0.1390909090909091,0.19454545454545455,5.185833268046521,8.685833268046524,False,0.05217123458690939,6.0436357816948885,0,,
882,884,0.02909090909090909,15.841611929486252,0.022727272727272728,0.04,13.44161192948626,18.541611929486244,True,0.011193924888045706,6.002658471996025,0,,
883,885,0.08181818181818182,17.27246253266396,0.06454545454545454,0.10727272727272727,14.47246253266397,20.07246253266395,False,0.024558972092240665,6.016023519200219,0,,
884,886,0.17272727272727273,12.891838021541433,0.15363636363636363,0.2090909090909091,11.29183802154144,13.99183802154143,True,0.0967563612694674,6.088220908377447,0,,
885,887,0.13181818181818183,8.225630628277845,0.11363636363636363,0.15181818181818182,6.3256306282778425,10.125630628277845,False,0.023834408045179722,6.015298955153159,0,,
886,888,0.030909090909090907,12.231101067018624,0.025454545454545455,0.038181818181818185,10.131101067018632,13.931101067018618,True,0.09798083043901344,6.089445377546992,0,,
887,889,0.015909090909090907,10.870199915766317,0.013636363636363636,0.02,9.270199915766323,12.97019991576631,True,0.08967638120939236,6.081140928317371,0,,
888,890,0.32727272727272727,2.6,0.23636363636363636,0.4909090909090909,0.2,5.800000000000001,True,0.006167739698332117,5.997632286806311,0,,
889,891,0.38181818181818183,3.4000000000000004,0.2545454545454545,0.6545454545454545,0.4,7.4,True,0.047722077649066164,6.039186624757045,0,,
890,892,0.07772727272727273,12.737952119924797,0.06545454545454546,0.09727272727272727,10.737952119924804,14.83795211992479,False,0.052225702501952076,6.043690249609931,0,,
891,893,0.02,11.27780389922519,0.015454545454545453,0.02727272727272727,8.977803899225199,14.17780389922518,True,0.04489162372479693,6.036356170832776,0,,
892,894,0.013636363636363636,12.743098195099835,0.011363636363636364,0.01681818181818182,10.943098195099841,14.643098195099828,True,0.08731999967478003,6.078784546782759,0,,
893,895,0.02181818181818182,9.083463513480156,0.017727272727272727,0.025454545454545455,7.283463513480163,10.483463513480151,True,0.28132335299267447,6.272787900100654,0,,
894,896,0.04363636363636364,12.156206147715263,0.03272727272727273,0.056363636363636366,9.456206147715273,14.756206147715254,True,0.02071321921318846,6.012177766321168,0,,
895,897,0.05454545454545455,15.561932466308457,0.04454545454545455,0.06545454545454546,13.461932466308465,17.46193246630845,False,0.03639554580069981,6.0278600929086785,0,,
896,898,0.034545454545454546,6.177464543882029,0.02909090909090909,0.04272727272727273,4.677464543882027,8.177464543882031,False,0.12211861668581159,6.11358316379379,0,,
897,899,0.35454545454545455,5.655943620949373,0.3090909090909091,0.4181818181818182,4.755943620949373,6.955943620949375,True,0.13227778854405126,6.123742335652031,0,,
898,900,0.022727272727272728,6.544598895745869,0.01863636363636364,0.028181818181818183,4.644598895745868,8.644598895745872,True,0.08701843674827499,6.078482983856254,0,,
899,901,0.34545454545454546,6.65179417866159,0.2727272727272727,0.44545454545454544,5.051794178661589,8.451794178661592,True,0.004866060951667297,5.996330608059647,0,,
900,902,0.16818181818181818,7.823386879862387,0.15,0.2,6.023386879862385,8.923386879862388,False,0.0692773599851241,6.060741907093103,0,,
901,903,0.016363636363636365,10.953910729575082,0.013636363636363636,0.02090909090909091,9.153910729575088,13.253910729575074,True,0.033848561518344214,6.025313108626324,0,,
902,904,0.019090909090909092,11.056549489300789,0.015454545454545453,0.023636363636363636,9.156549489300795,12.956549489300782,True,0.001883159705877225,5.993347706813856,0,,
903,905,0.022727272727272728,11.164453147278312,0.01818181818181818,0.02909090909090909,8.96445314727832,13.764453147278303,True,0.02597629082874265,6.0174408379367215,0,,
904,906,0.013636363636363636,9.488138796356392,0.011818181818181818,0.017272727272727273,7.988138796356397,11.688138796356384,True,0.09317196168677028,6.084636508794749,0,,
905,907,0.10727272727272727,8.804370548718012,0.08454545454545455,0.12818181818181817,6.50437054871802,11.104370548718004,False,0.03236390014841042,6.023828447256389,0,,
906,908,0.019090909090909092,16.70587657804338,0.014545454545454545,0.024545454545454544,14.10587657804339,19.10587657804337,True,0.019658960563532793,6.0111235076715115,0,,
907,909,0.038181818181818185,5.468960479000391,0.031818181818181815,0.046363636363636364,3.968960479000392,7.668960479000391,False,0.13196724842590477,6.123431795533884,0,,
908,910,0.18636363636363637,12.919400941855761,0.16818181818181818,0.2090909090909091,12.219400941855763,13.519400941855759,False,0.04998204973108495,6.041446596839064,0,,
909,911,0.014090909090909091,3.9000000000000004,0.011363636363636364,0.017727272727272727,1.8,6.0,True,0.008042246017915191,5.999506793125894,0,,
910,912,0.04454545454545455,5.9320155424735015,0.035454545454545454,0.056363636363636366,3.8320155424735,8.332015542473503,True,0.014933535511439238,6.006398082619418,0,,
911,913,0.4272727272727273,12.526626143381712,0.35454545454545455,0.5909090909090908,11.226626143381717,15.026626143381703,True,0.10086362049247279,6.092328167600452,0,,
912,914,0.022727272727272728,12.153890117792018,0.019090909090909092,0.026363636363636363,10.653890117792024,13.653890117792013,True,0.5107763468805174,6.502240893988496,0,,
913,915,0.06545454545454546,13.650053643598419,0.05181818181818182,0.08272727272727273,11.450053643598427,16.15005364359841,False,0.01978547307596434,6.011250020183943,0,,
914,916,0.1809090909090909,5.534574638987818,0.15545454545454546,0.2090909090909091,3.8345746389878186,6.434574638987818,False,0.06632487885790087,6.05778942596588,0,,
916,918,0.23636363636363636,14.4662831985245,0.2090909090909091,0.2636363636363636,13.766283198524503,15.166283198524498,False,0.03660222913726048,6.02806677624524,0,,
917,919,0.014545454545454545,11.713644236260468,0.011818181818181818,0.019090909090909092,9.213644236260476,14.113644236260459,True,0.14598132785725515,6.137445874965234,0,,
919,921,0.05090909090909091,5.876298660141272,0.04272727272727273,0.06181818181818182,3.8762986601412717,7.6762986601412715,False,0.051883180291217044,6.043347727399196,0,,
920,922,0.16454545454545455,11.962831136170879,0.1409090909090909,0.2,9.762831136170886,13.462831136170873,True,0.02103641433150583,6.012500961439485,0,,
921,923,0.13181818181818183,7.879002936071228,0.09909090909090909,0.16454545454545455,4.379002936071226,10.879002936071231,True,0.025693649502396092,6.017158196610375,0,,
922,924,0.24545454545454545,3.5,0.1781818181818182,0.32727272727272727,1.6,5.4,True,0.03765563270800044,6.02912017981598,0,,
923,925,0.2,9.093594068521826,0.16454545454545455,0.23636363636363636,7.593594068521825,10.193594068521827,True,0.09187165919959486,6.083336206307574,0,,
924,926,0.011363636363636364,14.945588919128328,0.01,0.014545454545454545,13.545588919128333,17.64558891912832,True,0.07513073821051382,6.066595285318493,0,,
925,927,0.17,4.3,0.1572727272727273,0.1972727272727273,3.2,5.1000000000000005,False,0.035336961507906856,6.026801508615886,0,,
926,928,0.019545454545454546,5.881051928236214,0.015909090909090907,0.024545454545454544,4.081051928236215,7.881051928236214,True,0.1731306285223834,6.164595175630362,0,,
927,929,0.011363636363636364,15.672704858778978,0.01,0.014545454545454545,14.272704858778983,18.372704858778967,True,0.06237760502660953,6.053842152134589,0,,
928,930,0.2818181818181818,12.497750730939485,0.2545454545454545,0.3181818181818182,11.797750730939487,13.297750730939482,True,0.04995460864447522,6.041419155752454,0,,
929,931,0.03,9.73083349975402,0.023636363636363636,0.04363636363636364,7.130833499754029,13.130833499754008,True,0.06176166698502206,6.0532262140930015,0,,
930,932,0.023636363636363636,10.01650411319633,0.01818181818181818,0.03272727272727273,7.516504113196339,13.01650411319632,True,0.06395573513742564,6.055420282245405,0,,
931,933,0.03,6.56624874469312,0.022727272727272728,0.04272727272727273,3.4662487446931176,9.666248744693124,True,0.020835041705138103,6.012299588813117,0,,
932,934,0.2727272727272727,8.436398437012313,0.24545454545454545,0.3181818181818182,7.836398437012312,9.536398437012313,True,0.13507911849735887,6.126543665605338,0,,
933,935,0.024545454545454544,7.943949489204909,0.01863636363636364,0.031818181818181815,5.443949489204908,10.643949489204912,True,0.02202356987702938,6.013488116985008,0,,
934,936,0.23636363636363636,5.555460647185584,0.2,0.2727272727272727,4.7554606471855845,6.555460647185584,False,0.08505797675514956,6.076522523863129,0,,
935,937,0.07,10.088629583672175,0.056363636363636366,0.08636363636363636,7.788629583672183,12.488629583672166,False,0.01075876278068918,6.002223309888668,0,,
936,938,0.022727272727272728,12.469655383266987,0.017727272727272727,0.02909090909090909,10.269655383266995,15.069655383266978,True,0.056455067063168,6.047919614171147,0,,
937,939,0.15363636363636363,12.968270561343543,0.13363636363636364,0.1781818181818182,11.268270561343549,14.668270561343537,True,0.05522929138488318,6.046693838492862,0,,
938,940,0.16090909090909092,11.887101597138294,0.1409090909090909,0.18636363636363637,10.0871015971383,13.287101597138289,True,0.1600819271006926,6.151546474208672,0,,
939,941,0.1590909090909091,11.757228294782431,0.1409090909090909,0.1781818181818182,10.057228294782437,13.057228294782426,False,0.04198790127828143,6.03345244838626,0,,
940,942,0.026363636363636363,11.76681425374244,0.02,0.035454545454545454,9.26681425374245,14.366814253742431,True,0.01903125190209483,6.010495799010074,0,,
941,943,0.034545454545454546,5.23584225794904,0.02909090909090909,0.04272727272727273,3.7358422579490393,7.23584225794904,False,0.011601646082570173,6.003066193190549,0,,
942,944,0.14454545454545453,9.522184646509066,0.1190909090909091,0.16818181818181818,7.022184646509075,11.722184646509058,True,0.010914208879639299,6.0023787559876185,0,,
944,946,0.022727272727272728,7.912465165325248,0.016363636363636365,0.030909090909090907,5.012465165325246,10.912465165325251,True,0.02209710719975686,6.013561654307736,0,,
945,947,0.32727272727272727,11.700147471890887,0.2818181818181818,0.39090909090909093,10.60014747189089,13.000147471890882,True,0.010375875373297705,6.001840422481277,0,,
946,948,0.5,5.314594489650035,0.2909090909090909,1.0636363636363637,1.3145944896500357,10.514594489650033,True,0.01247627934824487,6.0039408264562235,0,,
947,949,0.14454545454545453,11.17256137581905,0.11727272727272728,0.17272727272727273,8.67256137581906,13.472561375819042,True,0.01078801244381601,6.0022525595517955,0,,
948,950,0.04272727272727273,8.75681344116754,0.03,0.060909090909090906,5.756813441167536,12.356813441167542,True,0.0020826423545323275,5.993547189462511,0,,
950,952,0.02181818181818182,15.422458466106624,0.01818181818181818,0.02727272727272727,13.62245846610663,17.722458466106616,True,0.10727866742890696,6.098743214536886,0,,
951,953,0.34545454545454546,4.6000000000000005,0.3,0.4,3.6,5.800000000000001,True,0.03204305567918518,6.023507602787165,0,,
952,954,0.16454545454545455,10.37411595437324,0.14454545454545453,0.2,8.474115954373246,11.874115954373234,True,0.023767705029138976,6.015232252137118,0,,
953,955,0.35454545454545455,2.8000000000000003,0.2181818181818182,0.7363636363636363,0.0,7.800000000000001,True,0.002186660090456718,5.993651207198436,0,,
954,956,0.03727272727272728,4.6000000000000005,0.03,0.04454545454545455,2.8000000000000003,6.4,False,0.013182399068453164,6.0046469461764325,0,,
955,957,0.08818181818181818,12.656231479395405,0.07072727272727274,0.11,10.256231479395414,14.856231479395397,False,0.007232469381801168,5.99869701648978,0,,
957,959,0.04090909090909091,11.687880569320635,0.02909090909090909,0.05818181818181818,8.687880569320646,15.287880569320622,True,0.015443287090164112,6.0069078341981434,0,,
958,960,0.02090909090909091,10.932363199393837,0.015909090909090907,0.02727272727272727,8.432363199393846,13.532363199393828,True,0.056464781937261954,6.047929329045241,0,,
960,962,0.08727272727272727,10.425165264073305,0.06,0.12090909090909091,6.4251652640733194,13.925165264073293,True,0.005554595040624891,5.997019142148604,0,,
961,963,0.02727272727272727,14.932472232917654,0.02090909090909091,0.038181818181818185,12.332472232917663,17.932472232917643,True,0.015307196498528679,6.006771743606508,0,,
962,964,0.02727272727272727,8.734463358226295,0.02181818181818182,0.03272727272727273,6.534463358226293,10.534463358226297,True,0.2357447033086857,6.2272092504166645,0,,
963,965,0.07036363636363636,13.14930255622285,0.05545454545454545,0.08727272727272727,10.649302556222858,15.549302556222841,False,0.0174418969457321,6.008906444053711,0,,
964,966,0.04727272727272727,6.397314811058977,0.035454545454545454,0.060909090909090906,3.4973148110589745,8.99731481105898,True,0.05092701763923039,6.042391564747209,0,,
965,967,0.2909090909090909,2.6,0.2727272727272727,0.33636363636363636,2.1,3.6,True,0.42894215657421053,6.42040670368219,0,,
966,968,0.1781818181818182,8.89591019813457,0.16090909090909092,0.2090909090909091,7.595910198134569,9.795910198134571,False,0.07910336355604344,6.070567910664023,0,,
967,969,0.05181818181818182,5.070027176120953,0.045454545454545456,0.06363636363636364,3.7700271761209536,7.070027176120953,False,0.17339694632266908,6.1648614934306485,0,,
968,970,0.060909090909090906,10.212814897571148,0.04090909090909091,0.08909090909090908,6.312814897571162,14.312814897571133,True,0.009028356075527778,6.000492903183507,0,,
969,971,0.030909090909090907,8.017513717428884,0.024545454545454544,0.04272727272727273,5.61751371742888,10.817513717428884,True,0.015560078648398265,6.007024625756378,0,,
970,972,0.057272727272727274,5.311479698372751,0.04454545454545455,0.07590909090909091,2.7114796983727514,8.51147969837275,True,0.012176590412224153,6.003641137520203,0,,
971,973,0.16818181818181818,13.40197691479467,0.1481818181818182,0.2,11.501976914794676,14.501976914794666,True,0.024412955697942055,6.015877502805921,0,,
973,975,0.13727272727272727,12.396219804565069,0.11727272727272728,0.15545454545454546,10.396219804565076,13.996219804565063,False,0.03613601165587835,6.027600558763857,0,,
974,976,0.015909090909090907,12.254953914659175,0.013181818181818182,0.02,10.354953914659182,14.454953914659168,True,0.05830067286678298,6.049765219974762,0,,
975,977,0.36363636363636365,5.066667312220838,0.3,0.44545454545454544,3.5666673122208383,6.666667312220838,True,0.037114888514779704,6.028579435622759,0,,
976,978,0.15545454545454546,11.973251134209894,0.1390909090909091,0.17272727272727273,10.4732511342099,13.37325113420989,False,0.05700218101489641,6.048466728122875,0,,
977,979,0.07472727272727273,6.597731819859103,0.05909090909090909,0.09272727272727273,4.0977318198591,8.897731819859104,False,0.012594334996063626,6.004058882104043,0,,
978,980,0.010454545454545454,10.18802348874032,0.01,0.015,9.488023488740323,13.588023488740308,True,0.04704037915028036,6.038504926258259,0,,
979,981,0.015,12.447048445138483,0.011818181818181818,0.02,10.047048445138492,14.947048445138474,True,0.04818911927592479,6.039653666383904,0,,
980,982,0.07127272727272727,10.727200003532406,0.04454545454545455,0.11363636363636363,5.827200003532424,15.627200003532389,True,0.002010659376807031,5.993475206484786,0,,
981,983,0.056363636363636366,14.860699580300711,0.04454545454545455,0.07281818181818181,12.36069958030072,17.6606995803007,True,0.020176579476731363,6.011641126584711,0,,
982,984,0.04454545454545455,7.8313769001761955,0.03,0.06363636363636364,4.4313769001761925,11.331376900176199,True,0.024180156604892762,6.015644703712872,0,,
983,985,0.012272727272727272,14.464327506159387,0.01,0.016363636363636365,12.364327506159395,17.46432750615938,True,0.015196947406630492,6.00666149451461,0,,
984,986,0.2090909090909091,3.0,0.16454545454545455,0.2545454545454545,1.4000000000000001,4.2,False,0.03864298392825631,6.0301075310362355,0,,
985,987,0.014090909090909091,8.693604829085878,0.010454545454545454,0.019090909090909092,5.893604829085875,11.69360482908588,True,0.01641410609085849,6.007878653198838,0,,
986,988,0.12272727272727273,6.536812576700847,0.09363636363636364,0.15,3.5368125767008443,8.936812576700849,False,0.020479532957068315,6.011944080065048,0,,
987,989,0.38181818181818183,5.381465639009998,0.3181818181818182,0.4545454545454546,4.081465639009998,6.681465639009998,True,0.07980145475216621,6.071266001860145,0,,
988,990,0.23636363636363636,8.785023984537101,0.1781818181818182,0.2909090909090909,7.2850239845371,10.285023984537101,True,0.02638802437440731,6.017852571482386,0,,
989,991,0.09818181818181819,8.861172816713326,0.07909090909090909,0.11545454545454546,6.861172816713324,10.661172816713329,False,0.008051441215437391,5.999515988323417,0,,
990,992,0.13,9.826197727996783,0.10454545454545455,0.15545454545454546,7.326197727996792,12.026197727996776,False,0.009693697533891543,6.0011582446418705,0,,
992,994,0.2090909090909091,12.909617509306214,0.17545454545454547,0.24545454545454545,12.009617509306217,13.709617509306211,True,0.11213540823707346,6.103599955345053,0,,
993,995,0.02,10.751414325493672,0.016363636363636365,0.026363636363636363,8.951414325493678,13.251414325493663,True,0.11714968605789237,6.108614233165872,0,,
994,996,0.16090909090909092,10.794473968170621,0.1481818181818182,0.1809090909090909,9.594473968170625,11.894473968170617,False,0.06210148213918242,6.053566029247161,0,,
995,997,0.01681818181818182,12.52914421235307,0.012272727272727272,0.024545454545454544,9.529144212353081,16.02914421235306,True,0.01606591277109064,6.00753045987907,0,,
996,998,0.2090909090909091,5.956377906527447,0.17,0.2545454545454545,4.856377906527445,7.156377906527448,True,0.053162060023789134,6.044626607131768,0,,
998,1000,0.030909090909090907,10.869678774078743,0.024545454545454544,0.04090909090909091,8.469678774078751,13.269678774078734,True,0.008028240621404564,5.999492787729384,0,,
999,1001,0.03363636363636364,6.728052640073899,0.02727272727272727,0.04363636363636364,4.628052640073897,9.1280526400739,True,0.033204326651632796,6.0246688737596115,0,,
1000,1002,0.2181818181818182,6.730096579487331,0.17272727272727273,0.2727272727272727,5.43009657948733,8.030096579487331,True,0.023906094245662327,6.015370641353641,0,,
1001,1003,0.18363636363636365,5.446209628302259,0.1481818181818182,0.23636363636363636,2.846209628302258,6.946209628302259,True,0.02352454661102446,6.014989093719003,0,,
1002,1004,0.5545454545454546,3.5,0.3181818181818182,1.2727272727272727,0.0,8.700000000000001,True,0.0013862881584344577,5.992850835266413,0,,
1003,1005,0.057272727272727274,10.33566114067027,0.045454545454545456,0.07363636363636364,7.935661140670279,13.03566114067026,True,0.014400064831052627,6.005864611939032,0,,
1004,1006,0.034545454545454546,11.700984419233667,0.026363636363636363,0.04727272727272727,9.200984419233675,14.700984419233656,True,0.0004194166404560157,5.991883963748435,0,,
1005,1007,0.06454545454545454,6.648961800563779,0.04272727272727273,0.09909090909090909,2.2489618005637753,11.048961800563783,True,0.009733575094398437,6.001198122202378,0,,
1006,1008,0.12454545454545454,11.175750383415483,0.09545454545454546,0.15545454545454546,8.175750383415494,13.875750383415474,True,0.06232475815135403,6.0537893052593335,0,,
1007,1009,0.07,6.901738059683891,0.05090909090909091,0.09454545454545454,3.801738059683888,9.801738059683894,True,0.022986829030745184,6.014451376138724,0,,
1008,1010,0.03636363636363636,10.352584197953476,0.026363636363636363,0.05272727272727273,7.552584197953486,14.052584197953463,True,0.08041095430790846,6.071875501415888,0,,
1009,1011,0.012727272727272728,10.5913687526148,0.01,0.016363636363636365,8.391368752614808,13.091368752614791,True,0.06284525232987025,6.054309799437849,0,,
1010,1012,0.057272727272727274,5.407370104304424,0.04,0.08454545454545455,1.8073701043044248,9.607370104304422,True,0.009485552574481847,6.000950099682461,0,,
1011,1013,0.01681818181818182,9.510256676322886,0.013636363636363636,0.022727272727272728,7.510256676322893,12.110256676322877,True,0.07638358154474699,6.067848128652726,0,,
1012,1014,0.06363636363636364,6.472541170947146,0.04272727272727273,0.09727272727272727,2.2725411709471426,10.87254117094715,True,0.0058132601291724555,5.997277807237151,0,,
1013,1015,0.44545454545454544,4.3,0.3,0.7727272727272727,1.4000000000000001,8.3,True,0.004417237205336253,5.995881784313315,0,,
1014,1016,0.4727272727272727,1.4000000000000001,0.36363636363636365,1.0363636363636364,0.0,6.4,True,0.0010757563177165906,5.992540303425695,0,,
1015,1017,0.13363636363636364,6.555282127257082,0.10818181818181818,0.15545454545454546,3.95528212725708,8.455282127257085,False,0.05609981946282528,6.047564366570804,0,,
1016,1018,0.023636363636363636,12.695102937723671,0.015,0.03909090909090909,8.695102937723686,17.395102937723657,True,0.016143037936511197,6.00760758504449,0,,
1018,1020,0.04090909090909091,3.3000000000000003,0.02909090909090909,0.06,0.4,7.300000000000001,True,0.06173929126123178,6.05320383836921,0,,
1020,1022,0.026363636363636363,11.228206752524112,0.01863636363636364,0.03909090909090909,7.928206752524124,14.8282067525241,True,0.01011976146681367,6.001584308574793,0,,
1021,1023,0.17272727272727273,10.845436794432171,0.15181818181818182,0.2090909090909091,9.045436794432177,11.945436794432167,True,0.004585680014603291,5.996050227122582,0,,
1022,1024,0.05,5.3570868722566125,0.038181818181818185,0.06909090909090909,2.457086872256613,8.557086872256612,True,0.02011670856422275,6.011581255672202,0,,
1023,1025,0.07127272727272727,10.672453662392824,0.05545454545454545,0.09,8.072453662392833,13.172453662392815,False,0.0025184189891321795,5.993982966097112,0,,
1024,1026,0.02909090909090909,5.1000000000000005,0.022727272727272728,0.04090909090909091,2.6,7.9,True,0.023571536621388302,6.015036083729368,0,,
1025,1027,0.053636363636363635,6.448557832258635,0.03727272727272728,0.07545454545454545,2.8485578322586322,9.948557832258638,True,0.035190570762005303,6.026655117869985,0,,
1026,1028,0.017727272727272727,10.940880273595797,0.014090909090909091,0.022727272727272728,8.940880273595804,13.04088027359579,True,0.0291883154885589,6.020652862596538,0,,
1027,1029,0.015454545454545453,6.81983929644057,0.012272727272727272,0.022727272727272728,4.519839296440568,10.119839296440572,True,0.07477183311687566,6.066236380224855,0,,
1028,1030,0.1190909090909091,11.42187521107367,0.09909090909090909,0.1390909090909091,9.221875211073678,13.421875211073663,False,0.006364537504026265,5.997829084612006,0,,
1029,1031,0.11181818181818182,3.8000000000000003,0.08272727272727273,0.13545454545454547,0.8,6.2,False,0.04090546963987544,6.032370016747855,0,,
1030,1032,0.023636363636363636,14.103950693271115,0.017272727272727273,0.030909090909090907,11.203950693271125,16.903950693271106,True,0.02619180277856337,6.0176563498865425,0,,
1031,1033,0.23636363636363636,3.7,0.17545454545454547,0.3,2.0,5.4,True,0.0015166405591188182,5.992981187667098,0,,
1032,1034,0.13727272727272727,8.179571274268403,0.10181818181818182,0.17,4.779571274268399,11.079571274268405,True,0.0017128168329921649,5.993177363940971,0,,
1033,1035,0.36363636363636365,21.117741546746707,0.2636363636363636,0.5363636363636364,18.817741546746674,24.01774154674675,True,0.005739835137595238,5.997204382245574,0,,
1034,1036,0.02,14.871011140253206,0.014090909090909091,0.02909090909090909,11.671011140253217,18.471011140253193,True,0.028500011426895858,6.019964558534875,0,,
1036,1038,0.3090909090909091,3.8000000000000003,0.23636363636363636,0.39090909090909093,1.7000000000000002,5.800000000000001,True,0.10737247259115851,6.098837019699138,0,,
1037,1039,1.1,15.783800908675625,0.6363636363636364,1.4,11.783800908675639,17.883800908675617,False,0.0025224359414856828,5.9939869830494645,0,,
1038,1040,0.014090909090909091,11.712296375426483,0.01,0.022727272727272728,8.012296375426496,16.112296375426467,True,0.004791578875815734,5.996256125983795,0,,
1039,1041,0.10090909090909092,14.614821984094377,0.07309090909090908,0.12636363636363637,11.314821984094388,17.414821984094367,False,0.011858394383172958,6.003322941491152,0,,
1041,1043,0.5363636363636364,7.362213843711613,0.37272727272727274,0.9272727272727272,4.662213843711611,11.162213843711617,True,0.007753180485000816,5.999217727592979,0,,
1042,1044,0.03,6.554229814355351,0.023636363636363636,0.04,4.054229814355349,8.854229814355353,True,0.10826720980309502,6.0997317569110745,0,,
1043,1045,0.2545454545454545,4.3,0.2,0.3090909090909091,2.9000000000000004,5.7,True,0.03284624553715477,6.024310792645134,0,,
1045,1047,0.06727272727272728,17.738998550012276,0.04090909090909091,0.1090909090909091,12.738998550012294,22.73899855001226,True,0.0013963240484380149,5.992860871156417,0,,
1046,1048,0.02909090909090909,7.026081018399987,0.022727272727272728,0.038181818181818185,4.526081018399985,9.526081018399989,True,0.015776185659514018,6.007240732767493,0,,
1047,1049,0.13545454545454547,8.58484813945882,0.11181818181818182,0.1572727272727273,6.184848139458818,10.484848139458823,False,0.028445378617269597,6.019909925725249,0,,
1048,1050,0.1,12.864042823260998,0.07363636363636364,0.12636363636363637,9.76404282326101,15.764042823260988,False,0.013523399649097326,6.004987946757076,0,,
1050,1052,0.034545454545454546,29.5308744985086,0.02,0.05909090909090909,24.63087449850853,34.630874498508675,True,0.00038740814235303924,5.991851955250332,0,,
1051,1053,0.13,31.21071503665951,0.07863636363636364,0.1972727272727273,26.11071503665944,35.41071503665957,True,0.006390202640800763,5.99785474974878,0,,
1052,1054,0.034545454545454546,6.685825722106927,0.028181818181818183,0.04181818181818182,4.885825722106924,8.485825722106927,True,0.10321539291835873,6.094679940026338,0,,
1053,1055,0.024545454545454544,5.8560814416939735,0.017727272727272727,0.031818181818181815,2.956081441693974,8.356081441693973,True,0.04903735363465315,6.040501900742632,0,,
1054,1056,0.5727272727272728,6.527541530835821,0.2818181818181818,1.2363636363636363,1.5275415308358165,11.527541530835826,True,0.0009339518813812038,5.992398498989361,0,,
1055,1057,0.03,11.547081742554706,0.02181818181818182,0.04727272727272727,8.247081742554718,15.647081742554692,True,0.008399055614366695,5.999863602722345,0,,
1056,1058,0.10272727272727274,20.41566835820224,0.08545454545454545,0.1190909090909091,18.715668358202244,22.215668358202233,False,0.011681849985205049,6.003146397093184,0,,
1057,1059,0.04181818181818182,21.062504352990185,0.02909090909090909,0.06181818181818182,17.76250435299014,25.462504352990248,True,0.0032483150919122078,5.994712862199891,0,,
1059,1061,0.2818181818181818,2.8000000000000003,0.24545454545454545,0.34545454545454546,1.7000000000000002,4.4,True,0.13079244447883875,6.122256991586818,0,,
1060,1062,0.13727272727272727,13.658654508686038,0.1190909090909091,0.15363636363636363,11.958654508686044,15.058654508686033,False,0.002250331079306107,5.993714878187285,0,,
1061,1063,0.07909090909090909,15.23269422565781,0.060909090909090906,0.10727272727272727,12.43269422565782,18.2326942256578,True,0.04162639112028655,6.033090938228265,0,,
1062,1064,0.01681818181818182,5.5452331223512585,0.013636363636363636,0.02090909090909091,3.445233122351259,7.445233122351258,True,0.03466461522485808,6.026129162332837,0,,
1063,1065,0.026363636363636363,14.563189069563423,0.02181818181818182,0.03363636363636364,12.56318906956343,16.963189069563413,True,0.09419179579281557,6.085656342900795,0,,
1064,1066,0.024545454545454544,14.885989369946078,0.02,0.030909090909090907,13.085989369946084,17.48598936994607,True,0.16055664079288096,6.15202118790086,0,,
1065,1067,0.1190909090909091,18.272648825725604,0.09545454545454546,0.14636363636363636,15.872648825725612,20.772648825725597,False,0.10150200636546437,6.092966553473444,0,,
1066,1068,0.03272727272727273,10.449859177800965,0.02727272727272727,0.04090909090909091,8.649859177800971,12.349859177800958,True,0.004575022059490964,5.99603956916747,0,,
1067,1069,0.06454545454545454,5.6035029806929355,0.05090909090909091,0.07772727272727273,3.203502980692936,7.803502980692935,False,0.0327817549301857,6.024246302038165,0,,
1068,1070,0.030909090909090907,5.6149245805078865,0.026363636363636363,0.03909090909090909,4.014924580507888,7.514924580507887,True,0.0454970229690357,6.036961570077015,0,,
1069,1071,0.04363636363636364,7.08335839936077,0.031818181818181815,0.060909090909090906,4.383358399360768,10.483358399360775,True,0.1133116363427939,6.104776183450773,0,,
1070,1072,0.14636363636363636,8.530921456473225,0.1190909090909091,0.1809090909090909,6.130921456473223,10.930921456473227,True,0.02583459893490144,6.01729914604288,0,,
1071,1073,0.2909090909090909,6.262384312172594,0.23636363636363636,0.33636363636363636,4.862384312172593,7.262384312172595,True,0.21849182000821243,6.209956367116192,0,,
1072,1074,0.07309090909090908,10.298724551994578,0.05818181818181818,0.09090909090909091,7.998724551994586,12.69872455199457,False,0.0008697405772615716,5.992334287685241,0,,
1073,1075,0.06545454545454546,16.187407313229826,0.04454545454545455,0.09454545454545454,12.287407313229842,20.187407313229812,True,0.0009673720135889892,5.992431919121568,0,,
1074,1076,0.2272727272727273,4.2,0.19454545454545455,0.2727272727272727,3.4000000000000004,5.300000000000001,True,0.20212586403524355,6.193590411143223,0,,
1075,1077,0.07772727272727273,7.775868741079973,0.04818181818181819,0.1190909090909091,2.6758687410799684,12.375868741079977,True,0.001824628934139347,5.9932891760421185,0,,
1076,1078,0.10636363636363637,10.392140716449784,0.08454545454545455,0.12818181818181817,8.192140716449792,12.692140716449776,False,0.011227315590440459,6.00269186269842,0,,
1077,1079,0.08272727272727273,7.896625477412752,0.06909090909090909,0.10454545454545455,5.8966254774127504,10.096625477412754,False,0.04825914205083971,6.039723689158818,0,,
1078,1080,0.03909090909090909,24.975038561721313,0.022727272727272728,0.07090909090909091,20.47503856172125,30.47503856172139,True,0.008608366435808534,6.000072913543788,0,,
1079,1081,0.32727272727272727,9.154148948273448,0.2818181818181818,0.39090909090909093,8.054148948273452,10.554148948273443,True,0.09405905845752122,6.0855236055655,0,,
1080,1082,0.1781818181818182,7.257947838403213,0.13,0.2636363636363636,3.4579478384032103,9.557947838403216,True,0.009421899646533104,6.000886446754512,0,,
1081,1083,0.017727272727272727,11.952731342154868,0.014090909090909091,0.022727272727272728,9.752731342154876,14.35273134215486,True,0.004749007431282515,5.996213554539262,0,,
1082,1084,0.18636363636363637,10.94651378016514,0.1590909090909091,0.2181818181818182,9.446513780165146,11.946513780165137,True,0.07306525823555936,6.064529805343539,0,,
1083,1085,0.3,4.4,0.23636363636363636,0.38181818181818183,2.6,6.300000000000001,True,0.07123303376702267,6.062697580875001,0,,
1084,1086,0.02090909090909091,17.99998759211998,0.015909090909090907,0.02727272727272727,15.299987592119987,20.499987592119968,True,0.06167221159943389,6.053136758707413,0,,
1085,1087,0.16818181818181818,18.18337913064005,0.1390909090909091,0.2181818181818182,15.38337913064006,19.983379130640046,True,0.012471020513556516,6.003935567621536,0,,
1086,1088,0.06,6.803127417058738,0.04727272727272727,0.07818181818181819,4.403127417058736,9.703127417058742,True,0.013603653234840104,6.005068200342819,0,,
1087,1089,0.03636363636363636,11.116958318413642,0.028181818181818183,0.046363636363636364,9.01695831841365,13.416958318413634,True,0.10267739924409144,6.09414194635207,0,,
1089,1091,0.18363636363636365,9.254503991446072,0.14636363636363636,0.23636363636363636,6.7545039914460805,10.654503991446067,True,0.03522584086901044,6.0266903879769895,0,,
1090,1092,0.06727272727272728,15.539765779509992,0.049090909090909095,0.08909090909090908,12.239765779510003,18.63976577950998,True,0.020518506750281093,6.01198305385826,0,,
1091,1093,0.038181818181818185,6.4531312733371795,0.030909090909090907,0.049090909090909095,4.553131273337177,9.15313127333718,True,0.10644621259259365,6.097910759700572,0,,
