index,file_lineno,best_mass,best_AV,mass_min,mass_max,AV_min,AV_max,intersects,min_chi2,chi2_threshold,dof_gof,passes_gof,p_value,true_AV,true_mass
1,3,0.1481818181818182,7.734297856418141,0.1390909090909091,0.1590909090909091,6.9342978564181434,8.634297856418138,False,18.813000769906548,24.80446531701452,4,False,0.0008552901951810041,9.3431,0.171107
2,4,0.02,3.4000000000000004,0.01818181818181818,0.022727272727272728,2.4000000000000004,4.6000000000000005,True,13.274943256187735,19.266407803295714,4,False,0.010007654603845615,4.31918,0.020454
3,5,0.10545454545454544,7.948434149819776,0.09545454545454546,0.11363636363636365,6.948434149819779,8.948434149819771,False,3.872228786300093,9.863693333408072,4,True,0.42357388346867775,6.74386,0.085403
5,7,0.14454545454545453,11.43339472084088,0.14272727272727273,0.1481818181818182,11.43339472084088,11.73339472084088,False,321.75834421319706,327.7498087603051,4,False,2.1890429140341454e-68,17.3093,0.20703
6,8,0.2818181818181818,21.198889337504227,0.2545454545454545,0.3090909090909091,20.39888933750421,21.89888933750424,False,140.21402291838945,146.20548746549738,4,False,2.539944381219757e-29,25.4049,0.353775
8,10,0.06363636363636364,14.456738670296884,0.05545454545454545,0.07281818181818181,12.956738670296886,16.056738670296873,False,1.446373003608089,7.4378375507160674,4,True,0.8360964450746214,14.277,0.053173
9,11,0.3545454545454545,2.84955481027044,0.3272727272727273,0.3636363636363637,2.34955481027044,3.14955481027044,False,308.7550982618798,314.7465628089878,4,False,1.3998146985502889e-65,5.86181,0.398091
11,13,0.3363636363636364,6.14568805848717,0.3181818181818182,0.3545454545454545,5.745688058487168,6.64568805848717,True,3.3981350081582504,9.38959955526623,4,True,0.4935351683229269,6.47402,0.321926
12,14,0.13,16.18290044465618,0.13,0.13181818181818186,16.18290044465618,16.18290044465618,False,29087.333056263262,29093.324520810373,4,False,0.0,20.0599,0.070333
13,15,0.01590909090909091,14.81371099640607,0.013636363636363636,0.019545454545454543,13.213710996406071,17.01371099640606,False,50.1954400150093,56.186904562117284,4,False,3.287011774818685e-10,18.585,0.01878
14,16,0.1572727272727273,7.612274899389957,0.1481818181818182,0.16818181818181818,6.812274899389959,8.612274899389954,False,5.083172660453501,11.074637207561482,4,True,0.2788694333362249,7.98796,0.168693
15,17,0.16818181818181818,9.111877797074085,0.1590909090909091,0.19181818181818186,8.211877797074086,10.11187779707408,True,22.18447975743934,28.17594430454732,4,False,0.00018416546020302252,10.0988,0.185198
16,18,0.2909090909090909,7.460945123749792,0.2727272727272727,0.3181818181818182,6.960945123749795,8.16094512374979,False,23.29362298212973,29.285087529237714,4,False,0.00011062036390639824,10.2079,0.366108
17,19,0.2636363636363636,16.442844907222273,0.2363636363636364,0.3,15.642844907222278,17.442844907222273,False,11.974456940831493,17.965921487939468,4,False,0.017542224213297285,18.1528,0.259832
18,20,0.08727272727272728,12.535051990865972,0.07863636363636364,0.10090909090909092,11.435051990865974,13.935051990865967,False,27.960472661069698,33.95193720817768,4,False,1.2705131688339325e-05,14.8723,0.097278
20,22,0.7727272727272727,15.785436093035795,0.7545454545454545,0.8363636363636364,15.785436093035795,16.385436093035793,False,347.0776255040011,353.069090051109,4,False,7.497962141216087e-74,22.9691,1.31329
21,23,0.34545454545454546,6.456557534344818,0.3272727272727273,0.3727272727272728,6.056557534344819,7.056557534344821,False,23.253545675004755,29.245010222112732,4,False,0.00011268058205334022,8.50713,0.394837
22,24,0.01090909090909091,3.6903768198518376,0.01,0.012272727272727272,2.8903768198518374,4.890376819851839,False,119.35323888281651,125.3447034299245,4,False,7.341669911449977e-25,7.83498,0.01503
23,25,1.3636363636363635,18.59846762018552,1.1363636363636365,1.4,17.198467620185525,18.89846762018552,False,5.086710759302098,11.07817530641008,4,True,0.2785155868403939,20.2002,1.20782
24,26,0.34545454545454546,10.530511849596056,0.3181818181818182,0.3818181818181817,9.83051184959606,11.230511849596057,True,1.3089322461246131,7.300396793232593,4,True,0.8598582314047509,11.0896,0.322605
25,27,0.4,6.0448556558679005,0.3727272727272728,0.4272727272727273,5.544855655867899,6.5448556558679005,False,17.422154760109894,23.41361930721787,4,False,0.0015999064052191574,6.78875,0.394081
26,28,0.17545454545454547,15.813434668247721,0.16272727272727272,0.1972727272727273,14.913434668247724,16.61343466824772,False,1.4731251922459776,7.464589739353957,4,True,0.8313911006465544,14.9163,0.158611
27,29,0.12272727272727273,9.94331970022993,0.11727272727272728,0.13181818181818186,9.243319700229932,10.943319700229926,False,8.211465294497218,14.202929841605195,4,True,0.08413196589807757,8.9241,0.106116
29,31,0.34545454545454546,20.83960104300827,0.3,0.3909090909090909,19.739601043008253,21.73960104300828,False,1.1239663653128036,7.1154309124207815,4,True,0.8904512717576777,22.939,0.342464
30,32,0.34545454545454546,5.481324246116034,0.3,0.3818181818181817,4.681324246116033,6.081324246116034,False,1.1746578781291288,7.166122425237107,4,True,0.8822531482450134,4.9614,0.293764
32,34,0.12090909090909092,10.677076205899851,0.1190909090909091,0.12090909090909092,10.677076205899851,10.677076205899851,False,88495.24174931181,88501.23321385893,4,False,0.0,16.5894,0.019871
33,35,0.7272727272727273,4.6000000000000005,0.6272727272727272,0.8636363636363636,3.8,5.6000000000000005,False,104.00312580037195,109.99459034747991,4,False,1.3813281370433792e-21,2.62726,0.39264
34,36,0.015454545454545453,4.9888101381097245,0.015,0.01636363636363636,4.9888101381097245,5.088810138109724,False,1133.6722259248202,1139.6636904719282,4,False,3.8056338911942e-244,10.8478,0.017711
35,37,0.010454545454545454,5.712900709140975,0.01,0.011818181818181818,5.212900709140975,6.812900709140977,False,9.509297283938327,15.500761831046304,4,False,0.04955655906492106,7.44862,0.01187
36,38,0.09636363636363636,9.644857115448007,0.08727272727272728,0.10363636363636364,8.644857115448012,10.544857115448004,False,162.04054859278938,168.03201313989734,4,False,5.336581767822138e-34,12.2681,0.109643
37,39,0.16272727272727272,21.582722007043987,0.15181818181818182,0.1809090909090909,20.382722007043974,22.68272200704401,False,4.910420743048835,10.901885290156814,4,True,0.29661299792807244,22.8605,0.167637
40,42,0.01818181818181818,7.794272533986317,0.01636363636363636,0.02090909090909091,6.79427253398632,9.194272533986313,False,80.7464749152952,86.73793946240318,4,False,1.2101668756213122e-16,11.7529,0.023358
42,44,0.11181818181818183,3.2062780887823275,0.10545454545454544,0.11727272727272728,2.506278088782328,3.8062780887823267,True,21.94648564974551,27.93795019685349,4,False,0.00020539647355146263,3.3925,0.114438
43,45,0.10545454545454544,4.349683115474042,0.10272727272727274,0.11363636363636365,4.249683115474042,5.249683115474038,False,17.067061791361073,23.05852633846905,4,False,0.0018758080668483566,7.35146,0.135785
45,47,0.10636363636363637,15.287249042746728,0.09363636363636364,0.11727272727272728,13.887249042746733,16.487249042746726,False,12.288496245535233,18.279960792643212,4,False,0.015330046571572482,15.0886,0.087852
46,48,0.14636363636363636,6.98082254870516,0.1390909090909091,0.15545454545454546,6.280822548705161,7.780822548705161,False,3.767099123015905,9.758563670123882,4,True,0.4384420900576922,5.56832,0.134795
48,50,0.1481818181818182,7.523999523812819,0.1390909090909091,0.15363636363636365,6.623999523812822,8.123999523812817,False,23.521391493896914,29.51285604100489,4,False,9.960223589354078e-05,11.3775,0.195263
49,51,0.037272727272727284,9.320084731157312,0.03272727272727273,0.04181818181818182,8.120084731157316,10.620084731157306,False,16.85239059306442,22.8438551401724,4,False,0.0020648395624296525,11.3536,0.040398
50,52,0.15181818181818182,7.2315837963053,0.14272727272727273,0.1572727272727273,6.331583796305299,7.831583796305301,True,3.601197970063756,9.592662517171735,4,True,0.4626586899365069,6.79817,0.15319
51,53,0.2727272727272727,3.2564655745071267,0.2545454545454545,0.2909090909090909,2.7564655745071267,3.656465574507128,False,13.041958699340904,19.033423246448887,4,False,0.011072585642216994,6.22197,0.364245
52,54,0.11181818181818183,7.274234793990546,0.10363636363636364,0.12090909090909092,6.17423479399055,8.274234793990543,True,15.200225326599138,21.19168987370712,4,False,0.004303453841476755,8.06416,0.116236
54,56,0.07281818181818181,4.197936581171215,0.06727272727272728,0.07909090909090909,3.2979365811712142,5.1979365811712155,True,13.93045394572441,19.92191849283239,4,False,0.007520358016118748,4.17631,0.069229
55,57,0.5454545454545454,11.315560870184234,0.4909090909090909,0.6181818181818182,10.615560870184238,12.315560870184234,True,6.869496461986848,12.860961009094828,4,True,0.14294756625560529,12.0183,0.501966
58,60,0.9454545454545454,12.145856975580068,0.8181818181818182,1.0909090909090908,11.145856975580072,13.145856975580065,False,65.38737987910939,71.37884442621737,4,False,2.132354667956657e-13,11.08,0.645787
59,61,0.17272727272727273,9.0922578860649,0.16090909090909092,0.2,8.092257886064903,9.992257886064897,True,2.2219651103206117,8.213429657428591,4,True,0.6950099964716621,8.91214,0.176272
61,63,0.8727272727272728,9.777359492890874,0.7636363636363637,0.9636363636363636,8.777359492890874,10.477359492890873,False,55.64113821030642,61.632602757414396,4,False,2.384420827053727e-11,7.58463,0.530846
62,64,0.022727272727272728,5.480763702331281,0.01909090909090909,0.025454545454545452,3.9807637023312794,6.58076370233128,True,5.141693972027992,11.133158519135973,4,True,0.2730653412008165,5.96092,0.021623
64,66,0.3090909090909091,8.054637083915942,0.2909090909090909,0.3363636363636364,7.554637083915943,8.754637083915943,False,1.6495346643355,7.6409992114434795,4,True,0.7998629787998536,8.35411,0.2873
65,67,0.12090909090909092,8.404013022436713,0.11181818181818183,0.13,7.4040130224367156,9.404013022436711,True,7.875869531095391,13.867334078203369,4,True,0.09623255341981504,8.02624,0.113136
67,69,0.013636363636363636,15.219948703064153,0.011363636363636364,0.01636363636363636,13.41994870306416,17.219948703064148,False,9.488971480893616,15.480436028001595,4,False,0.04997435288593079,18.5645,0.015695
70,72,0.14636363636363636,8.099352956854055,0.13727272727272727,0.15545454545454546,7.399352956854058,8.999352956854052,False,40.798865930110786,46.790330477218774,4,False,2.9582923811727644e-08,9.76368,0.166985
71,73,0.11363636363636365,6.75656210570198,0.10454545454545457,0.12090909090909092,5.7565621057019785,7.556562105701982,True,8.707061736588262,14.698526283696241,4,True,0.0688534772961506,6.17901,0.104763
72,74,0.2727272727272727,5.121872481533409,0.2545454545454545,0.2909090909090909,4.621872481533409,5.62187248153341,False,3.788749784669868,9.780214331777849,4,True,0.43534967019090254,5.97366,0.284688
73,75,0.15181818181818182,7.713445119999925,0.15,0.15363636363636365,7.713445119999925,7.713445119999925,False,16000.162019498604,16006.153484045713,4,False,0.0,14.3928,0.014379
74,76,0.06272727272727273,10.17903135981627,0.05454545454545455,0.07072727272727274,8.679031359816276,11.579031359816264,False,9.898205864355964,15.88967041146394,4,False,0.0421777481645329,11.8002,0.06481
77,79,0.03,5.023233767277038,0.027272727272727268,0.03272727272727273,3.823233767277037,5.72323376727704,True,8.59241754634552,14.583882093453498,4,True,0.07213488322692295,5.12136,0.028294
79,81,0.19181818181818186,8.336425618523332,0.17272727272727273,0.2181818181818182,7.63642561852333,9.036425618523332,False,3.6758770899468964,9.667341637054877,4,True,0.4516441803343149,7.37689,0.174625
80,82,0.5545454545454546,13.096905009560958,0.4818181818181818,0.6272727272727272,11.996905009560962,14.096905009560954,False,42.54386852996285,48.535333077070824,4,False,1.2866910065713084e-08,16.6568,0.674569
82,84,0.2818181818181818,5.728537244126913,0.2636363636363636,0.2909090909090909,5.128537244126912,6.0285372441269125,False,4.706153905176143,10.697618452284123,4,True,0.3187977037135434,5.43837,0.250973
83,85,0.018636363636363642,13.905824692681186,0.015454545454545453,0.02090909090909091,12.105824692681189,15.105824692681178,False,24.4786797540702,30.47014430117818,4,False,6.403074585359771e-05,16.3505,0.01978
84,86,0.11727272727272728,13.381072547322006,0.10454545454545457,0.12636363636363634,11.881072547322011,14.381072547322,False,2.9269833843002147,8.918447931408194,4,True,0.5701179774827835,12.1325,0.092697
85,87,0.11727272727272728,8.82785185316808,0.11545454545454545,0.1190909090909091,8.82785185316808,8.82785185316808,False,10653.564799045163,10659.556263592272,4,False,0.0,12.7011,0.049048
87,89,0.01,5.626471212623708,0.01,0.011363636363636364,5.526471212623708,6.72647121262371,False,21.35912861185322,27.3505931589612,4,False,0.0002687514369362762,8.67125,0.013106
88,90,0.1,9.366185451309006,0.08545454545454545,0.11363636363636365,7.866185451309012,10.966185451308998,True,10.035646848041633,16.02711139514961,4,False,0.03983147749095082,10.6929,0.10164
89,91,0.15545454545454546,8.513167525736105,0.1481818181818182,0.16454545454545455,7.813167525736108,9.4131675257361,False,15.657934122872591,21.64939866998057,4,False,0.003514250398882927,9.59651,0.173357
90,92,0.12636363636363634,7.723923855824427,0.11727272727272728,0.13545454545454547,6.623923855824431,8.523923855824425,True,4.7818453164041586,10.773309863512138,4,True,0.3104226250712409,7.4095,0.123088
92,94,0.013636363636363636,9.207368039494249,0.013181818181818182,0.014090909090909091,9.207368039494249,9.307368039494248,False,1583.5469311927536,1589.5383957398615,4,False,0.0,15.6105,0.017277
93,95,0.5181818181818182,8.016764672235446,0.44545454545454544,0.6,7.116764672235445,9.016764672235444,False,9.260844507017737,15.252309054125714,4,True,0.05490022601938545,9.48228,0.579234
94,96,0.16272727272727272,2.99084375316046,0.1572727272727273,0.16818181818181818,2.49084375316046,3.49084375316046,False,30.686604370102344,36.678068917210325,4,False,3.546731708838639e-06,4.07236,0.18784
95,97,0.08545454545454545,9.214987984753588,0.07681818181818181,0.0981818181818182,8.014987984753594,10.614987984753583,True,14.211574308914313,20.20303885602229,4,False,0.006649531457116536,9.30849,0.078125
97,99,0.3,2.564940984263435,0.3,0.3,2.564940984263435,2.564940984263435,False,4329.095622876264,4335.087087423372,4,False,0.0,7.69816,0.38784
111,113,0.08454545454545455,16.646366956229382,0.07545454545454545,0.09727272727272727,15.24636695622939,17.946366956229387,True,43.76039903191014,49.751863579018114,4,False,7.194653693043621e-09,17.3897,0.076348
122,124,0.05545454545454545,3.2341919750103374,0.049090909090909095,0.06272727272727273,2.0341919750103363,4.4341919750103385,False,10.707542161893057,16.699006709001033,4,False,0.03005511027778828,4.72655,0.060716
123,125,0.015454545454545453,8.870020835612507,0.014090909090909091,0.018636363636363642,8.070020835612508,10.6700208356125,False,24.589961615804896,30.58142616291288,4,False,6.081985700924652e-05,13.5392,0.022391
126,128,0.022727272727272728,9.599495446697915,0.019545454545454543,0.026363636363636363,8.39949544669792,11.19949544669791,False,38.353243844000396,44.34470839110838,4,False,9.474305267046186e-08,13.537,0.028275
128,130,0.056363636363636366,4.23614272625073,0.05,0.06363636363636364,2.9361427262507287,5.436142726250732,True,6.5292879307513045,12.520752477859284,4,True,0.1629543357593056,5.16294,0.05856
129,131,0.15363636363636365,7.5008933327137575,0.13545454545454547,0.17545454545454547,6.300893332713763,9.000893332713751,True,0.8656133050383596,6.85707785214634,4,True,0.9294414750153936,7.91275,0.162422
130,132,0.2636363636363636,5.0,0.2545454545454545,0.2818181818181818,4.7,5.5,False,7.880565020671871,13.87202956777985,4,True,0.09605253549637664,3.3689,0.199559
132,134,0.0609090909090909,3.748579902127753,0.05454545454545455,0.06818181818181819,2.548579902127752,4.948579902127754,True,10.485623389208603,16.477087936316586,4,False,0.03299560125758105,4.78783,0.063889
134,136,0.1972727272727273,6.108099654853962,0.1781818181818182,0.2090909090909091,5.508099654853963,6.508099654853964,True,6.483017417672269,12.474481964780244,4,True,0.16586357343097388,6.18578,0.190286
135,137,0.2909090909090909,6.878325377956121,0.2636363636363636,0.3181818181818182,6.2783253779561194,7.478325377956121,True,3.665159833186255,9.656624380294234,4,True,0.4532134878459545,7.10218,0.271911
136,138,0.029090909090909087,11.956772567025835,0.02181818181818182,0.04,8.856772567025848,14.956772567025824,True,3.5477492315496386,9.539213778657619,4,True,0.4706552083793386,13.9785,0.030177
137,139,0.1190909090909091,9.4636707149484,0.10818181818181817,0.13,8.163670714948406,10.663670714948397,True,5.491114963792716,11.482579510900695,4,True,0.24051158606594555,9.31098,0.112257
138,140,0.01,14.485267703368963,0.01,0.010454545454545454,14.185267703368964,15.085267703368965,False,290.6756527223035,296.66711726941145,4,False,1.1115796808014114e-61,18.1738,0.01208
139,141,0.09727272727272727,18.749753099061266,0.0918181818181818,0.10636363636363637,18.749753099061266,19.549753099061274,False,61.21118660379743,67.2026511509054,4,False,1.6140748144048016e-12,23.5543,0.122405
140,142,0.17545454545454547,11.321175547401236,0.1590909090909091,0.2,10.221175547401238,12.22117554740123,False,8.76213888067932,14.7536034277873,4,True,0.06732778294288906,12.845,0.193337
141,143,0.1409090909090909,11.889034176426735,0.13,0.15363636363636365,10.88903417642674,13.08903417642673,True,14.729458291337734,20.720922838445716,4,False,0.005296520458807271,12.7388,0.148782
143,145,0.029090909090909087,3.8766403942108254,0.027272727272727268,0.03363636363636364,3.276640394210825,5.276640394210826,False,36.80111410599608,42.79257865310406,4,False,1.9794922604182352e-07,5.93254,0.033205
145,147,0.05181818181818182,13.050913669828944,0.04454545454545455,0.06,11.350913669828946,14.450913669828935,True,4.517012866964287,10.508477414072267,4,True,0.34053495788803284,13.5438,0.047249
146,148,0.16090909090909092,7.456204695048592,0.15363636363636365,0.16818181818181818,6.6562046950485945,8.15620469504859,False,13.94652033645175,19.93798488355973,4,False,0.007467711361576599,8.12828,0.175352
147,149,0.06454545454545453,10.791118303453095,0.053636363636363635,0.07590909090909091,8.691118303453104,12.69111830345309,False,1.7039921555353366,7.695456702643317,4,True,0.7899923166072642,9.52671,0.050372
148,150,0.7454545454545455,7.867037958603643,0.7454545454545455,0.7545454545454545,7.867037958603643,7.867037958603643,False,108858.08522169906,108864.07668624618,4,False,0.0,11.0417,0.108144
150,152,0.02090909090909091,7.234169258797598,0.02,0.02090909090909091,7.234169258797598,7.234169258797598,False,663.9851035601178,669.9765681072257,4,False,2.18726421890964e-142,12.3255,0.026252
153,155,1.4,6.494590175265137,1.4,1.4,6.494590175265137,6.494590175265137,False,623094.6405340936,623100.6319986407,4,False,0.0,11.3703,0.026494
154,156,0.8363636363636364,7.071694590589337,0.8272727272727273,0.8454545454545455,7.071694590589337,7.071694590589337,False,71197.27194405008,71203.2634085972,4,False,0.0,11.5548,0.177529
156,158,0.012272727272727272,14.037762249773559,0.010454545454545454,0.014545454545454544,12.437762249773565,16.03776224977355,False,6.881539266151132,12.87300381325911,4,True,0.14228233355789208,17.0474,0.013958
157,159,1.4,7.059761784828768,1.4,1.4,7.059761784828768,7.059761784828768,False,567936.609129954,567942.6005945011,4,False,0.0,10.9663,0.045687
158,160,0.08272727272727272,22.738244472046922,0.08090909090909093,0.08454545454545455,22.738244472046922,22.838244472046924,False,1041.9894671844363,1047.9809317315444,4,False,2.8348378431941993e-224,27.4087,0.0928
159,161,0.1809090909090909,10.447049038355832,0.16454545454545455,0.2,9.547049038355835,11.04704903835583,False,43.07995870556426,49.07142325267224,4,False,9.96000005132734e-09,13.3332,0.240288
160,162,0.3909090909090909,14.933021550347533,0.34545454545454546,0.4545454545454546,13.933021550347535,16.13302155034753,False,20.931195859535613,26.922660406643594,4,False,0.0003267723319234178,18.6386,0.486437
161,163,0.08636363636363636,4.3147801946000985,0.07863636363636364,0.09727272727272727,3.3147801946000985,5.314780194600099,False,11.495925292942994,17.487389840050973,4,False,0.02152108735536617,3.32899,0.075151
162,164,0.08545454545454545,12.639077525555349,0.08363636363636362,0.1,12.439077525555348,14.139077525555342,False,22.12033324123216,28.11179778834014,4,False,0.0001896635939142297,16.4239,0.11131
163,165,0.1390909090909091,23.740015659419488,0.11545454545454545,0.1590909090909091,21.140015659419454,25.640015659419518,False,10.48605366199608,16.477518209104062,4,False,0.032989640298371745,25.7977,0.146333
164,166,0.1390909090909091,12.893837513431736,0.12636363636363634,0.15181818181818182,11.693837513431738,14.09383751343173,False,27.43957278503118,33.431037332139155,4,False,1.6198469577744266e-05,14.5128,0.154139
165,167,0.04181818181818182,11.979696596892063,0.03818181818181818,0.04727272727272727,11.079696596892068,13.379696596892057,False,2.0740787809008707,8.06554332800885,4,True,0.7221359106472254,12.3389,0.03704
167,169,0.1590909090909091,7.773517360013447,0.15181818181818182,0.17,7.073517360013452,8.873517360013443,True,2.9385636926326164,8.930028239740595,4,True,0.5681587053668695,7.49457,0.15941
168,170,0.02,16.88234535163144,0.019545454545454543,0.02,16.88234535163144,16.982345351631437,False,905.7473237738524,911.7387883209602,4,False,9.471148034796445e-195,23.0084,0.028044
169,171,0.4090909090909091,22.723819049868982,0.3727272727272728,0.4636363636363636,21.823819049868973,23.623819049869,False,108.89947702702317,114.89094157413113,4,False,1.249333901427773e-22,27.1491,0.512431
170,172,0.12090909090909092,4.778502244122095,0.12090909090909092,0.12090909090909092,4.778502244122095,4.778502244122095,False,37258.3747613241,37264.366225871214,4,False,0.0,7.50252,0.087348
171,173,0.04727272727272727,16.521747219217094,0.04636363636363637,0.04727272727272727,16.521747219217094,16.521747219217094,False,8578.249983357815,8584.241447904922,4,False,0.0,21.4838,0.044426
172,174,0.08181818181818183,8.063883433591483,0.07363636363636364,0.0918181818181818,6.863883433591486,9.363883433591477,False,24.77432530259995,30.76578984970793,4,False,5.5848582423406004e-05,9.39909,0.082715
173,175,0.16818181818181818,4.011602482511038,0.16272727272727272,0.1890909090909091,3.5116024825110377,4.711602482511038,False,197.9811535505384,203.9726180976464,4,False,1.0206993062916852e-41,8.18233,0.262931
174,176,0.5636363636363636,5.2,0.4818181818181818,0.6727272727272727,4.4,6.300000000000002,False,7.1267601141318515,13.118224661239829,4,True,0.12933925182530714,3.55322,0.397854
175,177,0.1481818181818182,13.434437706717414,0.13727272727272727,0.1572727272727273,12.53443770671742,14.434437706717413,False,2.0181369794077506,8.00960152651573,4,True,0.7324228169371594,12.702,0.135225
176,178,0.04272727272727273,8.696107582112036,0.034545454545454546,0.052727272727272734,6.7961075821120405,11.096107582112026,True,7.688483749540196,13.679948296648176,4,True,0.10367947423088206,9.17557,0.039529
177,179,0.10454545454545457,19.353082973704105,0.08545454545454545,0.12272727272727273,17.353082973704073,21.55308297370414,False,11.511840950891724,17.503305497999698,4,False,0.021375684366579245,21.6871,0.109122
178,180,0.1863636363636364,5.71064908900558,0.17,0.2,5.21064908900558,6.3106490890055795,False,12.148086063643591,18.13955061075157,4,False,0.01628337129309311,7.68332,0.226368
180,182,0.16272727272727272,9.0214017855727,0.15545454545454546,0.17545454545454547,8.221401785572704,9.821401785572696,True,13.084578199968819,19.0760427470768,4,False,0.010869839211839184,9.25039,0.170038
181,183,0.14636363636363636,7.952234239252579,0.12818181818181815,0.16272727272727272,6.652234239252584,9.252234239252576,True,2.853426160235476,8.844890707343453,4,True,0.5826460587501483,8.83741,0.159614
184,186,0.14636363636363636,1.738917308409485,0.14636363636363636,0.1481818181818182,1.738917308409485,1.738917308409485,False,35482.930256627464,35488.92172117457,4,False,0.0,6.25179,0.023886
187,189,0.10090909090909092,9.487457176203428,0.08818181818181818,0.11363636363636365,8.187457176203432,10.887457176203425,True,6.5001537462182375,12.491618293326216,4,True,0.1647806962873856,9.71431,0.091428
193,195,0.03818181818181818,13.526842228909274,0.031818181818181815,0.045454545454545456,11.926842228909278,15.326842228909266,True,3.770074070207384,9.761538617315363,4,True,0.43801623718170896,14.4896,0.034887
197,199,0.3727272727272728,7.480395980186625,0.34545454545454546,0.3909090909090909,6.880395980186624,7.880395980186624,True,8.56305416597289,14.554518713080867,4,True,0.07299883427317921,7.81628,0.354089
198,200,0.2818181818181818,10.22522724938874,0.2818181818181818,0.2909090909090909,10.22522724938874,10.22522724938874,False,33507.204336074254,33513.19580062136,4,False,0.0,13.4498,0.070947
199,201,0.3545454545454545,11.999109669597996,0.3181818181818182,0.4,11.299109669598,13.099109669597993,True,12.572938737222259,18.56440328433024,4,False,0.013562451123525995,12.5327,0.323291
200,202,0.01590909090909091,10.020732250196145,0.01590909090909091,0.01590909090909091,10.020732250196145,10.020732250196145,False,2915.594591410641,2921.586055957749,4,False,0.0,15.6087,0.022042
201,203,0.16636363636363638,8.063892926168673,0.1590909090909091,0.18363636363636365,7.263892926168674,8.863892926168676,True,5.886380106072289,11.877844653180269,4,True,0.20779567803880025,7.60708,0.168851
202,204,0.014545454545454544,7.4935430618903265,0.014545454545454544,0.014545454545454544,7.4935430618903265,7.4935430618903265,False,2347.077802980993,2353.0692675281007,4,False,0.0,12.4639,0.019502
203,205,0.04363636363636364,4.0722401887194595,0.039090909090909086,0.05,2.872240188719458,5.67224018871946,True,5.61212198471175,11.603586531819728,4,True,0.2300482525668912,5.21788,0.045316
204,206,0.10545454545454544,3.8036076371337497,0.10454545454545457,0.10636363636363637,3.8036076371337497,3.8036076371337497,False,604.848261880736,610.839726427844,4,False,1.383307892838176e-129,6.80614,0.128256
205,207,0.6363636363636364,4.6000000000000005,0.5818181818181818,0.7363636363636363,4.0,5.4,False,57.34996968159764,63.341434228705616,4,False,1.0447270047252947e-11,4.827,0.529413
206,208,0.08818181818181818,6.950191410188539,0.07590909090909091,0.10363636363636364,5.350191410188538,8.450191410188541,True,1.4604296693426015,7.45189421645058,4,True,0.8336269723999694,6.34463,0.077882
207,209,0.2818181818181818,12.859480334920427,0.2727272727272727,0.2818181818181818,12.859480334920427,12.859480334920427,False,28099.76883082032,28105.760295367432,4,False,0.0,18.6688,0.024543
208,210,0.15,3.8890747880744208,0.1481818181818182,0.1572727272727273,3.8890747880744208,4.389074788074422,False,21.2606384612444,27.25210300835238,4,False,0.00028112706124674465,8.80882,0.227345
210,212,0.015454545454545453,8.271977367535538,0.014090909090909091,0.017727272727272727,7.171977367535543,9.471977367535533,False,11.339318924980828,17.330783472088807,4,False,0.02300391962797164,10.822,0.018198
212,214,0.6181818181818182,4.989703792087919,0.5454545454545454,0.7,4.289703792087918,5.78970379208792,False,59.215019242322654,65.20648378943064,4,False,4.2408210148345055e-12,8.1492,0.679251
213,215,0.3818181818181817,1.5,0.3636363636363637,0.4,1.2000000000000002,1.8,False,242.8915442968113,248.8830088439193,4,False,2.2116433797301288e-51,3.30871,0.38463
215,217,0.13,11.697511632556246,0.1190909090909091,0.14272727272727273,10.39751163255625,12.897511632556244,False,7.618469194368679,13.609933741476658,4,True,0.10659734719789286,10.7284,0.115338
216,218,0.04727272727272727,4.520573542748309,0.04181818181818182,0.05181818181818182,3.1205735427483106,5.520573542748309,False,3.8047220350484134,9.796186582156393,4,True,0.4330784161193733,3.57594,0.041088
217,219,1.1090909090909091,26.321423602618914,1.0818181818181818,1.1272727272727274,26.321423602618914,26.321423602618914,False,22270.074893103218,22276.06635765032,4,False,0.0,34.7551,0.877611
218,220,0.025454545454545452,2.1191470206452374,0.024545454545454544,0.029090909090909087,1.7191470206452366,3.5191470206452387,False,79.01150599412128,85.00297054122927,4,False,2.8208901866974385e-16,5.86068,0.034193
219,221,0.24545454545454545,0.8,0.2272727272727273,0.2545454545454545,0.4,1.0,False,17.864088577854645,23.855553124962626,4,False,0.0013119011135429533,3.17934,0.315323
221,223,0.2636363636363636,9.940605037142692,0.2181818181818182,0.3181818181818182,8.840605037142698,11.14060503714269,False,3.6847881429129616,9.676252690020943,4,True,0.4503422672261941,12.8632,0.320629
222,224,0.6727272727272727,4.418778749700238,0.5909090909090908,0.7909090909090909,3.618778749700238,5.318778749700241,False,612.8627689845694,618.8542335316772,4,False,2.548524622762719e-131,8.18201,0.564628
223,225,0.1,13.627920489282355,0.08818181818181818,0.11,12.42792048928236,15.02792048928235,False,2.3601254630356703,8.351590010143651,4,True,0.6698449045065344,13.0197,0.080372
224,226,0.04363636363636364,8.488295886098804,0.04272727272727273,0.05,8.488295886098804,10.188295886098798,False,35.466067882219775,41.45753242932776,4,False,3.726055607170283e-07,12.1086,0.053026
225,227,0.04363636363636364,4.415971681833001,0.04181818181818182,0.05,3.9159716818330015,6.1159716818329946,False,10.684645265270406,16.676109812378385,4,False,0.03034639390717937,7.20348,0.05084
230,232,0.04,8.249791934858878,0.03363636363636364,0.04454545454545455,6.649791934858883,9.449791934858872,False,8.90714824913135,14.898612796239329,4,True,0.06346270121110081,9.51919,0.040646
232,234,0.07072727272727274,17.33175027006909,0.057272727272727274,0.08727272727272728,14.831750270069096,19.831750270069076,True,1.7347921409848128,7.726256688092794,4,True,0.7843883117162782,17.8396,0.061745
233,235,0.3272727272727273,9.464022282405779,0.3,0.3545454545454545,8.764022282405781,10.064022282405777,False,6.448826112372372,12.440290659480352,4,True,0.16804344587040435,10.449,0.325239
234,236,0.06,9.186817471819596,0.05181818181818182,0.06909090909090909,7.5868174718196,10.786817471819587,True,12.016617981124996,18.00808252823298,4,False,0.017228116547968544,10.4019,0.059896
235,237,0.24545454545454545,1.5110248746761428,0.2363636363636364,0.2636363636363636,1.3110248746761428,1.911024874676143,False,76.8054511222694,82.79691566937737,4,False,8.268647207497507e-16,5.47197,0.363121
236,238,0.2090909090909091,23.31244395842659,0.18363636363636365,0.2363636363636364,22.512443958426577,24.1124439584266,False,80.14457071700897,86.13603526411696,4,False,1.62321654331342e-16,26.0018,0.209504
237,239,0.15545454545454546,12.582057137474955,0.14272727272727273,0.16818181818181818,11.38205713747496,13.88205713747495,True,9.795593919594497,15.787058466702476,4,False,0.04401529572938368,12.3432,0.1504
238,240,0.8090909090909091,7.138654753375922,0.6909090909090909,0.9727272727272728,6.1386547533759215,8.338654753375922,False,97.55299050107182,103.5444550481798,4,False,3.2633344140233545e-20,7.60471,0.632756
239,241,0.04727272727272727,12.542321251561921,0.04272727272727273,0.052727272727272734,11.442321251561925,13.642321251561913,True,4.358734555554305,10.350199102662284,4,True,0.35962801621481283,13.0669,0.043291
240,242,0.022727272727272728,12.748474428321972,0.02,0.025454545454545452,11.548474428321976,13.748474428321972,False,18.295105863886803,24.286570410994788,4,False,0.0010805119245133167,15.8741,0.026629
241,243,0.04181818181818182,2.4000000000000004,0.03818181818181818,0.04727272727272727,1.5,3.8,True,7.662074987591046,13.653539534699025,4,True,0.10477121119509897,2.95512,0.04234
242,244,0.028181818181818183,15.598543661413373,0.024545454545454544,0.03272727272727273,13.99854366141338,16.99854366141337,False,8.926115190441557,14.917579737549536,4,True,0.06297301591969492,18.5904,0.031318
244,246,0.034545454545454546,4.081741370026867,0.03,0.039090909090909086,2.981741370026868,5.281741370026867,True,6.9789115504387285,12.970376097546707,4,True,0.13700685896035572,4.27424,0.032383
245,247,0.5,0.0,0.5,0.5181818181818182,0.0,0.1,False,110.77423975588553,116.76570430299351,4,False,4.975759500547059e-23,1.14525,0.490844
246,248,0.4181818181818182,7.3821411743419505,0.3909090909090909,0.44545454545454544,6.8821411743419505,7.8821411743419505,False,10.104306022469167,16.095770569577148,4,False,0.03870684067755969,7.51441,0.384787
247,249,0.2272727272727273,5.5735788681529534,0.2090909090909091,0.24545454545454545,5.0735788681529534,6.0735788681529534,False,10.961497971037893,16.952962518145878,4,False,0.027000148914286363,8.44308,0.307826
248,250,0.19181818181818186,15.20260529801753,0.16636363636363638,0.2272727272727273,14.102605298017535,16.302605298017525,False,6.083887522161797,12.075352069269776,4,True,0.1929704798670106,17.1685,0.201849
249,251,0.1809090909090909,2.2,0.16818181818181818,0.1972727272727273,1.8,2.6,False,20.30834854774412,26.299813094852095,4,False,0.0004340458120619721,3.63735,0.213754
250,252,0.3272727272727273,4.4,0.3090909090909091,0.3545454545454545,4.0,4.9,False,25.48154362067588,31.47300816778386,4,False,4.0249847110344457e-05,3.77234,0.284252
251,253,0.3363636363636364,20.13669274673528,0.3363636363636364,0.34545454545454546,20.13669274673528,20.33669274673528,False,541.5114571629629,547.5029217100708,4,False,7.02198408955216e-116,27.8617,0.579121
254,256,0.2,15.109022482244894,0.16272727272727272,0.24545454545454545,13.509022482244902,16.309022482244888,False,105.7433421127087,111.73480665981668,4,False,5.881464208086822e-22,19.5355,0.281194
255,257,0.028181818181818183,6.169593044936358,0.027272727272727268,0.03272727272727273,5.669593044936357,7.6695930449363585,False,2.685377367788635,8.676841914896611,4,True,0.611775799717027,6.41858,0.026355
256,258,0.11181818181818183,10.969864236638069,0.10272727272727274,0.12090909090909092,9.869864236638072,11.969864236638065,False,18.171556520563897,24.16302106767188,4,False,0.0011423680642068165,10.5602,0.09673
257,259,0.2,13.203440469397517,0.1781818181818182,0.2272727272727273,12.50344046939752,14.103440469397512,False,18.565407890975298,24.55687243808327,4,False,0.000956489553885036,16.0383,0.252598
258,260,0.09636363636363636,35.66199719092445,0.09272727272727273,0.11727272727272728,35.66199719092445,38.26199719092449,False,41.375975526180895,47.36744007328888,4,False,2.2466754120069454e-08,42.6108,0.12709
259,261,0.1481818181818182,8.877887914383868,0.1409090909090909,0.15545454545454546,8.277887914383866,9.477887914383864,False,193.30217168638688,199.29363623349482,4,False,1.0342935709907275e-40,10.7586,0.170935
261,263,0.3181818181818182,17.752378490630036,0.2909090909090909,0.3545454545454545,17.052378490630037,18.65237849063003,False,5.177873546638644,11.169338093746624,4,True,0.26952859830458725,19.7064,0.318568
262,264,0.2727272727272727,6.222049140174817,0.2545454545454545,0.2909090909090909,5.722049140174817,6.622049140174817,True,1.8067516505697607,7.79821619767774,4,True,0.771246867379048,6.51317,0.264027
263,265,0.1409090909090909,7.720382414827228,0.13181818181818186,0.1481818181818182,6.920382414827232,8.420382414827227,True,25.75829169560836,31.749756242716337,4,False,3.540142682089768e-05,7.84282,0.145277
265,267,0.11181818181818183,17.27094836097425,0.10818181818181817,0.1190909090909091,16.970948360974244,18.17094836097426,False,654.0546963825092,660.0461609296171,4,False,3.088426727127697e-140,21.654,0.140023
266,268,0.5818181818181818,16.631706123878267,0.5,0.6818181818181818,15.331706123878266,17.831706123878263,True,3.651062249319548,9.642526796427529,4,True,0.4552835947610193,17.6157,0.535745
267,269,0.029090909090909087,4.223452025509472,0.027272727272727268,0.034545454545454546,3.423452025509472,5.723452025509473,True,9.995028081742813,15.986492628850788,4,False,0.04051151663147204,5.68679,0.031505
268,270,0.16636363636363638,21.222795965314955,0.15545454545454546,0.19181818181818186,20.022795965314934,22.32279596531497,False,0.696105393707026,6.687569940815005,4,True,0.9518083357000076,20.6584,0.149924
269,271,0.2818181818181818,0.1,0.2727272727272727,0.2909090909090909,0.0,0.2,False,67.23300036078956,73.22446490789756,4,False,8.706079491444141e-14,3.99631,0.398539
270,272,0.02090909090909091,8.951373846463907,0.017272727272727273,0.025454545454545452,7.151373846463914,10.8513738464639,False,10.794640077180834,16.78610462428881,4,False,0.02897155246591155,11.8599,0.024701
271,273,0.17272727272727273,16.405772148682875,0.17,0.17545454545454547,16.405772148682875,16.405772148682875,False,3951.4576718542135,3957.4491364013206,4,False,0.0,23.2463,0.282247
272,274,0.053636363636363635,2.1420554190933947,0.049090909090909095,0.06,1.242055419093394,3.342055419093396,False,25.093496924612218,31.0849614717202,4,False,4.817829692102722e-05,3.78625,0.05971
274,276,0.15363636363636365,12.462247299968553,0.14272727272727273,0.16090909090909092,11.462247299968555,13.262247299968548,True,6.993620356012165,12.985084903120143,4,True,0.13622574468944473,12.1785,0.149638
276,278,0.029090909090909087,3.7,0.026363636363636363,0.030909090909090907,2.6,4.4,False,1.4149056860373057,7.406370233145284,4,True,0.8416002428040361,2.55597,0.024638
277,279,0.3818181818181817,0.0,0.3727272727272728,0.3909090909090909,0.0,0.2,False,66.35841511079032,72.3498796578983,4,False,1.331113947900921e-13,3.23936,0.451866
279,281,0.14636363636363636,9.395719516897394,0.14454545454545453,0.15,9.395719516897394,9.695719516897393,False,340.1116881068344,346.10315265394235,4,False,2.3923417997567196e-72,15.037,0.22838
282,284,0.16090909090909092,13.335253094202745,0.15363636363636365,0.17,12.535253094202748,14.135253094202742,False,2.1698430373764404,8.161307584484419,4,True,0.7045539967672243,12.5053,0.151441
283,285,0.8,2.128459241426132,0.7909090909090909,0.8090909090909091,2.128459241426132,2.128459241426132,False,53174.578171957786,53180.569636504886,4,False,0.0,6.5213,0.19811
284,286,0.6909090909090909,6.1000000000000005,0.5909090909090908,0.8,5.2,7.0,False,40.13017599040809,46.12164053751607,4,False,4.068237347477421e-08,4.03699,0.40714
285,287,0.17545454545454547,19.789302447473023,0.1572727272727273,0.2090909090909091,18.18930244747303,20.98930244747302,True,5.090218715387419,11.081683262495398,4,True,0.2781651297432151,20.7813,0.175566
286,288,0.4,9.992299866813251,0.3636363636363637,0.4272727272727273,9.192299866813254,10.49229986681325,False,11.383340838520146,17.374805385628118,4,False,0.022577377100387645,11.2833,0.405095
287,289,0.034545454545454546,3.2989268351199437,0.03,0.04,2.098926835119943,4.7989268351199454,True,5.708262715485923,11.699727262593903,4,True,0.22202046762542946,4.46489,0.036446
288,290,0.01,4.019606878640822,0.01,0.01090909090909091,3.7196068786408216,4.919606878640822,False,91.81383691590834,97.80530146301632,4,False,5.4214509826538125e-19,7.36582,0.013026
289,291,0.3909090909090909,5.629499441758474,0.3727272727272728,0.4181818181818182,5.129499441758473,6.129499441758476,False,88.67977565615584,94.67124020326379,4,False,2.5113765192774574e-18,8.28644,0.460924
291,293,0.014090909090909091,5.494613065556532,0.011818181818181818,0.01590909090909091,3.5946130655565307,6.894613065556532,False,12.534642753536403,18.526107300644387,4,False,0.013788317518519395,7.5943,0.01613
292,294,0.5272727272727272,0.0,0.5272727272727272,0.5727272727272728,0.0,0.4,False,97.8235927648326,103.81505731194059,4,False,2.8581165322540103e-20,4.44438,0.706293
293,295,0.2272727272727273,0.8,0.2181818181818182,0.2363636363636364,0.6000000000000001,1.1,False,74.29444524806937,80.28590979517735,4,False,2.8095005420065954e-15,2.9281,0.282857
294,296,1.054545454545455,9.423011149241109,0.8909090909090909,1.2818181818181815,8.423011149241114,10.623011149241108,False,15.403792905518577,21.39525745262656,4,False,0.003932989450743128,10.9687,0.925956
296,298,0.13363636363636364,19.218667945305317,0.11727272727272728,0.14454545454545453,17.41866794530532,20.31866794530531,False,1.7798014342392996,7.771265981347279,4,True,0.7761756587457351,18.394,0.110836
297,299,0.509090909090909,5.1000000000000005,0.4727272727272727,0.5545454545454546,4.6000000000000005,5.6000000000000005,False,44.56893569847175,50.56040024557973,4,False,4.887028793283913e-09,2.98493,0.318227
298,300,0.4545454545454546,9.011293391163294,0.4181818181818182,0.4909090909090909,8.411293391163296,9.611293391163294,True,2.4632561258208474,8.454720672928826,4,True,0.6512272165191944,9.60489,0.443287
300,302,0.9818181818181818,5.88286567496696,0.9727272727272728,0.990909090909091,5.88286567496696,5.88286567496696,False,77058.41630007631,77064.40776462342,4,False,0.0,8.95079,0.089046
302,304,1.3909090909090909,12.951886035848515,1.2545454545454546,1.4,12.251886035848514,13.151886035848513,False,38.880802614432014,44.87226716154,4,False,7.372765220116351e-08,12.4186,0.9284
303,305,0.01,5.7448427215815645,0.01,0.011363636363636364,5.644842721581565,6.9448427215815665,False,13.974969260053172,19.966433807161152,4,False,0.007375373495521069,7.74925,0.01175
304,306,0.09454545454545454,13.344093659077066,0.08454545454545455,0.10545454545454544,12.244093659077068,14.44409365907706,False,4.923170034997588,10.914634582105567,4,True,0.2952719639104872,11.8727,0.072793
305,307,0.4,5.532349730522947,0.3818181818181817,0.4272727272727273,5.1323497305229475,5.9323497305229465,False,12.023155050994706,18.014619598102684,4,False,0.01717990640289771,5.11355,0.351264
306,308,0.12272727272727273,0.30000000000000004,0.1190909090909091,0.12636363636363634,0.0,0.7000000000000001,False,192.06595747525083,198.05742202235882,4,False,1.9068942850001314e-40,2.86052,0.153857
307,309,0.2636363636363636,5.800000000000002,0.24545454545454545,0.2818181818181818,5.300000000000002,6.300000000000002,False,3.510788277189583,9.502252824297562,4,True,0.4762398604261565,3.66366,0.190781
308,310,0.2090909090909091,8.649994432823773,0.2090909090909091,0.2181818181818182,8.649994432823773,8.649994432823773,False,3925.999159020672,3931.990623567781,4,False,0.0,14.4488,0.287995
309,311,0.10727272727272727,2.277836057139809,0.10636363636363637,0.10818181818181817,2.277836057139809,2.277836057139809,False,1113.0574053110734,1119.0488698581812,4,False,1.119238514868748e-239,5.37594,0.129888
310,312,1.3545454545454545,13.097588956092839,1.3363636363636364,1.3818181818181818,13.097588956092839,13.097588956092839,False,53.75898143216586,59.75044597927384,4,False,5.911127701065028e-11,8.7526,0.620898
311,313,1.4,5.893219436036509,1.3909090909090909,1.4,5.893219436036509,5.893219436036509,False,193.5036021353677,199.4950666824756,4,False,9.361629516804196e-41,6.10097,1.08928
312,314,0.13,5.232165408465077,0.12090909090909092,0.13727272727272727,4.33216540846508,5.9321654084650755,False,23.40671380118382,29.398178348291804,4,False,0.0001050062569929386,7.94024,0.166565
313,315,0.3545454545454545,5.1941506159576365,0.3545454545454545,0.3545454545454545,5.1941506159576365,5.1941506159576365,False,72489.51326285981,72495.50472740692,4,False,0.0,7.88829,0.06973
314,316,0.16454545454545455,8.070666125622724,0.16454545454545455,0.16636363636363638,8.070666125622724,8.070666125622724,False,3058.5985987435133,3064.590063290621,4,False,0.0,13.5731,0.229595
315,317,0.3272727272727273,0.8,0.3090909090909091,0.3545454545454545,0.5,1.2000000000000002,False,42.07581299129281,48.067277538400795,4,False,1.6088799304143923e-08,1.08928,0.27833
316,318,0.10636363636363637,4.434105941224328,0.10090909090909092,0.11363636363636365,3.834105941224328,5.134105941224329,False,34.90583210274734,40.89729664985532,4,False,4.856907940243964e-07,5.37589,0.116108
317,319,0.19454545454545452,6.5844557707497495,0.1781818181818182,0.2090909090909091,5.984455770749749,7.18445577074975,False,5.345932401499066,11.337396948607047,4,True,0.25360771472617394,7.48673,0.198125
319,321,0.15545454545454546,6.1360039199679335,0.1481818181818182,0.16272727272727272,5.436003919967934,6.836003919967935,False,11.775035612472566,17.76650015958055,4,False,0.01910496468673553,6.98574,0.172364
320,322,0.1863636363636364,6.5682012531022185,0.16818181818181818,0.2,6.068201253102218,7.0682012531022185,False,32.0058093034378,37.99727385054578,4,False,1.907875076923674e-06,7.19678,0.192636
321,323,0.04636363636363637,19.227632814337557,0.03818181818181818,0.057272727272727274,17.02763281433753,21.62763281433759,True,3.241985576231937,9.233450123339917,4,True,0.5181763682861158,21.4138,0.045716
322,324,0.2363636363636364,9.494330431127004,0.2272727272727273,0.2636363636363636,9.194330431127003,10.194330431127002,True,3.861140380724177,9.852604927832157,4,True,0.42512451264032197,10.1806,0.227933
323,325,0.1090909090909091,9.301683732747811,0.09727272727272727,0.11727272727272728,8.001683732747816,10.201683732747806,False,4.854190491040347,10.845655038148326,4,True,0.30258827971064944,8.19206,0.088783
324,326,0.17272727272727273,2.9000000000000004,0.16636363636363638,0.1863636363636364,2.5,3.3000000000000003,False,9.801266818275296,15.792731365383274,4,False,0.04391173394797168,2.42722,0.179936
326,328,0.17272727272727273,13.051536996822266,0.16090909090909092,0.19454545454545452,11.951536996822268,13.851536996822267,False,17.813269612056814,23.804734159164795,4,False,0.00134222030671004,14.249,0.187421
327,329,0.1572727272727273,12.693477270010131,0.14636363636363636,0.16636363636363638,11.693477270010133,13.593477270010126,True,10.231794987780175,16.223259534888154,4,False,0.03669899287917256,13.2202,0.16271
328,330,0.2636363636363636,0.4,0.24545454545454545,0.2727272727272727,0.0,0.6000000000000001,False,59.70175875262845,65.69322329973643,4,False,3.3511614742016254e-12,1.62657,0.265953
329,331,0.014545454545454544,5.898004857798764,0.013181818181818182,0.01681818181818182,4.7980048577987615,7.298004857798763,False,27.57340677414964,33.56487132125761,4,False,1.521886121543173e-05,8.51681,0.017592
330,332,0.024545454545454544,3.4447212459345398,0.022727272727272728,0.027272727272727268,2.8447212459345392,4.5447212459345385,True,7.284917405874276,13.276381952982256,4,True,0.12157613533636172,4.47306,0.025467
331,333,0.16454545454545455,4.996026460766865,0.16454545454545455,0.16636363636363638,4.996026460766865,4.996026460766865,False,16936.74331904629,16942.734783593394,4,False,0.0,7.98528,0.086248
332,334,1.1,8.609961979130857,0.9181818181818182,1.3454545454545457,7.5099619791308605,9.80996197913085,False,51.006041838593156,56.99750638570114,4,False,2.2257384186111857e-10,12.3416,1.24447
333,335,0.10636363636363637,8.434120036854544,0.0981818181818182,0.11363636363636365,7.534120036854548,9.434120036854539,False,8.079279917641479,14.070744464749458,4,True,0.08871686113384647,8.2831,0.096396
334,336,0.11363636363636365,9.805413957753435,0.10454545454545457,0.12272727272727273,8.805413957753439,10.905413957753431,True,13.307181883485658,19.298646430593635,4,False,0.009868415258364727,10.8322,0.118758
335,337,0.1409090909090909,9.451212073255084,0.1390909090909091,0.1409090909090909,9.451212073255084,9.451212073255084,False,919.7211218743083,925.7125864214163,4,False,8.885164733436151e-198,14.7917,0.191766
336,338,0.16454545454545455,2.6,0.16090909090909092,0.16818181818181818,2.2,2.9000000000000004,False,29.61928062190811,35.610745169016084,4,False,5.850283649969102e-06,4.01046,0.19403
337,339,0.4909090909090909,3.8,0.4636363636363636,0.5363636363636364,3.5,4.4,False,37.42683880035696,43.418303347464935,4,False,1.4710491334380622e-07,3.63504,0.40222
339,341,0.1890909090909091,2.6,0.17272727272727273,0.2,2.2,2.9000000000000004,False,57.471107579234975,63.46257212634296,4,False,9.85334265510038e-12,3.82772,0.220449
340,342,0.11363636363636365,8.579377540799022,0.10727272727272727,0.12272727272727273,7.779377540799025,9.579377540799019,True,22.73902530977821,28.73048985688619,4,False,0.00014276967841966366,8.84771,0.110302
341,343,0.6363636363636364,3.869820066088924,0.6363636363636364,0.6454545454545454,3.869820066088924,3.869820066088924,False,1069.9573730144543,1075.9488375615624,4,False,2.459552143062499e-230,9.64171,0.951855
342,344,1.4,1.6,1.2818181818181815,1.4,1.1,1.6,False,93.73958306711675,99.73104761422474,4,False,2.1123686100274206e-19,0.723914,0.921114
343,345,0.990909090909091,13.793253815927095,0.9727272727272728,1.0,13.793253815927095,13.793253815927095,False,148093.88808265838,148099.87954720552,4,False,0.0,21.1365,0.01455
344,346,0.18363636363636365,9.287392619586779,0.17,0.2,8.787392619586782,9.887392619586779,True,7.477163410124983,13.468627957232961,4,True,0.11272051613706885,9.55788,0.184106
345,347,0.4909090909090909,4.800000000000002,0.4636363636363636,0.5181818181818182,4.4,5.2,False,49.16439518423522,55.155859731343206,4,False,5.395417816485979e-10,4.66521,0.392184
346,348,0.10181818181818182,4.7350287481613655,0.09090909090909093,0.10727272727272727,3.8350287481613634,5.335028748161365,False,36.68891113778655,42.680375684894535,4,False,2.0876643946595672e-07,5.36674,0.103231
347,349,0.15363636363636365,6.4868746468968785,0.14454545454545453,0.16090909090909092,5.686874646896879,7.286874646896878,True,5.305141670747519,11.2966062178555,4,True,0.257395986282256,5.96922,0.153327
348,350,0.02181818181818182,4.377629053738774,0.02181818181818182,0.02181818181818182,4.377629053738774,4.377629053738774,False,5469.394017055875,5475.3854816029825,4,False,0.0,8.88136,0.026211
349,351,0.2363636363636364,8.481286632863776,0.2272727272727273,0.2545454545454545,8.181286632863777,8.981286632863776,False,7.778700899179369,13.770165446287349,4,True,0.10002941489267043,6.69938,0.180308
350,352,0.5,0.0,0.5,0.509090909090909,0.0,0.0,False,251.49389259986697,257.48535714697493,4,False,3.102648739050789e-53,1.94461,0.459678
351,353,0.06818181818181819,16.05864865385957,0.06363636363636364,0.075,15.258648653859575,17.15864865385957,False,20.02425061225598,26.01571515936396,4,False,0.0004939242760571791,17.5537,0.06645
352,354,0.02,13.398237375462205,0.017272727272727273,0.02363636363636364,11.898237375462207,14.798237375462199,False,17.662640134498133,23.65410468160611,4,False,0.0014362110441776827,16.7506,0.024071
354,356,0.1481818181818182,10.878808757423284,0.13545454545454547,0.16090909090909092,9.778808757423288,11.978808757423279,True,3.1509088539011736,9.142373401009152,4,True,0.5328963004931642,10.0197,0.137932
355,357,0.027272727272727268,6.378829989508708,0.027272727272727268,0.027272727272727268,6.378829989508708,6.378829989508708,False,2940.904466197493,2946.8959307446007,4,False,0.0,10.7726,0.035605
357,359,0.14636363636363636,8.19989490821433,0.13727272727272727,0.15181818181818182,7.499894908214331,8.699894908214333,False,9.637377120006123,15.6288416671141,4,False,0.04699971895438504,6.86274,0.132942
358,360,1.3818181818181818,9.869346385821064,1.1545454545454543,1.4,8.769346385821066,10.069346385821065,False,30.511730255011216,36.503194802119204,4,False,3.850100319749244e-06,6.39137,0.662956
359,361,0.18363636363636365,8.236639336465776,0.16636363636363638,0.2,7.4366393364657775,8.936639336465774,False,6.287386492678853,12.278851039786833,4,True,0.17868947293723614,9.03267,0.191804
360,362,0.08636363636363636,3.911823673527761,0.08454545454545455,0.09545454545454546,3.611823673527761,4.911823673527762,False,40.78805170572306,46.77951625283104,4,False,2.9735799829506493e-08,6.5286,0.107734
361,363,0.015,2.4000000000000004,0.013181818181818182,0.01818181818181818,0.9,4.1000000000000005,True,0.25751856738224543,6.248983114490224,4,True,0.9923888791709898,2.78868,0.015144
362,364,0.16090909090909092,16.679334328021053,0.15181818181818182,0.17,15.779334328021053,17.579334328021044,False,22.01774750544352,28.009212052551497,4,False,0.00019879669337146427,18.961,0.185186
363,365,0.2545454545454545,0.5,0.24545454545454545,0.2727272727272727,0.30000000000000004,0.9,False,66.80414638204178,72.79561092914976,4,False,1.0721327057304192e-13,2.61663,0.285649
365,367,0.3727272727272728,0.0,0.3636363636363637,0.3727272727272728,0.0,0.0,False,135.5303152255632,141.52177977267115,4,False,2.55466775409845e-28,2.38762,0.433287
368,370,0.011818181818181818,10.878989553171415,0.010454545454545454,0.013181818181818182,9.67898955317142,12.078989553171413,False,21.92373812238581,27.915202669493798,4,False,0.00020754859584690407,14.6146,0.014912
371,373,0.029090909090909087,1.870952519478462,0.029090909090909087,0.029090909090909087,1.870952519478462,1.870952519478462,False,2643.434001962655,2649.4254665097633,4,False,0.0,5.7069,0.033703
373,375,0.030909090909090907,8.374777149278756,0.027272727272727268,0.03818181818181818,6.974777149278761,10.27477714927875,True,6.007701698258089,11.999166245366068,4,True,0.19857384382540585,9.82369,0.031531
374,376,0.15181818181818182,8.421533052138644,0.14272727272727273,0.1572727272727273,7.421533052138648,9.021533052138642,False,11.082961714163961,17.074426261271938,4,False,0.025647292038203283,8.70859,0.158698
375,377,0.029090909090909087,9.015786664604956,0.025454545454545452,0.034545454545454546,7.415786664604965,10.615786664604954,False,8.580204260634261,14.571668807742238,4,True,0.07249305039511494,10.9066,0.031165
376,378,0.09272727272727273,9.386746394238797,0.08181818181818183,0.10181818181818182,7.9867463942388,10.286746394238792,False,31.762283189581375,37.753747736689355,4,False,2.139486998732323e-06,10.3718,0.092124
377,379,0.02363636363636364,8.320148069449933,0.02090909090909091,0.026363636363636363,7.020148069449937,9.520148069449931,False,12.970091485346506,18.96155603245448,4,False,0.011422860624893037,10.1988,0.02545
378,380,0.039090909090909086,5.595015159230144,0.03545454545454545,0.04363636363636364,4.695015159230144,6.895015159230144,False,8.388925392538736,14.380389939646713,4,True,0.07832648333188705,7.35559,0.042825
379,381,0.13363636363636364,9.693010690397077,0.12272727272727273,0.1409090909090909,8.593010690397081,10.293010690397077,False,27.599931681935225,33.591396229043205,4,False,1.5031824541660156e-05,10.682,0.147559
380,382,0.18363636363636365,1.6,0.17272727272727273,0.19454545454545452,1.3,1.9,True,40.143514201926116,46.1349787490341,4,False,4.042475536300514e-08,1.74591,0.192892
383,385,0.04272727272727273,9.068975194385203,0.04,0.049090909090909095,8.468975194385207,10.768975194385199,False,11.183578656845274,17.175043203953248,4,False,0.0245765020194964,12.2809,0.050533
384,386,0.017727272727272727,11.735776004388175,0.015,0.02090909090909091,10.135776004388182,13.33577600438817,False,39.736431807605406,45.727896354713394,4,False,4.907143847452223e-08,14.9979,0.020907
386,388,0.09636363636363636,8.6549492699681,0.08727272727272728,0.10545454545454544,7.754949269968102,9.654949269968096,False,8.922821306085712,14.914285853193693,4,True,0.06305779858688651,7.77858,0.079968
387,389,0.034545454545454546,6.408823996692924,0.03363636363636364,0.04,6.2088239966929235,7.908823996692918,False,41.91580808348157,47.907272630589546,4,False,1.7365560494472973e-08,10.1562,0.045054
388,390,0.01090909090909091,11.228794794928923,0.01,0.013636363636363636,10.128794794928924,13.628794794928913,False,19.24752937762901,25.238993924736985,4,False,0.0007026362359746091,16.2268,0.015508
389,391,0.027272727272727268,7.113281702547612,0.027272727272727268,0.027272727272727268,7.113281702547612,7.113281702547612,False,39015.189591746144,39021.18105629325,4,False,0.0,13.5995,0.015694
390,392,0.3,0.5,0.2818181818181818,0.3181818181818182,0.2,0.8,False,36.47963442504742,42.4710989721554,4,False,2.3054142613722745e-07,2.75166,0.358062
391,393,0.1890909090909091,4.6000000000000005,0.17272727272727273,0.2,4.1000000000000005,5.0,False,1.2320859194403488,7.223550466548327,4,True,0.8727881548524106,2.90691,0.169904
392,394,0.15545454545454546,6.858524424658175,0.14636363636363636,0.16090909090909092,6.058524424658176,7.358524424658175,False,20.42007170646317,26.411536253571146,4,False,0.00041251977339850217,6.96599,0.163993
394,396,0.5363636363636364,3.2651742902439778,0.4909090909090909,0.5727272727272728,2.7651742902439773,3.7651742902439778,False,49.166202276829736,55.157666823937724,4,False,5.390735398915128e-10,7.12659,0.721981
395,397,0.3636363636363637,7.1209570084481655,0.34545454545454546,0.3818181818181817,6.620957008448168,7.520957008448164,False,11.086428325323208,17.077892872431185,4,False,0.025609659979078492,9.86064,0.451638
396,398,0.1572727272727273,2.3000000000000003,0.15181818181818182,0.16272727272727272,1.9,2.8000000000000003,False,29.64997641073645,35.64144095784443,4,False,5.7667725579056255e-06,2.91638,0.175856
397,399,0.04818181818181819,11.300743198647806,0.04363636363636364,0.052727272727272734,10.100743198647812,12.300743198647805,True,5.1938924374658795,11.18535698457386,4,True,0.26797515557902035,11.7218,0.044551
398,400,0.015,9.823919142418028,0.013636363636363636,0.018636363636363642,8.623919142418032,11.92391914241802,False,23.983538337102047,29.97500288421002,4,False,8.04839194009618e-05,13.4445,0.018617
399,401,0.1481818181818182,16.603853425963834,0.13545454545454547,0.1572727272727273,15.30385342596384,17.503853425963833,False,14.628139997454861,20.61960454456284,4,False,0.005538006178645899,17.9808,0.15907
400,402,0.1590909090909091,14.025512201903233,0.14636363636363636,0.1781818181818182,12.82551220190324,15.525512201903231,True,1.7141227609654708,7.705587308073451,4,True,0.7881506358977325,13.9504,0.155204
401,403,0.014090909090909091,9.451998413898574,0.012727272727272728,0.01590909090909091,8.351998413898578,10.751998413898571,False,36.34039915143365,42.331863698541625,4,False,2.4626870315548947e-07,12.5571,0.017154
402,404,0.019545454545454543,9.129809650039913,0.017272727272727273,0.02090909090909091,7.9298096500399184,9.92980965003991,False,15.066103241628142,21.057567788736122,4,False,0.00456606008506086,10.6672,0.019849
403,405,0.049090909090909095,4.7177797920548565,0.04272727272727273,0.056363636363636366,3.1177797920548564,6.217779792054857,True,5.620701664145807,11.612166211253786,4,True,0.22932167534403386,5.22552,0.047539
405,407,0.04272727272727273,3.9345983977925,0.039090909090909086,0.04727272727272727,2.9345983977925,5.034598397792499,True,15.021253828722616,21.012718375830595,4,False,0.0046573376841176,4.12726,0.041103
406,408,0.4727272727272727,1.8241819752598991,0.44545454545454544,0.509090909090909,1.5241819752598993,2.324181975259899,False,54.78664300766872,60.77810755477671,4,False,3.60120487979269e-11,6.01907,0.633023
408,410,0.028181818181818183,3.5,0.025454545454545452,0.03,2.4000000000000004,4.3,True,5.882811560700551,11.87427610780853,4,True,0.20807257879425906,3.4944,0.026632
409,411,0.2636363636363636,5.880243920753634,0.2545454545454545,0.2818181818181818,5.480243920753634,6.480243920753635,False,3.7025692648877806,9.69403381199576,4,True,0.4477523491477817,6.60901,0.270032
410,412,0.039090909090909086,9.027070178032083,0.03363636363636364,0.04363636363636364,7.72707017803209,10.22707017803208,False,8.417068779899786,14.408533327007769,4,True,0.07744123557617613,10.8719,0.041609
412,414,0.15181818181818182,8.086677066011053,0.14272727272727273,0.1590909090909091,7.286677066011058,8.786677066011054,False,34.9081858243086,40.89965037141658,4,False,4.851504789704241e-07,9.97166,0.177217
413,415,0.029090909090909087,11.308974295356764,0.025454545454545452,0.034545454545454546,9.70897429535677,12.908974295356758,False,7.585562644324392,13.577027191432368,4,True,0.10799499155283744,13.298,0.030846
414,416,0.2818181818181818,1.0,0.2727272727272727,0.2909090909090909,0.8,1.3,False,44.45867728867113,50.450141835779114,4,False,5.1517850645411475e-09,0.284263,0.24143
417,419,0.011363636363636364,5.0590167544038325,0.010454545454545454,0.012272727272727272,4.359016754403832,5.859016754403832,False,15.206554799005175,21.198019346113156,4,False,0.004291434687861571,7.46436,0.01374
418,420,0.16090909090909092,3.2,0.15363636363636365,0.16636363636363638,2.5,3.6,False,11.538009278760295,17.529473825868273,4,False,0.021138683231943258,3.06611,0.171222
420,422,0.04818181818181819,12.451389254956315,0.04454545454545455,0.056363636363636366,11.45138925495632,14.051389254956307,True,7.39979767299725,13.391262220105231,4,True,0.11620982889064707,13.5978,0.046545
421,423,0.10545454545454544,3.639437771949526,0.10090909090909092,0.11181818181818183,3.0394377719495256,4.439437771949526,True,17.99318613790691,23.98465068501489,4,False,0.0012378878145602886,3.98427,0.10699
422,424,0.2636363636363636,5.099002941535886,0.24545454545454545,0.2727272727272727,4.699002941535887,5.399002941535887,False,10.08165518652951,16.07311973363749,4,False,0.03907444633941578,6.11069,0.282061
423,425,0.14636363636363636,8.671262345477494,0.13545454545454547,0.15363636363636365,7.671262345477498,9.471262345477491,False,24.26327651204105,30.254741059149023,4,False,7.07319057324491e-05,11.0611,0.175172
425,427,0.08272727272727272,9.307383939574859,0.07636363636363636,0.08909090909090908,8.507383939574861,10.207383939574855,False,48.12578214936448,54.11724669647246,4,False,8.884855198549882e-10,11.8647,0.095051
427,429,0.02181818181818182,8.519535319848384,0.018636363636363642,0.025454545454545452,7.119535319848389,10.119535319848376,False,14.258936742072224,20.250401289180203,4,False,0.00651288445250422,11.3974,0.025878
428,430,0.1090909090909091,7.340863570087682,0.10818181818181817,0.1190909090909091,7.340863570087682,8.440863570087679,False,25.703716410813872,31.695180957921853,4,False,3.630922142101671e-05,10.9855,0.144802
429,431,0.02363636363636364,5.001144571699629,0.02181818181818182,0.026363636363636363,4.201144571699627,6.20114457169963,True,10.152224911077337,16.143689458185314,4,False,0.03794007404575009,5.89933,0.023617
432,434,0.4363636363636364,6.005391772980089,0.4090909090909091,0.4636363636363636,5.605391772980091,6.505391772980089,False,10.114695229125408,16.106159776233387,4,False,0.03853934553220608,5.43642,0.376892
437,439,0.15181818181818182,14.629650179421143,0.13545454545454547,0.16454545454545455,13.129650179421152,15.929650179421142,False,14.612592379028266,20.604056926136245,4,False,0.005576006804330496,15.9771,0.16288
438,440,0.034545454545454546,7.880169771962392,0.03,0.039090909090909086,6.680169771962397,8.980169771962391,False,16.26261350358549,22.254078050693472,4,False,0.002686280005123372,9.24686,0.035831
447,449,0.3181818181818182,4.7,0.3,0.34545454545454546,4.3,5.2,False,13.300448691731882,19.29191323883986,4,False,0.00989733873920314,4.01829,0.273084
455,457,0.03545454545454545,14.08981753328698,0.030909090909090907,0.040909090909090916,12.989817533286985,15.489817533286974,False,24.14638587251036,30.137850419618346,4,False,7.465529216871661e-05,16.3642,0.037282
464,466,0.3636363636363637,7.632358920125876,0.3363636363636364,0.3909090909090909,7.032358920125878,8.132358920125874,False,6.3164251760205055,12.307889723128483,4,True,0.1767308593281434,10.0674,0.437363
475,477,0.056363636363636366,5.387776499120684,0.04818181818181819,0.06272727272727273,3.887776499120682,6.4877764991206845,False,18.120522982009906,24.111987529117883,4,False,0.0011689278316311213,6.54651,0.058404
481,483,0.13545454545454547,10.207414630279802,0.10272727272727274,0.1481818181818182,6.507414630279796,10.907414630279801,False,104.66776290931296,110.65922745642095,4,False,9.969818657583296e-22,3.14751,0.072883
482,484,0.015,3.1,0.013181818181818182,0.01818181818181818,1.6,4.800000000000002,True,19.84602616904205,25.83749071615004,4,False,0.0005355902068438676,4.35695,0.01612
483,485,0.11545454545454545,6.629966014834371,0.10636363636363637,0.12454545454545456,5.6299660148343715,7.729966014834366,True,6.1967250622420975,12.188189609350074,4,True,0.18493053334751972,6.95201,0.117115
484,486,0.026363636363636363,3.57364161241356,0.02363636363636364,0.030909090909090907,2.373641612413559,5.373641612413562,False,6.350546413095247,12.342010960203226,4,True,0.17445413445425598,5.57325,0.029293
486,488,0.2090909090909091,41.80025496103148,0.15181818181818182,0.3,38.40025496103143,44.700254961031526,False,5.496797936370032,11.48826248347801,4,True,0.24001108692515846,46.3125,0.212182
487,489,0.12272727272727273,7.363936117729483,0.11545454545454545,0.13363636363636364,6.6639361177294845,8.463936117729478,False,24.76332929906532,30.754793846173293,4,False,5.6133420650002684e-05,10.559,0.159868
489,491,0.01818181818181818,9.720624764355591,0.015454545454545453,0.02090909090909091,8.320624764355596,11.220624764355586,False,24.176996615049163,30.168461162157143,4,False,7.360743967699758e-05,13.6115,0.023737
491,493,0.05909090909090909,6.803578405047528,0.052727272727272734,0.07,5.703578405047533,8.603578405047521,False,14.452561962383824,20.444026509491803,4,False,0.0059823192349656345,8.64396,0.06414
492,494,0.01,14.03582143528243,0.01,0.012272727272727272,13.635821435282436,15.935821435282426,False,29.584933325984544,35.576397873092525,4,False,5.945156936270177e-06,18.798,0.014044
493,495,0.09363636363636364,3.899336328649442,0.08818181818181818,0.10272727272727274,3.499336328649441,4.799336328649441,False,23.41161359264862,29.4030781397566,4,False,0.00010476951882390197,6.3779,0.115898
494,496,0.02363636363636364,10.55484054753058,0.019545454545454543,0.028181818181818183,8.854840547530587,12.454840547530575,False,13.553850068127133,19.545314615235114,4,False,0.008863939150076546,13.0414,0.02599
495,497,0.03,4.208678602514739,0.029090909090909087,0.037272727272727284,3.908678602514741,6.108678602514732,False,9.806119764571683,15.797584311679664,4,False,0.043823326200858666,7.20515,0.038747
496,498,1.4,27.34274244800058,1.4,1.4,27.34274244800058,27.34274244800058,False,67103.26943066379,67109.2608952109,4,False,0.0,33.0097,0.128586
498,500,0.02090909090909091,17.603726342731413,0.02,0.022727272727272728,17.40372634273141,18.503726342731426,False,71.32983129573267,77.32129584284066,4,False,1.188980211955678e-14,23.3239,0.029028
500,502,0.025454545454545452,10.195859966278883,0.02,0.03,7.7958599662788925,12.195859966278874,False,11.05567889685845,17.047143443966426,4,False,0.025945335751113685,12.6597,0.027738
501,503,0.06727272727272728,4.394874901442893,0.0609090909090909,0.07545454545454545,3.3948749014428925,5.694874901442894,True,14.720728014579306,20.71219256168728,4,False,0.0053169149545251,4.67005,0.064485
504,506,0.08090909090909093,4.415031052023418,0.07363636363636364,0.08818181818181818,3.3150310520234174,5.31503105202342,False,12.029515567457914,18.02098011456589,4,False,0.017133124240836968,5.36452,0.084551
505,507,0.04,9.836018413137195,0.03363636363636364,0.04636363636363637,8.136018413137199,11.636018413137188,False,7.293819912384698,13.285284459492676,4,True,0.12115222296316,11.692,0.041881
506,508,0.0710909090909091,7.601672233926432,0.07,0.07954545454545454,7.601672233926432,9.001672233926426,False,29.932222971643014,35.923687518750995,4,False,5.052420907513091e-06,10.9507,0.084959
508,510,0.025454545454545452,6.881109410329149,0.025454545454545452,0.026363636363636363,6.781109410329149,7.281109410329147,False,228.92776810117505,234.91923264828296,4,False,2.24601649843806e-48,11.4617,0.034713
509,511,0.04454545454545455,25.11065056896884,0.04272727272727273,0.06181818181818183,25.11065056896884,28.71065056896889,False,11.696975403998678,17.68843995110666,4,False,0.019752803516034846,30.5859,0.055729
510,512,0.10454545454545457,5.476826171703571,0.09272727272727273,0.11363636363636365,4.47682617170357,6.476826171703572,False,10.693524311943081,16.68498885905106,4,False,0.030233116885309032,4.99102,0.091685
511,513,0.14272727272727273,8.949087346551348,0.13181818181818186,0.15545454545454546,7.9490873465513525,10.149087346551344,False,6.291356204129062,12.28282075123704,4,True,0.17842057555342258,10.0715,0.156885
512,514,0.2090909090909091,1.3,0.1972727272727273,0.2181818181818182,1.0,1.6,False,16.7945950606365,22.78605960774448,4,False,0.0021188635843237733,2.58566,0.239428
514,516,0.10636363636363637,1.1548613064401891,0.10545454545454544,0.10818181818181817,1.1548613064401891,1.1548613064401891,False,9677.904039749708,9683.895504296817,4,False,0.0,3.52765,0.064672
515,517,0.19454545454545452,0.8,0.18363636363636365,0.2090909090909091,0.5,1.1,False,78.54220955476227,84.53367410187025,4,False,3.546250752241424e-16,2.59389,0.230669
516,518,0.16454545454545455,2.0,0.1590909090909091,0.16818181818181818,1.5,2.3000000000000003,False,32.69867073829467,38.690135285402654,4,False,1.376755146386277e-06,3.80183,0.197648
517,519,0.13363636363636364,8.695407360978862,0.12272727272727273,0.14636363636363636,7.595407360978865,9.995407360978858,False,13.038015517693815,19.0294800648018,4,False,0.01109152942828649,10.1964,0.151293
518,520,0.026363636363636363,17.465504052360984,0.026363636363636363,0.03,17.465504052360984,19.065504052361007,False,27.83420022376652,33.825664770874496,4,False,1.3476112308740166e-05,23.1612,0.038086
519,521,0.15545454545454546,6.959849796877272,0.14636363636363636,0.16272727272727272,6.059849796877276,7.6598497968772685,False,14.045491157598484,20.036955704706465,4,False,0.007151273158440987,8.71453,0.182241
520,522,0.018636363636363642,9.412130874331107,0.015,0.02181818181818182,7.412130874331115,10.812130874331102,False,20.599441966078786,26.59090651318676,4,False,0.0003801506450761168,11.7695,0.020433
522,524,0.013181818181818182,9.331593544727061,0.011818181818181818,0.015,8.031593544727066,10.831593544727056,False,23.10354294785209,29.09500749496007,4,False,0.00012073534189084296,13.4195,0.017577
523,525,0.019545454545454543,11.963058551178346,0.015454545454545453,0.024545454545454544,9.763058551178352,14.263058551178336,False,5.9656405808473325,11.957105127955312,4,True,0.20172899194627986,14.935,0.02257
524,526,0.01818181818181818,9.629319058111511,0.015454545454545453,0.02181818181818182,8.129319058111518,11.429319058111506,False,21.11869159931935,27.110156146427325,4,False,0.00029996296835565377,13.5383,0.023779
525,527,0.09090909090909093,1.3505574790073984,0.09,0.0918181818181818,1.3505574790073984,1.4505574790073985,False,154.8998191275393,160.89128367464733,4,False,1.8135273091385014e-32,4.00063,0.112246
527,529,0.040909090909090916,4.0113782200638886,0.03636363636363636,0.045454545454545456,2.8113782200638853,5.211378220063889,False,10.87555493290456,16.867019480012537,4,False,0.027998786758299157,5.91485,0.0463
528,530,0.015454545454545453,9.361076380901963,0.015,0.015454545454545453,9.361076380901963,9.361076380901963,False,26600.8720920818,26606.863556628912,4,False,0.0,16.7451,0.012321
529,531,0.075,3.808957778244957,0.07,0.08272727272727272,3.008957778244956,4.908957778244957,False,16.071504103195178,22.06296865030316,4,False,0.002924701386981917,5.43351,0.083041
531,533,0.3181818181818182,6.580037193239831,0.3,0.34545454545454546,6.180037193239831,7.180037193239832,False,15.148073674485731,21.13953822159371,4,False,0.0044037528871960436,8.49886,0.364109
532,534,0.05454545454545455,2.8000000000000003,0.049090909090909095,0.06272727272727273,1.8,4.2,False,5.956217105633388,11.947681652741366,4,True,0.2024419531847132,0.410124,0.042099
535,537,0.10454545454545457,10.725933320116855,0.10363636363636364,0.10545454545454544,10.725933320116855,10.725933320116855,False,2591.00639789037,2596.997862437478,4,False,0.0,14.4482,0.12612
536,538,0.01,14.717919958164089,0.01,0.01090909090909091,14.517919958164091,15.617919958164089,False,67.7178010770381,73.70926562414608,4,False,6.879866609818665e-14,19.474,0.014072
537,539,0.3636363636363637,5.608976336426716,0.34545454545454546,0.3909090909090909,5.208976336426716,6.208976336426718,False,25.070666590967193,31.06213113807517,4,False,4.869034763623548e-05,8.63694,0.472881
538,540,0.01681818181818182,11.202675558465268,0.014545454545454544,0.02,9.802675558465276,12.902675558465265,False,18.323333404800586,24.31479795190857,4,False,0.0010668507141723216,14.4004,0.019997
539,541,0.1409090909090909,2.5,0.13545454545454547,0.1481818181818182,2.1,3.1,False,25.693429012121264,31.68489355922924,4,False,3.6482913825429465e-05,2.55447,0.149966
540,542,0.19454545454545452,5.62687827247998,0.1781818181818182,0.2090909090909091,5.12687827247998,6.026878272479981,True,7.1199495943626205,13.111414141470599,4,True,0.12968359230901638,5.53068,0.190281
541,543,0.04727272727272727,9.990959311318171,0.04,0.05454545454545455,8.090959311318178,11.590959311318164,True,3.2590421819415285,9.250506729049507,4,True,0.5154477409883576,10.7648,0.045489
542,544,0.8454545454545455,9.562585791307884,0.7545454545454545,0.9727272727272728,8.762585791307885,10.562585791307884,False,22.42814171660691,28.419606263714886,4,False,0.00016468397524920262,8.67659,0.617506
543,545,0.010454545454545454,9.600821290875967,0.01,0.012727272727272728,8.900821290875971,11.500821290875962,False,16.457126855540373,22.448591402648354,4,False,0.002463283573746164,14.353,0.015198
544,546,0.14636363636363636,0.8047278860550547,0.1390909090909091,0.15181818181818182,0.30472788605505485,1.2047278860550548,False,49.089804288777316,55.08126883588529,4,False,5.592277105456896e-10,4.63496,0.197094
545,547,0.2636363636363636,6.538608814512265,0.2363636363636364,0.2727272727272727,5.8386088145122645,6.8386088145122645,False,16.877222113833398,22.86868666094138,4,False,0.0020420476564538366,8.15,0.292493
546,548,0.15363636363636365,3.36221858477069,0.14636363636363636,0.1590909090909091,2.762218584770689,3.8622185847706905,False,18.893289364925547,24.884753912033524,4,False,0.0008248047728290933,5.71428,0.189167
547,549,0.049090909090909095,4.314329904643294,0.045454545454545456,0.057272727272727274,3.3143299046432944,5.814329904643296,False,20.825126543371674,26.81659109047965,4,False,0.00034297654957853865,6.11483,0.054052
549,551,0.015454545454545453,11.392641041662277,0.014090909090909091,0.018636363636363642,10.292641041662279,13.192641041662268,False,23.24167345729689,29.233138004404864,4,False,0.0001132981665932957,15.4453,0.019802
550,552,0.019545454545454543,5.723199682568383,0.01681818181818182,0.02363636363636364,4.123199682568382,7.623199682568384,False,13.687715440827578,19.679179987935555,4,False,0.008361420492939047,8.51597,0.023658
552,554,0.012727272727272728,12.28829074620349,0.012727272727272728,0.013181818181818182,12.28829074620349,12.48829074620349,False,403.6703286962638,409.6617932433718,4,False,4.479660670039904e-86,18.3197,0.019008
553,555,0.09636363636363636,9.410581337775016,0.08363636363636362,0.1090909090909091,7.910581337775022,10.810581337775009,False,12.511909252766413,18.5033737998744,4,False,0.013924127296410727,11.2974,0.106722
554,556,0.025454545454545452,9.746166341079636,0.02090909090909091,0.030909090909090907,7.846166341079644,11.84616634107963,False,7.816845622795807,13.808310169903786,4,True,0.09852251868236693,12.0604,0.027524
555,557,0.018636363636363642,12.197147638038269,0.01681818181818182,0.02090909090909091,11.197147638038272,13.397147638038266,False,20.093703426172095,26.085167973280072,4,False,0.0004785708751708548,14.1034,0.019116
556,558,0.014090909090909091,4.228038168294707,0.012727272727272728,0.01636363636363636,2.9280381682947056,5.928038168294708,False,9.922377144116798,15.913841691224775,4,False,0.04175572605708915,6.81141,0.017207
557,559,0.2272727272727273,3.0,0.2090909090909091,0.24545454545454545,2.5,3.3000000000000003,False,5.5391131509056315,11.530577698013614,4,True,0.2363127356455352,3.67681,0.243092
558,560,0.022727272727272728,10.809461715858513,0.019545454545454543,0.027272727272727268,9.409461715858518,12.909461715858505,False,13.719603178289235,19.71106772539721,4,False,0.008245891306594626,14.5394,0.027907
559,561,0.09909090909090908,7.0560631699668095,0.08818181818181818,0.10818181818181817,6.056063169966813,8.056063169966807,False,27.8932968158152,33.88476136292318,4,False,1.3109658360763507e-05,8.81936,0.109691
560,562,0.03272727272727273,10.79917228798039,0.029090909090909087,0.037272727272727284,9.699172287980394,11.899172287980385,True,8.30912900221132,14.3005935493193,4,True,0.08088864137285767,11.7409,0.030987
561,563,0.5,0.0,0.4909090909090909,0.509090909090909,0.0,0.0,False,151.98769173062058,157.9791562777286,4,False,7.633928630133202e-32,1.0937,0.440786
562,564,0.04818181818181819,9.963290882027833,0.04636363636363637,0.057272727272727274,9.663290882027832,11.863290882027824,False,15.71482367455898,21.70628822166696,4,False,0.003426701189127997,13.2718,0.058365
564,566,0.16818181818181818,2.0,0.16454545454545455,0.1781818181818182,1.6,2.4000000000000004,False,17.03831407021871,23.029778617326695,4,False,0.0019000962485545747,3.71339,0.205088
565,567,0.06727272727272728,6.943886410086432,0.05909090909090909,0.07418181818181817,5.443886410086439,8.143886410086429,True,3.422166374293558,9.413630921401538,4,True,0.489811364669457,6.67193,0.060122
566,568,0.24545454545454545,7.774825612778468,0.2272727272727273,0.2636363636363636,7.174825612778468,8.274825612778468,False,8.572475919324496,14.563940466432474,4,True,0.0727205600611809,8.70683,0.248844
567,569,0.04,10.253250160419944,0.034545454545454546,0.04727272727272727,8.95325016041995,12.153250160419939,True,9.252853416508074,15.244317963616052,4,True,0.055080906063573014,11.6506,0.039732
568,570,0.02363636363636364,3.111257615477099,0.02090909090909091,0.027272727272727268,1.9112576154770988,4.611257615477098,False,7.779869066074718,13.771333613182694,4,True,0.09998294899654167,4.85044,0.02652
570,572,0.2727272727272727,3.9,0.2636363636363636,0.2909090909090909,3.7,4.4,False,6.351928428637987,12.343392975745967,4,True,0.17436247914979502,3.29498,0.243295
572,574,0.06636363636363636,6.603894302959054,0.057272727272727274,0.07363636363636364,5.103894302959059,7.903894302959049,False,12.110748638305571,18.102213185413547,4,False,0.016546433845855857,7.94537,0.068796
573,575,0.15545454545454546,1.7000000000000002,0.15,0.1590909090909091,1.2000000000000002,2.0,False,15.783606712287808,21.77507125939579,4,False,0.0033237105819776147,1.1075,0.160195
574,576,0.2363636363636364,11.416074831760035,0.2090909090909091,0.2545454545454545,10.71607483176004,12.016074831760035,False,11.963055838098073,17.954520385206052,4,False,0.017628116439491734,13.3992,0.259446
575,577,0.06636363636363636,2.6993015473720154,0.06181818181818183,0.07200000000000001,1.899301547372016,3.699301547372015,True,9.024266911375594,15.015731458483572,4,True,0.06049577746034905,2.87642,0.064509
577,579,0.02,10.607589542567807,0.01818181818181818,0.02363636363636364,9.607589542567812,12.007589542567803,False,16.49720264948648,22.488667196594452,4,False,0.002419658189523729,12.7773,0.021735
578,580,0.14636363636363636,5.384898916442429,0.13727272727272727,0.1572727272727273,4.684898916442427,6.384898916442429,False,14.878673773079855,20.870138320187834,4,False,0.004959585308170886,8.4546,0.187543
580,582,0.07036363636363636,8.527682006258607,0.06181818181818183,0.07772727272727273,7.027682006258613,9.727682006258602,False,24.732812698324448,30.724277245432425,4,False,5.6931499337833764e-05,10.0508,0.07229
582,584,0.026363636363636363,12.083741400752597,0.022727272727272728,0.029090909090909087,10.583741400752599,13.383741400752589,True,4.4277188605307,10.419183407638677,4,True,0.3512043958646751,13.2682,0.025101
584,586,0.1409090909090909,7.567599664292438,0.13181818181818186,0.15181818181818182,6.6675996642924344,8.467599664292438,False,4.004021677034956,9.995486224142935,4,True,0.4054618485213173,6.58846,0.132778
585,587,0.13545454545454547,9.057057871290793,0.12636363636363634,0.14454545454545453,8.157057871290796,9.957057871290788,True,6.5404395535824875,12.531904100690467,4,True,0.16226013161149272,9.43643,0.141082
586,588,0.10454545454545457,6.835741437965536,0.09363636363636364,0.11363636363636365,5.635741437965541,7.935741437965532,True,7.0437428303947405,13.03520737750272,4,True,0.13359459475362045,7.25393,0.100715
588,590,0.44545454545454544,6.0,0.4090909090909091,0.4727272727272727,5.4,6.4,False,36.462410706527244,42.45387525363522,4,False,2.3243130574188476e-07,3.85424,0.303633
589,591,0.029090909090909087,9.50799250815446,0.026363636363636363,0.034545454545454546,8.307992508154465,11.107992508154457,False,8.069766308035758,14.061230855143735,4,True,0.08905573806645947,11.2219,0.030123
590,592,0.029090909090909087,13.483693627031426,0.026363636363636363,0.031818181818181815,12.283693627031429,14.28369362703142,False,33.76672750826483,39.75819205537281,4,False,8.319505169984135e-07,16.7549,0.035163
592,594,0.2363636363636364,0.6000000000000001,0.2181818181818182,0.24545454545454545,0.2,0.8,False,100.62071047198519,106.61217501909316,4,False,7.255968018003075e-21,1.12957,0.229231
593,595,0.2545454545454545,7.3383597734939405,0.2363636363636364,0.2727272727272727,6.8383597734939405,7.8383597734939405,False,1.2830308547559508,7.27449540186393,4,True,0.8642479509171188,7.33494,0.229351
594,596,0.024545454545454544,4.039631200159678,0.02181818181818182,0.028181818181818183,2.839631200159677,5.73963120015968,False,15.124375655489235,21.11584020259721,4,False,0.0044500849954088924,6.52586,0.028387
595,597,0.05,8.425078995164291,0.05,0.056363636363636366,8.425078995164291,9.525078995164288,False,54.84455535687396,60.836019903981935,4,False,3.5019908023500806e-11,11.6335,0.060288
596,598,0.03363636363636364,14.623160667725577,0.03272727272727273,0.034545454545454546,14.623160667725577,14.623160667725577,False,28530.697999013995,28536.689463561102,4,False,0.0,21.683,0.015404
597,599,0.2090909090909091,8.040792011257253,0.19181818181818186,0.2363636363636364,7.5407920112572535,8.84079201125725,False,14.929347820043493,20.920812367151466,4,False,0.004850020160069102,10.0801,0.24662
598,600,0.1590909090909091,4.690193652591992,0.15181818181818182,0.16454545454545455,3.9901936525919903,5.290193652591992,False,27.76643545747325,33.75790000458123,4,False,1.3908874372264655e-05,7.05139,0.19339
599,601,0.027272727272727268,4.39481472163345,0.02363636363636364,0.03,2.8948147216334505,5.49481472163345,True,9.159871179641119,15.151335726749101,4,True,0.057225346590364226,5.12363,0.027237
600,602,0.02363636363636364,19.135545280076485,0.02,0.028181818181818183,17.635545280076467,21.035545280076512,False,14.318851111164406,20.310315658272387,4,False,0.006343961986644839,23.5905,0.028775
601,603,0.015454545454545453,3.0,0.014090909090909091,0.017272727272727273,2.0,4.0,True,2.0379944205339435,8.029458967641924,4,True,0.7287706156381566,3.36684,0.015503
602,604,0.03,6.3332432941671515,0.03,0.030909090909090907,6.3332432941671515,6.3332432941671515,False,9247.658575778725,9253.65004032583,4,False,0.0,11.6299,0.022519
604,606,0.10818181818181817,2.0,0.10181818181818182,0.11545454545454545,1.3,2.8000000000000003,True,14.94669158389693,20.93815613100491,4,False,0.004813069038826779,2.33994,0.112798
606,608,0.990909090909091,0.0,0.9818181818181818,1.0454545454545454,0.0,0.30000000000000004,False,82.03003566226256,88.02150020937056,4,False,6.46857522372962e-17,0.873258,0.825078
607,609,0.04272727272727273,14.213089669291188,0.03636363636363636,0.049090909090909095,12.613089669291195,15.813089669291186,False,21.97355522274505,27.96501976985303,4,False,0.00020286426765384053,16.7691,0.045331
611,613,0.3090909090909091,6.561730304419854,0.2909090909090909,0.3363636363636364,6.061730304419853,7.161730304419852,False,4.147579451738596,10.139043998846574,4,True,0.3864014256157172,7.94809,0.336714
612,614,0.06181818181818183,13.338140697217407,0.0609090909090909,0.06909090909090909,13.338140697217407,14.538140697217404,False,31.65449212026317,37.64595666737115,4,False,2.250750823434546e-06,17.0366,0.073524
613,615,0.2090909090909091,9.29467587668468,0.19181818181818186,0.2272727272727273,8.794675876684682,9.894675876684678,False,9.967816976744553,15.95928152385253,4,False,0.040973304236229004,10.0311,0.198869
614,616,0.4545454545454546,3.8788164921813846,0.4363636363636364,0.4727272727272727,3.5788164921813843,4.2788164921813845,False,68.7489025984612,74.7403671455692,4,False,4.169223667240991e-14,5.31291,0.478541
615,617,0.06454545454545453,14.945379029320913,0.0609090909090909,0.07390909090909091,14.445379029320915,16.645379029320907,False,15.954609068364196,21.946073615472173,4,False,0.003080680206364408,18.2707,0.074163
616,618,0.029090909090909087,4.067609224843526,0.026363636363636363,0.03272727272727273,2.7676092248435245,5.367609224843527,False,6.500507956713459,12.491972503821437,4,True,0.1647583807172951,5.69178,0.032282
618,620,0.045454545454545456,8.103767778145432,0.040909090909090916,0.05,7.003767778145436,9.303767778145428,False,1.3988226038045053,7.390287150912484,4,True,0.8443996277851404,7.77906,0.039982
619,621,0.03,13.243637883208606,0.025454545454545452,0.03636363636363636,11.343637883208608,14.843637883208597,False,9.76211717589199,15.753581722999972,4,False,0.044631213509111714,15.7508,0.033452
622,624,0.2090909090909091,3.4000000000000004,0.19181818181818186,0.2181818181818182,3.0,3.7,False,13.768862991281026,19.760327538389006,4,False,0.008070487599292834,4.30884,0.223279
623,625,0.24545454545454545,5.2059035237415126,0.2272727272727273,0.2636363636363636,4.7059035237415126,5.7059035237415126,False,23.06812238316873,29.05958693027671,4,False,0.00012271924682047414,7.39678,0.300303
624,626,0.03545454545454545,4.380964804335329,0.030909090909090907,0.040909090909090916,3.1809648043353267,5.8809648043353295,True,8.479628473361432,14.47109302046941,4,True,0.07550713000820525,5.69812,0.03757
625,627,0.07954545454545454,7.269876997893514,0.07200000000000001,0.08909090909090908,6.069876997893517,8.569876997893509,True,5.792455421341598,11.783919968449574,4,True,0.2151932366701529,7.37222,0.074331
626,628,0.015,9.571790834059495,0.013181818181818182,0.017272727272727273,8.1717908340595,10.771790834059491,False,38.96755038814446,44.95901493525244,4,False,7.074796421094976e-08,12.6072,0.018387
627,629,0.4272727272727273,6.025335111287101,0.3909090909090909,0.4636363636363636,5.425335111287102,6.525335111287101,False,4.9229246320633,10.914389179171279,4,True,0.2952977287609301,5.62926,0.374195
629,631,0.04363636363636364,2.154111771717205,0.039090909090909086,0.04727272727272727,0.9541117717172052,3.1541117717172047,False,10.907817083512182,16.89928163062016,4,False,0.02761979318192841,3.33619,0.047277
630,632,0.15363636363636365,13.19878716820285,0.1481818181818182,0.16090909090909092,12.598787168202856,13.998787168202849,False,49.101147948787755,55.092612495895736,4,False,5.561883092902198e-10,14.8895,0.171642
631,633,0.025454545454545452,10.307515712082061,0.022727272727272728,0.028181818181818183,9.207515712082063,11.407515712082054,False,131.83642257089485,137.8278871180028,4,False,1.576263813856365e-27,13.6924,0.029824
633,635,0.07636363636363636,6.278467754961195,0.07,0.08272727272727272,5.1784677549611935,7.178467754961196,False,8.822393182438118,14.813857729546097,4,True,0.06569540195228014,5.19584,0.065563
634,636,0.08090909090909093,15.89073680920146,0.06818181818181819,0.10181818181818182,14.090736809201465,18.29073680920145,True,5.662169254795956,11.653633801903934,4,True,0.22583815337533256,17.8818,0.081806
635,637,0.01636363636363636,11.022794189664323,0.014545454545454544,0.01909090909090909,9.822794189664329,12.422794189664318,False,24.04920091461452,30.040665461722497,4,False,7.808125480708564e-05,14.1235,0.019321
637,639,0.12272727272727273,8.497995711901424,0.11545454545454545,0.13363636363636364,7.697995711901427,9.59799571190142,False,26.930865998680037,32.922330545788014,4,False,2.052901868641716e-05,9.80635,0.138574
638,640,0.2727272727272727,8.052492292874662,0.2545454545454545,0.2909090909090909,7.552492292874661,8.652492292874662,False,3.0899409217742217,9.081405468882199,4,True,0.5428884474251605,8.86601,0.27151
639,641,0.07018181818181819,19.02641993755043,0.06181818181818183,0.07954545454545454,17.526419937550433,20.626419937550427,False,8.624351152393201,14.615815699501178,4,True,0.07120629070841154,19.6334,0.060288
640,642,0.2,7.6044380186609475,0.18363636363636365,0.2272727272727273,7.104438018660951,8.304438018660946,False,35.243404171289555,41.23486871839753,4,False,4.140105392643385e-07,9.48841,0.236238
641,643,0.03545454545454545,6.218231961000996,0.03,0.04,4.818231961000997,7.3182319610010005,False,3.3323817486816534,9.323846295789632,4,True,0.5038180644220968,5.28278,0.028749
642,644,0.16272727272727272,10.36464279798391,0.15545454545454546,0.17272727272727273,9.564642797983913,11.264642797983909,False,14.779209502357215,20.7706740494652,4,False,0.005181755703058984,11.646,0.1822
643,645,0.052727272727272734,7.5615507143899805,0.04727272727272727,0.0609090909090909,6.361550714389986,9.061550714389977,True,3.5406167040200116,9.532081251127991,4,True,0.4717294204223438,7.55486,0.048102
644,646,0.1390909090909091,2.4889682514668032,0.13545454545454547,0.14454545454545453,2.0889682514668038,2.9889682514668032,False,28.256415301430945,34.24787984853892,4,False,1.1065851941066487e-05,3.09937,0.154103
645,647,0.12636363636363634,4.874481487288536,0.12636363636363634,0.12818181818181815,4.874481487288536,4.874481487288536,False,646.8379159062059,652.829380453314,4,False,1.1272946426247428e-138,8.65782,0.163774
647,649,0.14272727272727273,3.946543752613688,0.13727272727272727,0.15,3.446543752613688,4.5465437526136885,False,164.49411916220384,170.4855837093118,4,False,1.5882716121330919e-34,6.85665,0.178373
648,650,0.12090909090909092,9.073336431345004,0.11181818181818183,0.13,8.073336431345007,10.073336431345,True,10.71010783958484,16.701572386692813,4,False,0.03002263954092705,9.04201,0.118463
650,652,0.3181818181818182,8.306358311161635,0.2909090909090909,0.34545454545454546,7.506358311161635,8.906358311161638,False,6.9489469208986785,12.940411468006653,4,True,0.13861086862199182,7.4,0.253976
651,653,0.3,8.942191759854856,0.2818181818181818,0.3272727272727273,8.442191759854857,9.542191759854854,False,2.7760609829177367,8.767525530025715,4,True,0.5959720390324326,9.84136,0.300778
652,654,0.05454545454545455,5.2264797833572505,0.049090909090909095,0.06181818181818183,4.026479783357255,6.526479783357246,False,17.74161386204603,23.73307840915401,4,False,0.0013861497698603627,6.74631,0.058662
653,655,0.10454545454545457,7.446659100346428,0.09454545454545454,0.11363636363636365,6.446659100346428,8.446659100346428,False,7.588366703396279,13.579831250504258,4,True,0.10787523292818872,6.08865,0.084054
655,657,0.16636363636363638,6.590801571075118,0.1590909090909091,0.1781818181818182,5.890801571075118,7.290801571075119,True,10.293496300338859,16.28496084744684,4,False,0.035763589211592735,6.21086,0.170539
658,660,0.3545454545454545,5.4,0.3272727272727273,0.3636363636363637,4.9,5.800000000000002,False,22.635618711672826,28.6270832587808,4,False,0.00014971707290683904,3.64554,0.25906
659,661,0.029090909090909087,1.768011870749311,0.029090909090909087,0.03,1.768011870749311,1.8680118707493116,False,957.6516749441392,963.6431394912472,4,False,5.366172423943752e-206,5.4477,0.039626
660,662,0.04727272727272727,10.849908021990302,0.045454545454545456,0.05454545454545455,10.349908021990306,12.349908021990295,False,23.7095738383884,29.701038385496375,4,False,9.13264001101998e-05,14.0233,0.056121
662,664,0.2636363636363636,10.164689328072038,0.24545454545454545,0.2818181818181818,9.664689328072038,10.664689328072033,False,26.48425963734137,32.475724184449355,4,False,2.526917314403646e-05,12.0407,0.290251
663,665,0.05454545454545455,10.021775939743918,0.04818181818181819,0.0609090909090909,8.621775939743923,11.221775939743914,True,7.672987320668065,13.664451867776046,4,True,0.10431880328049063,10.8146,0.052433
664,666,0.15,15.448733288967027,0.1390909090909091,0.16090909090909092,14.44873328896703,16.648733288967026,False,20.653174766118916,26.64463931322689,4,False,0.0003709532347317013,17.7697,0.173285
665,667,0.16636363636363638,16.245489363703243,0.15545454545454546,0.18363636363636365,15.14548936370325,17.045489363703243,False,24.52170757688889,30.513172123996874,4,False,6.276974189933466e-05,17.4148,0.177725
666,668,0.1090909090909091,11.695628240797891,0.10818181818181817,0.11,11.695628240797891,11.695628240797891,False,69992.83484749652,69998.82631204362,4,False,0.0,15.3537,0.059141
667,669,0.05545454545454545,7.514939201865832,0.053636363636363635,0.06181818181818183,7.514939201865832,8.714939201865826,False,33.9765088833956,39.96797343050359,4,False,7.535010481722836e-07,10.8387,0.064644
668,670,0.03,5.5729479584870685,0.03,0.031818181818181815,5.5729479584870685,6.072947958487068,False,114.56387532082294,120.55533986793093,4,False,7.732226073895763e-24,9.64378,0.039911
670,672,0.1481818181818182,7.288676731239593,0.1409090909090909,0.1572727272727273,6.588676731239591,8.088676731239593,True,5.284088618709983,11.275553165817964,4,True,0.25937013056243485,6.79293,0.146821
671,673,0.13181818181818186,7.736879352835798,0.12090909090909092,0.1390909090909091,6.536879352835799,8.336879352835798,False,2.4662046164271683,8.457669163535147,4,True,0.6506974314073241,6.16885,0.116125
672,674,0.01,17.784887918236702,0.01,0.01,17.484887918236712,18.184887918236704,False,429.0176575759197,435.00912212302774,4,False,1.4909545494571566e-91,22.9161,0.01324
673,675,0.1390909090909091,15.371990126760284,0.12636363636363634,0.15,14.17199012676029,16.37199012676028,True,16.6337371491976,22.62520169630558,4,False,0.0022766687199001373,15.6681,0.13517
674,676,0.01,14.119302889397607,0.01,0.010454545454545454,14.019302889397608,14.519302889397604,False,48.379344704900724,54.37080925200871,4,False,7.86649546908026e-10,17.3838,0.012355
675,677,0.03,3.5386839989631986,0.028181818181818183,0.034545454545454546,2.8386839989631985,4.838683998963201,False,13.488559005225762,19.480023552333737,4,False,0.009119638986492193,5.32467,0.034687
676,678,0.058181818181818175,13.021337052787569,0.053636363636363635,0.06545454545454546,12.321337052787571,14.421337052787562,False,27.884623944087647,33.87608849119563,4,False,1.3162810989637144e-05,15.9633,0.065193
678,680,0.1863636363636364,7.599423562100832,0.17,0.2090909090909091,6.9994235621008345,8.29942356210083,False,47.3507812254501,53.34224577255807,4,False,1.2887614484933208e-09,10.496,0.251855
679,681,0.4818181818181818,12.003431863333551,0.4181818181818182,0.5727272727272728,10.903431863333557,13.403431863333546,False,2.7810661342773098,8.772530681385291,4,True,0.5951054362097811,11.583,0.393924
680,682,0.2636363636363636,8.723212111143365,0.2363636363636364,0.2727272727272727,8.023212111143367,9.023212111143364,True,4.061478174435875,10.052942721543854,4,True,0.3977496171647739,8.96206,0.242356
682,684,0.11181818181818183,1.3,0.10545454545454544,0.11727272727272728,0.7000000000000001,1.9,True,22.802486290582145,28.79395083769013,4,False,0.00013866544118024493,1.1378,0.112328
683,685,0.015,5.4742279791634765,0.013181818181818182,0.01681818181818182,3.974227979163476,6.574227979163479,False,16.0927242588589,22.08418880596688,4,False,0.0028972321546464263,7.32901,0.016782
684,686,0.6818181818181818,7.339480202662378,0.6272727272727272,0.7454545454545455,6.739480202662379,7.939480202662379,False,41.26192721614935,47.25339176325733,4,False,2.3722596137739826e-08,5.14895,0.432161
686,688,0.03272727272727273,4.593312996984883,0.029090909090909087,0.03636363636363636,3.4933129969848817,5.393312996984882,False,14.750608230480015,20.742072777587996,4,False,0.005247430630338838,5.55726,0.034011
689,691,0.02090909090909091,6.356387278952089,0.015,0.03272727272727273,3.2563872789520847,10.656387278952092,True,2.0157149036395148,8.007179450747492,4,True,0.7328683169858248,8.21078,0.023607
690,692,0.05909090909090909,11.436573523326786,0.05090909090909091,0.06636363636363636,9.93657352332679,12.836573523326779,True,9.606033920775976,15.597498467883954,4,False,0.04761349676320457,11.4717,0.051115
692,694,0.015454545454545453,4.560795138065012,0.014090909090909091,0.017272727272727273,3.5607951380650102,5.560795138065012,False,25.88176098994911,31.87322553705709,4,False,3.343006448964046e-05,6.75972,0.018181
693,695,0.031818181818181815,4.1000000000000005,0.029090909090909087,0.037272727272727284,3.2,5.4,True,6.106074829824863,12.097539376932843,4,True,0.191365352858576,4.0795,0.029403
694,696,0.027272727272727268,9.667233229608007,0.024545454545454544,0.030909090909090907,8.467233229608013,11.067233229608004,False,10.892556170414895,16.884020717522873,4,False,0.027798445920035143,12.2904,0.031047
695,697,0.16636363636363638,8.313242626661875,0.1572727272727273,0.1781818181818182,7.413242626661877,8.913242626661873,True,40.71177318784631,46.70323773495429,4,False,3.083673466974145e-08,8.55421,0.174136
696,698,0.2272727272727273,15.133476070104573,0.19181818181818186,0.2636363636363636,14.033476070104575,16.23347607010457,False,4.998040022051182,10.989504569159159,4,True,0.2874986602986157,17.526,0.257606
697,699,0.075,14.918562135970035,0.07363636363636364,0.07818181818181819,14.918562135970035,15.318562135970032,False,102.74983522672844,108.74129977383645,4,False,2.5543483564773016e-21,18.7438,0.088913
698,700,0.058181818181818175,4.825652382226952,0.05,0.06454545454545453,3.2256523822269507,5.925652382226954,True,4.482397498930768,10.473862046038748,4,True,0.3446397867811244,4.53716,0.053743
700,702,0.3636363636363637,8.497458451886367,0.3272727272727273,0.4181818181818182,7.797458451886365,9.497458451886367,True,0.7383214799572683,6.729786027065248,4,True,0.9465203707195692,8.70285,0.337219
701,703,0.2272727272727273,5.176770027266425,0.2181818181818182,0.2545454545454545,4.876770027266423,5.876770027266425,False,8.574275600413044,14.56574014752102,4,True,0.0726675201807555,6.33301,0.248413
702,704,0.16454545454545455,5.160723687692339,0.1590909090909091,0.17545454545454547,4.660723687692338,5.86072368769234,False,8.70573772669987,14.697202273807848,4,True,0.06889055383318317,4.55449,0.167211
703,705,0.3727272727272728,0.0,0.3636363636363637,0.3909090909090909,0.0,0.30000000000000004,False,98.74548910456434,104.73695365167231,4,False,1.8192194831786023e-20,4.34316,0.494572
705,707,0.019545454545454543,8.099355051611889,0.017272727272727273,0.02363636363636364,6.899355051611894,9.999355051611882,False,20.20857432171466,26.20003886882264,4,False,0.0004542077359520252,11.3324,0.02377
706,708,0.015,10.540552915837733,0.013636363636363636,0.017727272727272727,9.440552915837737,11.940552915837726,False,6.4628213921006195,12.454285939208598,4,True,0.16714806197553056,13.5213,0.018259
709,711,0.1409090909090909,5.318654179355747,0.13363636363636364,0.1481818181818182,4.6186541793557465,5.918654179355746,False,6.187729450474692,12.179193997582672,4,True,0.18556031885831173,3.77286,0.128131
710,712,0.3,7.45337210823241,0.2818181818181818,0.3272727272727273,6.9533721082324105,7.95337210823241,True,4.874583057994634,10.866047605102617,4,True,0.3004098067597085,7.78242,0.283461
711,713,0.1590909090909091,8.318225761241047,0.15363636363636365,0.16818181818181818,7.818225761241049,9.118225761241042,False,90.23651888956222,96.22798343667021,4,False,1.172902192796727e-18,9.04732,0.1731
712,714,0.2272727272727273,7.520643080148082,0.1972727272727273,0.24545454545454545,6.720643080148081,8.020643080148082,True,2.782929871016289,8.774394418124269,4,True,0.5947829002129529,7.80597,0.205939
713,715,0.1409090909090909,6.949204727040383,0.13181818181818186,0.1481818181818182,6.049204727040383,7.549204727040385,False,6.263299859982059,12.254764407090036,4,True,0.1803288583801242,5.87452,0.131759
714,716,0.1481818181818182,9.37156859734783,0.1390909090909091,0.1572727272727273,8.471568597347831,10.171568597347829,False,23.955192296524054,29.94665684363203,4,False,8.154368649418303e-05,11.1928,0.172347
715,717,0.14272727272727273,6.838519357288612,0.1390909090909091,0.1481818181818182,6.6385193572886125,7.338519357288611,False,288.7278071371378,294.71927168424577,4,False,2.9242188415098088e-61,11.3491,0.19465
716,718,0.5363636363636364,6.7594104478942665,0.4909090909090909,0.6,6.059410447894268,7.559410447894267,False,45.81675637500929,51.80822092211727,4,False,2.688858082202735e-09,5.24428,0.365859
717,719,0.015454545454545453,11.950277811898609,0.014090909090909091,0.018636363636363642,10.850277811898613,13.7502778118986,False,11.675335283187545,17.666799830295524,4,False,0.019936143144922168,14.8159,0.017874
718,720,1.4,10.093936459433843,1.4,1.4,10.093936459433843,10.093936459433843,False,923322.9260665849,923328.917531132,4,False,0.0,13.9877,0.14113
719,721,0.15,5.6557046091184695,0.1409090909090909,0.1590909090909091,5.055704609118472,6.555704609118466,False,20.79572858740121,26.78719313450919,4,False,0.00034760690551251266,8.76664,0.194269
720,722,0.6,12.044929085123096,0.5,0.7090909090909091,10.644929085123099,13.344929085123091,False,45.967134377394174,51.95859892450214,4,False,2.501942783835305e-09,16.0246,0.762813
722,724,0.08727272727272728,5.085390353034416,0.07818181818181819,0.09727272727272727,3.885390353034415,5.9853903530344175,True,40.760907150347954,46.75237169745594,4,False,3.012301152227608e-08,5.70935,0.086759
723,725,1.4,11.548497776050867,1.4,1.4,11.548497776050867,11.548497776050867,False,16687.50764322806,16693.499107775166,4,False,0.0,18.1661,0.60407
725,727,0.4272727272727273,7.696720023215067,0.4181818181818182,0.44545454545454544,7.696720023215067,7.796720023215068,False,577.7191009392205,583.7105654863285,4,False,1.0282028429334973e-123,13.7241,0.578629
726,728,0.4,20.30418197660576,0.3909090909090909,0.4090909090909091,20.30418197660576,20.30418197660576,False,26619.58721557669,26625.5786801238,4,False,0.0,27.1878,0.232769
727,729,0.9181818181818182,21.36276130709632,0.9,0.9363636363636364,21.36276130709632,21.36276130709632,False,15575.460095055463,15581.451559602569,4,False,0.0,29.2513,0.754343
728,730,0.1590909090909091,6.939493810301919,0.15181818181818182,0.16636363636363638,6.2394938103019175,7.739493810301919,False,30.91788481864553,36.909349365753506,4,False,3.1817682307436127e-06,7.78201,0.175496
730,732,0.2181818181818182,5.341764613976986,0.19454545454545452,0.2363636363636364,4.641764613976987,5.7417646139769865,False,10.074267637177453,16.06573218428543,4,False,0.03919506422994296,5.89957,0.220227
732,734,0.025454545454545452,8.879133092258623,0.02181818181818182,0.028181818181818183,7.379133092258628,10.079133092258617,False,24.62445226549086,30.61591681259884,4,False,5.9857533451529064e-05,11.5111,0.028879
734,736,0.44545454545454544,20.16565007803152,0.44545454545454544,0.4545454545454546,20.16565007803152,20.16565007803152,False,18971.57165152524,18977.56311607235,4,False,0.0,27.2308,0.353988
735,737,0.014090909090909091,4.0,0.012272727272727272,0.015454545454545453,2.5,5.1000000000000005,False,6.247694004641249,12.239158551749227,4,True,0.18139822321505664,5.30615,0.015143
738,740,0.017727272727272727,3.9,0.014090909090909091,0.022727272727272728,1.6,6.300000000000002,True,11.61055925577714,17.60202380288512,4,False,0.020494865223897055,4.39314,0.017896
739,741,0.029090909090909087,2.9000000000000004,0.026363636363636363,0.03363636363636364,1.8,4.2,True,8.993144310308201,14.984608857416179,4,True,0.06127106920231346,3.65388,0.02952
741,743,0.16818181818181818,20.97998039166573,0.1572727272727273,0.19454545454545452,19.879980391665715,22.079980391665746,False,18.40053115803763,24.391995705145607,4,False,0.0010303550556590131,23.3756,0.188545
742,744,0.06,21.24955320721555,0.05181818181818182,0.06727272727272728,19.749553207215527,22.54955320721557,False,3.473596127035812,9.465060674143789,4,True,0.4819044522596333,21.0101,0.046602
743,745,0.06181818181818183,19.329987258215052,0.0609090909090909,0.06818181818181819,19.329987258215052,20.429987258215068,False,31.769949233303873,37.76141378041186,4,False,2.1317859271143253e-06,23.5562,0.073328
744,746,0.01636363636363636,11.30174097030342,0.014090909090909091,0.01909090909090909,9.801740970303424,12.801740970303412,False,18.042298585669837,24.03376313277781,4,False,0.0012108272153905112,14.5894,0.019871
746,748,1.4,29.653631212455238,1.4,1.4,29.653631212455238,29.653631212455238,False,335027.795692961,335033.7871575081,4,False,0.0,38.0394,0.379224
747,749,0.4181818181818182,15.243976990218178,0.3727272727272728,0.4636363636363636,14.243976990218178,16.14397699021817,False,9.244639528051527,15.236104075159506,4,True,0.05526721431024168,17.0425,0.419114
749,751,0.2181818181818182,19.927700117934677,0.2181818181818182,0.2272727272727273,19.927700117934677,19.927700117934677,False,5914.286591850125,5920.278056397233,4,False,0.0,27.0518,0.300315
750,752,0.13181818181818186,7.205246474539035,0.12454545454545456,0.1409090909090909,6.405246474539039,8.005246474539032,True,24.156487615583213,30.147952162691197,4,False,7.430786655772352e-05,7.40619,0.137217
753,755,0.01,7.848693782588767,0.01,0.01,7.448693782588768,8.148693782588765,False,1815.1865017664147,1821.1779663135226,4,False,0.0,13.234,0.011675
754,756,0.02363636363636364,6.224434314577068,0.02363636363636364,0.02363636363636364,6.224434314577068,6.224434314577068,False,6525.458595599179,6531.450060146287,4,False,0.0,10.9168,0.023788
756,758,0.026363636363636363,7.289590133838682,0.02363636363636364,0.029090909090909087,6.089590133838687,8.489590133838679,False,18.620002992223803,24.611467539331773,4,False,0.000933203700002234,9.20948,0.028447
757,759,0.3363636363636364,12.648836806406088,0.3090909090909091,0.3636363636363637,11.94883680640609,13.248836806406086,False,176.21902619264102,182.210490739749,4,False,4.8355817487811575e-37,16.161,0.412897
758,760,0.025454545454545452,5.319826827686648,0.024545454545454544,0.028181818181818183,5.01982682768665,6.419826827686645,False,269.33107482726183,275.32253937436974,4,False,4.4460028654261635e-57,9.52514,0.033949
760,762,0.8909090909090909,13.00193526227782,0.7090909090909091,0.9454545454545454,11.30193526227782,13.20193526227782,False,546.4215069126283,552.4129714597361,4,False,6.083616923974238e-117,8.89971,0.492572
761,763,0.028181818181818183,3.718225184647155,0.024545454545454544,0.031818181818181815,2.1182251846471534,5.018225184647156,True,7.082039036464084,13.073503583572064,4,True,0.13161583140421915,4.90323,0.02944
762,764,0.09909090909090908,7.545559970059593,0.09727272727272727,0.1,7.545559970059593,7.745559970059593,False,600.6710356547262,606.6625002018343,4,False,1.1091549255126213e-128,10.8424,0.121177
763,765,0.10636363636363637,3.853907289443225,0.09909090909090908,0.11545454545454545,2.953907289443224,4.753907289443225,False,18.137771968893528,24.129236516001505,4,False,0.0011598832667947564,4.85581,0.116393
764,766,0.08818181818181818,30.1040341243752,0.08727272727272728,0.09090909090909093,30.1040341243752,30.2040341243752,False,2108.8020093665964,2114.7934739137045,4,False,0.0,36.1879,0.107321
765,767,0.9636363636363636,30.154687432431537,0.8363636363636364,1.1272727272727274,28.95468743243152,31.354687432431554,False,4.200575351589876,10.192039898697855,4,True,0.3795409548822691,33.8151,0.9533
767,769,0.2363636363636364,9.637783535156467,0.2181818181818182,0.2545454545454545,9.137783535156467,10.237783535156463,False,5.408674824269114,11.400139371377092,4,True,0.24787442657446102,9.70966,0.199972
768,770,0.06636363636363636,10.766782554526612,0.05909090909090909,0.07545454545454545,9.466782554526617,12.266782554526609,False,0.40451394099918303,6.395978488107161,4,True,0.9821056680653604,9.65815,0.053105
770,772,0.3181818181818182,4.0,0.3,0.3363636363636364,3.6,4.4,False,29.051666464240032,35.04313101134802,4,False,7.63072318486416e-06,3.31225,0.274373
771,773,0.02363636363636364,8.460780853267636,0.02181818181818182,0.026363636363636363,7.660780853267639,9.560780853267632,True,22.580180211779837,28.57164475888782,4,False,0.00015357878723971038,9.50101,0.023119
773,775,0.13545454545454547,7.172201182351179,0.12636363636363634,0.14454545454545453,6.372201182351178,7.972201182351179,False,3.311700218573183,9.303164765681164,4,True,0.5070805998202929,5.73992,0.121081
775,777,0.15545454545454546,22.16129829559377,0.1409090909090909,0.16818181818181818,20.861298295593762,23.4612982955938,False,179.2385861347955,185.2300506819034,4,False,1.0865662685360851e-37,26.8582,0.192016
776,778,0.8636363636363636,32.68560728551924,0.7,1.0363636363636364,31.185607285519215,34.18560728551926,False,4.259918726752153,10.251383273860133,4,True,0.371971015950789,36.5854,0.846811
778,780,0.045454545454545456,10.66565212520623,0.045454545454545456,0.045454545454545456,10.66565212520623,10.66565212520623,False,4595.757860794944,4601.749325342052,4,False,0.0,14.7396,0.048908
779,781,0.2,6.558430030189575,0.18363636363636365,0.2181818181818182,6.058430030189575,7.158430030189575,False,12.875149988760713,18.86661453586869,4,False,0.0119022223966377,8.28587,0.230489
780,782,0.03,8.140019664025898,0.027272727272727268,0.03545454545454545,6.840019664025903,9.540019664025891,False,16.821377245890865,22.812841792998853,4,False,0.0020936580241573176,10.9289,0.03694
781,783,0.6727272727272727,10.643825317270354,0.5818181818181818,0.7636363636363637,9.643825317270355,11.64382531727035,False,18.692370178263236,24.683834725371213,4,False,0.0009031993834220344,12.1119,0.66123
782,784,0.7454545454545455,14.168293435683696,0.6181818181818182,0.9454545454545454,12.868293435683704,15.868293435683693,False,10.678790010129326,16.670254557237307,4,False,0.030421318002841383,16.2467,0.751626
783,785,0.05454545454545455,4.387997260792076,0.05,0.05909090909090909,3.587997260792076,5.2879972607920775,True,9.234302263437916,15.225766810545895,4,True,0.055502538951458125,4.56887,0.052594
784,786,0.01,4.0480062937408,0.01,0.01,4.0480062937408,4.448006293740797,False,6784.278391688511,6790.269856235619,4,False,0.0,10.8856,0.010555
785,787,0.2272727272727273,10.889651798702326,0.2,0.2545454545454545,10.289651798702328,11.589651798702324,True,6.050309281857637,12.041773828965617,4,True,0.19542251698206486,11.4483,0.204244
786,788,0.24545454545454545,6.4563913649313625,0.2363636363636364,0.2636363636363636,6.156391364931362,6.9563913649313625,False,43.458041680053924,49.44950622716189,4,False,8.313557001610559e-09,8.39972,0.289133
787,789,0.5363636363636364,0.0,0.5272727272727272,0.5454545454545454,0.0,0.0,False,212.99042508006735,218.98188962717532,4,False,6.040960102990467e-45,2.12959,0.540695
788,790,0.06636363636363636,4.306994480030427,0.06,0.07163636363636364,3.2069944800304264,5.206994480030428,True,14.202996642823374,20.19446118993136,4,False,0.006674577991860949,5.14476,0.067674
789,791,0.16636363636363638,9.539634337726019,0.1572727272727273,0.1863636363636364,8.639634337726024,10.539634337726016,False,118.10501703597565,124.09648158308364,4,False,1.3562900059474554e-24,12.5173,0.209647
790,792,0.11545454545454545,3.3953237135590104,0.11363636363636365,0.11545454545454545,3.3953237135590104,3.4953237135590105,False,279.92346844055044,285.9149329876584,4,False,2.3146875976450957e-59,7.01301,0.148945
791,793,0.2727272727272727,10.942669610664128,0.2545454545454545,0.3,10.442669610664131,11.742669610664125,False,1.8131720803081053,7.804636627416084,4,True,0.7700715772731808,11.4954,0.2492
793,795,0.2636363636363636,22.83458369770472,0.2272727272727273,0.3,21.8345836977047,23.83458369770473,False,0.7118082305482673,6.703272777656246,4,True,0.9498647815716932,24.3537,0.230583
795,797,0.15,17.354491679575506,0.13545454545454547,0.16272727272727272,16.054491679575506,18.554491679575502,True,11.775684002307925,17.767148549415907,4,False,0.019099670935844974,18.2178,0.1526
798,800,0.011363636363636364,3.97752444806405,0.01,0.013636363636363636,2.6775244480640508,5.877524448064049,False,7.775948447232372,13.76741299434035,4,True,0.1001389782686408,6.54373,0.013859
799,801,0.15545454545454546,4.444999589543885,0.15363636363636365,0.15545454545454546,4.444999589543885,4.444999589543885,False,2388.256338975581,2394.247803522689,4,False,0.0,9.04851,0.193667
800,802,0.1572727272727273,2.8162151214427613,0.15363636363636365,0.16272727272727272,2.4162151214427614,3.4162151214427614,False,26.96671372203316,32.958178269141136,4,False,2.018932267988567e-05,4.28371,0.183944
802,804,0.4,8.106569463509329,0.3727272727272728,0.4363636363636364,7.506569463509329,8.706569463509329,False,6.3617034911573285,12.353168038265308,4,True,0.17371543442056742,9.11644,0.396344
803,805,0.04818181818181819,15.638682441223896,0.040909090909090916,0.06,13.7386824412239,17.938682441223886,False,7.76880779768432,13.760272344792297,4,True,0.10042373978406216,18.1574,0.051258
804,806,0.34545454545454546,7.955571649169023,0.3181818181818182,0.3727272727272728,7.355571649169023,8.555571649169025,True,2.2035682215457078,8.195032768653686,4,True,0.6983760622515013,8.42571,0.332848
805,807,0.10090909090909092,10.966164680500476,0.09,0.11,9.966164680500482,11.966164680500475,True,33.49301352058101,39.484478067689,4,False,9.466673562993216e-07,11.8772,0.098661
806,808,0.2727272727272727,9.136497393449805,0.2636363636363636,0.2909090909090909,8.836497393449806,9.636497393449801,False,11.922620937251788,17.914085484359767,4,False,0.017936048182821195,9.46866,0.248601
807,809,0.09454545454545454,10.422945951410588,0.08545454545454545,0.10636363636363637,9.522945951410591,11.722945951410587,False,1.8110432961132847,7.802507843221264,4,True,0.7704613051209885,8.67404,0.072069
808,810,0.05454545454545455,6.433666947253497,0.052727272727272734,0.05545454545454545,6.433666947253497,6.433666947253497,False,28559.922945447568,28565.91440999468,4,False,0.0,12.7368,0.01086
811,813,0.11363636363636365,9.542853647208736,0.10454545454545457,0.12454545454545456,8.54285364720874,10.742853647208733,True,11.52801573983949,17.519480286947466,4,False,0.021228890291975337,9.78896,0.109288
812,814,0.8454545454545455,10.805769744142102,0.7454545454545455,0.9545454545454546,9.905769744142104,11.705769744142106,False,47.49997027092966,53.491434818037646,4,False,1.1997408677208413e-09,8.72334,0.529669
813,815,0.07590909090909091,13.133237893822207,0.06909090909090909,0.08363636363636362,12.03323789382221,14.233237893822205,False,7.251906264277077,13.243370811385054,4,True,0.12316003154671502,12.143,0.060605
816,818,0.509090909090909,23.843133074646634,0.44545454545454544,0.6272727272727272,22.74313307464661,25.443133074646653,False,9.88358047743765,15.875045024545631,4,False,0.04243508579508448,25.0219,0.427674
817,819,0.045454545454545456,14.054905137036505,0.04,0.05090909090909091,12.654905137036508,15.454905137036498,False,10.718775878972092,16.71024042608007,4,False,0.029913188684994325,16.1076,0.046814
818,820,0.16272727272727272,6.182966514130763,0.16090909090909092,0.16272727272727272,6.182966514130763,6.182966514130763,False,2298.482701144056,2304.4741656911638,4,False,0.0,11.6516,0.258586
819,821,0.19454545454545452,1.4,0.1781818181818182,0.2,1.0,1.6,False,39.74255763281571,45.734022179923684,4,False,4.892854727970548e-08,3.89706,0.263667
821,823,0.03636363636363636,17.809521442267155,0.030909090909090907,0.04272727272727273,16.50952144226714,19.40952144226718,False,15.853956956710038,21.845421503818017,4,False,0.003221524781085658,21.5311,0.042711
823,825,0.027272727272727268,8.235680503027103,0.02363636363636364,0.029090909090909087,6.735680503027107,8.935680503027099,False,8.208256837167683,14.199721384275662,4,True,0.08424056429864216,9.0278,0.02647
824,826,0.4909090909090909,8.913079645423869,0.4545454545454546,0.5454545454545454,8.213079645423873,9.613079645423868,False,0.9877210546951294,6.979185601803107,4,True,0.9116521280789951,9.88286,0.499542
825,827,0.040909090909090916,0.8493427978237413,0.040909090909090916,0.04181818181818182,0.8493427978237413,0.8493427978237413,False,8462.096188732408,8468.087653279517,4,False,0.0,4.58732,0.037763
826,828,0.03363636363636364,7.772633529882746,0.028181818181818183,0.03818181818181818,6.0726335298827445,8.872633529882748,False,0.919944281889466,6.911408828997445,4,True,0.9216822123121662,6.97352,0.027703
828,830,0.06818181818181819,16.548993274519948,0.06454545454545453,0.07727272727272727,15.948993274519939,18.04899327451997,False,27.813959067243136,33.80542361435111,4,False,1.360395491026519e-05,19.9347,0.077314
829,831,0.06727272727272728,14.431821542863391,0.05909090909090909,0.07390909090909091,12.931821542863394,15.531821542863385,False,1.7192931855615474,7.710757732669526,4,True,0.7872100811477789,13.8206,0.054719
830,832,0.0918181818181818,13.596145269451046,0.08090909090909093,0.10363636363636364,12.196145269451053,14.696145269451046,False,40.00757277178472,45.99903731889271,4,False,4.3128420002580223e-08,14.9508,0.089767
831,833,0.08181818181818183,3.567004950174246,0.07636363636363636,0.09,2.767004950174245,4.667004950174247,False,14.032345209749463,20.02380975685744,4,False,0.0071925354901753846,3.35596,0.076239
832,834,0.010454545454545454,10.737162062065837,0.01,0.011818181818181818,10.237162062065837,11.937162062065832,False,104.08605666658508,110.07752121369306,4,False,1.3262588171479791e-21,15.9534,0.015163
833,835,0.045454545454545456,20.751141483366197,0.04272727272727273,0.052727272727272734,19.951141483366193,22.45114148336623,False,13.548523856650714,19.53998840375869,4,False,0.008884532783690514,24.9725,0.052962
834,836,0.02363636363636364,8.766281469349646,0.02090909090909091,0.026363636363636363,7.66628146934965,9.866281469349644,False,8.117441785861871,14.108906332969848,4,True,0.0873696570844314,10.0594,0.023741
835,837,0.03,4.023907934159014,0.027272727272727268,0.034545454545454546,2.8239079341590125,5.223907934159015,False,13.879510727098241,19.87097527420622,4,False,0.00768970467940078,6.20206,0.036103
836,838,0.14454545454545453,24.304843158953947,0.13181818181818186,0.1590909090909091,23.00484315895393,25.804843158953968,False,7.745783182256523,13.737247729364505,4,True,0.10134709451203544,26.7364,0.155917
837,839,0.2272727272727273,2.7,0.2090909090909091,0.2363636363636364,2.2,2.9000000000000004,False,15.603326837086716,21.594791384194693,4,False,0.003600355493907714,3.46252,0.249073
838,840,0.10818181818181817,12.061022794326195,0.08909090909090908,0.12454545454545456,9.961022794326203,13.961022794326189,True,69.93322818755499,75.92469273466297,4,False,2.344725482521042e-14,12.1341,0.102358
839,841,0.15,5.599544743159643,0.14454545454545453,0.1590909090909091,5.099544743159647,6.499544743159641,False,30.308126654272215,36.2995912013802,4,False,4.235997544456638e-06,8.78826,0.192114
840,842,0.026363636363636363,12.066178323899345,0.02090909090909091,0.03363636363636364,9.566178323899354,14.566178323899337,False,14.024254035055895,20.01571858216388,4,False,0.00721804782895338,14.8783,0.028656
841,843,0.01636363636363636,10.992676191641474,0.014545454545454544,0.018636363636363642,9.792676191641476,12.292676191641467,False,17.373113643196994,23.36457819030497,4,False,0.0016354818770854189,13.2932,0.017887
842,844,0.1809090909090909,12.258054034953895,0.16090909090909092,0.2,10.958054034953902,12.958054034953895,False,32.30756334452707,38.29902789163505,4,False,1.6552425279757225e-06,14.9492,0.221741
843,845,0.5,6.699709736204011,0.4636363636363636,0.5636363636363636,6.199709736204011,7.499709736204012,False,13.438723231388893,19.430187778496872,4,False,0.00931965239788426,5.64008,0.395493
845,847,0.2272727272727273,10.0222328459474,0.2181818181818182,0.24545454545454545,9.6222328459474,10.522232845947398,False,2.29882471921568,8.290289266323661,4,True,0.6809830411950937,10.3436,0.204342
846,848,0.5454545454545454,13.819991502046589,0.4818181818181818,0.6090909090909089,12.919991502046594,14.719991502046588,False,1.5167215306008042,7.508186077708782,4,True,0.8236753877385568,16.2356,0.604367
847,849,0.06909090909090909,13.571007175007455,0.0609090909090909,0.07681818181818181,12.17100717500746,14.871007175007449,False,3.914236717133672,9.90570126424165,4,True,0.4177370581295485,12.8565,0.055915
848,850,0.10818181818181817,3.47962048155531,0.10272727272727274,0.11363636363636365,2.879620481555309,4.279620481555311,False,45.77518966719718,51.766654214305156,4,False,2.742939849303426e-09,5.28195,0.125495
849,851,0.09636363636363636,8.594977080633535,0.09454545454545454,0.0981818181818182,8.594977080633535,8.594977080633535,False,42108.42515876296,42114.41662331007,4,False,0.0,12.7413,0.042593
850,852,0.014545454545454544,10.691918123796947,0.014090909090909091,0.015,10.491918123796948,11.091918123796944,False,170.17641902539197,176.16788357249993,4,False,9.585258043089367e-36,16.0686,0.02089
851,853,0.06181818181818183,14.645454443968482,0.05545454545454545,0.06818181818181819,13.545454443968485,15.745454443968477,False,18.908819845131237,24.900284392239218,4,False,0.0008190331235670065,16.8094,0.064427
852,854,0.06,14.704887296270408,0.05,0.06909090909090909,13.004887296270411,16.404887296270402,True,5.58893117654589,11.580395723653867,4,True,0.2320222498715013,16.2387,0.058311
853,855,0.07281818181818181,4.350145081115178,0.06727272727272728,0.08,3.3501450811151785,5.45014508111518,False,6.888441514803535,12.879906061911516,4,True,0.14190233900535254,3.69614,0.066264
854,856,0.2545454545454545,7.796192858243472,0.2363636363636364,0.2727272727272727,7.296192858243474,8.39619285824347,False,8.061410109417885,14.052874656525864,4,True,0.08935438959444117,9.05117,0.27321
855,857,0.10454545454545457,9.330710160002068,0.0918181818181818,0.11363636363636365,8.030710160002071,10.330710160002065,True,15.902826348980453,21.894290896088428,4,False,0.003152366753098855,9.9007,0.101554
856,858,0.16090909090909092,10.660136375528335,0.15363636363636365,0.17,9.86013637552834,11.560136375528336,True,4.271189218316833,10.262653765424814,4,True,0.3705467041649647,10.228,0.158482
857,859,0.13363636363636364,6.557114063310142,0.12636363636363634,0.14272727272727273,5.857114063310143,7.357114063310143,True,9.318589789508813,15.310054336616792,4,True,0.053611290619700526,6.07117,0.132785
858,860,0.02090909090909091,8.179139409969343,0.017727272727272727,0.024545454545454544,6.5791394099693425,9.779139409969344,True,1.6270000695991111,7.61846461670709,4,True,0.8039314007693094,8.58859,0.01911
860,862,0.04363636363636364,6.728681965215558,0.04363636363636364,0.04363636363636364,6.728681965215558,6.828681965215558,False,599.0285056377904,605.0199701848984,4,False,2.5146516060607664e-128,10.3369,0.052253
861,863,1.4,6.384160639200765,1.4,1.4,6.384160639200765,6.384160639200765,False,646795.772301105,646801.7637656521,4,False,0.0,10.4258,0.044029
862,864,0.015,11.766272564161318,0.014090909090909091,0.018636363636363642,11.06627256416132,13.86627256416131,False,87.68877722828087,93.68024177538885,4,False,4.0769188769900065e-18,17.2039,0.021261
863,865,1.4,5.496326728021098,1.4,1.4,5.496326728021098,5.496326728021098,False,551093.0709800476,551099.0624445947,4,False,0.0,8.56264,0.12157
865,867,0.026363636363636363,14.682581369709336,0.022727272727272728,0.03,12.982581369709346,16.182581369709332,False,11.694771800687953,17.686236347795933,4,False,0.01977139779842421,17.3099,0.028133
866,868,0.028181818181818183,3.7,0.026363636363636363,0.030909090909090907,2.9000000000000004,4.7,True,3.6578033199503928,9.649267867058372,4,True,0.4542929023213227,3.88656,0.027193
868,870,0.4,4.1000000000000005,0.3727272727272728,0.4545454545454546,3.7,4.9,False,12.175029956749945,18.166494503857926,4,False,0.016096069037379958,3.74039,0.355002
869,871,0.06636363636363636,9.577546195152076,0.058181818181818175,0.07390909090909091,8.077546195152081,10.877546195152073,False,0.2368630044903721,6.228327551598351,4,True,0.993516863900892,8.01397,0.05146
870,872,0.1863636363636364,1.2000000000000002,0.17545454545454547,0.2,0.9,1.5,False,10.55337288085548,16.544837427963458,4,False,0.03206968023821635,1.72425,0.198511
871,873,0.01636363636363636,3.0160479995313274,0.01590909090909091,0.017272727272727273,3.0160479995313274,3.216047999531328,False,838.2770163710063,844.2684809181143,4,False,3.925104565340567e-180,8.14094,0.022236
872,874,0.2181818181818182,1.6,0.2090909090909091,0.2363636363636364,1.4,2.0,False,24.60926696806458,30.60073151517256,4,False,6.0279340358873325e-05,3.84881,0.286368
873,875,0.3545454545454545,6.986308790349944,0.3272727272727273,0.3818181818181817,6.3863087903499425,7.486308790349944,False,8.533240016172616,14.524704563280597,4,True,0.07388605158621403,7.49796,0.350584
874,876,0.014090909090909091,7.96286236719404,0.012272727272727272,0.01681818181818182,6.362862367194046,9.762862367194034,False,22.53966566882832,28.531130215936304,4,False,0.00015646328131291236,11.685,0.018365
876,878,0.07445454545454545,4.475425967593164,0.06818181818181819,0.08,3.4754259675931634,5.375425967593165,True,10.169433902776207,16.160898449884186,4,False,0.03766828663607282,4.26397,0.069881
878,880,0.014545454545454544,8.852045712953073,0.013636363636363636,0.01681818181818182,8.052045712953076,10.152045712953068,False,11.274971732970338,17.266436280078313,4,False,0.023641477006715938,10.7633,0.0158
880,882,0.09909090909090908,10.132734575031998,0.08909090909090908,0.10818181818181817,9.232734575032001,11.232734575031994,False,1.4392548152559397,7.430719362363917,4,True,0.8373444501134008,8.43176,0.075244
882,884,0.018636363636363642,11.841611929486266,0.01590909090909091,0.02181818181818182,10.54161192948627,13.44161192948626,False,25.968708910646807,31.960173457754784,4,False,3.2107680468203644e-05,16.267,0.025114
883,885,0.058181818181818175,13.572462532663973,0.05090909090909091,0.06636363636363636,12.372462532663974,15.072462532663968,False,18.099003566809262,24.090468113917236,4,False,0.0011803093381105784,16.126,0.062742
884,886,0.15181818181818182,11.09183802154144,0.1390909090909091,0.16090909090909092,9.891838021541442,11.891838021541435,True,14.631936696371923,20.623401243479897,4,False,0.005528765173397961,11.7632,0.160129
885,887,0.09636363636363636,4.52563062827784,0.08818181818181818,0.10545454545454544,3.62563062827784,5.42563062827784,False,22.65868067302934,28.65014522013732,4,False,0.00014813915025974067,5.89987,0.105086
886,888,0.028181818181818183,11.231101067018628,0.024545454545454544,0.03272727272727273,9.631101067018633,12.731101067018624,True,3.0333228563527745,9.024787403460751,4,True,0.5522644700103911,11.9273,0.026097
888,890,0.3,0.7000000000000001,0.2818181818181818,0.3181818181818182,0.4,1.1,False,72.30892269727838,78.30038724438636,4,False,7.38461587463675e-15,2.35311,0.310601
890,892,0.06,9.937952119924807,0.053636363636363635,0.06909090909090909,8.737952119924811,11.437952119924804,True,16.69068920854171,22.68215375564969,4,False,0.002219515637405581,11.1569,0.060029
891,893,0.017727272727272727,10.177803899225196,0.015,0.02181818181818182,8.6778038992252,12.177803899225188,True,3.1694048007802813,9.16086934788826,4,True,0.5298867234432934,12.0032,0.018515
892,894,0.01,8.943098195099846,0.01,0.01,8.743098195099849,9.143098195099848,False,2906.6345706111897,2912.6260351582982,4,False,0.0,14.0306,0.013499
893,895,0.01818181818181818,7.5834635134801625,0.01636363636363636,0.02,6.583463513480165,8.583463513480156,False,7.738336586064285,13.729801133172266,4,True,0.10164741676752832,8.98201,0.018821
894,896,0.04,11.256206147715266,0.03545454545454545,0.04636363636363637,10.056206147715269,12.956206147715259,False,0.7976391876653307,6.78910373477331,4,True,0.9387642839234424,11.5766,0.03532
895,897,0.04727272727272727,14.161932466308462,0.04181818181818182,0.05454545454545455,12.761932466308467,15.661932466308455,True,5.26665712962529,11.25812167673327,4,True,0.2610144845906533,14.9865,0.043706
896,898,0.028181818181818183,4.477464543882027,0.025454545454545452,0.031818181818181815,3.2774645438820262,5.677464543882028,True,13.707769210347966,19.699233757455946,4,False,0.00828858226776613,5.48375,0.028808
897,899,0.3363636363636364,5.155943620949373,0.3181818181818182,0.3545454545454545,4.855943620949374,5.555943620949375,False,9.745963434131905,15.737427981239884,4,False,0.0449313615039161,6.12453,0.349815
898,900,0.017727272727272727,4.444598895745868,0.015454545454545453,0.02,3.1445988957458666,5.7445988957458685,False,12.916478075887849,18.907942622995826,4,False,0.011691190079308349,6.19964,0.019642
900,902,0.13545454545454547,4.723386879862384,0.12818181818181815,0.14272727272727273,4.123386879862384,5.323386879862385,False,26.98628856444827,32.97775311155625,4,False,2.000619559306016e-05,5.7953,0.153467
901,903,0.013181818181818182,9.053910729575088,0.011818181818181818,0.014545454545454544,7.853910729575093,10.253910729575084,False,13.239004649322569,19.230469196430548,4,False,0.010165137869663023,12.0449,0.01587
903,905,0.01818181818181818,9.164453147278321,0.015454545454545453,0.02181818181818182,7.6644531472783255,11.064453147278314,False,9.326631780058824,15.318096327166804,4,True,0.053434091289175686,11.4437,0.019721
905,907,0.08909090909090908,7.0043705487180175,0.08090909090909093,0.10181818181818182,5.904370548718022,8.304370548718014,False,5.398285996338164,11.389750543446144,4,True,0.24881594626551398,6.34604,0.077687
906,908,0.014545454545454544,14.205876578043387,0.012272727272727272,0.017727272727272727,12.405876578043394,16.20587657804338,False,21.023583196411984,27.015047743519965,4,False,0.00031327795329590965,17.8041,0.017394
907,909,0.031818181818181815,4.068960479000392,0.029090909090909087,0.03636363636363636,3.268960479000392,5.268960479000391,True,9.709777813398915,15.701242360506894,4,False,0.0456107482079989,4.69359,0.031327
908,910,0.1590909090909091,11.319400941855767,0.15,0.16636363636363638,10.619400941855767,12.119400941855767,False,30.682984995241352,36.67444954234933,4,False,3.552762556286357e-06,11.9956,0.167927
909,911,0.013181818181818182,3.2,0.01090909090909091,0.015,1.4,4.7,True,3.946719305755468,9.938183852863446,4,True,0.4132646289587408,4.22214,0.013953
910,912,0.039090909090909086,4.632015542473501,0.03363636363636364,0.04363636363636364,3.3320155424735,5.832015542473504,True,4.61148411612686,10.602948663234839,4,True,0.3295322401757121,4.82584,0.036931
911,913,0.4181818181818182,12.326626143381713,0.3818181818181817,0.4636363636363636,11.526626143381716,13.02662614338171,False,4.635558470245213,10.627023017353194,4,True,0.3267749468062433,14.3718,0.454139
912,914,0.017272727272727273,9.853890117792027,0.01590909090909091,0.01909090909090909,9.05389011779203,10.853890117792025,False,32.68354938265611,38.67501392976409,4,False,1.386599267735833e-06,12.4757,0.019557
913,915,0.049090909090909095,10.950053643598428,0.045454545454545456,0.05454545454545455,10.050053643598432,12.050053643598426,False,10.687354199297367,16.678818746405348,4,False,0.030311790548204324,12.7094,0.051249
916,918,0.2272727272727273,14.2662831985245,0.2090909090909091,0.24545454545454545,13.766283198524507,14.7662831985245,False,2.1233088693082047,8.114773416416185,4,True,0.7130914181659425,14.9195,0.199676
917,919,0.012272727272727272,9.913644236260476,0.01,0.014090909090909091,8.01364423626048,11.613644236260466,False,11.281056665562826,17.272521212670807,4,False,0.02358046169159238,12.726,0.014262
919,921,0.04363636363636364,4.276298660141272,0.04,0.04727272727272727,3.276298660141272,5.076298660141271,True,5.5746418431121425,11.56610639022012,4,True,0.2332458962306928,4.22357,0.04136
920,922,0.1190909090909091,7.862831136170893,0.11,0.12818181818181815,6.762831136170898,8.86283113617089,False,26.11312966119721,32.104594208305194,4,False,3.002514693618167e-05,10.3712,0.14762
921,923,0.11727272727272728,6.379002936071228,0.1090909090909091,0.13,5.479002936071226,7.679002936071228,False,3.291027832584958,9.282492379692936,4,True,0.5103550736963762,5.57992,0.106051
923,925,0.15,6.093594068521824,0.1390909090909091,0.15545454545454546,5.193594068521823,6.593594068521824,False,24.715024368186466,30.706488915294447,4,False,5.740189466455902e-05,7.98486,0.175896
924,926,0.01,14.24558891912833,0.01,0.01090909090909091,13.945588919128332,15.145588919128327,False,29.121460277495213,35.11292482460318,4,False,7.385590417179274e-06,16.5997,0.011351
925,927,0.15,2.4000000000000004,0.14454545454545453,0.15363636363636365,1.9,2.7,False,26.802959536129237,32.79442408323722,4,False,2.1788052146409612e-05,2.00578,0.156566
926,928,0.015,3.781051928236215,0.013636363636363636,0.01590909090909091,2.6810519282362146,4.381051928236214,False,14.659745300299326,20.6512098474073,4,False,0.005461539975571638,5.92138,0.018038
927,929,0.01,14.97270485877898,0.01,0.01090909090909091,14.672704858778982,15.872704858778976,False,40.31705806004011,46.30852260714809,4,False,3.721753030217693e-08,17.0959,0.011042
928,930,0.2727272727272727,12.197750730939484,0.2545454545454545,0.3,11.79775073093949,12.897750730939483,False,10.418630045637258,16.41009459274524,4,False,0.033936490240254615,13.24,0.263814
929,931,0.028181818181818183,9.030833499754024,0.02363636363636364,0.034545454545454546,7.0308334997540305,11.030833499754017,True,2.4578589088713634,8.449323455979343,4,True,0.6521973691084824,9.71645,0.026481
931,933,0.022727272727272728,3.7662487446931183,0.01909090909090909,0.026363636363636363,1.9662487446931165,5.366248744693119,False,7.97198841494969,13.96345296205767,4,True,0.0926097006542036,5.75224,0.025778
932,934,0.2818181818181818,8.636398437012312,0.2636363636363636,0.2909090909090909,8.136398437012312,8.936398437012313,False,2.3484528406371603,8.339917387745139,4,True,0.6719619998755393,8.75912,0.25286
934,936,0.2181818181818182,5.155460647185584,0.2,0.2272727272727273,4.655460647185585,5.4554606471855855,False,3.661941851440989,9.653406398548967,4,True,0.4536854376890215,5.00055,0.198465
935,937,0.0609090909090909,8.58862958367218,0.052727272727272734,0.06818181818181819,7.088629583672185,9.788629583672176,True,5.570701304007494,11.562165851115472,4,True,0.23358432623682585,8.42342,0.054115
936,938,0.01590909090909091,9.569655383266998,0.014090909090909091,0.01818181818181818,8.169655383267003,10.869655383266993,False,21.436317162420927,27.4277817095289,4,False,0.00025943122301182474,12.972,0.019863
937,939,0.12090909090909092,10.068270561343553,0.1090909090909091,0.13,8.868270561343557,11.068270561343551,False,24.49040777056178,30.481872317669765,4,False,6.368456265268716e-05,11.472,0.134072
939,941,0.12636363636363634,8.757228294782442,0.11727272727272728,0.13727272727272727,7.757228294782445,9.757228294782436,False,28.640279493634488,34.63174404074247,4,False,9.249218831160136e-06,10.01,0.138906
940,942,0.02181818181818182,10.066814253742447,0.01818181818181818,0.025454545454545452,8.36681425374245,11.56681425374244,False,5.903708590955776,11.895173138063756,4,True,0.20645570673363148,11.8246,0.02264
942,944,0.13363636363636364,8.52218464650907,0.12272727272727273,0.14454545454545453,7.4221846465090735,9.522184646509066,False,1.751823161754528,7.743287708862507,4,True,0.7812837622912465,7.27116,0.119683
945,947,0.3090909090909091,11.200147471890887,0.2909090909090909,0.3363636363636364,10.70014747189089,11.900147471890886,False,5.320806249652903,11.312270796760886,4,True,0.2559354946995209,12.6193,0.316421
946,948,0.3545454545454545,0.8145944896500358,0.34545454545454546,0.3727272727272728,0.6145944896500358,1.1145944896500355,False,83.9629524980456,89.95441704515358,4,False,2.517432592921717e-17,6.01061,0.513189
947,949,0.11,7.972561375819062,0.09909090909090908,0.12090909090909092,6.6725613758190665,9.172561375819058,False,12.070985424196484,18.062449971304464,4,False,0.01683113242868121,9.32162,0.121532
950,952,0.015454545454545453,12.522458466106634,0.013636363636363636,0.017272727272727273,11.122458466106641,13.622458466106632,False,43.6385558344664,49.63002038157438,4,False,7.626230001119108e-09,16.4273,0.019422
952,954,0.12454545454545456,6.474115954373254,0.11545454545454545,0.13363636363636364,5.474115954373257,7.37411595437325,False,37.960044778040036,43.95150932514802,4,False,1.1420286011723896e-07,8.76716,0.149394
953,955,0.3545454545454545,0.0,0.3545454545454545,0.3636363636363637,0.0,0.0,False,207.18369311215005,213.175157659258,4,False,1.071841334108383e-43,2.61601,0.339581
957,959,0.024545454545454544,6.9878805693206525,0.024545454545454544,0.026363636363636363,6.887880569320653,7.787880569320649,False,59.682438947561366,65.67390349466935,4,False,3.3826307393643154e-12,11.2733,0.033316
961,963,0.018636363636363642,11.632472232917664,0.01590909090909091,0.022727272727272728,10.032472232917673,13.43247223291766,False,17.523934689183406,23.51539923629139,4,False,0.0015284923947310348,15.4366,0.023762
964,966,0.03636363636363636,3.797314811058975,0.030909090909090907,0.040909090909090916,2.397314811058973,4.997314811058977,True,8.191784381686308,14.183248928794287,4,True,0.08480019569693235,4.84853,0.03815
971,973,0.12454545454545456,9.601976914794683,0.11727272727272728,0.13545454545454547,8.701976914794686,10.70197691479468,False,35.703852951459325,41.69531749856731,4,False,3.329373952963041e-07,11.9173,0.151616
981,983,0.03545454545454545,9.960699580300727,0.03545454545454545,0.03636363636363636,9.960699580300727,10.260699580300727,False,455.5859398325965,461.5774043797045,4,False,2.6928541064705337e-97,14.3187,0.045414
992,994,0.16272727272727272,11.209617509306222,0.15363636363636365,0.18363636363636365,10.309617509306225,12.209617509306215,False,32.176570299557426,38.16803484666541,4,False,1.7605364398171416e-06,12.6591,0.184342
1001,1003,0.1409090909090909,2.246209628302258,0.13727272727272727,0.1481818181818182,1.8462096283022584,2.846209628302258,False,11.477599624268253,17.469064171376232,4,False,0.021689695944356137,3.3255,0.162528
1012,1014,0.040909090909090916,1.572541170947142,0.04,0.04454545454545455,1.572541170947142,2.5725411709471433,False,47.73328332568529,53.72474787279327,4,False,1.0726705574792945e-09,4.68253,0.049725
1021,1023,0.15,8.945436794432178,0.1409090909090909,0.1590909090909091,8.14543679443218,9.845436794432176,True,9.688455489035672,15.67992003614365,4,False,0.04601567034953053,9.2482,0.156466
1030,1032,0.02,12.70395069327112,0.01590909090909091,0.024545454545454544,10.303950693271126,14.603950693271113,True,9.243640740686438,15.235105287794413,4,True,0.05528990982546286,14.3181,0.019775
1031,1033,0.3,5.800000000000002,0.2545454545454545,0.3727272727272728,4.3,7.4,False,302.87950961204416,308.87097415915207,4,False,2.5920799246424315e-64,2.76585,0.197802
1032,1034,0.8727272727272728,3.079571274268398,0.8636363636363636,0.8818181818181818,3.079571274268398,3.079571274268398,False,37768.239071009055,37774.23053555616,4,False,0.0,5.81235,0.110385
1033,1035,0.2545454545454545,18.817741546746674,0.2181818181818182,0.3090909090909091,17.617741546746657,20.317741546746696,False,9.539813163675564,15.531277710783545,4,False,0.04893557255913386,23.4578,0.364982
1034,1036,0.012727272727272728,10.97101114025322,0.011363636363636364,0.015,9.771011140253224,12.871011140253213,False,17.814222070228144,23.80568661733612,4,False,0.001341645746673784,15.8405,0.018322
1036,1038,0.2181818181818182,0.8,0.2,0.2363636363636364,0.5,1.2000000000000002,False,45.189610039965274,51.18107458707325,4,False,3.630924788462384e-09,3.29329,0.281266
1037,1039,1.4,11.68380090867564,1.4,1.4,11.68380090867564,11.68380090867564,False,5651.560654894424,5657.552119441532,4,False,0.0,18.2038,1.12232
1038,1040,0.3909090909090909,6.112296375426504,0.3818181818181817,0.3909090909090909,6.112296375426504,6.112296375426504,False,41524.60598407459,41530.597448621695,4,False,0.0,12.7885,0.013853
1039,1041,0.06272727272727273,9.814821984094394,0.06,0.07163636363636364,9.514821984094397,11.314821984094387,False,19.08947572103347,25.08094026814145,4,False,0.0007547598747278207,12.7344,0.072825
1041,1043,1.1909090909090907,12.462213843711616,1.1272727272727274,1.2181818181818185,12.162213843711614,12.462213843711616,False,59.81502679433914,65.8064913414471,4,False,3.1724590893267547e-12,8.22863,0.547088
1043,1045,0.1781818181818182,2.2,0.16636363636363638,0.19181818181818186,1.7000000000000002,2.6,False,28.08575961937325,34.07722416648123,4,False,1.1983557779421413e-05,3.68005,0.221213
1045,1047,0.04636363636363637,14.038998550012288,0.04,0.06272727272727273,12.738998550012296,17.338998550012278,True,4.948753626839358,10.940218173947336,4,True,0.2925962271355125,16.9745,0.051643
1046,1048,0.02,3.526081018399984,0.01818181818181818,0.024545454545454544,2.526081018399983,5.526081018399985,False,18.8323494802535,24.82381402736149,4,False,0.0008478431713891004,6.44436,0.025064
1047,1049,0.10818181818181817,5.884848139458819,0.1,0.11727272727272728,4.884848139458819,6.88484813945882,True,9.362886093696336,15.354350640804315,4,True,0.05264216897726327,6.18093,0.108017
1048,1050,0.08181818181818183,10.964042823261003,0.07,0.09636363636363636,9.064042823261012,12.664042823261001,True,4.923984418686478,10.915448965794456,4,True,0.29518647522882924,10.9121,0.07236
1050,1052,0.019545454545454543,24.73087449850853,0.018636363636363642,0.022727272727272728,24.63087449850853,26.430874498508555,False,46.11265941687539,52.10412396398336,4,False,2.3334183139125222e-09,31.4355,0.028947
1051,1053,1.4,26.110715036659442,1.4,1.4,26.110715036659442,26.110715036659442,False,58477.384704465556,58483.37616901266,4,False,0.0,31.5515,0.105439
1052,1054,0.028181818181818183,4.885825722106924,0.025454545454545452,0.03272727272727273,3.785825722106924,6.385825722106925,True,12.270426084002832,18.26189063111081,4,False,0.015449619051648713,5.93153,0.028467
1053,1055,0.01681818181818182,2.456081441693974,0.014545454545454544,0.01909090909090909,1.1560814416939744,3.7560814416939734,False,22.09338271623753,28.08484726334552,4,False,0.00019202186504556083,5.02134,0.020328
1054,1056,0.4090909090909091,1.5275415308358165,0.4,0.4090909090909091,1.5275415308358165,1.5275415308358165,False,107.1065835948621,113.09804814197008,4,False,3.012463864286473e-22,7.24133,0.578587
1056,1058,0.09,19.315668358202245,0.07863636363636364,0.10363636363636364,17.81566835820225,20.61566835820224,False,5.94080359616905,11.932268143277028,4,True,0.2036129278671283,19.3656,0.07491
1057,1059,0.031818181818181815,16.262504352990113,0.031818181818181815,0.031818181818181815,16.262504352990113,16.262504352990113,False,10393.880629750389,10399.872094297494,4,False,0.0,21.9418,0.034782
1059,1061,0.2181818181818182,0.7000000000000001,0.2090909090909091,0.2363636363636364,0.5,1.1,False,51.28447777544986,57.27594232255785,4,False,1.946649961450163e-10,2.35219,0.260428
1060,1062,0.10363636363636364,10.358654508686051,0.09454545454545454,0.11363636363636365,9.458654508686053,11.558654508686045,False,27.496062770937954,33.48752731804593,4,False,1.577756163501307e-05,11.8802,0.110496
1061,1063,0.05090909090909091,10.932694225657823,0.04818181818181819,0.06,10.532694225657826,12.53269422565782,False,19.27719506238466,25.26865960949264,4,False,0.0006932576303144495,14.0568,0.061322
1062,1064,0.013636363636363636,3.7452331223512583,0.012272727272727272,0.015454545454545453,2.4452331223512593,5.0452331223512585,False,9.078289521140011,15.06975406824799,4,True,0.059172128691894324,5.69065,0.015809
1063,1065,0.01909090909090909,11.563189069563437,0.01636363636363636,0.02181818181818182,9.96318906956344,12.863189069563427,False,40.26994598314653,46.261410530254494,4,False,3.806221285836287e-08,15.0977,0.023013
1064,1066,0.01909090909090909,12.785989369946087,0.01590909090909091,0.02181818181818182,10.985989369946092,14.085989369946079,False,26.87406548924377,32.86553003635175,4,False,2.1078939985517436e-05,15.781,0.021697
1065,1067,0.08909090909090908,15.472648825725615,0.07727272727272727,0.10363636363636364,13.77264882572562,16.87264882572561,False,12.363025827625465,18.354490374733444,4,False,0.014846326163784352,17.1921,0.089889
1066,1068,0.026363636363636363,8.449859177800972,0.02363636363636364,0.03,7.249859177800976,9.949859177800967,False,14.255056987514186,20.246521534622158,4,False,0.0065239737703191025,10.218,0.027672
1067,1069,0.049090909090909095,2.903502980692936,0.045454545454545456,0.053636363636363635,1.903502980692936,3.803502980692936,True,11.545602585364902,17.53706713247288,4,False,0.021070390644200583,3.51873,0.04941
1068,1070,0.025454545454545452,3.714924580507887,0.022727272727272728,0.028181818181818183,2.614924580507888,4.914924580507887,True,11.404249917019296,17.395714464127273,4,False,0.02237747683502551,4.88145,0.026555
1069,1071,0.031818181818181815,4.383358399360768,0.028181818181818183,0.03636363636363636,3.183358399360767,5.483358399360768,False,10.733367458460194,16.72483200556817,4,False,0.02972981089124372,6.22732,0.036344
1070,1072,0.12090909090909092,6.330921456473225,0.11181818181818183,0.13363636363636364,5.4309214564732216,7.430921456473224,True,6.159971881850363,12.151436428958347,4,True,0.1875157572630016,6.56038,0.125241
1071,1073,0.2909090909090909,6.4623843121725955,0.2636363636363636,0.3090909090909091,5.862384312172594,6.862384312172595,False,15.950867656248993,21.942332203356976,4,False,0.0030858054878917826,5.86702,0.257914
1072,1074,0.04727272727272727,5.598724551994595,0.045454545454545456,0.052727272727272734,5.298724551994597,6.898724551994589,False,90.22620891396495,96.21767346107292,4,False,1.1788323186320504e-18,8.57769,0.056023
1073,1075,0.04181818181818182,11.287407313229844,0.040909090909090916,0.04272727272727273,11.287407313229844,11.387407313229845,False,269.33542127774456,275.32688582485247,4,False,4.436422257082362e-57,15.3816,0.050632
1075,1077,0.07181818181818181,6.975868741079973,0.06272727272727273,0.08272727272727272,5.375868741079972,8.575868741079974,False,0.3924421745262142,6.383906721634192,4,True,0.983090996184278,5.49721,0.05894
1076,1078,0.08363636363636362,8.092140716449792,0.07590909090909091,0.0981818181818182,6.992140716449796,9.592140716449787,True,9.539382038363199,15.530846585471178,4,False,0.04894429375997582,8.14225,0.077226
1077,1079,0.07363636363636364,6.596625477412751,0.06636363636363636,0.08090909090909093,5.39662547741275,7.696625477412753,False,3.339189629293587,9.330654176401566,4,True,0.5027470547809196,5.66244,0.063372
1078,1080,0.022727272727272728,20.475038561721252,0.02181818181818182,0.029090909090909087,20.475038561721252,23.075038561721286,False,18.9546461860114,24.946110733119372,4,False,0.0008022342769983112,26.4947,0.032931
1079,1081,0.2636363636363636,7.4541489482734535,0.24545454545454545,0.2818181818181818,7.054148948273456,7.954148948273453,False,27.399792136222693,33.391256683330674,4,False,1.650155986013571e-05,9.88675,0.317527
1080,1082,0.16272727272727272,6.4579478384032125,0.15181818181818182,0.1781818181818182,5.557947838403212,7.257947838403213,False,0.6353150245497947,6.6267795716577735,4,True,0.9590596900367376,5.29032,0.159149
1081,1083,0.014545454545454544,10.352731342154874,0.012272727272727272,0.01681818181818182,8.352731342154879,11.752731342154867,False,15.559197576750725,21.55066212385871,4,False,0.0036714519154700813,12.8316,0.016564
1082,1084,0.1572727272727273,9.446513780165146,0.1481818181818182,0.16818181818181818,8.44651378016515,10.446513780165144,True,10.576772804659369,16.568237351767348,4,False,0.031755736324060896,9.67572,0.165428
1084,1086,0.015,15.199987592119989,0.013636363636363636,0.018636363636363642,13.899987592119992,17.19998759211998,False,14.133889571843135,20.125354118951112,4,False,0.006879770642573667,18.9693,0.018429
1085,1087,0.15363636363636365,16.983379130640053,0.13545454545454547,0.16818181818181818,15.183379130640061,18.583379130640047,True,10.880226876558924,16.871691423666903,4,False,0.02794359447399607,17.5467,0.154194
1086,1088,0.045454545454545456,4.003127417058735,0.04,0.05090909090909091,2.7031274170587336,5.303127417058736,True,10.247053035670145,16.238517582778126,4,False,0.03646551137721142,5.25203,0.047828
1089,1091,0.12818181818181815,5.154503991446086,0.12090909090909092,0.13727272727272727,4.4545039914460896,5.9545039914460824,False,25.61821474477125,31.60967929187924,4,False,3.7778173476167896e-05,7.57273,0.16194
1090,1092,0.04363636363636364,10.43976577951001,0.04272727272727273,0.04363636363636364,10.43976577951001,10.53976577951001,False,569.6113994005158,575.6028639476236,4,False,5.841536451690541e-122,14.4554,0.051704
1091,1093,0.030909090909090907,4.653131273337177,0.028181818181818183,0.03636363636363636,3.5531312733371765,6.053131273337178,True,10.668776798378607,16.66024134548659,4,False,0.03054986130773768,5.84142,0.031973
