index,file_lineno,best_mass,best_AV,mass_min,mass_max,AV_min,AV_max,intersects,min_chi2,chi2_threshold,dof_gof,passes_gof,p_value
1,3,0.1481818181818182,7.7342978564181415,0.1390909090909091,0.1590909090909091,6.934297856418144,8.634297856418138,False,18.813000769906544,24.804465317014525,4,False,0.0008552901951810041
2,4,0.02,3.4000000000000004,0.01818181818181818,0.022727272727272728,2.4000000000000004,4.6000000000000005,True,13.274943256187735,19.266407803295714,4,False,0.010007654603845617
3,5,0.10545454545454545,7.948434149819775,0.09545454545454546,0.11363636363636363,6.948434149819779,8.948434149819771,False,3.8722287863000924,9.863693333408072,4,True,0.42357388346867775
5,7,0.14454545454545453,11.43339472084088,0.14272727272727273,0.1481818181818182,11.43339472084088,11.733394720840879,False,321.75834421319706,327.74980876030503,4,False,2.189042914034146e-68
6,8,0.2818181818181818,21.198889337504227,0.2545454545454545,0.3090909090909091,20.398889337504215,21.898889337504237,False,140.21402291838945,146.2054874654974,4,False,2.5399443812197573e-29
8,10,0.06363636363636364,14.456738670296883,0.05545454545454545,0.07281818181818181,12.956738670296888,16.056738670296877,False,1.446373003608089,7.437837550716068,4,True,0.8360964450746214
9,11,0.35454545454545455,2.8495548102704396,0.32727272727272727,0.36363636363636365,2.3495548102704396,3.1495548102704394,False,308.7550982618798,314.7465628089878,4,False,1.399814698550289e-65
11,13,0.33636363636363636,6.14568805848717,0.3181818181818182,0.35454545454545455,5.745688058487169,6.64568805848717,True,3.3981350081582504,9.38959955526623,4,True,0.4935351683229269
12,14,0.13,16.18290044465618,0.13,0.13181818181818183,16.18290044465618,16.18290044465618,False,29087.333056263262,29093.32452081037,4,False,0.0
13,15,0.015909090909090907,14.813710996406067,0.013636363636363636,0.019545454545454546,13.213710996406073,17.01371099640606,False,50.1954400150093,56.18690456211728,4,False,3.2870117748186855e-10
14,16,0.1572727272727273,7.612274899389957,0.1481818181818182,0.16818181818181818,6.81227489938996,8.612274899389954,False,5.083172660453501,11.07463720756148,4,True,0.2788694333362249
15,17,0.16818181818181818,9.111877797074083,0.1590909090909091,0.19181818181818183,8.211877797074086,10.11187779707408,True,22.184479757439345,28.175944304547322,4,False,0.00018416546020302255
16,18,0.2909090909090909,7.460945123749793,0.2727272727272727,0.3181818181818182,6.960945123749795,8.16094512374979,False,23.293622982129733,29.285087529237714,4,False,0.00011062036390639824
17,19,0.2636363636363636,16.442844907222273,0.23636363636363636,0.3,15.642844907222278,17.442844907222273,False,11.974456940831493,17.96592148793947,4,False,0.017542224213297285
18,20,0.08727272727272727,12.535051990865972,0.07863636363636364,0.10090909090909092,11.435051990865976,13.935051990865967,False,27.9604726610697,33.95193720817768,4,False,1.2705131688339323e-05
20,22,0.7727272727272727,15.785436093035795,0.7545454545454545,0.8363636363636364,15.785436093035795,16.385436093035793,False,347.07762550400105,353.069090051109,4,False,7.497962141216089e-74
21,23,0.34545454545454546,6.456557534344819,0.32727272727272727,0.37272727272727274,6.056557534344819,7.056557534344821,False,23.253545675004755,29.245010222112732,4,False,0.00011268058205334022
22,24,0.01090909090909091,3.6903768198518376,0.01,0.012272727272727272,2.890376819851837,4.890376819851839,False,119.3532388828165,125.34470342992448,4,False,7.341669911449978e-25
23,25,1.3636363636363635,18.59846762018552,1.1363636363636365,1.4,17.198467620185525,18.89846762018552,False,5.086710759302098,11.078175306410078,4,True,0.2785155868403939
24,26,0.34545454545454546,10.530511849596058,0.3181818181818182,0.38181818181818183,9.83051184959606,11.230511849596056,True,1.3089322461246131,7.300396793232592,4,True,0.8598582314047509
25,27,0.4,6.0448556558679,0.37272727272727274,0.4272727272727273,5.544855655867899,6.5448556558679,False,17.422154760109894,23.41361930721787,4,False,0.0015999064052191574
26,28,0.17545454545454547,15.813434668247721,0.16272727272727272,0.1972727272727273,14.913434668247724,16.61343466824772,False,1.4731251922459776,7.464589739353957,4,True,0.8313911006465544
27,29,0.12272727272727273,9.94331970022993,0.11727272727272728,0.13181818181818183,9.243319700229932,10.943319700229926,False,8.211465294497218,14.202929841605197,4,True,0.08413196589807757
29,31,0.34545454545454546,20.83960104300827,0.3,0.39090909090909093,19.739601043008253,21.739601043008282,False,1.1239663653128036,7.115430912420782,4,True,0.8904512717576777
30,32,0.34545454545454546,5.481324246116034,0.3,0.38181818181818183,4.681324246116033,6.081324246116034,False,1.1746578781291288,7.166122425237107,4,True,0.8822531482450134
32,34,0.12090909090909091,10.677076205899851,0.1190909090909091,0.12090909090909091,10.677076205899851,10.677076205899851,False,88495.24174931181,88501.23321385893,4,False,0.0
33,35,0.7272727272727273,4.6000000000000005,0.6272727272727272,0.8636363636363636,3.8000000000000003,5.6000000000000005,False,104.00312580037195,109.99459034747993,4,False,1.3813281370433792e-21
34,36,0.015454545454545453,4.988810138109725,0.015,0.016363636363636365,4.988810138109725,5.088810138109725,False,1133.6722259248202,1139.6636904719282,4,False,3.8056338911942024e-244
35,37,0.010454545454545454,5.712900709140975,0.01,0.011818181818181818,5.212900709140975,6.812900709140976,False,9.509297283938327,15.500761831046306,4,False,0.04955655906492106
36,38,0.09636363636363636,9.644857115448008,0.08727272727272727,0.10363636363636364,8.644857115448012,10.544857115448005,False,162.04054859278938,168.03201313989734,4,False,5.336581767822138e-34
37,39,0.16272727272727272,21.58272200704399,0.15181818181818182,0.1809090909090909,20.382722007043974,22.682722007044006,False,4.910420743048835,10.901885290156814,4,True,0.29661299792807244
40,42,0.01818181818181818,7.794272533986316,0.016363636363636365,0.02090909090909091,6.7942725339863195,9.194272533986311,False,80.74647491529521,86.73793946240319,4,False,1.2101668756213125e-16
42,44,0.11181818181818182,3.2062780887823275,0.10545454545454545,0.11727272727272728,2.5062780887823277,3.806278088782327,True,21.94648564974551,27.937950196853492,4,False,0.00020539647355146263
43,45,0.10545454545454545,4.349683115474042,0.10272727272727274,0.11363636363636363,4.249683115474042,5.249683115474038,False,17.067061791361077,23.058526338469058,4,False,0.0018758080668483564
45,47,0.10636363636363637,15.287249042746728,0.09363636363636364,0.11727272727272728,13.887249042746733,16.487249042746726,False,12.288496245535232,18.27996079264321,4,False,0.015330046571572479
46,48,0.14636363636363636,6.98082254870516,0.1390909090909091,0.15545454545454546,6.28082254870516,7.780822548705161,False,3.767099123015905,9.758563670123884,4,True,0.4384420900576922
48,50,0.1481818181818182,7.523999523812819,0.1390909090909091,0.15363636363636363,6.623999523812822,8.123999523812817,False,23.521391493896914,29.512856041004895,4,False,9.960223589354078e-05
49,51,0.03727272727272728,9.320084731157312,0.03272727272727273,0.04181818181818182,8.120084731157316,10.620084731157307,False,16.85239059306442,22.8438551401724,4,False,0.0020648395624296525
50,52,0.15181818181818182,7.2315837963053,0.14272727272727273,0.1572727272727273,6.331583796305299,7.831583796305301,True,3.601197970063756,9.592662517171735,4,True,0.46265868993650694
51,53,0.2727272727272727,3.256465574507127,0.2545454545454545,0.2909090909090909,2.7564655745071267,3.6564655745071275,False,13.041958699340906,19.033423246448884,4,False,0.011072585642216994
52,54,0.11181818181818182,7.274234793990546,0.10363636363636364,0.12090909090909091,6.17423479399055,8.274234793990543,True,15.200225326599138,21.19168987370712,4,False,0.004303453841476755
54,56,0.07281818181818181,4.197936581171215,0.06727272727272728,0.07909090909090909,3.2979365811712142,5.197936581171216,True,13.930453945724413,19.92191849283239,4,False,0.007520358016118749
55,57,0.5454545454545454,11.315560870184235,0.4909090909090909,0.6181818181818182,10.615560870184238,12.315560870184232,True,6.869496461986849,12.860961009094828,4,True,0.14294756625560529
58,60,0.9454545454545454,12.145856975580068,0.8181818181818182,1.090909090909091,11.145856975580072,13.145856975580065,False,65.38737987910939,71.37884442621737,4,False,2.132354667956657e-13
59,61,0.17272727272727273,9.0922578860649,0.16090909090909092,0.2,8.092257886064903,9.992257886064897,True,2.221965110320612,8.213429657428591,4,True,0.6950099964716621
61,63,0.8727272727272728,9.777359492890874,0.7636363636363637,0.9636363636363636,8.777359492890874,10.477359492890873,False,55.64113821030642,61.6326027574144,4,False,2.384420827053727e-11
62,64,0.022727272727272728,5.48076370233128,0.019090909090909092,0.025454545454545455,3.9807637023312785,6.58076370233128,True,5.141693972027992,11.133158519135971,4,True,0.27306534120081655
64,66,0.3090909090909091,8.054637083915942,0.2909090909090909,0.33636363636363636,7.554637083915942,8.754637083915943,False,1.6495346643355,7.640999211443479,4,True,0.7998629787998536
65,67,0.12090909090909091,8.404013022436713,0.11181818181818182,0.13,7.404013022436716,9.40401302243671,True,7.8758695310953915,13.86733407820337,4,True,0.09623255341981503
67,69,0.013636363636363636,15.219948703064153,0.011363636363636364,0.016363636363636365,13.41994870306416,17.219948703064148,False,9.488971480893616,15.480436028001595,4,False,0.04997435288593079
70,72,0.14636363636363636,8.099352956854055,0.13727272727272727,0.15545454545454546,7.399352956854058,8.999352956854052,False,40.798865930110786,46.79033047721877,4,False,2.9582923811727644e-08
71,73,0.11363636363636363,6.75656210570198,0.10454545454545455,0.12090909090909091,5.756562105701979,7.556562105701981,True,8.707061736588262,14.698526283696241,4,True,0.0688534772961506
72,74,0.2727272727272727,5.121872481533409,0.2545454545454545,0.2909090909090909,4.621872481533409,5.62187248153341,False,3.7887497846698683,9.780214331777847,4,True,0.43534967019090254
73,75,0.15181818181818182,7.713445119999925,0.15,0.15363636363636363,7.713445119999925,7.713445119999925,False,16000.162019498604,16006.153484045712,4,False,0.0
74,76,0.06272727272727273,10.17903135981627,0.05454545454545455,0.07072727272727274,8.679031359816275,11.579031359816264,False,9.898205864355962,15.88967041146394,4,False,0.0421777481645329
77,79,0.03,5.023233767277038,0.02727272727272727,0.03272727272727273,3.823233767277037,5.723233767277039,True,8.59241754634552,14.583882093453498,4,True,0.07213488322692295
79,81,0.19181818181818183,8.336425618523332,0.17272727272727273,0.2181818181818182,7.636425618523331,9.036425618523332,False,3.675877089946896,9.667341637054875,4,True,0.45164418033431486
80,82,0.5545454545454546,13.096905009560958,0.4818181818181818,0.6272727272727272,11.996905009560962,14.096905009560954,False,42.54386852996285,48.53533307707083,4,False,1.2866910065713085e-08
82,84,0.2818181818181818,5.728537244126912,0.2636363636363636,0.2909090909090909,5.128537244126912,6.0285372441269125,False,4.7061539051761425,10.697618452284122,4,True,0.3187977037135434
83,85,0.01863636363636364,13.905824692681184,0.015454545454545453,0.02090909090909091,12.10582469268119,15.10582469268118,False,24.4786797540702,30.47014430117818,4,False,6.403074585359771e-05
84,86,0.11727272727272728,13.381072547322006,0.10454545454545455,0.12636363636363637,11.881072547322011,14.381072547322002,False,2.926983384300215,8.918447931408194,4,True,0.5701179774827835
85,87,0.11727272727272728,8.827851853168077,0.11545454545454546,0.1190909090909091,8.827851853168077,8.827851853168077,False,10653.564799045165,10659.556263592272,4,False,0.0
87,89,0.01,5.626471212623708,0.01,0.011363636363636364,5.526471212623708,6.726471212623709,False,21.35912861185322,27.350593158961196,4,False,0.0002687514369362762
88,90,0.1,9.366185451309006,0.08545454545454545,0.11363636363636363,7.866185451309011,10.966185451309,True,10.035646848041631,16.02711139514961,4,False,0.03983147749095082
89,91,0.15545454545454546,8.513167525736105,0.1481818181818182,0.16454545454545455,7.813167525736107,9.413167525736101,False,15.657934122872591,21.64939866998057,4,False,0.003514250398882927
90,92,0.12636363636363637,7.723923855824427,0.11727272727272728,0.13545454545454547,6.623923855824431,8.523923855824425,True,4.781845316404158,10.773309863512136,4,True,0.3104226250712409
92,94,0.013636363636363636,9.207368039494249,0.013181818181818182,0.014090909090909091,9.207368039494249,9.307368039494248,False,1583.5469311927536,1589.5383957398617,4,False,0.0
93,95,0.5181818181818182,8.016764672235446,0.44545454545454544,0.6,7.116764672235445,9.016764672235446,False,9.260844507017735,15.252309054125714,4,True,0.05490022601938545
94,96,0.16272727272727272,2.9908437531604597,0.1572727272727273,0.16818181818181818,2.4908437531604597,3.4908437531604597,False,30.686604370102344,36.678068917210325,4,False,3.546731708838639e-06
95,97,0.08545454545454545,9.214987984753588,0.07681818181818181,0.09818181818181819,8.014987984753592,10.614987984753583,True,14.211574308914312,20.20303885602229,4,False,0.006649531457116536
97,99,0.3,2.564940984263435,0.3,0.3,2.564940984263435,2.564940984263435,False,4329.095622876264,4335.087087423372,4,False,0.0
111,113,0.08454545454545455,16.646366956229386,0.07545454545454545,0.09727272727272727,15.24636695622939,17.946366956229383,True,43.76039903191014,49.75186357901812,4,False,7.19465369304362e-09
122,124,0.05545454545454545,3.2341919750103374,0.049090909090909095,0.06272727272727273,2.0341919750103363,4.4341919750103385,False,10.707542161893056,16.699006709001033,4,False,0.030055110277788285
123,125,0.015454545454545453,8.870020835612507,0.014090909090909091,0.01863636363636364,8.07002083561251,10.670020835612501,False,24.589961615804896,30.581426162912877,4,False,6.081985700924652e-05
126,128,0.022727272727272728,9.599495446697915,0.019545454545454546,0.026363636363636363,8.39949544669792,11.19949544669791,False,38.3532438440004,44.344708391108384,4,False,9.474305267046186e-08
128,130,0.056363636363636366,4.23614272625073,0.05,0.06363636363636364,2.9361427262507287,5.436142726250731,True,6.5292879307513045,12.520752477859283,4,True,0.1629543357593056
129,131,0.15363636363636363,7.500893332713758,0.13545454545454547,0.17545454545454547,6.300893332713763,9.000893332713753,True,0.8656133050383596,6.857077852146339,4,True,0.9294414750153936
130,132,0.2636363636363636,5.0,0.2545454545454545,0.2818181818181818,4.7,5.5,False,7.88056502067187,13.87202956777985,4,True,0.09605253549637663
132,134,0.060909090909090906,3.7485799021277533,0.05454545454545455,0.06818181818181819,2.548579902127752,4.948579902127754,True,10.485623389208605,16.477087936316586,4,False,0.032995601257581046
134,136,0.1972727272727273,6.108099654853963,0.1781818181818182,0.2090909090909091,5.508099654853963,6.508099654853964,True,6.483017417672267,12.474481964780246,4,True,0.16586357343097388
135,137,0.2909090909090909,6.878325377956121,0.2636363636363636,0.3181818181818182,6.27832537795612,7.478325377956121,True,3.665159833186255,9.656624380294234,4,True,0.4532134878459545
136,138,0.02909090909090909,11.956772567025837,0.02181818181818182,0.04,8.856772567025848,14.956772567025826,True,3.547749231549639,9.539213778657619,4,True,0.4706552083793386
137,139,0.1190909090909091,9.463670714948401,0.10818181818181818,0.13,8.163670714948406,10.663670714948397,True,5.491114963792716,11.482579510900695,4,True,0.24051158606594553
138,140,0.01,14.485267703368965,0.01,0.010454545454545454,14.185267703368966,15.085267703368963,False,290.6756527223035,296.66711726941145,4,False,1.1115796808014117e-61
139,141,0.09727272727272727,18.749753099061262,0.09181818181818181,0.10636363636363637,18.749753099061262,19.549753099061274,False,61.211186603797415,67.2026511509054,4,False,1.6140748144048018e-12
140,142,0.17545454545454547,11.321175547401234,0.1590909090909091,0.2,10.221175547401238,12.22117554740123,False,8.76213888067932,14.753603427787299,4,True,0.06732778294288906
141,143,0.1409090909090909,11.889034176426735,0.13,0.15363636363636363,10.889034176426739,13.08903417642673,True,14.729458291337734,20.720922838445713,4,False,0.005296520458807271
143,145,0.02909090909090909,3.8766403942108254,0.02727272727272727,0.03363636363636364,3.276640394210825,5.276640394210826,False,36.80111410599608,42.79257865310406,4,False,1.9794922604182352e-07
145,147,0.05181818181818182,13.050913669828942,0.04454545454545455,0.06,11.350913669828948,14.450913669828937,True,4.517012866964287,10.508477414072267,4,True,0.34053495788803284
146,148,0.16090909090909092,7.4562046950485925,0.15363636363636363,0.16818181818181818,6.656204695048595,8.15620469504859,False,13.94652033645175,19.93798488355973,4,False,0.007467711361576598
147,149,0.06454545454545454,10.791118303453096,0.053636363636363635,0.07590909090909091,8.691118303453104,12.69111830345309,False,1.7039921555353366,7.695456702643316,4,True,0.7899923166072642
148,150,0.7454545454545455,7.867037958603644,0.7454545454545455,0.7545454545454545,7.867037958603644,7.867037958603644,False,108858.08522169906,108864.07668624618,4,False,0.0
150,152,0.02090909090909091,7.234169258797598,0.02,0.02090909090909091,7.234169258797598,7.234169258797598,False,663.9851035601178,669.9765681072257,4,False,2.1872642189096404e-142
153,155,1.4,6.494590175265136,1.4,1.4,6.494590175265136,6.494590175265136,False,623094.6405340936,623100.6319986407,4,False,0.0
154,156,0.8363636363636364,7.071694590589338,0.8272727272727273,0.8454545454545455,7.071694590589338,7.071694590589338,False,71197.27194405008,71203.2634085972,4,False,0.0
156,158,0.012272727272727272,14.037762249773559,0.010454545454545454,0.014545454545454545,12.437762249773565,16.03776224977355,False,6.881539266151132,12.87300381325911,4,True,0.14228233355789208
157,159,1.4,7.059761784828767,1.4,1.4,7.059761784828767,7.059761784828767,False,567936.6091299541,567942.6005945012,4,False,0.0
158,160,0.08272727272727273,22.73824447204692,0.08090909090909092,0.08454545454545455,22.73824447204692,22.83824447204692,False,1041.9894671844363,1047.9809317315444,4,False,2.8348378431942003e-224
159,161,0.1809090909090909,10.447049038355832,0.16454545454545455,0.2,9.547049038355835,11.04704903835583,False,43.07995870556426,49.07142325267224,4,False,9.960000051327339e-09
160,162,0.39090909090909093,14.933021550347533,0.34545454545454546,0.4545454545454546,13.933021550347537,16.13302155034753,False,20.931195859535613,26.922660406643594,4,False,0.00032677233192341786
161,163,0.08636363636363636,4.314780194600099,0.07863636363636364,0.09727272727272727,3.3147801946000985,5.3147801946001,False,11.495925292942996,17.487389840050973,4,False,0.021521087355366172
162,164,0.08545454545454545,12.639077525555347,0.08363636363636363,0.1,12.439077525555348,14.139077525555342,False,22.12033324123216,28.11179778834014,4,False,0.0001896635939142297
163,165,0.1390909090909091,23.74001565941949,0.11545454545454546,0.1590909090909091,21.140015659419454,25.640015659419518,False,10.486053661996081,16.477518209104062,4,False,0.032989640298371745
164,166,0.1390909090909091,12.893837513431734,0.12636363636363637,0.15181818181818182,11.693837513431738,14.09383751343173,False,27.43957278503118,33.43103733213916,4,False,1.6198469577744263e-05
165,167,0.04181818181818182,11.979696596892063,0.038181818181818185,0.04727272727272727,11.079696596892067,13.379696596892058,False,2.0740787809008707,8.06554332800885,4,True,0.7221359106472254
167,169,0.1590909090909091,7.773517360013448,0.15181818181818182,0.17,7.073517360013451,8.873517360013444,True,2.9385636926326164,8.930028239740595,4,True,0.5681587053668695
168,170,0.02,16.88234535163144,0.019545454545454546,0.02,16.88234535163144,16.98234535163144,False,905.7473237738523,911.7387883209602,4,False,9.471148034796448e-195
169,171,0.4090909090909091,22.723819049868986,0.37272727272727274,0.4636363636363636,21.823819049868973,23.623819049869,False,108.89947702702315,114.89094157413113,4,False,1.2493339014277733e-22
170,172,0.12090909090909091,4.778502244122095,0.12090909090909091,0.12090909090909091,4.778502244122095,4.778502244122095,False,37258.3747613241,37264.36622587121,4,False,0.0
171,173,0.04727272727272727,16.521747219217097,0.046363636363636364,0.04727272727272727,16.521747219217097,16.521747219217097,False,8578.249983357815,8584.241447904922,4,False,0.0
172,174,0.08181818181818182,8.063883433591482,0.07363636363636364,0.09181818181818181,6.863883433591486,9.363883433591477,False,24.774325302599948,30.76578984970793,4,False,5.584858242340601e-05
173,175,0.16818181818181818,4.011602482511038,0.16272727272727272,0.1890909090909091,3.5116024825110377,4.711602482511038,False,197.9811535505384,203.97261809764638,4,False,1.0206993062916852e-41
174,176,0.5636363636363636,5.2,0.4818181818181818,0.6727272727272727,4.4,6.300000000000001,False,7.126760114131851,13.118224661239829,4,True,0.12933925182530717
175,177,0.1481818181818182,13.434437706717416,0.13727272727272727,0.1572727272727273,12.53443770671742,14.434437706717413,False,2.0181369794077506,8.00960152651573,4,True,0.7324228169371594
176,178,0.04272727272727273,8.696107582112035,0.034545454545454546,0.05272727272727273,6.796107582112041,11.096107582112026,True,7.688483749540195,13.679948296648174,4,True,0.10367947423088206
177,179,0.10454545454545455,19.353082973704105,0.08545454545454545,0.12272727272727273,17.353082973704076,21.553082973704136,False,11.511840950891722,17.5033054979997,4,False,0.021375684366579245
178,180,0.18636363636363637,5.71064908900558,0.17,0.2,5.21064908900558,6.31064908900558,False,12.148086063643591,18.13955061075157,4,False,0.016283371293093107
180,182,0.16272727272727272,9.021401785572701,0.15545454545454546,0.17545454545454547,8.221401785572704,9.821401785572698,True,13.084578199968819,19.076042747076798,4,False,0.010869839211839183
181,183,0.14636363636363636,7.952234239252579,0.12818181818181817,0.16272727272727272,6.652234239252584,9.252234239252575,True,2.853426160235476,8.844890707343454,4,True,0.5826460587501483
184,186,0.14636363636363636,1.7389173084094853,0.14636363636363636,0.1481818181818182,1.7389173084094853,1.7389173084094853,False,35482.930256627464,35488.92172117457,4,False,0.0
187,189,0.10090909090909092,9.487457176203428,0.08818181818181818,0.11363636363636363,8.187457176203432,10.887457176203423,True,6.500153746218238,12.491618293326217,4,True,0.1647806962873856
193,195,0.038181818181818185,13.526842228909272,0.031818181818181815,0.045454545454545456,11.926842228909278,15.326842228909266,True,3.7700740702073836,9.761538617315363,4,True,0.438016237181709
197,199,0.37272727272727274,7.480395980186624,0.34545454545454546,0.39090909090909093,6.880395980186624,7.880395980186624,True,8.56305416597289,14.554518713080869,4,True,0.07299883427317921
198,200,0.2818181818181818,10.225227249388738,0.2818181818181818,0.2909090909090909,10.225227249388738,10.225227249388738,False,33507.204336074254,33513.19580062136,4,False,0.0
199,201,0.35454545454545455,11.999109669597997,0.3181818181818182,0.4,11.299109669598,13.099109669597993,True,12.572938737222259,18.56440328433024,4,False,0.013562451123525996
200,202,0.015909090909090907,10.020732250196145,0.015909090909090907,0.015909090909090907,10.020732250196145,10.020732250196145,False,2915.5945914106414,2921.5860559577495,4,False,0.0
201,203,0.16636363636363638,8.063892926168675,0.1590909090909091,0.18363636363636365,7.263892926168674,8.863892926168676,True,5.886380106072289,11.877844653180269,4,True,0.20779567803880022
202,204,0.014545454545454545,7.4935430618903265,0.014545454545454545,0.014545454545454545,7.4935430618903265,7.4935430618903265,False,2347.0778029809926,2353.0692675281007,4,False,0.0
203,205,0.04363636363636364,4.072240188719459,0.03909090909090909,0.05,2.872240188719458,5.67224018871946,True,5.612121984711749,11.603586531819728,4,True,0.2300482525668912
204,206,0.10545454545454545,3.8036076371337497,0.10454545454545455,0.10636363636363637,3.8036076371337497,3.8036076371337497,False,604.848261880736,610.839726427844,4,False,1.3833078928381765e-129
205,207,0.6363636363636364,4.6000000000000005,0.5818181818181818,0.7363636363636363,4.0,5.4,False,57.34996968159764,63.34143422870562,4,False,1.0447270047252949e-11
206,208,0.08818181818181818,6.950191410188539,0.07590909090909091,0.10363636363636364,5.350191410188538,8.450191410188541,True,1.4604296693426015,7.45189421645058,4,True,0.8336269723999694
207,209,0.2818181818181818,12.859480334920427,0.2727272727272727,0.2818181818181818,12.859480334920427,12.859480334920427,False,28099.768830820325,28105.760295367432,4,False,0.0
208,210,0.15,3.8890747880744208,0.1481818181818182,0.1572727272727273,3.8890747880744208,4.389074788074421,False,21.2606384612444,27.25210300835238,4,False,0.00028112706124674465
210,212,0.015454545454545453,8.271977367535538,0.014090909090909091,0.017727272727272727,7.171977367535542,9.471977367535533,False,11.339318924980828,17.330783472088807,4,False,0.023003919627971638
212,214,0.6181818181818182,4.989703792087919,0.5454545454545454,0.7,4.289703792087918,5.78970379208792,False,59.21501924232266,65.20648378943064,4,False,4.2408210148345055e-12
213,215,0.38181818181818183,1.5,0.36363636363636365,0.4,1.2000000000000002,1.8,False,242.89154429681133,248.8830088439193,4,False,2.2116433797301294e-51
215,217,0.13,11.697511632556246,0.1190909090909091,0.14272727272727273,10.39751163255625,12.897511632556242,False,7.618469194368679,13.609933741476658,4,True,0.10659734719789286
216,218,0.04727272727272727,4.52057354274831,0.04181818181818182,0.05181818181818182,3.1205735427483106,5.52057354274831,False,3.804722035048414,9.796186582156393,4,True,0.43307841611937326
217,219,1.1090909090909091,26.321423602618914,1.0818181818181818,1.1272727272727274,26.321423602618914,26.321423602618914,False,22270.074893103218,22276.066357650325,4,False,0.0
218,220,0.025454545454545455,2.1191470206452374,0.024545454545454544,0.02909090909090909,1.719147020645237,3.5191470206452387,False,79.01150599412128,85.00297054122926,4,False,2.8208901866974385e-16
219,221,0.24545454545454545,0.8,0.2272727272727273,0.2545454545454545,0.4,1.0,False,17.864088577854645,23.855553124962626,4,False,0.0013119011135429533
221,223,0.2636363636363636,9.940605037142694,0.2181818181818182,0.3181818181818182,8.840605037142698,11.14060503714269,False,3.684788142912962,9.676252690020942,4,True,0.4503422672261941
222,224,0.6727272727272727,4.418778749700239,0.5909090909090908,0.790909090909091,3.618778749700238,5.31877874970024,False,612.8627689845694,618.8542335316773,4,False,2.5485246227627197e-131
223,225,0.1,13.627920489282355,0.08818181818181818,0.11,12.427920489282359,15.02792048928235,False,2.3601254630356703,8.35159001014365,4,True,0.6698449045065344
224,226,0.04363636363636364,8.488295886098802,0.04272727272727273,0.05,8.488295886098802,10.188295886098796,False,35.466067882219775,41.457532429327756,4,False,3.7260556071702825e-07
225,227,0.04363636363636364,4.415971681833,0.04181818181818182,0.05,3.9159716818330015,6.115971681832994,False,10.684645265270406,16.676109812378385,4,False,0.03034639390717937
230,232,0.04,8.249791934858878,0.03363636363636364,0.04454545454545455,6.649791934858884,9.449791934858874,False,8.90714824913135,14.898612796239329,4,True,0.06346270121110081
232,234,0.07072727272727274,17.331750270069087,0.057272727272727274,0.08727272727272727,14.831750270069094,19.831750270069076,True,1.7347921409848128,7.726256688092792,4,True,0.7843883117162782
233,235,0.32727272727272727,9.464022282405779,0.3,0.35454545454545455,8.764022282405781,10.064022282405777,False,6.448826112372373,12.440290659480352,4,True,0.16804344587040437
234,236,0.06,9.186817471819595,0.05181818181818182,0.06909090909090909,7.5868174718196,10.786817471819589,True,12.016617981124998,18.008082528232976,4,False,0.017228116547968544
235,237,0.24545454545454545,1.5110248746761428,0.23636363636363636,0.2636363636363636,1.3110248746761428,1.9110248746761427,False,76.8054511222694,82.79691566937738,4,False,8.268647207497506e-16
236,238,0.2090909090909091,23.312443958426588,0.18363636363636365,0.23636363636363636,22.512443958426577,24.1124439584266,False,80.14457071700897,86.13603526411696,4,False,1.62321654331342e-16
237,239,0.15545454545454546,12.582057137474955,0.14272727272727273,0.16818181818181818,11.382057137474959,13.88205713747495,True,9.795593919594495,15.787058466702474,4,False,0.044015295729383674
238,240,0.8090909090909091,7.138654753375922,0.6909090909090909,0.9727272727272728,6.1386547533759215,8.338654753375923,False,97.55299050107182,103.5444550481798,4,False,3.263334414023355e-20
239,241,0.04727272727272727,12.542321251561921,0.04272727272727273,0.05272727272727273,11.442321251561925,13.642321251561917,True,4.358734555554305,10.350199102662284,4,True,0.35962801621481283
240,242,0.022727272727272728,12.748474428321973,0.02,0.025454545454545455,11.548474428321978,13.74847442832197,False,18.295105863886803,24.286570410994784,4,False,0.0010805119245133167
241,243,0.04181818181818182,2.4000000000000004,0.038181818181818185,0.04727272727272727,1.5,3.8000000000000003,True,7.662074987591046,13.653539534699025,4,True,0.10477121119509897
242,244,0.028181818181818183,15.598543661413373,0.024545454545454544,0.03272727272727273,13.998543661413379,16.99854366141337,False,8.926115190441557,14.917579737549536,4,True,0.06297301591969492
244,246,0.034545454545454546,4.081741370026867,0.03,0.03909090909090909,2.9817413700268673,5.281741370026867,True,6.978911550438729,12.970376097546708,4,True,0.13700685896035572
245,247,0.5,0.0,0.5,0.5181818181818182,0.0,0.1,False,110.77423975588552,116.7657043029935,4,False,4.975759500547059e-23
246,248,0.4181818181818182,7.3821411743419505,0.39090909090909093,0.44545454545454544,6.88214117434195,7.8821411743419505,False,10.104306022469169,16.095770569577148,4,False,0.03870684067755969
247,249,0.2272727272727273,5.5735788681529534,0.2090909090909091,0.24545454545454545,5.073578868152953,6.0735788681529534,False,10.961497971037893,16.952962518145874,4,False,0.027000148914286363
248,250,0.19181818181818183,15.20260529801753,0.16636363636363638,0.2272727272727273,14.102605298017535,16.302605298017525,False,6.083887522161797,12.075352069269776,4,True,0.1929704798670106
249,251,0.1809090909090909,2.2,0.16818181818181818,0.1972727272727273,1.8,2.6,False,20.308348547744117,26.299813094852098,4,False,0.0004340458120619721
250,252,0.32727272727272727,4.4,0.3090909090909091,0.35454545454545455,4.0,4.9,False,25.48154362067588,31.47300816778386,4,False,4.0249847110344457e-05
251,253,0.33636363636363636,20.136692746735278,0.33636363636363636,0.34545454545454546,20.136692746735278,20.33669274673528,False,541.5114571629629,547.5029217100708,4,False,7.021984089552162e-116
254,256,0.2,15.109022482244896,0.16272727272727272,0.24545454545454545,13.509022482244902,16.30902248224489,False,105.7433421127087,111.73480665981668,4,False,5.881464208086822e-22
255,257,0.028181818181818183,6.169593044936357,0.02727272727272727,0.03272727272727273,5.669593044936356,7.6695930449363585,False,2.685377367788635,8.676841914896613,4,True,0.611775799717027
256,258,0.11181818181818182,10.969864236638069,0.10272727272727274,0.12090909090909091,9.869864236638072,11.969864236638065,False,18.1715565205639,24.163021067671878,4,False,0.0011423680642068165
257,259,0.2,13.203440469397515,0.1781818181818182,0.2272727272727273,12.503440469397518,14.103440469397512,False,18.565407890975298,24.556872438083275,4,False,0.000956489553885036
258,260,0.09636363636363636,35.66199719092445,0.09272727272727273,0.11727272727272728,35.66199719092445,38.26199719092449,False,41.3759755261809,47.36744007328888,4,False,2.2466754120069454e-08
259,261,0.1481818181818182,8.877887914383866,0.1409090909090909,0.15545454545454546,8.277887914383868,9.477887914383864,False,193.30217168638688,199.29363623349485,4,False,1.0342935709907277e-40
261,263,0.3181818181818182,17.752378490630036,0.2909090909090909,0.35454545454545455,17.052378490630037,18.65237849063003,False,5.177873546638644,11.169338093746623,4,True,0.26952859830458725
262,264,0.2727272727272727,6.222049140174817,0.2545454545454545,0.2909090909090909,5.722049140174817,6.622049140174817,True,1.8067516505697612,7.79821619767774,4,True,0.771246867379048
263,265,0.1409090909090909,7.720382414827229,0.13181818181818183,0.1481818181818182,6.920382414827232,8.420382414827227,True,25.75829169560836,31.749756242716337,4,False,3.540142682089768e-05
265,267,0.11181818181818182,17.27094836097425,0.10818181818181818,0.1190909090909091,16.970948360974244,18.17094836097426,False,654.0546963825092,660.0461609296171,4,False,3.088426727127698e-140
266,268,0.5818181818181818,16.631706123878264,0.5,0.6818181818181818,15.331706123878268,17.83170612387826,True,3.6510622493195477,9.642526796427527,4,True,0.4552835947610193
267,269,0.02909090909090909,4.223452025509472,0.02727272727272727,0.034545454545454546,3.4234520255094716,5.723452025509474,True,9.995028081742811,15.98649262885079,4,False,0.04051151663147204
268,270,0.16636363636363638,21.222795965314955,0.15545454545454546,0.19181818181818183,20.022795965314938,22.32279596531497,False,0.696105393707026,6.687569940815005,4,True,0.9518083357000077
269,271,0.2818181818181818,0.1,0.2727272727272727,0.2909090909090909,0.0,0.2,False,67.23300036078956,73.22446490789754,4,False,8.706079491444141e-14
270,272,0.02090909090909091,8.951373846463907,0.017272727272727273,0.025454545454545455,7.151373846463914,10.8513738464639,False,10.794640077180834,16.78610462428881,4,False,0.02897155246591155
271,273,0.17272727272727273,16.405772148682875,0.17,0.17545454545454547,16.405772148682875,16.405772148682875,False,3951.457671854213,3957.449136401321,4,False,0.0
272,274,0.053636363636363635,2.1420554190933947,0.049090909090909095,0.06,1.242055419093394,3.3420554190933958,False,25.093496924612218,31.0849614717202,4,False,4.817829692102722e-05
274,276,0.15363636363636363,12.462247299968551,0.14272727272727273,0.16090909090909092,11.462247299968555,13.262247299968548,True,6.993620356012164,12.985084903120143,4,True,0.13622574468944473
276,278,0.02909090909090909,3.7,0.026363636363636363,0.030909090909090907,2.6,4.4,False,1.4149056860373057,7.406370233145285,4,True,0.8416002428040361
277,279,0.38181818181818183,0.0,0.37272727272727274,0.39090909090909093,0.0,0.2,False,66.35841511079032,72.3498796578983,4,False,1.331113947900921e-13
279,281,0.14636363636363636,9.395719516897394,0.14454545454545453,0.15,9.395719516897394,9.695719516897393,False,340.1116881068344,346.10315265394235,4,False,2.39234179975672e-72
282,284,0.16090909090909092,13.335253094202745,0.15363636363636363,0.17,12.535253094202748,14.135253094202742,False,2.1698430373764404,8.161307584484419,4,True,0.7045539967672243
283,285,0.8,2.128459241426132,0.790909090909091,0.8090909090909091,2.128459241426132,2.128459241426132,False,53174.578171957786,53180.56963650489,4,False,0.0
284,286,0.6909090909090909,6.1000000000000005,0.5909090909090908,0.8,5.2,7.0,False,40.13017599040809,46.12164053751607,4,False,4.068237347477421e-08
285,287,0.17545454545454547,19.789302447473023,0.1572727272727273,0.2090909090909091,18.18930244747303,20.98930244747302,True,5.090218715387419,11.081683262495398,4,True,0.2781651297432151
286,288,0.4,9.992299866813251,0.36363636363636365,0.4272727272727273,9.192299866813254,10.49229986681325,False,11.383340838520143,17.37480538562812,4,False,0.022577377100387652
287,289,0.034545454545454546,3.298926835119944,0.03,0.04,2.098926835119943,4.7989268351199454,True,5.708262715485924,11.699727262593903,4,True,0.22202046762542946
288,290,0.01,4.019606878640822,0.01,0.01090909090909091,3.719606878640821,4.919606878640822,False,91.81383691590834,97.80530146301632,4,False,5.4214509826538125e-19
289,291,0.39090909090909093,5.629499441758475,0.37272727272727274,0.4181818181818182,5.129499441758474,6.129499441758476,False,88.67977565615583,94.6712402032638,4,False,2.5113765192774578e-18
291,293,0.014090909090909091,5.494613065556532,0.011818181818181818,0.015909090909090907,3.5946130655565307,6.894613065556533,False,12.534642753536405,18.526107300644384,4,False,0.013788317518519395
292,294,0.5272727272727272,0.0,0.5272727272727272,0.5727272727272728,0.0,0.4,False,97.82359276483261,103.81505731194059,4,False,2.8581165322540103e-20
293,295,0.2272727272727273,0.8,0.2181818181818182,0.23636363636363636,0.6000000000000001,1.1,False,74.29444524806937,80.28590979517735,4,False,2.8095005420065954e-15
294,296,1.0545454545454547,9.42301114924111,0.8909090909090909,1.2818181818181817,8.423011149241114,10.623011149241107,False,15.403792905518578,21.39525745262656,4,False,0.003932989450743128
296,298,0.13363636363636364,19.218667945305313,0.11727272727272728,0.14454545454545453,17.41866794530532,20.318667945305307,False,1.7798014342392996,7.771265981347279,4,True,0.7761756587457351
297,299,0.509090909090909,5.1000000000000005,0.4727272727272727,0.5545454545454546,4.6000000000000005,5.6000000000000005,False,44.56893569847175,50.56040024557973,4,False,4.887028793283913e-09
298,300,0.4545454545454546,9.011293391163294,0.4181818181818182,0.4909090909090909,8.411293391163296,9.611293391163292,True,2.4632561258208474,8.454720672928826,4,True,0.6512272165191944
300,302,0.9818181818181818,5.8828656749669594,0.9727272727272728,0.990909090909091,5.8828656749669594,5.8828656749669594,False,77058.41630007631,77064.40776462342,4,False,0.0
302,304,1.3909090909090909,12.951886035848514,1.2545454545454546,1.4,12.251886035848516,13.151886035848513,False,38.880802614432014,44.872267161539995,4,False,7.372765220116351e-08
303,305,0.01,5.7448427215815645,0.01,0.011363636363636364,5.644842721581565,6.944842721581566,False,13.974969260053172,19.966433807161152,4,False,0.007375373495521068
304,306,0.09454545454545454,13.344093659077064,0.08454545454545455,0.10545454545454545,12.244093659077068,14.44409365907706,False,4.923170034997588,10.914634582105567,4,True,0.2952719639104872
305,307,0.4,5.532349730522947,0.38181818181818183,0.4272727272727273,5.132349730522947,5.9323497305229465,False,12.023155050994703,18.014619598102684,4,False,0.01717990640289771
306,308,0.12272727272727273,0.30000000000000004,0.1190909090909091,0.12636363636363637,0.0,0.7000000000000001,False,192.0659574752508,198.05742202235876,4,False,1.906894285000132e-40
307,309,0.2636363636363636,5.800000000000001,0.24545454545454545,0.2818181818181818,5.300000000000001,6.300000000000001,False,3.510788277189583,9.502252824297562,4,True,0.4762398604261565
308,310,0.2090909090909091,8.649994432823773,0.2090909090909091,0.2181818181818182,8.649994432823773,8.649994432823773,False,3925.9991590206723,3931.9906235677804,4,False,0.0
309,311,0.10727272727272727,2.277836057139809,0.10636363636363637,0.10818181818181818,2.277836057139809,2.277836057139809,False,1113.0574053110731,1119.0488698581812,4,False,1.1192385148687485e-239
310,312,1.3545454545454545,13.09758895609284,1.3363636363636364,1.3818181818181818,13.09758895609284,13.09758895609284,False,53.75898143216586,59.75044597927384,4,False,5.911127701065028e-11
311,313,1.4,5.89321943603651,1.3909090909090909,1.4,5.89321943603651,5.89321943603651,False,193.50360213536766,199.49506668247562,4,False,9.361629516804196e-41
312,314,0.13,5.232165408465077,0.12090909090909091,0.13727272727272727,4.33216540846508,5.932165408465075,False,23.40671380118382,29.3981783482918,4,False,0.0001050062569929386
313,315,0.35454545454545455,5.194150615957637,0.35454545454545455,0.35454545454545455,5.194150615957637,5.194150615957637,False,72489.51326285981,72495.50472740692,4,False,0.0
314,316,0.16454545454545455,8.070666125622724,0.16454545454545455,0.16636363636363638,8.070666125622724,8.070666125622724,False,3058.5985987435133,3064.5900632906214,4,False,0.0
315,317,0.32727272727272727,0.8,0.3090909090909091,0.35454545454545455,0.5,1.2000000000000002,False,42.07581299129281,48.06727753840079,4,False,1.6088799304143923e-08
316,318,0.10636363636363637,4.4341059412243276,0.10090909090909092,0.11363636363636363,3.8341059412243275,5.134105941224329,False,34.90583210274734,40.89729664985532,4,False,4.856907940243963e-07
317,319,0.19454545454545455,6.5844557707497495,0.1781818181818182,0.2090909090909091,5.984455770749749,7.18445577074975,False,5.345932401499067,11.337396948607047,4,True,0.25360771472617394
319,321,0.15545454545454546,6.136003919967934,0.1481818181818182,0.16272727272727272,5.436003919967934,6.8360039199679346,False,11.775035612472564,17.766500159580545,4,False,0.019104964686735535
320,322,0.18636363636363637,6.5682012531022185,0.16818181818181818,0.2,6.068201253102218,7.0682012531022185,False,32.0058093034378,37.99727385054578,4,False,1.907875076923674e-06
321,323,0.046363636363636364,19.22763281433756,0.038181818181818185,0.057272727272727274,17.02763281433753,21.627632814337595,True,3.241985576231937,9.233450123339916,4,True,0.5181763682861158
322,324,0.23636363636363636,9.494330431127004,0.2272727272727273,0.2636363636363636,9.194330431127005,10.194330431127002,True,3.8611403807241773,9.852604927832157,4,True,0.425124512640322
323,325,0.1090909090909091,9.301683732747811,0.09727272727272727,0.11727272727272728,8.001683732747816,10.201683732747808,False,4.854190491040346,10.845655038148326,4,True,0.30258827971064944
324,326,0.17272727272727273,2.9000000000000004,0.16636363636363638,0.18636363636363637,2.5,3.3000000000000003,False,9.801266818275298,15.792731365383277,4,False,0.043911733947971675
326,328,0.17272727272727273,13.051536996822266,0.16090909090909092,0.19454545454545455,11.95153699682227,13.851536996822263,False,17.813269612056818,23.804734159164795,4,False,0.00134222030671004
327,329,0.1572727272727273,12.69347727001013,0.14636363636363636,0.16636363636363638,11.693477270010133,13.593477270010126,True,10.231794987780177,16.223259534888157,4,False,0.03669899287917256
328,330,0.2636363636363636,0.4,0.24545454545454545,0.2727272727272727,0.0,0.6000000000000001,False,59.70175875262845,65.69322329973643,4,False,3.3511614742016254e-12
329,331,0.014545454545454545,5.898004857798764,0.013181818181818182,0.01681818181818182,4.798004857798762,7.298004857798764,False,27.573406774149635,33.56487132125761,4,False,1.521886121543173e-05
330,332,0.024545454545454544,3.4447212459345393,0.022727272727272728,0.02727272727272727,2.8447212459345392,4.544721245934539,True,7.2849174058742765,13.276381952982256,4,True,0.12157613533636172
331,333,0.16454545454545455,4.996026460766865,0.16454545454545455,0.16636363636363638,4.996026460766865,4.996026460766865,False,16936.743319046287,16942.734783593394,4,False,0.0
332,334,1.1,8.609961979130857,0.9181818181818182,1.3454545454545455,7.5099619791308605,9.809961979130852,False,51.00604183859316,56.99750638570114,4,False,2.2257384186111857e-10
333,335,0.10636363636363637,8.434120036854544,0.09818181818181819,0.11363636363636363,7.534120036854548,9.43412003685454,False,8.079279917641479,14.070744464749458,4,True,0.08871686113384648
334,336,0.11363636363636363,9.805413957753437,0.10454545454545455,0.12272727272727273,8.80541395775344,10.905413957753433,True,13.307181883485658,19.298646430593635,4,False,0.009868415258364726
335,337,0.1409090909090909,9.451212073255084,0.1390909090909091,0.1409090909090909,9.451212073255084,9.451212073255084,False,919.7211218743083,925.7125864214163,4,False,8.885164733436156e-198
336,338,0.16454545454545455,2.6,0.16090909090909092,0.16818181818181818,2.2,2.9000000000000004,False,29.619280621908107,35.610745169016084,4,False,5.850283649969102e-06
337,339,0.4909090909090909,3.8000000000000003,0.4636363636363636,0.5363636363636364,3.5,4.4,False,37.42683880035696,43.41830334746494,4,False,1.4710491334380622e-07
339,341,0.1890909090909091,2.6,0.17272727272727273,0.2,2.2,2.9000000000000004,False,57.47110757923498,63.46257212634296,4,False,9.85334265510038e-12
340,342,0.11363636363636363,8.579377540799022,0.10727272727272727,0.12272727272727273,7.779377540799025,9.579377540799019,True,22.739025309778206,28.730489856886187,4,False,0.00014276967841966363
341,343,0.6363636363636364,3.8698200660889235,0.6363636363636364,0.6454545454545454,3.8698200660889235,3.8698200660889235,False,1069.9573730144543,1075.9488375615624,4,False,2.4595521430625003e-230
342,344,1.4,1.6,1.2818181818181817,1.4,1.1,1.6,False,93.73958306711675,99.73104761422474,4,False,2.1123686100274206e-19
343,345,0.990909090909091,13.793253815927095,0.9727272727272728,1.0,13.793253815927095,13.793253815927095,False,148093.88808265838,148099.8795472055,4,False,0.0
344,346,0.18363636363636365,9.28739261958678,0.17,0.2,8.787392619586782,9.887392619586779,True,7.477163410124983,13.468627957232961,4,True,0.11272051613706886
345,347,0.4909090909090909,4.800000000000001,0.4636363636363636,0.5181818181818182,4.4,5.2,False,49.16439518423522,55.1558597313432,4,False,5.395417816485979e-10
346,348,0.10181818181818182,4.735028748161365,0.09090909090909091,0.10727272727272727,3.835028748161364,5.335028748161365,False,36.68891113778655,42.68037568489453,4,False,2.0876643946595672e-07
347,349,0.15363636363636363,6.486874646896878,0.14454545454545453,0.16090909090909092,5.686874646896877,7.286874646896878,True,5.305141670747519,11.296606217855498,4,True,0.257395986282256
348,350,0.02181818181818182,4.377629053738774,0.02181818181818182,0.02181818181818182,4.377629053738774,4.377629053738774,False,5469.394017055875,5475.385481602983,4,False,0.0
349,351,0.23636363636363636,8.481286632863776,0.2272727272727273,0.2545454545454545,8.181286632863776,8.981286632863776,False,7.778700899179369,13.770165446287347,4,True,0.10002941489267045
350,352,0.5,0.0,0.5,0.509090909090909,0.0,0.0,False,251.49389259986697,257.48535714697493,4,False,3.1026487390507893e-53
351,353,0.06818181818181819,16.05864865385957,0.06363636363636364,0.075,15.258648653859575,17.15864865385957,False,20.02425061225598,26.015715159363957,4,False,0.0004939242760571791
352,354,0.02,13.398237375462204,0.017272727272727273,0.023636363636363636,11.898237375462209,14.798237375462199,False,17.662640134498133,23.654104681606114,4,False,0.0014362110441776827
354,356,0.1481818181818182,10.878808757423283,0.13545454545454547,0.16090909090909092,9.778808757423286,11.978808757423279,True,3.150908853901173,9.142373401009152,4,True,0.5328963004931642
355,357,0.02727272727272727,6.3788299895087075,0.02727272727272727,0.02727272727272727,6.3788299895087075,6.3788299895087075,False,2940.904466197493,2946.895930744601,4,False,0.0
357,359,0.14636363636363636,8.19989490821433,0.13727272727272727,0.15181818181818182,7.499894908214331,8.699894908214333,False,9.637377120006123,15.628841667114102,4,False,0.04699971895438504
358,360,1.3818181818181818,9.869346385821064,1.1545454545454545,1.4,8.769346385821065,10.069346385821063,False,30.511730255011216,36.5031948021192,4,False,3.850100319749244e-06
359,361,0.18363636363636365,8.236639336465775,0.16636363636363638,0.2,7.4366393364657775,8.936639336465772,False,6.287386492678854,12.278851039786833,4,True,0.17868947293723617
360,362,0.08636363636363636,3.911823673527761,0.08454545454545455,0.09545454545454546,3.611823673527761,4.911823673527762,False,40.78805170572306,46.779516252831044,4,False,2.9735799829506493e-08
361,363,0.015,2.4000000000000004,0.013181818181818182,0.01818181818181818,0.9,4.1000000000000005,True,0.25751856738224543,6.248983114490224,4,True,0.9923888791709898
362,364,0.16090909090909092,16.67933432802105,0.15181818181818182,0.17,15.77933432802105,17.579334328021044,False,22.017747505443516,28.009212052551497,4,False,0.00019879669337146427
363,365,0.2545454545454545,0.5,0.24545454545454545,0.2727272727272727,0.30000000000000004,0.9,False,66.80414638204178,72.79561092914976,4,False,1.0721327057304191e-13
365,367,0.37272727272727274,0.0,0.36363636363636365,0.37272727272727274,0.0,0.0,False,135.53031522556319,141.52177977267115,4,False,2.5546677540984505e-28
368,370,0.011818181818181818,10.878989553171417,0.010454545454545454,0.013181818181818182,9.678989553171421,12.078989553171413,False,21.923738122385814,27.915202669493794,4,False,0.00020754859584690412
371,373,0.02909090909090909,1.870952519478462,0.02909090909090909,0.02909090909090909,1.870952519478462,1.870952519478462,False,2643.434001962655,2649.4254665097633,4,False,0.0
373,375,0.030909090909090907,8.374777149278756,0.02727272727272727,0.038181818181818185,6.974777149278761,10.27477714927875,True,6.007701698258089,11.999166245366068,4,True,0.19857384382540585
374,376,0.15181818181818182,8.421533052138644,0.14272727272727273,0.1572727272727273,7.421533052138647,9.021533052138642,False,11.082961714163961,17.074426261271938,4,False,0.025647292038203283
375,377,0.02909090909090909,9.015786664604958,0.025454545454545455,0.034545454545454546,7.415786664604964,10.615786664604952,False,8.58020426063426,14.571668807742238,4,True,0.07249305039511494
376,378,0.09272727272727273,9.386746394238795,0.08181818181818182,0.10181818181818182,7.9867463942388,10.286746394238792,False,31.762283189581378,37.753747736689355,4,False,2.139486998732323e-06
377,379,0.023636363636363636,8.320148069449933,0.02090909090909091,0.026363636363636363,7.020148069449938,9.52014806944993,False,12.970091485346503,18.96155603245448,4,False,0.011422860624893035
378,380,0.03909090909090909,5.595015159230144,0.035454545454545454,0.04363636363636364,4.6950151592301435,6.895015159230145,False,8.388925392538736,14.380389939646715,4,True,0.07832648333188705
379,381,0.13363636363636364,9.693010690397077,0.12272727272727273,0.1409090909090909,8.593010690397081,10.293010690397075,False,27.599931681935225,33.591396229043205,4,False,1.5031824541660156e-05
380,382,0.18363636363636365,1.6,0.17272727272727273,0.19454545454545455,1.3,1.9000000000000001,True,40.143514201926116,46.1349787490341,4,False,4.042475536300514e-08
383,385,0.04272727272727273,9.068975194385205,0.04,0.049090909090909095,8.468975194385207,10.768975194385199,False,11.183578656845274,17.17504320395325,4,False,0.0245765020194964
384,386,0.017727272727272727,11.735776004388176,0.015,0.02090909090909091,10.135776004388182,13.33577600438817,False,39.73643180760541,45.727896354713394,4,False,4.907143847452223e-08
386,388,0.09636363636363636,8.6549492699681,0.08727272727272727,0.10545454545454545,7.754949269968103,9.654949269968096,False,8.922821306085714,14.914285853193693,4,True,0.06305779858688651
387,389,0.034545454545454546,6.408823996692922,0.03363636363636364,0.04,6.208823996692923,7.908823996692917,False,41.91580808348157,47.90727263058955,4,False,1.7365560494472973e-08
388,390,0.01090909090909091,11.228794794928922,0.01,0.013636363636363636,10.128794794928925,13.628794794928913,False,19.24752937762901,25.238993924736988,4,False,0.0007026362359746091
389,391,0.02727272727272727,7.113281702547612,0.02727272727272727,0.02727272727272727,7.113281702547612,7.113281702547612,False,39015.189591746144,39021.18105629325,4,False,0.0
390,392,0.3,0.5,0.2818181818181818,0.3181818181818182,0.2,0.8,False,36.47963442504742,42.4710989721554,4,False,2.3054142613722745e-07
391,393,0.1890909090909091,4.6000000000000005,0.17272727272727273,0.2,4.1000000000000005,5.0,False,1.2320859194403488,7.223550466548328,4,True,0.8727881548524106
392,394,0.15545454545454546,6.858524424658176,0.14636363636363636,0.16090909090909092,6.0585244246581755,7.358524424658176,False,20.420071706463172,26.41153625357115,4,False,0.0004125197733985021
394,396,0.5363636363636364,3.2651742902439778,0.4909090909090909,0.5727272727272728,2.7651742902439773,3.765174290243978,False,49.166202276829736,55.15766682393772,4,False,5.390735398915128e-10
395,397,0.36363636363636365,7.1209570084481655,0.34545454545454546,0.38181818181818183,6.620957008448167,7.520957008448164,False,11.086428325323208,17.077892872431185,4,False,0.02560965997907849
396,398,0.1572727272727273,2.3000000000000003,0.15181818181818182,0.16272727272727272,1.9000000000000001,2.8000000000000003,False,29.649976410736453,35.64144095784443,4,False,5.7667725579056255e-06
397,399,0.04818181818181819,11.300743198647808,0.04363636363636364,0.05272727272727273,10.100743198647812,12.300743198647805,True,5.19389243746588,11.18535698457386,4,True,0.26797515557902035
398,400,0.015,9.823919142418028,0.013636363636363636,0.01863636363636364,8.623919142418032,11.92391914241802,False,23.983538337102043,29.97500288421002,4,False,8.048391940096181e-05
399,401,0.1481818181818182,16.603853425963834,0.13545454545454547,0.1572727272727273,15.30385342596384,17.503853425963833,False,14.62813999745486,20.61960454456284,4,False,0.005538006178645899
400,402,0.1590909090909091,14.025512201903235,0.14636363636363636,0.1781818181818182,12.825512201903239,15.52551220190323,True,1.7141227609654708,7.70558730807345,4,True,0.7881506358977325
401,403,0.014090909090909091,9.451998413898574,0.012727272727272728,0.015909090909090907,8.351998413898578,10.75199841389857,False,36.340399151433644,42.331863698541625,4,False,2.462687031554895e-07
402,404,0.019545454545454546,9.129809650039913,0.017272727272727273,0.02090909090909091,7.929809650039918,9.92980965003991,False,15.066103241628142,21.057567788736122,4,False,0.004566060085060859
403,405,0.049090909090909095,4.717779792054857,0.04272727272727273,0.056363636363636366,3.117779792054856,6.217779792054858,True,5.620701664145807,11.612166211253786,4,True,0.22932167534403386
405,407,0.04272727272727273,3.9345983977924996,0.03909090909090909,0.04727272727272727,2.9345983977925,5.034598397792499,True,15.021253828722614,21.012718375830595,4,False,0.0046573376841176
406,408,0.4727272727272727,1.8241819752598991,0.44545454545454544,0.509090909090909,1.524181975259899,2.324181975259899,False,54.78664300766873,60.77810755477671,4,False,3.60120487979269e-11
408,410,0.028181818181818183,3.5,0.025454545454545455,0.03,2.4000000000000004,4.3,True,5.882811560700551,11.87427610780853,4,True,0.20807257879425903
409,411,0.2636363636363636,5.880243920753634,0.2545454545454545,0.2818181818181818,5.480243920753634,6.480243920753635,False,3.7025692648877806,9.694033811995759,4,True,0.4477523491477817
410,412,0.03909090909090909,9.027070178032085,0.03363636363636364,0.04363636363636364,7.72707017803209,10.227070178032081,False,8.417068779899788,14.408533327007767,4,True,0.07744123557617612
412,414,0.15181818181818182,8.086677066011054,0.14272727272727273,0.1590909090909091,7.286677066011057,8.786677066011052,False,34.9081858243086,40.899650371416584,4,False,4.851504789704241e-07
413,415,0.02909090909090909,11.308974295356764,0.025454545454545455,0.034545454545454546,9.70897429535677,12.908974295356758,False,7.585562644324391,13.57702719143237,4,True,0.10799499155283744
414,416,0.2818181818181818,1.0,0.2727272727272727,0.2909090909090909,0.8,1.3,False,44.458677288671126,50.45014183577911,4,False,5.151785064541148e-09
417,419,0.011363636363636364,5.0590167544038325,0.010454545454545454,0.012272727272727272,4.359016754403832,5.859016754403833,False,15.206554799005174,21.198019346113153,4,False,0.004291434687861571
418,420,0.16090909090909092,3.2,0.15363636363636363,0.16636363636363638,2.5,3.6,False,11.538009278760294,17.529473825868273,4,False,0.02113868323194326
420,422,0.04818181818181819,12.451389254956315,0.04454545454545455,0.056363636363636366,11.451389254956318,14.051389254956309,True,7.39979767299725,13.39126222010523,4,True,0.11620982889064707
421,423,0.10545454545454545,3.639437771949526,0.10090909090909092,0.11181818181818182,3.0394377719495256,4.439437771949526,True,17.99318613790691,23.98465068501489,4,False,0.0012378878145602888
422,424,0.2636363636363636,5.099002941535886,0.24545454545454545,0.2727272727272727,4.699002941535886,5.399002941535886,False,10.08165518652951,16.07311973363749,4,False,0.03907444633941578
423,425,0.14636363636363636,8.671262345477494,0.13545454545454547,0.15363636363636363,7.671262345477498,9.471262345477491,False,24.26327651204105,30.254741059149026,4,False,7.07319057324491e-05
425,427,0.08272727272727273,9.307383939574859,0.07636363636363636,0.08909090909090908,8.507383939574861,10.207383939574855,False,48.12578214936448,54.11724669647246,4,False,8.884855198549883e-10
427,429,0.02181818181818182,8.519535319848384,0.01863636363636364,0.025454545454545455,7.119535319848389,10.119535319848378,False,14.258936742072226,20.250401289180203,4,False,0.00651288445250422
428,430,0.1090909090909091,7.3408635700876825,0.10818181818181818,0.1190909090909091,7.3408635700876825,8.440863570087679,False,25.70371641081387,31.69518095792185,4,False,3.63092214210167e-05
429,431,0.023636363636363636,5.001144571699629,0.02181818181818182,0.026363636363636363,4.201144571699628,6.20114457169963,True,10.152224911077335,16.143689458185314,4,False,0.03794007404575009
432,434,0.4363636363636364,6.005391772980089,0.4090909090909091,0.4636363636363636,5.60539177298009,6.505391772980089,False,10.114695229125408,16.106159776233387,4,False,0.038539345532206074
437,439,0.15181818181818182,14.629650179421144,0.13545454545454547,0.16454545454545455,13.12965017942115,15.92965017942114,False,14.612592379028264,20.604056926136245,4,False,0.005576006804330496
438,440,0.034545454545454546,7.880169771962393,0.03,0.03909090909090909,6.680169771962397,8.98016977196239,False,16.26261350358549,22.254078050693472,4,False,0.002686280005123372
447,449,0.3181818181818182,4.7,0.3,0.34545454545454546,4.3,5.2,False,13.300448691731882,19.29191323883986,4,False,0.00989733873920314
455,457,0.035454545454545454,14.08981753328698,0.030909090909090907,0.04090909090909091,12.989817533286985,15.489817533286976,False,24.146385872510365,30.137850419618346,4,False,7.465529216871661e-05
464,466,0.36363636363636365,7.632358920125876,0.33636363636363636,0.39090909090909093,7.032358920125878,8.132358920125874,False,6.316425176020506,12.307889723128486,4,True,0.1767308593281434
475,477,0.056363636363636366,5.387776499120683,0.04818181818181819,0.06272727272727273,3.887776499120682,6.4877764991206845,False,18.120522982009906,24.111987529117883,4,False,0.0011689278316311211
481,483,0.13545454545454547,10.2074146302798,0.10272727272727274,0.1481818181818182,6.507414630279796,10.9074146302798,False,104.66776290931297,110.65922745642095,4,False,9.969818657583296e-22
482,484,0.015,3.1,0.013181818181818182,0.01818181818181818,1.6,4.800000000000001,True,19.846026169042055,25.837490716150036,4,False,0.0005355902068438677
483,485,0.11545454545454546,6.62996601483437,0.10636363636363637,0.12454545454545454,5.629966014834373,7.729966014834366,True,6.196725062242097,12.188189609350076,4,True,0.18493053334751974
484,486,0.026363636363636363,3.57364161241356,0.023636363636363636,0.030909090909090907,2.373641612413559,5.373641612413562,False,6.3505464130952465,12.342010960203226,4,True,0.17445413445425598
486,488,0.2090909090909091,41.80025496103148,0.15181818181818182,0.3,38.40025496103143,44.70025496103152,False,5.496797936370031,11.48826248347801,4,True,0.24001108692515843
487,489,0.12272727272727273,7.363936117729482,0.11545454545454546,0.13363636363636364,6.6639361177294845,8.463936117729478,False,24.763329299065315,30.754793846173293,4,False,5.6133420650002684e-05
489,491,0.01818181818181818,9.720624764355591,0.015454545454545453,0.02090909090909091,8.320624764355596,11.220624764355586,False,24.176996615049163,30.168461162157143,4,False,7.360743967699758e-05
491,493,0.05909090909090909,6.803578405047528,0.05272727272727273,0.07,5.703578405047532,8.603578405047521,False,14.452561962383822,20.4440265094918,4,False,0.005982319234965634
492,494,0.01,14.035821435282433,0.01,0.012272727272727272,13.635821435282434,15.935821435282426,False,29.584933325984544,35.576397873092525,4,False,5.945156936270177e-06
493,495,0.09363636363636364,3.899336328649442,0.08818181818181818,0.10272727272727274,3.4993363286494414,4.799336328649442,False,23.41161359264862,29.4030781397566,4,False,0.00010476951882390197
494,496,0.023636363636363636,10.554840547530581,0.019545454545454546,0.028181818181818183,8.854840547530587,12.454840547530575,False,13.553850068127137,19.545314615235114,4,False,0.008863939150076546
495,497,0.03,4.208678602514739,0.02909090909090909,0.03727272727272728,3.9086786025147404,6.108678602514733,False,9.806119764571685,15.797584311679664,4,False,0.04382332620085867
496,498,1.4,27.34274244800058,1.4,1.4,27.34274244800058,27.34274244800058,False,67103.26943066379,67109.2608952109,4,False,0.0
498,500,0.02090909090909091,17.603726342731413,0.02,0.022727272727272728,17.40372634273141,18.503726342731426,False,71.32983129573267,77.32129584284066,4,False,1.1889802119556781e-14
500,502,0.025454545454545455,10.195859966278883,0.02,0.03,7.795859966278892,12.195859966278876,False,11.05567889685845,17.047143443966426,4,False,0.025945335751113685
501,503,0.06727272727272728,4.394874901442893,0.060909090909090906,0.07545454545454545,3.3948749014428925,5.694874901442894,True,14.720728014579304,20.71219256168728,4,False,0.0053169149545251
504,506,0.08090909090909092,4.415031052023418,0.07363636363636364,0.08818181818181818,3.3150310520234174,5.31503105202342,False,12.029515567457915,18.020980114565894,4,False,0.017133124240836968
505,507,0.04,9.836018413137195,0.03363636363636364,0.046363636363636364,8.1360184131372,11.636018413137188,False,7.293819912384697,13.285284459492676,4,True,0.12115222296316
506,508,0.0710909090909091,7.601672233926431,0.07,0.07954545454545454,7.601672233926431,9.001672233926426,False,29.932222971643007,35.92368751875099,4,False,5.052420907513091e-06
508,510,0.025454545454545455,6.881109410329149,0.025454545454545455,0.026363636363636363,6.781109410329149,7.281109410329147,False,228.92776810117502,234.91923264828299,4,False,2.2460164984380605e-48
509,511,0.04454545454545455,25.11065056896884,0.04272727272727273,0.06181818181818182,25.11065056896884,28.71065056896889,False,11.696975403998678,17.68843995110666,4,False,0.019752803516034846
510,512,0.10454545454545455,5.476826171703571,0.09272727272727273,0.11363636363636363,4.4768261717035704,6.476826171703572,False,10.69352431194308,16.68498885905106,4,False,0.03023311688530903
511,513,0.14272727272727273,8.949087346551348,0.13181818181818183,0.15545454545454546,7.949087346551352,10.149087346551344,False,6.291356204129061,12.28282075123704,4,True,0.17842057555342258
512,514,0.2090909090909091,1.3,0.1972727272727273,0.2181818181818182,1.0,1.6,False,16.7945950606365,22.786059607744477,4,False,0.0021188635843237733
514,516,0.10636363636363637,1.1548613064401891,0.10545454545454545,0.10818181818181818,1.1548613064401891,1.1548613064401891,False,9677.904039749708,9683.895504296815,4,False,0.0
515,517,0.19454545454545455,0.8,0.18363636363636365,0.2090909090909091,0.5,1.1,False,78.54220955476227,84.53367410187025,4,False,3.546250752241424e-16
516,518,0.16454545454545455,2.0,0.1590909090909091,0.16818181818181818,1.5,2.3000000000000003,False,32.69867073829467,38.690135285402654,4,False,1.376755146386277e-06
517,519,0.13363636363636364,8.695407360978862,0.12272727272727273,0.14636363636363636,7.595407360978866,9.995407360978858,False,13.038015517693815,19.029480064801795,4,False,0.01109152942828649
518,520,0.026363636363636363,17.465504052360984,0.026363636363636363,0.03,17.465504052360984,19.065504052361007,False,27.834200223766516,33.825664770874496,4,False,1.3476112308740166e-05
519,521,0.15545454545454546,6.959849796877272,0.14636363636363636,0.16272727272727272,6.059849796877275,7.659849796877269,False,14.045491157598484,20.036955704706465,4,False,0.007151273158440988
520,522,0.01863636363636364,9.412130874331108,0.015,0.02181818181818182,7.412130874331115,10.812130874331103,False,20.599441966078782,26.59090651318676,4,False,0.0003801506450761168
522,524,0.013181818181818182,9.331593544727061,0.011818181818181818,0.015,8.031593544727066,10.831593544727056,False,23.10354294785209,29.095007494960072,4,False,0.00012073534189084295
523,525,0.019545454545454546,11.963058551178344,0.015454545454545453,0.024545454545454544,9.763058551178352,14.263058551178336,False,5.965640580847333,11.957105127955312,4,True,0.20172899194627986
524,526,0.01818181818181818,9.629319058111513,0.015454545454545453,0.02181818181818182,8.129319058111518,11.429319058111506,False,21.11869159931935,27.11015614642733,4,False,0.00029996296835565377
525,527,0.09090909090909091,1.3505574790073984,0.09,0.09181818181818181,1.3505574790073984,1.4505574790073985,False,154.89981912753933,160.8912836746473,4,False,1.8135273091385017e-32
527,529,0.04090909090909091,4.011378220063888,0.03636363636363636,0.045454545454545456,2.811378220063886,5.211378220063889,False,10.87555493290456,16.867019480012537,4,False,0.027998786758299154
528,530,0.015454545454545453,9.361076380901963,0.015,0.015454545454545453,9.361076380901963,9.361076380901963,False,26600.8720920818,26606.86355662891,4,False,0.0
529,531,0.075,3.8089577782449564,0.07,0.08272727272727273,3.0089577782449557,4.908957778244957,False,16.07150410319518,22.062968650303162,4,False,0.0029247013869819175
531,533,0.3181818181818182,6.580037193239831,0.3,0.34545454545454546,6.180037193239831,7.180037193239832,False,15.14807367448573,21.13953822159371,4,False,0.004403752887196044
532,534,0.05454545454545455,2.8000000000000003,0.049090909090909095,0.06272727272727273,1.8,4.2,False,5.956217105633387,11.947681652741366,4,True,0.2024419531847132
535,537,0.10454545454545455,10.725933320116857,0.10363636363636364,0.10545454545454545,10.725933320116857,10.725933320116857,False,2591.00639789037,2596.997862437478,4,False,0.0
536,538,0.01,14.71791995816409,0.01,0.01090909090909091,14.517919958164091,15.617919958164087,False,67.7178010770381,73.70926562414608,4,False,6.879866609818665e-14
537,539,0.36363636363636365,5.608976336426716,0.34545454545454546,0.39090909090909093,5.208976336426716,6.208976336426717,False,25.07066659096719,31.062131138075166,4,False,4.869034763623548e-05
538,540,0.01681818181818182,11.20267555846527,0.014545454545454545,0.02,9.802675558465275,12.902675558465264,False,18.323333404800586,24.314797951908567,4,False,0.0010668507141723218
539,541,0.1409090909090909,2.5,0.13545454545454547,0.1481818181818182,2.1,3.1,False,25.69342901212126,31.684893559229238,4,False,3.648291382542947e-05
540,542,0.19454545454545455,5.62687827247998,0.1781818181818182,0.2090909090909091,5.1268782724799795,6.026878272479981,True,7.11994959436262,13.111414141470599,4,True,0.12968359230901638
541,543,0.04727272727272727,9.990959311318171,0.04,0.05454545454545455,8.090959311318178,11.590959311318166,True,3.259042181941528,9.250506729049507,4,True,0.5154477409883576
542,544,0.8454545454545455,9.562585791307885,0.7545454545454545,0.9727272727272728,8.762585791307885,10.562585791307885,False,22.428141716606902,28.419606263714883,4,False,0.00016468397524920262
543,545,0.010454545454545454,9.600821290875967,0.01,0.012727272727272728,8.90082129087597,11.50082129087596,False,16.457126855540373,22.448591402648354,4,False,0.002463283573746164
544,546,0.14636363636363636,0.8047278860550547,0.1390909090909091,0.15181818181818182,0.30472788605505485,1.2047278860550548,False,49.08980428877731,55.08126883588529,4,False,5.592277105456896e-10
545,547,0.2636363636363636,6.538608814512265,0.23636363636363636,0.2727272727272727,5.8386088145122645,6.8386088145122645,False,16.877222113833398,22.86868666094138,4,False,0.0020420476564538366
546,548,0.15363636363636363,3.36221858477069,0.14636363636363636,0.1590909090909091,2.7622185847706895,3.8622185847706905,False,18.893289364925543,24.884753912033524,4,False,0.0008248047728290933
547,549,0.049090909090909095,4.314329904643294,0.045454545454545456,0.057272727272727274,3.314329904643294,5.814329904643296,False,20.825126543371674,26.816591090479655,4,False,0.0003429765495785387
549,551,0.015454545454545453,11.392641041662277,0.014090909090909091,0.01863636363636364,10.29264104166228,13.19264104166227,False,23.241673457296887,29.233138004404864,4,False,0.0001132981665932957
550,552,0.019545454545454546,5.723199682568383,0.01681818181818182,0.023636363636363636,4.123199682568382,7.6231996825683845,False,13.687715440827578,19.679179987935555,4,False,0.008361420492939047
552,554,0.012727272727272728,12.28829074620349,0.012727272727272728,0.013181818181818182,12.28829074620349,12.48829074620349,False,403.6703286962638,409.6617932433718,4,False,4.479660670039905e-86
553,555,0.09636363636363636,9.410581337775016,0.08363636363636363,0.1090909090909091,7.910581337775021,10.81058133777501,False,12.511909252766417,18.503373799874396,4,False,0.013924127296410726
554,556,0.025454545454545455,9.746166341079638,0.02090909090909091,0.030909090909090907,7.846166341079645,11.84616634107963,False,7.816845622795806,13.808310169903784,4,True,0.09852251868236692
555,557,0.01863636363636364,12.197147638038269,0.01681818181818182,0.02090909090909091,11.197147638038272,13.397147638038264,False,20.093703426172095,26.085167973280072,4,False,0.0004785708751708548
556,558,0.014090909090909091,4.228038168294707,0.012727272727272728,0.016363636363636365,2.9280381682947056,5.928038168294708,False,9.922377144116796,15.913841691224775,4,False,0.04175572605708915
557,559,0.2272727272727273,3.0,0.2090909090909091,0.24545454545454545,2.5,3.3000000000000003,False,5.539113150905632,11.530577698013612,4,True,0.2363127356455352
558,560,0.022727272727272728,10.809461715858513,0.019545454545454546,0.02727272727272727,9.409461715858518,12.909461715858505,False,13.719603178289237,19.711067725397214,4,False,0.008245891306594626
559,561,0.09909090909090909,7.05606316996681,0.08818181818181818,0.10818181818181818,6.056063169966814,8.056063169966807,False,27.8932968158152,33.88476136292318,4,False,1.3109658360763508e-05
560,562,0.03272727272727273,10.79917228798039,0.02909090909090909,0.03727272727272728,9.699172287980394,11.899172287980386,True,8.30912900221132,14.300593549319299,4,True,0.08088864137285767
561,563,0.5,0.0,0.4909090909090909,0.509090909090909,0.0,0.0,False,151.9876917306206,157.97915627772858,4,False,7.633928630133203e-32
562,564,0.04818181818181819,9.963290882027831,0.046363636363636364,0.057272727272727274,9.663290882027832,11.863290882027824,False,15.71482367455898,21.70628822166696,4,False,0.0034267011891279974
564,566,0.16818181818181818,2.0,0.16454545454545455,0.1781818181818182,1.6,2.4000000000000004,False,17.03831407021871,23.02977861732669,4,False,0.0019000962485545747
565,567,0.06727272727272728,6.943886410086433,0.05909090909090909,0.07418181818181818,5.443886410086439,8.143886410086429,True,3.422166374293558,9.413630921401538,4,True,0.48981136466945696
566,568,0.24545454545454545,7.774825612778468,0.2272727272727273,0.2636363636363636,7.174825612778467,8.274825612778468,False,8.572475919324496,14.563940466432475,4,True,0.0727205600611809
567,569,0.04,10.253250160419945,0.034545454545454546,0.04727272727272727,8.95325016041995,12.153250160419939,True,9.252853416508074,15.244317963616053,4,True,0.05508090606357301
568,570,0.023636363636363636,3.111257615477099,0.02090909090909091,0.02727272727272727,1.9112576154770988,4.611257615477098,False,7.779869066074717,13.771333613182696,4,True,0.09998294899654167
570,572,0.2727272727272727,3.9000000000000004,0.2636363636363636,0.2909090909090909,3.7,4.4,False,6.351928428637987,12.343392975745967,4,True,0.174362479149795
572,574,0.06636363636363636,6.603894302959054,0.057272727272727274,0.07363636363636364,5.103894302959059,7.903894302959049,False,12.11074863830557,18.102213185413547,4,False,0.016546433845855857
573,575,0.15545454545454546,1.7000000000000002,0.15,0.1590909090909091,1.2000000000000002,2.0,False,15.783606712287808,21.775071259395787,4,False,0.0033237105819776147
574,576,0.23636363636363636,11.416074831760037,0.2090909090909091,0.2545454545454545,10.71607483176004,12.016074831760035,False,11.963055838098072,17.954520385206052,4,False,0.017628116439491734
575,577,0.06636363636363636,2.6993015473720154,0.06181818181818182,0.072,1.8993015473720156,3.699301547372015,True,9.024266911375594,15.015731458483573,4,True,0.06049577746034905
577,579,0.02,10.607589542567808,0.01818181818181818,0.023636363636363636,9.607589542567812,12.007589542567803,False,16.49720264948648,22.488667196594456,4,False,0.002419658189523729
578,580,0.14636363636363636,5.384898916442429,0.13727272727272727,0.1572727272727273,4.684898916442428,6.384898916442429,False,14.878673773079857,20.870138320187834,4,False,0.004959585308170886
580,582,0.07036363636363636,8.527682006258607,0.06181818181818182,0.07772727272727273,7.027682006258612,9.727682006258602,False,24.732812698324445,30.724277245432425,4,False,5.6931499337833764e-05
582,584,0.026363636363636363,12.083741400752595,0.022727272727272728,0.02909090909090909,10.5837414007526,13.38374140075259,True,4.427718860530699,10.419183407638677,4,True,0.3512043958646751
584,586,0.1409090909090909,7.567599664292437,0.13181818181818183,0.15181818181818182,6.667599664292435,8.467599664292438,False,4.004021677034956,9.995486224142935,4,True,0.4054618485213173
585,587,0.13545454545454547,9.057057871290793,0.12636363636363637,0.14454545454545453,8.157057871290796,9.95705787129079,True,6.540439553582488,12.531904100690468,4,True,0.16226013161149272
586,588,0.10454545454545455,6.835741437965536,0.09363636363636364,0.11363636363636363,5.635741437965541,7.935741437965532,True,7.0437428303947405,13.035207377502719,4,True,0.13359459475362045
588,590,0.44545454545454544,6.0,0.4090909090909091,0.4727272727272727,5.4,6.4,False,36.46241070652724,42.45387525363522,4,False,2.3243130574188473e-07
589,591,0.02909090909090909,9.50799250815446,0.026363636363636363,0.034545454545454546,8.307992508154465,11.107992508154455,False,8.069766308035758,14.061230855143737,4,True,0.08905573806645947
590,592,0.02909090909090909,13.483693627031423,0.026363636363636363,0.031818181818181815,12.283693627031427,14.28369362703142,False,33.76672750826483,39.75819205537281,4,False,8.319505169984134e-07
592,594,0.23636363636363636,0.6000000000000001,0.2181818181818182,0.24545454545454545,0.2,0.8,False,100.62071047198518,106.61217501909316,4,False,7.255968018003075e-21
593,595,0.2545454545454545,7.338359773493941,0.23636363636363636,0.2727272727272727,6.838359773493941,7.838359773493941,False,1.283030854755951,7.2744954018639305,4,True,0.8642479509171188
594,596,0.024545454545454544,4.039631200159679,0.02181818181818182,0.028181818181818183,2.8396312001596775,5.73963120015968,False,15.124375655489235,21.115840202597212,4,False,0.004450084995408892
595,597,0.05,8.425078995164291,0.05,0.056363636363636366,8.425078995164291,9.525078995164288,False,54.84455535687396,60.83601990398194,4,False,3.50199080235008e-11
596,598,0.03363636363636364,14.623160667725578,0.03272727272727273,0.034545454545454546,14.623160667725578,14.623160667725578,False,28530.697999013995,28536.689463561102,4,False,0.0
597,599,0.2090909090909091,8.040792011257253,0.19181818181818183,0.23636363636363636,7.540792011257254,8.84079201125725,False,14.929347820043493,20.92081236715147,4,False,0.004850020160069102
598,600,0.1590909090909091,4.690193652591991,0.15181818181818182,0.16454545454545455,3.9901936525919903,5.2901936525919915,False,27.766435457473246,33.757900004581224,4,False,1.3908874372264655e-05
599,601,0.02727272727272727,4.39481472163345,0.023636363636363636,0.03,2.8948147216334505,5.49481472163345,True,9.15987117964112,15.1513357267491,4,True,0.05722534659036422
600,602,0.023636363636363636,19.135545280076485,0.02,0.028181818181818183,17.635545280076464,21.035545280076512,False,14.318851111164404,20.310315658272383,4,False,0.006343961986644839
601,603,0.015454545454545453,3.0,0.014090909090909091,0.017272727272727273,2.0,4.0,True,2.0379944205339435,8.029458967641922,4,True,0.7287706156381566
602,604,0.03,6.333243294167151,0.03,0.030909090909090907,6.333243294167151,6.333243294167151,False,9247.658575778723,9253.65004032583,4,False,0.0
604,606,0.10818181818181818,2.0,0.10181818181818182,0.11545454545454546,1.3,2.8000000000000003,True,14.94669158389693,20.93815613100491,4,False,0.004813069038826779
606,608,0.990909090909091,0.0,0.9818181818181818,1.0454545454545454,0.0,0.30000000000000004,False,82.03003566226256,88.02150020937054,4,False,6.468575223729621e-17
607,609,0.04272727272727273,14.21308966929119,0.03636363636363636,0.049090909090909095,12.613089669291195,15.813089669291184,False,21.973555222745052,27.96501976985303,4,False,0.00020286426765384053
611,613,0.3090909090909091,6.561730304419854,0.2909090909090909,0.33636363636363636,6.061730304419853,7.161730304419853,False,4.147579451738596,10.139043998846574,4,True,0.3864014256157172
612,614,0.06181818181818182,13.338140697217408,0.060909090909090906,0.06909090909090909,13.338140697217408,14.538140697217404,False,31.65449212026317,37.64595666737115,4,False,2.250750823434546e-06
613,615,0.2090909090909091,9.29467587668468,0.19181818181818183,0.2272727272727273,8.794675876684682,9.894675876684678,False,9.967816976744551,15.95928152385253,4,False,0.040973304236229004
614,616,0.4545454545454546,3.8788164921813846,0.4363636363636364,0.4727272727272727,3.5788164921813843,4.2788164921813845,False,68.7489025984612,74.74036714556918,4,False,4.1692236672409907e-14
615,617,0.06454545454545454,14.945379029320913,0.060909090909090906,0.07390909090909091,14.445379029320915,16.645379029320907,False,15.954609068364194,21.946073615472173,4,False,0.003080680206364408
616,618,0.02909090909090909,4.067609224843526,0.026363636363636363,0.03272727272727273,2.7676092248435245,5.367609224843527,False,6.500507956713459,12.491972503821438,4,True,0.1647583807172951
618,620,0.045454545454545456,8.103767778145432,0.04090909090909091,0.05,7.003767778145436,9.303767778145428,False,1.3988226038045053,7.390287150912484,4,True,0.8443996277851404
619,621,0.03,13.243637883208603,0.025454545454545455,0.03636363636363636,11.34363788320861,14.843637883208597,False,9.76211717589199,15.75358172299997,4,False,0.04463121350911171
622,624,0.2090909090909091,3.4000000000000004,0.19181818181818183,0.2181818181818182,3.0,3.7,False,13.768862991281026,19.760327538389006,4,False,0.008070487599292834
623,625,0.24545454545454545,5.205903523741513,0.2272727272727273,0.2636363636363636,4.7059035237415126,5.705903523741513,False,23.068122383168728,29.05958693027671,4,False,0.00012271924682047414
624,626,0.035454545454545454,4.380964804335328,0.030909090909090907,0.04090909090909091,3.180964804335327,5.8809648043353295,True,8.479628473361432,14.47109302046941,4,True,0.07550713000820525
625,627,0.07954545454545454,7.269876997893514,0.072,0.08909090909090908,6.069876997893518,8.569876997893509,True,5.792455421341597,11.783919968449576,4,True,0.21519323667015292
626,628,0.015,9.571790834059495,0.013181818181818182,0.017272727272727273,8.1717908340595,10.771790834059491,False,38.96755038814446,44.95901493525244,4,False,7.074796421094976e-08
627,629,0.4272727272727273,6.025335111287101,0.39090909090909093,0.4636363636363636,5.425335111287102,6.525335111287101,False,4.9229246320633,10.91438917917128,4,True,0.2952977287609301
629,631,0.04363636363636364,2.154111771717205,0.03909090909090909,0.04727272727272727,0.9541117717172052,3.1541117717172047,False,10.907817083512182,16.89928163062016,4,False,0.02761979318192841
630,632,0.15363636363636363,13.198787168202852,0.1481818181818182,0.16090909090909092,12.598787168202854,13.998787168202849,False,49.10114794878776,55.09261249589574,4,False,5.561883092902198e-10
631,633,0.025454545454545455,10.30751571208206,0.022727272727272728,0.028181818181818183,9.207515712082063,11.407515712082056,False,131.83642257089483,137.8278871180028,4,False,1.5762638138563652e-27
633,635,0.07636363636363636,6.278467754961195,0.07,0.08272727272727273,5.178467754961194,7.178467754961196,False,8.822393182438116,14.813857729546095,4,True,0.06569540195228014
634,636,0.08090909090909092,15.89073680920146,0.06818181818181819,0.10181818181818182,14.090736809201466,18.29073680920145,True,5.662169254795957,11.653633801903936,4,True,0.22583815337533256
635,637,0.016363636363636365,11.022794189664323,0.014545454545454545,0.019090909090909092,9.822794189664327,12.422794189664318,False,24.04920091461452,30.040665461722497,4,False,7.808125480708564e-05
637,639,0.12272727272727273,8.497995711901424,0.11545454545454546,0.13363636363636364,7.697995711901427,9.59799571190142,False,26.930865998680037,32.922330545788014,4,False,2.0529018686417156e-05
638,640,0.2727272727272727,8.052492292874662,0.2545454545454545,0.2909090909090909,7.552492292874662,8.652492292874662,False,3.0899409217742217,9.0814054688822,4,True,0.5428884474251605
639,641,0.07018181818181819,19.02641993755043,0.06181818181818182,0.07954545454545454,17.526419937550433,20.626419937550423,False,8.6243511523932,14.615815699501178,4,True,0.07120629070841154
640,642,0.2,7.604438018660948,0.18363636363636365,0.2272727272727273,7.10443801866095,8.304438018660946,False,35.243404171289555,41.234868718397536,4,False,4.140105392643385e-07
641,643,0.035454545454545454,6.218231961000998,0.03,0.04,4.818231961000997,7.318231961001,False,3.3323817486816534,9.323846295789632,4,True,0.5038180644220968
642,644,0.16272727272727272,10.36464279798391,0.15545454545454546,0.17272727272727273,9.564642797983913,11.264642797983907,False,14.779209502357217,20.770674049465196,4,False,0.005181755703058984
643,645,0.05272727272727273,7.5615507143899805,0.04727272727272727,0.060909090909090906,6.361550714389985,9.061550714389975,True,3.540616704020012,9.532081251127991,4,True,0.4717294204223438
644,646,0.1390909090909091,2.4889682514668032,0.13545454545454547,0.14454545454545453,2.0889682514668033,2.9889682514668032,False,28.256415301430945,34.24787984853892,4,False,1.1065851941066489e-05
645,647,0.12636363636363637,4.874481487288536,0.12636363636363637,0.12818181818181817,4.874481487288536,4.874481487288536,False,646.837915906206,652.829380453314,4,False,1.127294642624743e-138
647,649,0.14272727272727273,3.9465437526136884,0.13727272727272727,0.15,3.446543752613688,4.5465437526136885,False,164.49411916220384,170.4855837093118,4,False,1.588271612133092e-34
648,650,0.12090909090909091,9.073336431345004,0.11181818181818182,0.13,8.073336431345007,10.073336431345,True,10.71010783958484,16.701572386692817,4,False,0.030022639540927046
650,652,0.3181818181818182,8.306358311161635,0.2909090909090909,0.34545454545454546,7.506358311161635,8.906358311161636,False,6.948946920898678,12.940411468006657,4,True,0.13861086862199182
651,653,0.3,8.942191759854856,0.2818181818181818,0.32727272727272727,8.442191759854857,9.542191759854854,False,2.7760609829177367,8.767525530025715,4,True,0.5959720390324326
652,654,0.05454545454545455,5.2264797833572505,0.049090909090909095,0.06181818181818182,4.026479783357255,6.526479783357246,False,17.74161386204603,23.73307840915401,4,False,0.0013861497698603627
653,655,0.10454545454545455,7.446659100346428,0.09454545454545454,0.11363636363636363,6.446659100346427,8.446659100346428,False,7.588366703396279,13.579831250504258,4,True,0.10787523292818871
655,657,0.16636363636363638,6.590801571075118,0.1590909090909091,0.1781818181818182,5.890801571075118,7.290801571075119,True,10.293496300338859,16.28496084744684,4,False,0.03576358921159274
658,660,0.35454545454545455,5.4,0.32727272727272727,0.36363636363636365,4.9,5.800000000000001,False,22.635618711672823,28.6270832587808,4,False,0.00014971707290683904
659,661,0.02909090909090909,1.7680118707493113,0.02909090909090909,0.03,1.7680118707493113,1.8680118707493114,False,957.6516749441392,963.6431394912472,4,False,5.366172423943753e-206
660,662,0.04727272727272727,10.849908021990302,0.045454545454545456,0.05454545454545455,10.349908021990304,12.349908021990297,False,23.709573838388398,29.701038385496375,4,False,9.132640011019981e-05
662,664,0.2636363636363636,10.164689328072035,0.24545454545454545,0.2818181818181818,9.664689328072036,10.664689328072033,False,26.484259637341367,32.47572418444935,4,False,2.526917314403646e-05
663,665,0.05454545454545455,10.021775939743918,0.04818181818181819,0.060909090909090906,8.621775939743923,11.221775939743914,True,7.672987320668065,13.664451867776044,4,True,0.10431880328049065
664,666,0.15,15.448733288967027,0.1390909090909091,0.16090909090909092,14.44873328896703,16.648733288967023,False,20.653174766118912,26.64463931322689,4,False,0.00037095323473170124
665,667,0.16636363636363638,16.245489363703246,0.15545454545454546,0.18363636363636365,15.14548936370325,17.045489363703243,False,24.52170757688889,30.513172123996867,4,False,6.276974189933465e-05
666,668,0.1090909090909091,11.695628240797891,0.10818181818181818,0.11,11.695628240797891,11.695628240797891,False,69992.83484749652,69998.82631204363,4,False,0.0
667,669,0.05545454545454545,7.514939201865831,0.053636363636363635,0.06181818181818182,7.514939201865831,8.714939201865826,False,33.9765088833956,39.967973430503584,4,False,7.535010481722836e-07
668,670,0.03,5.5729479584870685,0.03,0.031818181818181815,5.5729479584870685,6.072947958487067,False,114.56387532082294,120.55533986793093,4,False,7.732226073895763e-24
670,672,0.1481818181818182,7.288676731239592,0.1409090909090909,0.1572727272727273,6.588676731239591,8.088676731239593,True,5.284088618709983,11.275553165817962,4,True,0.25937013056243485
671,673,0.13181818181818183,7.736879352835798,0.12090909090909091,0.1390909090909091,6.536879352835797,8.336879352835798,False,2.4662046164271683,8.457669163535147,4,True,0.650697431407324
672,674,0.01,17.784887918236706,0.01,0.01,17.48488791823671,18.184887918236704,False,429.01765757591977,435.00912212302774,4,False,1.490954549457157e-91
673,675,0.1390909090909091,15.371990126760286,0.12636363636363637,0.15,14.17199012676029,16.37199012676028,True,16.6337371491976,22.62520169630558,4,False,0.0022766687199001373
674,676,0.01,14.119302889397607,0.01,0.010454545454545454,14.019302889397608,14.519302889397606,False,48.37934470490073,54.37080925200871,4,False,7.86649546908026e-10
675,677,0.03,3.538683998963199,0.028181818181818183,0.034545454545454546,2.8386839989631985,4.8386839989632,False,13.488559005225762,19.48002355233374,4,False,0.009119638986492191
676,678,0.05818181818181818,13.021337052787567,0.053636363636363635,0.06545454545454546,12.32133705278757,14.421337052787562,False,27.88462394408765,33.87608849119563,4,False,1.3162810989637145e-05
678,680,0.18636363636363637,7.599423562100833,0.17,0.2090909090909091,6.999423562100835,8.29942356210083,False,47.35078122545009,53.34224577255807,4,False,1.2887614484933208e-09
679,681,0.4818181818181818,12.003431863333553,0.4181818181818182,0.5727272727272728,10.903431863333557,13.403431863333548,False,2.78106613427731,8.77253068138529,4,True,0.5951054362097811
680,682,0.2636363636363636,8.723212111143365,0.23636363636363636,0.2727272727272727,8.023212111143367,9.023212111143364,True,4.061478174435875,10.052942721543854,4,True,0.3977496171647739
682,684,0.11181818181818182,1.3,0.10545454545454545,0.11727272727272728,0.7000000000000001,1.9000000000000001,True,22.802486290582145,28.793950837690126,4,False,0.00013866544118024493
683,685,0.015,5.474227979163477,0.013181818181818182,0.01681818181818182,3.974227979163476,6.574227979163479,False,16.0927242588589,22.084188805966882,4,False,0.002897232154646426
684,686,0.6818181818181818,7.339480202662379,0.6272727272727272,0.7454545454545455,6.739480202662379,7.939480202662379,False,41.261927216149346,47.253391763257326,4,False,2.3722596137739826e-08
686,688,0.03272727272727273,4.593312996984883,0.02909090909090909,0.03636363636363636,3.4933129969848817,5.393312996984883,False,14.750608230480015,20.742072777587993,4,False,0.0052474306303388375
689,691,0.02090909090909091,6.356387278952088,0.015,0.03272727272727273,3.2563872789520847,10.656387278952092,True,2.0157149036395148,8.007179450747493,4,True,0.7328683169858248
690,692,0.05909090909090909,11.436573523326784,0.05090909090909091,0.06636363636363636,9.93657352332679,12.836573523326779,True,9.606033920775978,15.597498467883957,4,False,0.04761349676320457
692,694,0.015454545454545453,4.560795138065011,0.014090909090909091,0.017272727272727273,3.5607951380650102,5.560795138065012,False,25.881760989949115,31.873225537057095,4,False,3.343006448964046e-05
693,695,0.031818181818181815,4.1000000000000005,0.02909090909090909,0.03727272727272728,3.2,5.4,True,6.106074829824863,12.097539376932842,4,True,0.19136535285857598
694,696,0.02727272727272727,9.667233229608009,0.024545454545454544,0.030909090909090907,8.467233229608013,11.067233229608004,False,10.892556170414895,16.884020717522873,4,False,0.027798445920035143
695,697,0.16636363636363638,8.313242626661875,0.1572727272727273,0.1781818181818182,7.413242626661878,8.913242626661873,True,40.711773187846305,46.703237734954286,4,False,3.0836734669741455e-08
696,698,0.2272727272727273,15.133476070104573,0.19181818181818183,0.2636363636363636,14.033476070104577,16.23347607010457,False,4.998040022051182,10.98950456915916,4,True,0.2874986602986157
697,699,0.075,14.918562135970035,0.07363636363636364,0.07818181818181819,14.918562135970035,15.318562135970033,False,102.74983522672845,108.74129977383643,4,False,2.554348356477302e-21
698,700,0.05818181818181818,4.825652382226952,0.05,0.06454545454545454,3.2256523822269507,5.925652382226954,True,4.4823974989307676,10.473862046038747,4,True,0.3446397867811244
700,702,0.36363636363636365,8.497458451886367,0.32727272727272727,0.4181818181818182,7.797458451886365,9.497458451886367,True,0.7383214799572683,6.729786027065248,4,True,0.9465203707195691
701,703,0.2272727272727273,5.176770027266425,0.2181818181818182,0.2545454545454545,4.876770027266424,5.876770027266425,False,8.574275600413042,14.565740147521021,4,True,0.0726675201807555
702,704,0.16454545454545455,5.160723687692339,0.1590909090909091,0.17545454545454547,4.660723687692338,5.86072368769234,False,8.70573772669987,14.697202273807848,4,True,0.06889055383318317
703,705,0.37272727272727274,0.0,0.36363636363636365,0.39090909090909093,0.0,0.30000000000000004,False,98.74548910456434,104.73695365167232,4,False,1.8192194831786026e-20
705,707,0.019545454545454546,8.09935505161189,0.017272727272727273,0.023636363636363636,6.899355051611895,9.999355051611884,False,20.20857432171466,26.200038868822638,4,False,0.00045420773595202516
706,708,0.015,10.540552915837733,0.013636363636363636,0.017727272727272727,9.440552915837737,11.940552915837728,False,6.462821392100619,12.454285939208598,4,True,0.16714806197553056
709,711,0.1409090909090909,5.318654179355747,0.13363636363636364,0.1481818181818182,4.6186541793557465,5.918654179355746,False,6.187729450474693,12.179193997582672,4,True,0.18556031885831173
710,712,0.3,7.4533721082324105,0.2818181818181818,0.32727272727272727,6.9533721082324105,7.9533721082324105,True,4.874583057994635,10.866047605102615,4,True,0.3004098067597085
711,713,0.1590909090909091,8.318225761241047,0.15363636363636363,0.16818181818181818,7.818225761241049,9.118225761241044,False,90.23651888956222,96.2279834366702,4,False,1.172902192796727e-18
712,714,0.2272727272727273,7.520643080148082,0.1972727272727273,0.24545454545454545,6.720643080148081,8.020643080148083,True,2.7829298710162895,8.774394418124269,4,True,0.5947829002129529
713,715,0.1409090909090909,6.949204727040384,0.13181818181818183,0.1481818181818182,6.049204727040383,7.549204727040385,False,6.263299859982059,12.254764407090038,4,True,0.1803288583801242
714,716,0.1481818181818182,9.37156859734783,0.1390909090909091,0.1572727272727273,8.471568597347833,10.171568597347827,False,23.95519229652405,29.946656843632027,4,False,8.154368649418303e-05
715,717,0.14272727272727273,6.838519357288613,0.1390909090909091,0.1481818181818182,6.638519357288613,7.338519357288611,False,288.72780713713786,294.7192716842458,4,False,2.9242188415098098e-61
716,718,0.5363636363636364,6.7594104478942665,0.4909090909090909,0.6,6.059410447894267,7.559410447894266,False,45.81675637500929,51.80822092211727,4,False,2.688858082202735e-09
717,719,0.015454545454545453,11.950277811898609,0.014090909090909091,0.01863636363636364,10.850277811898613,13.750277811898602,False,11.675335283187545,17.666799830295524,4,False,0.019936143144922168
718,720,1.4,10.093936459433843,1.4,1.4,10.093936459433843,10.093936459433843,False,923322.9260665848,923328.9175311319,4,False,0.0
719,721,0.15,5.6557046091184695,0.1409090909090909,0.1590909090909091,5.055704609118472,6.555704609118466,False,20.79572858740121,26.787193134509188,4,False,0.00034760690551251266
720,722,0.6,12.044929085123094,0.5,0.7090909090909091,10.644929085123099,13.34492908512309,False,45.96713437739417,51.95859892450215,4,False,2.501942783835305e-09
722,724,0.08727272727272727,5.085390353034416,0.07818181818181819,0.09727272727272727,3.885390353034415,5.985390353034417,True,40.760907150347954,46.752371697455935,4,False,3.012301152227608e-08
723,725,1.4,11.54849777605087,1.4,1.4,11.54849777605087,11.54849777605087,False,16687.50764322806,16693.499107775166,4,False,0.0
725,727,0.4272727272727273,7.696720023215068,0.4181818181818182,0.44545454545454544,7.696720023215068,7.796720023215068,False,577.7191009392205,583.7105654863285,4,False,1.0282028429334976e-123
726,728,0.4,20.304181976605758,0.39090909090909093,0.4090909090909091,20.304181976605758,20.304181976605758,False,26619.587215576692,26625.5786801238,4,False,0.0
727,729,0.9181818181818182,21.36276130709632,0.9,0.9363636363636364,21.36276130709632,21.36276130709632,False,15575.460095055463,15581.45155960257,4,False,0.0
728,730,0.1590909090909091,6.939493810301919,0.15181818181818182,0.16636363636363638,6.239493810301918,7.739493810301919,False,30.917884818645526,36.909349365753506,4,False,3.1817682307436127e-06
730,732,0.2181818181818182,5.341764613976986,0.19454545454545455,0.23636363636363636,4.641764613976986,5.7417646139769865,False,10.074267637177453,16.06573218428543,4,False,0.039195064229942955
732,734,0.025454545454545455,8.879133092258622,0.02181818181818182,0.028181818181818183,7.379133092258627,10.079133092258617,False,24.624452265490863,30.61591681259884,4,False,5.985753345152906e-05
734,736,0.44545454545454544,20.165650078031522,0.44545454545454544,0.4545454545454546,20.165650078031522,20.165650078031522,False,18971.571651525242,18977.56311607235,4,False,0.0
735,737,0.014090909090909091,4.0,0.012272727272727272,0.015454545454545453,2.5,5.1000000000000005,False,6.247694004641249,12.239158551749227,4,True,0.18139822321505666
738,740,0.017727272727272727,3.9000000000000004,0.014090909090909091,0.022727272727272728,1.6,6.300000000000001,True,11.61055925577714,17.60202380288512,4,False,0.020494865223897058
739,741,0.02909090909090909,2.9000000000000004,0.026363636363636363,0.03363636363636364,1.8,4.2,True,8.993144310308201,14.98460885741618,4,True,0.06127106920231346
741,743,0.16818181818181818,20.97998039166573,0.1572727272727273,0.19454545454545455,19.879980391665715,22.079980391665746,False,18.400531158037627,24.391995705145604,4,False,0.001030355055659013
742,744,0.06,21.24955320721555,0.05181818181818182,0.06727272727272728,19.749553207215527,22.549553207215567,False,3.4735961270358118,9.46506067414379,4,True,0.4819044522596333
743,745,0.06181818181818182,19.32998725821505,0.060909090909090906,0.06818181818181819,19.32998725821505,20.429987258215064,False,31.76994923330387,37.76141378041185,4,False,2.1317859271143253e-06
744,746,0.016363636363636365,11.301740970303419,0.014090909090909091,0.019090909090909092,9.801740970303424,12.801740970303413,False,18.042298585669833,24.033763132777814,4,False,0.0012108272153905112
746,748,1.4,29.653631212455238,1.4,1.4,29.653631212455238,29.653631212455238,False,335027.795692961,335033.78715750814,4,False,0.0
747,749,0.4181818181818182,15.243976990218174,0.37272727272727274,0.4636363636363636,14.243976990218178,16.14397699021817,False,9.244639528051529,15.236104075159508,4,True,0.05526721431024168
749,751,0.2181818181818182,19.927700117934673,0.2181818181818182,0.2272727272727273,19.927700117934673,19.927700117934673,False,5914.286591850125,5920.278056397233,4,False,0.0
750,752,0.13181818181818183,7.205246474539036,0.12454545454545454,0.1409090909090909,6.405246474539039,8.005246474539033,True,24.156487615583217,30.147952162691197,4,False,7.430786655772352e-05
753,755,0.01,7.848693782588766,0.01,0.01,7.448693782588768,8.148693782588765,False,1815.1865017664147,1821.1779663135228,4,False,0.0
754,756,0.023636363636363636,6.224434314577069,0.023636363636363636,0.023636363636363636,6.224434314577069,6.224434314577069,False,6525.458595599179,6531.450060146287,4,False,0.0
756,758,0.026363636363636363,7.289590133838683,0.023636363636363636,0.02909090909090909,6.089590133838687,8.489590133838679,False,18.620002992223796,24.611467539331777,4,False,0.0009332037000022341
757,759,0.33636363636363636,12.648836806406088,0.3090909090909091,0.36363636363636365,11.94883680640609,13.248836806406086,False,176.21902619264102,182.210490739749,4,False,4.835581748781157e-37
758,760,0.025454545454545455,5.319826827686649,0.024545454545454544,0.028181818181818183,5.01982682768665,6.419826827686645,False,269.3310748272618,275.32253937436974,4,False,4.4460028654261635e-57
760,762,0.8909090909090909,13.00193526227782,0.7090909090909091,0.9454545454545454,11.30193526227782,13.201935262277821,False,546.4215069126283,552.4129714597362,4,False,6.083616923974239e-117
761,763,0.028181818181818183,3.718225184647155,0.024545454545454544,0.031818181818181815,2.1182251846471534,5.0182251846471555,True,7.082039036464085,13.073503583572064,4,True,0.13161583140421917
762,764,0.09909090909090909,7.545559970059593,0.09727272727272727,0.1,7.545559970059593,7.745559970059592,False,600.6710356547262,606.6625002018342,4,False,1.1091549255126216e-128
763,765,0.10636363636363637,3.8539072894432245,0.09909090909090909,0.11545454545454546,2.9539072894432237,4.753907289443225,False,18.137771968893528,24.129236516001505,4,False,0.0011598832667947564
764,766,0.08818181818181818,30.104034124375197,0.08727272727272727,0.09090909090909091,30.104034124375197,30.204034124375198,False,2108.8020093665964,2114.7934739137045,4,False,0.0
765,767,0.9636363636363636,30.154687432431537,0.8363636363636364,1.1272727272727274,28.95468743243152,31.354687432431554,False,4.200575351589876,10.192039898697855,4,True,0.37954095488226913
767,769,0.23636363636363636,9.637783535156466,0.2181818181818182,0.2545454545454545,9.137783535156467,10.237783535156463,False,5.408674824269113,11.400139371377092,4,True,0.247874426574461
768,770,0.06636363636363636,10.766782554526612,0.05909090909090909,0.07545454545454545,9.466782554526617,12.266782554526607,False,0.40451394099918303,6.395978488107162,4,True,0.9821056680653603
770,772,0.3181818181818182,4.0,0.3,0.33636363636363636,3.6,4.4,False,29.051666464240032,35.04313101134801,4,False,7.63072318486416e-06
771,773,0.023636363636363636,8.460780853267636,0.02181818181818182,0.026363636363636363,7.660780853267639,9.560780853267632,True,22.58018021177984,28.57164475888782,4,False,0.00015357878723971038
773,775,0.13545454545454547,7.172201182351179,0.12636363636363637,0.14454545454545453,6.372201182351178,7.97220118235118,False,3.311700218573184,9.303164765681164,4,True,0.5070805998202929
775,777,0.15545454545454546,22.161298295593777,0.1409090909090909,0.16818181818181818,20.86129829559376,23.461298295593796,False,179.2385861347955,185.23005068190346,4,False,1.0865662685360853e-37
776,778,0.8636363636363636,32.68560728551924,0.7,1.0363636363636364,31.185607285519218,34.18560728551926,False,4.259918726752154,10.251383273860133,4,True,0.371971015950789
778,780,0.045454545454545456,10.66565212520623,0.045454545454545456,0.045454545454545456,10.66565212520623,10.66565212520623,False,4595.757860794944,4601.749325342052,4,False,0.0
779,781,0.2,6.558430030189575,0.18363636363636365,0.2181818181818182,6.058430030189575,7.158430030189575,False,12.875149988760713,18.866614535868692,4,False,0.011902222396637699
780,782,0.03,8.140019664025898,0.02727272727272727,0.035454545454545454,6.840019664025903,9.540019664025893,False,16.821377245890865,22.812841792998846,4,False,0.0020936580241573176
781,783,0.6727272727272727,10.643825317270354,0.5818181818181818,0.7636363636363637,9.643825317270357,11.64382531727035,False,18.692370178263232,24.683834725371213,4,False,0.0009031993834220343
782,784,0.7454545454545455,14.168293435683697,0.6181818181818182,0.9454545454545454,12.868293435683702,15.868293435683691,False,10.678790010129326,16.670254557237307,4,False,0.03042131800284138
783,785,0.05454545454545455,4.387997260792076,0.05,0.05909090909090909,3.587997260792076,5.2879972607920775,True,9.234302263437916,15.225766810545895,4,True,0.055502538951458125
784,786,0.01,4.0480062937408,0.01,0.01,4.0480062937408,4.448006293740798,False,6784.278391688511,6790.269856235619,4,False,0.0
785,787,0.2272727272727273,10.889651798702326,0.2,0.2545454545454545,10.289651798702328,11.589651798702324,True,6.050309281857637,12.041773828965617,4,True,0.19542251698206492
786,788,0.24545454545454545,6.456391364931362,0.23636363636363636,0.2636363636363636,6.156391364931361,6.956391364931362,False,43.45804168005392,49.4495062271619,4,False,8.31355700161056e-09
787,789,0.5363636363636364,0.0,0.5272727272727272,0.5454545454545454,0.0,0.0,False,212.99042508006738,218.98188962717535,4,False,6.040960102990467e-45
788,790,0.06636363636363636,4.306994480030427,0.06,0.07163636363636364,3.2069944800304264,5.206994480030428,True,14.202996642823377,20.194461189931356,4,False,0.0066745779918609485
789,791,0.16636363636363638,9.53963433772602,0.1572727272727273,0.18636363636363637,8.639634337726024,10.539634337726017,False,118.10501703597566,124.09648158308364,4,False,1.3562900059474557e-24
790,792,0.11545454545454546,3.3953237135590104,0.11363636363636363,0.11545454545454546,3.3953237135590104,3.4953237135590105,False,279.9234684405504,285.91493298765835,4,False,2.314687597645096e-59
791,793,0.2727272727272727,10.942669610664128,0.2545454545454545,0.3,10.44266961066413,11.742669610664125,False,1.8131720803081053,7.804636627416084,4,True,0.7700715772731808
793,795,0.2636363636363636,22.834583697704716,0.2272727272727273,0.3,21.8345836977047,23.83458369770473,False,0.7118082305482673,6.703272777656246,4,True,0.9498647815716931
795,797,0.15,17.354491679575503,0.13545454545454547,0.16272727272727272,16.054491679575506,18.5544916795755,True,11.775684002307925,17.767148549415904,4,False,0.019099670935844977
798,800,0.011363636363636364,3.97752444806405,0.01,0.013636363636363636,2.6775244480640508,5.87752444806405,False,7.775948447232373,13.767412994340352,4,True,0.10013897826864081
799,801,0.15545454545454546,4.444999589543885,0.15363636363636363,0.15545454545454546,4.444999589543885,4.444999589543885,False,2388.256338975581,2394.247803522689,4,False,0.0
800,802,0.1572727272727273,2.8162151214427613,0.15363636363636363,0.16272727272727272,2.4162151214427614,3.416215121442761,False,26.966713722033155,32.958178269141136,4,False,2.018932267988567e-05
802,804,0.4,8.10656946350933,0.37272727272727274,0.4363636363636364,7.506569463509329,8.70656946350933,False,6.3617034911573285,12.353168038265308,4,True,0.17371543442056742
803,805,0.04818181818181819,15.638682441223894,0.04090909090909091,0.06,13.7386824412239,17.938682441223886,False,7.76880779768432,13.760272344792298,4,True,0.10042373978406215
804,806,0.34545454545454546,7.955571649169023,0.3181818181818182,0.37272727272727274,7.355571649169023,8.555571649169025,True,2.2035682215457073,8.195032768653686,4,True,0.6983760622515013
805,807,0.10090909090909092,10.966164680500478,0.09,0.11,9.966164680500482,11.966164680500475,True,33.49301352058101,39.48447806768899,4,False,9.466673562993215e-07
806,808,0.2727272727272727,9.136497393449803,0.2636363636363636,0.2909090909090909,8.836497393449804,9.636497393449801,False,11.922620937251788,17.914085484359767,4,False,0.017936048182821195
807,809,0.09454545454545454,10.422945951410588,0.08545454545454545,0.10636363636363637,9.522945951410591,11.722945951410583,False,1.8110432961132852,7.802507843221264,4,True,0.7704613051209885
808,810,0.05454545454545455,6.433666947253496,0.05272727272727273,0.05545454545454545,6.433666947253496,6.433666947253496,False,28559.922945447568,28565.914409994675,4,False,0.0
811,813,0.11363636363636363,9.542853647208737,0.10454545454545455,0.12454545454545454,8.54285364720874,10.742853647208733,True,11.528015739839487,17.519480286947466,4,False,0.021228890291975337
812,814,0.8454545454545455,10.805769744142104,0.7454545454545455,0.9545454545454546,9.905769744142104,11.705769744142106,False,47.49997027092966,53.49143481803764,4,False,1.1997408677208411e-09
813,815,0.07590909090909091,13.133237893822207,0.06909090909090909,0.08363636363636363,12.03323789382221,14.233237893822203,False,7.251906264277077,13.243370811385056,4,True,0.12316003154671502
816,818,0.509090909090909,23.843133074646634,0.44545454545454544,0.6272727272727272,22.743133074646618,25.443133074646656,False,9.88358047743765,15.87504502454563,4,False,0.042435085795084475
817,819,0.045454545454545456,14.054905137036503,0.04,0.05090909090909091,12.654905137036508,15.454905137036498,False,10.718775878972092,16.71024042608007,4,False,0.029913188684994332
818,820,0.16272727272727272,6.182966514130763,0.16090909090909092,0.16272727272727272,6.182966514130763,6.182966514130763,False,2298.4827011440557,2304.4741656911638,4,False,0.0
819,821,0.19454545454545455,1.4000000000000001,0.1781818181818182,0.2,1.0,1.6,False,39.74255763281571,45.73402217992369,4,False,4.892854727970548e-08
821,823,0.03636363636363636,17.809521442267158,0.030909090909090907,0.04272727272727273,16.50952144226714,19.40952144226718,False,15.85395695671004,21.845421503818017,4,False,0.003221524781085658
823,825,0.02727272727272727,8.235680503027103,0.023636363636363636,0.02909090909090909,6.735680503027108,8.9356805030271,False,8.208256837167683,14.199721384275662,4,True,0.08424056429864216
824,826,0.4909090909090909,8.91307964542387,0.4545454545454546,0.5454545454545454,8.213079645423873,9.613079645423868,False,0.9877210546951294,6.979185601803108,4,True,0.911652128078995
825,827,0.04090909090909091,0.8493427978237413,0.04090909090909091,0.04181818181818182,0.8493427978237413,0.8493427978237413,False,8462.096188732408,8468.087653279516,4,False,0.0
826,828,0.03363636363636364,7.7726335298827465,0.028181818181818183,0.038181818181818185,6.072633529882745,8.872633529882748,False,0.9199442818894659,6.911408828997445,4,True,0.9216822123121662
828,830,0.06818181818181819,16.548993274519948,0.06454545454545454,0.07727272727272727,15.948993274519939,18.04899327451997,False,27.813959067243136,33.80542361435111,4,False,1.360395491026519e-05
829,831,0.06727272727272728,14.43182154286339,0.05909090909090909,0.07390909090909091,12.931821542863394,15.531821542863385,False,1.7192931855615474,7.710757732669526,4,True,0.7872100811477789
830,832,0.09181818181818181,13.596145269451048,0.08090909090909092,0.10363636363636364,12.196145269451053,14.696145269451044,False,40.00757277178473,45.99903731889271,4,False,4.3128420002580223e-08
831,833,0.08181818181818182,3.567004950174246,0.07636363636363636,0.09,2.767004950174245,4.667004950174247,False,14.032345209749462,20.02380975685744,4,False,0.007192535490175385
832,834,0.010454545454545454,10.737162062065837,0.01,0.011818181818181818,10.237162062065838,11.937162062065832,False,104.08605666658508,110.07752121369306,4,False,1.3262588171479791e-21
833,835,0.045454545454545456,20.7511414833662,0.04272727272727273,0.05272727272727273,19.95114148336619,22.451141483366225,False,13.548523856650716,19.539988403758695,4,False,0.008884532783690514
834,836,0.023636363636363636,8.766281469349646,0.02090909090909091,0.026363636363636363,7.66628146934965,9.866281469349643,False,8.117441785861871,14.10890633296985,4,True,0.0873696570844314
835,837,0.03,4.023907934159014,0.02727272727272727,0.034545454545454546,2.8239079341590125,5.223907934159015,False,13.879510727098241,19.87097527420622,4,False,0.00768970467940078
836,838,0.14454545454545453,24.304843158953947,0.13181818181818183,0.1590909090909091,23.00484315895393,25.804843158953968,False,7.745783182256524,13.737247729364503,4,True,0.10134709451203545
837,839,0.2272727272727273,2.7,0.2090909090909091,0.23636363636363636,2.2,2.9000000000000004,False,15.603326837086716,21.594791384194693,4,False,0.003600355493907714
838,840,0.10818181818181818,12.061022794326197,0.08909090909090908,0.12454545454545454,9.961022794326205,13.96102279432619,True,69.93322818755499,75.92469273466297,4,False,2.344725482521042e-14
839,841,0.15,5.599544743159644,0.14454545454545453,0.1590909090909091,5.099544743159646,6.499544743159641,False,30.308126654272215,36.299591201380196,4,False,4.235997544456638e-06
840,842,0.026363636363636363,12.066178323899345,0.02090909090909091,0.03363636363636364,9.566178323899354,14.566178323899337,False,14.024254035055897,20.015718582163878,4,False,0.00721804782895338
841,843,0.016363636363636365,10.992676191641474,0.014545454545454545,0.01863636363636364,9.792676191641478,12.292676191641469,False,17.373113643196994,23.364578190304975,4,False,0.001635481877085419
842,844,0.1809090909090909,12.258054034953897,0.16090909090909092,0.2,10.958054034953902,12.958054034953895,False,32.30756334452707,38.29902789163505,4,False,1.6552425279757225e-06
843,845,0.5,6.699709736204011,0.4636363636363636,0.5636363636363636,6.199709736204011,7.499709736204011,False,13.438723231388892,19.430187778496872,4,False,0.00931965239788426
845,847,0.2272727272727273,10.0222328459474,0.2181818181818182,0.24545454545454545,9.622232845947401,10.522232845947398,False,2.29882471921568,8.29028926632366,4,True,0.6809830411950937
846,848,0.5454545454545454,13.81999150204659,0.4818181818181818,0.609090909090909,12.919991502046594,14.719991502046588,False,1.516721530600804,7.508186077708783,4,True,0.8236753877385568
847,849,0.06909090909090909,13.571007175007454,0.060909090909090906,0.07681818181818181,12.171007175007459,14.871007175007449,False,3.9142367171336714,9.90570126424165,4,True,0.41773705812954853
848,850,0.10818181818181818,3.47962048155531,0.10272727272727274,0.11363636363636363,2.8796204815553095,4.279620481555311,False,45.77518966719718,51.76665421430516,4,False,2.742939849303426e-09
849,851,0.09636363636363636,8.594977080633535,0.09454545454545454,0.09818181818181819,8.594977080633535,8.594977080633535,False,42108.42515876296,42114.41662331007,4,False,0.0
850,852,0.014545454545454545,10.691918123796947,0.014090909090909091,0.015,10.491918123796948,11.091918123796946,False,170.17641902539197,176.16788357249993,4,False,9.585258043089368e-36
851,853,0.06181818181818182,14.645454443968482,0.05545454545454545,0.06818181818181819,13.545454443968486,15.745454443968478,False,18.90881984513124,24.90028439223922,4,False,0.0008190331235670065
852,854,0.06,14.704887296270407,0.05,0.06909090909090909,13.004887296270413,16.404887296270402,True,5.5889311765458904,11.580395723653869,4,True,0.2320222498715013
853,855,0.07281818181818181,4.350145081115179,0.06727272727272728,0.08,3.350145081115178,5.4501450811151795,False,6.888441514803535,12.879906061911514,4,True,0.14190233900535254
854,856,0.2545454545454545,7.796192858243472,0.23636363636363636,0.2727272727272727,7.296192858243474,8.39619285824347,False,8.061410109417885,14.052874656525864,4,True,0.08935438959444118
855,857,0.10454545454545455,9.330710160002068,0.09181818181818181,0.11363636363636363,8.030710160002073,10.330710160002065,True,15.902826348980453,21.89429089608843,4,False,0.0031523667530988547
856,858,0.16090909090909092,10.660136375528337,0.15363636363636363,0.17,9.86013637552834,11.560136375528334,True,4.271189218316833,10.262653765424812,4,True,0.37054670416496466
857,859,0.13363636363636364,6.557114063310143,0.12636363636363637,0.14272727272727273,5.857114063310142,7.357114063310143,True,9.318589789508813,15.310054336616792,4,True,0.053611290619700526
858,860,0.02090909090909091,8.179139409969343,0.017727272727272727,0.024545454545454544,6.579139409969342,9.779139409969344,True,1.6270000695991111,7.61846461670709,4,True,0.8039314007693094
860,862,0.04363636363636364,6.728681965215557,0.04363636363636364,0.04363636363636364,6.728681965215557,6.828681965215557,False,599.0285056377904,605.0199701848984,4,False,2.514651606060767e-128
861,863,1.4,6.384160639200765,1.4,1.4,6.384160639200765,6.384160639200765,False,646795.772301105,646801.7637656521,4,False,0.0
862,864,0.015,11.766272564161318,0.014090909090909091,0.01863636363636364,11.06627256416132,13.86627256416131,False,87.68877722828088,93.68024177538886,4,False,4.076918876990007e-18
863,865,1.4,5.496326728021099,1.4,1.4,5.496326728021099,5.496326728021099,False,551093.0709800476,551099.0624445947,4,False,0.0
865,867,0.026363636363636363,14.682581369709338,0.022727272727272728,0.03,12.982581369709344,16.182581369709332,False,11.694771800687953,17.686236347795933,4,False,0.01977139779842421
866,868,0.028181818181818183,3.7,0.026363636363636363,0.030909090909090907,2.9000000000000004,4.7,True,3.6578033199503928,9.649267867058372,4,True,0.4542929023213227
868,870,0.4,4.1000000000000005,0.37272727272727274,0.4545454545454546,3.7,4.9,False,12.175029956749945,18.166494503857926,4,False,0.016096069037379958
869,871,0.06636363636363636,9.577546195152076,0.05818181818181818,0.07390909090909091,8.077546195152081,10.877546195152071,False,0.2368630044903721,6.228327551598351,4,True,0.9935168639008921
870,872,0.18636363636363637,1.2000000000000002,0.17545454545454547,0.2,0.9,1.5,False,10.55337288085548,16.544837427963458,4,False,0.03206968023821635
871,873,0.016363636363636365,3.0160479995313274,0.015909090909090907,0.017272727272727273,3.0160479995313274,3.2160479995313276,False,838.2770163710063,844.2684809181143,4,False,3.925104565340568e-180
872,874,0.2181818181818182,1.6,0.2090909090909091,0.23636363636363636,1.4000000000000001,2.0,False,24.60926696806458,30.600731515172562,4,False,6.0279340358873325e-05
873,875,0.35454545454545455,6.986308790349944,0.32727272727272727,0.38181818181818183,6.386308790349943,7.486308790349944,False,8.533240016172616,14.524704563280595,4,True,0.07388605158621403
874,876,0.014090909090909091,7.96286236719404,0.012272727272727272,0.01681818181818182,6.362862367194046,9.762862367194034,False,22.53966566882832,28.5311302159363,4,False,0.00015646328131291236
876,878,0.07445454545454545,4.475425967593164,0.06818181818181819,0.08,3.475425967593163,5.375425967593165,True,10.169433902776206,16.160898449884186,4,False,0.037668286636072815
878,880,0.014545454545454545,8.852045712953073,0.013636363636363636,0.01681818181818182,8.052045712953076,10.152045712953068,False,11.274971732970338,17.266436280078317,4,False,0.023641477006715938
880,882,0.09909090909090909,10.132734575031998,0.08909090909090908,0.10818181818181818,9.232734575032001,11.232734575031994,False,1.4392548152559395,7.430719362363918,4,True,0.8373444501134008
882,884,0.01863636363636364,11.841611929486266,0.015909090909090907,0.02181818181818182,10.54161192948627,13.44161192948626,False,25.968708910646804,31.960173457754784,4,False,3.2107680468203644e-05
883,885,0.05818181818181818,13.572462532663973,0.05090909090909091,0.06636363636363636,12.372462532663977,15.072462532663968,False,18.09900356680926,24.09046811391724,4,False,0.0011803093381105784
884,886,0.15181818181818182,11.09183802154144,0.1390909090909091,0.16090909090909092,9.891838021541444,11.891838021541437,True,14.631936696371922,20.6234012434799,4,False,0.005528765173397961
885,887,0.09636363636363636,4.52563062827784,0.08818181818181818,0.10545454545454545,3.6256306282778397,5.425630628277841,False,22.65868067302934,28.65014522013732,4,False,0.00014813915025974067
886,888,0.028181818181818183,11.231101067018628,0.024545454545454544,0.03272727272727273,9.631101067018633,12.731101067018622,True,3.0333228563527745,9.024787403460753,4,True,0.5522644700103911
888,890,0.3,0.7000000000000001,0.2818181818181818,0.3181818181818182,0.4,1.1,False,72.30892269727838,78.30038724438636,4,False,7.38461587463675e-15
890,892,0.06,9.937952119924807,0.053636363636363635,0.06909090909090909,8.737952119924811,11.437952119924802,True,16.69068920854171,22.682153755649686,4,False,0.0022195156374055806
891,893,0.017727272727272727,10.177803899225195,0.015,0.02181818181818182,8.6778038992252,12.177803899225188,True,3.169404800780281,9.16086934788826,4,True,0.5298867234432934
892,894,0.01,8.943098195099848,0.01,0.01,8.743098195099849,9.143098195099848,False,2906.63457061119,2912.6260351582982,4,False,0.0
893,895,0.01818181818181818,7.583463513480162,0.016363636363636365,0.02,6.583463513480165,8.583463513480158,False,7.738336586064285,13.729801133172264,4,True,0.10164741676752832
894,896,0.04,11.256206147715266,0.035454545454545454,0.046363636363636364,10.05620614771527,12.95620614771526,False,0.7976391876653307,6.78910373477331,4,True,0.9387642839234424
895,897,0.04727272727272727,14.161932466308462,0.04181818181818182,0.05454545454545455,12.761932466308467,15.661932466308457,True,5.26665712962529,11.25812167673327,4,True,0.2610144845906533
896,898,0.028181818181818183,4.477464543882027,0.025454545454545455,0.031818181818181815,3.277464543882026,5.677464543882028,True,13.707769210347966,19.699233757455943,4,False,0.00828858226776613
897,899,0.33636363636363636,5.155943620949373,0.3181818181818182,0.35454545454545455,4.855943620949374,5.555943620949374,False,9.745963434131903,15.737427981239883,4,False,0.0449313615039161
898,900,0.017727272727272727,4.444598895745868,0.015454545454545453,0.02,3.1445988957458666,5.7445988957458685,False,12.91647807588785,18.90794262299583,4,False,0.011691190079308349
900,902,0.13545454545454547,4.7233868798623835,0.12818181818181817,0.14272727272727273,4.123386879862384,5.323386879862385,False,26.98628856444827,32.97775311155625,4,False,2.000619559306016e-05
901,903,0.013181818181818182,9.053910729575088,0.011818181818181818,0.014545454545454545,7.853910729575093,10.253910729575084,False,13.239004649322569,19.230469196430548,4,False,0.010165137869663025
903,905,0.01818181818181818,9.16445314727832,0.015454545454545453,0.02181818181818182,7.664453147278325,11.064453147278313,False,9.326631780058825,15.318096327166804,4,True,0.05343409128917569
905,907,0.08909090909090908,7.004370548718018,0.08090909090909092,0.10181818181818182,5.904370548718022,8.304370548718014,False,5.3982859963381635,11.389750543446143,4,True,0.248815946265514
906,908,0.014545454545454545,14.205876578043389,0.012272727272727272,0.017727272727272727,12.405876578043395,16.20587657804338,False,21.023583196411984,27.015047743519965,4,False,0.0003132779532959097
907,909,0.031818181818181815,4.068960479000392,0.02909090909090909,0.03636363636363636,3.268960479000392,5.268960479000391,True,9.709777813398915,15.701242360506894,4,False,0.0456107482079989
908,910,0.1590909090909091,11.319400941855767,0.15,0.16636363636363638,10.619400941855769,12.119400941855764,False,30.68298499524135,36.67444954234933,4,False,3.5527625562863567e-06
909,911,0.013181818181818182,3.2,0.01090909090909091,0.015,1.4000000000000001,4.7,True,3.946719305755468,9.938183852863446,4,True,0.41326462895874083
910,912,0.03909090909090909,4.632015542473501,0.03363636363636364,0.04363636363636364,3.3320155424734996,5.832015542473502,True,4.61148411612686,10.602948663234839,4,True,0.32953224017571214
911,913,0.4181818181818182,12.326626143381713,0.38181818181818183,0.4636363636363636,11.526626143381716,13.02662614338171,False,4.635558470245213,10.627023017353192,4,True,0.3267749468062433
912,914,0.017272727272727273,9.853890117792027,0.015909090909090907,0.019090909090909092,9.05389011779203,10.853890117792023,False,32.68354938265611,38.67501392976409,4,False,1.386599267735833e-06
913,915,0.049090909090909095,10.950053643598428,0.045454545454545456,0.05454545454545455,10.050053643598432,12.050053643598424,False,10.687354199297367,16.678818746405348,4,False,0.030311790548204324
916,918,0.2272727272727273,14.266283198524501,0.2090909090909091,0.24545454545454545,13.766283198524503,14.7662831985245,False,2.123308869308205,8.114773416416185,4,True,0.7130914181659425
917,919,0.012272727272727272,9.913644236260474,0.01,0.014090909090909091,8.01364423626048,11.613644236260468,False,11.281056665562826,17.272521212670803,4,False,0.02358046169159238
919,921,0.04363636363636364,4.276298660141272,0.04,0.04727272727272727,3.276298660141272,5.076298660141272,True,5.574641843112141,11.56610639022012,4,True,0.2332458962306928
920,922,0.1190909090909091,7.862831136170893,0.11,0.12818181818181817,6.762831136170897,8.86283113617089,False,26.11312966119721,32.10459420830519,4,False,3.0025146936181668e-05
921,923,0.11727272727272728,6.3790029360712275,0.1090909090909091,0.13,5.479002936071226,7.679002936071228,False,3.291027832584958,9.282492379692936,4,True,0.5103550736963762
923,925,0.15,6.093594068521824,0.1390909090909091,0.15545454545454546,5.193594068521823,6.593594068521824,False,24.715024368186466,30.706488915294443,4,False,5.740189466455902e-05
924,926,0.01,14.24558891912833,0.01,0.01090909090909091,13.945588919128332,15.145588919128327,False,29.121460277495206,35.11292482460318,4,False,7.385590417179274e-06
925,927,0.15,2.4000000000000004,0.14454545454545453,0.15363636363636363,1.9000000000000001,2.7,False,26.80295953612924,32.79442408323722,4,False,2.1788052146409615e-05
926,928,0.015,3.7810519282362147,0.013636363636363636,0.015909090909090907,2.681051928236215,4.381051928236214,False,14.659745300299324,20.6512098474073,4,False,0.005461539975571638
927,929,0.01,14.97270485877898,0.01,0.01090909090909091,14.672704858778982,15.872704858778977,False,40.31705806004011,46.30852260714809,4,False,3.7217530302176925e-08
928,930,0.2727272727272727,12.197750730939486,0.2545454545454545,0.3,11.797750730939487,12.897750730939483,False,10.418630045637258,16.41009459274524,4,False,0.03393649024025461
929,931,0.028181818181818183,9.030833499754022,0.023636363636363636,0.034545454545454546,7.03083349975403,11.030833499754015,True,2.457858908871363,8.449323455979343,4,True,0.6521973691084824
931,933,0.022727272727272728,3.766248744693118,0.019090909090909092,0.026363636363636363,1.9662487446931163,5.366248744693119,False,7.97198841494969,13.96345296205767,4,True,0.09260970065420361
932,934,0.2818181818181818,8.636398437012312,0.2636363636363636,0.2909090909090909,8.136398437012312,8.936398437012313,False,2.34845284063716,8.339917387745139,4,True,0.6719619998755393
934,936,0.2181818181818182,5.155460647185584,0.2,0.2272727272727273,4.655460647185585,5.455460647185585,False,3.6619418514409885,9.653406398548967,4,True,0.4536854376890215
935,937,0.060909090909090906,8.58862958367218,0.05272727272727273,0.06818181818181819,7.088629583672185,9.788629583672176,True,5.570701304007494,11.562165851115473,4,True,0.23358432623682582
936,938,0.015909090909090907,9.569655383266998,0.014090909090909091,0.01818181818181818,8.169655383267003,10.869655383266993,False,21.436317162420924,27.4277817095289,4,False,0.00025943122301182474
937,939,0.12090909090909091,10.068270561343553,0.1090909090909091,0.13,8.868270561343557,11.06827056134355,False,24.49040777056178,30.48187231766976,4,False,6.368456265268716e-05
939,941,0.12636363636363637,8.757228294782442,0.11727272727272728,0.13727272727272727,7.757228294782445,9.757228294782438,False,28.640279493634488,34.63174404074247,4,False,9.249218831160135e-06
940,942,0.02181818181818182,10.066814253742447,0.01818181818181818,0.025454545454545455,8.366814253742453,11.566814253742441,False,5.903708590955776,11.895173138063754,4,True,0.20645570673363148
942,944,0.13363636363636364,8.52218464650907,0.12272727272727273,0.14454545454545453,7.4221846465090735,9.522184646509066,False,1.7518231617545281,7.743287708862507,4,True,0.7812837622912465
945,947,0.3090909090909091,11.200147471890888,0.2909090909090909,0.33636363636363636,10.70014747189089,11.900147471890886,False,5.320806249652904,11.312270796760883,4,True,0.2559354946995209
946,948,0.35454545454545455,0.8145944896500358,0.34545454545454546,0.37272727272727274,0.6145944896500358,1.1145944896500357,False,83.9629524980456,89.95441704515358,4,False,2.5174325929217172e-17
947,949,0.11,7.972561375819062,0.09909090909090909,0.12090909090909091,6.6725613758190665,9.172561375819058,False,12.070985424196483,18.06244997130446,4,False,0.01683113242868121
950,952,0.015454545454545453,12.522458466106634,0.013636363636363636,0.017272727272727273,11.12245846610664,13.62245846610663,False,43.638555834466395,49.630020381574376,4,False,7.626230001119108e-09
952,954,0.12454545454545454,6.474115954373254,0.11545454545454546,0.13363636363636364,5.474115954373257,7.37411595437325,False,37.96004477804004,43.951509325148024,4,False,1.1420286011723896e-07
953,955,0.35454545454545455,0.0,0.35454545454545455,0.36363636363636365,0.0,0.0,False,207.18369311215005,213.17515765925802,4,False,1.0718413341083832e-43
957,959,0.024545454545454544,6.987880569320652,0.024545454545454544,0.026363636363636363,6.887880569320652,7.787880569320649,False,59.682438947561366,65.67390349466935,4,False,3.3826307393643154e-12
961,963,0.01863636363636364,11.632472232917666,0.015909090909090907,0.022727272727272728,10.032472232917671,13.43247223291766,False,17.523934689183406,23.515399236291387,4,False,0.0015284923947310348
964,966,0.03636363636363636,3.7973148110589747,0.030909090909090907,0.04090909090909091,2.3973148110589735,4.997314811058976,True,8.191784381686308,14.183248928794287,4,True,0.08480019569693235
971,973,0.12454545454545454,9.601976914794683,0.11727272727272728,0.13545454545454547,8.701976914794686,10.70197691479468,False,35.70385295145933,41.69531749856731,4,False,3.329373952963041e-07
981,983,0.035454545454545454,9.960699580300728,0.035454545454545454,0.03636363636363636,9.960699580300728,10.260699580300727,False,455.5859398325965,461.5774043797045,4,False,2.692854106470534e-97
992,994,0.16272727272727272,11.20961750930622,0.15363636363636363,0.18363636363636365,10.309617509306223,12.209617509306216,False,32.176570299557426,38.16803484666541,4,False,1.7605364398171416e-06
1001,1003,0.1409090909090909,2.246209628302258,0.13727272727272727,0.1481818181818182,1.8462096283022582,2.846209628302258,False,11.477599624268251,17.469064171376232,4,False,0.021689695944356137
1012,1014,0.04090909090909091,1.572541170947142,0.04,0.04454545454545455,1.572541170947142,2.572541170947143,False,47.73328332568529,53.72474787279327,4,False,1.0726705574792945e-09
1021,1023,0.15,8.945436794432178,0.1409090909090909,0.1590909090909091,8.14543679443218,9.845436794432175,True,9.688455489035672,15.67992003614365,4,False,0.04601567034953053
1030,1032,0.02,12.70395069327112,0.015909090909090907,0.024545454545454544,10.303950693271128,14.603950693271113,True,9.243640740686438,15.235105287794417,4,True,0.05528990982546286
1031,1033,0.3,5.800000000000001,0.2545454545454545,0.37272727272727274,4.3,7.4,False,302.8795096120441,308.87097415915207,4,False,2.5920799246424318e-64
1032,1034,0.8727272727272728,3.079571274268398,0.8636363636363636,0.8818181818181818,3.079571274268398,3.079571274268398,False,37768.239071009055,37774.23053555616,4,False,0.0
1033,1035,0.2545454545454545,18.817741546746674,0.2181818181818182,0.3090909090909091,17.617741546746657,20.317741546746696,False,9.539813163675564,15.531277710783543,4,False,0.04893557255913386
1034,1036,0.012727272727272728,10.97101114025322,0.011363636363636364,0.015,9.771011140253224,12.871011140253213,False,17.814222070228144,23.80568661733612,4,False,0.001341645746673784
1036,1038,0.2181818181818182,0.8,0.2,0.23636363636363636,0.5,1.2000000000000002,False,45.18961003996527,51.18107458707325,4,False,3.6309247884623835e-09
1037,1039,1.4,11.68380090867564,1.4,1.4,11.68380090867564,11.68380090867564,False,5651.560654894424,5657.552119441532,4,False,0.0
1038,1040,0.39090909090909093,6.112296375426503,0.38181818181818183,0.39090909090909093,6.112296375426503,6.112296375426503,False,41524.60598407459,41530.597448621695,4,False,0.0
1039,1041,0.06272727272727273,9.814821984094394,0.06,0.07163636363636364,9.514821984094395,11.314821984094388,False,19.08947572103347,25.080940268141447,4,False,0.0007547598747278207
1041,1043,1.190909090909091,12.462213843711618,1.1272727272727274,1.2181818181818183,12.162213843711617,12.462213843711618,False,59.81502679433914,65.80649134144711,4,False,3.172459089326755e-12
1043,1045,0.1781818181818182,2.2,0.16636363636363638,0.19181818181818183,1.7000000000000002,2.6,False,28.08575961937325,34.07722416648123,4,False,1.1983557779421413e-05
1045,1047,0.046363636363636364,14.03899855001229,0.04,0.06272727272727273,12.738998550012294,17.338998550012278,True,4.948753626839358,10.940218173947336,4,True,0.29259622713551253
1046,1048,0.02,3.526081018399984,0.01818181818181818,0.024545454545454544,2.526081018399983,5.526081018399985,False,18.832349480253505,24.823814027361486,4,False,0.0008478431713891004
1047,1049,0.10818181818181818,5.884848139458819,0.1,0.11727272727272728,4.884848139458818,6.8848481394588195,True,9.362886093696337,15.354350640804316,4,True,0.052642168977263266
1048,1050,0.08181818181818182,10.964042823261005,0.07,0.09636363636363636,9.064042823261012,12.664042823261,True,4.923984418686478,10.915448965794457,4,True,0.29518647522882924
1050,1052,0.019545454545454546,24.73087449850853,0.01863636363636364,0.022727272727272728,24.63087449850853,26.430874498508555,False,46.11265941687539,52.10412396398337,4,False,2.333418313912522e-09
1051,1053,1.4,26.11071503665944,1.4,1.4,26.11071503665944,26.11071503665944,False,58477.384704465556,58483.37616901266,4,False,0.0
1052,1054,0.028181818181818183,4.885825722106924,0.025454545454545455,0.03272727272727273,3.7858257221069236,6.385825722106926,True,12.270426084002832,18.26189063111081,4,False,0.015449619051648713
1053,1055,0.01681818181818182,2.456081441693974,0.014545454545454545,0.019090909090909092,1.1560814416939744,3.756081441693974,False,22.093382716237535,28.084847263345516,4,False,0.00019202186504556085
1054,1056,0.4090909090909091,1.5275415308358165,0.4,0.4090909090909091,1.5275415308358165,1.5275415308358165,False,107.1065835948621,113.09804814197008,4,False,3.012463864286473e-22
1056,1058,0.09,19.315668358202245,0.07863636363636364,0.10363636363636364,17.81566835820225,20.61566835820224,False,5.94080359616905,11.932268143277028,4,True,0.2036129278671283
1057,1059,0.031818181818181815,16.262504352990117,0.031818181818181815,0.031818181818181815,16.262504352990117,16.262504352990117,False,10393.880629750387,10399.872094297494,4,False,0.0
1059,1061,0.2181818181818182,0.7000000000000001,0.2090909090909091,0.23636363636363636,0.5,1.1,False,51.284477775449865,57.275942322557846,4,False,1.946649961450163e-10
1060,1062,0.10363636363636364,10.35865450868605,0.09454545454545454,0.11363636363636363,9.458654508686053,11.558654508686045,False,27.496062770937954,33.487527318045935,4,False,1.577756163501307e-05
1061,1063,0.05090909090909091,10.932694225657825,0.04818181818181819,0.06,10.532694225657826,12.532694225657819,False,19.27719506238466,25.268659609492637,4,False,0.0006932576303144495
1062,1064,0.013636363636363636,3.7452331223512587,0.012272727272727272,0.015454545454545453,2.445233122351259,5.0452331223512585,False,9.078289521140011,15.06975406824799,4,True,0.05917212869189432
1063,1065,0.019090909090909092,11.563189069563434,0.016363636363636365,0.02181818181818182,9.96318906956344,12.863189069563429,False,40.26994598314652,46.2614105302545,4,False,3.806221285836287e-08
1064,1066,0.019090909090909092,12.785989369946085,0.015909090909090907,0.02181818181818182,10.985989369946092,14.08598936994608,False,26.87406548924377,32.86553003635175,4,False,2.1078939985517433e-05
1065,1067,0.08909090909090908,15.472648825725614,0.07727272727272727,0.10363636363636364,13.77264882572562,16.87264882572561,False,12.363025827625465,18.354490374733444,4,False,0.014846326163784354
1066,1068,0.026363636363636363,8.449859177800972,0.023636363636363636,0.03,7.249859177800976,9.949859177800967,False,14.255056987514184,20.24652153462216,4,False,0.006523973770319102
1067,1069,0.049090909090909095,2.9035029806929358,0.045454545454545456,0.053636363636363635,1.9035029806929362,3.8035029806929357,True,11.545602585364902,17.53706713247288,4,False,0.021070390644200583
1068,1070,0.025454545454545455,3.714924580507887,0.022727272727272728,0.028181818181818183,2.6149245805078873,4.914924580507887,True,11.404249917019294,17.395714464127273,4,False,0.02237747683502551
1069,1071,0.031818181818181815,4.383358399360768,0.028181818181818183,0.03636363636363636,3.183358399360767,5.483358399360769,False,10.733367458460192,16.72483200556817,4,False,0.02972981089124372
1070,1072,0.12090909090909091,6.330921456473224,0.11181818181818182,0.13363636363636364,5.430921456473222,7.430921456473224,True,6.159971881850364,12.151436428958343,4,True,0.1875157572630016
1071,1073,0.2909090909090909,6.462384312172595,0.2636363636363636,0.3090909090909091,5.862384312172594,6.862384312172595,False,15.950867656248997,21.942332203356976,4,False,0.0030858054878917826
1072,1074,0.04727272727272727,5.598724551994595,0.045454545454545456,0.05272727272727273,5.298724551994596,6.89872455199459,False,90.22620891396495,96.21767346107293,4,False,1.1788323186320504e-18
1073,1075,0.04181818181818182,11.287407313229846,0.04090909090909091,0.04272727272727273,11.287407313229846,11.387407313229845,False,269.33542127774456,275.3268858248525,4,False,4.4364222570823625e-57
1075,1077,0.07181818181818181,6.975868741079973,0.06272727272727273,0.08272727272727273,5.375868741079971,8.575868741079974,False,0.3924421745262142,6.383906721634193,4,True,0.9830909961842779
1076,1078,0.08363636363636363,8.092140716449792,0.07590909090909091,0.09818181818181819,6.992140716449796,9.592140716449787,True,9.539382038363199,15.530846585471178,4,False,0.04894429375997582
1077,1079,0.07363636363636364,6.596625477412751,0.06636363636363636,0.08090909090909092,5.39662547741275,7.696625477412752,False,3.339189629293587,9.330654176401566,4,True,0.5027470547809196
1078,1080,0.022727272727272728,20.47503856172125,0.02181818181818182,0.02909090909090909,20.47503856172125,23.075038561721286,False,18.9546461860114,24.946110733119376,4,False,0.0008022342769983113
1079,1081,0.2636363636363636,7.454148948273454,0.24545454545454545,0.2818181818181818,7.054148948273456,7.954148948273453,False,27.399792136222693,33.391256683330674,4,False,1.650155986013571e-05
1080,1082,0.16272727272727272,6.4579478384032125,0.15181818181818182,0.1781818181818182,5.557947838403212,7.257947838403213,False,0.6353150245497947,6.6267795716577735,4,True,0.9590596900367376
1081,1083,0.014545454545454545,10.352731342154874,0.012272727272727272,0.01681818181818182,8.35273134215488,11.752731342154869,False,15.559197576750726,21.550662123858707,4,False,0.003671451915470081
1082,1084,0.1572727272727273,9.446513780165146,0.1481818181818182,0.16818181818181818,8.44651378016515,10.446513780165143,True,10.57677280465937,16.56823735176735,4,False,0.031755736324060896
1084,1086,0.015,15.199987592119987,0.013636363636363636,0.01863636363636364,13.899987592119992,17.19998759211998,False,14.133889571843135,20.125354118951115,4,False,0.006879770642573667
1085,1087,0.15363636363636363,16.983379130640053,0.13545454545454547,0.16818181818181818,15.183379130640061,18.583379130640047,True,10.880226876558925,16.871691423666903,4,False,0.02794359447399607
1086,1088,0.045454545454545456,4.003127417058735,0.04,0.05090909090909091,2.703127417058734,5.303127417058736,True,10.247053035670143,16.238517582778123,4,False,0.03646551137721142
1089,1091,0.12818181818181817,5.154503991446086,0.12090909090909091,0.13727272727272727,4.454503991446089,5.954503991446083,False,25.618214744771258,31.60967929187924,4,False,3.77781734761679e-05
1090,1092,0.04363636363636364,10.43976577951001,0.04272727272727273,0.04363636363636364,10.43976577951001,10.53976577951001,False,569.6113994005157,575.6028639476236,4,False,5.841536451690542e-122
1091,1093,0.030909090909090907,4.653131273337177,0.028181818181818183,0.03636363636363636,3.5531312733371765,6.053131273337179,True,10.668776798378609,16.66024134548659,4,False,0.030549861307737684
