density,epsilon_ff,seed,time_myr,space,bin,bin_spread,bin_count
0.1,0.01,00,1.0,H-R,1,0.14343742599076148,20
0.1,0.01,00,1.0,H-R,2,0.10041389316007909,18
0.1,0.01,00,1.0,H-R,3,0.05122062981534492,15
0.1,0.01,00,1.0,H-R,4,0.07009684604238475,13
0.1,0.01,00,1.0,H-R,5,0.06227038631640808,18
0.1,0.01,00,1.0,H-R,6,0.04737561467211121,8
0.1,0.01,00,1.0,F070W-F200W,1,0.11149999999999949,8
0.1,0.01,00,1.0,F070W-F200W,2,0.09999999999999964,8
0.1,0.01,00,1.0,F070W-F200W,3,0.17325000000000124,19
0.1,0.01,00,1.0,F070W-F200W,4,0.23274999999999935,18
0.1,0.01,00,1.0,F070W-F200W,5,0.35219999999999985,23
0.1,0.01,00,1.0,F070W-F200W,6,0.3177499999999984,16
0.1,0.01,00,1.5,H-R,1,0.22901818726984569,36
0.1,0.01,00,1.5,H-R,2,0.21647816887915405,22
0.1,0.01,00,1.5,H-R,3,0.21068335670336624,25
0.1,0.01,00,1.5,H-R,4,0.2218749058986319,15
0.1,0.01,00,1.5,H-R,5,0.16122324956965356,24
0.1,0.01,00,1.5,H-R,6,0.14445583977748133,9
0.1,0.01,00,1.5,F070W-F200W,1,0.4710000000000001,10
0.1,0.01,00,1.5,F070W-F200W,2,0.5726666666666684,14
0.1,0.01,00,1.5,F070W-F200W,3,0.6451666666666664,25
0.1,0.01,00,1.5,F070W-F200W,4,0.729000000000001,29
0.1,0.01,00,1.5,F070W-F200W,5,0.681714285714289,28
0.1,0.01,00,1.5,F070W-F200W,6,0.6010000000000026,29
0.1,0.01,00,2.0,H-R,1,0.30757758249916,48
0.1,0.01,00,2.0,H-R,2,0.2780044180653567,27
0.1,0.01,00,2.0,H-R,3,0.30816494382000825,29
0.1,0.01,00,2.0,H-R,4,0.30223098156983397,17
0.1,0.01,00,2.0,H-R,5,0.24223707287661245,26
0.1,0.01,00,2.0,H-R,6,0.2428623872082023,10
0.1,0.01,00,2.0,F070W-F200W,1,0.7906666666666666,14
0.1,0.01,00,2.0,F070W-F200W,2,0.8550000000000004,18
0.1,0.01,00,2.0,F070W-F200W,3,1.0773999999999972,22
0.1,0.01,00,2.0,F070W-F200W,4,1.0608888888888899,36
0.1,0.01,00,2.0,F070W-F200W,5,1.0187500000000007,33
0.1,0.01,00,2.0,F070W-F200W,6,0.8350000000000026,40
0.1,0.01,00,2.5,H-R,1,0.37476111959249514,58
0.1,0.01,00,2.5,H-R,2,0.3606438545703523,36
0.1,0.01,00,2.5,H-R,3,0.3675891057331224,37
0.1,0.01,00,2.5,H-R,4,0.344714324067638,27
0.1,0.01,00,2.5,H-R,5,0.2682338423540181,25
0.1,0.01,00,2.5,H-R,6,0.3089163315409185,14
0.1,0.01,00,2.5,F070W-F200W,1,1.0335,19
0.1,0.01,00,2.5,F070W-F200W,2,0.8925999999999998,23
0.1,0.01,00,2.5,F070W-F200W,3,1.299428571428571,28
0.1,0.01,00,2.5,F070W-F200W,4,1.321454545454543,46
0.1,0.01,00,2.5,F070W-F200W,5,1.338000000000001,43
0.1,0.01,00,2.5,F070W-F200W,6,1.0793333333333308,48
0.1,0.01,00,3.0,H-R,1,0.4372980238209778,71
0.1,0.01,00,3.0,H-R,2,0.43295874856199357,45
0.1,0.01,00,3.0,H-R,3,0.4394281084123781,42
0.1,0.01,00,3.0,H-R,4,0.36219351612797246,38
0.1,0.01,00,3.0,H-R,5,0.3512433402333381,31
0.1,0.01,00,3.0,H-R,6,0.38383557267709506,15
0.1,0.01,00,3.0,F070W-F200W,1,1.2454,21
0.1,0.01,00,3.0,F070W-F200W,2,1.2125000000000021,35
0.1,0.01,00,3.0,F070W-F200W,3,1.512777777777778,36
0.1,0.01,00,3.0,F070W-F200W,4,1.6098666666666706,61
0.1,0.01,00,3.0,F070W-F200W,5,1.5185714285714287,56
0.1,0.01,00,3.0,F070W-F200W,6,1.3072499999999998,50
0.1,0.01,00,3.5,H-R,1,0.4927056395812639,76
0.1,0.01,00,3.5,H-R,2,0.46301151288622,54
0.1,0.01,00,3.5,H-R,3,0.43331490884484825,38
0.1,0.01,00,3.5,H-R,4,0.3990383021170848,50
0.1,0.01,00,3.5,H-R,5,0.3894505354947293,34
0.1,0.01,00,3.5,H-R,6,0.3881418073087082,16
0.1,0.01,00,3.5,F070W-F200W,1,1.2478333333333342,24
0.1,0.01,00,3.5,F070W-F200W,2,1.3559999999999999,39
0.1,0.01,00,3.5,F070W-F200W,3,1.6211538461538453,53
0.1,0.01,00,3.5,F070W-F200W,4,1.7340000000000035,60
0.1,0.01,00,3.5,F070W-F200W,5,1.60478571428572,59
0.1,0.01,00,3.5,F070W-F200W,6,1.415928571428573,56
0.1,0.01,00,4.0,H-R,1,0.547847611631756,90
0.1,0.01,00,4.0,H-R,2,0.45459641202146617,62
0.1,0.01,00,4.0,H-R,3,0.44304794035464745,42
0.1,0.01,00,4.0,H-R,4,0.43119163760833457,53
0.1,0.01,00,4.0,H-R,5,0.39314334404186246,37
0.1,0.01,00,4.0,H-R,6,0.39549639779685714,14
0.1,0.01,00,4.0,F070W-F200W,1,1.0398571428571426,30
0.1,0.01,00,4.0,F070W-F200W,2,1.3737777777777769,37
0.1,0.01,00,4.0,F070W-F200W,3,1.6523125000000007,64
0.1,0.01,00,4.0,F070W-F200W,4,1.861625,67
0.1,0.01,00,4.0,F070W-F200W,5,1.7499374999999997,64
0.1,0.01,00,4.0,F070W-F200W,6,1.4086111111111101,73
0.1,0.01,00,4.5,H-R,1,0.5358320818791906,100
0.1,0.01,00,4.5,H-R,2,0.4460607916391994,68
0.1,0.01,00,4.5,H-R,3,0.4599210872274435,49
0.1,0.01,00,4.5,H-R,4,0.42114277989307813,59
0.1,0.01,00,4.5,H-R,5,0.42015375055097676,37
0.1,0.01,00,4.5,H-R,6,0.39736903503919935,14
0.1,0.01,00,4.5,F070W-F200W,1,0.9873333333333338,36
0.1,0.01,00,4.5,F070W-F200W,2,1.4632000000000005,43
0.1,0.01,00,4.5,F070W-F200W,3,1.6689000000000007,81
0.1,0.01,00,4.5,F070W-F200W,4,1.5737500000000004,64
0.1,0.01,00,4.5,F070W-F200W,5,1.8226250000000004,66
0.1,0.01,00,4.5,F070W-F200W,6,1.4050999999999991,83
0.1,0.01,00,5.0,H-R,1,0.4996352323812556,114
0.1,0.01,00,5.0,H-R,2,0.45061043523111666,70
0.1,0.01,00,5.0,H-R,3,0.5581912477687008,67
0.1,0.01,00,5.0,H-R,4,0.3900547700700291,59
0.1,0.01,00,5.0,H-R,5,0.45716469326761,39
0.1,0.01,00,5.0,H-R,6,0.45276465050570697,14
0.1,0.01,00,5.0,F070W-F200W,1,1.118090909090908,46
0.1,0.01,00,5.0,F070W-F200W,2,1.430076923076923,52
0.1,0.01,00,5.0,F070W-F200W,3,1.6880000000000006,79
0.1,0.01,00,5.0,F070W-F200W,4,1.8538499999999996,81
0.1,0.01,00,5.0,F070W-F200W,5,1.866882352941177,71
0.1,0.01,00,5.0,F070W-F200W,6,1.411095238095239,86
0.1,0.01,00,5.5,H-R,1,0.4963595410536834,123
0.1,0.01,00,5.5,H-R,2,0.4454634044169816,80
0.1,0.01,00,5.5,H-R,3,0.528664031241253,71
0.1,0.01,00,5.5,H-R,4,0.3422724932770458,61
0.1,0.01,00,5.5,H-R,5,0.4739383550694958,42
0.1,0.01,00,5.5,H-R,6,0.4398608635058847,19
0.1,0.01,00,5.5,F070W-F200W,1,1.3389285714285695,56
0.1,0.01,00,5.5,F070W-F200W,2,1.6105625000000003,66
0.1,0.01,00,5.5,F070W-F200W,3,1.6117368421052625,77
0.1,0.01,00,5.5,F070W-F200W,4,1.90804761904762,87
0.1,0.01,00,5.5,F070W-F200W,5,1.7374500000000008,80
0.1,0.01,00,5.5,F070W-F200W,6,1.5676190476190488,85
0.1,0.01,00,6.0,H-R,1,0.5093762139728666,135
0.1,0.01,00,6.0,H-R,2,0.4594896464103725,86
0.1,0.01,00,6.0,H-R,3,0.4892799849262415,74
0.1,0.01,00,6.0,H-R,4,0.3698303958464926,67
0.1,0.01,00,6.0,H-R,5,0.5221802520688384,45
0.1,0.01,00,6.0,H-R,6,0.47005652566702083,22
0.1,0.01,00,6.0,F070W-F200W,1,1.4201333333333341,63
0.1,0.01,00,6.0,F070W-F200W,2,1.804473684210528,78
0.1,0.01,00,6.0,F070W-F200W,3,1.69663157894737,77
0.1,0.01,00,6.0,F070W-F200W,4,1.7866363636363634,89
0.1,0.01,00,6.0,F070W-F200W,5,1.6213181818181805,89
0.1,0.01,00,6.0,F070W-F200W,6,1.7076363636363592,88
0.1,0.01,00,6.5,H-R,1,0.5483175739503807,147
0.1,0.01,00,6.5,H-R,2,0.511120721459246,93
0.1,0.01,00,6.5,H-R,3,0.5085896941033436,82
0.1,0.01,00,6.5,H-R,4,0.429361551810177,75
0.1,0.01,00,6.5,H-R,5,0.5478173044891546,46
0.1,0.01,00,6.5,H-R,6,0.4680750585950872,26
0.1,0.01,00,6.5,F070W-F200W,1,1.4851249999999965,67
0.1,0.01,00,6.5,F070W-F200W,2,1.695391304347826,92
0.1,0.01,00,6.5,F070W-F200W,3,1.916947368421054,78
0.1,0.01,00,6.5,F070W-F200W,4,1.9079166666666687,97
0.1,0.01,00,6.5,F070W-F200W,5,1.9284399999999984,101
0.1,0.01,00,6.5,F070W-F200W,6,1.8924782608695665,94
0.1,0.01,00,7.0,H-R,1,0.6218427129084962,162
0.1,0.01,00,7.0,H-R,2,0.5105341509330568,102
0.1,0.01,00,7.0,H-R,3,0.5737253802261028,90
0.1,0.01,00,7.0,H-R,4,0.4700966542316509,82
0.1,0.01,00,7.0,H-R,5,0.5472671224780008,48
0.1,0.01,00,7.0,H-R,6,0.47858697197635747,34
0.1,0.01,00,7.0,F070W-F200W,1,1.5262222222222217,74
0.1,0.01,00,7.0,F070W-F200W,2,1.58886956521739,94
0.1,0.01,00,7.0,F070W-F200W,3,2.0354782608695636,95
0.1,0.01,00,7.0,F070W-F200W,4,2.218346153846152,107
0.1,0.01,00,7.0,F070W-F200W,5,1.9433076923076928,104
0.1,0.01,00,7.0,F070W-F200W,6,2.2172608695652176,95
0.1,0.01,00,7.5,H-R,1,0.7078612718565014,174
0.1,0.01,00,7.5,H-R,2,0.5427630918590414,109
0.1,0.01,00,7.5,H-R,3,0.5831758716547627,95
0.1,0.01,00,7.5,H-R,4,0.47790738358293094,90
0.1,0.01,00,7.5,H-R,5,0.5306729116168215,48
0.1,0.01,00,7.5,H-R,6,0.4827391251757267,36
0.1,0.01,00,7.5,F070W-F200W,1,1.5901363636363612,88
0.1,0.01,00,7.5,F070W-F200W,2,1.2624782608695693,93
0.1,0.01,00,7.5,F070W-F200W,3,2.0150799999999975,102
0.1,0.01,00,7.5,F070W-F200W,4,2.421689655172413,118
0.1,0.01,00,7.5,F070W-F200W,5,2.1483214285714265,115
0.1,0.01,00,7.5,F070W-F200W,6,2.411086956521741,94
0.1,0.01,00,8.0,H-R,1,0.7164741129390826,183
0.1,0.01,00,8.0,H-R,2,0.6296694179747435,119
0.1,0.01,00,8.0,H-R,3,0.5654139692810874,97
0.1,0.01,00,8.0,H-R,4,0.4959938799545588,96
0.1,0.01,00,8.0,H-R,5,0.5352775901169599,51
0.1,0.01,00,8.0,H-R,6,0.45446425453658323,37
0.1,0.01,00,8.0,F070W-F200W,1,1.4575454545454534,91
0.1,0.01,00,8.0,F070W-F200W,2,1.6454400000000025,103
0.1,0.01,00,8.0,F070W-F200W,3,1.843666666666671,108
0.1,0.01,00,8.0,F070W-F200W,4,2.3143548387096793,127
0.1,0.01,00,8.0,F070W-F200W,5,2.3708965517241367,117
0.1,0.01,00,8.0,F070W-F200W,6,2.381400000000001,101
0.1,0.01,00,8.5,H-R,1,0.7407337264430678,194
0.1,0.01,00,8.5,H-R,2,0.6208745492180435,127
0.1,0.01,00,8.5,H-R,3,0.6577764848797625,108
0.1,0.01,00,8.5,H-R,4,0.4990684864740136,102
0.1,0.01,00,8.5,H-R,5,0.47525593570285374,53
0.1,0.01,00,8.5,H-R,6,0.474859558107232,34
0.1,0.01,00,8.5,F070W-F200W,1,1.4582000000000033,100
0.1,0.01,00,8.5,F070W-F200W,2,1.518119999999998,102
0.1,0.01,00,8.5,F070W-F200W,3,1.9848999999999979,122
0.1,0.01,00,8.5,F070W-F200W,4,2.375645161290322,127
0.1,0.01,00,8.5,F070W-F200W,5,2.547129032258063,125
0.1,0.01,00,8.5,F070W-F200W,6,2.3825714285714295,112
0.1,0.01,00,9.0,H-R,1,0.7073892400419874,205
0.1,0.01,00,9.0,H-R,2,0.5890867651992686,133
0.1,0.01,00,9.0,H-R,3,0.6420739954391832,113
0.1,0.01,00,9.0,H-R,4,0.4876257024689822,106
0.1,0.01,00,9.0,H-R,5,0.4959764800415123,58
0.1,0.01,00,9.0,H-R,6,0.49442810231972,39
0.1,0.01,00,9.0,F070W-F200W,1,1.4527777777777775,108
0.1,0.01,00,9.0,F070W-F200W,2,1.523518518518518,108
0.1,0.01,00,9.0,F070W-F200W,3,2.008787878787878,135
0.1,0.01,00,9.0,F070W-F200W,4,2.447285714285716,140
0.1,0.01,00,9.0,F070W-F200W,5,2.303903225806451,126
0.1,0.01,00,9.0,F070W-F200W,6,2.3963571428571413,113
0.1,0.01,00,9.5,H-R,1,0.7158701305289188,224
0.1,0.01,00,9.5,H-R,2,0.6145114172452149,139
0.1,0.01,00,9.5,H-R,3,0.6576577236939425,124
0.1,0.01,00,9.5,H-R,4,0.4984479527178388,114
0.1,0.01,00,9.5,H-R,5,0.49653947801221454,58
0.1,0.01,00,9.5,H-R,6,0.5739304540069512,45
0.1,0.01,00,9.5,F070W-F200W,1,1.5988666666666642,120
0.1,0.01,00,9.5,F070W-F200W,2,1.5347500000000025,113
0.1,0.01,00,9.5,F070W-F200W,3,1.9677941176470597,139
0.1,0.01,00,9.5,F070W-F200W,4,2.6339736842105257,155
0.1,0.01,00,9.5,F070W-F200W,5,2.2572812499999984,129
0.1,0.01,00,9.5,F070W-F200W,6,2.4033666666666633,123
0.1,0.01,00,10.0,H-R,1,0.7014660327393898,240
0.1,0.01,00,10.0,H-R,2,0.6142392804728878,147
0.1,0.01,00,10.0,H-R,3,0.6869146196084818,135
0.1,0.01,00,10.0,H-R,4,0.5358585880715304,118
0.1,0.01,00,10.0,H-R,5,0.5037093989002988,65
0.1,0.01,00,10.0,H-R,6,0.5670926988506259,44
0.1,0.01,00,10.0,F070W-F200W,1,1.504699999999998,122
0.1,0.01,00,10.0,F070W-F200W,2,1.634193548387099,124
0.1,0.01,00,10.0,F070W-F200W,3,1.995142857142854,141
0.1,0.01,00,10.0,F070W-F200W,4,2.7099512195121918,166
0.1,0.01,00,10.0,F070W-F200W,5,2.2967941176470585,137
0.1,0.01,00,10.0,F070W-F200W,6,2.3981818181818166,134
0.1,0.01,00,10.5,H-R,1,0.6976973470917713,256
0.1,0.01,00,10.5,H-R,2,0.6052816674312669,154
0.1,0.01,00,10.5,H-R,3,0.7090146357517966,147
0.1,0.01,00,10.5,H-R,4,0.5040539982148219,120
0.1,0.01,00,10.5,H-R,5,0.4967857126964971,68
0.1,0.01,00,10.5,H-R,6,0.5642882008611845,48
0.1,0.01,00,10.5,F070W-F200W,1,1.4458125000000006,130
0.1,0.01,00,10.5,F070W-F200W,2,1.4504062500000003,128
0.1,0.01,00,10.5,F070W-F200W,3,2.252891891891897,149
0.1,0.01,00,10.5,F070W-F200W,4,2.617674418604649,174
0.1,0.01,00,10.5,F070W-F200W,5,2.203605263157897,154
0.1,0.01,00,10.5,F070W-F200W,6,2.4077352941176464,136
0.1,0.01,00,11.0,H-R,1,0.6944583928162531,267
0.1,0.01,00,11.0,H-R,2,0.655332613727803,168
0.1,0.01,00,11.0,H-R,3,0.6866236026426323,149
0.1,0.01,00,11.0,H-R,4,0.4552033164018062,122
0.1,0.01,00,11.0,H-R,5,0.5389269319747645,70
0.1,0.01,00,11.0,H-R,6,0.49656155094613863,49
0.1,0.01,00,11.0,F070W-F200W,1,1.2961290322580634,127
0.1,0.01,00,11.0,F070W-F200W,2,1.7365882352941178,139
0.1,0.01,00,11.0,F070W-F200W,3,2.08613157894737,155
0.1,0.01,00,11.0,F070W-F200W,4,2.484956521739134,187
0.1,0.01,00,11.0,F070W-F200W,5,2.39044736842105,155
0.1,0.01,00,11.0,F070W-F200W,6,2.4128823529411765,139
0.1,0.01,00,11.5,H-R,1,0.7002739212551592,278
0.1,0.01,00,11.5,H-R,2,0.6557227481965953,185
0.1,0.01,00,11.5,H-R,3,0.676840012411857,150
0.1,0.01,00,11.5,H-R,4,0.47172805896628667,130
0.1,0.01,00,11.5,H-R,5,0.603835716735345,74
0.1,0.01,00,11.5,H-R,6,0.4780234673428151,52
0.1,0.01,00,11.5,F070W-F200W,1,1.3100000000000005,132
0.1,0.01,00,11.5,F070W-F200W,2,1.737114285714286,141
0.1,0.01,00,11.5,F070W-F200W,3,2.2457954545454584,176
0.1,0.01,00,11.5,F070W-F200W,4,2.350565217391308,184
0.1,0.01,00,11.5,F070W-F200W,5,2.5130697674418627,173
0.1,0.01,00,11.5,F070W-F200W,6,2.358727272727272,134
0.1,0.01,00,12.0,H-R,1,0.703166340080057,294
0.1,0.01,00,12.0,H-R,2,0.6768375476385948,189
0.1,0.01,00,12.0,H-R,3,0.6337902612134761,157
0.1,0.01,00,12.0,H-R,4,0.4660467243455789,135
0.1,0.01,00,12.0,H-R,5,0.5859876125202741,77
0.1,0.01,00,12.0,H-R,6,0.50093600261657,55
0.1,0.01,00,12.0,F070W-F200W,1,1.3609166666666663,145
0.1,0.01,00,12.0,F070W-F200W,2,1.741971428571432,142
0.1,0.01,00,12.0,F070W-F200W,3,2.1614888888888917,182
0.1,0.01,00,12.0,F070W-F200W,4,2.259851063829787,190
0.1,0.01,00,12.0,F070W-F200W,5,2.600195652173916,185
0.1,0.01,00,12.0,F070W-F200W,6,2.406342857142862,140
0.1,0.01,00,12.5,H-R,1,0.7016932321152278,304
0.1,0.01,00,12.5,H-R,2,0.7019950946330893,204
0.1,0.01,00,12.5,H-R,3,0.6407240922954254,165
0.1,0.01,00,12.5,H-R,4,0.4770863158606493,142
0.1,0.01,00,12.5,H-R,5,0.5960551495058207,87
0.1,0.01,00,12.5,H-R,6,0.6077878349597512,55
0.1,0.01,00,12.5,F070W-F200W,1,1.4247435897435938,157
0.1,0.01,00,12.5,F070W-F200W,2,2.059846153846152,159
0.1,0.01,00,12.5,F070W-F200W,3,1.9364680851063785,189
0.1,0.01,00,12.5,F070W-F200W,4,2.2937708333333333,195
0.1,0.01,00,12.5,F070W-F200W,5,2.679595744680853,190
0.1,0.01,00,12.5,F070W-F200W,6,2.483513513513513,151
0.1,0.01,00,13.0,H-R,1,0.7358663608971143,317
0.1,0.01,00,13.0,H-R,2,0.7028443655246341,211
0.1,0.01,00,13.0,H-R,3,0.6472349486709563,173
0.1,0.01,00,13.0,H-R,4,0.4373202534932641,143
0.1,0.01,00,13.0,H-R,5,0.6024336575829161,93
0.1,0.01,00,13.0,H-R,6,0.6137578294478767,60
0.1,0.01,00,13.0,F070W-F200W,1,1.6120476190476207,168
0.1,0.01,00,13.0,F070W-F200W,2,1.994804878048777,167
0.1,0.01,00,13.0,F070W-F200W,3,2.000836734693877,197
0.1,0.01,00,13.0,F070W-F200W,4,2.328999999999999,208
0.1,0.01,00,13.0,F070W-F200W,5,2.650400000000003,182
0.1,0.01,00,13.0,F070W-F200W,6,2.491073170731708,165
0.1,0.01,00,13.5,H-R,1,0.735632494157898,328
0.1,0.01,00,13.5,H-R,2,0.6947393365100929,214
0.1,0.01,00,13.5,H-R,3,0.6007581010263419,179
0.1,0.01,00,13.5,H-R,4,0.4164560772739311,147
0.1,0.01,00,13.5,H-R,5,0.5915010848188879,93
0.1,0.01,00,13.5,H-R,6,0.579393230623062,60
0.1,0.01,00,13.5,F070W-F200W,1,1.516926829268293,167
0.1,0.01,00,13.5,F070W-F200W,2,1.8742857142857154,170
0.1,0.01,00,13.5,F070W-F200W,3,1.9760199999999983,201
0.1,0.01,00,13.5,F070W-F200W,4,2.2200943396226407,215
0.1,0.01,00,13.5,F070W-F200W,5,2.7134222222222224,182
0.1,0.01,00,13.5,F070W-F200W,6,2.3678292682926845,165
0.1,0.01,00,14.0,H-R,1,0.7224952941079956,329
0.1,0.01,00,14.0,H-R,2,0.6976255365046595,226
0.1,0.01,00,14.0,H-R,3,0.579624764919973,192
0.1,0.01,00,14.0,H-R,4,0.4598936489446388,152
0.1,0.01,00,14.0,H-R,5,0.582409182653139,99
0.1,0.01,00,14.0,H-R,6,0.5497632585972433,57
0.1,0.01,00,14.0,F070W-F200W,1,1.4728888888888854,182
0.1,0.01,00,14.0,F070W-F200W,2,1.847348837209303,173
0.1,0.01,00,14.0,F070W-F200W,3,2.130807692307691,208
0.1,0.01,00,14.0,F070W-F200W,4,2.1896249999999977,226
0.1,0.01,00,14.0,F070W-F200W,5,2.654148936170209,190
0.1,0.01,00,14.0,F070W-F200W,6,2.257170731707319,166
0.1,0.01,00,14.5,H-R,1,0.6819949847910416,331
0.1,0.01,00,14.5,H-R,2,0.740728911054032,240
0.1,0.01,00,14.5,H-R,3,0.5609035883370821,203
0.1,0.01,00,14.5,H-R,4,0.5062889892968194,161
0.1,0.01,00,14.5,H-R,5,0.5413514070225441,98
0.1,0.01,00,14.5,H-R,6,0.5080285233406551,60
0.1,0.01,00,14.5,F070W-F200W,1,1.5218723404255314,188
0.1,0.01,00,14.5,F070W-F200W,2,1.7216888888888917,180
0.1,0.01,00,14.5,F070W-F200W,3,2.1001320754716986,214
0.1,0.01,00,14.5,F070W-F200W,4,2.1420892857142846,226
0.1,0.01,00,14.5,F070W-F200W,5,2.813919999999996,201
0.1,0.01,00,14.5,F070W-F200W,6,2.36035714285714,170
0.1,0.01,00,15.0,H-R,1,0.6885900586738858,342
0.1,0.01,00,15.0,H-R,2,0.7393158110878175,247
0.1,0.01,00,15.0,H-R,3,0.5887891652916277,212
0.1,0.01,00,15.0,H-R,4,0.5298016636071395,169
0.1,0.01,00,15.0,H-R,5,0.5549294147878605,102
0.1,0.01,00,15.0,H-R,6,0.5066411344555987,60
0.1,0.01,00,15.0,F070W-F200W,1,1.565312500000001,194
0.1,0.01,00,15.0,F070W-F200W,2,1.6160666666666632,181
0.1,0.01,00,15.0,F070W-F200W,3,2.1130526315789453,229
0.1,0.01,00,15.0,F070W-F200W,4,2.2826379310344844,235
0.1,0.01,00,15.0,F070W-F200W,5,2.8068399999999976,200
0.1,0.01,00,15.0,F070W-F200W,6,2.3685116279069796,173
0.1,0.01,00,15.5,H-R,1,0.6994108068943983,351
0.1,0.01,00,15.5,H-R,2,0.7645860223491643,263
0.1,0.01,00,15.5,H-R,3,0.5760695249248977,213
0.1,0.01,00,15.5,H-R,4,0.5484226995098331,177
0.1,0.01,00,15.5,H-R,5,0.5698882584202266,108
0.1,0.01,00,15.5,H-R,6,0.5281752527320867,62
0.1,0.01,00,15.5,F070W-F200W,1,1.6523673469387763,199
0.1,0.01,00,15.5,F070W-F200W,2,1.5932708333333299,192
0.1,0.01,00,15.5,F070W-F200W,3,2.089275862068968,233
0.1,0.01,00,15.5,F070W-F200W,4,2.4700645161290335,248
0.1,0.01,00,15.5,F070W-F200W,5,2.7103800000000007,202
0.1,0.01,00,15.5,F070W-F200W,6,2.523199999999999,183
0.1,0.01,00,16.0,H-R,1,0.730493849692823,366
0.1,0.01,00,16.0,H-R,2,0.7580166634252279,278
0.1,0.01,00,16.0,H-R,3,0.6065025305856576,218
0.1,0.01,00,16.0,H-R,4,0.5610548118785518,185
0.1,0.01,00,16.0,H-R,5,0.5525420182782075,110
0.1,0.01,00,16.0,H-R,6,0.5376062062145539,58
0.1,0.01,00,16.0,F070W-F200W,1,1.62528,200
0.1,0.01,00,16.0,F070W-F200W,2,1.6926078431372567,204
0.1,0.01,00,16.0,F070W-F200W,3,2.0329999999999995,236
0.1,0.01,00,16.0,F070W-F200W,4,2.581378787878789,264
0.1,0.01,00,16.0,F070W-F200W,5,2.6513877551020393,199
0.1,0.01,00,16.0,F070W-F200W,6,2.645304347826084,185
0.1,0.01,00,16.5,H-R,1,0.7443116617584873,374
0.1,0.01,00,16.5,H-R,2,0.7249044857267495,289
0.1,0.01,00,16.5,H-R,3,0.6043138426374177,220
0.1,0.01,00,16.5,H-R,4,0.5256555579028671,190
0.1,0.01,00,16.5,H-R,5,0.5159886674524427,115
0.1,0.01,00,16.5,H-R,6,0.5948201186188048,60
0.1,0.01,00,16.5,F070W-F200W,1,1.6084313725490205,207
0.1,0.01,00,16.5,F070W-F200W,2,1.8028867924528296,212
0.1,0.01,00,16.5,F070W-F200W,3,1.9573064516129026,248
0.1,0.01,00,16.5,F070W-F200W,4,2.457970149253727,268
0.1,0.01,00,16.5,F070W-F200W,5,2.650979591836739,199
0.1,0.01,00,16.5,F070W-F200W,6,2.6955434782608716,187
0.1,0.01,00,17.0,H-R,1,0.7501759103322019,386
0.1,0.01,00,17.0,H-R,2,0.7115110975386674,298
0.1,0.01,00,17.0,H-R,3,0.6116145805273612,227
0.1,0.01,00,17.0,H-R,4,0.5147503609440118,196
0.1,0.01,00,17.0,H-R,5,0.5301496388024414,115
0.1,0.01,00,17.0,H-R,6,0.650977561934021,70
0.1,0.01,00,17.0,F070W-F200W,1,1.726396226415094,215
0.1,0.01,00,17.0,F070W-F200W,2,1.7754821428571432,226
0.1,0.01,00,17.0,F070W-F200W,3,2.0980000000000008,255
0.1,0.01,00,17.0,F070W-F200W,4,2.396166666666666,266
0.1,0.01,00,17.0,F070W-F200W,5,2.6961764705882363,207
0.1,0.01,00,17.0,F070W-F200W,6,2.6399374999999985,195
0.1,0.01,00,17.5,H-R,1,0.7607058039712464,392
0.1,0.01,00,17.5,H-R,2,0.7032065980652518,309
0.1,0.01,00,17.5,H-R,3,0.5999747740332959,230
0.1,0.01,00,17.5,H-R,4,0.515924557982855,205
0.1,0.01,00,17.5,H-R,5,0.565123603362582,119
0.1,0.01,00,17.5,H-R,6,0.634443843301303,73
0.1,0.01,00,17.5,F070W-F200W,1,1.7021636363636343,221
0.1,0.01,00,17.5,F070W-F200W,2,1.815947368421055,228
0.1,0.01,00,17.5,F070W-F200W,3,2.1470149253731368,269
0.1,0.01,00,17.5,F070W-F200W,4,2.253388059701491,268
0.1,0.01,00,17.5,F070W-F200W,5,2.7812222222222207,217
0.1,0.01,00,17.5,F070W-F200W,6,2.631795918367345,199
0.1,0.01,00,18.0,H-R,1,0.7236590516767045,400
0.1,0.01,00,18.0,H-R,2,0.6785130169736246,312
0.1,0.01,00,18.0,H-R,3,0.5447691075619014,230
0.1,0.01,00,18.0,H-R,4,0.5027857774887431,208
0.1,0.01,00,18.0,H-R,5,0.5156599516697165,118
0.1,0.01,00,18.0,H-R,6,0.5928059422912818,75
0.1,0.01,00,18.0,F070W-F200W,1,1.6357272727272711,221
0.1,0.01,00,18.0,F070W-F200W,2,1.8146440677966034,236
0.1,0.01,00,18.0,F070W-F200W,3,1.9538695652173885,279
0.1,0.01,00,18.0,F070W-F200W,4,2.2448307692307683,263
0.1,0.01,00,18.0,F070W-F200W,5,2.5008113207547176,212
0.1,0.01,00,18.0,F070W-F200W,6,2.5180816326530593,199
0.1,0.01,00,18.5,H-R,1,0.6796779683589009,405
0.1,0.01,00,18.5,H-R,2,0.6338110011116804,313
0.1,0.01,00,18.5,H-R,3,0.5021504488407591,236
0.1,0.01,00,18.5,H-R,4,0.46096296466647435,208
0.1,0.01,00,18.5,H-R,5,0.48183756910261766,121
0.1,0.01,00,18.5,H-R,6,0.5067170273709637,75
0.1,0.01,00,18.5,F070W-F200W,1,1.601947368421051,230
0.1,0.01,00,18.5,F070W-F200W,2,1.740440677966097,236
0.1,0.01,00,18.5,F070W-F200W,3,1.874041666666665,291
0.1,0.01,00,18.5,F070W-F200W,4,2.0592575757575755,264
0.1,0.01,00,18.5,F070W-F200W,5,2.1867254901960766,204
0.1,0.01,00,18.5,F070W-F200W,6,2.1802708333333314,195
0.1,0.01,00,19.0,H-R,1,0.6352912411477596,407
0.1,0.01,00,19.0,H-R,2,0.595457426016875,313
0.1,0.01,00,19.0,H-R,3,0.4886484547201495,235
0.1,0.01,00,19.0,H-R,4,0.433318961371125,216
0.1,0.01,00,19.0,H-R,5,0.4532762125536831,122
0.1,0.01,00,19.0,H-R,6,0.4457721769857227,73
0.1,0.01,00,19.0,F070W-F200W,1,1.5559833333333302,240
0.1,0.01,00,19.0,F070W-F200W,2,1.645410714285715,227
0.1,0.01,00,19.0,F070W-F200W,3,1.7639605263157918,306
0.1,0.01,00,19.0,F070W-F200W,4,1.9240158730158736,255
0.1,0.01,00,19.0,F070W-F200W,5,2.053038461538458,211
0.1,0.01,00,19.0,F070W-F200W,6,1.9086444444444428,180
0.1,0.01,00,19.5,H-R,1,0.595914471372859,412
0.1,0.01,00,19.5,H-R,2,0.5563015006329888,311
0.1,0.01,00,19.5,H-R,3,0.463270897145593,237
0.1,0.01,00,19.5,H-R,4,0.4305016316006487,222
0.1,0.01,00,19.5,H-R,5,0.41902286632378805,120
0.1,0.01,00,19.5,H-R,6,0.4217951208737053,77
0.1,0.01,00,19.5,F070W-F200W,1,1.4807833333333313,243
0.1,0.01,00,19.5,F070W-F200W,2,1.5873220338983014,238
0.1,0.01,00,19.5,F070W-F200W,3,1.672689189189187,298
0.1,0.01,00,19.5,F070W-F200W,4,1.8291428571428572,255
0.1,0.01,00,19.5,F070W-F200W,5,1.8331153846153914,211
0.1,0.01,00,19.5,F070W-F200W,6,1.8117608695652194,185
0.1,0.01,00,20.0,H-R,1,0.5477838986210064,392
0.1,0.01,00,20.0,H-R,2,0.5243422134213722,309
0.1,0.01,00,20.0,H-R,3,0.42901645799671106,229
0.1,0.01,00,20.0,H-R,4,0.41122373523473965,212
0.1,0.01,00,20.0,H-R,5,0.3881547051597738,117
0.1,0.01,00,20.0,H-R,6,0.3816891544476585,71
0.1,0.01,00,20.0,F070W-F200W,1,1.4557931034482738,234
0.1,0.01,00,20.0,F070W-F200W,2,1.4547586206896543,232
0.1,0.01,00,20.0,F070W-F200W,3,1.5895068493150681,293
0.1,0.01,00,20.0,F070W-F200W,4,1.715803278688524,247
0.1,0.01,00,20.0,F070W-F200W,5,1.562816326530612,197
0.1,0.01,00,20.0,F070W-F200W,6,1.7507173913043488,185
0.1,0.03,00,1.0,H-R,1,0.13452393478810298,41
0.1,0.03,00,1.0,H-R,2,0.09492283339267127,32
0.1,0.03,00,1.0,H-R,3,0.07927517795733208,28
0.1,0.03,00,1.0,H-R,4,0.0564814829107243,28
0.1,0.03,00,1.0,H-R,5,0.058368982723808416,17
0.1,0.03,00,1.0,H-R,6,0.050076055156699995,24
0.1,0.03,00,1.0,F070W-F200W,1,0.11783333333333168,24
0.1,0.03,00,1.0,F070W-F200W,2,0.10433333333333294,15
0.1,0.03,00,1.0,F070W-F200W,3,0.11050000000000004,18
0.1,0.03,00,1.0,F070W-F200W,4,0.2599999999999998,34
0.1,0.03,00,1.0,F070W-F200W,5,0.3949230769230745,52
0.1,0.03,00,1.0,F070W-F200W,6,0.3076666666666661,27
0.1,0.03,00,1.5,H-R,1,0.18995875092055392,62
0.1,0.03,00,1.5,H-R,2,0.17671398511221903,42
0.1,0.03,00,1.5,H-R,3,0.21867314151571404,35
0.1,0.03,00,1.5,H-R,4,0.17283847385040096,38
0.1,0.03,00,1.5,H-R,5,0.10962677214847955,27
0.1,0.03,00,1.5,H-R,6,0.13959122338893487,30
0.1,0.03,00,1.5,F070W-F200W,1,0.43628571428571483,31
0.1,0.03,00,1.5,F070W-F200W,2,0.27333333333333343,14
0.1,0.03,00,1.5,F070W-F200W,3,0.5706999999999987,40
0.1,0.03,00,1.5,F070W-F200W,4,0.7613333333333347,48
0.1,0.03,00,1.5,F070W-F200W,5,0.662785714285711,59
0.1,0.03,00,1.5,F070W-F200W,6,0.5381818181818172,44
0.1,0.03,00,2.0,H-R,1,0.27721692922239183,85
0.1,0.03,00,2.0,H-R,2,0.26718936582767305,59
0.1,0.03,00,2.0,H-R,3,0.3124711884283723,43
0.1,0.03,00,2.0,H-R,4,0.2660259846133508,52
0.1,0.03,00,2.0,H-R,5,0.19502263087491745,36
0.1,0.03,00,2.0,H-R,6,0.22870955811228616,44
0.1,0.03,00,2.0,F070W-F200W,1,0.7137000000000029,41
0.1,0.03,00,2.0,F070W-F200W,2,0.8125,24
0.1,0.03,00,2.0,F070W-F200W,3,0.944133333333335,62
0.1,0.03,00,2.0,F070W-F200W,4,1.0638666666666694,60
0.1,0.03,00,2.0,F070W-F200W,5,0.8902352941176499,69
0.1,0.03,00,2.0,F070W-F200W,6,0.8088125000000019,65
0.1,0.03,00,2.5,H-R,1,0.3522390523185165,112
0.1,0.03,00,2.5,H-R,2,0.3287232634571704,79
0.1,0.03,00,2.5,H-R,3,0.3453634922385066,52
0.1,0.03,00,2.5,H-R,4,0.3344171113174482,67
0.1,0.03,00,2.5,H-R,5,0.2663172766146084,54
0.1,0.03,00,2.5,H-R,6,0.2975714589935953,50
0.1,0.03,00,2.5,F070W-F200W,1,0.9350909090909099,47
0.1,0.03,00,2.5,F070W-F200W,2,1.1078999999999972,42
0.1,0.03,00,2.5,F070W-F200W,3,1.2257222222222222,74
0.1,0.03,00,2.5,F070W-F200W,4,1.3235714285714266,86
0.1,0.03,00,2.5,F070W-F200W,5,1.1486818181818155,88
0.1,0.03,00,2.5,F070W-F200W,6,1.0452499999999993,82
0.1,0.03,00,3.0,H-R,1,0.4273500427702994,132
0.1,0.03,00,3.0,H-R,2,0.40592071587129486,96
0.1,0.03,00,3.0,H-R,3,0.39629749364271705,70
0.1,0.03,00,3.0,H-R,4,0.37249169945631344,73
0.1,0.03,00,3.0,H-R,5,0.3235972056182813,65
0.1,0.03,00,3.0,H-R,6,0.34146658691093285,51
0.1,0.03,00,3.0,F070W-F200W,1,1.0381428571428568,57
0.1,0.03,00,3.0,F070W-F200W,2,1.2622666666666706,61
0.1,0.03,00,3.0,F070W-F200W,3,1.494684210526314,76
0.1,0.03,00,3.0,F070W-F200W,4,1.54996153846154,107
0.1,0.03,00,3.0,F070W-F200W,5,1.4225200000000022,101
0.1,0.03,00,3.0,F070W-F200W,6,1.221608695652174,94
0.1,0.03,00,3.5,H-R,1,0.4971906579327531,148
0.1,0.03,00,3.5,H-R,2,0.47270620089409077,119
0.1,0.03,00,3.5,H-R,3,0.44249383274220633,87
0.1,0.03,00,3.5,H-R,4,0.3967204069692407,79
0.1,0.03,00,3.5,H-R,5,0.363935403427608,79
0.1,0.03,00,3.5,H-R,6,0.37986773801591717,57
0.1,0.03,00,3.5,F070W-F200W,1,1.1733749999999983,65
0.1,0.03,00,3.5,F070W-F200W,2,1.369200000000001,80
0.1,0.03,00,3.5,F070W-F200W,3,1.6372083333333336,97
0.1,0.03,00,3.5,F070W-F200W,4,1.6726206896551705,119
0.1,0.03,00,3.5,F070W-F200W,5,1.6274666666666668,120
0.1,0.03,00,3.5,F070W-F200W,6,1.3530689655172434,116
0.1,0.03,00,4.0,H-R,1,0.5285331961138717,178
0.1,0.03,00,4.0,H-R,2,0.5041097896902507,144
0.1,0.03,00,4.0,H-R,3,0.4735202054711546,98
0.1,0.03,00,4.0,H-R,4,0.4214913263271074,91
0.1,0.03,00,4.0,H-R,5,0.4053016072910091,100
0.1,0.03,00,4.0,H-R,6,0.4020078003304622,62
0.1,0.03,00,4.0,F070W-F200W,1,1.2628823529411761,71
0.1,0.03,00,4.0,F070W-F200W,2,1.5403076923076924,106
0.1,0.03,00,4.0,F070W-F200W,3,1.747586206896548,118
0.1,0.03,00,4.0,F070W-F200W,4,1.801636363636364,135
0.1,0.03,00,4.0,F070W-F200W,5,1.7808611111111095,147
0.1,0.03,00,4.0,F070W-F200W,6,1.5143939393939423,135
0.1,0.03,00,4.5,H-R,1,0.5658874330810177,207
0.1,0.03,00,4.5,H-R,2,0.5402428098860422,158
0.1,0.03,00,4.5,H-R,3,0.5156724215542234,116
0.1,0.03,00,4.5,H-R,4,0.45823922411358964,102
0.1,0.03,00,4.5,H-R,5,0.43992259243234977,107
0.1,0.03,00,4.5,H-R,6,0.3925747315830922,65
0.1,0.03,00,4.5,F070W-F200W,1,1.1887142857142852,86
0.1,0.03,00,4.5,F070W-F200W,2,1.6488965517241372,118
0.1,0.03,00,4.5,F070W-F200W,3,1.8095333333333308,121
0.1,0.03,00,4.5,F070W-F200W,4,1.9113809523809504,168
0.1,0.03,00,4.5,F070W-F200W,5,1.9345526315789474,154
0.1,0.03,00,4.5,F070W-F200W,6,1.6358292682926816,164
0.1,0.03,00,5.0,H-R,1,0.6009054656684402,232
0.1,0.03,00,5.0,H-R,2,0.5295979165370925,171
0.1,0.03,00,5.0,H-R,3,0.5449944812180519,127
0.1,0.03,00,5.0,H-R,4,0.4601814969495336,106
0.1,0.03,00,5.0,H-R,5,0.44073194690875356,129
0.1,0.03,00,5.0,H-R,6,0.4183615356206904,62
0.1,0.03,00,5.0,F070W-F200W,1,1.270458333333334,97
0.1,0.03,00,5.0,F070W-F200W,2,1.6058125000000008,130
0.1,0.03,00,5.0,F070W-F200W,3,1.9058823529411768,139
0.1,0.03,00,5.0,F070W-F200W,4,1.9520454545454573,178
0.1,0.03,00,5.0,F070W-F200W,5,2.0155749999999983,162
0.1,0.03,00,5.0,F070W-F200W,6,1.728799999999998,201
0.1,0.03,00,5.5,H-R,1,0.624631785655411,265
0.1,0.03,00,5.5,H-R,2,0.5108628493314276,184
0.1,0.03,00,5.5,H-R,3,0.5743930438828486,145
0.1,0.03,00,5.5,H-R,4,0.4552469788031517,116
0.1,0.03,00,5.5,H-R,5,0.44344907601898786,134
0.1,0.03,00,5.5,H-R,6,0.450613701067005,70
0.1,0.03,00,5.5,F070W-F200W,1,1.4077187500000008,130
0.1,0.03,00,5.5,F070W-F200W,2,1.5220625000000005,129
0.1,0.03,00,5.5,F070W-F200W,3,1.933071428571429,168
0.1,0.03,00,5.5,F070W-F200W,4,2.0235957446808523,190
0.1,0.03,00,5.5,F070W-F200W,5,2.095761904761904,168
0.1,0.03,00,5.5,F070W-F200W,6,1.8622181818181804,223
0.1,0.03,00,6.0,H-R,1,0.6323945199775309,288
0.1,0.03,00,6.0,H-R,2,0.5466819687197435,207
0.1,0.03,00,6.0,H-R,3,0.594304218415865,161
0.1,0.03,00,6.0,H-R,4,0.48485808237031525,130
0.1,0.03,00,6.0,H-R,5,0.433818462439583,139
0.1,0.03,00,6.0,H-R,6,0.4784661499563516,80
0.1,0.03,00,6.0,F070W-F200W,1,1.5308717948717963,157
0.1,0.03,00,6.0,F070W-F200W,2,1.6018571428571402,143
0.1,0.03,00,6.0,F070W-F200W,3,1.9751555555555544,181
0.1,0.03,00,6.0,F070W-F200W,4,2.1328888888888837,218
0.1,0.03,00,6.0,F070W-F200W,5,2.2173478260869555,187
0.1,0.03,00,6.0,F070W-F200W,6,1.9139999999999997,231
0.1,0.03,00,6.5,H-R,1,0.6350206551452311,323
0.1,0.03,00,6.5,H-R,2,0.5414095165417933,220
0.1,0.03,00,6.5,H-R,3,0.5854959181937285,175
0.1,0.03,00,6.5,H-R,4,0.5030840146005511,145
0.1,0.03,00,6.5,H-R,5,0.43666327216813805,146
0.1,0.03,00,6.5,H-R,6,0.4829801616994426,81
0.1,0.03,00,6.5,F070W-F200W,1,1.4532439024390236,164
0.1,0.03,00,6.5,F070W-F200W,2,1.5899743589743593,157
0.1,0.03,00,6.5,F070W-F200W,3,1.9901960784313708,205
0.1,0.03,00,6.5,F070W-F200W,4,2.167741379310346,232
0.1,0.03,00,6.5,F070W-F200W,5,2.147865384615386,209
0.1,0.03,00,6.5,F070W-F200W,6,1.9282500000000002,243
0.1,0.03,00,7.0,H-R,1,0.5998649294958678,336
0.1,0.03,00,7.0,H-R,2,0.5033669879401967,226
0.1,0.03,00,7.0,H-R,3,0.5075688058735802,184
0.1,0.03,00,7.0,H-R,4,0.45370688365189715,150
0.1,0.03,00,7.0,H-R,5,0.39716629562749606,143
0.1,0.03,00,7.0,H-R,6,0.4424645490756928,82
0.1,0.03,00,7.0,F070W-F200W,1,1.304425000000002,162
0.1,0.03,00,7.0,F070W-F200W,2,1.4385116279069763,172
0.1,0.03,00,7.0,F070W-F200W,3,1.808851851851852,218
0.1,0.03,00,7.0,F070W-F200W,4,1.9984035087719274,230
0.1,0.03,00,7.0,F070W-F200W,5,1.810864406779661,237
0.1,0.03,00,7.0,F070W-F200W,6,1.8195254237288125,238
0.1,0.03,00,7.5,H-R,1,0.5544716626534008,346
0.1,0.03,00,7.5,H-R,2,0.4543774870047934,247
0.1,0.03,00,7.5,H-R,3,0.4302087213840944,182
0.1,0.03,00,7.5,H-R,4,0.37589855471700884,158
0.1,0.03,00,7.5,H-R,5,0.3463713860010029,147
0.1,0.03,00,7.5,H-R,6,0.37708503935739224,79
0.1,0.03,00,7.5,F070W-F200W,1,1.1528139534883728,172
0.1,0.03,00,7.5,F070W-F200W,2,1.3670222222222215,183
0.1,0.03,00,7.5,F070W-F200W,3,1.5326666666666657,230
0.1,0.03,00,7.5,F070W-F200W,4,1.751631578947368,229
0.1,0.03,00,7.5,F070W-F200W,5,1.5182000000000002,240
0.1,0.03,00,7.5,F070W-F200W,6,1.6629365079365073,255
0.1,0.03,00,8.0,H-R,1,0.5090185270871836,364
0.1,0.03,00,8.0,H-R,2,0.40758686107188735,255
0.1,0.03,00,8.0,H-R,3,0.376492194992727,189
0.1,0.03,00,8.0,H-R,4,0.3191247475531548,159
0.1,0.03,00,8.0,H-R,5,0.2970081496826591,151
0.1,0.03,00,8.0,H-R,6,0.3076404610730048,74
0.1,0.03,00,8.0,F070W-F200W,1,1.05121739130435,185
0.1,0.03,00,8.0,F070W-F200W,2,1.2844489795918363,196
0.1,0.03,00,8.0,F070W-F200W,3,1.3504918032786861,245
0.1,0.03,00,8.0,F070W-F200W,4,1.461071428571426,227
0.1,0.03,00,8.0,F070W-F200W,5,1.3688813559322028,238
0.1,0.03,00,8.0,F070W-F200W,6,1.5311587301587295,252
0.1,0.03,00,8.5,H-R,1,0.4665111557032773,375
0.1,0.03,00,8.5,H-R,2,0.36705912506593963,257
0.1,0.03,00,8.5,H-R,3,0.3402560235642178,195
0.1,0.03,00,8.5,H-R,4,0.2784957432157308,169
0.1,0.03,00,8.5,H-R,5,0.265283432991236,149
0.1,0.03,00,8.5,H-R,6,0.25618006174593067,75
0.1,0.03,00,8.5,F070W-F200W,1,0.9389795918367358,198
0.1,0.03,00,8.5,F070W-F200W,2,1.2043061224489815,199
0.1,0.03,00,8.5,F070W-F200W,3,1.207396825396824,255
0.1,0.03,00,8.5,F070W-F200W,4,1.287983050847453,237
0.1,0.03,00,8.5,F070W-F200W,5,1.3251999999999988,243
0.1,0.03,00,8.5,F070W-F200W,6,1.3786666666666694,253
0.1,0.03,00,9.0,H-R,1,0.42937468263923373,379
0.1,0.03,00,9.0,H-R,2,0.3398287119149135,264
0.1,0.03,00,9.0,H-R,3,0.31157441043876677,195
0.1,0.03,00,9.0,H-R,4,0.2700952576510679,177
0.1,0.03,00,9.0,H-R,5,0.2407380972977473,150
0.1,0.03,00,9.0,H-R,6,0.22979313320339445,80
0.1,0.03,00,9.0,F070W-F200W,1,0.861735849056604,212
0.1,0.03,00,9.0,F070W-F200W,2,1.1082800000000006,202
0.1,0.03,00,9.0,F070W-F200W,3,1.0546000000000024,263
0.1,0.03,00,9.0,F070W-F200W,4,1.1613620689655146,233
0.1,0.03,00,9.0,F070W-F200W,5,1.2057656249999997,256
0.1,0.03,00,9.0,F070W-F200W,6,1.2222903225806494,248
0.1,0.03,00,9.5,H-R,1,0.39406378613206816,381
0.1,0.03,00,9.5,H-R,2,0.3184556156051419,268
0.1,0.03,00,9.5,H-R,3,0.29307142383952756,204
0.1,0.03,00,9.5,H-R,4,0.25312738795839906,183
0.1,0.03,00,9.5,H-R,5,0.2186490528677023,148
0.1,0.03,00,9.5,H-R,6,0.21872238891655738,82
0.1,0.03,00,9.5,F070W-F200W,1,0.8150000000000013,219
0.1,0.03,00,9.5,F070W-F200W,2,0.9875660377358493,213
0.1,0.03,00,9.5,F070W-F200W,3,1.0155781250000029,259
0.1,0.03,00,9.5,F070W-F200W,4,1.0248870967741972,251
0.1,0.03,00,9.5,F070W-F200W,5,1.0813064516129032,249
0.1,0.03,00,9.5,F070W-F200W,6,1.1649016393442597,245
0.1,0.03,00,10.0,H-R,1,0.3698709445485451,392
0.1,0.03,00,10.0,H-R,2,0.2894358924531184,260
0.1,0.03,00,10.0,H-R,3,0.28051784190970186,219
0.1,0.03,00,10.0,H-R,4,0.23317754599800988,192
0.1,0.03,00,10.0,H-R,5,0.21708461069431761,145
0.1,0.03,00,10.0,H-R,6,0.19743010211140688,82
0.1,0.03,00,10.0,F070W-F200W,1,0.7656909090909032,220
0.1,0.03,00,10.0,F070W-F200W,2,0.9112592592592588,217
0.1,0.03,00,10.0,F070W-F200W,3,0.9396119402985068,268
0.1,0.03,00,10.0,F070W-F200W,4,0.9527419354838678,251
0.1,0.03,00,10.0,F070W-F200W,5,0.9277704918032779,247
0.1,0.03,00,10.0,F070W-F200W,6,1.0867301587301608,252
0.1,0.03,00,10.5,H-R,1,0.3418520950157775,394
0.1,0.03,00,10.5,H-R,2,0.2640646730774796,265
0.1,0.03,00,10.5,H-R,3,0.265470800374797,226
0.1,0.03,00,10.5,H-R,4,0.2198316849447084,195
0.1,0.03,00,10.5,H-R,5,0.20270121148285225,147
0.1,0.03,00,10.5,H-R,6,0.184471183376261,83
0.1,0.03,00,10.5,F070W-F200W,1,0.7255818181818174,221
0.1,0.03,00,10.5,F070W-F200W,2,0.8564385964912304,229
0.1,0.03,00,10.5,F070W-F200W,3,0.8621384615384606,261
0.1,0.03,00,10.5,F070W-F200W,4,0.8839843749999989,257
0.1,0.03,00,10.5,F070W-F200W,5,0.8146666666666658,253
0.1,0.03,00,10.5,F070W-F200W,6,0.9990163934426217,246
0.1,0.03,00,11.0,H-R,1,0.3226456621864311,395
0.1,0.03,00,11.0,H-R,2,0.2504405707379074,268
0.1,0.03,00,11.0,H-R,3,0.25517540914770387,227
0.1,0.03,00,11.0,H-R,4,0.20943912621887195,201
0.1,0.03,00,11.0,H-R,5,0.18833061797121842,145
0.1,0.03,00,11.0,H-R,6,0.16886852845727707,83
0.1,0.03,00,11.0,F070W-F200W,1,0.692375000000002,224
0.1,0.03,00,11.0,F070W-F200W,2,0.8061500000000024,240
0.1,0.03,00,11.0,F070W-F200W,3,0.7840454545454527,264
0.1,0.03,00,11.0,F070W-F200W,4,0.8424374999999991,257
0.1,0.03,00,11.0,F070W-F200W,5,0.7246935483870978,250
0.1,0.03,00,11.0,F070W-F200W,6,0.9041833333333305,240
0.1,0.03,00,11.5,H-R,1,0.30928723031380567,397
0.1,0.03,00,11.5,H-R,2,0.23912298960405098,268
0.1,0.03,00,11.5,H-R,3,0.24665366464964888,231
0.1,0.03,00,11.5,H-R,4,0.2004015920952975,206
0.1,0.03,00,11.5,H-R,5,0.18262970516185073,146
0.1,0.03,00,11.5,H-R,6,0.15589269307730824,82
0.1,0.03,00,11.5,F070W-F200W,1,0.6735172413793098,232
0.1,0.03,00,11.5,F070W-F200W,2,0.7665245901639306,245
0.1,0.03,00,11.5,F070W-F200W,3,0.7367164179104506,268
0.1,0.03,00,11.5,F070W-F200W,4,0.7906393442622921,247
0.1,0.03,00,11.5,F070W-F200W,5,0.6782812500000013,259
0.1,0.03,00,11.5,F070W-F200W,6,0.8167894736842118,228
0.1,0.03,00,12.0,H-R,1,0.29516611147412153,393
0.1,0.03,00,12.0,H-R,2,0.2333834535064443,274
0.1,0.03,00,12.0,H-R,3,0.2379940876260922,233
0.1,0.03,00,12.0,H-R,4,0.19694985686658373,210
0.1,0.03,00,12.0,H-R,5,0.17458085451086758,145
0.1,0.03,00,12.0,H-R,6,0.14749898174527099,84
0.1,0.03,00,12.0,F070W-F200W,1,0.6606779661016979,236
0.1,0.03,00,12.0,F070W-F200W,2,0.731885245901637,247
0.1,0.03,00,12.0,F070W-F200W,3,0.7058955223880599,270
0.1,0.03,00,12.0,F070W-F200W,4,0.7534000000000045,242
0.1,0.03,00,12.0,F070W-F200W,5,0.6366000000000014,262
0.1,0.03,00,12.0,F070W-F200W,6,0.7370545454545496,222
0.1,0.03,00,12.5,H-R,1,0.2830521164439199,390
0.1,0.03,00,12.5,H-R,2,0.22770422759581765,279
0.1,0.03,00,12.5,H-R,3,0.23087184590773346,233
0.1,0.03,00,12.5,H-R,4,0.18915521167649163,212
0.1,0.03,00,12.5,H-R,5,0.1704443437844343,148
0.1,0.03,00,12.5,H-R,6,0.14283067982132125,84
0.1,0.03,00,12.5,F070W-F200W,1,0.6503225806451614,249
0.1,0.03,00,12.5,F070W-F200W,2,0.6952833333333377,240
0.1,0.03,00,12.5,F070W-F200W,3,0.6646764705882386,275
0.1,0.03,00,12.5,F070W-F200W,4,0.7047333333333334,240
0.1,0.03,00,12.5,F070W-F200W,5,0.6080615384615395,262
0.1,0.03,00,12.5,F070W-F200W,6,0.648377358490567,214
0.1,0.03,00,13.0,H-R,1,0.2679190013287043,384
0.1,0.03,00,13.0,H-R,2,0.2171216985028359,285
0.1,0.03,00,13.0,H-R,3,0.22259730979223247,233
0.1,0.03,00,13.0,H-R,4,0.18447195873686506,216
0.1,0.03,00,13.0,H-R,5,0.16301368412755335,146
0.1,0.03,00,13.0,H-R,6,0.13517191998163702,84
0.1,0.03,00,13.0,F070W-F200W,1,0.6261967213114783,247
0.1,0.03,00,13.0,F070W-F200W,2,0.6550625000000032,256
0.1,0.03,00,13.0,F070W-F200W,3,0.6088030303030276,265
0.1,0.03,00,13.0,F070W-F200W,4,0.6498448275862092,235
0.1,0.03,00,13.0,F070W-F200W,5,0.5687076923076901,263
0.1,0.03,00,13.0,F070W-F200W,6,0.5816153846153824,209
0.1,0.03,00,13.5,H-R,1,0.2578928698597289,385
0.1,0.03,00,13.5,H-R,2,0.208277850766317,284
0.1,0.03,00,13.5,H-R,3,0.21850559246785362,237
0.1,0.03,00,13.5,H-R,4,0.1806514666927479,218
0.1,0.03,00,13.5,H-R,5,0.1664083376237251,152
0.1,0.03,00,13.5,H-R,6,0.13410501641652584,79
0.1,0.03,00,13.5,F070W-F200W,1,0.5954262295081971,244
0.1,0.03,00,13.5,F070W-F200W,2,0.659523076923076,261
0.1,0.03,00,13.5,F070W-F200W,3,0.578061538461542,263
0.1,0.03,00,13.5,F070W-F200W,4,0.6021929824561401,228
0.1,0.03,00,13.5,F070W-F200W,5,0.5427878787878786,266
0.1,0.03,00,13.5,F070W-F200W,6,0.5442199999999975,201
0.1,0.03,00,14.0,H-R,1,0.25241308114155014,384
0.1,0.03,00,14.0,H-R,2,0.20502756968698632,287
0.1,0.03,00,14.0,H-R,3,0.21519703569703763,236
0.1,0.03,00,14.0,H-R,4,0.17984919364474883,220
0.1,0.03,00,14.0,H-R,5,0.16584388891764723,153
0.1,0.03,00,14.0,H-R,6,0.13001993246474186,82
0.1,0.03,00,14.0,F070W-F200W,1,0.5821935483870959,248
0.1,0.03,00,14.0,F070W-F200W,2,0.6568769230769238,261
0.1,0.03,00,14.0,F070W-F200W,3,0.5766923076923067,262
0.1,0.03,00,14.0,F070W-F200W,4,0.5767500000000005,225
0.1,0.03,00,14.0,F070W-F200W,5,0.5180615384615379,260
0.1,0.03,00,14.0,F070W-F200W,6,0.5241020408163237,199
0.1,0.03,00,14.5,H-R,1,0.24299168551840977,379
0.1,0.03,00,14.5,H-R,2,0.19456893751817206,288
0.1,0.03,00,14.5,H-R,3,0.21016312136799797,239
0.1,0.03,00,14.5,H-R,4,0.18088126762446688,225
0.1,0.03,00,14.5,H-R,5,0.16078261318250453,149
0.1,0.03,00,14.5,H-R,6,0.12315379179110619,85
0.1,0.03,00,14.5,F070W-F200W,1,0.5788387096774148,248
0.1,0.03,00,14.5,F070W-F200W,2,0.6438153846153849,260
0.1,0.03,00,14.5,F070W-F200W,3,0.5636307692307714,262
0.1,0.03,00,14.5,F070W-F200W,4,0.5331272727272722,220
0.1,0.03,00,14.5,F070W-F200W,5,0.49660937500000024,259
0.1,0.03,00,14.5,F070W-F200W,6,0.48667346938775324,197
0.1,0.03,00,15.0,H-R,1,0.23678598883818558,376
0.1,0.03,00,15.0,H-R,2,0.1869772818143709,285
0.1,0.03,00,15.0,H-R,3,0.20681603687219585,245
0.1,0.03,00,15.0,H-R,4,0.17906995649411783,227
0.1,0.03,00,15.0,H-R,5,0.1578441575650944,149
0.1,0.03,00,15.0,H-R,6,0.11810087003666736,85
0.1,0.03,00,15.0,F070W-F200W,1,0.5876093749999995,257
0.1,0.03,00,15.0,F070W-F200W,2,0.6079218750000006,256
0.1,0.03,00,15.0,F070W-F200W,3,0.537140625000001,257
0.1,0.03,00,15.0,F070W-F200W,4,0.5170370370370385,217
0.1,0.03,00,15.0,F070W-F200W,5,0.4803281249999998,259
0.1,0.03,00,15.0,F070W-F200W,6,0.46931249999999736,193
0.1,0.03,00,15.5,H-R,1,0.23249273908408252,374
0.1,0.03,00,15.5,H-R,2,0.1846483161434065,285
0.1,0.03,00,15.5,H-R,3,0.203941221249619,246
0.1,0.03,00,15.5,H-R,4,0.17671326407062193,226
0.1,0.03,00,15.5,H-R,5,0.15541022366554302,151
0.1,0.03,00,15.5,H-R,6,0.1148693962175813,86
0.1,0.03,00,15.5,F070W-F200W,1,0.5734375000000007,259
0.1,0.03,00,15.5,F070W-F200W,2,0.5842968749999997,257
0.1,0.03,00,15.5,F070W-F200W,3,0.5208593749999988,258
0.1,0.03,00,15.5,F070W-F200W,4,0.48684615384614993,211
0.1,0.03,00,15.5,F070W-F200W,5,0.45882812500000014,257
0.1,0.03,00,15.5,F070W-F200W,6,0.45180851063829586,191
0.1,0.03,00,16.0,H-R,1,0.2240882553798791,370
0.1,0.03,00,16.0,H-R,2,0.18113077664041066,288
0.1,0.03,00,16.0,H-R,3,0.19993845883757655,245
0.1,0.03,00,16.0,H-R,4,0.17236726453745121,226
0.1,0.03,00,16.0,H-R,5,0.1485879697530339,152
0.1,0.03,00,16.0,H-R,6,0.10987907357688331,86
0.1,0.03,00,16.0,F070W-F200W,1,0.5766718750000006,259
0.1,0.03,00,16.0,F070W-F200W,2,0.5608064516129083,249
0.1,0.03,00,16.0,F070W-F200W,3,0.5122769230769215,260
0.1,0.03,00,16.0,F070W-F200W,4,0.4608627450980407,205
0.1,0.03,00,16.0,F070W-F200W,5,0.44246874999999974,256
0.1,0.03,00,16.0,F070W-F200W,6,0.4355416666666656,192
0.1,0.03,00,16.5,H-R,1,0.22112393811061648,369
0.1,0.03,00,16.5,H-R,2,0.1769586663892042,287
0.1,0.03,00,16.5,H-R,3,0.19445748253702622,242
0.1,0.03,00,16.5,H-R,4,0.1725075954427382,226
0.1,0.03,00,16.5,H-R,5,0.14988113685287163,158
0.1,0.03,00,16.5,H-R,6,0.10428813940087611,89
0.1,0.03,00,16.5,F070W-F200W,1,0.5763906250000019,258
0.1,0.03,00,16.5,F070W-F200W,2,0.5549838709677388,250
0.1,0.03,00,16.5,F070W-F200W,3,0.5080461538461538,261
0.1,0.03,00,16.5,F070W-F200W,4,0.4393799999999999,202
0.1,0.03,00,16.5,F070W-F200W,5,0.43698412698412525,255
0.1,0.03,00,16.5,F070W-F200W,6,0.42610638297871795,189
0.1,0.03,00,17.0,H-R,1,0.21950492509146513,367
0.1,0.03,00,17.0,H-R,2,0.1752920382317973,288
0.1,0.03,00,17.0,H-R,3,0.19214229560348395,243
0.1,0.03,00,17.0,H-R,4,0.1693356442612628,223
0.1,0.03,00,17.0,H-R,5,0.14717362546801183,161
0.1,0.03,00,17.0,H-R,6,0.10167966443183718,91
0.1,0.03,00,17.0,F070W-F200W,1,0.5835468750000015,256
0.1,0.03,00,17.0,F070W-F200W,2,0.5423064516129052,250
0.1,0.03,00,17.0,F070W-F200W,3,0.4912698412698404,255
0.1,0.03,00,17.0,F070W-F200W,4,0.42327450980392456,206
0.1,0.03,00,17.0,F070W-F200W,5,0.4140483870967735,251
0.1,0.03,00,17.0,F070W-F200W,6,0.4041914893617058,188
0.1,0.03,00,17.5,H-R,1,0.21278928259893237,364
0.1,0.03,00,17.5,H-R,2,0.17262465445103214,289
0.1,0.03,00,17.5,H-R,3,0.18745326243334026,244
0.1,0.03,00,17.5,H-R,4,0.16442020423212567,222
0.1,0.03,00,17.5,H-R,5,0.14122605766345786,164
0.1,0.03,00,17.5,H-R,6,0.09596211929624499,92
0.1,0.03,00,17.5,F070W-F200W,1,0.5929218749999983,258
0.1,0.03,00,17.5,F070W-F200W,2,0.5409666666666659,243
0.1,0.03,00,17.5,F070W-F200W,3,0.485206349206349,255
0.1,0.03,00,17.5,F070W-F200W,4,0.40672000000000175,202
0.1,0.03,00,17.5,F070W-F200W,5,0.4003015873015876,254
0.1,0.03,00,17.5,F070W-F200W,6,0.3819999999999997,184
0.1,0.03,00,18.0,H-R,1,0.20989466714582194,360
0.1,0.03,00,18.0,H-R,2,0.17292164812574629,291
0.1,0.03,00,18.0,H-R,3,0.1868164028544077,243
0.1,0.03,00,18.0,H-R,4,0.16299319119649724,221
0.1,0.03,00,18.0,H-R,5,0.14042258260687324,167
0.1,0.03,00,18.0,H-R,6,0.09709945050566682,94
0.1,0.03,00,18.0,F070W-F200W,1,0.829439393939392,267
0.1,0.03,00,18.0,F070W-F200W,2,0.520423728813558,239
0.1,0.03,00,18.0,F070W-F200W,3,0.4911093750000006,259
0.1,0.03,00,18.0,F070W-F200W,4,0.3874255319148894,190
0.1,0.03,00,18.0,F070W-F200W,5,0.38819047619048064,252
0.1,0.03,00,18.0,F070W-F200W,6,0.37322222222222656,183
0.1,0.03,00,18.5,H-R,1,0.20766842205711633,357
0.1,0.03,00,18.5,H-R,2,0.17061912213826957,290
0.1,0.03,00,18.5,H-R,3,0.18681630149930695,242
0.1,0.03,00,18.5,H-R,4,0.16526598184920505,221
0.1,0.03,00,18.5,H-R,5,0.13955402304419318,171
0.1,0.03,00,18.5,H-R,6,0.09528528558331728,95
0.1,0.03,00,18.5,F070W-F200W,1,0.5907121212121229,267
0.1,0.03,00,18.5,F070W-F200W,2,0.4959137931034494,235
0.1,0.03,00,18.5,F070W-F200W,3,0.4835384615384637,263
0.1,0.03,00,18.5,F070W-F200W,4,0.3673111111111105,183
0.1,0.03,00,18.5,F070W-F200W,5,0.3726229508196681,247
0.1,0.03,00,18.5,F070W-F200W,6,0.35993333333333943,182
0.1,0.03,00,19.0,H-R,1,0.20512644551850334,356
0.1,0.03,00,19.0,H-R,2,0.1694406085241218,290
0.1,0.03,00,19.0,H-R,3,0.18343372869305297,241
0.1,0.03,00,19.0,H-R,4,0.16406584439891114,221
0.1,0.03,00,19.0,H-R,5,0.13708965440844256,174
0.1,0.03,00,19.0,H-R,6,0.09253339102035296,95
0.1,0.03,00,19.0,F070W-F200W,1,0.5824769230769231,263
0.1,0.03,00,19.0,F070W-F200W,2,0.48198275862069195,235
0.1,0.03,00,19.0,F070W-F200W,3,0.4738461538461536,261
0.1,0.03,00,19.0,F070W-F200W,4,0.3601304347826062,185
0.1,0.03,00,19.0,F070W-F200W,5,0.3641451612903239,248
0.1,0.03,00,19.0,F070W-F200W,6,0.3413409090909063,177
0.1,0.03,00,19.5,H-R,1,0.20484525862810332,355
0.1,0.03,00,19.5,H-R,2,0.16919685724992295,290
0.1,0.03,00,19.5,H-R,3,0.18042292569420804,237
0.1,0.03,00,19.5,H-R,4,0.16244820826120865,222
0.1,0.03,00,19.5,H-R,5,0.1326794139415417,177
0.1,0.03,00,19.5,H-R,6,0.08981350175204872,95
0.1,0.03,00,19.5,F070W-F200W,1,0.556153846153844,261
0.1,0.03,00,19.5,F070W-F200W,2,0.46313559322033626,237
0.1,0.03,00,19.5,F070W-F200W,3,0.4546666666666681,252
0.1,0.03,00,19.5,F070W-F200W,4,0.34860869565217634,185
0.1,0.03,00,19.5,F070W-F200W,5,0.35740322580645234,250
0.1,0.03,00,19.5,F070W-F200W,6,0.3242790697674387,173
0.1,0.03,00,20.0,H-R,1,0.2010155192151184,336
0.1,0.03,00,20.0,H-R,2,0.16678093160141172,286
0.1,0.03,00,20.0,H-R,3,0.17644145708140413,220
0.1,0.03,00,20.0,H-R,4,0.15769205699583067,216
0.1,0.03,00,20.0,H-R,5,0.13057842693121824,175
0.1,0.03,00,20.0,H-R,6,0.08525916467885919,89
0.1,0.03,00,20.0,F070W-F200W,1,0.5306949152542373,239
0.1,0.03,00,20.0,F070W-F200W,2,0.44849999999999923,232
0.1,0.03,00,20.0,F070W-F200W,3,0.428449999999998,240
0.1,0.03,00,20.0,F070W-F200W,4,0.3379545454545507,179
0.1,0.03,00,20.0,F070W-F200W,5,0.34699999999999953,238
0.1,0.03,00,20.0,F070W-F200W,6,0.3083658536585361,165
0.1,0.1,00,1.0,H-R,1,0.1348574412288498,95
0.1,0.1,00,1.0,H-R,2,0.09549704891339594,85
0.1,0.1,00,1.0,H-R,3,0.07328956770651573,70
0.1,0.1,00,1.0,H-R,4,0.06533532376565598,65
0.1,0.1,00,1.0,H-R,5,0.061409254536346825,53
0.1,0.1,00,1.0,H-R,6,0.06560036221435528,37
0.1,0.1,00,1.0,F070W-F200W,1,0.14425000000000132,33
0.1,0.1,00,1.0,F070W-F200W,2,0.112222222222222,37
0.1,0.1,00,1.0,F070W-F200W,3,0.15975000000000072,51
0.1,0.1,00,1.0,F070W-F200W,4,0.23633333333333617,97
0.1,0.1,00,1.0,F070W-F200W,5,0.32462962962962827,109
0.1,0.1,00,1.0,F070W-F200W,6,0.2970000000000006,78
0.1,0.1,00,1.5,H-R,1,0.17958490360888635,135
0.1,0.1,00,1.5,H-R,2,0.14363126588382247,114
0.1,0.1,00,1.5,H-R,3,0.17471762228878762,101
0.1,0.1,00,1.5,H-R,4,0.14118349239290906,97
0.1,0.1,00,1.5,H-R,5,0.1517207419955267,78
0.1,0.1,00,1.5,H-R,6,0.15136878197214693,56
0.1,0.1,00,1.5,F070W-F200W,1,0.4675384615384637,55
0.1,0.1,00,1.5,F070W-F200W,2,0.44615384615384635,54
0.1,0.1,00,1.5,F070W-F200W,3,0.6033043478260893,92
0.1,0.1,00,1.5,F070W-F200W,4,0.6432424242424251,134
0.1,0.1,00,1.5,F070W-F200W,5,0.5124999999999993,137
0.1,0.1,00,1.5,F070W-F200W,6,0.4875000000000007,112
0.1,0.1,00,2.0,H-R,1,0.25430250953544886,188
0.1,0.1,00,2.0,H-R,2,0.24752966574255597,158
0.1,0.1,00,2.0,H-R,3,0.28177692823474687,132
0.1,0.1,00,2.0,H-R,4,0.24206607746923103,118
0.1,0.1,00,2.0,H-R,5,0.23659791681473114,100
0.1,0.1,00,2.0,H-R,6,0.2201213610891417,70
0.1,0.1,00,2.0,F070W-F200W,1,0.7205999999999992,83
0.1,0.1,00,2.0,F070W-F200W,2,0.7740588235294137,68
0.1,0.1,00,2.0,F070W-F200W,3,0.9106060606060602,134
0.1,0.1,00,2.0,F070W-F200W,4,0.993450000000001,161
0.1,0.1,00,2.0,F070W-F200W,5,0.8423695652173944,187
0.1,0.1,00,2.0,F070W-F200W,6,0.7672972972973007,148
0.1,0.1,00,2.5,H-R,1,0.3332917142891848,220
0.1,0.1,00,2.5,H-R,2,0.32481699932018704,179
0.1,0.1,00,2.5,H-R,3,0.346873150067035,140
0.1,0.1,00,2.5,H-R,4,0.3175014569292316,125
0.1,0.1,00,2.5,H-R,5,0.29422594431330473,112
0.1,0.1,00,2.5,H-R,6,0.2754129631283246,79
0.1,0.1,00,2.5,F070W-F200W,1,0.9183913043478231,95
0.1,0.1,00,2.5,F070W-F200W,2,1.0502608695652178,93
0.1,0.1,00,2.5,F070W-F200W,3,1.1538918918918935,150
0.1,0.1,00,2.5,F070W-F200W,4,1.2253333333333316,183
0.1,0.1,00,2.5,F070W-F200W,5,1.122673913043478,186
0.1,0.1,00,2.5,F070W-F200W,6,1.0017500000000013,179
0.1,0.1,00,3.0,H-R,1,0.3880500181972164,252
0.1,0.1,00,3.0,H-R,2,0.32934274604350755,188
0.1,0.1,00,3.0,H-R,3,0.34399033303137994,146
0.1,0.1,00,3.0,H-R,4,0.3409209271086714,118
0.1,0.1,00,3.0,H-R,5,0.3136376861122954,112
0.1,0.1,00,3.0,H-R,6,0.31391613639043536,81
0.1,0.1,00,3.0,F070W-F200W,1,0.9971153846153822,104
0.1,0.1,00,3.0,F070W-F200W,2,1.029346153846154,104
0.1,0.1,00,3.0,F070W-F200W,3,1.1640476190476186,169
0.1,0.1,00,3.0,F070W-F200W,4,1.2854468085106365,189
0.1,0.1,00,3.0,F070W-F200W,5,1.215021739130428,185
0.1,0.1,00,3.0,F070W-F200W,6,1.0702173913043485,184
0.1,0.1,00,3.5,H-R,1,0.3429045796345638,281
0.1,0.1,00,3.5,H-R,2,0.27045829205949756,199
0.1,0.1,00,3.5,H-R,3,0.2607986776107448,148
0.1,0.1,00,3.5,H-R,4,0.26253962386171104,121
0.1,0.1,00,3.5,H-R,5,0.2413159028543157,115
0.1,0.1,00,3.5,H-R,6,0.23531029139668713,72
0.1,0.1,00,3.5,F070W-F200W,1,0.8118214285714256,113
0.1,0.1,00,3.5,F070W-F200W,2,0.8723124999999996,129
0.1,0.1,00,3.5,F070W-F200W,3,1.03752380952381,171
0.1,0.1,00,3.5,F070W-F200W,4,0.8891224489795917,196
0.1,0.1,00,3.5,F070W-F200W,5,1.0900217391304317,187
0.1,0.1,00,3.5,F070W-F200W,6,0.8608000000000011,201
0.1,0.1,00,4.0,H-R,1,0.31180270706326807,303
0.1,0.1,00,4.0,H-R,2,0.23078381243074308,206
0.1,0.1,00,4.0,H-R,3,0.21438565363711382,150
0.1,0.1,00,4.0,H-R,4,0.20368068648830373,124
0.1,0.1,00,4.0,H-R,5,0.18617142346823112,117
0.1,0.1,00,4.0,H-R,6,0.17883854964826384,65
0.1,0.1,00,4.0,F070W-F200W,1,0.6509999999999998,118
0.1,0.1,00,4.0,F070W-F200W,2,0.7721025641025676,156
0.1,0.1,00,4.0,F070W-F200W,3,0.8135116279069745,172
0.1,0.1,00,4.0,F070W-F200W,4,0.7367058823529433,205
0.1,0.1,00,4.0,F070W-F200W,5,0.9067399999999974,202
0.1,0.1,00,4.0,F070W-F200W,6,0.7689622641509413,215
0.1,0.1,00,4.5,H-R,1,0.2753978705236171,316
0.1,0.1,00,4.5,H-R,2,0.20748042999428917,223
0.1,0.1,00,4.5,H-R,3,0.19245260542665277,159
0.1,0.1,00,4.5,H-R,4,0.17881335924428032,130
0.1,0.1,00,4.5,H-R,5,0.16242339545110773,112
0.1,0.1,00,4.5,H-R,6,0.13490372957921593,61
0.1,0.1,00,4.5,F070W-F200W,1,0.5608437500000001,131
0.1,0.1,00,4.5,F070W-F200W,2,0.6253902439024408,164
0.1,0.1,00,4.5,F070W-F200W,3,0.6956666666666642,170
0.1,0.1,00,4.5,F070W-F200W,4,0.6972105263157893,229
0.1,0.1,00,4.5,F070W-F200W,5,0.7864117647058784,205
0.1,0.1,00,4.5,F070W-F200W,6,0.6435178571428573,226
0.1,0.1,00,5.0,H-R,1,0.25177882564458964,341
0.1,0.1,00,5.0,H-R,2,0.1921657691640697,231
0.1,0.1,00,5.0,H-R,3,0.18363530193327526,167
0.1,0.1,00,5.0,H-R,4,0.16270745251697372,137
0.1,0.1,00,5.0,H-R,5,0.1529988096718935,111
0.1,0.1,00,5.0,H-R,6,0.11887689925705158,61
0.1,0.1,00,5.0,F070W-F200W,1,0.522117647058824,137
0.1,0.1,00,5.0,F070W-F200W,2,0.5988478260869545,184
0.1,0.1,00,5.0,F070W-F200W,3,0.6171304347826094,187
0.1,0.1,00,5.0,F070W-F200W,4,0.6876379310344802,233
0.1,0.1,00,5.0,F070W-F200W,5,0.6814901960784319,207
0.1,0.1,00,5.0,F070W-F200W,6,0.6351052631578984,231
0.1,0.1,00,5.5,H-R,1,0.24283631341613,343
0.1,0.1,00,5.5,H-R,2,0.18377866875992854,240
0.1,0.1,00,5.5,H-R,3,0.17516563130601925,174
0.1,0.1,00,5.5,H-R,4,0.14780612164339946,144
0.1,0.1,00,5.5,H-R,5,0.14555894473829079,110
0.1,0.1,00,5.5,H-R,6,0.13054078919265866,65
0.1,0.1,00,5.5,F070W-F200W,1,0.4972777777777786,147
0.1,0.1,00,5.5,F070W-F200W,2,0.5739999999999998,200
0.1,0.1,00,5.5,F070W-F200W,3,0.6153921568627432,205
0.1,0.1,00,5.5,F070W-F200W,4,0.7033448275862053,234
0.1,0.1,00,5.5,F070W-F200W,5,0.6017358490566043,213
0.1,0.1,00,5.5,F070W-F200W,6,0.6465000000000014,243
0.1,0.1,00,6.0,H-R,1,0.23537485048451678,342
0.1,0.1,00,6.0,H-R,2,0.1851589633023356,254
0.1,0.1,00,6.0,H-R,3,0.16960044351591086,183
0.1,0.1,00,6.0,H-R,4,0.1390106432543604,151
0.1,0.1,00,6.0,H-R,5,0.12610984217463672,108
0.1,0.1,00,6.0,H-R,6,0.12166645101657603,72
0.1,0.1,00,6.0,F070W-F200W,1,0.4511621621621611,149
0.1,0.1,00,6.0,F070W-F200W,2,0.5189056603773565,214
0.1,0.1,00,6.0,F070W-F200W,3,0.5372499999999985,224
0.1,0.1,00,6.0,F070W-F200W,4,0.65601639344262,246
0.1,0.1,00,6.0,F070W-F200W,5,0.5116200000000024,200
0.1,0.1,00,6.0,F070W-F200W,6,0.6410645161290329,251
0.1,0.1,00,6.5,H-R,1,0.22474769519319793,355
0.1,0.1,00,6.5,H-R,2,0.17697698110873517,261
0.1,0.1,00,6.5,H-R,3,0.1636978597273251,190
0.1,0.1,00,6.5,H-R,4,0.13465044022004236,156
0.1,0.1,00,6.5,H-R,5,0.12870450251710353,112
0.1,0.1,00,6.5,H-R,6,0.1138013656381246,68
0.1,0.1,00,6.5,F070W-F200W,1,0.42557894736841817,155
0.1,0.1,00,6.5,F070W-F200W,2,0.47732075471697755,214
0.1,0.1,00,6.5,F070W-F200W,3,0.47733333333333405,240
0.1,0.1,00,6.5,F070W-F200W,4,0.5855873015872994,254
0.1,0.1,00,6.5,F070W-F200W,5,0.43594230769230613,209
0.1,0.1,00,6.5,F070W-F200W,6,0.6133333333333315,240
0.1,0.1,00,7.0,H-R,1,0.2065476820458052,364
0.1,0.1,00,7.0,H-R,2,0.16908459243478613,270
0.1,0.1,00,7.0,H-R,3,0.1614143494605602,197
0.1,0.1,00,7.0,H-R,4,0.13488618491497717,161
0.1,0.1,00,7.0,H-R,5,0.124019351586378,110
0.1,0.1,00,7.0,H-R,6,0.10850154903372622,66
0.1,0.1,00,7.0,F070W-F200W,1,0.40604761904761943,168
0.1,0.1,00,7.0,F070W-F200W,2,0.4556603773584893,213
0.1,0.1,00,7.0,F070W-F200W,3,0.453380952380952,254
0.1,0.1,00,7.0,F070W-F200W,4,0.5209516129032252,250
0.1,0.1,00,7.0,F070W-F200W,5,0.4185535714285713,226
0.1,0.1,00,7.0,F070W-F200W,6,0.5562105263157875,229
0.1,0.1,00,7.5,H-R,1,0.20304837994351232,377
0.1,0.1,00,7.5,H-R,2,0.1677620168264835,274
0.1,0.1,00,7.5,H-R,3,0.1596397359287529,200
0.1,0.1,00,7.5,H-R,4,0.13416858528103126,165
0.1,0.1,00,7.5,H-R,5,0.12029886844750248,111
0.1,0.1,00,7.5,H-R,6,0.09389983184022477,64
0.1,0.1,00,7.5,F070W-F200W,1,0.40759999999999685,181
0.1,0.1,00,7.5,F070W-F200W,2,0.4482830188679223,212
0.1,0.1,00,7.5,F070W-F200W,3,0.43667692307692363,262
0.1,0.1,00,7.5,F070W-F200W,4,0.48883076923076807,260
0.1,0.1,00,7.5,F070W-F200W,5,0.39763157894737056,230
0.1,0.1,00,7.5,F070W-F200W,6,0.5084528301886735,213
0.1,0.1,00,8.0,H-R,1,0.1948318084483034,380
0.1,0.1,00,8.0,H-R,2,0.16268486850392683,279
0.1,0.1,00,8.0,H-R,3,0.15966271434768453,205
0.1,0.1,00,8.0,H-R,4,0.13124362959608638,169
0.1,0.1,00,8.0,H-R,5,0.1100177200286272,113
0.1,0.1,00,8.0,H-R,6,0.07850776166013795,59
0.1,0.1,00,8.0,F070W-F200W,1,0.4004130434782631,186
0.1,0.1,00,8.0,F070W-F200W,2,0.4551666666666687,218
0.1,0.1,00,8.0,F070W-F200W,3,0.4241406249999997,259
0.1,0.1,00,8.0,F070W-F200W,4,0.4610757575757578,265
0.1,0.1,00,8.0,F070W-F200W,5,0.3634000000000004,240
0.1,0.1,00,8.0,F070W-F200W,6,0.44297916666666737,195
0.1,0.1,00,8.5,H-R,1,0.18898086544774895,387
0.1,0.1,00,8.5,H-R,2,0.1584334843279278,282
0.1,0.1,00,8.5,H-R,3,0.1563654168462265,209
0.1,0.1,00,8.5,H-R,4,0.12747073174432377,168
0.1,0.1,00,8.5,H-R,5,0.10704890515836729,114
0.1,0.1,00,8.5,H-R,6,0.0759803979018917,61
0.1,0.1,00,8.5,F070W-F200W,1,0.39242553191489016,190
0.1,0.1,00,8.5,F070W-F200W,2,0.4546964285714292,225
0.1,0.1,00,8.5,F070W-F200W,3,0.43048484848485025,267
0.1,0.1,00,8.5,F070W-F200W,4,0.44728571428571584,255
0.1,0.1,00,8.5,F070W-F200W,5,0.3446333333333307,243
0.1,0.1,00,8.5,F070W-F200W,6,0.38869565217391333,187
0.1,0.1,00,9.0,H-R,1,0.18249376210982748,387
0.1,0.1,00,9.0,H-R,2,0.15601514702304464,285
0.1,0.1,00,9.0,H-R,3,0.15508802222785678,211
0.1,0.1,00,9.0,H-R,4,0.12367940331144456,172
0.1,0.1,00,9.0,H-R,5,0.10649964542419998,118
0.1,0.1,00,9.0,H-R,6,0.06478741248775555,56
0.1,0.1,00,9.0,F070W-F200W,1,0.3817800000000027,201
0.1,0.1,00,9.0,F070W-F200W,2,0.4416607142857121,226
0.1,0.1,00,9.0,F070W-F200W,3,0.4153088235294149,272
0.1,0.1,00,9.0,F070W-F200W,4,0.39363934426229186,247
0.1,0.1,00,9.0,F070W-F200W,5,0.3225573770491774,244
0.1,0.1,00,9.0,F070W-F200W,6,0.3455777777777769,183
0.1,0.1,00,9.5,H-R,1,0.18014793244297955,385
0.1,0.1,00,9.5,H-R,2,0.15699702796084303,288
0.1,0.1,00,9.5,H-R,3,0.15941602779518305,213
0.1,0.1,00,9.5,H-R,4,0.1269881115695981,173
0.1,0.1,00,9.5,H-R,5,0.10566839937472228,118
0.1,0.1,00,9.5,H-R,6,0.06142157424396366,56
0.1,0.1,00,9.5,F070W-F200W,1,0.39495999999999754,203
0.1,0.1,00,9.5,F070W-F200W,2,0.4392321428571453,225
0.1,0.1,00,9.5,F070W-F200W,3,0.42270000000000074,281
0.1,0.1,00,9.5,F070W-F200W,4,0.37498305084745454,239
0.1,0.1,00,9.5,F070W-F200W,5,0.3182203389830498,236
0.1,0.1,00,9.5,F070W-F200W,6,0.33511111111110914,181
0.1,0.1,00,10.0,H-R,1,0.18033511981325456,381
0.1,0.1,00,10.0,H-R,2,0.15811066111631034,288
0.1,0.1,00,10.0,H-R,3,0.16234767519076576,215
0.1,0.1,00,10.0,H-R,4,0.13230859739910006,179
0.1,0.1,00,10.0,H-R,5,0.1067186377807594,115
0.1,0.1,00,10.0,H-R,6,0.06322507576436509,57
0.1,0.1,00,10.0,F070W-F200W,1,0.4006923076923101,211
0.1,0.1,00,10.0,F070W-F200W,2,0.4392142857142858,224
0.1,0.1,00,10.0,F070W-F200W,3,0.426086956521738,276
0.1,0.1,00,10.0,F070W-F200W,4,0.36083050847457443,236
0.1,0.1,00,10.0,F070W-F200W,5,0.3241052631578949,231
0.1,0.1,00,10.0,F070W-F200W,6,0.3382045454545448,179
0.1,0.1,00,10.5,H-R,1,0.17945173455068142,381
0.1,0.1,00,10.5,H-R,2,0.1585713369917079,289
0.1,0.1,00,10.5,H-R,3,0.16232872567673406,219
0.1,0.1,00,10.5,H-R,4,0.13116176462754603,181
0.1,0.1,00,10.5,H-R,5,0.10378382948164933,114
0.1,0.1,00,10.5,H-R,6,0.062427507771530055,60
0.1,0.1,00,10.5,F070W-F200W,1,0.402781818181813,223
0.1,0.1,00,10.5,F070W-F200W,2,0.4220181818181832,222
0.1,0.1,00,10.5,F070W-F200W,3,0.4179852941176456,272
0.1,0.1,00,10.5,F070W-F200W,4,0.355465517241381,234
0.1,0.1,00,10.5,F070W-F200W,5,0.3157368421052613,230
0.1,0.1,00,10.5,F070W-F200W,6,0.31293023255813956,173
0.1,0.1,00,11.0,H-R,1,0.17376882328403376,376
0.1,0.1,00,11.0,H-R,2,0.15947247531577036,295
0.1,0.1,00,11.0,H-R,3,0.15949167317654345,218
0.1,0.1,00,11.0,H-R,4,0.13212272703203753,185
0.1,0.1,00,11.0,H-R,5,0.10159086736363232,113
0.1,0.1,00,11.0,H-R,6,0.06085415407719452,62
0.1,0.1,00,11.0,F070W-F200W,1,0.4016666666666655,228
0.1,0.1,00,11.0,F070W-F200W,2,0.41122222222222504,219
0.1,0.1,00,11.0,F070W-F200W,3,0.4273235294117672,275
0.1,0.1,00,11.0,F070W-F200W,4,0.33798275862069005,234
0.1,0.1,00,11.0,F070W-F200W,5,0.3088545454545457,220
0.1,0.1,00,11.0,F070W-F200W,6,0.30449999999999733,170
0.1,0.1,00,11.5,H-R,1,0.17395562984584223,374
0.1,0.1,00,11.5,H-R,2,0.158065227616891,292
0.1,0.1,00,11.5,H-R,3,0.1593951907898432,221
0.1,0.1,00,11.5,H-R,4,0.13013754916449027,189
0.1,0.1,00,11.5,H-R,5,0.09785646481186006,112
0.1,0.1,00,11.5,H-R,6,0.060227039263147875,64
0.1,0.1,00,11.5,F070W-F200W,1,0.4044576271186422,237
0.1,0.1,00,11.5,F070W-F200W,2,0.38712500000000105,224
0.1,0.1,00,11.5,F070W-F200W,3,0.40410294117647005,272
0.1,0.1,00,11.5,F070W-F200W,4,0.29876271186440384,236
0.1,0.1,00,11.5,F070W-F200W,5,0.2852884615384621,208
0.1,0.1,00,11.5,F070W-F200W,6,0.2910731707317087,165
0.1,0.1,00,12.0,H-R,1,0.17559948746280662,375
0.1,0.1,00,12.0,H-R,2,0.1589635769145501,291
0.1,0.1,00,12.0,H-R,3,0.15926239853079815,219
0.1,0.1,00,12.0,H-R,4,0.1310561057400672,190
0.1,0.1,00,12.0,H-R,5,0.09902686194355992,113
0.1,0.1,00,12.0,H-R,6,0.061797116342459435,65
0.1,0.1,00,12.0,F070W-F200W,1,0.40316666666666556,241
0.1,0.1,00,12.0,F070W-F200W,2,0.3793928571428591,227
0.1,0.1,00,12.0,F070W-F200W,3,0.39448484848485066,265
0.1,0.1,00,12.0,F070W-F200W,4,0.2849661016949181,237
0.1,0.1,00,12.0,F070W-F200W,5,0.27827999999999875,203
0.1,0.1,00,12.0,F070W-F200W,6,0.29165853658536633,164
0.1,0.1,00,12.5,H-R,1,0.1759055578481199,373
0.1,0.1,00,12.5,H-R,2,0.15797500849599166,288
0.1,0.1,00,12.5,H-R,3,0.16044621758447364,224
0.1,0.1,00,12.5,H-R,4,0.13027049017447978,189
0.1,0.1,00,12.5,H-R,5,0.09983865938955527,114
0.1,0.1,00,12.5,H-R,6,0.06479107888395941,67
0.1,0.1,00,12.5,F070W-F200W,1,0.40300000000000047,242
0.1,0.1,00,12.5,F070W-F200W,2,0.38099999999999845,232
0.1,0.1,00,12.5,F070W-F200W,3,0.39338095238095505,255
0.1,0.1,00,12.5,F070W-F200W,4,0.2858620689655176,235
0.1,0.1,00,12.5,F070W-F200W,5,0.2796078431372546,205
0.1,0.1,00,12.5,F070W-F200W,6,0.2901500000000006,160
0.1,0.1,00,13.0,H-R,1,0.17572367611831385,372
0.1,0.1,00,13.0,H-R,2,0.1579518996257312,287
0.1,0.1,00,13.0,H-R,3,0.16048592093593195,224
0.1,0.1,00,13.0,H-R,4,0.1295660150685538,189
0.1,0.1,00,13.0,H-R,5,0.09829392367526957,116
0.1,0.1,00,13.0,H-R,6,0.06261887109579622,68
0.1,0.1,00,13.0,F070W-F200W,1,0.4080163934426242,246
0.1,0.1,00,13.0,F070W-F200W,2,0.3692372881355954,236
0.1,0.1,00,13.0,F070W-F200W,3,0.37633870967741956,249
0.1,0.1,00,13.0,F070W-F200W,4,0.27391228070175266,230
0.1,0.1,00,13.0,F070W-F200W,5,0.2786470588235286,205
0.1,0.1,00,13.0,F070W-F200W,6,0.2804102564102564,156
0.1,0.1,00,13.5,H-R,1,0.17425300393521082,369
0.1,0.1,00,13.5,H-R,2,0.1590550698825719,290
0.1,0.1,00,13.5,H-R,3,0.15711120185892136,220
0.1,0.1,00,13.5,H-R,4,0.13014150477010689,194
0.1,0.1,00,13.5,H-R,5,0.09656182017707482,116
0.1,0.1,00,13.5,H-R,6,0.06035908596214812,68
0.1,0.1,00,13.5,F070W-F200W,1,0.4070317460317412,253
0.1,0.1,00,13.5,F070W-F200W,2,0.3441428571428595,226
0.1,0.1,00,13.5,F070W-F200W,3,0.3732258064516163,249
0.1,0.1,00,13.5,F070W-F200W,4,0.2579090909090933,223
0.1,0.1,00,13.5,F070W-F200W,5,0.2755686274509834,207
0.1,0.1,00,13.5,F070W-F200W,6,0.2708157894736889,153
0.1,0.1,00,14.0,H-R,1,0.17519330087199014,367
0.1,0.1,00,14.0,H-R,2,0.159453565541555,288
0.1,0.1,00,14.0,H-R,3,0.16014819262732516,223
0.1,0.1,00,14.0,H-R,4,0.1299857298394751,193
0.1,0.1,00,14.0,H-R,5,0.09788664094086408,117
0.1,0.1,00,14.0,H-R,6,0.05892936913420854,69
0.1,0.1,00,14.0,F070W-F200W,1,0.39609836065573845,247
0.1,0.1,00,14.0,F070W-F200W,2,0.3374736842105257,228
0.1,0.1,00,14.0,F070W-F200W,3,0.3709516129032302,249
0.1,0.1,00,14.0,F070W-F200W,4,0.2527090909090859,220
0.1,0.1,00,14.0,F070W-F200W,5,0.2691372549019633,206
0.1,0.1,00,14.0,F070W-F200W,6,0.26365789473683954,152
0.1,0.1,00,14.5,H-R,1,0.17619281880505921,366
0.1,0.1,00,14.5,H-R,2,0.1583820149243047,284
0.1,0.1,00,14.5,H-R,3,0.16138121676262696,225
0.1,0.1,00,14.5,H-R,4,0.12884981318306465,192
0.1,0.1,00,14.5,H-R,5,0.09810612090728332,120
0.1,0.1,00,14.5,H-R,6,0.05863448364186885,69
0.1,0.1,00,14.5,F070W-F200W,1,0.41117187500000085,258
0.1,0.1,00,14.5,F070W-F200W,2,0.31792727272727106,220
0.1,0.1,00,14.5,F070W-F200W,3,0.37722580645160875,251
0.1,0.1,00,14.5,F070W-F200W,4,0.24598113207547279,214
0.1,0.1,00,14.5,F070W-F200W,5,0.26117647058823046,204
0.1,0.1,00,14.5,F070W-F200W,6,0.2585405405405403,149
0.1,0.1,00,15.0,H-R,1,0.17525450710263657,363
0.1,0.1,00,15.0,H-R,2,0.16027276436746796,283
0.1,0.1,00,15.0,H-R,3,0.15944054299437105,221
0.1,0.1,00,15.0,H-R,4,0.13386821994036846,199
0.1,0.1,00,15.0,H-R,5,0.09882964222145718,120
0.1,0.1,00,15.0,H-R,6,0.060655035285393843,71
0.1,0.1,00,15.0,F070W-F200W,1,0.41364615384615,260
0.1,0.1,00,15.0,F070W-F200W,2,0.2976792452830228,215
0.1,0.1,00,15.0,F070W-F200W,3,0.3877936507936468,252
0.1,0.1,00,15.0,F070W-F200W,4,0.24682692307691845,208
0.1,0.1,00,15.0,F070W-F200W,5,0.2605686274509811,204
0.1,0.1,00,15.0,F070W-F200W,6,0.25805405405405324,149
0.1,0.1,00,15.5,H-R,1,0.17608824088565944,363
0.1,0.1,00,15.5,H-R,2,0.1576547194985909,279
0.1,0.1,00,15.5,H-R,3,0.15711244466584362,221
0.1,0.1,00,15.5,H-R,4,0.13142380160767675,201
0.1,0.1,00,15.5,H-R,5,0.09819554234732575,123
0.1,0.1,00,15.5,H-R,6,0.05791210443092698,71
0.1,0.1,00,15.5,F070W-F200W,1,0.41438461538461446,261
0.1,0.1,00,15.5,F070W-F200W,2,0.3041454545454574,223
0.1,0.1,00,15.5,F070W-F200W,3,0.38451612903226184,249
0.1,0.1,00,15.5,F070W-F200W,4,0.23695999999999984,201
0.1,0.1,00,15.5,F070W-F200W,5,0.2575294117647111,205
0.1,0.1,00,15.5,F070W-F200W,6,0.2470277777777774,146
0.1,0.1,00,16.0,H-R,1,0.17433629879508872,361
0.1,0.1,00,16.0,H-R,2,0.15627486306661265,280
0.1,0.1,00,16.0,H-R,3,0.15513164824550274,218
0.1,0.1,00,16.0,H-R,4,0.13191193154507053,204
0.1,0.1,00,16.0,H-R,5,0.09636345385035305,125
0.1,0.1,00,16.0,H-R,6,0.058035020163398565,73
0.1,0.1,00,16.0,F070W-F200W,1,0.40359375000000064,257
0.1,0.1,00,16.0,F070W-F200W,2,0.2982678571428572,224
0.1,0.1,00,16.0,F070W-F200W,3,0.3886562499999986,256
0.1,0.1,00,16.0,F070W-F200W,4,0.22572916666666742,195
0.1,0.1,00,16.0,F070W-F200W,5,0.2503599999999988,202
0.1,0.1,00,16.0,F070W-F200W,6,0.24005555555555702,146
0.1,0.1,00,16.5,H-R,1,0.17390779520760113,359
0.1,0.1,00,16.5,H-R,2,0.1577055081561778,282
0.1,0.1,00,16.5,H-R,3,0.15489702499460312,216
0.1,0.1,00,16.5,H-R,4,0.13532456969865758,205
0.1,0.1,00,16.5,H-R,5,0.09859348562332526,126
0.1,0.1,00,16.5,H-R,6,0.06055968908444509,75
0.1,0.1,00,16.5,F070W-F200W,1,0.40622222222222426,253
0.1,0.1,00,16.5,F070W-F200W,2,0.30178947368421305,229
0.1,0.1,00,16.5,F070W-F200W,3,0.3894354838709635,251
0.1,0.1,00,16.5,F070W-F200W,4,0.22129166666666933,192
0.1,0.1,00,16.5,F070W-F200W,5,0.25063999999999886,201
0.1,0.1,00,16.5,F070W-F200W,6,0.23944444444444457,145
0.1,0.1,00,17.0,H-R,1,0.17366574427006953,357
0.1,0.1,00,17.0,H-R,2,0.15822973349220804,283
0.1,0.1,00,17.0,H-R,3,0.1533698227273188,211
0.1,0.1,00,17.0,H-R,4,0.13743518325096948,208
0.1,0.1,00,17.0,H-R,5,0.09822682136157179,128
0.1,0.1,00,17.0,H-R,6,0.05975181604382307,75
0.1,0.1,00,17.0,F070W-F200W,1,0.39666129032258013,248
0.1,0.1,00,17.0,F070W-F200W,2,0.3049827586206906,232
0.1,0.1,00,17.0,F070W-F200W,3,0.3855322580645204,249
0.1,0.1,00,17.0,F070W-F200W,4,0.21757446808510572,189
0.1,0.1,00,17.0,F070W-F200W,5,0.24765306122449182,199
0.1,0.1,00,17.0,F070W-F200W,6,0.24019444444444282,145
0.1,0.1,00,17.5,H-R,1,0.17420018379266122,357
0.1,0.1,00,17.5,H-R,2,0.1563024216665183,280
0.1,0.1,00,17.5,H-R,3,0.1543120748400364,214
0.1,0.1,00,17.5,H-R,4,0.13572286686833435,206
0.1,0.1,00,17.5,H-R,5,0.10068176087910752,131
0.1,0.1,00,17.5,H-R,6,0.05932540595818492,77
0.1,0.1,00,17.5,F070W-F200W,1,0.3957868852459008,245
0.1,0.1,00,17.5,F070W-F200W,2,0.30634482758620507,233
0.1,0.1,00,17.5,F070W-F200W,3,0.38688524590163986,247
0.1,0.1,00,17.5,F070W-F200W,4,0.22189361702127464,189
0.1,0.1,00,17.5,F070W-F200W,5,0.2466326530612264,198
0.1,0.1,00,17.5,F070W-F200W,6,0.23814285714285965,143
0.1,0.1,00,18.0,H-R,1,0.1736956271798613,355
0.1,0.1,00,18.0,H-R,2,0.15765410065754004,281
0.1,0.1,00,18.0,H-R,3,0.1525158112211722,211
0.1,0.1,00,18.0,H-R,4,0.13763766897836827,207
0.1,0.1,00,18.0,H-R,5,0.10554065749876718,135
0.1,0.1,00,18.0,H-R,6,0.058977037684198264,77
0.1,0.1,00,18.0,F070W-F200W,1,0.404885245901637,246
0.1,0.1,00,18.0,F070W-F200W,2,0.30336842105262996,231
0.1,0.1,00,18.0,F070W-F200W,3,0.38632258064516023,248
0.1,0.1,00,18.0,F070W-F200W,4,0.2146956521739103,187
0.1,0.1,00,18.0,F070W-F200W,5,0.24442857142857122,196
0.1,0.1,00,18.0,F070W-F200W,6,0.23588571428571292,141
0.1,0.1,00,18.5,H-R,1,0.17301499906781714,353
0.1,0.1,00,18.5,H-R,2,0.1573574445704351,281
0.1,0.1,00,18.5,H-R,3,0.15099372706845937,206
0.1,0.1,00,18.5,H-R,4,0.1410246221971625,211
0.1,0.1,00,18.5,H-R,5,0.10540359275510736,137
0.1,0.1,00,18.5,H-R,6,0.05921500387606882,77
0.1,0.1,00,18.5,F070W-F200W,1,0.4036721311475464,245
0.1,0.1,00,18.5,F070W-F200W,2,0.30584482758620446,233
0.1,0.1,00,18.5,F070W-F200W,3,0.38274193548387103,248
0.1,0.1,00,18.5,F070W-F200W,4,0.202533333333335,182
0.1,0.1,00,18.5,F070W-F200W,5,0.24147916666666625,195
0.1,0.1,00,18.5,F070W-F200W,6,0.2345882352941171,139
0.1,0.1,00,19.0,H-R,1,0.1717715653246319,350
0.1,0.1,00,19.0,H-R,2,0.16017548356091948,283
0.1,0.1,00,19.0,H-R,3,0.14913262489958412,203
0.1,0.1,00,19.0,H-R,4,0.1400650015733902,212
0.1,0.1,00,19.0,H-R,5,0.10660581590990703,140
0.1,0.1,00,19.0,H-R,6,0.059683607001107974,77
0.1,0.1,00,19.0,F070W-F200W,1,0.4079322033898318,239
0.1,0.1,00,19.0,F070W-F200W,2,0.307120689655175,232
0.1,0.1,00,19.0,F070W-F200W,3,0.38837096774193647,248
0.1,0.1,00,19.0,F070W-F200W,4,0.20542222222222506,181
0.1,0.1,00,19.0,F070W-F200W,5,0.23985416666666737,192
0.1,0.1,00,19.0,F070W-F200W,6,0.23508823529411949,139
0.1,0.1,00,19.5,H-R,1,0.17167568371283726,350
0.1,0.1,00,19.5,H-R,2,0.15762530965891997,279
0.1,0.1,00,19.5,H-R,3,0.14676087273767213,202
0.1,0.1,00,19.5,H-R,4,0.13927694906411303,212
0.1,0.1,00,19.5,H-R,5,0.10789520202977099,145
0.1,0.1,00,19.5,H-R,6,0.060138303038658636,78
0.1,0.1,00,19.5,F070W-F200W,1,0.3984999999999985,233
0.1,0.1,00,19.5,F070W-F200W,2,0.30508771929824974,231
0.1,0.1,00,19.5,F070W-F200W,3,0.3847419354838717,248
0.1,0.1,00,19.5,F070W-F200W,4,0.19422727272727336,177
0.1,0.1,00,19.5,F070W-F200W,5,0.23919148936169954,191
0.1,0.1,00,19.5,F070W-F200W,6,0.23376470588235065,139
0.1,0.1,00,20.0,H-R,1,0.17073770508975183,336
0.1,0.1,00,20.0,H-R,2,0.15737420393663015,263
0.1,0.1,00,20.0,H-R,3,0.14320919393918152,188
0.1,0.1,00,20.0,H-R,4,0.13936022134278292,207
0.1,0.1,00,20.0,H-R,5,0.10819739529018468,137
0.1,0.1,00,20.0,H-R,6,0.05780144061118264,73
0.1,0.1,00,20.0,F070W-F200W,1,0.38486538461538267,211
0.1,0.1,00,20.0,F070W-F200W,2,0.30598181818181835,221
0.1,0.1,00,20.0,F070W-F200W,3,0.37903389830507983,238
0.1,0.1,00,20.0,F070W-F200W,4,0.1799000000000035,163
0.1,0.1,00,20.0,F070W-F200W,5,0.23476086956522124,185
0.1,0.1,00,20.0,F070W-F200W,6,0.22323529411764476,136
0.1,0.3,00,1.0,H-R,1,0.13545673073039988,192
0.1,0.3,00,1.0,H-R,2,0.09679010839216962,126
0.1,0.3,00,1.0,H-R,3,0.07484426318989224,151
0.1,0.3,00,1.0,H-R,4,0.0614073463295266,114
0.1,0.3,00,1.0,H-R,5,0.06448259083175689,82
0.1,0.3,00,1.0,H-R,6,0.05891107444130872,88
0.1,0.3,00,1.0,F070W-F200W,1,0.13390476190476086,84
0.1,0.3,00,1.0,F070W-F200W,2,0.10907142857142738,56
0.1,0.3,00,1.0,F070W-F200W,3,0.14120833333333138,96
0.1,0.3,00,1.0,F070W-F200W,4,0.23858139534883804,175
0.1,0.3,00,1.0,F070W-F200W,5,0.3612391304347824,184
0.1,0.3,00,1.0,F070W-F200W,6,0.3050499999999996,160
0.1,0.3,00,1.5,H-R,1,0.18814827860183514,204
0.1,0.3,00,1.5,H-R,2,0.17589914397347706,128
0.1,0.3,00,1.5,H-R,3,0.15907072982829384,154
0.1,0.3,00,1.5,H-R,4,0.15309787560244736,110
0.1,0.3,00,1.5,H-R,5,0.1403322884369737,84
0.1,0.3,00,1.5,H-R,6,0.12828700574495777,92
0.1,0.3,00,1.5,F070W-F200W,1,0.35855000000000103,82
0.1,0.3,00,1.5,F070W-F200W,2,0.4535,66
0.1,0.3,00,1.5,F070W-F200W,3,0.5929230769230767,107
0.1,0.3,00,1.5,F070W-F200W,4,0.5987441860465132,174
0.1,0.3,00,1.5,F070W-F200W,5,0.6325217391304339,187
0.1,0.3,00,1.5,F070W-F200W,6,0.5423414634146333,164
0.1,0.3,00,2.0,H-R,1,0.17948471663487764,228
0.1,0.3,00,2.0,H-R,2,0.18388997976686106,142
0.1,0.3,00,2.0,H-R,3,0.17874143357987582,148
0.1,0.3,00,2.0,H-R,4,0.16804953171880532,104
0.1,0.3,00,2.0,H-R,5,0.16029530605839126,88
0.1,0.3,00,2.0,H-R,6,0.14361659917735742,93
0.1,0.3,00,2.0,F070W-F200W,1,0.4257142857142835,84
0.1,0.3,00,2.0,F070W-F200W,2,0.572000000000001,77
0.1,0.3,00,2.0,F070W-F200W,3,0.6127142857142864,141
0.1,0.3,00,2.0,F070W-F200W,4,0.6221999999999994,180
0.1,0.3,00,2.0,F070W-F200W,5,0.5317857142857143,171
0.1,0.3,00,2.0,F070W-F200W,6,0.4492790697674405,174
0.1,0.3,00,2.5,H-R,1,0.17275683304127654,263
0.1,0.3,00,2.5,H-R,2,0.1477676163274232,173
0.1,0.3,00,2.5,H-R,3,0.14200380362233933,135
0.1,0.3,00,2.5,H-R,4,0.1321740058943176,98
0.1,0.3,00,2.5,H-R,5,0.12036459091597174,94
0.1,0.3,00,2.5,H-R,6,0.11001102060674073,86
0.1,0.3,00,2.5,F070W-F200W,1,0.3413749999999993,98
0.1,0.3,00,2.5,F070W-F200W,2,0.46582608695652183,95
0.1,0.3,00,2.5,F070W-F200W,3,0.495444444444443,145
0.1,0.3,00,2.5,F070W-F200W,4,0.4439545454545417,179
0.1,0.3,00,2.5,F070W-F200W,5,0.44068181818181174,179
0.1,0.3,00,2.5,F070W-F200W,6,0.4109999999999996,198
0.1,0.3,00,3.0,H-R,1,0.17088663013763283,292
0.1,0.3,00,3.0,H-R,2,0.133689960061407,189
0.1,0.3,00,3.0,H-R,3,0.12732960630428547,135
0.1,0.3,00,3.0,H-R,4,0.11607451455891549,102
0.1,0.3,00,3.0,H-R,5,0.10131215425549767,94
0.1,0.3,00,3.0,H-R,6,0.08878866619061854,75
0.1,0.3,00,3.0,F070W-F200W,1,0.30169565217391536,95
0.1,0.3,00,3.0,F070W-F200W,2,0.3689999999999998,113
0.1,0.3,00,3.0,F070W-F200W,3,0.4161025641025642,157
0.1,0.3,00,3.0,F070W-F200W,4,0.4157872340425488,191
0.1,0.3,00,3.0,F070W-F200W,5,0.4407083333333297,195
0.1,0.3,00,3.0,F070W-F200W,6,0.32079999999999487,183
0.1,0.3,00,3.5,H-R,1,0.17210826463055562,322
0.1,0.3,00,3.5,H-R,2,0.12895756551087256,202
0.1,0.3,00,3.5,H-R,3,0.1163118649580901,138
0.1,0.3,00,3.5,H-R,4,0.10626917634093924,106
0.1,0.3,00,3.5,H-R,5,0.08819135666635214,92
0.1,0.3,00,3.5,H-R,6,0.07369641142946304,69
0.1,0.3,00,3.5,F070W-F200W,1,0.27895652173912744,94
0.1,0.3,00,3.5,F070W-F200W,2,0.327483870967745,126
0.1,0.3,00,3.5,F070W-F200W,3,0.3576521739130438,185
0.1,0.3,00,3.5,F070W-F200W,4,0.3693137254901959,207
0.1,0.3,00,3.5,F070W-F200W,5,0.36296078431372436,206
0.1,0.3,00,3.5,F070W-F200W,6,0.22623255813953058,172
0.1,0.3,00,4.0,H-R,1,0.17491996657694475,326
0.1,0.3,00,4.0,H-R,2,0.13596271117892011,215
0.1,0.3,00,4.0,H-R,3,0.11556905624103031,147
0.1,0.3,00,4.0,H-R,4,0.10295483919909543,106
0.1,0.3,00,4.0,H-R,5,0.09033100472024902,97
0.1,0.3,00,4.0,H-R,6,0.08215525140089397,67
0.1,0.3,00,4.0,F070W-F200W,1,0.310740740740739,108
0.1,0.3,00,4.0,F070W-F200W,2,0.3322647058823538,139
0.1,0.3,00,4.0,F070W-F200W,3,0.327914893617022,188
0.1,0.3,00,4.0,F070W-F200W,4,0.3528888888888897,216
0.1,0.3,00,4.0,F070W-F200W,5,0.35039622641509105,213
0.1,0.3,00,4.0,F070W-F200W,6,0.24897916666666298,195
0.1,0.3,00,4.5,H-R,1,0.1739640929978754,323
0.1,0.3,00,4.5,H-R,2,0.13994963827239437,219
0.1,0.3,00,4.5,H-R,3,0.1251846790079021,163
0.1,0.3,00,4.5,H-R,4,0.1011708946194948,110
0.1,0.3,00,4.5,H-R,5,0.0904985161175017,106
0.1,0.3,00,4.5,H-R,6,0.09524621388307764,66
0.1,0.3,00,4.5,F070W-F200W,1,0.30672413793103637,119
0.1,0.3,00,4.5,F070W-F200W,2,0.3055833333333329,145
0.1,0.3,00,4.5,F070W-F200W,3,0.35106000000000037,203
0.1,0.3,00,4.5,F070W-F200W,4,0.37377192982456187,229
0.1,0.3,00,4.5,F070W-F200W,5,0.31867346938775576,199
0.1,0.3,00,4.5,F070W-F200W,6,0.2661379310344838,233
0.1,0.3,00,5.0,H-R,1,0.17400823237052054,332
0.1,0.3,00,5.0,H-R,2,0.1385033757072216,222
0.1,0.3,00,5.0,H-R,3,0.12768618503383755,178
0.1,0.3,00,5.0,H-R,4,0.10536606860108466,115
0.1,0.3,00,5.0,H-R,5,0.09211808218319995,107
0.1,0.3,00,5.0,H-R,6,0.10227044597949753,70
0.1,0.3,00,5.0,F070W-F200W,1,0.3117419354838713,124
0.1,0.3,00,5.0,F070W-F200W,2,0.3295365853658563,167
0.1,0.3,00,5.0,F070W-F200W,3,0.3517924528301908,212
0.1,0.3,00,5.0,F070W-F200W,4,0.3895333333333326,243
0.1,0.3,00,5.0,F070W-F200W,5,0.2656666666666645,181
0.1,0.3,00,5.0,F070W-F200W,6,0.32434920634920594,252
0.1,0.3,00,5.5,H-R,1,0.16348722032020557,326
0.1,0.3,00,5.5,H-R,2,0.13616384649483582,228
0.1,0.3,00,5.5,H-R,3,0.12850854252777721,195
0.1,0.3,00,5.5,H-R,4,0.1103040184381614,128
0.1,0.3,00,5.5,H-R,5,0.08978487226989174,107
0.1,0.3,00,5.5,H-R,6,0.09679316048977638,67
0.1,0.3,00,5.5,F070W-F200W,1,0.32309374999999996,128
0.1,0.3,00,5.5,F070W-F200W,2,0.3555319148936178,188
0.1,0.3,00,5.5,F070W-F200W,3,0.3852105263157881,231
0.1,0.3,00,5.5,F070W-F200W,4,0.35991525423728987,236
0.1,0.3,00,5.5,F070W-F200W,5,0.18181818181817633,178
0.1,0.3,00,5.5,F070W-F200W,6,0.33655000000000257,241
0.1,0.3,00,6.0,H-R,1,0.15828348484731958,326
0.1,0.3,00,6.0,H-R,2,0.14068837844843407,239
0.1,0.3,00,6.0,H-R,3,0.12854162794875856,204
0.1,0.3,00,6.0,H-R,4,0.10976704202342646,132
0.1,0.3,00,6.0,H-R,5,0.08671542885671124,110
0.1,0.3,00,6.0,H-R,6,0.08789283621401411,65
0.1,0.3,00,6.0,F070W-F200W,1,0.3256875000000008,130
0.1,0.3,00,6.0,F070W-F200W,2,0.3569607843137277,206
0.1,0.3,00,6.0,F070W-F200W,3,0.3644310344827577,234
0.1,0.3,00,6.0,F070W-F200W,4,0.36299999999999955,245
0.1,0.3,00,6.0,F070W-F200W,5,0.16024999999999778,176
0.1,0.3,00,6.0,F070W-F200W,6,0.34650877192982144,228
0.1,0.3,00,6.5,H-R,1,0.15835225071175185,346
0.1,0.3,00,6.5,H-R,2,0.1413701374058649,245
0.1,0.3,00,6.5,H-R,3,0.12901059913740487,207
0.1,0.3,00,6.5,H-R,4,0.11239825682017757,137
0.1,0.3,00,6.5,H-R,5,0.08186318896367994,105
0.1,0.3,00,6.5,H-R,6,0.08567939982030948,68
0.1,0.3,00,6.5,F070W-F200W,1,0.323382352941179,138
0.1,0.3,00,6.5,F070W-F200W,2,0.35788888888888515,219
0.1,0.3,00,6.5,F070W-F200W,3,0.3502372881355935,237
0.1,0.3,00,6.5,F070W-F200W,4,0.3595967741935482,251
0.1,0.3,00,6.5,F070W-F200W,5,0.1680416666666673,192
0.1,0.3,00,6.5,F070W-F200W,6,0.31028846153846246,209
0.1,0.3,00,7.0,H-R,1,0.16139151183149036,357
0.1,0.3,00,7.0,H-R,2,0.1421094423073559,243
0.1,0.3,00,7.0,H-R,3,0.13386801256264946,215
0.1,0.3,00,7.0,H-R,4,0.11481381639697741,137
0.1,0.3,00,7.0,H-R,5,0.08383428276280114,110
0.1,0.3,00,7.0,H-R,6,0.08684640143550015,67
0.1,0.3,00,7.0,F070W-F200W,1,0.34254054054053995,151
0.1,0.3,00,7.0,F070W-F200W,2,0.3467222222222208,216
0.1,0.3,00,7.0,F070W-F200W,3,0.361083333333335,242
0.1,0.3,00,7.0,F070W-F200W,4,0.35260000000000247,243
0.1,0.3,00,7.0,F070W-F200W,5,0.2096428571428568,227
0.1,0.3,00,7.0,F070W-F200W,6,0.28493333333333304,180
0.1,0.3,00,7.5,H-R,1,0.1659751277249395,363
0.1,0.3,00,7.5,H-R,2,0.13773407031952045,240
0.1,0.3,00,7.5,H-R,3,0.1355129139228186,222
0.1,0.3,00,7.5,H-R,4,0.11685938046073963,141
0.1,0.3,00,7.5,H-R,5,0.08444562284312995,113
0.1,0.3,00,7.5,H-R,6,0.06944265054393506,60
0.1,0.3,00,7.5,F070W-F200W,1,0.34192307692307544,158
0.1,0.3,00,7.5,F070W-F200W,2,0.34446428571428456,224
0.1,0.3,00,7.5,F070W-F200W,3,0.35260000000000424,241
0.1,0.3,00,7.5,F070W-F200W,4,0.34611864406779347,238
0.1,0.3,00,7.5,F070W-F200W,5,0.23472881355932174,238
0.1,0.3,00,7.5,F070W-F200W,6,0.2681219512195092,166
0.1,0.3,00,8.0,H-R,1,0.16453340596054322,363
0.1,0.3,00,8.0,H-R,2,0.13804078992891666,243
0.1,0.3,00,8.0,H-R,3,0.13716056369377183,227
0.1,0.3,00,8.0,H-R,4,0.1126090936865376,139
0.1,0.3,00,8.0,H-R,5,0.08470414772356905,115
0.1,0.3,00,8.0,H-R,6,0.06641003703633808,62
0.1,0.3,00,8.0,F070W-F200W,1,0.3332999999999977,163
0.1,0.3,00,8.0,F070W-F200W,2,0.33769642857142657,227
0.1,0.3,00,8.0,F070W-F200W,3,0.341934426229507,244
0.1,0.3,00,8.0,F070W-F200W,4,0.3284745762711889,236
0.1,0.3,00,8.0,F070W-F200W,5,0.2359830508474552,238
0.1,0.3,00,8.0,F070W-F200W,6,0.23807894736842528,155
0.1,0.3,00,8.5,H-R,1,0.1656469786259933,362
0.1,0.3,00,8.5,H-R,2,0.1406817318943827,248
0.1,0.3,00,8.5,H-R,3,0.13691771168766542,226
0.1,0.3,00,8.5,H-R,4,0.11806693811162505,144
0.1,0.3,00,8.5,H-R,5,0.0860129837846284,117
0.1,0.3,00,8.5,H-R,6,0.050884239111054996,61
0.1,0.3,00,8.5,F070W-F200W,1,0.3354390243902454,166
0.1,0.3,00,8.5,F070W-F200W,2,0.3368392857142837,226
0.1,0.3,00,8.5,F070W-F200W,3,0.35513114754098574,247
0.1,0.3,00,8.5,F070W-F200W,4,0.33152542372881477,238
0.1,0.3,00,8.5,F070W-F200W,5,0.24054385964912406,229
0.1,0.3,00,8.5,F070W-F200W,6,0.24384210526315542,153
0.1,0.3,00,9.0,H-R,1,0.16795158492830153,362
0.1,0.3,00,9.0,H-R,2,0.14252277635383415,250
0.1,0.3,00,9.0,H-R,3,0.13536529341362735,225
0.1,0.3,00,9.0,H-R,4,0.12052405599938121,149
0.1,0.3,00,9.0,H-R,5,0.08429346509844726,116
0.1,0.3,00,9.0,H-R,6,0.045040566336283616,60
0.1,0.3,00,9.0,F070W-F200W,1,0.3367380952380934,170
0.1,0.3,00,9.0,F070W-F200W,2,0.33089090909090935,223
0.1,0.3,00,9.0,F070W-F200W,3,0.3708769230769242,261
0.1,0.3,00,9.0,F070W-F200W,4,0.31463157894736504,231
0.1,0.3,00,9.0,F070W-F200W,5,0.24185185185185354,219
0.1,0.3,00,9.0,F070W-F200W,6,0.2400263157894713,152
0.1,0.3,00,9.5,H-R,1,0.17161213858828472,365
0.1,0.3,00,9.5,H-R,2,0.14278011707248783,250
0.1,0.3,00,9.5,H-R,3,0.13629990158930982,226
0.1,0.3,00,9.5,H-R,4,0.12276948339253657,150
0.1,0.3,00,9.5,H-R,5,0.08475365497874998,116
0.1,0.3,00,9.5,H-R,6,0.04797928401573026,61
0.1,0.3,00,9.5,F070W-F200W,1,0.34390909090909183,176
0.1,0.3,00,9.5,F070W-F200W,2,0.34159649122807245,228
0.1,0.3,00,9.5,F070W-F200W,3,0.3715156249999989,259
0.1,0.3,00,9.5,F070W-F200W,4,0.30746551724137916,232
0.1,0.3,00,9.5,F070W-F200W,5,0.24556603773585195,213
0.1,0.3,00,9.5,F070W-F200W,6,0.2333611111111118,145
0.1,0.3,00,10.0,H-R,1,0.17184335821779717,361
0.1,0.3,00,10.0,H-R,2,0.14335440413118006,252
0.1,0.3,00,10.0,H-R,3,0.13484801167856908,225
0.1,0.3,00,10.0,H-R,4,0.12221311395882317,153
0.1,0.3,00,10.0,H-R,5,0.08393067266901788,116
0.1,0.3,00,10.0,H-R,6,0.049114389456554663,65
0.1,0.3,00,10.0,F070W-F200W,1,0.3448444444444476,183
0.1,0.3,00,10.0,F070W-F200W,2,0.3419649122807016,230
0.1,0.3,00,10.0,F070W-F200W,3,0.36887692307692177,260
0.1,0.3,00,10.0,F070W-F200W,4,0.2826851851851817,219
0.1,0.3,00,10.0,F070W-F200W,5,0.2435961538461573,211
0.1,0.3,00,10.0,F070W-F200W,6,0.22680000000000256,141
0.1,0.3,00,10.5,H-R,1,0.172559383788508,360
0.1,0.3,00,10.5,H-R,2,0.14490647578428795,254
0.1,0.3,00,10.5,H-R,3,0.1365642380446479,227
0.1,0.3,00,10.5,H-R,4,0.12382308819178411,155
0.1,0.3,00,10.5,H-R,5,0.0818007550122537,114
0.1,0.3,00,10.5,H-R,6,0.04945029840031645,70
0.1,0.3,00,10.5,F070W-F200W,1,0.35648936170212586,191
0.1,0.3,00,10.5,F070W-F200W,2,0.34343859649122876,230
0.1,0.3,00,10.5,F070W-F200W,3,0.3683281249999997,258
0.1,0.3,00,10.5,F070W-F200W,4,0.2745000000000033,216
0.1,0.3,00,10.5,F070W-F200W,5,0.24174509803921929,206
0.1,0.3,00,10.5,F070W-F200W,6,0.22660000000000124,143
0.1,0.3,00,11.0,H-R,1,0.1729755826879078,357
0.1,0.3,00,11.0,H-R,2,0.1489881730411935,259
0.1,0.3,00,11.0,H-R,3,0.13366090819118615,223
0.1,0.3,00,11.0,H-R,4,0.12468886647791866,158
0.1,0.3,00,11.0,H-R,5,0.08230698119923763,114
0.1,0.3,00,11.0,H-R,6,0.050065669395262136,71
0.1,0.3,00,11.0,F070W-F200W,1,0.3514042553191512,190
0.1,0.3,00,11.0,F070W-F200W,2,0.3514655172413814,234
0.1,0.3,00,11.0,F070W-F200W,3,0.362562500000001,256
0.1,0.3,00,11.0,F070W-F200W,4,0.26623076923076816,211
0.1,0.3,00,11.0,F070W-F200W,5,0.2446078431372527,205
0.1,0.3,00,11.0,F070W-F200W,6,0.22568571428571538,140
0.1,0.3,00,11.5,H-R,1,0.1727054513754014,354
0.1,0.3,00,11.5,H-R,2,0.15028321298405012,262
0.1,0.3,00,11.5,H-R,3,0.13356295426475961,224
0.1,0.3,00,11.5,H-R,4,0.12528889231258455,159
0.1,0.3,00,11.5,H-R,5,0.08277838419979666,115
0.1,0.3,00,11.5,H-R,6,0.05097188165656297,71
0.1,0.3,00,11.5,F070W-F200W,1,0.3602857142857143,196
0.1,0.3,00,11.5,F070W-F200W,2,0.34354385964912026,230
0.1,0.3,00,11.5,F070W-F200W,3,0.36915384615384816,262
0.1,0.3,00,11.5,F070W-F200W,4,0.24906000000000184,202
0.1,0.3,00,11.5,F070W-F200W,5,0.24763999999999875,202
0.1,0.3,00,11.5,F070W-F200W,6,0.22694117647058754,137
0.1,0.3,00,12.0,H-R,1,0.17359667386321953,353
0.1,0.3,00,12.0,H-R,2,0.150181291131384,262
0.1,0.3,00,12.0,H-R,3,0.1355052145711293,226
0.1,0.3,00,12.0,H-R,4,0.12529673826345644,159
0.1,0.3,00,12.0,H-R,5,0.08239498332544026,115
0.1,0.3,00,12.0,H-R,6,0.05115526517643443,71
0.1,0.3,00,12.0,F070W-F200W,1,0.37249019607842904,205
0.1,0.3,00,12.0,F070W-F200W,2,0.33069642857142867,225
0.1,0.3,00,12.0,F070W-F200W,3,0.365234375,259
0.1,0.3,00,12.0,F070W-F200W,4,0.251100000000001,203
0.1,0.3,00,12.0,F070W-F200W,5,0.24767346938775958,199
0.1,0.3,00,12.0,F070W-F200W,6,0.22293939393939333,135
0.1,0.3,00,12.5,H-R,1,0.1745141116612301,351
0.1,0.3,00,12.5,H-R,2,0.151400479156365,263
0.1,0.3,00,12.5,H-R,3,0.13515355294830655,225
0.1,0.3,00,12.5,H-R,4,0.12649280180598943,161
0.1,0.3,00,12.5,H-R,5,0.08217581826631881,115
0.1,0.3,00,12.5,H-R,6,0.049809882550883255,72
0.1,0.3,00,12.5,F070W-F200W,1,0.3755192307692301,209
0.1,0.3,00,12.5,F070W-F200W,2,0.3329107142857133,225
0.1,0.3,00,12.5,F070W-F200W,3,0.3656562499999989,257
0.1,0.3,00,12.5,F070W-F200W,4,0.24537999999999727,201
0.1,0.3,00,12.5,F070W-F200W,5,0.24197916666666686,193
0.1,0.3,00,12.5,F070W-F200W,6,0.22308823529411903,137
0.1,0.3,00,13.0,H-R,1,0.17457949020809593,347
0.1,0.3,00,13.0,H-R,2,0.15161037503938646,263
0.1,0.3,00,13.0,H-R,3,0.1372300881361017,227
0.1,0.3,00,13.0,H-R,4,0.124519341776131,161
0.1,0.3,00,13.0,H-R,5,0.08115830007032465,116
0.1,0.3,00,13.0,H-R,6,0.04941402365473979,73
0.1,0.3,00,13.0,F070W-F200W,1,0.6668113207547162,215
0.1,0.3,00,13.0,F070W-F200W,2,0.3240727272727284,223
0.1,0.3,00,13.0,F070W-F200W,3,0.3654126984126993,255
0.1,0.3,00,13.0,F070W-F200W,4,0.23412000000000077,200
0.1,0.3,00,13.0,F070W-F200W,5,0.2327173913043481,187
0.1,0.3,00,13.0,F070W-F200W,6,0.21872727272727488,135
0.1,0.3,00,13.5,H-R,1,0.1742839253178139,346
0.1,0.3,00,13.5,H-R,2,0.15296091914424714,265
0.1,0.3,00,13.5,H-R,3,0.1368337843445231,225
0.1,0.3,00,13.5,H-R,4,0.12637947341338895,162
0.1,0.3,00,13.5,H-R,5,0.08113177963370899,116
0.1,0.3,00,13.5,H-R,6,0.04977153719066307,73
0.1,0.3,00,13.5,F070W-F200W,1,0.38133333333333574,217
0.1,0.3,00,13.5,F070W-F200W,2,0.32941071428571433,224
0.1,0.3,00,13.5,F070W-F200W,3,0.37635937499999983,258
0.1,0.3,00,13.5,F070W-F200W,4,0.22319148936169775,190
0.1,0.3,00,13.5,F070W-F200W,5,0.2359361702127618,189
0.1,0.3,00,13.5,F070W-F200W,6,0.22333333333333094,134
0.1,0.3,00,14.0,H-R,1,0.1746619524282258,344
0.1,0.3,00,14.0,H-R,2,0.15326018972948408,264
0.1,0.3,00,14.0,H-R,3,0.13707531939321482,224
0.1,0.3,00,14.0,H-R,4,0.1290270006379557,165
0.1,0.3,00,14.0,H-R,5,0.08111148824319092,116
0.1,0.3,00,14.0,H-R,6,0.052160951539328204,74
0.1,0.3,00,14.0,F070W-F200W,1,0.3962142857142865,225
0.1,0.3,00,14.0,F070W-F200W,2,0.3262592592592579,217
0.1,0.3,00,14.0,F070W-F200W,3,0.3814153846153854,260
0.1,0.3,00,14.0,F070W-F200W,4,0.2140217391304322,185
0.1,0.3,00,14.0,F070W-F200W,5,0.23865957446808928,189
0.1,0.3,00,14.0,F070W-F200W,6,0.2203437500000014,130
0.1,0.3,00,14.5,H-R,1,0.17532488110179667,342
0.1,0.3,00,14.5,H-R,2,0.1533825227347092,265
0.1,0.3,00,14.5,H-R,3,0.1347109668631843,222
0.1,0.3,00,14.5,H-R,4,0.12547281002594612,164
0.1,0.3,00,14.5,H-R,5,0.08433884155655647,121
0.1,0.3,00,14.5,H-R,6,0.05171178733658821,76
0.1,0.3,00,14.5,F070W-F200W,1,0.3936666666666664,228
0.1,0.3,00,14.5,F070W-F200W,2,0.3214339622641518,214
0.1,0.3,00,14.5,F070W-F200W,3,0.3727936507936551,254
0.1,0.3,00,14.5,F070W-F200W,4,0.20775555555555592,183
0.1,0.3,00,14.5,F070W-F200W,5,0.23476086956521414,187
0.1,0.3,00,14.5,F070W-F200W,6,0.21443750000000072,128
0.1,0.3,00,15.0,H-R,1,0.1748267828661092,340
0.1,0.3,00,15.0,H-R,2,0.155605435306716,267
0.1,0.3,00,15.0,H-R,3,0.13315779431350827,219
0.1,0.3,00,15.0,H-R,4,0.12753906055170883,166
0.1,0.3,00,15.0,H-R,5,0.08537794692153833,122
0.1,0.3,00,15.0,H-R,6,0.05447883666227926,78
0.1,0.3,00,15.0,F070W-F200W,1,0.3957192982456128,230
0.1,0.3,00,15.0,F070W-F200W,2,0.32975471698113346,215
0.1,0.3,00,15.0,F070W-F200W,3,0.3735161290322573,251
0.1,0.3,00,15.0,F070W-F200W,4,0.1963999999999988,180
0.1,0.3,00,15.0,F070W-F200W,5,0.23026666666666884,183
0.1,0.3,00,15.0,F070W-F200W,6,0.21550000000000047,129
0.1,0.3,00,15.5,H-R,1,0.1747635350375003,338
0.1,0.3,00,15.5,H-R,2,0.15608392244539582,268
0.1,0.3,00,15.5,H-R,3,0.13053967568785807,216
0.1,0.3,00,15.5,H-R,4,0.1276186887591475,168
0.1,0.3,00,15.5,H-R,5,0.08620718890985346,123
0.1,0.3,00,15.5,H-R,6,0.0533820474666169,78
0.1,0.3,00,15.5,F070W-F200W,1,0.3968275862068964,233
0.1,0.3,00,15.5,F070W-F200W,2,0.3278679245283005,213
0.1,0.3,00,15.5,F070W-F200W,3,0.3664426229508191,245
0.1,0.3,00,15.5,F070W-F200W,4,0.19337777777777454,180
0.1,0.3,00,15.5,F070W-F200W,5,0.2317333333333309,183
0.1,0.3,00,15.5,F070W-F200W,6,0.20596774193547773,124
0.1,0.3,00,16.0,H-R,1,0.17572007439047588,338
0.1,0.3,00,16.0,H-R,2,0.15514803259167875,266
0.1,0.3,00,16.0,H-R,3,0.13087221788268089,215
0.1,0.3,00,16.0,H-R,4,0.12960504148349972,170
0.1,0.3,00,16.0,H-R,5,0.08588707111504568,123
0.1,0.3,00,16.0,H-R,6,0.05381116244145079,79
0.1,0.3,00,16.0,F070W-F200W,1,0.40122033898305176,236
0.1,0.3,00,16.0,F070W-F200W,2,0.33099999999999774,214
0.1,0.3,00,16.0,F070W-F200W,3,0.3624000000000027,241
0.1,0.3,00,16.0,F070W-F200W,4,0.19211363636363643,179
0.1,0.3,00,16.0,F070W-F200W,5,0.22642222222222408,180
0.1,0.3,00,16.0,F070W-F200W,6,0.20883870967741913,124
0.1,0.3,00,16.5,H-R,1,0.17601477963586465,336
0.1,0.3,00,16.5,H-R,2,0.1551377691441973,265
0.1,0.3,00,16.5,H-R,3,0.12961549358999513,213
0.1,0.3,00,16.5,H-R,4,0.13140696965040832,171
0.1,0.3,00,16.5,H-R,5,0.0888412670380132,125
0.1,0.3,00,16.5,H-R,6,0.054682090423689544,81
0.1,0.3,00,16.5,F070W-F200W,1,0.40427118644068294,239
0.1,0.3,00,16.5,F070W-F200W,2,0.32984615384615523,211
0.1,0.3,00,16.5,F070W-F200W,3,0.35591379310344706,235
0.1,0.3,00,16.5,F070W-F200W,4,0.19615909090909156,178
0.1,0.3,00,16.5,F070W-F200W,5,0.2326444444444391,182
0.1,0.3,00,16.5,F070W-F200W,6,0.21009999999999707,123
0.1,0.3,00,17.0,H-R,1,0.1752055330642055,334
0.1,0.3,00,17.0,H-R,2,0.15439974082182006,264
0.1,0.3,00,17.0,H-R,3,0.12933933547199628,213
0.1,0.3,00,17.0,H-R,4,0.12963766746111283,172
0.1,0.3,00,17.0,H-R,5,0.09203827913266971,130
0.1,0.3,00,17.0,H-R,6,0.05481698618765862,81
0.1,0.3,00,17.0,F070W-F200W,1,0.40860000000000163,243
0.1,0.3,00,17.0,F070W-F200W,2,0.32598076923076924,211
0.1,0.3,00,17.0,F070W-F200W,3,0.34791228070175784,231
0.1,0.3,00,17.0,F070W-F200W,4,0.19411363636363888,179
0.1,0.3,00,17.0,F070W-F200W,5,0.22931818181818464,179
0.1,0.3,00,17.0,F070W-F200W,6,0.20939999999999515,122
0.1,0.3,00,17.5,H-R,1,0.17500276228989486,333
0.1,0.3,00,17.5,H-R,2,0.15447821613003376,263
0.1,0.3,00,17.5,H-R,3,0.12794618172143868,211
0.1,0.3,00,17.5,H-R,4,0.13044254406384637,174
0.1,0.3,00,17.5,H-R,5,0.09324276243164276,132
0.1,0.3,00,17.5,H-R,6,0.05494247983589062,81
0.1,0.3,00,17.5,F070W-F200W,1,0.41183606557377317,247
0.1,0.3,00,17.5,F070W-F200W,2,0.31331372549019143,206
0.1,0.3,00,17.5,F070W-F200W,3,0.34912280701754206,231
0.1,0.3,00,17.5,F070W-F200W,4,0.19150000000000134,179
0.1,0.3,00,17.5,F070W-F200W,5,0.2236136363636394,176
0.1,0.3,00,17.5,F070W-F200W,6,0.20886666666666542,122
0.1,0.3,00,18.0,H-R,1,0.17502669348607536,332
0.1,0.3,00,18.0,H-R,2,0.15313424298005662,261
0.1,0.3,00,18.0,H-R,3,0.1302419026713022,214
0.1,0.3,00,18.0,H-R,4,0.12852057472919753,171
0.1,0.3,00,18.0,H-R,5,0.09662885417347988,136
0.1,0.3,00,18.0,H-R,6,0.05724529287576274,82
0.1,0.3,00,18.0,F070W-F200W,1,0.41218032786885495,247
0.1,0.3,00,18.0,F070W-F200W,2,0.31292156862744847,206
0.1,0.3,00,18.0,F070W-F200W,3,0.3517241379310363,232
0.1,0.3,00,18.0,F070W-F200W,4,0.1860930232558129,173
0.1,0.3,00,18.0,F070W-F200W,5,0.22497727272727275,176
0.1,0.3,00,18.0,F070W-F200W,6,0.2124333333333297,121
0.1,0.3,00,18.5,H-R,1,0.17282951157624882,326
0.1,0.3,00,18.5,H-R,2,0.15653313242252298,266
0.1,0.3,00,18.5,H-R,3,0.12895879479862216,212
0.1,0.3,00,18.5,H-R,4,0.12678485955289442,169
0.1,0.3,00,18.5,H-R,5,0.10056887775492052,140
0.1,0.3,00,18.5,H-R,6,0.05893604471561886,83
0.1,0.3,00,18.5,F070W-F200W,1,0.40149999999999864,241
0.1,0.3,00,18.5,F070W-F200W,2,0.3121153846153817,211
0.1,0.3,00,18.5,F070W-F200W,3,0.3448596491228102,228
0.1,0.3,00,18.5,F070W-F200W,4,0.17641463414634195,166
0.1,0.3,00,18.5,F070W-F200W,5,0.2290454545454601,178
0.1,0.3,00,18.5,F070W-F200W,6,0.21127586206896787,119
0.1,0.3,00,19.0,H-R,1,0.17132786449069481,324
0.1,0.3,00,19.0,H-R,2,0.1563696630851581,266
0.1,0.3,00,19.0,H-R,3,0.12859770781046986,210
0.1,0.3,00,19.0,H-R,4,0.12853419575298353,171
0.1,0.3,00,19.0,H-R,5,0.10279886120818316,143
0.1,0.3,00,19.0,H-R,6,0.05782453124295195,83
0.1,0.3,00,19.0,F070W-F200W,1,0.39472881355932365,239
0.1,0.3,00,19.0,F070W-F200W,2,0.3020192307692309,208
0.1,0.3,00,19.0,F070W-F200W,3,0.34610526315789336,228
0.1,0.3,00,19.0,F070W-F200W,4,0.17424390243902543,165
0.1,0.3,00,19.0,F070W-F200W,5,0.22690697674418558,175
0.1,0.3,00,19.0,F070W-F200W,6,0.2094333333333367,122
0.1,0.3,00,19.5,H-R,1,0.1708406521473511,322
0.1,0.3,00,19.5,H-R,2,0.1554693151162796,265
0.1,0.3,00,19.5,H-R,3,0.12944395554458166,211
0.1,0.3,00,19.5,H-R,4,0.12819247308104909,171
0.1,0.3,00,19.5,H-R,5,0.10361070141014972,145
0.1,0.3,00,19.5,H-R,6,0.05554938380836383,84
0.1,0.3,00,19.5,F070W-F200W,1,0.3898644067796617,238
0.1,0.3,00,19.5,F070W-F200W,2,0.2998846153846113,208
0.1,0.3,00,19.5,F070W-F200W,3,0.3407499999999981,224
0.1,0.3,00,19.5,F070W-F200W,4,0.17560975609755936,166
0.1,0.3,00,19.5,F070W-F200W,5,0.22376744186047048,173
0.1,0.3,00,19.5,F070W-F200W,6,0.20766666666667177,120
0.1,0.3,00,20.0,H-R,1,0.16989732773972022,308
0.1,0.3,00,20.0,H-R,2,0.15663223953203764,248
0.1,0.3,00,20.0,H-R,3,0.12876316817550837,202
0.1,0.3,00,20.0,H-R,4,0.12643898828153954,157
0.1,0.3,00,20.0,H-R,5,0.10488645864613799,143
0.1,0.3,00,20.0,H-R,6,0.05576236208486951,81
0.1,0.3,00,20.0,F070W-F200W,1,0.37570909090909765,221
0.1,0.3,00,20.0,F070W-F200W,2,0.2911276595744656,190
0.1,0.3,00,20.0,F070W-F200W,3,0.3514999999999979,218
0.1,0.3,00,20.0,F070W-F200W,4,0.16899999999999515,154
0.1,0.3,00,20.0,F070W-F200W,5,0.2224390243902441,166
0.1,0.3,00,20.0,F070W-F200W,6,0.20292307692307787,105
0.1,1.0,00,1.0,H-R,1,0.13461323806778613,178
0.1,1.0,00,1.0,H-R,2,0.09019304739876888,144
0.1,1.0,00,1.0,H-R,3,0.06801497544901491,149
0.1,1.0,00,1.0,H-R,4,0.06548775469841028,113
0.1,1.0,00,1.0,H-R,5,0.06227651945518736,94
0.1,1.0,00,1.0,H-R,6,0.061123549824328605,67
0.1,1.0,00,1.0,F070W-F200W,1,0.12746666666666684,60
0.1,1.0,00,1.0,F070W-F200W,2,0.12505555555555148,74
0.1,1.0,00,1.0,F070W-F200W,3,0.14717391304348126,93
0.1,1.0,00,1.0,F070W-F200W,4,0.2232553191489366,189
0.1,1.0,00,1.0,F070W-F200W,5,0.31106818181817886,178
0.1,1.0,00,1.0,F070W-F200W,6,0.29037837837837976,151
0.1,1.0,00,1.5,H-R,1,0.1172165447797312,195
0.1,1.0,00,1.5,H-R,2,0.09222738937075137,151
0.1,1.0,00,1.5,H-R,3,0.10419900002771554,152
0.1,1.0,00,1.5,H-R,4,0.0828481489700178,103
0.1,1.0,00,1.5,H-R,5,0.07901289388864607,95
0.1,1.0,00,1.5,H-R,6,0.07697082261364158,69
0.1,1.0,00,1.5,F070W-F200W,1,0.19272222222222268,73
0.1,1.0,00,1.5,F070W-F200W,2,0.20199999999999996,78
0.1,1.0,00,1.5,F070W-F200W,3,0.27009090909090716,132
0.1,1.0,00,1.5,F070W-F200W,4,0.3685000000000027,184
0.1,1.0,00,1.5,F070W-F200W,5,0.2808749999999982,161
0.1,1.0,00,1.5,F070W-F200W,6,0.2810952380952383,169
0.1,1.0,00,2.0,H-R,1,0.11038286247361473,233
0.1,1.0,00,2.0,H-R,2,0.08012950004469577,166
0.1,1.0,00,2.0,H-R,3,0.09756191567557682,150
0.1,1.0,00,2.0,H-R,4,0.07250613327998812,96
0.1,1.0,00,2.0,H-R,5,0.07360388667433626,102
0.1,1.0,00,2.0,H-R,6,0.06693594139710946,64
0.1,1.0,00,2.0,F070W-F200W,1,0.19128571428571384,86
0.1,1.0,00,2.0,F070W-F200W,2,0.2010909090909081,89
0.1,1.0,00,2.0,F070W-F200W,3,0.2729024390243904,164
0.1,1.0,00,2.0,F070W-F200W,4,0.2362926829268286,167
0.1,1.0,00,2.0,F070W-F200W,5,0.20541025641025357,159
0.1,1.0,00,2.0,F070W-F200W,6,0.23032653061224373,196
0.1,1.0,00,2.5,H-R,1,0.1270179188260081,267
0.1,1.0,00,2.5,H-R,2,0.08489357986601287,177
0.1,1.0,00,2.5,H-R,3,0.09738652401660775,152
0.1,1.0,00,2.5,H-R,4,0.06957556813529875,91
0.1,1.0,00,2.5,H-R,5,0.07579053748487818,108
0.1,1.0,00,2.5,H-R,6,0.05662424323861326,55
0.1,1.0,00,2.5,F070W-F200W,1,0.18665217391303912,93
0.1,1.0,00,2.5,F070W-F200W,2,0.23488888888888582,109
0.1,1.0,00,2.5,F070W-F200W,3,0.2896190476190501,171
0.1,1.0,00,2.5,F070W-F200W,4,0.2161818181818198,176
0.1,1.0,00,2.5,F070W-F200W,5,0.2111395348837224,174
0.1,1.0,00,2.5,F070W-F200W,6,0.1634565217391284,187
0.1,1.0,00,3.0,H-R,1,0.14701572820047693,300
0.1,1.0,00,3.0,H-R,2,0.09714855655234733,193
0.1,1.0,00,3.0,H-R,3,0.09684294657965997,153
0.1,1.0,00,3.0,H-R,4,0.07516661981582906,97
0.1,1.0,00,3.0,H-R,5,0.0782419511315523,105
0.1,1.0,00,3.0,H-R,6,0.04987954452822185,49
0.1,1.0,00,3.0,F070W-F200W,1,0.20157692307692265,105
0.1,1.0,00,3.0,F070W-F200W,2,0.23870000000000324,120
0.1,1.0,00,3.0,F070W-F200W,3,0.27317073170732087,166
0.1,1.0,00,3.0,F070W-F200W,4,0.2488000000000028,200
0.1,1.0,00,3.0,F070W-F200W,5,0.2596399999999992,203
0.1,1.0,00,3.0,F070W-F200W,6,0.11918421052631345,153
0.1,1.0,00,3.5,H-R,1,0.15284914822660123,303
0.1,1.0,00,3.5,H-R,2,0.10081308578952952,198
0.1,1.0,00,3.5,H-R,3,0.10213768699600312,162
0.1,1.0,00,3.5,H-R,4,0.08120312648137129,103
0.1,1.0,00,3.5,H-R,5,0.0772988377707664,100
0.1,1.0,00,3.5,H-R,6,0.06503313202112271,48
0.1,1.0,00,3.5,F070W-F200W,1,0.21457142857142664,113
0.1,1.0,00,3.5,F070W-F200W,2,0.25031249999999794,131
0.1,1.0,00,3.5,F070W-F200W,3,0.3102222222222224,183
0.1,1.0,00,3.5,F070W-F200W,4,0.2818867924528341,214
0.1,1.0,00,3.5,F070W-F200W,5,0.26741176470588,206
0.1,1.0,00,3.5,F070W-F200W,6,0.09729999999999883,163
0.1,1.0,00,4.0,H-R,1,0.16121083728501717,316
0.1,1.0,00,4.0,H-R,2,0.10401224730154701,201
0.1,1.0,00,4.0,H-R,3,0.10628420782322312,172
0.1,1.0,00,4.0,H-R,4,0.08840492910116493,113
0.1,1.0,00,4.0,H-R,5,0.08204770504933001,98
0.1,1.0,00,4.0,H-R,6,0.08216141830135848,47
0.1,1.0,00,4.0,F070W-F200W,1,0.23390000000000022,122
0.1,1.0,00,4.0,F070W-F200W,2,0.26327777777777683,146
0.1,1.0,00,4.0,F070W-F200W,3,0.31948000000000043,200
0.1,1.0,00,4.0,F070W-F200W,4,0.28898113207547205,213
0.1,1.0,00,4.0,F070W-F200W,5,0.2460599999999964,200
0.1,1.0,00,4.0,F070W-F200W,6,0.14373584905660408,212
0.1,1.0,00,4.5,H-R,1,0.16428292786337795,320
0.1,1.0,00,4.5,H-R,2,0.10792465686016306,206
0.1,1.0,00,4.5,H-R,3,0.10825440539605324,178
0.1,1.0,00,4.5,H-R,4,0.09178696739575842,120
0.1,1.0,00,4.5,H-R,5,0.08639468828516739,99
0.1,1.0,00,4.5,H-R,6,0.09206090746158735,48
0.1,1.0,00,4.5,F070W-F200W,1,0.2521818181818176,132
0.1,1.0,00,4.5,F070W-F200W,2,0.2739302325581452,172
0.1,1.0,00,4.5,F070W-F200W,3,0.30382352941176194,206
0.1,1.0,00,4.5,F070W-F200W,4,0.2887547169811331,212
0.1,1.0,00,4.5,F070W-F200W,5,0.1855454545454549,179
0.1,1.0,00,4.5,F070W-F200W,6,0.20164912280701763,230
0.1,1.0,00,5.0,H-R,1,0.15880631720414984,314
0.1,1.0,00,5.0,H-R,2,0.1232763185007737,226
0.1,1.0,00,5.0,H-R,3,0.11177265409927917,185
0.1,1.0,00,5.0,H-R,4,0.0959527870213106,126
0.1,1.0,00,5.0,H-R,5,0.08896735906979514,99
0.1,1.0,00,5.0,H-R,6,0.09055763778780268,46
0.1,1.0,00,5.0,F070W-F200W,1,0.2689117647058836,139
0.1,1.0,00,5.0,F070W-F200W,2,0.2965833333333343,192
0.1,1.0,00,5.0,F070W-F200W,3,0.2919423076923078,208
0.1,1.0,00,5.0,F070W-F200W,4,0.3152807017543875,228
0.1,1.0,00,5.0,F070W-F200W,5,0.11956097560975287,165
0.1,1.0,00,5.0,F070W-F200W,6,0.2724999999999991,250
0.1,1.0,00,5.5,H-R,1,0.14769975893137088,305
0.1,1.0,00,5.5,H-R,2,0.13669865343087784,246
0.1,1.0,00,5.5,H-R,3,0.11527253434602569,192
0.1,1.0,00,5.5,H-R,4,0.10125333195507658,136
0.1,1.0,00,5.5,H-R,5,0.0860429706939646,95
0.1,1.0,00,5.5,H-R,6,0.08744631005217895,44
0.1,1.0,00,5.5,F070W-F200W,1,0.2713142857142863,143
0.1,1.0,00,5.5,F070W-F200W,2,0.32816981132075185,215
0.1,1.0,00,5.5,F070W-F200W,3,0.285153846153845,210
0.1,1.0,00,5.5,F070W-F200W,4,0.3402622950819687,244
0.1,1.0,00,5.5,F070W-F200W,5,0.07778378378378115,148
0.1,1.0,00,5.5,F070W-F200W,6,0.2777096774193559,251
0.1,1.0,00,6.0,H-R,1,0.1483047827568882,309
0.1,1.0,00,6.0,H-R,2,0.14100366419219368,253
0.1,1.0,00,6.0,H-R,3,0.11809016269105976,195
0.1,1.0,00,6.0,H-R,4,0.1029735709832329,138
0.1,1.0,00,6.0,H-R,5,0.08629086027751864,95
0.1,1.0,00,6.0,H-R,6,0.0853026593634506,44
0.1,1.0,00,6.0,F070W-F200W,1,0.28110810810810527,148
0.1,1.0,00,6.0,F070W-F200W,2,0.32188679245282437,213
0.1,1.0,00,6.0,F070W-F200W,3,0.3193333333333346,230
0.1,1.0,00,6.0,F070W-F200W,4,0.3499508196721308,246
0.1,1.0,00,6.0,F070W-F200W,5,0.11960975609756375,166
0.1,1.0,00,6.0,F070W-F200W,6,0.26033928571428433,226
0.1,1.0,00,6.5,H-R,1,0.154477248457344,327
0.1,1.0,00,6.5,H-R,2,0.14288205943375454,254
0.1,1.0,00,6.5,H-R,3,0.11889548665782201,196
0.1,1.0,00,6.5,H-R,4,0.10706580465210314,144
0.1,1.0,00,6.5,H-R,5,0.08345551560188313,91
0.1,1.0,00,6.5,H-R,6,0.08415533399110797,44
0.1,1.0,00,6.5,F070W-F200W,1,0.3013500000000011,160
0.1,1.0,00,6.5,F070W-F200W,2,0.30864705882352794,205
0.1,1.0,00,6.5,F070W-F200W,3,0.3470983606557372,247
0.1,1.0,00,6.5,F070W-F200W,4,0.3316491228070184,230
0.1,1.0,00,6.5,F070W-F200W,5,0.1856153846153834,211
0.1,1.0,00,6.5,F070W-F200W,6,0.23306382978723583,188
0.1,1.0,00,7.0,H-R,1,0.16063474061072402,337
0.1,1.0,00,7.0,H-R,2,0.14204128340275002,250
0.1,1.0,00,7.0,H-R,3,0.12567605601190968,204
0.1,1.0,00,7.0,H-R,4,0.10928769429028917,146
0.1,1.0,00,7.0,H-R,5,0.08780464778610486,95
0.1,1.0,00,7.0,H-R,6,0.06798016360281489,38
0.1,1.0,00,7.0,F070W-F200W,1,0.30025641025640937,159
0.1,1.0,00,7.0,F070W-F200W,2,0.3292264150943378,214
0.1,1.0,00,7.0,F070W-F200W,3,0.34859016393442666,246
0.1,1.0,00,7.0,F070W-F200W,4,0.33491379310344804,235
0.1,1.0,00,7.0,F070W-F200W,5,0.2157818181818172,220
0.1,1.0,00,7.0,F070W-F200W,6,0.2166590909090882,179
0.1,1.0,00,7.5,H-R,1,0.1632870744312509,336
0.1,1.0,00,7.5,H-R,2,0.14492783924884045,253
0.1,1.0,00,7.5,H-R,3,0.1294317499388955,207
0.1,1.0,00,7.5,H-R,4,0.11110765028769531,149
0.1,1.0,00,7.5,H-R,5,0.08642732865916347,94
0.1,1.0,00,7.5,H-R,6,0.05878744875332054,37
0.1,1.0,00,7.5,F070W-F200W,1,0.30921951219512067,165
0.1,1.0,00,7.5,F070W-F200W,2,0.33644444444444765,216
0.1,1.0,00,7.5,F070W-F200W,3,0.3595322580645153,251
0.1,1.0,00,7.5,F070W-F200W,4,0.32566666666666677,231
0.1,1.0,00,7.5,F070W-F200W,5,0.22722641509433572,215
0.1,1.0,00,7.5,F070W-F200W,6,0.21329545454545595,178
0.1,1.0,00,8.0,H-R,1,0.16513729351368367,338
0.1,1.0,00,8.0,H-R,2,0.1461359389066912,254
0.1,1.0,00,8.0,H-R,3,0.1315629681363406,211
0.1,1.0,00,8.0,H-R,4,0.11302901618684325,152
0.1,1.0,00,8.0,H-R,5,0.08589007918058678,93
0.1,1.0,00,8.0,H-R,6,0.05371789274408323,39
0.1,1.0,00,8.0,F070W-F200W,1,0.3129285714285661,168
0.1,1.0,00,8.0,F070W-F200W,2,0.35528070175438486,228
0.1,1.0,00,8.0,F070W-F200W,3,0.352032786885248,246
0.1,1.0,00,8.0,F070W-F200W,4,0.3108928571428571,224
0.1,1.0,00,8.0,F070W-F200W,5,0.23125925925925728,216
0.1,1.0,00,8.0,F070W-F200W,6,0.2082790697674426,172
0.1,1.0,00,8.5,H-R,1,0.16771807562275676,337
0.1,1.0,00,8.5,H-R,2,0.14796676772899908,255
0.1,1.0,00,8.5,H-R,3,0.1347104425001613,215
0.1,1.0,00,8.5,H-R,4,0.11381031230742678,153
0.1,1.0,00,8.5,H-R,5,0.08613327249944525,93
0.1,1.0,00,8.5,H-R,6,0.04647835429790581,39
0.1,1.0,00,8.5,F070W-F200W,1,0.32509090909090865,176
0.1,1.0,00,8.5,F070W-F200W,2,0.36170689655172694,233
0.1,1.0,00,8.5,F070W-F200W,3,0.3506666666666671,241
0.1,1.0,00,8.5,F070W-F200W,4,0.2986000000000004,220
0.1,1.0,00,8.5,F070W-F200W,5,0.22815384615384282,208
0.1,1.0,00,8.5,F070W-F200W,6,0.21583720930232886,174
0.1,1.0,00,9.0,H-R,1,0.1672204533376953,333
0.1,1.0,00,9.0,H-R,2,0.14940918929897085,258
0.1,1.0,00,9.0,H-R,3,0.13514726964527846,216
0.1,1.0,00,9.0,H-R,4,0.11582991073121462,156
0.1,1.0,00,9.0,H-R,5,0.08495351201323187,92
0.1,1.0,00,9.0,H-R,6,0.047012074910536605,41
0.1,1.0,00,9.0,F070W-F200W,1,0.330068181818179,178
0.1,1.0,00,9.0,F070W-F200W,2,0.36337931034482907,235
0.1,1.0,00,9.0,F070W-F200W,3,0.3586721311475429,245
0.1,1.0,00,9.0,F070W-F200W,4,0.2829811320754718,213
0.1,1.0,00,9.0,F070W-F200W,5,0.22933333333333294,204
0.1,1.0,00,9.0,F070W-F200W,6,0.21816279069767575,173
0.1,1.0,00,9.5,H-R,1,0.16785636949108373,328
0.1,1.0,00,9.5,H-R,2,0.15156075158856264,261
0.1,1.0,00,9.5,H-R,3,0.13602791100335931,216
0.1,1.0,00,9.5,H-R,4,0.11774877901441028,158
0.1,1.0,00,9.5,H-R,5,0.08477588890677246,92
0.1,1.0,00,9.5,H-R,6,0.05053599522502039,42
0.1,1.0,00,9.5,F070W-F200W,1,0.3475319148936151,188
0.1,1.0,00,9.5,F070W-F200W,2,0.36581355932203685,236
0.1,1.0,00,9.5,F070W-F200W,3,0.3628196721311472,245
0.1,1.0,00,9.5,F070W-F200W,4,0.2709230769230757,211
0.1,1.0,00,9.5,F070W-F200W,5,0.21858333333333313,193
0.1,1.0,00,9.5,F070W-F200W,6,0.21800000000000175,169
0.1,1.0,00,10.0,H-R,1,0.17120070312065083,330
0.1,1.0,00,10.0,H-R,2,0.1471317975487345,250
0.1,1.0,00,10.0,H-R,3,0.14346584638019788,226
0.1,1.0,00,10.0,H-R,4,0.11840279690944344,160
0.1,1.0,00,10.0,H-R,5,0.08449438630933948,91
0.1,1.0,00,10.0,H-R,6,0.04881559414639458,43
0.1,1.0,00,10.0,F070W-F200W,1,0.3577959183673496,196
0.1,1.0,00,10.0,F070W-F200W,2,0.3659827586206905,235
0.1,1.0,00,10.0,F070W-F200W,3,0.35252542372881024,236
0.1,1.0,00,10.0,F070W-F200W,4,0.27103703703704163,217
0.1,1.0,00,10.0,F070W-F200W,5,0.2090217391304403,184
0.1,1.0,00,10.0,F070W-F200W,6,0.21788095238095373,170
0.1,1.0,00,10.5,H-R,1,0.17035094613645008,325
0.1,1.0,00,10.5,H-R,2,0.14865479836937956,253
0.1,1.0,00,10.5,H-R,3,0.14478518582033995,228
0.1,1.0,00,10.5,H-R,4,0.11862380634869396,160
0.1,1.0,00,10.5,H-R,5,0.08451932729130207,91
0.1,1.0,00,10.5,H-R,6,0.04884467427668193,45
0.1,1.0,00,10.5,F070W-F200W,1,0.36240816326530734,199
0.1,1.0,00,10.5,F070W-F200W,2,0.36582758620689226,235
0.1,1.0,00,10.5,F070W-F200W,3,0.3596666666666657,240
0.1,1.0,00,10.5,F070W-F200W,4,0.2576078431372526,206
0.1,1.0,00,10.5,F070W-F200W,5,0.21145652173912843,184
0.1,1.0,00,10.5,F070W-F200W,6,0.2180476190476135,168
0.1,1.0,00,11.0,H-R,1,0.16977299144431868,322
0.1,1.0,00,11.0,H-R,2,0.150848003090714,255
0.1,1.0,00,11.0,H-R,3,0.1454605021082387,228
0.1,1.0,00,11.0,H-R,4,0.12041169528581563,162
0.1,1.0,00,11.0,H-R,5,0.08415290280900223,91
0.1,1.0,00,11.0,H-R,6,0.049879363747519,45
0.1,1.0,00,11.0,F070W-F200W,1,0.3707692307692323,209
0.1,1.0,00,11.0,F070W-F200W,2,0.3549649122807015,229
0.1,1.0,00,11.0,F070W-F200W,3,0.3578474576271162,237
0.1,1.0,00,11.0,F070W-F200W,4,0.2469999999999981,200
0.1,1.0,00,11.0,F070W-F200W,5,0.21242222222222296,183
0.1,1.0,00,11.0,F070W-F200W,6,0.22364285714286147,170
0.1,1.0,00,11.5,H-R,1,0.17047710785826742,319
0.1,1.0,00,11.5,H-R,2,0.15302737419683132,258
0.1,1.0,00,11.5,H-R,3,0.14567458386929366,228
0.1,1.0,00,11.5,H-R,4,0.12115251329575094,163
0.1,1.0,00,11.5,H-R,5,0.08374245888846987,91
0.1,1.0,00,11.5,H-R,6,0.050655575144002096,45
0.1,1.0,00,11.5,F070W-F200W,1,0.3823090909090947,222
0.1,1.0,00,11.5,F070W-F200W,2,0.33836363636363487,221
0.1,1.0,00,11.5,F070W-F200W,3,0.3554827586206919,234
0.1,1.0,00,11.5,F070W-F200W,4,0.24359183673468898,196
0.1,1.0,00,11.5,F070W-F200W,5,0.21431111111110646,182
0.1,1.0,00,11.5,F070W-F200W,6,0.21951219512195053,167
0.1,1.0,00,12.0,H-R,1,0.17053514775491574,317
0.1,1.0,00,12.0,H-R,2,0.15437377965049137,259
0.1,1.0,00,12.0,H-R,3,0.14695458230880853,229
0.1,1.0,00,12.0,H-R,4,0.121331366762923,163
0.1,1.0,00,12.0,H-R,5,0.0835610156406772,91
0.1,1.0,00,12.0,H-R,6,0.05008153466868759,46
0.1,1.0,00,12.0,F070W-F200W,1,0.3747999999999987,222
0.1,1.0,00,12.0,F070W-F200W,2,0.33265454545454887,220
0.1,1.0,00,12.0,F070W-F200W,3,0.3594576271186458,237
0.1,1.0,00,12.0,F070W-F200W,4,0.2307173913043492,186
0.1,1.0,00,12.0,F070W-F200W,5,0.21284444444444794,181
0.1,1.0,00,12.0,F070W-F200W,6,0.21975609756097292,165
0.1,1.0,00,12.5,H-R,1,0.17138949944974669,316
0.1,1.0,00,12.5,H-R,2,0.15434387628709745,257
0.1,1.0,00,12.5,H-R,3,0.1469307119513017,228
0.1,1.0,00,12.5,H-R,4,0.1226120033038185,165
0.1,1.0,00,12.5,H-R,5,0.08330889363630689,92
0.1,1.0,00,12.5,H-R,6,0.05185126690769004,47
0.1,1.0,00,12.5,F070W-F200W,1,1.189946428571428,227
0.1,1.0,00,12.5,F070W-F200W,2,0.32742592592592956,217
0.1,1.0,00,12.5,F070W-F200W,3,0.35849152542372487,236
0.1,1.0,00,12.5,F070W-F200W,4,0.2269111111111073,183
0.1,1.0,00,12.5,F070W-F200W,5,0.21075555555555248,180
0.1,1.0,00,12.5,F070W-F200W,6,0.2207317073170696,164
0.1,1.0,00,13.0,H-R,1,0.17083161568980731,313
0.1,1.0,00,13.0,H-R,2,0.15494640584210928,258
0.1,1.0,00,13.0,H-R,3,0.145455586526817,225
0.1,1.0,00,13.0,H-R,4,0.12446972964941305,169
0.1,1.0,00,13.0,H-R,5,0.08487637958293925,94
0.1,1.0,00,13.0,H-R,6,0.0514545871925054,47
0.1,1.0,00,13.0,F070W-F200W,1,0.9088421052631581,230
0.1,1.0,00,13.0,F070W-F200W,2,0.3187884615384551,210
0.1,1.0,00,13.0,F070W-F200W,3,0.3708333333333371,243
0.1,1.0,00,13.0,F070W-F200W,4,0.2100930232558138,173
0.1,1.0,00,13.0,F070W-F200W,5,0.21353333333333957,181
0.1,1.0,00,13.0,F070W-F200W,6,0.22134146341463534,164
0.1,1.0,00,13.5,H-R,1,0.1688809682692316,307
0.1,1.0,00,13.5,H-R,2,0.1550300153683244,257
0.1,1.0,00,13.5,H-R,3,0.1488541220338524,231
0.1,1.0,00,13.5,H-R,4,0.12546561713003923,170
0.1,1.0,00,13.5,H-R,5,0.08555914520769892,95
0.1,1.0,00,13.5,H-R,6,0.0524344715402989,47
0.1,1.0,00,13.5,F070W-F200W,1,0.3819152542372919,236
0.1,1.0,00,13.5,F070W-F200W,2,0.3090192307692359,209
0.1,1.0,00,13.5,F070W-F200W,3,0.36001694915253957,236
0.1,1.0,00,13.5,F070W-F200W,4,0.20902380952380817,171
0.1,1.0,00,13.5,F070W-F200W,5,0.21593333333333042,181
0.1,1.0,00,13.5,F070W-F200W,6,0.2221499999999974,163
0.1,1.0,00,14.0,H-R,1,0.17056437363650923,307
0.1,1.0,00,14.0,H-R,2,0.15392991378483756,256
0.1,1.0,00,14.0,H-R,3,0.14700664158923904,227
0.1,1.0,00,14.0,H-R,4,0.1287693805732344,174
0.1,1.0,00,14.0,H-R,5,0.0860065716161591,97
0.1,1.0,00,14.0,H-R,6,0.051435023042383454,47
0.1,1.0,00,14.0,F070W-F200W,1,0.38603333333333545,241
0.1,1.0,00,14.0,F070W-F200W,2,0.2893000000000008,201
0.1,1.0,00,14.0,F070W-F200W,3,0.3586101694915236,236
0.1,1.0,00,14.0,F070W-F200W,4,0.20441463414633887,167
0.1,1.0,00,14.0,F070W-F200W,5,0.2206888888888887,183
0.1,1.0,00,14.0,F070W-F200W,6,0.2171000000000003,161
0.1,1.0,00,14.5,H-R,1,0.1710148550724151,306
0.1,1.0,00,14.5,H-R,2,0.15364082422419334,254
0.1,1.0,00,14.5,H-R,3,0.1459093410334973,226
0.1,1.0,00,14.5,H-R,4,0.13012587443540347,176
0.1,1.0,00,14.5,H-R,5,0.08698373591424646,98
0.1,1.0,00,14.5,H-R,6,0.05094612192656167,47
0.1,1.0,00,14.5,F070W-F200W,1,0.3971803278688508,247
0.1,1.0,00,14.5,F070W-F200W,2,0.2889000000000017,203
0.1,1.0,00,14.5,F070W-F200W,3,0.3543448275862069,232
0.1,1.0,00,14.5,F070W-F200W,4,0.19817499999999733,162
0.1,1.0,00,14.5,F070W-F200W,5,0.21788888888888458,181
0.1,1.0,00,14.5,F070W-F200W,6,0.22007500000000135,160
0.1,1.0,00,15.0,H-R,1,0.16975165737185693,303
0.1,1.0,00,15.0,H-R,2,0.155188791131186,256
0.1,1.0,00,15.0,H-R,3,0.14750130560399777,227
0.1,1.0,00,15.0,H-R,4,0.1286555512460108,173
0.1,1.0,00,15.0,H-R,5,0.08850421606541903,101
0.1,1.0,00,15.0,H-R,6,0.05091045874986877,47
0.1,1.0,00,15.0,F070W-F200W,1,0.3968196721311461,246
0.1,1.0,00,15.0,F070W-F200W,2,0.2807200000000023,200
0.1,1.0,00,15.0,F070W-F200W,3,0.3652033898305085,237
0.1,1.0,00,15.0,F070W-F200W,4,0.1818421052631578,153
0.1,1.0,00,15.0,F070W-F200W,5,0.21637777777778133,180
0.1,1.0,00,15.0,F070W-F200W,6,0.21805128205128277,159
0.1,1.0,00,15.5,H-R,1,0.17084551005566073,303
0.1,1.0,00,15.5,H-R,2,0.1552833448290305,256
0.1,1.0,00,15.5,H-R,3,0.14678205822292667,226
0.1,1.0,00,15.5,H-R,4,0.13021809273941276,174
0.1,1.0,00,15.5,H-R,5,0.08911202762480142,102
0.1,1.0,00,15.5,H-R,6,0.04993542340050583,47
0.1,1.0,00,15.5,F070W-F200W,1,0.3947540983606572,246
0.1,1.0,00,15.5,F070W-F200W,2,0.27242857142857524,196
0.1,1.0,00,15.5,F070W-F200W,3,0.36201694915254556,237
0.1,1.0,00,15.5,F070W-F200W,4,0.18742105263157782,155
0.1,1.0,00,15.5,F070W-F200W,5,0.21997727272727197,179
0.1,1.0,00,15.5,F070W-F200W,6,0.21586842105263315,154
0.1,1.0,00,16.0,H-R,1,0.17205770156645395,303
0.1,1.0,00,16.0,H-R,2,0.15388563392559496,253
0.1,1.0,00,16.0,H-R,3,0.1476239566009958,227
0.1,1.0,00,16.0,H-R,4,0.13250891580796553,175
0.1,1.0,00,16.0,H-R,5,0.08884694494109491,102
0.1,1.0,00,16.0,H-R,6,0.04904759900729916,48
0.1,1.0,00,16.0,F070W-F200W,1,0.3866499999999995,241
0.1,1.0,00,16.0,F070W-F200W,2,0.2827800000000025,202
0.1,1.0,00,16.0,F070W-F200W,3,0.35406896551724465,232
0.1,1.0,00,16.0,F070W-F200W,4,0.18776315789473585,154
0.1,1.0,00,16.0,F070W-F200W,5,0.2198409090909088,179
0.1,1.0,00,16.0,F070W-F200W,6,0.2178947368421067,155
0.1,1.0,00,16.5,H-R,1,0.17058003618871376,300
0.1,1.0,00,16.5,H-R,2,0.15390854094010664,251
0.1,1.0,00,16.5,H-R,3,0.14486642505434766,222
0.1,1.0,00,16.5,H-R,4,0.13508417222266145,180
0.1,1.0,00,16.5,H-R,5,0.09270837911822971,107
0.1,1.0,00,16.5,H-R,6,0.050137665498344086,48
0.1,1.0,00,16.5,F070W-F200W,1,0.3764915254237291,236
0.1,1.0,00,16.5,F070W-F200W,2,0.2865999999999982,203
0.1,1.0,00,16.5,F070W-F200W,3,0.3584035087719304,231
0.1,1.0,00,16.5,F070W-F200W,4,0.18755263157894575,153
0.1,1.0,00,16.5,F070W-F200W,5,0.21859090909091705,177
0.1,1.0,00,16.5,F070W-F200W,6,0.21771052631579124,154
0.1,1.0,00,17.0,H-R,1,0.17123794326623987,299
0.1,1.0,00,17.0,H-R,2,0.1544148729831898,252
0.1,1.0,00,17.0,H-R,3,0.14324678056863593,220
0.1,1.0,00,17.0,H-R,4,0.13421770717818626,178
0.1,1.0,00,17.0,H-R,5,0.09514132950092691,111
0.1,1.0,00,17.0,H-R,6,0.050508547141225435,48
0.1,1.0,00,17.0,F070W-F200W,1,0.36848275862068824,232
0.1,1.0,00,17.0,F070W-F200W,2,0.28130000000000166,200
0.1,1.0,00,17.0,F070W-F200W,3,0.3677966101694885,236
0.1,1.0,00,17.0,F070W-F200W,4,0.18091666666666484,147
0.1,1.0,00,17.0,F070W-F200W,5,0.21918181818181637,177
0.1,1.0,00,17.0,F070W-F200W,6,0.21749999999999758,154
0.1,1.0,00,17.5,H-R,1,0.17186391353322317,300
0.1,1.0,00,17.5,H-R,2,0.15473507682180498,251
0.1,1.0,00,17.5,H-R,3,0.14347250105478526,219
0.1,1.0,00,17.5,H-R,4,0.13541077987303574,179
0.1,1.0,00,17.5,H-R,5,0.09494390382998819,112
0.1,1.0,00,17.5,H-R,6,0.05096365804697678,48
0.1,1.0,00,17.5,F070W-F200W,1,0.3686140350877185,231
0.1,1.0,00,17.5,F070W-F200W,2,0.2920000000000016,205
0.1,1.0,00,17.5,F070W-F200W,3,0.3672931034482758,234
0.1,1.0,00,17.5,F070W-F200W,4,0.18074999999999797,146
0.1,1.0,00,17.5,F070W-F200W,5,0.21462790697674272,174
0.1,1.0,00,17.5,F070W-F200W,6,0.21581081081080455,151
0.1,1.0,00,18.0,H-R,1,0.17130068068513182,297
0.1,1.0,00,18.0,H-R,2,0.15662584291265946,254
0.1,1.0,00,18.0,H-R,3,0.1398503033353513,212
0.1,1.0,00,18.0,H-R,4,0.13601326576559036,179
0.1,1.0,00,18.0,H-R,5,0.1004240896404367,119
0.1,1.0,00,18.0,H-R,6,0.05442678692414349,49
0.1,1.0,00,18.0,F070W-F200W,1,0.3731206896551722,233
0.1,1.0,00,18.0,F070W-F200W,2,0.2989019607843133,207
0.1,1.0,00,18.0,F070W-F200W,3,0.3708275862068984,234
0.1,1.0,00,18.0,F070W-F200W,4,0.1743142857142832,140
0.1,1.0,00,18.0,F070W-F200W,5,0.21874418604651424,174
0.1,1.0,00,18.0,F070W-F200W,6,0.21418918918917917,149
0.1,1.0,00,18.5,H-R,1,0.17157330944217586,296
0.1,1.0,00,18.5,H-R,2,0.15546183925642176,251
0.1,1.0,00,18.5,H-R,3,0.14003454014421868,212
0.1,1.0,00,18.5,H-R,4,0.13707789465774,181
0.1,1.0,00,18.5,H-R,5,0.0999399849370155,120
0.1,1.0,00,18.5,H-R,6,0.052326379976982196,48
0.1,1.0,00,18.5,F070W-F200W,1,0.36341071428571503,226
0.1,1.0,00,18.5,F070W-F200W,2,0.311207547169813,214
0.1,1.0,00,18.5,F070W-F200W,3,0.3655438596491223,230
0.1,1.0,00,18.5,F070W-F200W,4,0.16775757575757488,134
0.1,1.0,00,18.5,F070W-F200W,5,0.22065116279070018,174
0.1,1.0,00,18.5,F070W-F200W,6,0.2138918918918904,149
0.1,1.0,00,19.0,H-R,1,0.1684513436080839,292
0.1,1.0,00,19.0,H-R,2,0.15795266796005247,254
0.1,1.0,00,19.0,H-R,3,0.14042667804533737,212
0.1,1.0,00,19.0,H-R,4,0.1345759833292468,178
0.1,1.0,00,19.0,H-R,5,0.10314748651583394,125
0.1,1.0,00,19.0,H-R,6,0.05362172450267,50
0.1,1.0,00,19.0,F070W-F200W,1,0.35587272727273067,221
0.1,1.0,00,19.0,F070W-F200W,2,0.31531481481481194,216
0.1,1.0,00,19.0,F070W-F200W,3,0.3636964285714299,227
0.1,1.0,00,19.0,F070W-F200W,4,0.16454545454545588,133
0.1,1.0,00,19.0,F070W-F200W,5,0.22011627906976905,173
0.1,1.0,00,19.0,F070W-F200W,6,0.21133333333333937,146
0.1,1.0,00,19.5,H-R,1,0.1684794274561987,290
0.1,1.0,00,19.5,H-R,2,0.15837979787459333,254
0.1,1.0,00,19.5,H-R,3,0.1405566108101317,212
0.1,1.0,00,19.5,H-R,4,0.13406181721348487,178
0.1,1.0,00,19.5,H-R,5,0.10473286214427047,127
0.1,1.0,00,19.5,H-R,6,0.05286434295223996,50
0.1,1.0,00,19.5,F070W-F200W,1,0.35338888888889386,219
0.1,1.0,00,19.5,F070W-F200W,2,0.3138679245283047,213
0.1,1.0,00,19.5,F070W-F200W,3,0.36242857142856977,226
0.1,1.0,00,19.5,F070W-F200W,4,0.16381250000000058,131
0.1,1.0,00,19.5,F070W-F200W,5,0.2189767441860475,173
0.1,1.0,00,19.5,F070W-F200W,6,0.21413888888888977,147
0.1,1.0,00,20.0,H-R,1,0.16820438968227291,264
0.1,1.0,00,20.0,H-R,2,0.15830820943890056,232
0.1,1.0,00,20.0,H-R,3,0.14220472041131238,191
0.1,1.0,00,20.0,H-R,4,0.13464385353157438,166
0.1,1.0,00,20.0,H-R,5,0.10478318598706537,120
0.1,1.0,00,20.0,H-R,6,0.05454347802884163,47
0.1,1.0,00,20.0,F070W-F200W,1,0.3508431372549037,206
0.1,1.0,00,20.0,F070W-F200W,2,0.3136041666666678,194
0.1,1.0,00,20.0,F070W-F200W,3,0.3617843137254919,205
0.1,1.0,00,20.0,F070W-F200W,4,0.15142857142857302,114
0.1,1.0,00,20.0,F070W-F200W,5,0.22107317073170663,164
0.1,1.0,00,20.0,F070W-F200W,6,0.2099696969696936,133
1.0,0.01,00,1.0,H-R,1,0.13360715934421485,66
1.0,0.01,00,1.0,H-R,2,0.08519703407804924,50
1.0,0.01,00,1.0,H-R,3,0.07962779704237533,37
1.0,0.01,00,1.0,H-R,4,0.06060361904594458,39
1.0,0.01,00,1.0,H-R,5,0.06067115430672676,28
1.0,0.01,00,1.0,H-R,6,0.04892422135010566,22
1.0,0.01,00,1.0,F070W-F200W,1,0.09940000000000104,21
1.0,0.01,00,1.0,F070W-F200W,2,0.12419999999999831,23
1.0,0.01,00,1.0,F070W-F200W,3,0.13199999999999612,29
1.0,0.01,00,1.0,F070W-F200W,4,0.23127272727272796,47
1.0,0.01,00,1.0,F070W-F200W,5,0.33112499999999834,65
1.0,0.01,00,1.0,F070W-F200W,6,0.29578571428571365,58
1.0,0.01,00,1.5,H-R,1,0.17861096805473076,90
1.0,0.01,00,1.5,H-R,2,0.19833172777228514,59
1.0,0.01,00,1.5,H-R,3,0.1817397046330842,44
1.0,0.01,00,1.5,H-R,4,0.15950426339273716,55
1.0,0.01,00,1.5,H-R,5,0.16088293520021274,35
1.0,0.01,00,1.5,H-R,6,0.14263332193565043,29
1.0,0.01,00,1.5,F070W-F200W,1,0.49471428571428433,30
1.0,0.01,00,1.5,F070W-F200W,2,0.45857142857142996,28
1.0,0.01,00,1.5,F070W-F200W,3,0.5231818181818202,47
1.0,0.01,00,1.5,F070W-F200W,4,0.7031428571428577,59
1.0,0.01,00,1.5,F070W-F200W,5,0.6913157894736841,79
1.0,0.01,00,1.5,F070W-F200W,6,0.5016111111111119,75
1.0,0.01,00,2.0,H-R,1,0.25913980228178135,117
1.0,0.01,00,2.0,H-R,2,0.28853572462504606,75
1.0,0.01,00,2.0,H-R,3,0.2888750473385818,53
1.0,0.01,00,2.0,H-R,4,0.2615268177035337,64
1.0,0.01,00,2.0,H-R,5,0.2531640728660569,50
1.0,0.01,00,2.0,H-R,6,0.22256365901341513,35
1.0,0.01,00,2.0,F070W-F200W,1,0.7643749999999994,32
1.0,0.01,00,2.0,F070W-F200W,2,0.8482727272727288,44
1.0,0.01,00,2.0,F070W-F200W,3,0.9389285714285709,56
1.0,0.01,00,2.0,F070W-F200W,4,1.1146363636363628,91
1.0,0.01,00,2.0,F070W-F200W,5,1.0237499999999997,83
1.0,0.01,00,2.0,F070W-F200W,6,0.7832083333333344,98
1.0,0.01,00,2.5,H-R,1,0.3597979185609167,161
1.0,0.01,00,2.5,H-R,2,0.36589276526138936,98
1.0,0.01,00,2.5,H-R,3,0.35849523722819576,77
1.0,0.01,00,2.5,H-R,4,0.33791977664208483,85
1.0,0.01,00,2.5,H-R,5,0.32308108103824196,61
1.0,0.01,00,2.5,H-R,6,0.29221914795155596,52
1.0,0.01,00,2.5,F070W-F200W,1,1.0364999999999966,48
1.0,0.01,00,2.5,F070W-F200W,2,1.1211333333333329,61
1.0,0.01,00,2.5,F070W-F200W,3,1.163095238095238,84
1.0,0.01,00,2.5,F070W-F200W,4,1.3144666666666662,120
1.0,0.01,00,2.5,F070W-F200W,5,1.253185185185183,109
1.0,0.01,00,2.5,F070W-F200W,6,1.027433333333338,120
1.0,0.01,00,3.0,H-R,1,0.445968838977694,211
1.0,0.01,00,3.0,H-R,2,0.44263379725639707,126
1.0,0.01,00,3.0,H-R,3,0.3948876405562124,106
1.0,0.01,00,3.0,H-R,4,0.38966449423566984,102
1.0,0.01,00,3.0,H-R,5,0.3735166368485921,73
1.0,0.01,00,3.0,H-R,6,0.3492392713753535,62
1.0,0.01,00,3.0,F070W-F200W,1,1.2013999999999996,63
1.0,0.01,00,3.0,F070W-F200W,2,1.3041578947368446,76
1.0,0.01,00,3.0,F070W-F200W,3,1.402479999999997,103
1.0,0.01,00,3.0,F070W-F200W,4,1.5813846153846143,158
1.0,0.01,00,3.0,F070W-F200W,5,1.56456756756757,150
1.0,0.01,00,3.0,F070W-F200W,6,1.2023142857142872,142
1.0,0.01,00,3.5,H-R,1,0.5134304832880487,251
1.0,0.01,00,3.5,H-R,2,0.49230416905886165,146
1.0,0.01,00,3.5,H-R,3,0.4383495512139043,122
1.0,0.01,00,3.5,H-R,4,0.4279716844232254,121
1.0,0.01,00,3.5,H-R,5,0.399802938620311,89
1.0,0.01,00,3.5,H-R,6,0.38653157633011476,70
1.0,0.01,00,3.5,F070W-F200W,1,1.3224444444444448,75
1.0,0.01,00,3.5,F070W-F200W,2,1.4062173913043488,92
1.0,0.01,00,3.5,F070W-F200W,3,1.5960882352941201,137
1.0,0.01,00,3.5,F070W-F200W,4,1.7624772727272706,177
1.0,0.01,00,3.5,F070W-F200W,5,1.7248260869565186,185
1.0,0.01,00,3.5,F070W-F200W,6,1.353076923076923,156
1.0,0.01,00,4.0,H-R,1,0.5196011967970177,269
1.0,0.01,00,4.0,H-R,2,0.48630233503403275,159
1.0,0.01,00,4.0,H-R,3,0.4436681826892057,128
1.0,0.01,00,4.0,H-R,4,0.4551991394075948,118
1.0,0.01,00,4.0,H-R,5,0.4039643366444492,89
1.0,0.01,00,4.0,H-R,6,0.38346872560672857,65
1.0,0.01,00,4.0,F070W-F200W,1,1.2881000000000018,82
1.0,0.01,00,4.0,F070W-F200W,2,1.308230769230768,105
1.0,0.01,00,4.0,F070W-F200W,3,1.6700526315789457,154
1.0,0.01,00,4.0,F070W-F200W,4,1.8174222222222252,180
1.0,0.01,00,4.0,F070W-F200W,5,1.6935555555555535,180
1.0,0.01,00,4.0,F070W-F200W,6,1.4466250000000045,161
1.0,0.01,00,4.5,H-R,1,0.47033847874007817,291
1.0,0.01,00,4.5,H-R,2,0.40079148867534975,166
1.0,0.01,00,4.5,H-R,3,0.36373188025052594,135
1.0,0.01,00,4.5,H-R,4,0.3897684677820411,119
1.0,0.01,00,4.5,H-R,5,0.3348026746790628,91
1.0,0.01,00,4.5,H-R,6,0.33737065792859905,62
1.0,0.01,00,4.5,F070W-F200W,1,1.1052083333333318,96
1.0,0.01,00,4.5,F070W-F200W,2,1.1595357142857203,115
1.0,0.01,00,4.5,F070W-F200W,3,1.507844444444446,181
1.0,0.01,00,4.5,F070W-F200W,4,1.4745348837209278,172
1.0,0.01,00,4.5,F070W-F200W,5,1.3676521739130436,184
1.0,0.01,00,4.5,F070W-F200W,6,1.3288292682926812,165
1.0,0.01,00,5.0,H-R,1,0.41709726263182456,299
1.0,0.01,00,5.0,H-R,2,0.3471168351882947,176
1.0,0.01,00,5.0,H-R,3,0.301909428950898,142
1.0,0.01,00,5.0,H-R,4,0.30840624435095787,122
1.0,0.01,00,5.0,H-R,5,0.25315823585754593,90
1.0,0.01,00,5.0,H-R,6,0.24370372642070914,63
1.0,0.01,00,5.0,F070W-F200W,1,0.9205384615384613,104
1.0,0.01,00,5.0,F070W-F200W,2,1.07422857142857,142
1.0,0.01,00,5.0,F070W-F200W,3,1.2095581395348827,175
1.0,0.01,00,5.0,F070W-F200W,4,1.1925102040816302,196
1.0,0.01,00,5.0,F070W-F200W,5,1.1979302325581411,174
1.0,0.01,00,5.0,F070W-F200W,6,1.268795454545451,177
1.0,0.01,00,5.5,H-R,1,0.3697983409765162,305
1.0,0.01,00,5.5,H-R,2,0.31408512509884545,183
1.0,0.01,00,5.5,H-R,3,0.27592264233134023,151
1.0,0.01,00,5.5,H-R,4,0.26650165713610185,131
1.0,0.01,00,5.5,H-R,5,0.20896731709874783,87
1.0,0.01,00,5.5,H-R,6,0.19619551738140795,57
1.0,0.01,00,5.5,F070W-F200W,1,0.8205185185185186,108
1.0,0.01,00,5.5,F070W-F200W,2,0.9405789473684205,154
1.0,0.01,00,5.5,F070W-F200W,3,1.0677173913043418,186
1.0,0.01,00,5.5,F070W-F200W,4,1.0695490196078428,204
1.0,0.01,00,5.5,F070W-F200W,5,1.0939090909090936,179
1.0,0.01,00,5.5,F070W-F200W,6,1.1186136363636408,177
1.0,0.01,00,6.0,H-R,1,0.33925571080016215,311
1.0,0.01,00,6.0,H-R,2,0.29717650698556963,192
1.0,0.01,00,6.0,H-R,3,0.2561962335683865,161
1.0,0.01,00,6.0,H-R,4,0.2299647620754226,132
1.0,0.01,00,6.0,H-R,5,0.1845924305522898,90
1.0,0.01,00,6.0,H-R,6,0.15831946133614905,56
1.0,0.01,00,6.0,F070W-F200W,1,0.7430322580645186,124
1.0,0.01,00,6.0,F070W-F200W,2,0.8223414634146362,167
1.0,0.01,00,6.0,F070W-F200W,3,0.9291304347826106,184
1.0,0.01,00,6.0,F070W-F200W,4,0.9751052631578947,229
1.0,0.01,00,6.0,F070W-F200W,5,0.9217435897435919,158
1.0,0.01,00,6.0,F070W-F200W,6,1.012978260869568,186
1.0,0.01,00,6.5,H-R,1,0.3088333335249751,309
1.0,0.01,00,6.5,H-R,2,0.2789225011225134,206
1.0,0.01,00,6.5,H-R,3,0.2413208035390504,166
1.0,0.01,00,6.5,H-R,4,0.21071207039697049,139
1.0,0.01,00,6.5,H-R,5,0.16045143989680244,88
1.0,0.01,00,6.5,H-R,6,0.14974914368394898,56
1.0,0.01,00,6.5,F070W-F200W,1,0.6781290322580613,127
1.0,0.01,00,6.5,F070W-F200W,2,0.7623409090909092,178
1.0,0.01,00,6.5,F070W-F200W,3,0.8580612244897949,197
1.0,0.01,00,6.5,F070W-F200W,4,0.873431034482758,232
1.0,0.01,00,6.5,F070W-F200W,5,0.8306315789473668,152
1.0,0.01,00,6.5,F070W-F200W,6,0.9837199999999999,200
1.0,0.01,00,7.0,H-R,1,0.29359180443087607,296
1.0,0.01,00,7.0,H-R,2,0.2643385632065445,228
1.0,0.01,00,7.0,H-R,3,0.22702090836727873,169
1.0,0.01,00,7.0,H-R,4,0.20140309139437107,142
1.0,0.01,00,7.0,H-R,5,0.15586838886417753,86
1.0,0.01,00,7.0,H-R,6,0.1544681034633819,59
1.0,0.01,00,7.0,F070W-F200W,1,0.6295882352941184,136
1.0,0.01,00,7.0,F070W-F200W,2,0.7136666666666684,181
1.0,0.01,00,7.0,F070W-F200W,3,0.7900769230769207,209
1.0,0.01,00,7.0,F070W-F200W,4,0.8094137931034506,232
1.0,0.01,00,7.0,F070W-F200W,5,0.8290526315789499,154
1.0,0.01,00,7.0,F070W-F200W,6,0.9352199999999993,202
1.0,0.01,00,7.5,H-R,1,0.26880903061606753,288
1.0,0.01,00,7.5,H-R,2,0.24723559940060746,240
1.0,0.01,00,7.5,H-R,3,0.21562188589166698,176
1.0,0.01,00,7.5,H-R,4,0.18939067406113086,150
1.0,0.01,00,7.5,H-R,5,0.14165699224003359,87
1.0,0.01,00,7.5,H-R,6,0.12832397685262353,54
1.0,0.01,00,7.5,F070W-F200W,1,0.6058157894736809,154
1.0,0.01,00,7.5,F070W-F200W,2,0.670808510638297,188
1.0,0.01,00,7.5,F070W-F200W,3,0.7469215686274477,206
1.0,0.01,00,7.5,F070W-F200W,4,0.7561967213114755,246
1.0,0.01,00,7.5,F070W-F200W,5,0.6991666666666667,145
1.0,0.01,00,7.5,F070W-F200W,6,0.8900784313725509,205
1.0,0.01,00,8.0,H-R,1,0.24835120934545807,292
1.0,0.01,00,8.0,H-R,2,0.22578871585434124,238
1.0,0.01,00,8.0,H-R,3,0.20273902477579053,183
1.0,0.01,00,8.0,H-R,4,0.17495971912694253,152
1.0,0.01,00,8.0,H-R,5,0.134351871090176,91
1.0,0.01,00,8.0,H-R,6,0.1101694948350107,52
1.0,0.01,00,8.0,F070W-F200W,1,0.5404500000000017,161
1.0,0.01,00,8.0,F070W-F200W,2,0.6178510638297929,190
1.0,0.01,00,8.0,F070W-F200W,3,0.6540000000000017,221
1.0,0.01,00,8.0,F070W-F200W,4,0.6900344827586213,234
1.0,0.01,00,8.0,F070W-F200W,5,0.6271842105263179,154
1.0,0.01,00,8.0,F070W-F200W,6,0.7932448979591857,197
1.0,0.01,00,8.5,H-R,1,0.22849266412579694,289
1.0,0.01,00,8.5,H-R,2,0.21357081741122252,243
1.0,0.01,00,8.5,H-R,3,0.19659020000881,190
1.0,0.01,00,8.5,H-R,4,0.17019701367059348,154
1.0,0.01,00,8.5,H-R,5,0.12878422078763518,92
1.0,0.01,00,8.5,H-R,6,0.11039306359920975,54
1.0,0.01,00,8.5,F070W-F200W,1,0.5174285714285674,169
1.0,0.01,00,8.5,F070W-F200W,2,0.593404255319145,191
1.0,0.01,00,8.5,F070W-F200W,3,0.6226666666666709,242
1.0,0.01,00,8.5,F070W-F200W,4,0.5904074074074064,218
1.0,0.01,00,8.5,F070W-F200W,5,0.5604871794871809,159
1.0,0.01,00,8.5,F070W-F200W,6,0.6902608695652184,185
1.0,0.01,00,9.0,H-R,1,0.21801168601884613,295
1.0,0.01,00,9.0,H-R,2,0.20438937753223807,243
1.0,0.01,00,9.0,H-R,3,0.1923722429258392,195
1.0,0.01,00,9.0,H-R,4,0.1627416403445341,157
1.0,0.01,00,9.0,H-R,5,0.13018210899757265,95
1.0,0.01,00,9.0,H-R,6,0.10013672366092718,49
1.0,0.01,00,9.0,F070W-F200W,1,0.49958139534883905,173
1.0,0.01,00,9.0,F070W-F200W,2,0.5938571428571411,199
1.0,0.01,00,9.0,F070W-F200W,3,0.5901016949152549,237
1.0,0.01,00,9.0,F070W-F200W,4,0.5521636363636393,220
1.0,0.01,00,9.0,F070W-F200W,5,0.5170000000000066,171
1.0,0.01,00,9.0,F070W-F200W,6,0.604720930232558,174
1.0,0.01,00,9.5,H-R,1,0.20865791996555494,292
1.0,0.01,00,9.5,H-R,2,0.19721993591183784,249
1.0,0.01,00,9.5,H-R,3,0.18689166067711716,196
1.0,0.01,00,9.5,H-R,4,0.16196845703188645,158
1.0,0.01,00,9.5,H-R,5,0.12799043232823748,95
1.0,0.01,00,9.5,H-R,6,0.09620781785995602,48
1.0,0.01,00,9.5,F070W-F200W,1,0.47797674418604963,174
1.0,0.01,00,9.5,F070W-F200W,2,0.5760392156862704,207
1.0,0.01,00,9.5,F070W-F200W,3,0.5633833333333342,241
1.0,0.01,00,9.5,F070W-F200W,4,0.5097307692307709,209
1.0,0.01,00,9.5,F070W-F200W,5,0.4855116279069751,173
1.0,0.01,00,9.5,F070W-F200W,6,0.5383953488372111,175
1.0,0.01,00,10.0,H-R,1,0.20219119169910815,296
1.0,0.01,00,10.0,H-R,2,0.18119093991125612,244
1.0,0.01,00,10.0,H-R,3,0.18187436102254928,203
1.0,0.01,00,10.0,H-R,4,0.15628735281466155,159
1.0,0.01,00,10.0,H-R,5,0.12083019410260265,95
1.0,0.01,00,10.0,H-R,6,0.09182997824392924,52
1.0,0.01,00,10.0,F070W-F200W,1,0.4750888888888891,182
1.0,0.01,00,10.0,F070W-F200W,2,0.583109090909085,221
1.0,0.01,00,10.0,F070W-F200W,3,0.5157758620689652,233
1.0,0.01,00,10.0,F070W-F200W,4,0.46744000000000163,200
1.0,0.01,00,10.0,F070W-F200W,5,0.4498837209302309,174
1.0,0.01,00,10.0,F070W-F200W,6,0.46269047619047754,169
1.0,0.01,00,10.5,H-R,1,0.19990853853527568,297
1.0,0.01,00,10.5,H-R,2,0.17691727861657092,242
1.0,0.01,00,10.5,H-R,3,0.18068222201193973,206
1.0,0.01,00,10.5,H-R,4,0.15384429164340463,163
1.0,0.01,00,10.5,H-R,5,0.12261922940658598,96
1.0,0.01,00,10.5,H-R,6,0.08840206272090545,49
1.0,0.01,00,10.5,F070W-F200W,1,0.4676874999999985,194
1.0,0.01,00,10.5,F070W-F200W,2,0.5684000000000022,220
1.0,0.01,00,10.5,F070W-F200W,3,0.49781034482758635,232
1.0,0.01,00,10.5,F070W-F200W,4,0.45539583333333233,194
1.0,0.01,00,10.5,F070W-F200W,5,0.4402727272727205,177
1.0,0.01,00,10.5,F070W-F200W,6,0.42794999999999916,163
1.0,0.01,00,11.0,H-R,1,0.1995598438519257,294
1.0,0.01,00,11.0,H-R,2,0.1770450064535518,245
1.0,0.01,00,11.0,H-R,3,0.17877853917975184,206
1.0,0.01,00,11.0,H-R,4,0.15551744203947027,167
1.0,0.01,00,11.0,H-R,5,0.12154612542378485,94
1.0,0.01,00,11.0,H-R,6,0.09037675722211036,53
1.0,0.01,00,11.0,F070W-F200W,1,0.46585714285714275,199
1.0,0.01,00,11.0,F070W-F200W,2,0.5574074074074069,218
1.0,0.01,00,11.0,F070W-F200W,3,0.4965166666666665,243
1.0,0.01,00,11.0,F070W-F200W,4,0.43119565217390843,184
1.0,0.01,00,11.0,F070W-F200W,5,0.4232093023255814,174
1.0,0.01,00,11.0,F070W-F200W,6,0.40992307692308394,157
1.0,0.01,00,11.5,H-R,1,0.19675476140103965,289
1.0,0.01,00,11.5,H-R,2,0.1746947848499254,248
1.0,0.01,00,11.5,H-R,3,0.17596083079022695,206
1.0,0.01,00,11.5,H-R,4,0.15333809913597696,170
1.0,0.01,00,11.5,H-R,5,0.11799936163350377,93
1.0,0.01,00,11.5,H-R,6,0.09176915062161428,55
1.0,0.01,00,11.5,F070W-F200W,1,0.46063461538461503,210
1.0,0.01,00,11.5,F070W-F200W,2,0.5244423076923095,208
1.0,0.01,00,11.5,F070W-F200W,3,0.47896666666667187,243
1.0,0.01,00,11.5,F070W-F200W,4,0.42036956521738844,184
1.0,0.01,00,11.5,F070W-F200W,5,0.4097906976744188,172
1.0,0.01,00,11.5,F070W-F200W,6,0.39144736842105665,154
1.0,0.01,00,12.0,H-R,1,0.19646499185803057,286
1.0,0.01,00,12.0,H-R,2,0.1732170229379979,249
1.0,0.01,00,12.0,H-R,3,0.17601854908230408,208
1.0,0.01,00,12.0,H-R,4,0.15230452359929925,173
1.0,0.01,00,12.0,H-R,5,0.11527802330711112,93
1.0,0.01,00,12.0,H-R,6,0.08623165238802177,56
1.0,0.01,00,12.0,F070W-F200W,1,0.4559074074074072,219
1.0,0.01,00,12.0,F070W-F200W,2,0.5004081632653037,198
1.0,0.01,00,12.0,F070W-F200W,3,0.4741451612903216,250
1.0,0.01,00,12.0,F070W-F200W,4,0.39388372093022994,175
1.0,0.01,00,12.0,F070W-F200W,5,0.3855813953488383,172
1.0,0.01,00,12.0,F070W-F200W,6,0.3690263157894744,152
1.0,0.01,00,12.5,H-R,1,0.1912858057169997,282
1.0,0.01,00,12.5,H-R,2,0.1701333398337732,251
1.0,0.01,00,12.5,H-R,3,0.17606634620281247,209
1.0,0.01,00,12.5,H-R,4,0.1537935895229856,175
1.0,0.01,00,12.5,H-R,5,0.11405520933154278,91
1.0,0.01,00,12.5,H-R,6,0.0894111114513545,59
1.0,0.01,00,12.5,F070W-F200W,1,0.44277358490566066,214
1.0,0.01,00,12.5,F070W-F200W,2,0.4911372549019646,205
1.0,0.01,00,12.5,F070W-F200W,3,0.44972580645161564,248
1.0,0.01,00,12.5,F070W-F200W,4,0.36521428571428594,169
1.0,0.01,00,12.5,F070W-F200W,5,0.3820714285714306,171
1.0,0.01,00,12.5,F070W-F200W,6,0.3568157894736803,152
1.0,0.01,00,13.0,H-R,1,0.18723965046388313,280
1.0,0.01,00,13.0,H-R,2,0.16487165645012025,252
1.0,0.01,00,13.0,H-R,3,0.17416276331670577,208
1.0,0.01,00,13.0,H-R,4,0.15066642778041972,177
1.0,0.01,00,13.0,H-R,5,0.1089667755380126,92
1.0,0.01,00,13.0,H-R,6,0.08929806669372409,62
1.0,0.01,00,13.0,F070W-F200W,1,0.43438888888888805,218
1.0,0.01,00,13.0,F070W-F200W,2,0.45851999999999826,200
1.0,0.01,00,13.0,F070W-F200W,3,0.4429531250000007,256
1.0,0.01,00,13.0,F070W-F200W,4,0.3287179487179479,159
1.0,0.01,00,13.0,F070W-F200W,5,0.3638571428571442,169
1.0,0.01,00,13.0,F070W-F200W,6,0.3451081081081089,149
1.0,0.01,00,13.5,H-R,1,0.1877033738869729,281
1.0,0.01,00,13.5,H-R,2,0.16335733700272614,250
1.0,0.01,00,13.5,H-R,3,0.1731079093207104,208
1.0,0.01,00,13.5,H-R,4,0.149192360402721,180
1.0,0.01,00,13.5,H-R,5,0.10719965300783674,92
1.0,0.01,00,13.5,H-R,6,0.08707243814891719,62
1.0,0.01,00,13.5,F070W-F200W,1,0.44480701754386054,228
1.0,0.01,00,13.5,F070W-F200W,2,0.4321489361702131,190
1.0,0.01,00,13.5,F070W-F200W,3,0.4423124999999999,258
1.0,0.01,00,13.5,F070W-F200W,4,0.3265897435897429,157
1.0,0.01,00,13.5,F070W-F200W,5,0.357285714285716,169
1.0,0.01,00,13.5,F070W-F200W,6,0.3346111111111121,147
1.0,0.01,00,14.0,H-R,1,0.1857963182000406,277
1.0,0.01,00,14.0,H-R,2,0.16337975421300444,252
1.0,0.01,00,14.0,H-R,3,0.17543145747100897,209
1.0,0.01,00,14.0,H-R,4,0.14987797279819093,180
1.0,0.01,00,14.0,H-R,5,0.10555262229558204,92
1.0,0.01,00,14.0,H-R,6,0.08796591460419312,68
1.0,0.01,00,14.0,F070W-F200W,1,0.4567017543859624,230
1.0,0.01,00,14.0,F070W-F200W,2,0.42952173913043445,187
1.0,0.01,00,14.0,F070W-F200W,3,0.4394285714285697,255
1.0,0.01,00,14.0,F070W-F200W,4,0.3213076923076983,158
1.0,0.01,00,14.0,F070W-F200W,5,0.34495121951219687,166
1.0,0.01,00,14.0,F070W-F200W,6,0.32716666666666505,145
1.0,0.01,00,14.5,H-R,1,0.18449927777070152,274
1.0,0.01,00,14.5,H-R,2,0.16373254257917136,254
1.0,0.01,00,14.5,H-R,3,0.17317672533389827,206
1.0,0.01,00,14.5,H-R,4,0.1476025779934056,185
1.0,0.01,00,14.5,H-R,5,0.10293498358126407,92
1.0,0.01,00,14.5,H-R,6,0.08500980756077214,68
1.0,0.01,00,14.5,F070W-F200W,1,0.4531929824561409,231
1.0,0.01,00,14.5,F070W-F200W,2,0.41791489361702006,189
1.0,0.01,00,14.5,F070W-F200W,3,0.43516129032258277,250
1.0,0.01,00,14.5,F070W-F200W,4,0.3081842105263224,152
1.0,0.01,00,14.5,F070W-F200W,5,0.33634146341463556,166
1.0,0.01,00,14.5,F070W-F200W,6,0.31238888888888816,144
1.0,0.01,00,15.0,H-R,1,0.1841136778659347,271
1.0,0.01,00,15.0,H-R,2,0.16566222566044853,258
1.0,0.01,00,15.0,H-R,3,0.16974691919329454,204
1.0,0.01,00,15.0,H-R,4,0.14584238679710904,184
1.0,0.01,00,15.0,H-R,5,0.10489469160231502,94
1.0,0.01,00,15.0,H-R,6,0.08270063925544013,68
1.0,0.01,00,15.0,F070W-F200W,1,0.44670689655172424,232
1.0,0.01,00,15.0,F070W-F200W,2,0.39758695652173515,186
1.0,0.01,00,15.0,F070W-F200W,3,0.4357187499999977,256
1.0,0.01,00,15.0,F070W-F200W,4,0.3003611111111084,147
1.0,0.01,00,15.0,F070W-F200W,5,0.33147500000000285,163
1.0,0.01,00,15.0,F070W-F200W,6,0.314685714285714,142
1.0,0.01,00,15.5,H-R,1,0.18109526243381135,269
1.0,0.01,00,15.5,H-R,2,0.16432566177242802,260
1.0,0.01,00,15.5,H-R,3,0.16697484201816248,201
1.0,0.01,00,15.5,H-R,4,0.1447850247509228,187
1.0,0.01,00,15.5,H-R,5,0.10467323067487433,96
1.0,0.01,00,15.5,H-R,6,0.0797307650639516,68
1.0,0.01,00,15.5,F070W-F200W,1,0.4413103448275848,232
1.0,0.01,00,15.5,F070W-F200W,2,0.39043478260869513,185
1.0,0.01,00,15.5,F070W-F200W,3,0.4383593749999992,259
1.0,0.01,00,15.5,F070W-F200W,4,0.2837142857142876,141
1.0,0.01,00,15.5,F070W-F200W,5,0.321390243902437,164
1.0,0.01,00,15.5,F070W-F200W,6,0.2973142857142843,143
1.0,0.01,00,16.0,H-R,1,0.18142920147877173,268
1.0,0.01,00,16.0,H-R,2,0.16396680420155496,260
1.0,0.01,00,16.0,H-R,3,0.16686883021639476,199
1.0,0.01,00,16.0,H-R,4,0.1424380775706866,186
1.0,0.01,00,16.0,H-R,5,0.10492208607046538,98
1.0,0.01,00,16.0,H-R,6,0.08270289976368672,70
1.0,0.01,00,16.0,F070W-F200W,1,0.4419661016949128,237
1.0,0.01,00,16.0,F070W-F200W,2,0.3681136363636366,179
1.0,0.01,00,16.0,F070W-F200W,3,0.42707812499999953,256
1.0,0.01,00,16.0,F070W-F200W,4,0.2734705882352948,139
1.0,0.01,00,16.0,F070W-F200W,5,0.3170975609756095,165
1.0,0.01,00,16.0,F070W-F200W,6,0.2881142857142809,140
1.0,0.01,00,16.5,H-R,1,0.17968879083311995,264
1.0,0.01,00,16.5,H-R,2,0.16524705994789546,264
1.0,0.01,00,16.5,H-R,3,0.16216124681884758,195
1.0,0.01,00,16.5,H-R,4,0.1406049069529045,189
1.0,0.01,00,16.5,H-R,5,0.10251197816212398,100
1.0,0.01,00,16.5,H-R,6,0.08336279335998631,71
1.0,0.01,00,16.5,F070W-F200W,1,0.44367796610169385,237
1.0,0.01,00,16.5,F070W-F200W,2,0.35608888888888934,181
1.0,0.01,00,16.5,F070W-F200W,3,0.41714285714285637,252
1.0,0.01,00,16.5,F070W-F200W,4,0.2619411764705877,136
1.0,0.01,00,16.5,F070W-F200W,5,0.3083902439024371,165
1.0,0.01,00,16.5,F070W-F200W,6,0.2813428571428602,140
1.0,0.01,00,17.0,H-R,1,0.17905395303799576,263
1.0,0.01,00,17.0,H-R,2,0.16259573268518257,260
1.0,0.01,00,17.0,H-R,3,0.16445836292920424,195
1.0,0.01,00,17.0,H-R,4,0.14094772080027718,192
1.0,0.01,00,17.0,H-R,5,0.10121945960840883,101
1.0,0.01,00,17.0,H-R,6,0.07772507837664167,72
1.0,0.01,00,17.0,F070W-F200W,1,0.43798245614035025,230
1.0,0.01,00,17.0,F070W-F200W,2,0.35347826086956324,186
1.0,0.01,00,17.0,F070W-F200W,3,0.40498360655737997,245
1.0,0.01,00,17.0,F070W-F200W,4,0.2547352941176477,137
1.0,0.01,00,17.0,F070W-F200W,5,0.2978292682926824,164
1.0,0.01,00,17.0,F070W-F200W,6,0.2772058823529431,138
1.0,0.01,00,17.5,H-R,1,0.17695112134673763,261
1.0,0.01,00,17.5,H-R,2,0.16270025401734634,261
1.0,0.01,00,17.5,H-R,3,0.16237790570437838,194
1.0,0.01,00,17.5,H-R,4,0.13882430131918766,193
1.0,0.01,00,17.5,H-R,5,0.10032519763141434,102
1.0,0.01,00,17.5,H-R,6,0.07813131325382416,72
1.0,0.01,00,17.5,F070W-F200W,1,0.44022807017543997,229
1.0,0.01,00,17.5,F070W-F200W,2,0.35823913043478584,187
1.0,0.01,00,17.5,F070W-F200W,3,0.40128333333333543,243
1.0,0.01,00,17.5,F070W-F200W,4,0.24460606060605805,132
1.0,0.01,00,17.5,F070W-F200W,5,0.29370731707317255,164
1.0,0.01,00,17.5,F070W-F200W,6,0.2737058823529388,137
1.0,0.01,00,18.0,H-R,1,0.1774547465195493,261
1.0,0.01,00,18.0,H-R,2,0.16252448339692283,259
1.0,0.01,00,18.0,H-R,3,0.16033805043509775,189
1.0,0.01,00,18.0,H-R,4,0.14133485367376863,197
1.0,0.01,00,18.0,H-R,5,0.10467031779921054,105
1.0,0.01,00,18.0,H-R,6,0.07955481361785144,74
1.0,0.01,00,18.0,F070W-F200W,1,0.4275272727272732,222
1.0,0.01,00,18.0,F070W-F200W,2,0.3731458333333322,195
1.0,0.01,00,18.0,F070W-F200W,3,0.4067166666666697,243
1.0,0.01,00,18.0,F070W-F200W,4,0.22912903225806858,124
1.0,0.01,00,18.0,F070W-F200W,5,0.2945121951219516,166
1.0,0.01,00,18.0,F070W-F200W,6,0.26969696969696777,133
1.0,0.01,00,18.5,H-R,1,0.17834306687987822,261
1.0,0.01,00,18.5,H-R,2,0.16129990725636145,258
1.0,0.01,00,18.5,H-R,3,0.16004785668184063,187
1.0,0.01,00,18.5,H-R,4,0.14309838249609386,199
1.0,0.01,00,18.5,H-R,5,0.10686424892771851,106
1.0,0.01,00,18.5,H-R,6,0.0787596054820976,74
1.0,0.01,00,18.5,F070W-F200W,1,0.44159259259259365,218
1.0,0.01,00,18.5,F070W-F200W,2,0.38235416666666566,193
1.0,0.01,00,18.5,F070W-F200W,3,0.41578688524590035,245
1.0,0.01,00,18.5,F070W-F200W,4,0.22741379310344811,119
1.0,0.01,00,18.5,F070W-F200W,5,0.2914878048780487,165
1.0,0.01,00,18.5,F070W-F200W,6,0.2697575757575823,133
1.0,0.01,00,19.0,H-R,1,0.17913890373728392,261
1.0,0.01,00,19.0,H-R,2,0.15964879333261894,256
1.0,0.01,00,19.0,H-R,3,0.15759339059775024,186
1.0,0.01,00,19.0,H-R,4,0.14140215702764514,199
1.0,0.01,00,19.0,H-R,5,0.10751267878285087,109
1.0,0.01,00,19.0,H-R,6,0.07815423735832616,74
1.0,0.01,00,19.0,F070W-F200W,1,0.44483333333332986,217
1.0,0.01,00,19.0,F070W-F200W,2,0.3898775510204082,199
1.0,0.01,00,19.0,F070W-F200W,3,0.4016440677966102,236
1.0,0.01,00,19.0,F070W-F200W,4,0.224413793103448,119
1.0,0.01,00,19.0,F070W-F200W,5,0.2877073170731723,164
1.0,0.01,00,19.0,F070W-F200W,6,0.2640909090909105,132
1.0,0.01,00,19.5,H-R,1,0.17779166470642505,260
1.0,0.01,00,19.5,H-R,2,0.15889440934292187,254
1.0,0.01,00,19.5,H-R,3,0.15621593092756725,185
1.0,0.01,00,19.5,H-R,4,0.14099992002325257,202
1.0,0.01,00,19.5,H-R,5,0.10659184272429356,110
1.0,0.01,00,19.5,H-R,6,0.07619307870095415,75
1.0,0.01,00,19.5,F070W-F200W,1,0.4292641509433963,212
1.0,0.01,00,19.5,F070W-F200W,2,0.3779795918367377,197
1.0,0.01,00,19.5,F070W-F200W,3,0.4029661016949131,237
1.0,0.01,00,19.5,F070W-F200W,4,0.2199999999999971,118
1.0,0.01,00,19.5,F070W-F200W,5,0.28259999999999863,162
1.0,0.01,00,19.5,F070W-F200W,6,0.25041935483871036,127
1.0,0.01,00,20.0,H-R,1,0.17627280584257643,257
1.0,0.01,00,20.0,H-R,2,0.15919263481225654,254
1.0,0.01,00,20.0,H-R,3,0.15894247361758862,187
1.0,0.01,00,20.0,H-R,4,0.13966668492592782,199
1.0,0.01,00,20.0,H-R,5,0.11113333881698839,114
1.0,0.01,00,20.0,H-R,6,0.07596697299463928,75
1.0,0.01,00,20.0,F070W-F200W,1,0.4357169811320798,212
1.0,0.01,00,20.0,F070W-F200W,2,0.3740416666666686,195
1.0,0.01,00,20.0,F070W-F200W,3,0.40055172413793194,235
1.0,0.01,00,20.0,F070W-F200W,4,0.2181034482758637,117
1.0,0.01,00,20.0,F070W-F200W,5,0.2758749999999992,161
1.0,0.01,00,20.0,F070W-F200W,6,0.2451935483871015,127
1.0,0.03,00,1.0,H-R,1,0.14394198005549352,210
1.0,0.03,00,1.0,H-R,2,0.09664110695130745,148
1.0,0.03,00,1.0,H-R,3,0.07104703612399821,134
1.0,0.03,00,1.0,H-R,4,0.06409735885974166,126
1.0,0.03,00,1.0,H-R,5,0.0642026115412187,75
1.0,0.03,00,1.0,H-R,6,0.055719300922177584,89
1.0,0.03,00,1.0,F070W-F200W,1,0.1238095238095216,84
1.0,0.03,00,1.0,F070W-F200W,2,0.11284615384615293,52
1.0,0.03,00,1.0,F070W-F200W,3,0.13496153846153547,104
1.0,0.03,00,1.0,F070W-F200W,4,0.2315581395348829,172
1.0,0.03,00,1.0,F070W-F200W,5,0.3417399999999997,200
1.0,0.03,00,1.0,F070W-F200W,6,0.2983571428571441,171
1.0,0.03,00,1.5,H-R,1,0.18791967765287965,242
1.0,0.03,00,1.5,H-R,2,0.17028669958404619,173
1.0,0.03,00,1.5,H-R,3,0.18849170672345172,150
1.0,0.03,00,1.5,H-R,4,0.15853468454904196,144
1.0,0.03,00,1.5,H-R,5,0.14225647307844802,85
1.0,0.03,00,1.5,H-R,6,0.1289388757571529,108
1.0,0.03,00,1.5,F070W-F200W,1,0.37215999999999916,103
1.0,0.03,00,1.5,F070W-F200W,2,0.44421428571428656,58
1.0,0.03,00,1.5,F070W-F200W,3,0.5785428571428568,142
1.0,0.03,00,1.5,F070W-F200W,4,0.6889183673469379,197
1.0,0.03,00,1.5,F070W-F200W,5,0.6328035714285694,227
1.0,0.03,00,1.5,F070W-F200W,6,0.4837555555555557,181
1.0,0.03,00,2.0,H-R,1,0.22848990979481076,258
1.0,0.03,00,2.0,H-R,2,0.23955270184663535,185
1.0,0.03,00,2.0,H-R,3,0.24691507600186002,148
1.0,0.03,00,2.0,H-R,4,0.22900250353305962,139
1.0,0.03,00,2.0,H-R,5,0.19256443415499502,89
1.0,0.03,00,2.0,H-R,6,0.20286967714284965,109
1.0,0.03,00,2.0,F070W-F200W,1,0.6311153846153843,104
1.0,0.03,00,2.0,F070W-F200W,2,0.5979523809523801,87
1.0,0.03,00,2.0,F070W-F200W,3,0.8429249999999993,163
1.0,0.03,00,2.0,F070W-F200W,4,0.9049591836734692,197
1.0,0.03,00,2.0,F070W-F200W,5,0.8252692307692318,211
1.0,0.03,00,2.0,F070W-F200W,6,0.6228000000000016,203
1.0,0.03,00,2.5,H-R,1,0.213052322298114,298
1.0,0.03,00,2.5,H-R,2,0.18877919900791806,204
1.0,0.03,00,2.5,H-R,3,0.17624692039605716,146
1.0,0.03,00,2.5,H-R,4,0.16499910749482893,132
1.0,0.03,00,2.5,H-R,5,0.13892243548898475,93
1.0,0.03,00,2.5,H-R,6,0.15720724086437776,106
1.0,0.03,00,2.5,F070W-F200W,1,0.49984615384614983,105
1.0,0.03,00,2.5,F070W-F200W,2,0.5432499999999969,112
1.0,0.03,00,2.5,F070W-F200W,3,0.6847045454545455,177
1.0,0.03,00,2.5,F070W-F200W,4,0.6485199999999995,202
1.0,0.03,00,2.5,F070W-F200W,5,0.6123725490196055,207
1.0,0.03,00,2.5,F070W-F200W,6,0.5197719298245591,230
1.0,0.03,00,3.0,H-R,1,0.21236006584409495,323
1.0,0.03,00,3.0,H-R,2,0.15915223298802283,228
1.0,0.03,00,3.0,H-R,3,0.1476807529930979,147
1.0,0.03,00,3.0,H-R,4,0.1333290938032199,130
1.0,0.03,00,3.0,H-R,5,0.11829664990954902,98
1.0,0.03,00,3.0,H-R,6,0.13113557419697852,95
1.0,0.03,00,3.0,F070W-F200W,1,0.3957307692307701,104
1.0,0.03,00,3.0,F070W-F200W,2,0.47357575757575887,133
1.0,0.03,00,3.0,F070W-F200W,3,0.5574782608695656,184
1.0,0.03,00,3.0,F070W-F200W,4,0.5020545454545413,222
1.0,0.03,00,3.0,F070W-F200W,5,0.5645849056603769,212
1.0,0.03,00,3.0,F070W-F200W,6,0.46970689655172393,235
1.0,0.03,00,3.5,H-R,1,0.19700607866256736,363
1.0,0.03,00,3.5,H-R,2,0.14276378451991922,250
1.0,0.03,00,3.5,H-R,3,0.13395301811559712,158
1.0,0.03,00,3.5,H-R,4,0.11319527900495274,127
1.0,0.03,00,3.5,H-R,5,0.1013400590316127,100
1.0,0.03,00,3.5,H-R,6,0.10319471184511109,82
1.0,0.03,00,3.5,F070W-F200W,1,0.3639600000000005,103
1.0,0.03,00,3.5,F070W-F200W,2,0.42197499999999977,160
1.0,0.03,00,3.5,F070W-F200W,3,0.47706382978723383,188
1.0,0.03,00,3.5,F070W-F200W,4,0.47006153846153786,260
1.0,0.03,00,3.5,F070W-F200W,5,0.4726071428571412,225
1.0,0.03,00,3.5,F070W-F200W,6,0.32742307692307726,208
1.0,0.03,00,4.0,H-R,1,0.18722389148956187,381
1.0,0.03,00,4.0,H-R,2,0.1356262587786159,257
1.0,0.03,00,4.0,H-R,3,0.1371382802886585,171
1.0,0.03,00,4.0,H-R,4,0.10897837111572628,133
1.0,0.03,00,4.0,H-R,5,0.09797572366918939,106
1.0,0.03,00,4.0,H-R,6,0.08818521532614165,73
1.0,0.03,00,4.0,F070W-F200W,1,0.34050000000000225,113
1.0,0.03,00,4.0,F070W-F200W,2,0.3877674418604684,175
1.0,0.03,00,4.0,F070W-F200W,3,0.40531372549019906,206
1.0,0.03,00,4.0,F070W-F200W,4,0.44404545454545463,264
1.0,0.03,00,4.0,F070W-F200W,5,0.43227419354838936,248
1.0,0.03,00,4.0,F070W-F200W,6,0.32925490196077867,207
1.0,0.03,00,4.5,H-R,1,0.1818322089177602,373
1.0,0.03,00,4.5,H-R,2,0.13564644415757487,264
1.0,0.03,00,4.5,H-R,3,0.141579369853702,189
1.0,0.03,00,4.5,H-R,4,0.10658935226244104,133
1.0,0.03,00,4.5,H-R,5,0.10058969213944569,108
1.0,0.03,00,4.5,H-R,6,0.09271568277869746,75
1.0,0.03,00,4.5,F070W-F200W,1,0.3636562500000018,131
1.0,0.03,00,4.5,F070W-F200W,2,0.4106956521739118,185
1.0,0.03,00,4.5,F070W-F200W,3,0.39820370370370206,216
1.0,0.03,00,4.5,F070W-F200W,4,0.44256716417910624,268
1.0,0.03,00,4.5,F070W-F200W,5,0.3902666666666672,242
1.0,0.03,00,4.5,F070W-F200W,6,0.3768983050847492,236
1.0,0.03,00,5.0,H-R,1,0.17896907277187046,377
1.0,0.03,00,5.0,H-R,2,0.14238014193826376,277
1.0,0.03,00,5.0,H-R,3,0.1431168931639144,195
1.0,0.03,00,5.0,H-R,4,0.10595150117985208,140
1.0,0.03,00,5.0,H-R,5,0.09765700479121808,115
1.0,0.03,00,5.0,H-R,6,0.10319364581606627,72
1.0,0.03,00,5.0,F070W-F200W,1,0.349142857142855,140
1.0,0.03,00,5.0,F070W-F200W,2,0.3968695652173917,185
1.0,0.03,00,5.0,F070W-F200W,3,0.4103166666666649,242
1.0,0.03,00,5.0,F070W-F200W,4,0.43001408450704304,286
1.0,0.03,00,5.0,F070W-F200W,5,0.3127090909090917,220
1.0,0.03,00,5.0,F070W-F200W,6,0.39367741935483735,248
1.0,0.03,00,5.5,H-R,1,0.174106020934373,376
1.0,0.03,00,5.5,H-R,2,0.153753765034359,295
1.0,0.03,00,5.5,H-R,3,0.1425495084022539,206
1.0,0.03,00,5.5,H-R,4,0.1089149262632707,151
1.0,0.03,00,5.5,H-R,5,0.1020951909137362,118
1.0,0.03,00,5.5,H-R,6,0.10807900173394624,62
1.0,0.03,00,5.5,F070W-F200W,1,0.33618421052631753,153
1.0,0.03,00,5.5,F070W-F200W,2,0.39409433962264373,212
1.0,0.03,00,5.5,F070W-F200W,3,0.3847031249999997,259
1.0,0.03,00,5.5,F070W-F200W,4,0.428405797101453,276
1.0,0.03,00,5.5,F070W-F200W,5,0.2604117647058839,206
1.0,0.03,00,5.5,F070W-F200W,6,0.40680327868852295,247
1.0,0.03,00,6.0,H-R,1,0.16764474928362483,382
1.0,0.03,00,6.0,H-R,2,0.15245283636581353,302
1.0,0.03,00,6.0,H-R,3,0.1407128465883527,217
1.0,0.03,00,6.0,H-R,4,0.10570103765156125,156
1.0,0.03,00,6.0,H-R,5,0.09817925169273833,122
1.0,0.03,00,6.0,H-R,6,0.099152964555418,62
1.0,0.03,00,6.0,F070W-F200W,1,0.30210526315789465,152
1.0,0.03,00,6.0,F070W-F200W,2,0.38450000000000273,227
1.0,0.03,00,6.0,F070W-F200W,3,0.3701549295774669,284
1.0,0.03,00,6.0,F070W-F200W,4,0.40440845070422604,284
1.0,0.03,00,6.0,F070W-F200W,5,0.22632653061224595,198
1.0,0.03,00,6.0,F070W-F200W,6,0.39323728813559455,236
1.0,0.03,00,6.5,H-R,1,0.16772708992875862,391
1.0,0.03,00,6.5,H-R,2,0.14835998767946856,302
1.0,0.03,00,6.5,H-R,3,0.13910694932562784,228
1.0,0.03,00,6.5,H-R,4,0.1060536647630963,161
1.0,0.03,00,6.5,H-R,5,0.09137471682626208,117
1.0,0.03,00,6.5,H-R,6,0.0974362884846578,66
1.0,0.03,00,6.5,F070W-F200W,1,0.2995000000000001,162
1.0,0.03,00,6.5,F070W-F200W,2,0.3708214285714302,227
1.0,0.03,00,6.5,F070W-F200W,3,0.3784400000000012,301
1.0,0.03,00,6.5,F070W-F200W,4,0.3808356164383522,293
1.0,0.03,00,6.5,F070W-F200W,5,0.22392307692307867,208
1.0,0.03,00,6.5,F070W-F200W,6,0.36380769230769516,211
1.0,0.03,00,7.0,H-R,1,0.16806087841010853,411
1.0,0.03,00,7.0,H-R,2,0.1506117816617598,305
1.0,0.03,00,7.0,H-R,3,0.14422395793055642,235
1.0,0.03,00,7.0,H-R,4,0.10674432707164927,162
1.0,0.03,00,7.0,H-R,5,0.09366150289732122,123
1.0,0.03,00,7.0,H-R,6,0.09095849232783271,61
1.0,0.03,00,7.0,F070W-F200W,1,0.3039756097560993,166
1.0,0.03,00,7.0,F070W-F200W,2,0.3940166666666638,242
1.0,0.03,00,7.0,F070W-F200W,3,0.3871333333333311,301
1.0,0.03,00,7.0,F070W-F200W,4,0.37433333333333607,289
1.0,0.03,00,7.0,F070W-F200W,5,0.24401754385964836,231
1.0,0.03,00,7.0,F070W-F200W,6,0.30302173913043795,186
1.0,0.03,00,7.5,H-R,1,0.17180787052704716,416
1.0,0.03,00,7.5,H-R,2,0.15386025233728762,307
1.0,0.03,00,7.5,H-R,3,0.14708806422389786,240
1.0,0.03,00,7.5,H-R,4,0.10987227207220829,165
1.0,0.03,00,7.5,H-R,5,0.09296951297182521,125
1.0,0.03,00,7.5,H-R,6,0.08193929639891284,57
1.0,0.03,00,7.5,F070W-F200W,1,0.30516279069767727,174
1.0,0.03,00,7.5,F070W-F200W,2,0.39374603174603173,253
1.0,0.03,00,7.5,F070W-F200W,3,0.38439189189189804,299
1.0,0.03,00,7.5,F070W-F200W,4,0.3686999999999987,281
1.0,0.03,00,7.5,F070W-F200W,5,0.26793333333333536,242
1.0,0.03,00,7.5,F070W-F200W,6,0.2817777777777781,181
1.0,0.03,00,8.0,H-R,1,0.1708628126536591,423
1.0,0.03,00,8.0,H-R,2,0.1473697488142205,304
1.0,0.03,00,8.0,H-R,3,0.14679579090622652,246
1.0,0.03,00,8.0,H-R,4,0.10788502075059436,166
1.0,0.03,00,8.0,H-R,5,0.08663332456523865,125
1.0,0.03,00,8.0,H-R,6,0.07254625158588734,56
1.0,0.03,00,8.0,F070W-F200W,1,0.3038181818181762,179
1.0,0.03,00,8.0,F070W-F200W,2,0.3815156249999987,257
1.0,0.03,00,8.0,F070W-F200W,3,0.3689189189189186,299
1.0,0.03,00,8.0,F070W-F200W,4,0.352173913043476,279
1.0,0.03,00,8.0,F070W-F200W,5,0.2528833333333349,242
1.0,0.03,00,8.0,F070W-F200W,6,0.24555555555555486,180
1.0,0.03,00,8.5,H-R,1,0.17419049324856695,428
1.0,0.03,00,8.5,H-R,2,0.14678844856078133,300
1.0,0.03,00,8.5,H-R,3,0.14907172615290953,250
1.0,0.03,00,8.5,H-R,4,0.10862596961533177,168
1.0,0.03,00,8.5,H-R,5,0.08635141050345974,131
1.0,0.03,00,8.5,H-R,6,0.04968442720991406,50
1.0,0.03,00,8.5,F070W-F200W,1,0.3271428571428565,197
1.0,0.03,00,8.5,F070W-F200W,2,0.3611311475409824,245
1.0,0.03,00,8.5,F070W-F200W,3,0.38194805194805603,311
1.0,0.03,00,8.5,F070W-F200W,4,0.3364179104477607,270
1.0,0.03,00,8.5,F070W-F200W,5,0.25659322033898135,239
1.0,0.03,00,8.5,F070W-F200W,6,0.24359090909090675,177
1.0,0.03,00,9.0,H-R,1,0.17275691223072176,421
1.0,0.03,00,9.0,H-R,2,0.15001832801574477,306
1.0,0.03,00,9.0,H-R,3,0.1502747621976992,253
1.0,0.03,00,9.0,H-R,4,0.11065526659656633,170
1.0,0.03,00,9.0,H-R,5,0.08752648930311091,131
1.0,0.03,00,9.0,H-R,6,0.047084219703416696,50
1.0,0.03,00,9.0,F070W-F200W,1,0.3197346938775496,198
1.0,0.03,00,9.0,F070W-F200W,2,0.36352380952381047,252
1.0,0.03,00,9.0,F070W-F200W,3,0.379743589743585,312
1.0,0.03,00,9.0,F070W-F200W,4,0.3236716417910461,268
1.0,0.03,00,9.0,F070W-F200W,5,0.26598245614034965,231
1.0,0.03,00,9.0,F070W-F200W,6,0.23947619047619284,171
1.0,0.03,00,9.5,H-R,1,0.17269378330786878,416
1.0,0.03,00,9.5,H-R,2,0.15234487081456205,312
1.0,0.03,00,9.5,H-R,3,0.14879946239213226,250
1.0,0.03,00,9.5,H-R,4,0.11372516818806555,175
1.0,0.03,00,9.5,H-R,5,0.0854670559318631,132
1.0,0.03,00,9.5,H-R,6,0.04771055490831644,50
1.0,0.03,00,9.5,F070W-F200W,1,0.3350192307692339,210
1.0,0.03,00,9.5,F070W-F200W,2,0.3684696969696972,264
1.0,0.03,00,9.5,F070W-F200W,3,0.3718311688311662,308
1.0,0.03,00,9.5,F070W-F200W,4,0.2949206349206399,254
1.0,0.03,00,9.5,F070W-F200W,5,0.26825000000000365,227
1.0,0.03,00,9.5,F070W-F200W,6,0.23458536585365763,167
1.0,0.03,00,10.0,H-R,1,0.17531776685278344,415
1.0,0.03,00,10.0,H-R,2,0.15258623975185692,311
1.0,0.03,00,10.0,H-R,3,0.14771869680615457,250
1.0,0.03,00,10.0,H-R,4,0.11370443443587286,178
1.0,0.03,00,10.0,H-R,5,0.08656815895196601,131
1.0,0.03,00,10.0,H-R,6,0.04939051541177886,53
1.0,0.03,00,10.0,F070W-F200W,1,0.3467999999999982,222
1.0,0.03,00,10.0,F070W-F200W,2,0.3630151515151532,267
1.0,0.03,00,10.0,F070W-F200W,3,0.36197333333333503,301
1.0,0.03,00,10.0,F070W-F200W,4,0.28959374999999987,256
1.0,0.03,00,10.0,F070W-F200W,5,0.270648148148144,217
1.0,0.03,00,10.0,F070W-F200W,6,0.23495121951219744,166
1.0,0.03,00,10.5,H-R,1,0.1727233551878955,409
1.0,0.03,00,10.5,H-R,2,0.15298731585371406,314
1.0,0.03,00,10.5,H-R,3,0.14716738661318374,252
1.0,0.03,00,10.5,H-R,4,0.1147102567642111,181
1.0,0.03,00,10.5,H-R,5,0.08253927922428872,130
1.0,0.03,00,10.5,H-R,6,0.04632466876455088,53
1.0,0.03,00,10.5,F070W-F200W,1,0.3435000000000006,225
1.0,0.03,00,10.5,F070W-F200W,2,0.35168181818181843,266
1.0,0.03,00,10.5,F070W-F200W,3,0.3619199999999996,302
1.0,0.03,00,10.5,F070W-F200W,4,0.27468750000000064,256
1.0,0.03,00,10.5,F070W-F200W,5,0.2575000000000003,209
1.0,0.03,00,10.5,F070W-F200W,6,0.2273999999999976,163
1.0,0.03,00,11.0,H-R,1,0.16934744823943237,398
1.0,0.03,00,11.0,H-R,2,0.1575887227663033,324
1.0,0.03,00,11.0,H-R,3,0.1454129183099384,249
1.0,0.03,00,11.0,H-R,4,0.11700292417995994,185
1.0,0.03,00,11.0,H-R,5,0.08201910242454069,130
1.0,0.03,00,11.0,H-R,6,0.049015890482185576,54
1.0,0.03,00,11.0,F070W-F200W,1,0.35520689655172255,234
1.0,0.03,00,11.0,F070W-F200W,2,0.3489545454545464,267
1.0,0.03,00,11.0,F070W-F200W,3,0.35504109589040844,295
1.0,0.03,00,11.0,F070W-F200W,4,0.27515624999999844,259
1.0,0.03,00,11.0,F070W-F200W,5,0.25845999999999947,203
1.0,0.03,00,11.0,F070W-F200W,6,0.22889999999999944,162
1.0,0.03,00,11.5,H-R,1,0.1682248689393091,393
1.0,0.03,00,11.5,H-R,2,0.15869756453187445,326
1.0,0.03,00,11.5,H-R,3,0.1449923210602817,248
1.0,0.03,00,11.5,H-R,4,0.11837010846164042,188
1.0,0.03,00,11.5,H-R,5,0.08197566397437406,130
1.0,0.03,00,11.5,H-R,6,0.049725407706843416,55
1.0,0.03,00,11.5,F070W-F200W,1,0.37021666666666597,243
1.0,0.03,00,11.5,F070W-F200W,2,0.33525396825396747,255
1.0,0.03,00,11.5,F070W-F200W,3,0.3697866666666716,303
1.0,0.03,00,11.5,F070W-F200W,4,0.26541935483871093,250
1.0,0.03,00,11.5,F070W-F200W,5,0.2597755102040793,199
1.0,0.03,00,11.5,F070W-F200W,6,0.2310749999999988,162
1.0,0.03,00,12.0,H-R,1,0.16992315574783268,393
1.0,0.03,00,12.0,H-R,2,0.15869496697442398,326
1.0,0.03,00,12.0,H-R,3,0.1448200559439501,248
1.0,0.03,00,12.0,H-R,4,0.11840137348950708,188
1.0,0.03,00,12.0,H-R,5,0.0831449044767072,131
1.0,0.03,00,12.0,H-R,6,0.05005384185804851,57
1.0,0.03,00,12.0,F070W-F200W,1,0.3687166666666659,242
1.0,0.03,00,12.0,F070W-F200W,2,0.33842187500000165,257
1.0,0.03,00,12.0,F070W-F200W,3,0.3733466666666665,301
1.0,0.03,00,12.0,F070W-F200W,4,0.25845901639344504,244
1.0,0.03,00,12.0,F070W-F200W,5,0.26132653061224254,198
1.0,0.03,00,12.0,F070W-F200W,6,0.22947499999999899,160
1.0,0.03,00,12.5,H-R,1,0.16823196697461218,387
1.0,0.03,00,12.5,H-R,2,0.16015060883859333,330
1.0,0.03,00,12.5,H-R,3,0.14529305599285314,248
1.0,0.03,00,12.5,H-R,4,0.11978685002913614,189
1.0,0.03,00,12.5,H-R,5,0.0830544875547563,132
1.0,0.03,00,12.5,H-R,6,0.05064167703415756,58
1.0,0.03,00,12.5,F070W-F200W,1,0.3753934426229506,246
1.0,0.03,00,12.5,F070W-F200W,2,0.3453538461538468,261
1.0,0.03,00,12.5,F070W-F200W,3,0.3834933333333357,301
1.0,0.03,00,12.5,F070W-F200W,4,0.25101694915254136,236
1.0,0.03,00,12.5,F070W-F200W,5,0.26206122448979663,196
1.0,0.03,00,12.5,F070W-F200W,6,0.22779487179486857,159
1.0,0.03,00,13.0,H-R,1,0.16617249037474235,384
1.0,0.03,00,13.0,H-R,2,0.1606657787312311,333
1.0,0.03,00,13.0,H-R,3,0.14254350085500134,243
1.0,0.03,00,13.0,H-R,4,0.12302938594310886,195
1.0,0.03,00,13.0,H-R,5,0.08178689149866814,132
1.0,0.03,00,13.0,H-R,6,0.0542981400335667,64
1.0,0.03,00,13.0,F070W-F200W,1,0.3900923076923064,260
1.0,0.03,00,13.0,F070W-F200W,2,0.3257499999999993,257
1.0,0.03,00,13.0,F070W-F200W,3,0.3835135135135115,297
1.0,0.03,00,13.0,F070W-F200W,4,0.237228070175437,229
1.0,0.03,00,13.0,F070W-F200W,5,0.2516041666666702,192
1.0,0.03,00,13.0,F070W-F200W,6,0.2270249999999976,160
1.0,0.03,00,13.5,H-R,1,0.1657409154899525,381
1.0,0.03,00,13.5,H-R,2,0.16013106177852876,331
1.0,0.03,00,13.5,H-R,3,0.14165245931661352,244
1.0,0.03,00,13.5,H-R,4,0.12317535066559393,197
1.0,0.03,00,13.5,H-R,5,0.08106187817930555,133
1.0,0.03,00,13.5,H-R,6,0.05488654895488332,65
1.0,0.03,00,13.5,F070W-F200W,1,0.4027014925373127,269
1.0,0.03,00,13.5,F070W-F200W,2,0.32087878787878843,264
1.0,0.03,00,13.5,F070W-F200W,3,0.3648571428571419,281
1.0,0.03,00,13.5,F070W-F200W,4,0.23246428571428446,227
1.0,0.03,00,13.5,F070W-F200W,5,0.25302083333333236,192
1.0,0.03,00,13.5,F070W-F200W,6,0.22689743589743472,156
1.0,0.03,00,14.0,H-R,1,0.16701253110984782,379
1.0,0.03,00,14.0,H-R,2,0.15823917616760586,328
1.0,0.03,00,14.0,H-R,3,0.1428591955028542,247
1.0,0.03,00,14.0,H-R,4,0.12357138547826496,198
1.0,0.03,00,14.0,H-R,5,0.08513618294955982,135
1.0,0.03,00,14.0,H-R,6,0.057736221284338196,66
1.0,0.03,00,14.0,F070W-F200W,1,0.42013043478261203,277
1.0,0.03,00,14.0,F070W-F200W,2,0.31327692307692345,260
1.0,0.03,00,14.0,F070W-F200W,3,0.3721571428571444,282
1.0,0.03,00,14.0,F070W-F200W,4,0.2330000000000041,221
1.0,0.03,00,14.0,F070W-F200W,5,0.2606808510638263,191
1.0,0.03,00,14.0,F070W-F200W,6,0.22866666666666724,156
1.0,0.03,00,14.5,H-R,1,0.16601940023005168,377
1.0,0.03,00,14.5,H-R,2,0.15774586804802126,328
1.0,0.03,00,14.5,H-R,3,0.14151517777523948,247
1.0,0.03,00,14.5,H-R,4,0.12248634374210177,200
1.0,0.03,00,14.5,H-R,5,0.08428546828869576,136
1.0,0.03,00,14.5,H-R,6,0.05863570769622806,69
1.0,0.03,00,14.5,F070W-F200W,1,0.41439130434782534,276
1.0,0.03,00,14.5,F070W-F200W,2,0.30539062500000114,259
1.0,0.03,00,14.5,F070W-F200W,3,0.37573239436619943,286
1.0,0.03,00,14.5,F070W-F200W,4,0.21888679245282816,215
1.0,0.03,00,14.5,F070W-F200W,5,0.24873913043477813,186
1.0,0.03,00,14.5,F070W-F200W,6,0.22447368421052794,154
1.0,0.03,00,15.0,H-R,1,0.1664254715188369,376
1.0,0.03,00,15.0,H-R,2,0.1556848393668171,324
1.0,0.03,00,15.0,H-R,3,0.14173556848395652,249
1.0,0.03,00,15.0,H-R,4,0.12489640485567954,202
1.0,0.03,00,15.0,H-R,5,0.0840729896973027,137
1.0,0.03,00,15.0,H-R,6,0.05727544555097852,69
1.0,0.03,00,15.0,F070W-F200W,1,0.4265571428571402,281
1.0,0.03,00,15.0,F070W-F200W,2,0.2984761904761921,255
1.0,0.03,00,15.0,F070W-F200W,3,0.36665217391304417,279
1.0,0.03,00,15.0,F070W-F200W,4,0.21869811320754806,215
1.0,0.03,00,15.0,F070W-F200W,5,0.24897826086956165,186
1.0,0.03,00,15.0,F070W-F200W,6,0.22056756756757245,150
1.0,0.03,00,15.5,H-R,1,0.16632843300294664,376
1.0,0.03,00,15.5,H-R,2,0.15614746462222495,323
1.0,0.03,00,15.5,H-R,3,0.1410118006301153,248
1.0,0.03,00,15.5,H-R,4,0.12483048276938558,204
1.0,0.03,00,15.5,H-R,5,0.08579287946942848,138
1.0,0.03,00,15.5,H-R,6,0.056884817446102964,69
1.0,0.03,00,15.5,F070W-F200W,1,0.4223768115942015,277
1.0,0.03,00,15.5,F070W-F200W,2,0.29296875,257
1.0,0.03,00,15.5,F070W-F200W,3,0.36105797101449255,278
1.0,0.03,00,15.5,F070W-F200W,4,0.20686538461538362,210
1.0,0.03,00,15.5,F070W-F200W,5,0.24749999999999872,184
1.0,0.03,00,15.5,F070W-F200W,6,0.22129729729729597,150
1.0,0.03,00,16.0,H-R,1,0.16570818475949656,374
1.0,0.03,00,16.0,H-R,2,0.15596252660066345,323
1.0,0.03,00,16.0,H-R,3,0.13878204885390355,245
1.0,0.03,00,16.0,H-R,4,0.12766873166198844,209
1.0,0.03,00,16.0,H-R,5,0.08371326351303598,138
1.0,0.03,00,16.0,H-R,6,0.05565112790194693,69
1.0,0.03,00,16.0,F070W-F200W,1,0.40645454545454385,266
1.0,0.03,00,16.0,F070W-F200W,2,0.2961076923076913,261
1.0,0.03,00,16.0,F070W-F200W,3,0.3621449275362316,279
1.0,0.03,00,16.0,F070W-F200W,4,0.1999038461538447,208
1.0,0.03,00,16.0,F070W-F200W,5,0.2399333333333331,180
1.0,0.03,00,16.0,F070W-F200W,6,0.21989189189189418,150
1.0,0.03,00,16.5,H-R,1,0.16598128101337584,371
1.0,0.03,00,16.5,H-R,2,0.15765917873176427,326
1.0,0.03,00,16.5,H-R,3,0.1382668013740156,243
1.0,0.03,00,16.5,H-R,4,0.12738101841707827,208
1.0,0.03,00,16.5,H-R,5,0.08733097237553689,141
1.0,0.03,00,16.5,H-R,6,0.055697762832044306,69
1.0,0.03,00,16.5,F070W-F200W,1,0.40152307692307687,260
1.0,0.03,00,16.5,F070W-F200W,2,0.29698437500000274,259
1.0,0.03,00,16.5,F070W-F200W,3,0.3633768115942022,279
1.0,0.03,00,16.5,F070W-F200W,4,0.20492156862745325,206
1.0,0.03,00,16.5,F070W-F200W,5,0.2464090909090899,179
1.0,0.03,00,16.5,F070W-F200W,6,0.22116666666666163,147
1.0,0.03,00,17.0,H-R,1,0.1653256348074572,369
1.0,0.03,00,17.0,H-R,2,0.15781100991746566,325
1.0,0.03,00,17.0,H-R,3,0.1382961538857188,244
1.0,0.03,00,17.0,H-R,4,0.12675425582256827,207
1.0,0.03,00,17.0,H-R,5,0.0908531663718144,144
1.0,0.03,00,17.0,H-R,6,0.056162247603643856,69
1.0,0.03,00,17.0,F070W-F200W,1,0.39839062499999756,258
1.0,0.03,00,17.0,F070W-F200W,2,0.3049692307692329,263
1.0,0.03,00,17.0,F070W-F200W,3,0.3615294117647032,275
1.0,0.03,00,17.0,F070W-F200W,4,0.20425490196078044,207
1.0,0.03,00,17.0,F070W-F200W,5,0.24437209302325336,174
1.0,0.03,00,17.0,F070W-F200W,6,0.21799999999999642,146
1.0,0.03,00,17.5,H-R,1,0.16534064003672477,369
1.0,0.03,00,17.5,H-R,2,0.15551447153600284,321
1.0,0.03,00,17.5,H-R,3,0.13738392136647293,244
1.0,0.03,00,17.5,H-R,4,0.1251612077021227,208
1.0,0.03,00,17.5,H-R,5,0.09040135993149545,146
1.0,0.03,00,17.5,H-R,6,0.0570082346738654,70
1.0,0.03,00,17.5,F070W-F200W,1,0.3935781250000012,257
1.0,0.03,00,17.5,F070W-F200W,2,0.3064848484848479,265
1.0,0.03,00,17.5,F070W-F200W,3,0.3547761194029846,270
1.0,0.03,00,17.5,F070W-F200W,4,0.1971000000000025,203
1.0,0.03,00,17.5,F070W-F200W,5,0.23676744186046328,173
1.0,0.03,00,17.5,F070W-F200W,6,0.2162777777777798,145
1.0,0.03,00,18.0,H-R,1,0.166140446766752,368
1.0,0.03,00,18.0,H-R,2,0.1543728571771965,317
1.0,0.03,00,18.0,H-R,3,0.13773813554106473,243
1.0,0.03,00,18.0,H-R,4,0.12880742918583166,212
1.0,0.03,00,18.0,H-R,5,0.0930363977995925,149
1.0,0.03,00,18.0,H-R,6,0.05797073201786995,70
1.0,0.03,00,18.0,F070W-F200W,1,0.39168253968253985,252
1.0,0.03,00,18.0,F070W-F200W,2,0.3085303030303024,264
1.0,0.03,00,18.0,F070W-F200W,3,0.35985294117647015,272
1.0,0.03,00,18.0,F070W-F200W,4,0.19691836734694412,197
1.0,0.03,00,18.0,F070W-F200W,5,0.24527906976744163,175
1.0,0.03,00,18.0,F070W-F200W,6,0.2143142857142859,140
1.0,0.03,00,18.5,H-R,1,0.16601623594372228,366
1.0,0.03,00,18.5,H-R,2,0.15417019222026385,315
1.0,0.03,00,18.5,H-R,3,0.13684564676846955,244
1.0,0.03,00,18.5,H-R,4,0.12943470655867717,213
1.0,0.03,00,18.5,H-R,5,0.09646975906969213,151
1.0,0.03,00,18.5,H-R,6,0.06042872052601855,71
1.0,0.03,00,18.5,F070W-F200W,1,0.39731746031745985,254
1.0,0.03,00,18.5,F070W-F200W,2,0.31379104477611897,268
1.0,0.03,00,18.5,F070W-F200W,3,0.3534328358208967,269
1.0,0.03,00,18.5,F070W-F200W,4,0.18904255319148788,191
1.0,0.03,00,18.5,F070W-F200W,5,0.24811363636363737,176
1.0,0.03,00,18.5,F070W-F200W,6,0.21208823529411802,137
1.0,0.03,00,19.0,H-R,1,0.16580664218424168,366
1.0,0.03,00,19.0,H-R,2,0.15220291860772894,313
1.0,0.03,00,19.0,H-R,3,0.13802200219308558,247
1.0,0.03,00,19.0,H-R,4,0.1247893493885277,207
1.0,0.03,00,19.0,H-R,5,0.09872584874904566,156
1.0,0.03,00,19.0,H-R,6,0.059721295747098946,72
1.0,0.03,00,19.0,F070W-F200W,1,0.39423809523809084,254
1.0,0.03,00,19.0,F070W-F200W,2,0.3023538461538475,262
1.0,0.03,00,19.0,F070W-F200W,3,0.3555147058823511,272
1.0,0.03,00,19.0,F070W-F200W,4,0.18045652173912963,186
1.0,0.03,00,19.0,F070W-F200W,5,0.24381818181818282,176
1.0,0.03,00,19.0,F070W-F200W,6,0.20694117647058619,136
1.0,0.03,00,19.5,H-R,1,0.16484005810395708,364
1.0,0.03,00,19.5,H-R,2,0.15364642149743668,314
1.0,0.03,00,19.5,H-R,3,0.13464171410110737,241
1.0,0.03,00,19.5,H-R,4,0.12519248256058702,209
1.0,0.03,00,19.5,H-R,5,0.1014372782650339,160
1.0,0.03,00,19.5,H-R,6,0.05750151878433574,72
1.0,0.03,00,19.5,F070W-F200W,1,0.3954374999999999,257
1.0,0.03,00,19.5,F070W-F200W,2,0.2989999999999995,257
1.0,0.03,00,19.5,F070W-F200W,3,0.35541791044776083,270
1.0,0.03,00,19.5,F070W-F200W,4,0.1753777777777792,181
1.0,0.03,00,19.5,F070W-F200W,5,0.24327906976744273,175
1.0,0.03,00,19.5,F070W-F200W,6,0.2086470588235283,138
1.0,0.03,00,20.0,H-R,1,0.16568079367546007,350
1.0,0.03,00,20.0,H-R,2,0.15175093979229715,292
1.0,0.03,00,20.0,H-R,3,0.13506733536940208,227
1.0,0.03,00,20.0,H-R,4,0.1269627979535899,197
1.0,0.03,00,20.0,H-R,5,0.1026023633477795,156
1.0,0.03,00,20.0,H-R,6,0.060450601060964226,74
1.0,0.03,00,20.0,F070W-F200W,1,0.393728813559326,236
1.0,0.03,00,20.0,F070W-F200W,2,0.3048064516128992,248
1.0,0.03,00,20.0,F070W-F200W,3,0.354375000000001,258
1.0,0.03,00,20.0,F070W-F200W,4,0.16933333333333245,169
1.0,0.03,00,20.0,F070W-F200W,5,0.24302380952380886,169
1.0,0.03,00,20.0,F070W-F200W,6,0.2112727272727284,133
1.0,0.1,00,1.0,H-R,1,0.13569217454691263,177
1.0,0.1,00,1.0,H-R,2,0.09016686167156818,143
1.0,0.1,00,1.0,H-R,3,0.067966559883614,149
1.0,0.1,00,1.0,H-R,4,0.06493755361462861,118
1.0,0.1,00,1.0,H-R,5,0.06227713845210764,95
1.0,0.1,00,1.0,H-R,6,0.05998924748392348,65
1.0,0.1,00,1.0,F070W-F200W,1,0.12628571428571433,58
1.0,0.1,00,1.0,F070W-F200W,2,0.12305263157894508,76
1.0,0.1,00,1.0,F070W-F200W,3,0.14469565217391356,95
1.0,0.1,00,1.0,F070W-F200W,4,0.2256595744680876,190
1.0,0.1,00,1.0,F070W-F200W,5,0.31338636363635786,178
1.0,0.1,00,1.0,F070W-F200W,6,0.2909729729729751,150
1.0,0.1,00,1.5,H-R,1,0.13051561515991306,195
1.0,0.1,00,1.5,H-R,2,0.11329855294738711,149
1.0,0.1,00,1.5,H-R,3,0.12975052842015422,153
1.0,0.1,00,1.5,H-R,4,0.10305035807515894,109
1.0,0.1,00,1.5,H-R,5,0.09878216660938277,96
1.0,0.1,00,1.5,H-R,6,0.0915894270636789,67
1.0,0.1,00,1.5,F070W-F200W,1,0.2502352941176458,68
1.0,0.1,00,1.5,F070W-F200W,2,0.2845499999999994,82
1.0,0.1,00,1.5,F070W-F200W,3,0.3298749999999995,129
1.0,0.1,00,1.5,F070W-F200W,4,0.4689333333333323,182
1.0,0.1,00,1.5,F070W-F200W,5,0.385658536585364,166
1.0,0.1,00,1.5,F070W-F200W,6,0.3416190476190497,168
1.0,0.1,00,2.0,H-R,1,0.11755134144808088,228
1.0,0.1,00,2.0,H-R,2,0.08718754471142776,161
1.0,0.1,00,2.0,H-R,3,0.10623944195754964,152
1.0,0.1,00,2.0,H-R,4,0.08271994442527586,103
1.0,0.1,00,2.0,H-R,5,0.0823543499676046,102
1.0,0.1,00,2.0,H-R,6,0.07912479281219686,63
1.0,0.1,00,2.0,F070W-F200W,1,0.20871428571428474,84
1.0,0.1,00,2.0,F070W-F200W,2,0.24436363636363723,88
1.0,0.1,00,2.0,F070W-F200W,3,0.30319512195121945,165
1.0,0.1,00,2.0,F070W-F200W,4,0.280309523809521,170
1.0,0.1,00,2.0,F070W-F200W,5,0.24030769230769344,156
1.0,0.1,00,2.0,F070W-F200W,6,0.2559583333333322,193
1.0,0.1,00,2.5,H-R,1,0.1339805321625296,264
1.0,0.1,00,2.5,H-R,2,0.0901659979352809,175
1.0,0.1,00,2.5,H-R,3,0.10182301061392396,152
1.0,0.1,00,2.5,H-R,4,0.076017324523455,95
1.0,0.1,00,2.5,H-R,5,0.0787689054930607,106
1.0,0.1,00,2.5,H-R,6,0.0637217475337174,55
1.0,0.1,00,2.5,F070W-F200W,1,0.21373913043478154,95
1.0,0.1,00,2.5,F070W-F200W,2,0.24877777777777688,109
1.0,0.1,00,2.5,F070W-F200W,3,0.3074999999999992,171
1.0,0.1,00,2.5,F070W-F200W,4,0.23883720930232677,173
1.0,0.1,00,2.5,F070W-F200W,5,0.2404651162790703,172
1.0,0.1,00,2.5,F070W-F200W,6,0.20599999999999774,193
1.0,0.1,00,3.0,H-R,1,0.14854959095856235,295
1.0,0.1,00,3.0,H-R,2,0.09824587966517018,190
1.0,0.1,00,3.0,H-R,3,0.10075723208817822,154
1.0,0.1,00,3.0,H-R,4,0.07869380231820189,100
1.0,0.1,00,3.0,H-R,5,0.07941609394495841,103
1.0,0.1,00,3.0,H-R,6,0.05756795164122863,50
1.0,0.1,00,3.0,F070W-F200W,1,0.21056000000000274,102
1.0,0.1,00,3.0,F070W-F200W,2,0.25058620689655164,119
1.0,0.1,00,3.0,F070W-F200W,3,0.2967142857142857,170
1.0,0.1,00,3.0,F070W-F200W,4,0.2542291666666685,192
1.0,0.1,00,3.0,F070W-F200W,5,0.2863333333333351,206
1.0,0.1,00,3.0,F070W-F200W,6,0.14004999999999868,160
1.0,0.1,00,3.5,H-R,1,0.15382421447708428,303
1.0,0.1,00,3.5,H-R,2,0.10254821610032128,197
1.0,0.1,00,3.5,H-R,3,0.10393977262909293,164
1.0,0.1,00,3.5,H-R,4,0.08057390662632447,104
1.0,0.1,00,3.5,H-R,5,0.07955602445303656,101
1.0,0.1,00,3.5,H-R,6,0.068190238080589,49
1.0,0.1,00,3.5,F070W-F200W,1,0.21625925925926026,109
1.0,0.1,00,3.5,F070W-F200W,2,0.2587647058823528,136
1.0,0.1,00,3.5,F070W-F200W,3,0.3199111111111108,183
1.0,0.1,00,3.5,F070W-F200W,4,0.2896538461538434,210
1.0,0.1,00,3.5,F070W-F200W,5,0.2822156862745082,207
1.0,0.1,00,3.5,F070W-F200W,6,0.11697560975609811,165
1.0,0.1,00,4.0,H-R,1,0.16102737667651734,316
1.0,0.1,00,4.0,H-R,2,0.10707090785251294,202
1.0,0.1,00,4.0,H-R,3,0.10887191370906923,172
1.0,0.1,00,4.0,H-R,4,0.09011622868184632,115
1.0,0.1,00,4.0,H-R,5,0.08145124503514112,97
1.0,0.1,00,4.0,H-R,6,0.08367629610796845,48
1.0,0.1,00,4.0,F070W-F200W,1,0.2370333333333381,121
1.0,0.1,00,4.0,F070W-F200W,2,0.2653243243243235,148
1.0,0.1,00,4.0,F070W-F200W,3,0.326408163265306,198
1.0,0.1,00,4.0,F070W-F200W,4,0.29468627450980733,207
1.0,0.1,00,4.0,F070W-F200W,5,0.2704230769230769,209
1.0,0.1,00,4.0,F070W-F200W,6,0.16411764705883058,205
1.0,0.1,00,4.5,H-R,1,0.16473792116760722,321
1.0,0.1,00,4.5,H-R,2,0.1080969906858571,205
1.0,0.1,00,4.5,H-R,3,0.11080517330012007,180
1.0,0.1,00,4.5,H-R,4,0.09099814996359334,120
1.0,0.1,00,4.5,H-R,5,0.0853090337810295,99
1.0,0.1,00,4.5,H-R,6,0.09229687381111273,48
1.0,0.1,00,4.5,F070W-F200W,1,0.2542187499999997,130
1.0,0.1,00,4.5,F070W-F200W,2,0.27458139534884296,172
1.0,0.1,00,4.5,F070W-F200W,3,0.30752941176470827,204
1.0,0.1,00,4.5,F070W-F200W,4,0.30030188679245207,214
1.0,0.1,00,4.5,F070W-F200W,5,0.20022222222222652,182
1.0,0.1,00,4.5,F070W-F200W,6,0.20014285714285407,226
1.0,0.1,00,5.0,H-R,1,0.16000580914497498,316
1.0,0.1,00,5.0,H-R,2,0.12371179073192606,224
1.0,0.1,00,5.0,H-R,3,0.1141420892126106,186
1.0,0.1,00,5.0,H-R,4,0.09658110540950737,127
1.0,0.1,00,5.0,H-R,5,0.0887183618271784,99
1.0,0.1,00,5.0,H-R,6,0.09382479634519958,46
1.0,0.1,00,5.0,F070W-F200W,1,0.27261764705882285,139
1.0,0.1,00,5.0,F070W-F200W,2,0.29657446808510635,191
1.0,0.1,00,5.0,F070W-F200W,3,0.29771153846153986,208
1.0,0.1,00,5.0,F070W-F200W,4,0.3260517241379297,232
1.0,0.1,00,5.0,F070W-F200W,5,0.133738095238094,168
1.0,0.1,00,5.0,F070W-F200W,6,0.28016666666666445,242
1.0,0.1,00,5.5,H-R,1,0.15097200398885047,313
1.0,0.1,00,5.5,H-R,2,0.13471107920699632,241
1.0,0.1,00,5.5,H-R,3,0.11646389351730302,193
1.0,0.1,00,5.5,H-R,4,0.1014491853753634,137
1.0,0.1,00,5.5,H-R,5,0.08640705663114046,96
1.0,0.1,00,5.5,H-R,6,0.0891638014983599,44
1.0,0.1,00,5.5,F070W-F200W,1,0.2759166666666655,145
1.0,0.1,00,5.5,F070W-F200W,2,0.3289259259259296,216
1.0,0.1,00,5.5,F070W-F200W,3,0.2872500000000038,209
1.0,0.1,00,5.5,F070W-F200W,4,0.3386271186440659,239
1.0,0.1,00,5.5,F070W-F200W,5,0.09392105263157724,155
1.0,0.1,00,5.5,F070W-F200W,6,0.2845161290322551,248
1.0,0.1,00,6.0,H-R,1,0.1498688443871239,314
1.0,0.1,00,6.0,H-R,2,0.14035298907231786,250
1.0,0.1,00,6.0,H-R,3,0.11829563773522955,195
1.0,0.1,00,6.0,H-R,4,0.10311012861393354,140
1.0,0.1,00,6.0,H-R,5,0.0851586824277264,94
1.0,0.1,00,6.0,H-R,6,0.08933367840180251,46
1.0,0.1,00,6.0,F070W-F200W,1,0.28943243243243266,151
1.0,0.1,00,6.0,F070W-F200W,2,0.3227169811320749,213
1.0,0.1,00,6.0,F070W-F200W,3,0.3221228070175428,230
1.0,0.1,00,6.0,F070W-F200W,4,0.3479999999999972,244
1.0,0.1,00,6.0,F070W-F200W,5,0.12414285714285533,168
1.0,0.1,00,6.0,F070W-F200W,6,0.2654561403508797,228
1.0,0.1,00,6.5,H-R,1,0.15361001416541553,328
1.0,0.1,00,6.5,H-R,2,0.14214922065361457,252
1.0,0.1,00,6.5,H-R,3,0.120867622177389,199
1.0,0.1,00,6.5,H-R,4,0.10600928433013457,144
1.0,0.1,00,6.5,H-R,5,0.08371842434094301,92
1.0,0.1,00,6.5,H-R,6,0.08443045754496392,45
1.0,0.1,00,6.5,F070W-F200W,1,0.30267500000000247,161
1.0,0.1,00,6.5,F070W-F200W,2,0.3120384615384637,208
1.0,0.1,00,6.5,F070W-F200W,3,0.3466393442622948,246
1.0,0.1,00,6.5,F070W-F200W,4,0.32922807017543576,229
1.0,0.1,00,6.5,F070W-F200W,5,0.17874509803921868,205
1.0,0.1,00,6.5,F070W-F200W,6,0.24665306122448705,198
1.0,0.1,00,7.0,H-R,1,0.160713613796035,341
1.0,0.1,00,7.0,H-R,2,0.14232784869874693,249
1.0,0.1,00,7.0,H-R,3,0.12671501071045976,206
1.0,0.1,00,7.0,H-R,4,0.10972334941465833,148
1.0,0.1,00,7.0,H-R,5,0.08677301708758278,93
1.0,0.1,00,7.0,H-R,6,0.07023518304568965,40
1.0,0.1,00,7.0,F070W-F200W,1,0.29999999999999716,160
1.0,0.1,00,7.0,F070W-F200W,2,0.334148148148147,218
1.0,0.1,00,7.0,F070W-F200W,3,0.35021311475409966,245
1.0,0.1,00,7.0,F070W-F200W,4,0.33706779661017094,237
1.0,0.1,00,7.0,F070W-F200W,5,0.2178888888888899,216
1.0,0.1,00,7.0,F070W-F200W,6,0.2259555555555579,181
1.0,0.1,00,7.5,H-R,1,0.16390517671766247,341
1.0,0.1,00,7.5,H-R,2,0.14518940061403462,251
1.0,0.1,00,7.5,H-R,3,0.12887209181584813,209
1.0,0.1,00,7.5,H-R,4,0.11229244419756257,152
1.0,0.1,00,7.5,H-R,5,0.08590466709800038,92
1.0,0.1,00,7.5,H-R,6,0.05893758284751549,38
1.0,0.1,00,7.5,F070W-F200W,1,0.3122926829268291,167
1.0,0.1,00,7.5,F070W-F200W,2,0.3409444444444407,219
1.0,0.1,00,7.5,F070W-F200W,3,0.35863934426229527,247
1.0,0.1,00,7.5,F070W-F200W,4,0.33150000000000013,235
1.0,0.1,00,7.5,F070W-F200W,5,0.2294814814814785,216
1.0,0.1,00,7.5,F070W-F200W,6,0.209795454545457,176
1.0,0.1,00,8.0,H-R,1,0.16445337982353148,341
1.0,0.1,00,8.0,H-R,2,0.14653510596354624,253
1.0,0.1,00,8.0,H-R,3,0.13095104141386793,212
1.0,0.1,00,8.0,H-R,4,0.11386905839047157,154
1.0,0.1,00,8.0,H-R,5,0.08601988393455784,91
1.0,0.1,00,8.0,H-R,6,0.05526659858648075,40
1.0,0.1,00,8.0,F070W-F200W,1,0.316809523809523,171
1.0,0.1,00,8.0,F070W-F200W,2,0.35354385964912005,228
1.0,0.1,00,8.0,F070W-F200W,3,0.3557377049180328,246
1.0,0.1,00,8.0,F070W-F200W,4,0.31478947368421295,228
1.0,0.1,00,8.0,F070W-F200W,5,0.23098113207547577,212
1.0,0.1,00,8.0,F070W-F200W,6,0.20976744186046403,175
1.0,0.1,00,8.5,H-R,1,0.16901810257576289,344
1.0,0.1,00,8.5,H-R,2,0.14691085915626068,252
1.0,0.1,00,8.5,H-R,3,0.13433212058057542,216
1.0,0.1,00,8.5,H-R,4,0.11494999632186631,156
1.0,0.1,00,8.5,H-R,5,0.08538983771949016,90
1.0,0.1,00,8.5,H-R,6,0.056967929182309085,43
1.0,0.1,00,8.5,F070W-F200W,1,0.32554545454545014,177
1.0,0.1,00,8.5,F070W-F200W,2,0.36674137931034423,235
1.0,0.1,00,8.5,F070W-F200W,3,0.3567,241
1.0,0.1,00,8.5,F070W-F200W,4,0.30303636363636777,222
1.0,0.1,00,8.5,F070W-F200W,5,0.23243137254902102,207
1.0,0.1,00,8.5,F070W-F200W,6,0.21462790697674095,175
1.0,0.1,00,9.0,H-R,1,0.16720547245916384,337
1.0,0.1,00,9.0,H-R,2,0.14982431729123769,256
1.0,0.1,00,9.0,H-R,3,0.13532153937404612,217
1.0,0.1,00,9.0,H-R,4,0.11756708064935628,159
1.0,0.1,00,9.0,H-R,5,0.08569173972536781,90
1.0,0.1,00,9.0,H-R,6,0.049441446047382764,43
1.0,0.1,00,9.0,F070W-F200W,1,0.3356666666666719,183
1.0,0.1,00,9.0,F070W-F200W,2,0.3630847457627109,236
1.0,0.1,00,9.0,F070W-F200W,3,0.35998333333333044,242
1.0,0.1,00,9.0,F070W-F200W,4,0.28531481481481613,216
1.0,0.1,00,9.0,F070W-F200W,5,0.23136000000000045,201
1.0,0.1,00,9.0,F070W-F200W,6,0.21645454545454257,176
1.0,0.1,00,9.5,H-R,1,0.16764068819476852,331
1.0,0.1,00,9.5,H-R,2,0.1527665183612794,261
1.0,0.1,00,9.5,H-R,3,0.13643861281495018,217
1.0,0.1,00,9.5,H-R,4,0.11876837432668319,161
1.0,0.1,00,9.5,H-R,5,0.08578474368216082,90
1.0,0.1,00,9.5,H-R,6,0.050595262130731844,44
1.0,0.1,00,9.5,F070W-F200W,1,0.3457659574468117,189
1.0,0.1,00,9.5,F070W-F200W,2,0.3676101694915257,237
1.0,0.1,00,9.5,F070W-F200W,3,0.3695161290322613,248
1.0,0.1,00,9.5,F070W-F200W,4,0.2683461538461547,209
1.0,0.1,00,9.5,F070W-F200W,5,0.22587499999999672,192
1.0,0.1,00,9.5,F070W-F200W,6,0.2201395348837245,175
1.0,0.1,00,10.0,H-R,1,0.17090338808560235,331
1.0,0.1,00,10.0,H-R,2,0.1485173172518799,252
1.0,0.1,00,10.0,H-R,3,0.14274952539062036,226
1.0,0.1,00,10.0,H-R,4,0.12015541985806233,163
1.0,0.1,00,10.0,H-R,5,0.08431203966642253,89
1.0,0.1,00,10.0,H-R,6,0.04945858236225198,45
1.0,0.1,00,10.0,F070W-F200W,1,0.3555714285714302,197
1.0,0.1,00,10.0,F070W-F200W,2,0.3711355932203375,239
1.0,0.1,00,10.0,F070W-F200W,3,0.35489830508474896,237
1.0,0.1,00,10.0,F070W-F200W,4,0.27164814814814875,217
1.0,0.1,00,10.0,F070W-F200W,5,0.21191111111110494,180
1.0,0.1,00,10.0,F070W-F200W,6,0.21644186046511926,172
1.0,0.1,00,10.5,H-R,1,0.16952741671244853,328
1.0,0.1,00,10.5,H-R,2,0.15006371872500268,254
1.0,0.1,00,10.5,H-R,3,0.14437092589053901,228
1.0,0.1,00,10.5,H-R,4,0.12033648122566554,163
1.0,0.1,00,10.5,H-R,5,0.08427860956027322,89
1.0,0.1,00,10.5,H-R,6,0.04956832046252846,48
1.0,0.1,00,10.5,F070W-F200W,1,0.3564285714285731,198
1.0,0.1,00,10.5,F070W-F200W,2,0.3667288135593232,237
1.0,0.1,00,10.5,F070W-F200W,3,0.35966101694915054,239
1.0,0.1,00,10.5,F070W-F200W,4,0.2604339622641483,212
1.0,0.1,00,10.5,F070W-F200W,5,0.21270454545454243,178
1.0,0.1,00,10.5,F070W-F200W,6,0.21666666666666679,170
1.0,0.1,00,11.0,H-R,1,0.17053108190647337,326
1.0,0.1,00,11.0,H-R,2,0.15004481820374704,253
1.0,0.1,00,11.0,H-R,3,0.14646765786366434,230
1.0,0.1,00,11.0,H-R,4,0.12121965365916676,165
1.0,0.1,00,11.0,H-R,5,0.08398819664719093,89
1.0,0.1,00,11.0,H-R,6,0.05042644569042154,48
1.0,0.1,00,11.0,F070W-F200W,1,0.3622692307692308,208
1.0,0.1,00,11.0,F070W-F200W,2,0.3579649122806998,231
1.0,0.1,00,11.0,F070W-F200W,3,0.36174999999999713,240
1.0,0.1,00,11.0,F070W-F200W,4,0.24657999999999625,202
1.0,0.1,00,11.0,F070W-F200W,5,0.21027272727272361,176
1.0,0.1,00,11.0,F070W-F200W,6,0.22279069767441761,173
1.0,0.1,00,11.5,H-R,1,0.1693687553500709,321
1.0,0.1,00,11.5,H-R,2,0.15383145223096384,258
1.0,0.1,00,11.5,H-R,3,0.14664577903930587,230
1.0,0.1,00,11.5,H-R,4,0.12198461978386699,166
1.0,0.1,00,11.5,H-R,5,0.0835806735289375,89
1.0,0.1,00,11.5,H-R,6,0.051262318284783115,48
1.0,0.1,00,11.5,F070W-F200W,1,0.3732363636363605,221
1.0,0.1,00,11.5,F070W-F200W,2,0.3438750000000006,226
1.0,0.1,00,11.5,F070W-F200W,3,0.35272413793103397,233
1.0,0.1,00,11.5,F070W-F200W,4,0.24353061224489636,198
1.0,0.1,00,11.5,F070W-F200W,5,0.21597727272727596,177
1.0,0.1,00,11.5,F070W-F200W,6,0.2190000000000012,171
1.0,0.1,00,12.0,H-R,1,0.17039884335686462,320
1.0,0.1,00,12.0,H-R,2,0.15439367558744754,258
1.0,0.1,00,12.0,H-R,3,0.14730933130347323,230
1.0,0.1,00,12.0,H-R,4,0.12211171086617267,166
1.0,0.1,00,12.0,H-R,5,0.08334812962381632,89
1.0,0.1,00,12.0,H-R,6,0.050843997076507996,49
1.0,0.1,00,12.0,F070W-F200W,1,0.3700363636363644,223
1.0,0.1,00,12.0,F070W-F200W,2,0.3297818181818233,220
1.0,0.1,00,12.0,F070W-F200W,3,0.36318644067796413,239
1.0,0.1,00,12.0,F070W-F200W,4,0.22963829787234502,189
1.0,0.1,00,12.0,F070W-F200W,5,0.2153023255813995,175
1.0,0.1,00,12.0,F070W-F200W,6,0.21933333333332783,169
1.0,0.1,00,12.5,H-R,1,0.17117877731409936,318
1.0,0.1,00,12.5,H-R,2,0.15519224498104878,258
1.0,0.1,00,12.5,H-R,3,0.14726621593363864,229
1.0,0.1,00,12.5,H-R,4,0.12421536683691214,169
1.0,0.1,00,12.5,H-R,5,0.08403173704416811,90
1.0,0.1,00,12.5,H-R,6,0.05187125474003107,50
1.0,0.1,00,12.5,F070W-F200W,1,0.9036140350877204,229
1.0,0.1,00,12.5,F070W-F200W,2,0.3260185185185165,218
1.0,0.1,00,12.5,F070W-F200W,3,0.36298305084745763,239
1.0,0.1,00,12.5,F070W-F200W,4,0.22162222222222105,183
1.0,0.1,00,12.5,F070W-F200W,5,0.21656818181818416,176
1.0,0.1,00,12.5,F070W-F200W,6,0.2196666666666669,168
1.0,0.1,00,13.0,H-R,1,0.1706596806760221,316
1.0,0.1,00,13.0,H-R,2,0.15565746527477176,258
1.0,0.1,00,13.0,H-R,3,0.14503251454735944,225
1.0,0.1,00,13.0,H-R,4,0.12583485052155097,172
1.0,0.1,00,13.0,H-R,5,0.08450266686848895,92
1.0,0.1,00,13.0,H-R,6,0.051584969147385085,50
1.0,0.1,00,13.0,F070W-F200W,1,0.8979137931034504,233
1.0,0.1,00,13.0,F070W-F200W,2,0.31777358490566066,212
1.0,0.1,00,13.0,F070W-F200W,3,0.36478333333333346,241
1.0,0.1,00,13.0,F070W-F200W,4,0.21406666666667107,180
1.0,0.1,00,13.0,F070W-F200W,5,0.21402325581395587,173
1.0,0.1,00,13.0,F070W-F200W,6,0.22028571428571553,168
1.0,0.1,00,13.5,H-R,1,0.1696398737076572,311
1.0,0.1,00,13.5,H-R,2,0.15581270631297706,257
1.0,0.1,00,13.5,H-R,3,0.14683051719996643,228
1.0,0.1,00,13.5,H-R,4,0.12684203724714105,173
1.0,0.1,00,13.5,H-R,5,0.08532416940335752,93
1.0,0.1,00,13.5,H-R,6,0.05243567634010882,50
1.0,0.1,00,13.5,F070W-F200W,1,0.3784745762711843,236
1.0,0.1,00,13.5,F070W-F200W,2,0.31069230769230494,210
1.0,0.1,00,13.5,F070W-F200W,3,0.3609661016949133,237
1.0,0.1,00,13.5,F070W-F200W,4,0.2064883720930233,174
1.0,0.1,00,13.5,F070W-F200W,5,0.21811627906976838,174
1.0,0.1,00,13.5,F070W-F200W,6,0.22231707317073202,167
1.0,0.1,00,14.0,H-R,1,0.1695615881204291,309
1.0,0.1,00,14.0,H-R,2,0.15568555611917256,255
1.0,0.1,00,14.0,H-R,3,0.14733119473424572,227
1.0,0.1,00,14.0,H-R,4,0.13002613029060228,177
1.0,0.1,00,14.0,H-R,5,0.08678250887961014,95
1.0,0.1,00,14.0,H-R,6,0.05176051883214483,50
1.0,0.1,00,14.0,F070W-F200W,1,0.3834166666666654,242
1.0,0.1,00,14.0,F070W-F200W,2,0.29366666666666497,204
1.0,0.1,00,14.0,F070W-F200W,3,0.3551206896551715,233
1.0,0.1,00,14.0,F070W-F200W,4,0.20448837209302262,172
1.0,0.1,00,14.0,F070W-F200W,5,0.21862790697674583,174
1.0,0.1,00,14.0,F070W-F200W,6,0.22073170731707492,166
1.0,0.1,00,14.5,H-R,1,0.17083162652591,309
1.0,0.1,00,14.5,H-R,2,0.1543028104601052,253
1.0,0.1,00,14.5,H-R,3,0.14614613470077753,226
1.0,0.1,00,14.5,H-R,4,0.13230911260068923,179
1.0,0.1,00,14.5,H-R,5,0.08641135259956445,96
1.0,0.1,00,14.5,H-R,6,0.05109364619031376,50
1.0,0.1,00,14.5,F070W-F200W,1,0.3960645161290337,250
1.0,0.1,00,14.5,F070W-F200W,2,0.28806000000000154,203
1.0,0.1,00,14.5,F070W-F200W,3,0.3528947368421047,231
1.0,0.1,00,14.5,F070W-F200W,4,0.19860975609755904,167
1.0,0.1,00,14.5,F070W-F200W,5,0.2235116279069782,175
1.0,0.1,00,14.5,F070W-F200W,6,0.2168499999999991,160
1.0,0.1,00,15.0,H-R,1,0.16973234911515056,306
1.0,0.1,00,15.0,H-R,2,0.1565861871058869,255
1.0,0.1,00,15.0,H-R,3,0.1478800463495875,227
1.0,0.1,00,15.0,H-R,4,0.12998318531734587,175
1.0,0.1,00,15.0,H-R,5,0.08917082768409568,99
1.0,0.1,00,15.0,H-R,6,0.05101816217267241,50
1.0,0.1,00,15.0,F070W-F200W,1,0.39903225806451914,249
1.0,0.1,00,15.0,F070W-F200W,2,0.28250000000000064,201
1.0,0.1,00,15.0,F070W-F200W,3,0.3606896551724166,234
1.0,0.1,00,15.0,F070W-F200W,4,0.18538461538461526,159
1.0,0.1,00,15.0,F070W-F200W,5,0.21937209302325478,173
1.0,0.1,00,15.0,F070W-F200W,6,0.21592500000000037,160
1.0,0.1,00,15.5,H-R,1,0.16987462442304735,305
1.0,0.1,00,15.5,H-R,2,0.1569209529623492,255
1.0,0.1,00,15.5,H-R,3,0.14697946757426128,226
1.0,0.1,00,15.5,H-R,4,0.1303693707134026,176
1.0,0.1,00,15.5,H-R,5,0.08948310319215147,101
1.0,0.1,00,15.5,H-R,6,0.05011403965755923,50
1.0,0.1,00,15.5,F070W-F200W,1,0.6368870967741955,248
1.0,0.1,00,15.5,F070W-F200W,2,0.2765918367346938,198
1.0,0.1,00,15.5,F070W-F200W,3,0.36098275862068796,235
1.0,0.1,00,15.5,F070W-F200W,4,0.18582500000000124,160
1.0,0.1,00,15.5,F070W-F200W,5,0.22040476190476,171
1.0,0.1,00,15.5,F070W-F200W,6,0.21479487179487045,157
1.0,0.1,00,16.0,H-R,1,0.17115752182869892,305
1.0,0.1,00,16.0,H-R,2,0.1547832508116973,252
1.0,0.1,00,16.0,H-R,3,0.14791623079331306,227
1.0,0.1,00,16.0,H-R,4,0.1325650241591927,178
1.0,0.1,00,16.0,H-R,5,0.08921546353275733,101
1.0,0.1,00,16.0,H-R,6,0.05063561645063008,51
1.0,0.1,00,16.0,F070W-F200W,1,0.38968852459015935,245
1.0,0.1,00,16.0,F070W-F200W,2,0.2778799999999997,200
1.0,0.1,00,16.0,F070W-F200W,3,0.3547586206896547,232
1.0,0.1,00,16.0,F070W-F200W,4,0.1882307692307723,159
1.0,0.1,00,16.0,F070W-F200W,5,0.22123255813953868,172
1.0,0.1,00,16.0,F070W-F200W,6,0.21353846153846767,156
1.0,0.1,00,16.5,H-R,1,0.17073578463246575,305
1.0,0.1,00,16.5,H-R,2,0.15550641287475764,252
1.0,0.1,00,16.5,H-R,3,0.14635625722285628,223
1.0,0.1,00,16.5,H-R,4,0.13405155668740298,179
1.0,0.1,00,16.5,H-R,5,0.09304205836852097,106
1.0,0.1,00,16.5,H-R,6,0.051470842054569976,51
1.0,0.1,00,16.5,F070W-F200W,1,0.3810169491525457,239
1.0,0.1,00,16.5,F070W-F200W,2,0.2857843137254932,204
1.0,0.1,00,16.5,F070W-F200W,3,0.3538421052631602,230
1.0,0.1,00,16.5,F070W-F200W,4,0.1904102564102601,159
1.0,0.1,00,16.5,F070W-F200W,5,0.22321428571428648,171
1.0,0.1,00,16.5,F070W-F200W,6,0.2168461538461557,157
1.0,0.1,00,17.0,H-R,1,0.1706321796402146,304
1.0,0.1,00,17.0,H-R,2,0.15607926353027501,251
1.0,0.1,00,17.0,H-R,3,0.1442378214297273,221
1.0,0.1,00,17.0,H-R,4,0.1327498613260465,178
1.0,0.1,00,17.0,H-R,5,0.0959575634341363,111
1.0,0.1,00,17.0,H-R,6,0.0520173859541706,51
1.0,0.1,00,17.0,F070W-F200W,1,0.3729491525423754,236
1.0,0.1,00,17.0,F070W-F200W,2,0.2802199999999999,200
1.0,0.1,00,17.0,F070W-F200W,3,0.36491525423729065,236
1.0,0.1,00,17.0,F070W-F200W,4,0.17926315789473968,152
1.0,0.1,00,17.0,F070W-F200W,5,0.22388095238095396,171
1.0,0.1,00,17.0,F070W-F200W,6,0.21471052631578402,155
1.0,0.1,00,17.5,H-R,1,0.17133180846798335,304
1.0,0.1,00,17.5,H-R,2,0.1555976804014616,250
1.0,0.1,00,17.5,H-R,3,0.14453247530439461,221
1.0,0.1,00,17.5,H-R,4,0.13299697232712515,178
1.0,0.1,00,17.5,H-R,5,0.09565213680926199,112
1.0,0.1,00,17.5,H-R,6,0.05246636230131152,51
1.0,0.1,00,17.5,F070W-F200W,1,0.37625423728813523,237
1.0,0.1,00,17.5,F070W-F200W,2,0.28851999999999833,203
1.0,0.1,00,17.5,F070W-F200W,3,0.3677931034482729,235
1.0,0.1,00,17.5,F070W-F200W,4,0.178675675675672,150
1.0,0.1,00,17.5,F070W-F200W,5,0.21911904761905276,169
1.0,0.1,00,17.5,F070W-F200W,6,0.2143157894736767,154
1.0,0.1,00,18.0,H-R,1,0.17067479843868627,301
1.0,0.1,00,18.0,H-R,2,0.15753677874756855,253
1.0,0.1,00,18.0,H-R,3,0.14107675049845536,213
1.0,0.1,00,18.0,H-R,4,0.13387738819178874,179
1.0,0.1,00,18.0,H-R,5,0.10105928278334009,119
1.0,0.1,00,18.0,H-R,6,0.05374464984563221,51
1.0,0.1,00,18.0,F070W-F200W,1,0.37375862068965304,234
1.0,0.1,00,18.0,F070W-F200W,2,0.2914901960784331,204
1.0,0.1,00,18.0,F070W-F200W,3,0.3714999999999993,235
1.0,0.1,00,18.0,F070W-F200W,4,0.17677777777777948,146
1.0,0.1,00,18.0,F070W-F200W,5,0.22004761904761416,168
1.0,0.1,00,18.0,F070W-F200W,6,0.21336842105262832,152
1.0,0.1,00,18.5,H-R,1,0.17031110858153364,300
1.0,0.1,00,18.5,H-R,2,0.15721768260248203,251
1.0,0.1,00,18.5,H-R,3,0.1418043444180932,214
1.0,0.1,00,18.5,H-R,4,0.1352071099792853,180
1.0,0.1,00,18.5,H-R,5,0.10041669688792099,119
1.0,0.1,00,18.5,H-R,6,0.05390191433514069,51
1.0,0.1,00,18.5,F070W-F200W,1,0.36144642857142806,226
1.0,0.1,00,18.5,F070W-F200W,2,0.3121886792452866,215
1.0,0.1,00,18.5,F070W-F200W,3,0.35975,227
1.0,0.1,00,18.5,F070W-F200W,4,0.16977142857142802,142
1.0,0.1,00,18.5,F070W-F200W,5,0.22509756097561073,167
1.0,0.1,00,18.5,F070W-F200W,6,0.21318918918919216,151
1.0,0.1,00,19.0,H-R,1,0.16802167665047074,295
1.0,0.1,00,19.0,H-R,2,0.16027128630862175,255
1.0,0.1,00,19.0,H-R,3,0.14079168376996476,212
1.0,0.1,00,19.0,H-R,4,0.13212291042147495,178
1.0,0.1,00,19.0,H-R,5,0.10313064156804308,125
1.0,0.1,00,19.0,H-R,6,0.05358195041076419,53
1.0,0.1,00,19.0,F070W-F200W,1,0.3592857142857149,224
1.0,0.1,00,19.0,F070W-F200W,2,0.31477358490566054,215
1.0,0.1,00,19.0,F070W-F200W,3,0.36166071428571556,227
1.0,0.1,00,19.0,F070W-F200W,4,0.16494117647058992,138
1.0,0.1,00,19.0,F070W-F200W,5,0.22478048780488002,167
1.0,0.1,00,19.0,F070W-F200W,6,0.2100540540540532,149
1.0,0.1,00,19.5,H-R,1,0.16710584803514572,293
1.0,0.1,00,19.5,H-R,2,0.15987252626414739,254
1.0,0.1,00,19.5,H-R,3,0.14093568041650695,212
1.0,0.1,00,19.5,H-R,4,0.13285116958332255,179
1.0,0.1,00,19.5,H-R,5,0.10377266442910815,126
1.0,0.1,00,19.5,H-R,6,0.05251479021265881,53
1.0,0.1,00,19.5,F070W-F200W,1,0.3547636363636393,220
1.0,0.1,00,19.5,F070W-F200W,2,0.31084615384615333,211
1.0,0.1,00,19.5,F070W-F200W,3,0.36436842105263345,229
1.0,0.1,00,19.5,F070W-F200W,4,0.1622121212121197,135
1.0,0.1,00,19.5,F070W-F200W,5,0.22131707317073435,166
1.0,0.1,00,19.5,F070W-F200W,6,0.21328947368421147,152
1.0,0.1,00,20.0,H-R,1,0.16684570094789408,292
1.0,0.1,00,20.0,H-R,2,0.1590875411623307,253
1.0,0.1,00,20.0,H-R,3,0.14119465933292275,212
1.0,0.1,00,20.0,H-R,4,0.13355046399447135,179
1.0,0.1,00,20.0,H-R,5,0.10417540736324726,128
1.0,0.1,00,20.0,H-R,6,0.054435647734899284,54
1.0,0.1,00,20.0,F070W-F200W,1,0.3611272727272734,223
1.0,0.1,00,20.0,F070W-F200W,2,0.3163207547169815,213
1.0,0.1,00,20.0,F070W-F200W,3,0.36382142857142874,227
1.0,0.1,00,20.0,F070W-F200W,4,0.15600000000000058,130
1.0,0.1,00,20.0,F070W-F200W,5,0.22478048780487825,167
1.0,0.1,00,20.0,F070W-F200W,6,0.21067567567567913,149
1.0,0.3,00,1.0,H-R,1,0.1365514096072321,175
1.0,0.3,00,1.0,H-R,2,0.0899363333968628,142
1.0,0.3,00,1.0,H-R,3,0.0687282864072919,151
1.0,0.3,00,1.0,H-R,4,0.06460181026005107,116
1.0,0.3,00,1.0,H-R,5,0.06216141479761106,95
1.0,0.3,00,1.0,H-R,6,0.06019186905512941,67
1.0,0.3,00,1.0,F070W-F200W,1,0.12539999999999907,60
1.0,0.3,00,1.0,F070W-F200W,2,0.12363157894736787,76
1.0,0.3,00,1.0,F070W-F200W,3,0.1460434782608715,94
1.0,0.3,00,1.0,F070W-F200W,4,0.2270625000000006,192
1.0,0.3,00,1.0,F070W-F200W,5,0.30947727272726944,176
1.0,0.3,00,1.0,F070W-F200W,6,0.2936216216216234,149
1.0,0.3,00,1.5,H-R,1,0.11126318023838133,198
1.0,0.3,00,1.5,H-R,2,0.08099781003003281,149
1.0,0.3,00,1.5,H-R,3,0.09294262655158592,152
1.0,0.3,00,1.5,H-R,4,0.07530333785614385,107
1.0,0.3,00,1.5,H-R,5,0.07086328343476844,98
1.0,0.3,00,1.5,H-R,6,0.07352973748036146,71
1.0,0.3,00,1.5,F070W-F200W,1,0.1752500000000019,80
1.0,0.3,00,1.5,F070W-F200W,2,0.1682105263157876,77
1.0,0.3,00,1.5,F070W-F200W,3,0.2617222222222235,147
1.0,0.3,00,1.5,F070W-F200W,4,0.3128222222222199,180
1.0,0.3,00,1.5,F070W-F200W,5,0.23947368421052495,154
1.0,0.3,00,1.5,F070W-F200W,6,0.24400000000000155,167
1.0,0.3,00,2.0,H-R,1,0.10835495228613579,231
1.0,0.3,00,2.0,H-R,2,0.07644484682221186,164
1.0,0.3,00,2.0,H-R,3,0.09388546342982818,151
1.0,0.3,00,2.0,H-R,4,0.07140938740897851,101
1.0,0.3,00,2.0,H-R,5,0.07096892507799224,103
1.0,0.3,00,2.0,H-R,6,0.06228859021515443,64
1.0,0.3,00,2.0,F070W-F200W,1,0.1793913043478259,92
1.0,0.3,00,2.0,F070W-F200W,2,0.1826818181818215,89
1.0,0.3,00,2.0,F070W-F200W,3,0.2682926829268286,165
1.0,0.3,00,2.0,F070W-F200W,4,0.2276190476190454,170
1.0,0.3,00,2.0,F070W-F200W,5,0.19123684210526193,154
1.0,0.3,00,2.0,F070W-F200W,6,0.22095999999999982,200
1.0,0.3,00,2.5,H-R,1,0.1251449494761967,268
1.0,0.3,00,2.5,H-R,2,0.08506865967362742,175
1.0,0.3,00,2.5,H-R,3,0.09486327866774047,152
1.0,0.3,00,2.5,H-R,4,0.06837210353742273,95
1.0,0.3,00,2.5,H-R,5,0.07443067030907224,108
1.0,0.3,00,2.5,H-R,6,0.053209622092587505,55
1.0,0.3,00,2.5,F070W-F200W,1,0.17887499999999967,96
1.0,0.3,00,2.5,F070W-F200W,2,0.22322222222222088,111
1.0,0.3,00,2.5,F070W-F200W,3,0.28032558139534736,172
1.0,0.3,00,2.5,F070W-F200W,4,0.21134883720930198,174
1.0,0.3,00,2.5,F070W-F200W,5,0.20259523809524183,171
1.0,0.3,00,2.5,F070W-F200W,6,0.14751063829786837,190
1.0,0.3,00,3.0,H-R,1,0.1463301712359628,301
1.0,0.3,00,3.0,H-R,2,0.0973186108204318,192
1.0,0.3,00,3.0,H-R,3,0.09604963568356772,154
1.0,0.3,00,3.0,H-R,4,0.07293133198853385,99
1.0,0.3,00,3.0,H-R,5,0.07875209603058586,107
1.0,0.3,00,3.0,H-R,6,0.04693953050164312,48
1.0,0.3,00,3.0,F070W-F200W,1,0.19796153846153963,106
1.0,0.3,00,3.0,F070W-F200W,2,0.23890322580645673,125
1.0,0.3,00,3.0,F070W-F200W,3,0.26668292682927053,167
1.0,0.3,00,3.0,F070W-F200W,4,0.2495102040816306,198
1.0,0.3,00,3.0,F070W-F200W,5,0.2530000000000001,203
1.0,0.3,00,3.0,F070W-F200W,6,0.11657894736842245,153
1.0,0.3,00,3.5,H-R,1,0.15200502887303569,302
1.0,0.3,00,3.5,H-R,2,0.1030974263845661,200
1.0,0.3,00,3.5,H-R,3,0.10073125062270427,163
1.0,0.3,00,3.5,H-R,4,0.08043817138022558,107
1.0,0.3,00,3.5,H-R,5,0.07496018873597832,100
1.0,0.3,00,3.5,H-R,6,0.06508216310809756,50
1.0,0.3,00,3.5,F070W-F200W,1,0.2157586206896589,116
1.0,0.3,00,3.5,F070W-F200W,2,0.24605882352940966,136
1.0,0.3,00,3.5,F070W-F200W,3,0.29976086956521186,186
1.0,0.3,00,3.5,F070W-F200W,4,0.27449019607843006,205
1.0,0.3,00,3.5,F070W-F200W,5,0.2667692307692313,211
1.0,0.3,00,3.5,F070W-F200W,6,0.08665853658536449,165
1.0,0.3,00,4.0,H-R,1,0.16075733389052416,316
1.0,0.3,00,4.0,H-R,2,0.10485960048350318,199
1.0,0.3,00,4.0,H-R,3,0.1054546688904483,173
1.0,0.3,00,4.0,H-R,4,0.08675192943592291,115
1.0,0.3,00,4.0,H-R,5,0.07968551267901547,100
1.0,0.3,00,4.0,H-R,6,0.08832726038785099,51
1.0,0.3,00,4.0,F070W-F200W,1,0.23329032258064686,124
1.0,0.3,00,4.0,F070W-F200W,2,0.2655000000000012,153
1.0,0.3,00,4.0,F070W-F200W,3,0.30828000000000166,200
1.0,0.3,00,4.0,F070W-F200W,4,0.2875686274509839,206
1.0,0.3,00,4.0,F070W-F200W,5,0.23941999999999553,202
1.0,0.3,00,4.0,F070W-F200W,6,0.13698076923076563,209
1.0,0.3,00,4.5,H-R,1,0.16399303030088275,319
1.0,0.3,00,4.5,H-R,2,0.10882536673313026,203
1.0,0.3,00,4.5,H-R,3,0.10768827322485897,180
1.0,0.3,00,4.5,H-R,4,0.08980138203085042,121
1.0,0.3,00,4.5,H-R,5,0.08799273148242714,105
1.0,0.3,00,4.5,H-R,6,0.09071751673520423,48
1.0,0.3,00,4.5,F070W-F200W,1,0.2580294117647064,136
1.0,0.3,00,4.5,F070W-F200W,2,0.27562790697674444,174
1.0,0.3,00,4.5,F070W-F200W,3,0.30251923076923504,209
1.0,0.3,00,4.5,F070W-F200W,4,0.29040384615384873,209
1.0,0.3,00,4.5,F070W-F200W,5,0.17397727272727437,179
1.0,0.3,00,4.5,F070W-F200W,6,0.2062000000000026,222
1.0,0.3,00,5.0,H-R,1,0.15749863004537334,317
1.0,0.3,00,5.0,H-R,2,0.12370481587936832,222
1.0,0.3,00,5.0,H-R,3,0.1117730359792164,187
1.0,0.3,00,5.0,H-R,4,0.0958818084758355,129
1.0,0.3,00,5.0,H-R,5,0.08788783724368754,101
1.0,0.3,00,5.0,H-R,6,0.08739060353554617,46
1.0,0.3,00,5.0,F070W-F200W,1,0.2720857142857156,143
1.0,0.3,00,5.0,F070W-F200W,2,0.29999999999999893,195
1.0,0.3,00,5.0,F070W-F200W,3,0.29282352941176626,207
1.0,0.3,00,5.0,F070W-F200W,4,0.31207272727272795,223
1.0,0.3,00,5.0,F070W-F200W,5,0.11076190476190817,168
1.0,0.3,00,5.0,F070W-F200W,6,0.27379999999999605,241
1.0,0.3,00,5.5,H-R,1,0.14745292590274883,309
1.0,0.3,00,5.5,H-R,2,0.13604691629998933,239
1.0,0.3,00,5.5,H-R,3,0.11540100641497242,193
1.0,0.3,00,5.5,H-R,4,0.10052442715615761,137
1.0,0.3,00,5.5,H-R,5,0.08701489207368118,99
1.0,0.3,00,5.5,H-R,6,0.08739195699518776,46
1.0,0.3,00,5.5,F070W-F200W,1,0.2761111111111134,147
1.0,0.3,00,5.5,F070W-F200W,2,0.32948148148147993,217
1.0,0.3,00,5.5,F070W-F200W,3,0.2935769230769214,211
1.0,0.3,00,5.5,F070W-F200W,4,0.33344067796610055,238
1.0,0.3,00,5.5,F070W-F200W,5,0.07535135135135107,151
1.0,0.3,00,5.5,F070W-F200W,6,0.27386666666667203,241
1.0,0.3,00,6.0,H-R,1,0.14798084455651161,314
1.0,0.3,00,6.0,H-R,2,0.141430416060343,247
1.0,0.3,00,6.0,H-R,3,0.11741708669641748,197
1.0,0.3,00,6.0,H-R,4,0.10277724284465894,140
1.0,0.3,00,6.0,H-R,5,0.08678389677755849,98
1.0,0.3,00,6.0,H-R,6,0.08379483226568507,46
1.0,0.3,00,6.0,F070W-F200W,1,0.2899473684210552,154
1.0,0.3,00,6.0,F070W-F200W,2,0.321113207547171,214
1.0,0.3,00,6.0,F070W-F200W,3,0.322499999999998,227
1.0,0.3,00,6.0,F070W-F200W,4,0.3482950819672137,247
1.0,0.3,00,6.0,F070W-F200W,5,0.1208095238095197,168
1.0,0.3,00,6.0,F070W-F200W,6,0.2569629629629624,219
1.0,0.3,00,6.5,H-R,1,0.15384967719150433,333
1.0,0.3,00,6.5,H-R,2,0.14269930030451294,247
1.0,0.3,00,6.5,H-R,3,0.1195830980819681,199
1.0,0.3,00,6.5,H-R,4,0.107782443602912,146
1.0,0.3,00,6.5,H-R,5,0.08272714805203818,93
1.0,0.3,00,6.5,H-R,6,0.08502578141623118,47
1.0,0.3,00,6.5,F070W-F200W,1,0.30434999999999945,163
1.0,0.3,00,6.5,F070W-F200W,2,0.31101923076923477,209
1.0,0.3,00,6.5,F070W-F200W,3,0.34375,240
1.0,0.3,00,6.5,F070W-F200W,4,0.3344576271186419,237
1.0,0.3,00,6.5,F070W-F200W,5,0.18634615384615927,208
1.0,0.3,00,6.5,F070W-F200W,6,0.22741304347825952,186
1.0,0.3,00,7.0,H-R,1,0.15968183755397436,340
1.0,0.3,00,7.0,H-R,2,0.14198899193228876,244
1.0,0.3,00,7.0,H-R,3,0.12577980464064953,207
1.0,0.3,00,7.0,H-R,4,0.10983400700534962,149
1.0,0.3,00,7.0,H-R,5,0.08622960782861455,96
1.0,0.3,00,7.0,H-R,6,0.06480372071956342,41
1.0,0.3,00,7.0,F070W-F200W,1,0.30327500000000285,163
1.0,0.3,00,7.0,F070W-F200W,2,0.3250555555555543,216
1.0,0.3,00,7.0,F070W-F200W,3,0.34955000000000247,241
1.0,0.3,00,7.0,F070W-F200W,4,0.3319491525423732,238
1.0,0.3,00,7.0,F070W-F200W,5,0.21726415094339657,215
1.0,0.3,00,7.0,F070W-F200W,6,0.21431111111110823,183
1.0,0.3,00,7.5,H-R,1,0.1617333608264726,337
1.0,0.3,00,7.5,H-R,2,0.14569985016142795,248
1.0,0.3,00,7.5,H-R,3,0.12742929456793095,209
1.0,0.3,00,7.5,H-R,4,0.11273839856059165,151
1.0,0.3,00,7.5,H-R,5,0.08592752610460752,95
1.0,0.3,00,7.5,H-R,6,0.05825981517870271,41
1.0,0.3,00,7.5,F070W-F200W,1,0.31146341463414906,167
1.0,0.3,00,7.5,F070W-F200W,2,0.3362407407407382,219
1.0,0.3,00,7.5,F070W-F200W,3,0.35900000000000176,243
1.0,0.3,00,7.5,F070W-F200W,4,0.3246379310344807,234
1.0,0.3,00,7.5,F070W-F200W,5,0.22878846153846055,211
1.0,0.3,00,7.5,F070W-F200W,6,0.2078181818181779,177
1.0,0.3,00,8.0,H-R,1,0.16449490416578771,342
1.0,0.3,00,8.0,H-R,2,0.14627806525667575,247
1.0,0.3,00,8.0,H-R,3,0.1305031071272571,213
1.0,0.3,00,8.0,H-R,4,0.1146832660520476,155
1.0,0.3,00,8.0,H-R,5,0.08564497269954074,94
1.0,0.3,00,8.0,H-R,6,0.050263433003936875,42
1.0,0.3,00,8.0,F070W-F200W,1,0.3157857142857168,171
1.0,0.3,00,8.0,F070W-F200W,2,0.3546140350877174,230
1.0,0.3,00,8.0,F070W-F200W,3,0.3539491525423717,239
1.0,0.3,00,8.0,F070W-F200W,4,0.31128571428571483,227
1.0,0.3,00,8.0,F070W-F200W,5,0.23244230769230434,211
1.0,0.3,00,8.0,F070W-F200W,6,0.20946511627907505,175
1.0,0.3,00,8.5,H-R,1,0.166246026620134,340
1.0,0.3,00,8.5,H-R,2,0.14891556886449098,250
1.0,0.3,00,8.5,H-R,3,0.13258049873973188,216
1.0,0.3,00,8.5,H-R,4,0.11529952503201546,155
1.0,0.3,00,8.5,H-R,5,0.08709307255896448,95
1.0,0.3,00,8.5,H-R,6,0.04626884253238983,43
1.0,0.3,00,8.5,F070W-F200W,1,0.32811363636363566,178
1.0,0.3,00,8.5,F070W-F200W,2,0.35900000000000176,234
1.0,0.3,00,8.5,F070W-F200W,3,0.3586779661016912,238
1.0,0.3,00,8.5,F070W-F200W,4,0.2952909090909053,221
1.0,0.3,00,8.5,F070W-F200W,5,0.2308000000000039,202
1.0,0.3,00,8.5,F070W-F200W,6,0.21593181818181684,179
1.0,0.3,00,9.0,H-R,1,0.1651533397690237,334
1.0,0.3,00,9.0,H-R,2,0.15065971375586407,252
1.0,0.3,00,9.0,H-R,3,0.13502655095275817,218
1.0,0.3,00,9.0,H-R,4,0.11738748750317352,159
1.0,0.3,00,9.0,H-R,5,0.08482881692637223,93
1.0,0.3,00,9.0,H-R,6,0.04689786199108947,45
1.0,0.3,00,9.0,F070W-F200W,1,0.3312222222222214,181
1.0,0.3,00,9.0,F070W-F200W,2,0.36108474576271377,237
1.0,0.3,00,9.0,F070W-F200W,3,0.35981355932203307,236
1.0,0.3,00,9.0,F070W-F200W,4,0.28492592592592736,217
1.0,0.3,00,9.0,F070W-F200W,5,0.23273469387754986,198
1.0,0.3,00,9.0,F070W-F200W,6,0.21563636363636363,177
1.0,0.3,00,9.5,H-R,1,0.16777581407877173,331
1.0,0.3,00,9.5,H-R,2,0.15305503680642984,255
1.0,0.3,00,9.5,H-R,3,0.1347283403039865,217
1.0,0.3,00,9.5,H-R,4,0.11818200887147001,161
1.0,0.3,00,9.5,H-R,5,0.08455537459722229,93
1.0,0.3,00,9.5,H-R,6,0.0503984222156858,46
1.0,0.3,00,9.5,F070W-F200W,1,0.3457021276595782,189
1.0,0.3,00,9.5,F070W-F200W,2,0.36411864406779415,238
1.0,0.3,00,9.5,F070W-F200W,3,0.3655762711864359,239
1.0,0.3,00,9.5,F070W-F200W,4,0.2691509433962267,215
1.0,0.3,00,9.5,F070W-F200W,5,0.21799999999999997,183
1.0,0.3,00,9.5,F070W-F200W,6,0.2201590909090907,178
1.0,0.3,00,10.0,H-R,1,0.17030650623947063,331
1.0,0.3,00,10.0,H-R,2,0.14803892132715535,245
1.0,0.3,00,10.0,H-R,3,0.1423596431086538,227
1.0,0.3,00,10.0,H-R,4,0.11978939198975302,163
1.0,0.3,00,10.0,H-R,5,0.08331811153739865,92
1.0,0.3,00,10.0,H-R,6,0.04781081407757326,48
1.0,0.3,00,10.0,F070W-F200W,1,0.3543125000000025,195
1.0,0.3,00,10.0,F070W-F200W,2,0.36638333333333506,240
1.0,0.3,00,10.0,F070W-F200W,3,0.349157894736841,228
1.0,0.3,00,10.0,F070W-F200W,4,0.2709814814814795,219
1.0,0.3,00,10.0,F070W-F200W,5,0.21054545454546236,177
1.0,0.3,00,10.0,F070W-F200W,6,0.21743181818181867,176
1.0,0.3,00,10.5,H-R,1,0.1693654221120362,328
1.0,0.3,00,10.5,H-R,2,0.1503999764858719,246
1.0,0.3,00,10.5,H-R,3,0.14371061179974043,229
1.0,0.3,00,10.5,H-R,4,0.12109598136605237,165
1.0,0.3,00,10.5,H-R,5,0.08267425641108983,90
1.0,0.3,00,10.5,H-R,6,0.04966794116988971,50
1.0,0.3,00,10.5,F070W-F200W,1,0.35885999999999996,200
1.0,0.3,00,10.5,F070W-F200W,2,0.36298305084745763,237
1.0,0.3,00,10.5,F070W-F200W,3,0.359,232
1.0,0.3,00,10.5,F070W-F200W,4,0.25823076923076904,210
1.0,0.3,00,10.5,F070W-F200W,5,0.21352272727272847,176
1.0,0.3,00,10.5,F070W-F200W,6,0.21595348837209372,172
1.0,0.3,00,11.0,H-R,1,0.16862294982036885,324
1.0,0.3,00,11.0,H-R,2,0.15185648573193933,248
1.0,0.3,00,11.0,H-R,3,0.14431367268476114,229
1.0,0.3,00,11.0,H-R,4,0.12088214214595316,165
1.0,0.3,00,11.0,H-R,5,0.08299094738327861,92
1.0,0.3,00,11.0,H-R,6,0.05068244365614194,50
1.0,0.3,00,11.0,F070W-F200W,1,0.3670000000000009,209
1.0,0.3,00,11.0,F070W-F200W,2,0.35515789473683945,231
1.0,0.3,00,11.0,F070W-F200W,3,0.35828070175438675,230
1.0,0.3,00,11.0,F070W-F200W,4,0.24784000000000184,202
1.0,0.3,00,11.0,F070W-F200W,5,0.21897727272727252,179
1.0,0.3,00,11.0,F070W-F200W,6,0.21992857142857147,171
1.0,0.3,00,11.5,H-R,1,0.16944926009711203,321
1.0,0.3,00,11.5,H-R,2,0.15413271735499268,252
1.0,0.3,00,11.5,H-R,3,0.1445500090765628,228
1.0,0.3,00,11.5,H-R,4,0.12162224060881899,166
1.0,0.3,00,11.5,H-R,5,0.08256568175000534,92
1.0,0.3,00,11.5,H-R,6,0.05154685886473098,50
1.0,0.3,00,11.5,F070W-F200W,1,0.3801818181818195,223
1.0,0.3,00,11.5,F070W-F200W,2,0.3349272727272741,220
1.0,0.3,00,11.5,F070W-F200W,3,0.35452631578947447,229
1.0,0.3,00,11.5,F070W-F200W,4,0.24559183673469676,199
1.0,0.3,00,11.5,F070W-F200W,5,0.21665116279069885,175
1.0,0.3,00,11.5,F070W-F200W,6,0.21758139534883547,172
1.0,0.3,00,12.0,H-R,1,0.1701483972899409,319
1.0,0.3,00,12.0,H-R,2,0.15550440343557037,253
1.0,0.3,00,12.0,H-R,3,0.14583058001423832,229
1.0,0.3,00,12.0,H-R,4,0.12087469933391115,165
1.0,0.3,00,12.0,H-R,5,0.08329956332746424,93
1.0,0.3,00,12.0,H-R,6,0.050653337618102645,52
1.0,0.3,00,12.0,F070W-F200W,1,0.6455357142857139,225
1.0,0.3,00,12.0,F070W-F200W,2,0.33012962962962966,218
1.0,0.3,00,12.0,F070W-F200W,3,0.35801724137931323,232
1.0,0.3,00,12.0,F070W-F200W,4,0.23312765957446402,190
1.0,0.3,00,12.0,F070W-F200W,5,0.21260465116279015,173
1.0,0.3,00,12.0,F070W-F200W,6,0.22047619047618916,170
1.0,0.3,00,12.5,H-R,1,0.17111114595616383,318
1.0,0.3,00,12.5,H-R,2,0.15553221691112173,251
1.0,0.3,00,12.5,H-R,3,0.14662776650552223,229
1.0,0.3,00,12.5,H-R,4,0.12312511673292259,167
1.0,0.3,00,12.5,H-R,5,0.08419463765395041,94
1.0,0.3,00,12.5,H-R,6,0.0506919170847282,52
1.0,0.3,00,12.5,F070W-F200W,1,0.909105263157894,231
1.0,0.3,00,12.5,F070W-F200W,2,0.3192499999999985,211
1.0,0.3,00,12.5,F070W-F200W,3,0.3620344827586166,234
1.0,0.3,00,12.5,F070W-F200W,4,0.2248478260869593,185
1.0,0.3,00,12.5,F070W-F200W,5,0.21302325581394754,172
1.0,0.3,00,12.5,F070W-F200W,6,0.22135714285714236,170
1.0,0.3,00,13.0,H-R,1,0.17056533651422345,316
1.0,0.3,00,13.0,H-R,2,0.15610098867225952,251
1.0,0.3,00,13.0,H-R,3,0.14433941864762612,225
1.0,0.3,00,13.0,H-R,4,0.12682249867421325,171
1.0,0.3,00,13.0,H-R,5,0.08476823637521402,95
1.0,0.3,00,13.0,H-R,6,0.050516398894485226,52
1.0,0.3,00,13.0,F070W-F200W,1,0.9011206896551744,233
1.0,0.3,00,13.0,F070W-F200W,2,0.31353846153845844,208
1.0,0.3,00,13.0,F070W-F200W,3,0.3712203389830542,239
1.0,0.3,00,13.0,F070W-F200W,4,0.21034090909090963,176
1.0,0.3,00,13.0,F070W-F200W,5,0.2156046511627867,173
1.0,0.3,00,13.0,F070W-F200W,6,0.22119047619047727,169
1.0,0.3,00,13.5,H-R,1,0.16872932452599354,310
1.0,0.3,00,13.5,H-R,2,0.15636525227884657,250
1.0,0.3,00,13.5,H-R,3,0.14795843967258304,230
1.0,0.3,00,13.5,H-R,4,0.12605923999542967,172
1.0,0.3,00,13.5,H-R,5,0.08419154320512057,96
1.0,0.3,00,13.5,H-R,6,0.05141643270814322,52
1.0,0.3,00,13.5,F070W-F200W,1,0.38611864406779617,239
1.0,0.3,00,13.5,F070W-F200W,2,0.3061960784313751,205
1.0,0.3,00,13.5,F070W-F200W,3,0.36162068965517236,233
1.0,0.3,00,13.5,F070W-F200W,4,0.20720930232557677,173
1.0,0.3,00,13.5,F070W-F200W,5,0.21851162790697742,173
1.0,0.3,00,13.5,F070W-F200W,6,0.22052380952380624,168
1.0,0.3,00,14.0,H-R,1,0.1702244418902774,310
1.0,0.3,00,14.0,H-R,2,0.15515457698052226,248
1.0,0.3,00,14.0,H-R,3,0.1459989537418518,226
1.0,0.3,00,14.0,H-R,4,0.12928367948769526,176
1.0,0.3,00,14.0,H-R,5,0.08560384065252702,98
1.0,0.3,00,14.0,H-R,6,0.05033417246846894,52
1.0,0.3,00,14.0,F070W-F200W,1,0.3886000000000003,243
1.0,0.3,00,14.0,F070W-F200W,2,0.2898571428571426,198
1.0,0.3,00,14.0,F070W-F200W,3,0.35935087719298053,231
1.0,0.3,00,14.0,F070W-F200W,4,0.20454761904761654,170
1.0,0.3,00,14.0,F070W-F200W,5,0.22058139534883914,174
1.0,0.3,00,14.0,F070W-F200W,6,0.21626829268292624,164
1.0,0.3,00,14.5,H-R,1,0.16998171331348022,308
1.0,0.3,00,14.5,H-R,2,0.15547827682485993,248
1.0,0.3,00,14.5,H-R,3,0.14499840726757318,225
1.0,0.3,00,14.5,H-R,4,0.13080013996091333,177
1.0,0.3,00,14.5,H-R,5,0.08656338836147381,100
1.0,0.3,00,14.5,H-R,6,0.05007151489814676,52
1.0,0.3,00,14.5,F070W-F200W,1,0.39748387096774174,249
1.0,0.3,00,14.5,F070W-F200W,2,0.28781999999999996,200
1.0,0.3,00,14.5,F070W-F200W,3,0.3522105263157904,228
1.0,0.3,00,14.5,F070W-F200W,4,0.19858536585365982,165
1.0,0.3,00,14.5,F070W-F200W,5,0.21981395348837296,173
1.0,0.3,00,14.5,F070W-F200W,6,0.21941463414633944,164
1.0,0.3,00,15.0,H-R,1,0.16869444529184308,306
1.0,0.3,00,15.0,H-R,2,0.15793057449019843,250
1.0,0.3,00,15.0,H-R,3,0.14654940793902949,225
1.0,0.3,00,15.0,H-R,4,0.12837099668922636,173
1.0,0.3,00,15.0,H-R,5,0.08877822480846365,104
1.0,0.3,00,15.0,H-R,6,0.04973273277548018,52
1.0,0.3,00,15.0,F070W-F200W,1,0.39899999999999736,247
1.0,0.3,00,15.0,F070W-F200W,2,0.2811632653061249,197
1.0,0.3,00,15.0,F070W-F200W,3,0.3600344827586195,232
1.0,0.3,00,15.0,F070W-F200W,4,0.18284615384615321,157
1.0,0.3,00,15.0,F070W-F200W,5,0.2210697674418558,173
1.0,0.3,00,15.0,F070W-F200W,6,0.21502564102564392,159
1.0,0.3,00,15.5,H-R,1,0.16983294875468857,305
1.0,0.3,00,15.5,H-R,2,0.15736902728981295,249
1.0,0.3,00,15.5,H-R,3,0.1458907084830281,225
1.0,0.3,00,15.5,H-R,4,0.13082440523162675,175
1.0,0.3,00,15.5,H-R,5,0.08852580586151393,104
1.0,0.3,00,15.5,H-R,6,0.04897732087643014,52
1.0,0.3,00,15.5,F070W-F200W,1,0.39614754098360727,247
1.0,0.3,00,15.5,F070W-F200W,2,0.6088541666666707,195
1.0,0.3,00,15.5,F070W-F200W,3,0.36270689655172283,234
1.0,0.3,00,15.5,F070W-F200W,4,0.18469230769230727,156
1.0,0.3,00,15.5,F070W-F200W,5,0.21957142857142742,170
1.0,0.3,00,15.5,F070W-F200W,6,0.21609999999999907,160
1.0,0.3,00,16.0,H-R,1,0.17112216266242353,305
1.0,0.3,00,16.0,H-R,2,0.15597210343143053,246
1.0,0.3,00,16.0,H-R,3,0.14678152301562242,227
1.0,0.3,00,16.0,H-R,4,0.13113797086457057,176
1.0,0.3,00,16.0,H-R,5,0.08916265233396037,105
1.0,0.3,00,16.0,H-R,6,0.049381734879087036,53
1.0,0.3,00,16.0,F070W-F200W,1,0.3885000000000005,243
1.0,0.3,00,16.0,F070W-F200W,2,0.28224489795918295,198
1.0,0.3,00,16.0,F070W-F200W,3,0.35447368421052516,229
1.0,0.3,00,16.0,F070W-F200W,4,0.18758974358974534,156
1.0,0.3,00,16.0,F070W-F200W,5,0.2219047619047636,171
1.0,0.3,00,16.0,F070W-F200W,6,0.21654999999999802,160
1.0,0.3,00,16.5,H-R,1,0.1710151146469825,303
1.0,0.3,00,16.5,H-R,2,0.15523729985940737,244
1.0,0.3,00,16.5,H-R,3,0.1445974142876365,223
1.0,0.3,00,16.5,H-R,4,0.13348903011134428,178
1.0,0.3,00,16.5,H-R,5,0.09359800865113543,111
1.0,0.3,00,16.5,H-R,6,0.05068167969611714,53
1.0,0.3,00,16.5,F070W-F200W,1,0.3788305084745751,238
1.0,0.3,00,16.5,F070W-F200W,2,0.28642857142856926,199
1.0,0.3,00,16.5,F070W-F200W,3,0.3587017543859634,230
1.0,0.3,00,16.5,F070W-F200W,4,0.18650000000000055,154
1.0,0.3,00,16.5,F070W-F200W,5,0.22097619047619155,169
1.0,0.3,00,16.5,F070W-F200W,6,0.21782051282051285,158
1.0,0.3,00,17.0,H-R,1,0.17087762225129732,302
1.0,0.3,00,17.0,H-R,2,0.15649965984469327,245
1.0,0.3,00,17.0,H-R,3,0.1431175548812873,221
1.0,0.3,00,17.0,H-R,4,0.13249878203168608,177
1.0,0.3,00,17.0,H-R,5,0.09496605629690347,114
1.0,0.3,00,17.0,H-R,6,0.051107219977593266,53
1.0,0.3,00,17.0,F070W-F200W,1,0.37150000000000105,234
1.0,0.3,00,17.0,F070W-F200W,2,0.28083673469387627,196
1.0,0.3,00,17.0,F070W-F200W,3,0.36951724137930775,235
1.0,0.3,00,17.0,F070W-F200W,4,0.18064864864864738,149
1.0,0.3,00,17.0,F070W-F200W,5,0.22004761904761772,168
1.0,0.3,00,17.0,F070W-F200W,6,0.2177435897435842,159
1.0,0.3,00,17.5,H-R,1,0.17155542946591718,302
1.0,0.3,00,17.5,H-R,2,0.15596926008133138,244
1.0,0.3,00,17.5,H-R,3,0.1425899953098233,219
1.0,0.3,00,17.5,H-R,4,0.13467205637276036,179
1.0,0.3,00,17.5,H-R,5,0.09572123797846754,115
1.0,0.3,00,17.5,H-R,6,0.05153120480154283,53
1.0,0.3,00,17.5,F070W-F200W,1,0.36925862068965287,233
1.0,0.3,00,17.5,F070W-F200W,2,0.2920399999999983,201
1.0,0.3,00,17.5,F070W-F200W,3,0.3658771929824578,231
1.0,0.3,00,17.5,F070W-F200W,4,0.17999999999999972,148
1.0,0.3,00,17.5,F070W-F200W,5,0.21700000000000053,166
1.0,0.3,00,17.5,F070W-F200W,6,0.2163846153846123,158
1.0,0.3,00,18.0,H-R,1,0.17109268053849114,298
1.0,0.3,00,18.0,H-R,2,0.15790587400355127,246
1.0,0.3,00,18.0,H-R,3,0.1403109336442725,214
1.0,0.3,00,18.0,H-R,4,0.1340099485504176,178
1.0,0.3,00,18.0,H-R,5,0.09961488203241897,122
1.0,0.3,00,18.0,H-R,6,0.05478635527666453,54
1.0,0.3,00,18.0,F070W-F200W,1,0.37112068965517153,233
1.0,0.3,00,18.0,F070W-F200W,2,0.29917647058823604,204
1.0,0.3,00,18.0,F070W-F200W,3,0.36743103448275605,232
1.0,0.3,00,18.0,F070W-F200W,4,0.17358823529411538,139
1.0,0.3,00,18.0,F070W-F200W,5,0.21858536585365762,165
1.0,0.3,00,18.0,F070W-F200W,6,0.21610256410256312,156
1.0,0.3,00,18.5,H-R,1,0.1704588417467472,298
1.0,0.3,00,18.5,H-R,2,0.1567456639582432,243
1.0,0.3,00,18.5,H-R,3,0.14129399349643634,215
1.0,0.3,00,18.5,H-R,4,0.1350606508822203,180
1.0,0.3,00,18.5,H-R,5,0.10014242243371974,123
1.0,0.3,00,18.5,H-R,6,0.052937312231909894,53
1.0,0.3,00,18.5,F070W-F200W,1,0.3639122807017561,228
1.0,0.3,00,18.5,F070W-F200W,2,0.30944230769230785,209
1.0,0.3,00,18.5,F070W-F200W,3,0.3613333333333326,228
1.0,0.3,00,18.5,F070W-F200W,4,0.1674705882352967,137
1.0,0.3,00,18.5,F070W-F200W,5,0.2232682926829277,166
1.0,0.3,00,18.5,F070W-F200W,6,0.2133947368421012,153
1.0,0.3,00,19.0,H-R,1,0.16644566575788544,292
1.0,0.3,00,19.0,H-R,2,0.15978313158735524,248
1.0,0.3,00,19.0,H-R,3,0.1410186571100418,214
1.0,0.3,00,19.0,H-R,4,0.13234560908546955,177
1.0,0.3,00,19.0,H-R,5,0.10217287880222248,128
1.0,0.3,00,19.0,H-R,6,0.053381609660055895,55
1.0,0.3,00,19.0,F070W-F200W,1,0.35107272727272765,220
1.0,0.3,00,19.0,F070W-F200W,2,0.3139038461538455,210
1.0,0.3,00,19.0,F070W-F200W,3,0.3627678571428561,227
1.0,0.3,00,19.0,F070W-F200W,4,0.16418181818181665,134
1.0,0.3,00,19.0,F070W-F200W,5,0.2255365853658553,166
1.0,0.3,00,19.0,F070W-F200W,6,0.21139473684210053,152
1.0,0.3,00,19.5,H-R,1,0.1674537726565768,291
1.0,0.3,00,19.5,H-R,2,0.1600835342067921,247
1.0,0.3,00,19.5,H-R,3,0.14115080434831007,214
1.0,0.3,00,19.5,H-R,4,0.13181074859631114,177
1.0,0.3,00,19.5,H-R,5,0.10363076837658869,130
1.0,0.3,00,19.5,H-R,6,0.052904989338484976,55
1.0,0.3,00,19.5,F070W-F200W,1,0.35367272727272336,221
1.0,0.3,00,19.5,F070W-F200W,2,0.31254901960784487,207
1.0,0.3,00,19.5,F070W-F200W,3,0.3614107142857126,226
1.0,0.3,00,19.5,F070W-F200W,4,0.16175757575757643,132
1.0,0.3,00,19.5,F070W-F200W,5,0.22112195121951217,165
1.0,0.3,00,19.5,F070W-F200W,6,0.21447368421052104,153
1.0,0.3,00,20.0,H-R,1,0.16697059830095196,290
1.0,0.3,00,20.0,H-R,2,0.15839860367897107,245
1.0,0.3,00,20.0,H-R,3,0.1413573510714503,214
1.0,0.3,00,20.0,H-R,4,0.13282492371778032,178
1.0,0.3,00,20.0,H-R,5,0.10421358784018131,132
1.0,0.3,00,20.0,H-R,6,0.053492144057764035,56
1.0,0.3,00,20.0,F070W-F200W,1,0.35998214285714525,224
1.0,0.3,00,20.0,F070W-F200W,2,0.3167058823529416,207
1.0,0.3,00,20.0,F070W-F200W,3,0.36348214285714064,227
1.0,0.3,00,20.0,F070W-F200W,4,0.15487096774193532,126
1.0,0.3,00,20.0,F070W-F200W,5,0.22129268292682625,164
1.0,0.3,00,20.0,F070W-F200W,6,0.21313157894736712,153
1.0,1.0,00,1.0,H-R,1,0.1342041138526202,177
1.0,1.0,00,1.0,H-R,2,0.08981429191374968,143
1.0,1.0,00,1.0,H-R,3,0.06863332531583732,154
1.0,1.0,00,1.0,H-R,4,0.06516150420944256,116
1.0,1.0,00,1.0,H-R,5,0.06182761346923815,96
1.0,1.0,00,1.0,H-R,6,0.06024140761975272,68
1.0,1.0,00,1.0,F070W-F200W,1,0.12586666666666346,60
1.0,1.0,00,1.0,F070W-F200W,2,0.12347368421052707,77
1.0,1.0,00,1.0,F070W-F200W,3,0.14682608695652277,93
1.0,1.0,00,1.0,F070W-F200W,4,0.22653061224489512,196
1.0,1.0,00,1.0,F070W-F200W,5,0.3089545454545437,177
1.0,1.0,00,1.0,F070W-F200W,6,0.2899729729729721,151
1.0,1.0,00,1.5,H-R,1,0.10750447737949498,202
1.0,1.0,00,1.5,H-R,2,0.0743646480716802,152
1.0,1.0,00,1.5,H-R,3,0.08448390744557666,156
1.0,1.0,00,1.5,H-R,4,0.07163796361651031,108
1.0,1.0,00,1.5,H-R,5,0.06764080754805368,98
1.0,1.0,00,1.5,H-R,6,0.06618086641719251,72
1.0,1.0,00,1.5,F070W-F200W,1,0.16469999999999985,80
1.0,1.0,00,1.5,F070W-F200W,2,0.15163157894736834,78
1.0,1.0,00,1.5,F070W-F200W,3,0.2599249999999991,163
1.0,1.0,00,1.5,F070W-F200W,4,0.2717209302325596,174
1.0,1.0,00,1.5,F070W-F200W,5,0.21826315789473583,152
1.0,1.0,00,1.5,F070W-F200W,6,0.22932558139534898,173
1.0,1.0,00,2.0,H-R,1,0.1052067915050987,240
1.0,1.0,00,2.0,H-R,2,0.075079477461645,166
1.0,1.0,00,2.0,H-R,3,0.09060242116030659,153
1.0,1.0,00,2.0,H-R,4,0.07177235479839172,102
1.0,1.0,00,2.0,H-R,5,0.07107203573728293,103
1.0,1.0,00,2.0,H-R,6,0.06060146047394088,66
1.0,1.0,00,2.0,F070W-F200W,1,0.1785652173913057,93
1.0,1.0,00,2.0,F070W-F200W,2,0.18391304347826143,92
1.0,1.0,00,2.0,F070W-F200W,3,0.2681190476190487,169
1.0,1.0,00,2.0,F070W-F200W,4,0.2227380952380944,171
1.0,1.0,00,2.0,F070W-F200W,5,0.1813589743589752,156
1.0,1.0,00,2.0,F070W-F200W,6,0.21529411764706197,205
1.0,1.0,00,2.5,H-R,1,0.12359787301581782,275
1.0,1.0,00,2.5,H-R,2,0.08505385600937032,178
1.0,1.0,00,2.5,H-R,3,0.09292494640450677,156
1.0,1.0,00,2.5,H-R,4,0.06739158544297763,96
1.0,1.0,00,2.5,H-R,5,0.07618924705607322,109
1.0,1.0,00,2.5,H-R,6,0.048108076534144395,56
1.0,1.0,00,2.5,F070W-F200W,1,0.18191666666666428,99
1.0,1.0,00,2.5,F070W-F200W,2,0.21096296296296124,110
1.0,1.0,00,2.5,F070W-F200W,3,0.2739318181818149,177
1.0,1.0,00,2.5,F070W-F200W,4,0.20540909090908777,176
1.0,1.0,00,2.5,F070W-F200W,5,0.1973636363636384,176
1.0,1.0,00,2.5,F070W-F200W,6,0.14127083333333168,193
1.0,1.0,00,3.0,H-R,1,0.14813888152635113,311
1.0,1.0,00,3.0,H-R,2,0.09766695473539322,193
1.0,1.0,00,3.0,H-R,3,0.09525496861157112,159
1.0,1.0,00,3.0,H-R,4,0.07143272211216711,100
1.0,1.0,00,3.0,H-R,5,0.07886171403477615,107
1.0,1.0,00,3.0,H-R,6,0.04430643099011877,49
1.0,1.0,00,3.0,F070W-F200W,1,0.19965384615384352,107
1.0,1.0,00,3.0,F070W-F200W,2,0.23483870967742249,125
1.0,1.0,00,3.0,F070W-F200W,3,0.2647441860465083,173
1.0,1.0,00,3.0,F070W-F200W,4,0.25015999999999927,200
1.0,1.0,00,3.0,F070W-F200W,5,0.25207547169811484,213
1.0,1.0,00,3.0,F070W-F200W,6,0.11936111111110925,145
1.0,1.0,00,3.5,H-R,1,0.1515586569537355,308
1.0,1.0,00,3.5,H-R,2,0.10393526830212307,202
1.0,1.0,00,3.5,H-R,3,0.09917251968440888,167
1.0,1.0,00,3.5,H-R,4,0.07866980369452048,108
1.0,1.0,00,3.5,H-R,5,0.07464449009578744,100
1.0,1.0,00,3.5,H-R,6,0.06229742010174766,52
1.0,1.0,00,3.5,F070W-F200W,1,0.2171034482758607,116
1.0,1.0,00,3.5,F070W-F200W,2,0.2476176470588225,138
1.0,1.0,00,3.5,F070W-F200W,3,0.30074468085106254,191
1.0,1.0,00,3.5,F070W-F200W,4,0.27590384615385233,209
1.0,1.0,00,3.5,F070W-F200W,5,0.26664814814814974,217
1.0,1.0,00,3.5,F070W-F200W,6,0.07821951219512258,164
1.0,1.0,00,4.0,H-R,1,0.1609399104888145,321
1.0,1.0,00,4.0,H-R,2,0.10383752376811684,200
1.0,1.0,00,4.0,H-R,3,0.1044465919753308,178
1.0,1.0,00,4.0,H-R,4,0.08523721035930232,116
1.0,1.0,00,4.0,H-R,5,0.08054958075279506,101
1.0,1.0,00,4.0,H-R,6,0.08527679110867403,50
1.0,1.0,00,4.0,F070W-F200W,1,0.23954838709677162,126
1.0,1.0,00,4.0,F070W-F200W,2,0.26392307692307426,158
1.0,1.0,00,4.0,F070W-F200W,3,0.3025918367346989,199
1.0,1.0,00,4.0,F070W-F200W,4,0.29439622641509366,215
1.0,1.0,00,4.0,F070W-F200W,5,0.23097999999999885,200
1.0,1.0,00,4.0,F070W-F200W,6,0.139528301886795,215
1.0,1.0,00,4.5,H-R,1,0.1622026889149315,325
1.0,1.0,00,4.5,H-R,2,0.11196725779248284,210
1.0,1.0,00,4.5,H-R,3,0.10618886467868838,184
1.0,1.0,00,4.5,H-R,4,0.09075018083306519,123
1.0,1.0,00,4.5,H-R,5,0.08904989737196356,106
1.0,1.0,00,4.5,H-R,6,0.0901526421167107,46
1.0,1.0,00,4.5,F070W-F200W,1,0.2607352941176462,137
1.0,1.0,00,4.5,F070W-F200W,2,0.27688888888889096,181
1.0,1.0,00,4.5,F070W-F200W,3,0.2978461538461534,209
1.0,1.0,00,4.5,F070W-F200W,4,0.29262962962962824,216
1.0,1.0,00,4.5,F070W-F200W,5,0.1720681818181884,179
1.0,1.0,00,4.5,F070W-F200W,6,0.2193157894736828,231
1.0,1.0,00,5.0,H-R,1,0.15783172674456925,322
1.0,1.0,00,5.0,H-R,2,0.12414526813112925,225
1.0,1.0,00,5.0,H-R,3,0.11042725931994113,192
1.0,1.0,00,5.0,H-R,4,0.09575994235158825,131
1.0,1.0,00,5.0,H-R,5,0.08729405814979418,101
1.0,1.0,00,5.0,H-R,6,0.08749981462010858,46
1.0,1.0,00,5.0,F070W-F200W,1,0.2748333333333317,146
1.0,1.0,00,5.0,F070W-F200W,2,0.3034600000000047,203
1.0,1.0,00,5.0,F070W-F200W,3,0.28663461538462087,208
1.0,1.0,00,5.0,F070W-F200W,4,0.30798245614035125,230
1.0,1.0,00,5.0,F070W-F200W,5,0.09940000000000104,163
1.0,1.0,00,5.0,F070W-F200W,6,0.2755161290322583,251
1.0,1.0,00,5.5,H-R,1,0.14811098706917059,312
1.0,1.0,00,5.5,H-R,2,0.13647002789156515,242
1.0,1.0,00,5.5,H-R,3,0.11533934731190909,199
1.0,1.0,00,5.5,H-R,4,0.1006958133659579,138
1.0,1.0,00,5.5,H-R,5,0.08635574759970743,100
1.0,1.0,00,5.5,H-R,6,0.08801840432539698,46
1.0,1.0,00,5.5,F070W-F200W,1,0.2794054054054076,149
1.0,1.0,00,5.5,F070W-F200W,2,0.3256545454545421,222
1.0,1.0,00,5.5,F070W-F200W,3,0.2960943396226412,215
1.0,1.0,00,5.5,F070W-F200W,4,0.3356065573770479,245
1.0,1.0,00,5.5,F070W-F200W,5,0.07613157894736311,154
1.0,1.0,00,5.5,F070W-F200W,6,0.26675000000000004,243
1.0,1.0,00,6.0,H-R,1,0.14871296912405385,318
1.0,1.0,00,6.0,H-R,2,0.14154821584809385,250
1.0,1.0,00,6.0,H-R,3,0.11736865871937385,202
1.0,1.0,00,6.0,H-R,4,0.10301812696519486,141
1.0,1.0,00,6.0,H-R,5,0.0870303246561287,99
1.0,1.0,00,6.0,H-R,6,0.08448775033972156,46
1.0,1.0,00,6.0,F070W-F200W,1,0.284945945945946,151
1.0,1.0,00,6.0,F070W-F200W,2,0.32003703703703223,219
1.0,1.0,00,6.0,F070W-F200W,3,0.3332711864406779,237
1.0,1.0,00,6.0,F070W-F200W,4,0.3404918032786881,246
1.0,1.0,00,6.0,F070W-F200W,5,0.12233333333333363,170
1.0,1.0,00,6.0,F070W-F200W,6,0.2540178571428573,224
1.0,1.0,00,6.5,H-R,1,0.1543483919606592,338
1.0,1.0,00,6.5,H-R,2,0.14381601521473164,251
1.0,1.0,00,6.5,H-R,3,0.11863658386587295,203
1.0,1.0,00,6.5,H-R,4,0.1079948671135631,147
1.0,1.0,00,6.5,H-R,5,0.08399011305685011,96
1.0,1.0,00,6.5,H-R,6,0.08413659765598092,45
1.0,1.0,00,6.5,F070W-F200W,1,0.3039268292682902,164
1.0,1.0,00,6.5,F070W-F200W,2,0.3105849056603738,214
1.0,1.0,00,6.5,F070W-F200W,3,0.34573333333333167,242
1.0,1.0,00,6.5,F070W-F200W,4,0.3351333333333315,241
1.0,1.0,00,6.5,F070W-F200W,5,0.1890188679245277,213
1.0,1.0,00,6.5,F070W-F200W,6,0.2178695652173932,184
1.0,1.0,00,7.0,H-R,1,0.16087852714538098,344
1.0,1.0,00,7.0,H-R,2,0.14308837571989685,247
1.0,1.0,00,7.0,H-R,3,0.12458721153853913,211
1.0,1.0,00,7.0,H-R,4,0.10997352896384682,150
1.0,1.0,00,7.0,H-R,5,0.0869751844239749,98
1.0,1.0,00,7.0,H-R,6,0.06494873020789105,40
1.0,1.0,00,7.0,F070W-F200W,1,0.3023750000000014,163
1.0,1.0,00,7.0,F070W-F200W,2,0.32434545454545116,221
1.0,1.0,00,7.0,F070W-F200W,3,0.35057377049180083,244
1.0,1.0,00,7.0,F070W-F200W,4,0.3310166666666685,241
1.0,1.0,00,7.0,F070W-F200W,5,0.21668518518518454,217
1.0,1.0,00,7.0,F070W-F200W,6,0.2145333333333337,182
1.0,1.0,00,7.5,H-R,1,0.163604492089918,343
1.0,1.0,00,7.5,H-R,2,0.14658058553700926,252
1.0,1.0,00,7.5,H-R,3,0.12642986034804826,213
1.0,1.0,00,7.5,H-R,4,0.1121827712183785,153
1.0,1.0,00,7.5,H-R,5,0.08555930900998487,97
1.0,1.0,00,7.5,H-R,6,0.05826607170233744,40
1.0,1.0,00,7.5,F070W-F200W,1,0.31002380952380726,169
1.0,1.0,00,7.5,F070W-F200W,2,0.3362500000000015,225
1.0,1.0,00,7.5,F070W-F200W,3,0.360451612903228,248
1.0,1.0,00,7.5,F070W-F200W,4,0.31955932203389814,236
1.0,1.0,00,7.5,F070W-F200W,5,0.22633962264151108,212
1.0,1.0,00,7.5,F070W-F200W,6,0.21186363636363836,177
1.0,1.0,00,8.0,H-R,1,0.16505809466655608,345
1.0,1.0,00,8.0,H-R,2,0.1467734977908952,252
1.0,1.0,00,8.0,H-R,3,0.1296053783266593,217
1.0,1.0,00,8.0,H-R,4,0.11408732224297147,156
1.0,1.0,00,8.0,H-R,5,0.08505573863784321,96
1.0,1.0,00,8.0,H-R,6,0.049773481005288445,41
1.0,1.0,00,8.0,F070W-F200W,1,0.31402325581395374,172
1.0,1.0,00,8.0,F070W-F200W,2,0.35477966101694847,236
1.0,1.0,00,8.0,F070W-F200W,3,0.35516666666666374,243
1.0,1.0,00,8.0,F070W-F200W,4,0.309807017543859,230
1.0,1.0,00,8.0,F070W-F200W,5,0.2314423076923049,211
1.0,1.0,00,8.0,F070W-F200W,6,0.21202325581395343,175
1.0,1.0,00,8.5,H-R,1,0.1668744551520922,342
1.0,1.0,00,8.5,H-R,2,0.149957770439217,256
1.0,1.0,00,8.5,H-R,3,0.1324737088240704,219
1.0,1.0,00,8.5,H-R,4,0.11557699889133799,158
1.0,1.0,00,8.5,H-R,5,0.08530825531739494,96
1.0,1.0,00,8.5,H-R,6,0.04502100941330145,42
1.0,1.0,00,8.5,F070W-F200W,1,0.326113636363635,179
1.0,1.0,00,8.5,F070W-F200W,2,0.3608499999999992,240
1.0,1.0,00,8.5,F070W-F200W,3,0.3589499999999983,242
1.0,1.0,00,8.5,F070W-F200W,4,0.2942363636363652,222
1.0,1.0,00,8.5,F070W-F200W,5,0.23254901960784657,206
1.0,1.0,00,8.5,F070W-F200W,6,0.214090909090908,176
1.0,1.0,00,9.0,H-R,1,0.16602187663692192,337
1.0,1.0,00,9.0,H-R,2,0.15110627882199412,257
1.0,1.0,00,9.0,H-R,3,0.13425239745152862,222
1.0,1.0,00,9.0,H-R,4,0.11681087730700979,160
1.0,1.0,00,9.0,H-R,5,0.08527509079330486,95
1.0,1.0,00,9.0,H-R,6,0.0455460123552085,44
1.0,1.0,00,9.0,F070W-F200W,1,0.3340222222222202,183
1.0,1.0,00,9.0,F070W-F200W,2,0.35891666666666566,240
1.0,1.0,00,9.0,F070W-F200W,3,0.36278688524589775,244
1.0,1.0,00,9.0,F070W-F200W,4,0.28188888888888997,217
1.0,1.0,00,9.0,F070W-F200W,5,0.2340599999999995,202
1.0,1.0,00,9.0,F070W-F200W,6,0.21730232558139306,175
1.0,1.0,00,9.5,H-R,1,0.16805085242672146,333
1.0,1.0,00,9.5,H-R,2,0.15218929230042932,257
1.0,1.0,00,9.5,H-R,3,0.13587829130958906,223
1.0,1.0,00,9.5,H-R,4,0.11918431840164723,164
1.0,1.0,00,9.5,H-R,5,0.08396446165087834,94
1.0,1.0,00,9.5,H-R,6,0.04907833073315693,45
1.0,1.0,00,9.5,F070W-F200W,1,0.35185416666666924,194
1.0,1.0,00,9.5,F070W-F200W,2,0.3610338983050845,239
1.0,1.0,00,9.5,F070W-F200W,3,0.3629333333333342,242
1.0,1.0,00,9.5,F070W-F200W,4,0.2726481481481464,217
1.0,1.0,00,9.5,F070W-F200W,5,0.21858695652173488,187
1.0,1.0,00,9.5,F070W-F200W,6,0.22218181818182003,176
1.0,1.0,00,10.0,H-R,1,0.16953933029459534,332
1.0,1.0,00,10.0,H-R,2,0.15001818038161208,251
1.0,1.0,00,10.0,H-R,3,0.1415995308580038,232
1.0,1.0,00,10.0,H-R,4,0.11907742304816149,164
1.0,1.0,00,10.0,H-R,5,0.08371574534535342,94
1.0,1.0,00,10.0,H-R,6,0.047542097945960426,47
1.0,1.0,00,10.0,F070W-F200W,1,0.3536734693877541,197
1.0,1.0,00,10.0,F070W-F200W,2,0.36798360655737916,244
1.0,1.0,00,10.0,F070W-F200W,3,0.35389655172413725,235
1.0,1.0,00,10.0,F070W-F200W,4,0.2714999999999961,219
1.0,1.0,00,10.0,F070W-F200W,5,0.21155555555555594,180
1.0,1.0,00,10.0,F070W-F200W,6,0.2211395348837204,175
1.0,1.0,00,10.5,H-R,1,0.17030620018143106,330
1.0,1.0,00,10.5,H-R,2,0.1506644448870773,252
1.0,1.0,00,10.5,H-R,3,0.1430739214397858,233
1.0,1.0,00,10.5,H-R,4,0.12205199054028881,167
1.0,1.0,00,10.5,H-R,5,0.0820115853156671,92
1.0,1.0,00,10.5,H-R,6,0.04843680354126356,49
1.0,1.0,00,10.5,F070W-F200W,1,0.3631764705882361,205
1.0,1.0,00,10.5,F070W-F200W,2,0.36144999999999783,240
1.0,1.0,00,10.5,F070W-F200W,3,0.36189830508474863,239
1.0,1.0,00,10.5,F070W-F200W,4,0.256442307692307,208
1.0,1.0,00,10.5,F070W-F200W,5,0.21626666666666594,181
1.0,1.0,00,10.5,F070W-F200W,6,0.2190714285714268,169
1.0,1.0,00,11.0,H-R,1,0.17032343007209505,327
1.0,1.0,00,11.0,H-R,2,0.15191720860015057,252
1.0,1.0,00,11.0,H-R,3,0.1453818049873845,235
1.0,1.0,00,11.0,H-R,4,0.12103074844405137,166
1.0,1.0,00,11.0,H-R,5,0.08336991620761336,94
1.0,1.0,00,11.0,H-R,6,0.049481679287800784,49
1.0,1.0,00,11.0,F070W-F200W,1,0.3709622641509416,215
1.0,1.0,00,11.0,F070W-F200W,2,0.3544827586206889,234
1.0,1.0,00,11.0,F070W-F200W,3,0.35420689655172133,234
1.0,1.0,00,11.0,F070W-F200W,4,0.2479800000000001,201
1.0,1.0,00,11.0,F070W-F200W,5,0.21891111111111528,182
1.0,1.0,00,11.0,F070W-F200W,6,0.22262790697674362,172
1.0,1.0,00,11.5,H-R,1,0.1706906422758352,323
1.0,1.0,00,11.5,H-R,2,0.15494366727349318,255
1.0,1.0,00,11.5,H-R,3,0.14562728550382142,235
1.0,1.0,00,11.5,H-R,4,0.121762139887446,167
1.0,1.0,00,11.5,H-R,5,0.08294551268058292,94
1.0,1.0,00,11.5,H-R,6,0.05031390955916293,49
1.0,1.0,00,11.5,F070W-F200W,1,0.3772857142857138,227
1.0,1.0,00,11.5,F070W-F200W,2,0.3331090909090886,222
1.0,1.0,00,11.5,F070W-F200W,3,0.35772413793103297,235
1.0,1.0,00,11.5,F070W-F200W,4,0.24512244897959157,198
1.0,1.0,00,11.5,F070W-F200W,5,0.21729545454545374,178
1.0,1.0,00,11.5,F070W-F200W,6,0.2199999999999971,170
1.0,1.0,00,12.0,H-R,1,0.17067811951288103,321
1.0,1.0,00,12.0,H-R,2,0.15549813337351326,257
1.0,1.0,00,12.0,H-R,3,0.14604107209903816,236
1.0,1.0,00,12.0,H-R,4,0.12107557612429631,166
1.0,1.0,00,12.0,H-R,5,0.08373832299631911,95
1.0,1.0,00,12.0,H-R,6,0.050862088964043206,51
1.0,1.0,00,12.0,F070W-F200W,1,0.6398596491228083,229
1.0,1.0,00,12.0,F070W-F200W,2,0.3312000000000026,222
1.0,1.0,00,12.0,F070W-F200W,3,0.3595999999999986,240
1.0,1.0,00,12.0,F070W-F200W,4,0.22954347826086696,187
1.0,1.0,00,12.0,F070W-F200W,5,0.21690909090909472,178
1.0,1.0,00,12.0,F070W-F200W,6,0.22080952380952823,168
1.0,1.0,00,12.5,H-R,1,0.17250229197705647,321
1.0,1.0,00,12.5,H-R,2,0.15476684717036204,253
1.0,1.0,00,12.5,H-R,3,0.14683421187559986,236
1.0,1.0,00,12.5,H-R,4,0.12333343705693056,169
1.0,1.0,00,12.5,H-R,5,0.08349750614391138,96
1.0,1.0,00,12.5,H-R,6,0.051022018945629855,51
1.0,1.0,00,12.5,F070W-F200W,1,0.6358620689655172,234
1.0,1.0,00,12.5,F070W-F200W,2,0.6153888888888837,217
1.0,1.0,00,12.5,F070W-F200W,3,0.35891666666666744,240
1.0,1.0,00,12.5,F070W-F200W,4,0.2232222222222262,183
1.0,1.0,00,12.5,F070W-F200W,5,0.2172272727272695,177
1.0,1.0,00,12.5,F070W-F200W,6,0.2218780487804839,166
1.0,1.0,00,13.0,H-R,1,0.1718544056240603,318
1.0,1.0,00,13.0,H-R,2,0.1559606638191846,255
1.0,1.0,00,13.0,H-R,3,0.14480960578715885,232
1.0,1.0,00,13.0,H-R,4,0.1261337256108832,173
1.0,1.0,00,13.0,H-R,5,0.08412142465219907,97
1.0,1.0,00,13.0,H-R,6,0.05090647056641551,51
1.0,1.0,00,13.0,F070W-F200W,1,0.6318983050847446,236
1.0,1.0,00,13.0,F070W-F200W,2,0.3157358490566011,212
1.0,1.0,00,13.0,F070W-F200W,3,0.3661639344262291,245
1.0,1.0,00,13.0,F070W-F200W,4,0.21046511627906916,175
1.0,1.0,00,13.0,F070W-F200W,5,0.2194090909090871,178
1.0,1.0,00,13.0,F070W-F200W,6,0.2229999999999972,167
1.0,1.0,00,13.5,H-R,1,0.1694167441308836,312
1.0,1.0,00,13.5,H-R,2,0.1561343124277368,254
1.0,1.0,00,13.5,H-R,3,0.1475315294408137,236
1.0,1.0,00,13.5,H-R,4,0.12718533259838183,174
1.0,1.0,00,13.5,H-R,5,0.08461279095879459,98
1.0,1.0,00,13.5,H-R,6,0.051800274885628106,51
1.0,1.0,00,13.5,F070W-F200W,1,0.38655737704918103,246
1.0,1.0,00,13.5,F070W-F200W,2,0.3052692307692304,208
1.0,1.0,00,13.5,F070W-F200W,3,0.3552033898305087,238
1.0,1.0,00,13.5,F070W-F200W,4,0.20490476190476237,171
1.0,1.0,00,13.5,F070W-F200W,5,0.22245454545454812,178
1.0,1.0,00,13.5,F070W-F200W,6,0.22165853658536605,165
1.0,1.0,00,14.0,H-R,1,0.17092167729209096,312
1.0,1.0,00,14.0,H-R,2,0.1548962328778798,252
1.0,1.0,00,14.0,H-R,3,0.1463892876565447,233
1.0,1.0,00,14.0,H-R,4,0.12846729066473217,176
1.0,1.0,00,14.0,H-R,5,0.08589080043759734,101
1.0,1.0,00,14.0,H-R,6,0.05053977893082595,51
1.0,1.0,00,14.0,F070W-F200W,1,0.6303387096774191,250
1.0,1.0,00,14.0,F070W-F200W,2,0.28791999999999973,200
1.0,1.0,00,14.0,F070W-F200W,3,0.35532203389830386,238
1.0,1.0,00,14.0,F070W-F200W,4,0.20123809523809832,168
1.0,1.0,00,14.0,F070W-F200W,5,0.224733333333333,180
1.0,1.0,00,14.0,F070W-F200W,6,0.21882499999999716,163
1.0,1.0,00,14.5,H-R,1,0.17221598069636346,311
1.0,1.0,00,14.5,H-R,2,0.1551123415599398,251
1.0,1.0,00,14.5,H-R,3,0.14620391504652197,231
1.0,1.0,00,14.5,H-R,4,0.1308403508825795,178
1.0,1.0,00,14.5,H-R,5,0.0871257406531647,102
1.0,1.0,00,14.5,H-R,6,0.05048585301006492,51
1.0,1.0,00,14.5,F070W-F200W,1,0.39668253968253886,254
1.0,1.0,00,14.5,F070W-F200W,2,0.2860599999999973,201
1.0,1.0,00,14.5,F070W-F200W,3,0.350762711864407,236
1.0,1.0,00,14.5,F070W-F200W,4,0.19663414634146292,164
1.0,1.0,00,14.5,F070W-F200W,5,0.2241818181818207,178
1.0,1.0,00,14.5,F070W-F200W,6,0.22085000000000043,162
1.0,1.0,00,15.0,H-R,1,0.17027019096694218,308
1.0,1.0,00,15.0,H-R,2,0.15686892879211412,253
1.0,1.0,00,15.0,H-R,3,0.14693930675095213,231
1.0,1.0,00,15.0,H-R,4,0.12949807229587829,175
1.0,1.0,00,15.0,H-R,5,0.08926610176400263,106
1.0,1.0,00,15.0,H-R,6,0.05002446905631164,51
1.0,1.0,00,15.0,F070W-F200W,1,0.3979047619047673,254
1.0,1.0,00,15.0,F070W-F200W,2,0.27604081632653354,197
1.0,1.0,00,15.0,F070W-F200W,3,0.35837288135593326,238
1.0,1.0,00,15.0,F070W-F200W,4,0.1825128205128248,156
1.0,1.0,00,15.0,F070W-F200W,5,0.22070454545454332,176
1.0,1.0,00,15.0,F070W-F200W,6,0.21797499999999914,160
1.0,1.0,00,15.5,H-R,1,0.17172428530696093,307
1.0,1.0,00,15.5,H-R,2,0.15620049678530168,252
1.0,1.0,00,15.5,H-R,3,0.14648557279643004,232
1.0,1.0,00,15.5,H-R,4,0.12982722571469907,176
1.0,1.0,00,15.5,H-R,5,0.08905932011651574,106
1.0,1.0,00,15.5,H-R,6,0.49454659714884996,52
1.0,1.0,00,15.5,F070W-F200W,1,0.39325396825396375,253
1.0,1.0,00,15.5,F070W-F200W,2,0.27424489795918383,196
1.0,1.0,00,15.5,F070W-F200W,3,0.6380508474576292,239
1.0,1.0,00,15.5,F070W-F200W,4,0.18497435897435466,156
1.0,1.0,00,15.5,F070W-F200W,5,0.22384090909091015,176
1.0,1.0,00,15.5,F070W-F200W,6,0.21553846153845768,156
1.0,1.0,00,16.0,H-R,1,0.1730165415044116,307
1.0,1.0,00,16.0,H-R,2,0.1547668781918754,249
1.0,1.0,00,16.0,H-R,3,0.14664005610455666,232
1.0,1.0,00,16.0,H-R,4,0.13221774687045595,178
1.0,1.0,00,16.0,H-R,5,0.08970998345982872,107
1.0,1.0,00,16.0,H-R,6,0.04829189456897165,52
1.0,1.0,00,16.0,F070W-F200W,1,0.3849838709677442,248
1.0,1.0,00,16.0,F070W-F200W,2,0.2803600000000017,200
1.0,1.0,00,16.0,F070W-F200W,3,0.35355172413792957,234
1.0,1.0,00,16.0,F070W-F200W,4,0.1875,155
1.0,1.0,00,16.0,F070W-F200W,5,0.2234318181818189,176
1.0,1.0,00,16.0,F070W-F200W,6,0.2163076923076943,156
1.0,1.0,00,16.5,H-R,1,0.17268871407766118,306
1.0,1.0,00,16.5,H-R,2,0.1548773855290646,247
1.0,1.0,00,16.5,H-R,3,0.14466096982843069,227
1.0,1.0,00,16.5,H-R,4,0.1334502316147559,180
1.0,1.0,00,16.5,H-R,5,0.09315360684361584,113
1.0,1.0,00,16.5,H-R,6,0.04971444140502368,52
1.0,1.0,00,16.5,F070W-F200W,1,0.3727000000000018,241
1.0,1.0,00,16.5,F070W-F200W,2,0.28488000000000646,200
1.0,1.0,00,16.5,F070W-F200W,3,0.35847457627118473,237
1.0,1.0,00,16.5,F070W-F200W,4,0.1833947368421054,152
1.0,1.0,00,16.5,F070W-F200W,5,0.2244186046511647,174
1.0,1.0,00,16.5,F070W-F200W,6,0.21820512820513294,157
1.0,1.0,00,17.0,H-R,1,0.1725486429105465,305
1.0,1.0,00,17.0,H-R,2,0.15525533696746163,248
1.0,1.0,00,17.0,H-R,3,0.14382226094312633,226
1.0,1.0,00,17.0,H-R,4,0.13335872162822215,179
1.0,1.0,00,17.0,H-R,5,0.0944837759221866,116
1.0,1.0,00,17.0,H-R,6,0.05006461179645427,52
1.0,1.0,00,17.0,F070W-F200W,1,0.37041666666666906,240
1.0,1.0,00,17.0,F070W-F200W,2,0.28169387755101916,198
1.0,1.0,00,17.0,F070W-F200W,3,0.36330508474576284,238
1.0,1.0,00,17.0,F070W-F200W,4,0.18291891891892043,150
1.0,1.0,00,17.0,F070W-F200W,5,0.22348837209302275,173
1.0,1.0,00,17.0,F070W-F200W,6,0.2154999999999987,154
1.0,1.0,00,17.5,H-R,1,0.17322897007857763,305
1.0,1.0,00,17.5,H-R,2,0.15551906288558248,247
1.0,1.0,00,17.5,H-R,3,0.1426195238134591,223
1.0,1.0,00,17.5,H-R,4,0.13544864611119078,182
1.0,1.0,00,17.5,H-R,5,0.09532676010689789,117
1.0,1.0,00,17.5,H-R,6,0.05048382728341627,52
1.0,1.0,00,17.5,F070W-F200W,1,0.368271186440678,238
1.0,1.0,00,17.5,F070W-F200W,2,0.2926999999999964,203
1.0,1.0,00,17.5,F070W-F200W,3,0.36211864406779526,236
1.0,1.0,00,17.5,F070W-F200W,4,0.18072972972972678,148
1.0,1.0,00,17.5,F070W-F200W,5,0.22035714285714292,171
1.0,1.0,00,17.5,F070W-F200W,6,0.21771052631578947,155
1.0,1.0,00,18.0,H-R,1,0.17164843461236123,300
1.0,1.0,00,18.0,H-R,2,0.15786987111913575,250
1.0,1.0,00,18.0,H-R,3,0.14035506042939683,218
1.0,1.0,00,18.0,H-R,4,0.13365081511374055,180
1.0,1.0,00,18.0,H-R,5,0.09908501968045202,124
1.0,1.0,00,18.0,H-R,6,0.055609765375296716,54
1.0,1.0,00,18.0,F070W-F200W,1,0.367915254237289,237
1.0,1.0,00,18.0,F070W-F200W,2,0.30521153846153837,208
1.0,1.0,00,18.0,F070W-F200W,3,0.361206896551721,232
1.0,1.0,00,18.0,F070W-F200W,4,0.17511428571429022,141
1.0,1.0,00,18.0,F070W-F200W,5,0.22502380952380996,171
1.0,1.0,00,18.0,F070W-F200W,6,0.2156756756756799,151
1.0,1.0,00,18.5,H-R,1,0.17221523866642063,301
1.0,1.0,00,18.5,H-R,2,0.15620876285961005,247
1.0,1.0,00,18.5,H-R,3,0.14149271381493178,219
1.0,1.0,00,18.5,H-R,4,0.1333220598245104,180
1.0,1.0,00,18.5,H-R,5,0.10131136936455198,127
1.0,1.0,00,18.5,H-R,6,0.05181124543258764,52
1.0,1.0,00,18.5,F070W-F200W,1,0.363672413793104,233
1.0,1.0,00,18.5,F070W-F200W,2,0.31313207547169775,213
1.0,1.0,00,18.5,F070W-F200W,3,0.35792982456140443,230
1.0,1.0,00,18.5,F070W-F200W,4,0.17120588235294498,138
1.0,1.0,00,18.5,F070W-F200W,5,0.227186046511628,172
1.0,1.0,00,18.5,F070W-F200W,6,0.21108333333333817,147
1.0,1.0,00,19.0,H-R,1,0.16776108063793171,293
1.0,1.0,00,19.0,H-R,2,0.16001085960546657,253
1.0,1.0,00,19.0,H-R,3,0.14128483737419528,218
1.0,1.0,00,19.0,H-R,4,0.13287702402576174,179
1.0,1.0,00,19.0,H-R,5,0.10271054299849602,130
1.0,1.0,00,19.0,H-R,6,0.052093228020063886,54
1.0,1.0,00,19.0,F070W-F200W,1,0.3536785714285742,226
1.0,1.0,00,19.0,F070W-F200W,2,0.31547169811320686,213
1.0,1.0,00,19.0,F070W-F200W,3,0.36364912280701844,231
1.0,1.0,00,19.0,F070W-F200W,4,0.16345454545454707,133
1.0,1.0,00,19.0,F070W-F200W,5,0.22619047619047272,170
1.0,1.0,00,19.0,F070W-F200W,6,0.2122162162162109,149
1.0,1.0,00,19.5,H-R,1,0.16949348835917766,294
1.0,1.0,00,19.5,H-R,2,0.15870929507979104,250
1.0,1.0,00,19.5,H-R,3,0.141410070314125,218
1.0,1.0,00,19.5,H-R,4,0.1321512815734336,180
1.0,1.0,00,19.5,H-R,5,0.1032930111414796,132
1.0,1.0,00,19.5,H-R,6,0.05183832167175639,54
1.0,1.0,00,19.5,F070W-F200W,1,0.35119642857142885,225
1.0,1.0,00,19.5,F070W-F200W,2,0.3142692307692325,210
1.0,1.0,00,19.5,F070W-F200W,3,0.3605263157894729,230
1.0,1.0,00,19.5,F070W-F200W,4,0.16351515151515272,132
1.0,1.0,00,19.5,F070W-F200W,5,0.22190476190476183,169
1.0,1.0,00,19.5,F070W-F200W,6,0.21410810810810155,149
1.0,1.0,00,20.0,H-R,1,0.16848430635511424,292
1.0,1.0,00,20.0,H-R,2,0.1578528609945049,249
1.0,1.0,00,20.0,H-R,3,0.1401100070723318,215
1.0,1.0,00,20.0,H-R,4,0.13472841009741487,183
1.0,1.0,00,20.0,H-R,5,0.10477874693229183,134
1.0,1.0,00,20.0,H-R,6,0.05402382615042867,55
1.0,1.0,00,20.0,F070W-F200W,1,0.35778947368421044,228
1.0,1.0,00,20.0,F070W-F200W,2,0.31871153846153355,210
1.0,1.0,00,20.0,F070W-F200W,3,0.36301724137931224,232
1.0,1.0,00,20.0,F070W-F200W,4,0.1544838709677414,125
1.0,1.0,00,20.0,F070W-F200W,5,0.22357142857143053,168
1.0,1.0,00,20.0,F070W-F200W,6,0.2111621621621662,148
